component_id	neighboring_niche	patient_id	disease	roi_id	n3_bin_n	boundary_bin_n	total_direct_heterotypic_contact_edge_n	direct_contact_edge_n	boundary_bin_touch_n	direct_contact_edge_fraction	boundary_bin_touch_fraction	nearest_neighboring_niche
"HC_NL_66__HC_NL_66__N3C001"	"N1"	"HC/NL-66"	"HC"	"HC/NL-66"	1	1	1	0	0	0	0	"N4"
"HC_NL_66__HC_NL_66__N3C001"	"N2"	"HC/NL-66"	"HC"	"HC/NL-66"	1	1	1	0	0	0	0	"N4"
"HC_NL_66__HC_NL_66__N3C001"	"N3"	"HC/NL-66"	"HC"	"HC/NL-66"	1	1	1	0	0	0	0	"N4"
"HC_NL_66__HC_NL_66__N3C001"	"N4"	"HC/NL-66"	"HC"	"HC/NL-66"	1	1	1	1	1	1	1	"N4"
"HC_NL_66__HC_NL_66__N3C001"	"N5"	"HC/NL-66"	"HC"	"HC/NL-66"	1	1	1	0	0	0	0	"N4"
"HC_NL_66__HC_NL_66__N3C001"	"N6"	"HC/NL-66"	"HC"	"HC/NL-66"	1	1	1	0	0	0	0	"N4"
"HC_NL_66__HC_NL_66__N3C001"	"N7"	"HC/NL-66"	"HC"	"HC/NL-66"	1	1	1	0	0	0	0	"N4"
"HC_NL_66__HC_NL_66__N3C001"	"N8"	"HC/NL-66"	"HC"	"HC/NL-66"	1	1	1	0	0	0	0	"N4"
"HC_NL_66__HC_NL_66__N3C002"	"N1"	"HC/NL-66"	"HC"	"HC/NL-66"	2	2	6	1	1	0.166666666666667	0.5	"N8"
"HC_NL_66__HC_NL_66__N3C002"	"N2"	"HC/NL-66"	"HC"	"HC/NL-66"	2	2	6	0	0	0	0	"N8"
"HC_NL_66__HC_NL_66__N3C002"	"N3"	"HC/NL-66"	"HC"	"HC/NL-66"	2	2	6	0	0	0	0	"N8"
"HC_NL_66__HC_NL_66__N3C002"	"N4"	"HC/NL-66"	"HC"	"HC/NL-66"	2	2	6	0	0	0	0	"N8"
"HC_NL_66__HC_NL_66__N3C002"	"N5"	"HC/NL-66"	"HC"	"HC/NL-66"	2	2	6	2	2	0.333333333333333	1	"N8"
"HC_NL_66__HC_NL_66__N3C002"	"N6"	"HC/NL-66"	"HC"	"HC/NL-66"	2	2	6	0	0	0	0	"N8"
"HC_NL_66__HC_NL_66__N3C002"	"N7"	"HC/NL-66"	"HC"	"HC/NL-66"	2	2	6	0	0	0	0	"N8"
"HC_NL_66__HC_NL_66__N3C002"	"N8"	"HC/NL-66"	"HC"	"HC/NL-66"	2	2	6	3	2	0.5	1	"N8"
"HC_NL_66__HC_NL_66__N3C003"	"N1"	"HC/NL-66"	"HC"	"HC/NL-66"	1	1	1	0	0	0	0	"N6"
"HC_NL_66__HC_NL_66__N3C003"	"N2"	"HC/NL-66"	"HC"	"HC/NL-66"	1	1	1	0	0	0	0	"N6"
"HC_NL_66__HC_NL_66__N3C003"	"N3"	"HC/NL-66"	"HC"	"HC/NL-66"	1	1	1	0	0	0	0	"N6"
"HC_NL_66__HC_NL_66__N3C003"	"N4"	"HC/NL-66"	"HC"	"HC/NL-66"	1	1	1	0	0	0	0	"N6"
"HC_NL_66__HC_NL_66__N3C003"	"N5"	"HC/NL-66"	"HC"	"HC/NL-66"	1	1	1	0	0	0	0	"N6"
"HC_NL_66__HC_NL_66__N3C003"	"N6"	"HC/NL-66"	"HC"	"HC/NL-66"	1	1	1	1	1	1	1	"N6"
"HC_NL_66__HC_NL_66__N3C003"	"N7"	"HC/NL-66"	"HC"	"HC/NL-66"	1	1	1	0	0	0	0	"N6"
"HC_NL_66__HC_NL_66__N3C003"	"N8"	"HC/NL-66"	"HC"	"HC/NL-66"	1	1	1	0	0	0	0	"N6"
"HC_NL_66__HC_NL_66__N3C004"	"N1"	"HC/NL-66"	"HC"	"HC/NL-66"	1	1	7	0	0	0	0	"N5"
"HC_NL_66__HC_NL_66__N3C004"	"N2"	"HC/NL-66"	"HC"	"HC/NL-66"	1	1	7	2	1	0.285714285714286	1	"N5"
"HC_NL_66__HC_NL_66__N3C004"	"N3"	"HC/NL-66"	"HC"	"HC/NL-66"	1	1	7	0	0	0	0	"N5"
"HC_NL_66__HC_NL_66__N3C004"	"N4"	"HC/NL-66"	"HC"	"HC/NL-66"	1	1	7	1	1	0.142857142857143	1	"N5"
"HC_NL_66__HC_NL_66__N3C004"	"N5"	"HC/NL-66"	"HC"	"HC/NL-66"	1	1	7	3	1	0.428571428571429	1	"N5"
"HC_NL_66__HC_NL_66__N3C004"	"N6"	"HC/NL-66"	"HC"	"HC/NL-66"	1	1	7	0	0	0	0	"N5"
"HC_NL_66__HC_NL_66__N3C004"	"N7"	"HC/NL-66"	"HC"	"HC/NL-66"	1	1	7	0	0	0	0	"N5"
"HC_NL_66__HC_NL_66__N3C004"	"N8"	"HC/NL-66"	"HC"	"HC/NL-66"	1	1	7	1	1	0.142857142857143	1	"N5"
"HC_NL_66__HC_NL_66__N3C005"	"N1"	"HC/NL-66"	"HC"	"HC/NL-66"	1	1	5	1	1	0.2	1	"N8"
"HC_NL_66__HC_NL_66__N3C005"	"N2"	"HC/NL-66"	"HC"	"HC/NL-66"	1	1	5	0	0	0	0	"N8"
"HC_NL_66__HC_NL_66__N3C005"	"N3"	"HC/NL-66"	"HC"	"HC/NL-66"	1	1	5	0	0	0	0	"N8"
"HC_NL_66__HC_NL_66__N3C005"	"N4"	"HC/NL-66"	"HC"	"HC/NL-66"	1	1	5	0	0	0	0	"N8"
"HC_NL_66__HC_NL_66__N3C005"	"N5"	"HC/NL-66"	"HC"	"HC/NL-66"	1	1	5	1	1	0.2	1	"N8"
"HC_NL_66__HC_NL_66__N3C005"	"N6"	"HC/NL-66"	"HC"	"HC/NL-66"	1	1	5	1	1	0.2	1	"N8"
"HC_NL_66__HC_NL_66__N3C005"	"N7"	"HC/NL-66"	"HC"	"HC/NL-66"	1	1	5	0	0	0	0	"N8"
"HC_NL_66__HC_NL_66__N3C005"	"N8"	"HC/NL-66"	"HC"	"HC/NL-66"	1	1	5	2	1	0.4	1	"N8"
"HC_NL_66__HC_NL_66__N3C006"	"N1"	"HC/NL-66"	"HC"	"HC/NL-66"	1	1	6	0	0	0	0	"N5"
"HC_NL_66__HC_NL_66__N3C006"	"N2"	"HC/NL-66"	"HC"	"HC/NL-66"	1	1	6	0	0	0	0	"N5"
"HC_NL_66__HC_NL_66__N3C006"	"N3"	"HC/NL-66"	"HC"	"HC/NL-66"	1	1	6	0	0	0	0	"N5"
"HC_NL_66__HC_NL_66__N3C006"	"N4"	"HC/NL-66"	"HC"	"HC/NL-66"	1	1	6	0	0	0	0	"N5"
"HC_NL_66__HC_NL_66__N3C006"	"N5"	"HC/NL-66"	"HC"	"HC/NL-66"	1	1	6	5	1	0.833333333333333	1	"N5"
"HC_NL_66__HC_NL_66__N3C006"	"N6"	"HC/NL-66"	"HC"	"HC/NL-66"	1	1	6	0	0	0	0	"N5"
"HC_NL_66__HC_NL_66__N3C006"	"N7"	"HC/NL-66"	"HC"	"HC/NL-66"	1	1	6	0	0	0	0	"N5"
"HC_NL_66__HC_NL_66__N3C006"	"N8"	"HC/NL-66"	"HC"	"HC/NL-66"	1	1	6	1	1	0.166666666666667	1	"N5"
"HC_NL_66__HC_NL_66__N3C007"	"N1"	"HC/NL-66"	"HC"	"HC/NL-66"	2	2	3	0	0	0	0	"N2"
"HC_NL_66__HC_NL_66__N3C007"	"N2"	"HC/NL-66"	"HC"	"HC/NL-66"	2	2	3	3	2	1	1	"N2"
"HC_NL_66__HC_NL_66__N3C007"	"N3"	"HC/NL-66"	"HC"	"HC/NL-66"	2	2	3	0	0	0	0	"N2"
"HC_NL_66__HC_NL_66__N3C007"	"N4"	"HC/NL-66"	"HC"	"HC/NL-66"	2	2	3	0	0	0	0	"N2"
"HC_NL_66__HC_NL_66__N3C007"	"N5"	"HC/NL-66"	"HC"	"HC/NL-66"	2	2	3	0	0	0	0	"N2"
"HC_NL_66__HC_NL_66__N3C007"	"N6"	"HC/NL-66"	"HC"	"HC/NL-66"	2	2	3	0	0	0	0	"N2"
"HC_NL_66__HC_NL_66__N3C007"	"N7"	"HC/NL-66"	"HC"	"HC/NL-66"	2	2	3	0	0	0	0	"N2"
"HC_NL_66__HC_NL_66__N3C007"	"N8"	"HC/NL-66"	"HC"	"HC/NL-66"	2	2	3	0	0	0	0	"N2"
"HC_NL_66__HC_NL_66__N3C008"	"N1"	"HC/NL-66"	"HC"	"HC/NL-66"	1	1	8	0	0	0	0	"N5"
"HC_NL_66__HC_NL_66__N3C008"	"N2"	"HC/NL-66"	"HC"	"HC/NL-66"	1	1	8	1	1	0.125	1	"N5"
"HC_NL_66__HC_NL_66__N3C008"	"N3"	"HC/NL-66"	"HC"	"HC/NL-66"	1	1	8	0	0	0	0	"N5"
"HC_NL_66__HC_NL_66__N3C008"	"N4"	"HC/NL-66"	"HC"	"HC/NL-66"	1	1	8	1	1	0.125	1	"N5"
"HC_NL_66__HC_NL_66__N3C008"	"N5"	"HC/NL-66"	"HC"	"HC/NL-66"	1	1	8	3	1	0.375	1	"N5"
"HC_NL_66__HC_NL_66__N3C008"	"N6"	"HC/NL-66"	"HC"	"HC/NL-66"	1	1	8	1	1	0.125	1	"N5"
"HC_NL_66__HC_NL_66__N3C008"	"N7"	"HC/NL-66"	"HC"	"HC/NL-66"	1	1	8	0	0	0	0	"N5"
"HC_NL_66__HC_NL_66__N3C008"	"N8"	"HC/NL-66"	"HC"	"HC/NL-66"	1	1	8	2	1	0.25	1	"N5"
"HC_NL_66__HC_NL_66__N3C009"	"N1"	"HC/NL-66"	"HC"	"HC/NL-66"	1	0	0	0	0	NA	NA	"None"
"HC_NL_66__HC_NL_66__N3C009"	"N2"	"HC/NL-66"	"HC"	"HC/NL-66"	1	0	0	0	0	NA	NA	"None"
"HC_NL_66__HC_NL_66__N3C009"	"N3"	"HC/NL-66"	"HC"	"HC/NL-66"	1	0	0	0	0	NA	NA	"None"
"HC_NL_66__HC_NL_66__N3C009"	"N4"	"HC/NL-66"	"HC"	"HC/NL-66"	1	0	0	0	0	NA	NA	"None"
"HC_NL_66__HC_NL_66__N3C009"	"N5"	"HC/NL-66"	"HC"	"HC/NL-66"	1	0	0	0	0	NA	NA	"None"
"HC_NL_66__HC_NL_66__N3C009"	"N6"	"HC/NL-66"	"HC"	"HC/NL-66"	1	0	0	0	0	NA	NA	"None"
"HC_NL_66__HC_NL_66__N3C009"	"N7"	"HC/NL-66"	"HC"	"HC/NL-66"	1	0	0	0	0	NA	NA	"None"
"HC_NL_66__HC_NL_66__N3C009"	"N8"	"HC/NL-66"	"HC"	"HC/NL-66"	1	0	0	0	0	NA	NA	"None"
"HC_NL_66__HC_NL_66__N3C010"	"N1"	"HC/NL-66"	"HC"	"HC/NL-66"	1	1	7	1	1	0.142857142857143	1	"N2"
"HC_NL_66__HC_NL_66__N3C010"	"N2"	"HC/NL-66"	"HC"	"HC/NL-66"	1	1	7	3	1	0.428571428571429	1	"N2"
"HC_NL_66__HC_NL_66__N3C010"	"N3"	"HC/NL-66"	"HC"	"HC/NL-66"	1	1	7	0	0	0	0	"N2"
"HC_NL_66__HC_NL_66__N3C010"	"N4"	"HC/NL-66"	"HC"	"HC/NL-66"	1	1	7	1	1	0.142857142857143	1	"N2"
"HC_NL_66__HC_NL_66__N3C010"	"N5"	"HC/NL-66"	"HC"	"HC/NL-66"	1	1	7	1	1	0.142857142857143	1	"N2"
"HC_NL_66__HC_NL_66__N3C010"	"N6"	"HC/NL-66"	"HC"	"HC/NL-66"	1	1	7	0	0	0	0	"N2"
"HC_NL_66__HC_NL_66__N3C010"	"N7"	"HC/NL-66"	"HC"	"HC/NL-66"	1	1	7	0	0	0	0	"N2"
"HC_NL_66__HC_NL_66__N3C010"	"N8"	"HC/NL-66"	"HC"	"HC/NL-66"	1	1	7	1	1	0.142857142857143	1	"N2"
"HC_NL_66__HC_NL_66__N3C011"	"N1"	"HC/NL-66"	"HC"	"HC/NL-66"	2	0	0	0	0	NA	NA	"None"
"HC_NL_66__HC_NL_66__N3C011"	"N2"	"HC/NL-66"	"HC"	"HC/NL-66"	2	0	0	0	0	NA	NA	"None"
"HC_NL_66__HC_NL_66__N3C011"	"N3"	"HC/NL-66"	"HC"	"HC/NL-66"	2	0	0	0	0	NA	NA	"None"
"HC_NL_66__HC_NL_66__N3C011"	"N4"	"HC/NL-66"	"HC"	"HC/NL-66"	2	0	0	0	0	NA	NA	"None"
"HC_NL_66__HC_NL_66__N3C011"	"N5"	"HC/NL-66"	"HC"	"HC/NL-66"	2	0	0	0	0	NA	NA	"None"
"HC_NL_66__HC_NL_66__N3C011"	"N6"	"HC/NL-66"	"HC"	"HC/NL-66"	2	0	0	0	0	NA	NA	"None"
"HC_NL_66__HC_NL_66__N3C011"	"N7"	"HC/NL-66"	"HC"	"HC/NL-66"	2	0	0	0	0	NA	NA	"None"
"HC_NL_66__HC_NL_66__N3C011"	"N8"	"HC/NL-66"	"HC"	"HC/NL-66"	2	0	0	0	0	NA	NA	"None"
"HC_NL_66__HC_NL_66__N3C012"	"N1"	"HC/NL-66"	"HC"	"HC/NL-66"	1	1	8	1	1	0.125	1	"N2"
"HC_NL_66__HC_NL_66__N3C012"	"N2"	"HC/NL-66"	"HC"	"HC/NL-66"	1	1	8	5	1	0.625	1	"N2"
"HC_NL_66__HC_NL_66__N3C012"	"N3"	"HC/NL-66"	"HC"	"HC/NL-66"	1	1	8	0	0	0	0	"N2"
"HC_NL_66__HC_NL_66__N3C012"	"N4"	"HC/NL-66"	"HC"	"HC/NL-66"	1	1	8	1	1	0.125	1	"N2"
"HC_NL_66__HC_NL_66__N3C012"	"N5"	"HC/NL-66"	"HC"	"HC/NL-66"	1	1	8	0	0	0	0	"N2"
"HC_NL_66__HC_NL_66__N3C012"	"N6"	"HC/NL-66"	"HC"	"HC/NL-66"	1	1	8	0	0	0	0	"N2"
"HC_NL_66__HC_NL_66__N3C012"	"N7"	"HC/NL-66"	"HC"	"HC/NL-66"	1	1	8	0	0	0	0	"N2"
"HC_NL_66__HC_NL_66__N3C012"	"N8"	"HC/NL-66"	"HC"	"HC/NL-66"	1	1	8	1	1	0.125	1	"N2"
"HC_NL_66__HC_NL_66__N3C013"	"N1"	"HC/NL-66"	"HC"	"HC/NL-66"	1	1	3	1	1	0.333333333333333	1	"N1; N4; N8"
"HC_NL_66__HC_NL_66__N3C013"	"N2"	"HC/NL-66"	"HC"	"HC/NL-66"	1	1	3	0	0	0	0	"N1; N4; N8"
"HC_NL_66__HC_NL_66__N3C013"	"N3"	"HC/NL-66"	"HC"	"HC/NL-66"	1	1	3	0	0	0	0	"N1; N4; N8"
"HC_NL_66__HC_NL_66__N3C013"	"N4"	"HC/NL-66"	"HC"	"HC/NL-66"	1	1	3	1	1	0.333333333333333	1	"N1; N4; N8"
"HC_NL_66__HC_NL_66__N3C013"	"N5"	"HC/NL-66"	"HC"	"HC/NL-66"	1	1	3	0	0	0	0	"N1; N4; N8"
"HC_NL_66__HC_NL_66__N3C013"	"N6"	"HC/NL-66"	"HC"	"HC/NL-66"	1	1	3	0	0	0	0	"N1; N4; N8"
"HC_NL_66__HC_NL_66__N3C013"	"N7"	"HC/NL-66"	"HC"	"HC/NL-66"	1	1	3	0	0	0	0	"N1; N4; N8"
"HC_NL_66__HC_NL_66__N3C013"	"N8"	"HC/NL-66"	"HC"	"HC/NL-66"	1	1	3	1	1	0.333333333333333	1	"N1; N4; N8"
"HC_NL_66__HC_NL_66__N3C014"	"N1"	"HC/NL-66"	"HC"	"HC/NL-66"	1	1	4	1	1	0.25	1	"N8"
"HC_NL_66__HC_NL_66__N3C014"	"N2"	"HC/NL-66"	"HC"	"HC/NL-66"	1	1	4	0	0	0	0	"N8"
"HC_NL_66__HC_NL_66__N3C014"	"N3"	"HC/NL-66"	"HC"	"HC/NL-66"	1	1	4	0	0	0	0	"N8"
"HC_NL_66__HC_NL_66__N3C014"	"N4"	"HC/NL-66"	"HC"	"HC/NL-66"	1	1	4	1	1	0.25	1	"N8"
"HC_NL_66__HC_NL_66__N3C014"	"N5"	"HC/NL-66"	"HC"	"HC/NL-66"	1	1	4	0	0	0	0	"N8"
"HC_NL_66__HC_NL_66__N3C014"	"N6"	"HC/NL-66"	"HC"	"HC/NL-66"	1	1	4	0	0	0	0	"N8"
"HC_NL_66__HC_NL_66__N3C014"	"N7"	"HC/NL-66"	"HC"	"HC/NL-66"	1	1	4	0	0	0	0	"N8"
"HC_NL_66__HC_NL_66__N3C014"	"N8"	"HC/NL-66"	"HC"	"HC/NL-66"	1	1	4	2	1	0.5	1	"N8"
"HC_NL_66__HC_NL_66__N3C015"	"N1"	"HC/NL-66"	"HC"	"HC/NL-66"	1	1	2	1	1	0.5	1	"N1; N4"
"HC_NL_66__HC_NL_66__N3C015"	"N2"	"HC/NL-66"	"HC"	"HC/NL-66"	1	1	2	0	0	0	0	"N1; N4"
"HC_NL_66__HC_NL_66__N3C015"	"N3"	"HC/NL-66"	"HC"	"HC/NL-66"	1	1	2	0	0	0	0	"N1; N4"
"HC_NL_66__HC_NL_66__N3C015"	"N4"	"HC/NL-66"	"HC"	"HC/NL-66"	1	1	2	1	1	0.5	1	"N1; N4"
"HC_NL_66__HC_NL_66__N3C015"	"N5"	"HC/NL-66"	"HC"	"HC/NL-66"	1	1	2	0	0	0	0	"N1; N4"
"HC_NL_66__HC_NL_66__N3C015"	"N6"	"HC/NL-66"	"HC"	"HC/NL-66"	1	1	2	0	0	0	0	"N1; N4"
"HC_NL_66__HC_NL_66__N3C015"	"N7"	"HC/NL-66"	"HC"	"HC/NL-66"	1	1	2	0	0	0	0	"N1; N4"
"HC_NL_66__HC_NL_66__N3C015"	"N8"	"HC/NL-66"	"HC"	"HC/NL-66"	1	1	2	0	0	0	0	"N1; N4"
"HC_NL_66__HC_NL_66__N3C016"	"N1"	"HC/NL-66"	"HC"	"HC/NL-66"	1	1	8	2	1	0.25	1	"N5"
"HC_NL_66__HC_NL_66__N3C016"	"N2"	"HC/NL-66"	"HC"	"HC/NL-66"	1	1	8	0	0	0	0	"N5"
"HC_NL_66__HC_NL_66__N3C016"	"N3"	"HC/NL-66"	"HC"	"HC/NL-66"	1	1	8	0	0	0	0	"N5"
"HC_NL_66__HC_NL_66__N3C016"	"N4"	"HC/NL-66"	"HC"	"HC/NL-66"	1	1	8	0	0	0	0	"N5"
"HC_NL_66__HC_NL_66__N3C016"	"N5"	"HC/NL-66"	"HC"	"HC/NL-66"	1	1	8	4	1	0.5	1	"N5"
"HC_NL_66__HC_NL_66__N3C016"	"N6"	"HC/NL-66"	"HC"	"HC/NL-66"	1	1	8	1	1	0.125	1	"N5"
"HC_NL_66__HC_NL_66__N3C016"	"N7"	"HC/NL-66"	"HC"	"HC/NL-66"	1	1	8	0	0	0	0	"N5"
"HC_NL_66__HC_NL_66__N3C016"	"N8"	"HC/NL-66"	"HC"	"HC/NL-66"	1	1	8	1	1	0.125	1	"N5"
"HC_NL_66__HC_NL_66__N3C017"	"N1"	"HC/NL-66"	"HC"	"HC/NL-66"	1	1	7	0	0	0	0	"N5; N8"
"HC_NL_66__HC_NL_66__N3C017"	"N2"	"HC/NL-66"	"HC"	"HC/NL-66"	1	1	7	1	1	0.142857142857143	1	"N5; N8"
"HC_NL_66__HC_NL_66__N3C017"	"N3"	"HC/NL-66"	"HC"	"HC/NL-66"	1	1	7	0	0	0	0	"N5; N8"
"HC_NL_66__HC_NL_66__N3C017"	"N4"	"HC/NL-66"	"HC"	"HC/NL-66"	1	1	7	1	1	0.142857142857143	1	"N5; N8"
"HC_NL_66__HC_NL_66__N3C017"	"N5"	"HC/NL-66"	"HC"	"HC/NL-66"	1	1	7	2	1	0.285714285714286	1	"N5; N8"
"HC_NL_66__HC_NL_66__N3C017"	"N6"	"HC/NL-66"	"HC"	"HC/NL-66"	1	1	7	1	1	0.142857142857143	1	"N5; N8"
"HC_NL_66__HC_NL_66__N3C017"	"N7"	"HC/NL-66"	"HC"	"HC/NL-66"	1	1	7	0	0	0	0	"N5; N8"
"HC_NL_66__HC_NL_66__N3C017"	"N8"	"HC/NL-66"	"HC"	"HC/NL-66"	1	1	7	2	1	0.285714285714286	1	"N5; N8"
"HC_NL_66__HC_NL_66__N3C018"	"N1"	"HC/NL-66"	"HC"	"HC/NL-66"	1	1	1	0	0	0	0	"N2"
"HC_NL_66__HC_NL_66__N3C018"	"N2"	"HC/NL-66"	"HC"	"HC/NL-66"	1	1	1	1	1	1	1	"N2"
"HC_NL_66__HC_NL_66__N3C018"	"N3"	"HC/NL-66"	"HC"	"HC/NL-66"	1	1	1	0	0	0	0	"N2"
"HC_NL_66__HC_NL_66__N3C018"	"N4"	"HC/NL-66"	"HC"	"HC/NL-66"	1	1	1	0	0	0	0	"N2"
"HC_NL_66__HC_NL_66__N3C018"	"N5"	"HC/NL-66"	"HC"	"HC/NL-66"	1	1	1	0	0	0	0	"N2"
"HC_NL_66__HC_NL_66__N3C018"	"N6"	"HC/NL-66"	"HC"	"HC/NL-66"	1	1	1	0	0	0	0	"N2"
"HC_NL_66__HC_NL_66__N3C018"	"N7"	"HC/NL-66"	"HC"	"HC/NL-66"	1	1	1	0	0	0	0	"N2"
"HC_NL_66__HC_NL_66__N3C018"	"N8"	"HC/NL-66"	"HC"	"HC/NL-66"	1	1	1	0	0	0	0	"N2"
"HC_NL_66__HC_NL_66__N3C019"	"N1"	"HC/NL-66"	"HC"	"HC/NL-66"	1	1	8	0	0	0	0	"N8"
"HC_NL_66__HC_NL_66__N3C019"	"N2"	"HC/NL-66"	"HC"	"HC/NL-66"	1	1	8	0	0	0	0	"N8"
"HC_NL_66__HC_NL_66__N3C019"	"N3"	"HC/NL-66"	"HC"	"HC/NL-66"	1	1	8	0	0	0	0	"N8"
"HC_NL_66__HC_NL_66__N3C019"	"N4"	"HC/NL-66"	"HC"	"HC/NL-66"	1	1	8	0	0	0	0	"N8"
"HC_NL_66__HC_NL_66__N3C019"	"N5"	"HC/NL-66"	"HC"	"HC/NL-66"	1	1	8	2	1	0.25	1	"N8"
"HC_NL_66__HC_NL_66__N3C019"	"N6"	"HC/NL-66"	"HC"	"HC/NL-66"	1	1	8	1	1	0.125	1	"N8"
"HC_NL_66__HC_NL_66__N3C019"	"N7"	"HC/NL-66"	"HC"	"HC/NL-66"	1	1	8	0	0	0	0	"N8"
"HC_NL_66__HC_NL_66__N3C019"	"N8"	"HC/NL-66"	"HC"	"HC/NL-66"	1	1	8	5	1	0.625	1	"N8"
"HC_NL_66__HC_NL_66__N3C020"	"N1"	"HC/NL-66"	"HC"	"HC/NL-66"	1	1	8	0	0	0	0	"N5"
"HC_NL_66__HC_NL_66__N3C020"	"N2"	"HC/NL-66"	"HC"	"HC/NL-66"	1	1	8	0	0	0	0	"N5"
"HC_NL_66__HC_NL_66__N3C020"	"N3"	"HC/NL-66"	"HC"	"HC/NL-66"	1	1	8	0	0	0	0	"N5"
"HC_NL_66__HC_NL_66__N3C020"	"N4"	"HC/NL-66"	"HC"	"HC/NL-66"	1	1	8	0	0	0	0	"N5"
"HC_NL_66__HC_NL_66__N3C020"	"N5"	"HC/NL-66"	"HC"	"HC/NL-66"	1	1	8	6	1	0.75	1	"N5"
"HC_NL_66__HC_NL_66__N3C020"	"N6"	"HC/NL-66"	"HC"	"HC/NL-66"	1	1	8	2	1	0.25	1	"N5"
"HC_NL_66__HC_NL_66__N3C020"	"N7"	"HC/NL-66"	"HC"	"HC/NL-66"	1	1	8	0	0	0	0	"N5"
"HC_NL_66__HC_NL_66__N3C020"	"N8"	"HC/NL-66"	"HC"	"HC/NL-66"	1	1	8	0	0	0	0	"N5"
"HC_NL_66__HC_NL_66__N3C021"	"N1"	"HC/NL-66"	"HC"	"HC/NL-66"	1	1	8	1	1	0.125	1	"N5; N6; N8"
"HC_NL_66__HC_NL_66__N3C021"	"N2"	"HC/NL-66"	"HC"	"HC/NL-66"	1	1	8	0	0	0	0	"N5; N6; N8"
"HC_NL_66__HC_NL_66__N3C021"	"N3"	"HC/NL-66"	"HC"	"HC/NL-66"	1	1	8	0	0	0	0	"N5; N6; N8"
"HC_NL_66__HC_NL_66__N3C021"	"N4"	"HC/NL-66"	"HC"	"HC/NL-66"	1	1	8	1	1	0.125	1	"N5; N6; N8"
"HC_NL_66__HC_NL_66__N3C021"	"N5"	"HC/NL-66"	"HC"	"HC/NL-66"	1	1	8	2	1	0.25	1	"N5; N6; N8"
"HC_NL_66__HC_NL_66__N3C021"	"N6"	"HC/NL-66"	"HC"	"HC/NL-66"	1	1	8	2	1	0.25	1	"N5; N6; N8"
"HC_NL_66__HC_NL_66__N3C021"	"N7"	"HC/NL-66"	"HC"	"HC/NL-66"	1	1	8	0	0	0	0	"N5; N6; N8"
"HC_NL_66__HC_NL_66__N3C021"	"N8"	"HC/NL-66"	"HC"	"HC/NL-66"	1	1	8	2	1	0.25	1	"N5; N6; N8"
"HC_NL_66__HC_NL_66__N3C022"	"N1"	"HC/NL-66"	"HC"	"HC/NL-66"	2	2	5	0	0	0	0	"N5"
"HC_NL_66__HC_NL_66__N3C022"	"N2"	"HC/NL-66"	"HC"	"HC/NL-66"	2	2	5	0	0	0	0	"N5"
"HC_NL_66__HC_NL_66__N3C022"	"N3"	"HC/NL-66"	"HC"	"HC/NL-66"	2	2	5	0	0	0	0	"N5"
"HC_NL_66__HC_NL_66__N3C022"	"N4"	"HC/NL-66"	"HC"	"HC/NL-66"	2	2	5	1	1	0.2	0.5	"N5"
"HC_NL_66__HC_NL_66__N3C022"	"N5"	"HC/NL-66"	"HC"	"HC/NL-66"	2	2	5	2	2	0.4	1	"N5"
"HC_NL_66__HC_NL_66__N3C022"	"N6"	"HC/NL-66"	"HC"	"HC/NL-66"	2	2	5	1	1	0.2	0.5	"N5"
"HC_NL_66__HC_NL_66__N3C022"	"N7"	"HC/NL-66"	"HC"	"HC/NL-66"	2	2	5	0	0	0	0	"N5"
"HC_NL_66__HC_NL_66__N3C022"	"N8"	"HC/NL-66"	"HC"	"HC/NL-66"	2	2	5	1	1	0.2	0.5	"N5"
"HC_NL_66__HC_NL_66__N3C023"	"N1"	"HC/NL-66"	"HC"	"HC/NL-66"	1	1	5	1	1	0.2	1	"N4"
"HC_NL_66__HC_NL_66__N3C023"	"N2"	"HC/NL-66"	"HC"	"HC/NL-66"	1	1	5	0	0	0	0	"N4"
"HC_NL_66__HC_NL_66__N3C023"	"N3"	"HC/NL-66"	"HC"	"HC/NL-66"	1	1	5	0	0	0	0	"N4"
"HC_NL_66__HC_NL_66__N3C023"	"N4"	"HC/NL-66"	"HC"	"HC/NL-66"	1	1	5	2	1	0.4	1	"N4"
"HC_NL_66__HC_NL_66__N3C023"	"N5"	"HC/NL-66"	"HC"	"HC/NL-66"	1	1	5	1	1	0.2	1	"N4"
"HC_NL_66__HC_NL_66__N3C023"	"N6"	"HC/NL-66"	"HC"	"HC/NL-66"	1	1	5	1	1	0.2	1	"N4"
"HC_NL_66__HC_NL_66__N3C023"	"N7"	"HC/NL-66"	"HC"	"HC/NL-66"	1	1	5	0	0	0	0	"N4"
"HC_NL_66__HC_NL_66__N3C023"	"N8"	"HC/NL-66"	"HC"	"HC/NL-66"	1	1	5	0	0	0	0	"N4"
"HC_NL_66__HC_NL_66__N3C024"	"N1"	"HC/NL-66"	"HC"	"HC/NL-66"	1	1	4	0	0	0	0	"N8"
"HC_NL_66__HC_NL_66__N3C024"	"N2"	"HC/NL-66"	"HC"	"HC/NL-66"	1	1	4	1	1	0.25	1	"N8"
"HC_NL_66__HC_NL_66__N3C024"	"N3"	"HC/NL-66"	"HC"	"HC/NL-66"	1	1	4	0	0	0	0	"N8"
"HC_NL_66__HC_NL_66__N3C024"	"N4"	"HC/NL-66"	"HC"	"HC/NL-66"	1	1	4	1	1	0.25	1	"N8"
"HC_NL_66__HC_NL_66__N3C024"	"N5"	"HC/NL-66"	"HC"	"HC/NL-66"	1	1	4	0	0	0	0	"N8"
"HC_NL_66__HC_NL_66__N3C024"	"N6"	"HC/NL-66"	"HC"	"HC/NL-66"	1	1	4	0	0	0	0	"N8"
"HC_NL_66__HC_NL_66__N3C024"	"N7"	"HC/NL-66"	"HC"	"HC/NL-66"	1	1	4	0	0	0	0	"N8"
"HC_NL_66__HC_NL_66__N3C024"	"N8"	"HC/NL-66"	"HC"	"HC/NL-66"	1	1	4	2	1	0.5	1	"N8"
"HC_NL_66__HC_NL_66__N3C025"	"N1"	"HC/NL-66"	"HC"	"HC/NL-66"	2	2	11	8	2	0.727272727272727	1	"N1"
"HC_NL_66__HC_NL_66__N3C025"	"N2"	"HC/NL-66"	"HC"	"HC/NL-66"	2	2	11	1	1	0.0909090909090909	0.5	"N1"
"HC_NL_66__HC_NL_66__N3C025"	"N3"	"HC/NL-66"	"HC"	"HC/NL-66"	2	2	11	0	0	0	0	"N1"
"HC_NL_66__HC_NL_66__N3C025"	"N4"	"HC/NL-66"	"HC"	"HC/NL-66"	2	2	11	0	0	0	0	"N1"
"HC_NL_66__HC_NL_66__N3C025"	"N5"	"HC/NL-66"	"HC"	"HC/NL-66"	2	2	11	0	0	0	0	"N1"
"HC_NL_66__HC_NL_66__N3C025"	"N6"	"HC/NL-66"	"HC"	"HC/NL-66"	2	2	11	0	0	0	0	"N1"
"HC_NL_66__HC_NL_66__N3C025"	"N7"	"HC/NL-66"	"HC"	"HC/NL-66"	2	2	11	0	0	0	0	"N1"
"HC_NL_66__HC_NL_66__N3C025"	"N8"	"HC/NL-66"	"HC"	"HC/NL-66"	2	2	11	2	2	0.181818181818182	1	"N1"
"HC_NL_66__HC_NL_66__N3C026"	"N1"	"HC/NL-66"	"HC"	"HC/NL-66"	1	1	1	0	0	0	0	"N2"
"HC_NL_66__HC_NL_66__N3C026"	"N2"	"HC/NL-66"	"HC"	"HC/NL-66"	1	1	1	1	1	1	1	"N2"
"HC_NL_66__HC_NL_66__N3C026"	"N3"	"HC/NL-66"	"HC"	"HC/NL-66"	1	1	1	0	0	0	0	"N2"
"HC_NL_66__HC_NL_66__N3C026"	"N4"	"HC/NL-66"	"HC"	"HC/NL-66"	1	1	1	0	0	0	0	"N2"
"HC_NL_66__HC_NL_66__N3C026"	"N5"	"HC/NL-66"	"HC"	"HC/NL-66"	1	1	1	0	0	0	0	"N2"
"HC_NL_66__HC_NL_66__N3C026"	"N6"	"HC/NL-66"	"HC"	"HC/NL-66"	1	1	1	0	0	0	0	"N2"
"HC_NL_66__HC_NL_66__N3C026"	"N7"	"HC/NL-66"	"HC"	"HC/NL-66"	1	1	1	0	0	0	0	"N2"
"HC_NL_66__HC_NL_66__N3C026"	"N8"	"HC/NL-66"	"HC"	"HC/NL-66"	1	1	1	0	0	0	0	"N2"
"HC_NL_66__HC_NL_66__N3C027"	"N1"	"HC/NL-66"	"HC"	"HC/NL-66"	1	1	1	0	0	0	0	"N7"
"HC_NL_66__HC_NL_66__N3C027"	"N2"	"HC/NL-66"	"HC"	"HC/NL-66"	1	1	1	0	0	0	0	"N7"
"HC_NL_66__HC_NL_66__N3C027"	"N3"	"HC/NL-66"	"HC"	"HC/NL-66"	1	1	1	0	0	0	0	"N7"
"HC_NL_66__HC_NL_66__N3C027"	"N4"	"HC/NL-66"	"HC"	"HC/NL-66"	1	1	1	0	0	0	0	"N7"
"HC_NL_66__HC_NL_66__N3C027"	"N5"	"HC/NL-66"	"HC"	"HC/NL-66"	1	1	1	0	0	0	0	"N7"
"HC_NL_66__HC_NL_66__N3C027"	"N6"	"HC/NL-66"	"HC"	"HC/NL-66"	1	1	1	0	0	0	0	"N7"
"HC_NL_66__HC_NL_66__N3C027"	"N7"	"HC/NL-66"	"HC"	"HC/NL-66"	1	1	1	1	1	1	1	"N7"
"HC_NL_66__HC_NL_66__N3C027"	"N8"	"HC/NL-66"	"HC"	"HC/NL-66"	1	1	1	0	0	0	0	"N7"
"HC_NL_66__HC_NL_66__N3C028"	"N1"	"HC/NL-66"	"HC"	"HC/NL-66"	1	1	3	0	0	0	0	"N8"
"HC_NL_66__HC_NL_66__N3C028"	"N2"	"HC/NL-66"	"HC"	"HC/NL-66"	1	1	3	0	0	0	0	"N8"
"HC_NL_66__HC_NL_66__N3C028"	"N3"	"HC/NL-66"	"HC"	"HC/NL-66"	1	1	3	0	0	0	0	"N8"
"HC_NL_66__HC_NL_66__N3C028"	"N4"	"HC/NL-66"	"HC"	"HC/NL-66"	1	1	3	0	0	0	0	"N8"
"HC_NL_66__HC_NL_66__N3C028"	"N5"	"HC/NL-66"	"HC"	"HC/NL-66"	1	1	3	1	1	0.333333333333333	1	"N8"
"HC_NL_66__HC_NL_66__N3C028"	"N6"	"HC/NL-66"	"HC"	"HC/NL-66"	1	1	3	0	0	0	0	"N8"
"HC_NL_66__HC_NL_66__N3C028"	"N7"	"HC/NL-66"	"HC"	"HC/NL-66"	1	1	3	0	0	0	0	"N8"
"HC_NL_66__HC_NL_66__N3C028"	"N8"	"HC/NL-66"	"HC"	"HC/NL-66"	1	1	3	2	1	0.666666666666667	1	"N8"
"HC_NL_72__HC_NL_72__N3C001"	"N1"	"HC/NL-72"	"HC"	"HC/NL-72"	1	1	5	4	1	0.8	1	"N1"
"HC_NL_72__HC_NL_72__N3C001"	"N2"	"HC/NL-72"	"HC"	"HC/NL-72"	1	1	5	0	0	0	0	"N1"
"HC_NL_72__HC_NL_72__N3C001"	"N3"	"HC/NL-72"	"HC"	"HC/NL-72"	1	1	5	0	0	0	0	"N1"
"HC_NL_72__HC_NL_72__N3C001"	"N4"	"HC/NL-72"	"HC"	"HC/NL-72"	1	1	5	0	0	0	0	"N1"
"HC_NL_72__HC_NL_72__N3C001"	"N5"	"HC/NL-72"	"HC"	"HC/NL-72"	1	1	5	0	0	0	0	"N1"
"HC_NL_72__HC_NL_72__N3C001"	"N6"	"HC/NL-72"	"HC"	"HC/NL-72"	1	1	5	0	0	0	0	"N1"
"HC_NL_72__HC_NL_72__N3C001"	"N7"	"HC/NL-72"	"HC"	"HC/NL-72"	1	1	5	1	1	0.2	1	"N1"
"HC_NL_72__HC_NL_72__N3C001"	"N8"	"HC/NL-72"	"HC"	"HC/NL-72"	1	1	5	0	0	0	0	"N1"
"HC_NL_72__HC_NL_72__N3C002"	"N1"	"HC/NL-72"	"HC"	"HC/NL-72"	1	1	7	5	1	0.714285714285714	1	"N1"
"HC_NL_72__HC_NL_72__N3C002"	"N2"	"HC/NL-72"	"HC"	"HC/NL-72"	1	1	7	0	0	0	0	"N1"
"HC_NL_72__HC_NL_72__N3C002"	"N3"	"HC/NL-72"	"HC"	"HC/NL-72"	1	1	7	0	0	0	0	"N1"
"HC_NL_72__HC_NL_72__N3C002"	"N4"	"HC/NL-72"	"HC"	"HC/NL-72"	1	1	7	0	0	0	0	"N1"
"HC_NL_72__HC_NL_72__N3C002"	"N5"	"HC/NL-72"	"HC"	"HC/NL-72"	1	1	7	0	0	0	0	"N1"
"HC_NL_72__HC_NL_72__N3C002"	"N6"	"HC/NL-72"	"HC"	"HC/NL-72"	1	1	7	0	0	0	0	"N1"
"HC_NL_72__HC_NL_72__N3C002"	"N7"	"HC/NL-72"	"HC"	"HC/NL-72"	1	1	7	0	0	0	0	"N1"
"HC_NL_72__HC_NL_72__N3C002"	"N8"	"HC/NL-72"	"HC"	"HC/NL-72"	1	1	7	2	1	0.285714285714286	1	"N1"
"HC_NL_72__HC_NL_72__N3C003"	"N1"	"HC/NL-72"	"HC"	"HC/NL-72"	10	9	29	9	6	0.310344827586207	0.666666666666667	"N8"
"HC_NL_72__HC_NL_72__N3C003"	"N2"	"HC/NL-72"	"HC"	"HC/NL-72"	10	9	29	0	0	0	0	"N8"
"HC_NL_72__HC_NL_72__N3C003"	"N3"	"HC/NL-72"	"HC"	"HC/NL-72"	10	9	29	0	0	0	0	"N8"
"HC_NL_72__HC_NL_72__N3C003"	"N4"	"HC/NL-72"	"HC"	"HC/NL-72"	10	9	29	0	0	0	0	"N8"
"HC_NL_72__HC_NL_72__N3C003"	"N5"	"HC/NL-72"	"HC"	"HC/NL-72"	10	9	29	6	3	0.206896551724138	0.333333333333333	"N8"
"HC_NL_72__HC_NL_72__N3C003"	"N6"	"HC/NL-72"	"HC"	"HC/NL-72"	10	9	29	1	1	0.0344827586206897	0.111111111111111	"N8"
"HC_NL_72__HC_NL_72__N3C003"	"N7"	"HC/NL-72"	"HC"	"HC/NL-72"	10	9	29	1	1	0.0344827586206897	0.111111111111111	"N8"
"HC_NL_72__HC_NL_72__N3C003"	"N8"	"HC/NL-72"	"HC"	"HC/NL-72"	10	9	29	12	9	0.413793103448276	1	"N8"
"HC_NL_72__HC_NL_72__N3C004"	"N1"	"HC/NL-72"	"HC"	"HC/NL-72"	1	1	6	3	1	0.5	1	"N1"
"HC_NL_72__HC_NL_72__N3C004"	"N2"	"HC/NL-72"	"HC"	"HC/NL-72"	1	1	6	0	0	0	0	"N1"
"HC_NL_72__HC_NL_72__N3C004"	"N3"	"HC/NL-72"	"HC"	"HC/NL-72"	1	1	6	0	0	0	0	"N1"
"HC_NL_72__HC_NL_72__N3C004"	"N4"	"HC/NL-72"	"HC"	"HC/NL-72"	1	1	6	0	0	0	0	"N1"
"HC_NL_72__HC_NL_72__N3C004"	"N5"	"HC/NL-72"	"HC"	"HC/NL-72"	1	1	6	2	1	0.333333333333333	1	"N1"
"HC_NL_72__HC_NL_72__N3C004"	"N6"	"HC/NL-72"	"HC"	"HC/NL-72"	1	1	6	0	0	0	0	"N1"
"HC_NL_72__HC_NL_72__N3C004"	"N7"	"HC/NL-72"	"HC"	"HC/NL-72"	1	1	6	1	1	0.166666666666667	1	"N1"
"HC_NL_72__HC_NL_72__N3C004"	"N8"	"HC/NL-72"	"HC"	"HC/NL-72"	1	1	6	0	0	0	0	"N1"
"HC_NL_72__HC_NL_72__N3C005"	"N1"	"HC/NL-72"	"HC"	"HC/NL-72"	6	6	26	2	2	0.0769230769230769	0.333333333333333	"N8"
"HC_NL_72__HC_NL_72__N3C005"	"N2"	"HC/NL-72"	"HC"	"HC/NL-72"	6	6	26	0	0	0	0	"N8"
"HC_NL_72__HC_NL_72__N3C005"	"N3"	"HC/NL-72"	"HC"	"HC/NL-72"	6	6	26	0	0	0	0	"N8"
"HC_NL_72__HC_NL_72__N3C005"	"N4"	"HC/NL-72"	"HC"	"HC/NL-72"	6	6	26	0	0	0	0	"N8"
"HC_NL_72__HC_NL_72__N3C005"	"N5"	"HC/NL-72"	"HC"	"HC/NL-72"	6	6	26	3	3	0.115384615384615	0.5	"N8"
"HC_NL_72__HC_NL_72__N3C005"	"N6"	"HC/NL-72"	"HC"	"HC/NL-72"	6	6	26	3	2	0.115384615384615	0.333333333333333	"N8"
"HC_NL_72__HC_NL_72__N3C005"	"N7"	"HC/NL-72"	"HC"	"HC/NL-72"	6	6	26	3	3	0.115384615384615	0.5	"N8"
"HC_NL_72__HC_NL_72__N3C005"	"N8"	"HC/NL-72"	"HC"	"HC/NL-72"	6	6	26	15	5	0.576923076923077	0.833333333333333	"N8"
"HC_NL_72__HC_NL_72__N3C006"	"N1"	"HC/NL-72"	"HC"	"HC/NL-72"	2	2	14	10	2	0.714285714285714	1	"N1"
"HC_NL_72__HC_NL_72__N3C006"	"N2"	"HC/NL-72"	"HC"	"HC/NL-72"	2	2	14	0	0	0	0	"N1"
"HC_NL_72__HC_NL_72__N3C006"	"N3"	"HC/NL-72"	"HC"	"HC/NL-72"	2	2	14	0	0	0	0	"N1"
"HC_NL_72__HC_NL_72__N3C006"	"N4"	"HC/NL-72"	"HC"	"HC/NL-72"	2	2	14	0	0	0	0	"N1"
"HC_NL_72__HC_NL_72__N3C006"	"N5"	"HC/NL-72"	"HC"	"HC/NL-72"	2	2	14	1	1	0.0714285714285714	0.5	"N1"
"HC_NL_72__HC_NL_72__N3C006"	"N6"	"HC/NL-72"	"HC"	"HC/NL-72"	2	2	14	0	0	0	0	"N1"
"HC_NL_72__HC_NL_72__N3C006"	"N7"	"HC/NL-72"	"HC"	"HC/NL-72"	2	2	14	3	2	0.214285714285714	1	"N1"
"HC_NL_72__HC_NL_72__N3C006"	"N8"	"HC/NL-72"	"HC"	"HC/NL-72"	2	2	14	0	0	0	0	"N1"
"HC_NL_72__HC_NL_72__N3C007"	"N1"	"HC/NL-72"	"HC"	"HC/NL-72"	5	5	28	23	5	0.821428571428571	1	"N1"
"HC_NL_72__HC_NL_72__N3C007"	"N2"	"HC/NL-72"	"HC"	"HC/NL-72"	5	5	28	0	0	0	0	"N1"
"HC_NL_72__HC_NL_72__N3C007"	"N3"	"HC/NL-72"	"HC"	"HC/NL-72"	5	5	28	0	0	0	0	"N1"
"HC_NL_72__HC_NL_72__N3C007"	"N4"	"HC/NL-72"	"HC"	"HC/NL-72"	5	5	28	0	0	0	0	"N1"
"HC_NL_72__HC_NL_72__N3C007"	"N5"	"HC/NL-72"	"HC"	"HC/NL-72"	5	5	28	5	2	0.178571428571429	0.4	"N1"
"HC_NL_72__HC_NL_72__N3C007"	"N6"	"HC/NL-72"	"HC"	"HC/NL-72"	5	5	28	0	0	0	0	"N1"
"HC_NL_72__HC_NL_72__N3C007"	"N7"	"HC/NL-72"	"HC"	"HC/NL-72"	5	5	28	0	0	0	0	"N1"
"HC_NL_72__HC_NL_72__N3C007"	"N8"	"HC/NL-72"	"HC"	"HC/NL-72"	5	5	28	0	0	0	0	"N1"
"HC_NL_72__HC_NL_72__N3C008"	"N1"	"HC/NL-72"	"HC"	"HC/NL-72"	1	1	4	0	0	0	0	"N4"
"HC_NL_72__HC_NL_72__N3C008"	"N2"	"HC/NL-72"	"HC"	"HC/NL-72"	1	1	4	0	0	0	0	"N4"
"HC_NL_72__HC_NL_72__N3C008"	"N3"	"HC/NL-72"	"HC"	"HC/NL-72"	1	1	4	0	0	0	0	"N4"
"HC_NL_72__HC_NL_72__N3C008"	"N4"	"HC/NL-72"	"HC"	"HC/NL-72"	1	1	4	2	1	0.5	1	"N4"
"HC_NL_72__HC_NL_72__N3C008"	"N5"	"HC/NL-72"	"HC"	"HC/NL-72"	1	1	4	1	1	0.25	1	"N4"
"HC_NL_72__HC_NL_72__N3C008"	"N6"	"HC/NL-72"	"HC"	"HC/NL-72"	1	1	4	0	0	0	0	"N4"
"HC_NL_72__HC_NL_72__N3C008"	"N7"	"HC/NL-72"	"HC"	"HC/NL-72"	1	1	4	0	0	0	0	"N4"
"HC_NL_72__HC_NL_72__N3C008"	"N8"	"HC/NL-72"	"HC"	"HC/NL-72"	1	1	4	1	1	0.25	1	"N4"
"HC_NL_72__HC_NL_72__N3C009"	"N1"	"HC/NL-72"	"HC"	"HC/NL-72"	1	1	5	1	1	0.2	1	"N8"
"HC_NL_72__HC_NL_72__N3C009"	"N2"	"HC/NL-72"	"HC"	"HC/NL-72"	1	1	5	0	0	0	0	"N8"
"HC_NL_72__HC_NL_72__N3C009"	"N3"	"HC/NL-72"	"HC"	"HC/NL-72"	1	1	5	0	0	0	0	"N8"
"HC_NL_72__HC_NL_72__N3C009"	"N4"	"HC/NL-72"	"HC"	"HC/NL-72"	1	1	5	1	1	0.2	1	"N8"
"HC_NL_72__HC_NL_72__N3C009"	"N5"	"HC/NL-72"	"HC"	"HC/NL-72"	1	1	5	0	0	0	0	"N8"
"HC_NL_72__HC_NL_72__N3C009"	"N6"	"HC/NL-72"	"HC"	"HC/NL-72"	1	1	5	0	0	0	0	"N8"
"HC_NL_72__HC_NL_72__N3C009"	"N7"	"HC/NL-72"	"HC"	"HC/NL-72"	1	1	5	0	0	0	0	"N8"
"HC_NL_72__HC_NL_72__N3C009"	"N8"	"HC/NL-72"	"HC"	"HC/NL-72"	1	1	5	3	1	0.6	1	"N8"
"HC_NL_72__HC_NL_72__N3C010"	"N1"	"HC/NL-72"	"HC"	"HC/NL-72"	33	31	90	36	21	0.4	0.67741935483871	"N1"
"HC_NL_72__HC_NL_72__N3C010"	"N2"	"HC/NL-72"	"HC"	"HC/NL-72"	33	31	90	0	0	0	0	"N1"
"HC_NL_72__HC_NL_72__N3C010"	"N3"	"HC/NL-72"	"HC"	"HC/NL-72"	33	31	90	0	0	0	0	"N1"
"HC_NL_72__HC_NL_72__N3C010"	"N4"	"HC/NL-72"	"HC"	"HC/NL-72"	33	31	90	0	0	0	0	"N1"
"HC_NL_72__HC_NL_72__N3C010"	"N5"	"HC/NL-72"	"HC"	"HC/NL-72"	33	31	90	28	18	0.311111111111111	0.580645161290323	"N1"
"HC_NL_72__HC_NL_72__N3C010"	"N6"	"HC/NL-72"	"HC"	"HC/NL-72"	33	31	90	3	3	0.0333333333333333	0.0967741935483871	"N1"
"HC_NL_72__HC_NL_72__N3C010"	"N7"	"HC/NL-72"	"HC"	"HC/NL-72"	33	31	90	6	4	0.0666666666666667	0.129032258064516	"N1"
"HC_NL_72__HC_NL_72__N3C010"	"N8"	"HC/NL-72"	"HC"	"HC/NL-72"	33	31	90	17	11	0.188888888888889	0.354838709677419	"N1"
"HC_NL_72__HC_NL_72__N3C011"	"N1"	"HC/NL-72"	"HC"	"HC/NL-72"	3	3	20	11	3	0.55	1	"N1"
"HC_NL_72__HC_NL_72__N3C011"	"N2"	"HC/NL-72"	"HC"	"HC/NL-72"	3	3	20	0	0	0	0	"N1"
"HC_NL_72__HC_NL_72__N3C011"	"N3"	"HC/NL-72"	"HC"	"HC/NL-72"	3	3	20	0	0	0	0	"N1"
"HC_NL_72__HC_NL_72__N3C011"	"N4"	"HC/NL-72"	"HC"	"HC/NL-72"	3	3	20	0	0	0	0	"N1"
"HC_NL_72__HC_NL_72__N3C011"	"N5"	"HC/NL-72"	"HC"	"HC/NL-72"	3	3	20	6	3	0.3	1	"N1"
"HC_NL_72__HC_NL_72__N3C011"	"N6"	"HC/NL-72"	"HC"	"HC/NL-72"	3	3	20	1	1	0.05	0.333333333333333	"N1"
"HC_NL_72__HC_NL_72__N3C011"	"N7"	"HC/NL-72"	"HC"	"HC/NL-72"	3	3	20	2	1	0.1	0.333333333333333	"N1"
"HC_NL_72__HC_NL_72__N3C011"	"N8"	"HC/NL-72"	"HC"	"HC/NL-72"	3	3	20	0	0	0	0	"N1"
"HC_NL_72__HC_NL_72__N3C012"	"N1"	"HC/NL-72"	"HC"	"HC/NL-72"	8	8	36	1	1	0.0277777777777778	0.125	"N5"
"HC_NL_72__HC_NL_72__N3C012"	"N2"	"HC/NL-72"	"HC"	"HC/NL-72"	8	8	36	0	0	0	0	"N5"
"HC_NL_72__HC_NL_72__N3C012"	"N3"	"HC/NL-72"	"HC"	"HC/NL-72"	8	8	36	0	0	0	0	"N5"
"HC_NL_72__HC_NL_72__N3C012"	"N4"	"HC/NL-72"	"HC"	"HC/NL-72"	8	8	36	0	0	0	0	"N5"
"HC_NL_72__HC_NL_72__N3C012"	"N5"	"HC/NL-72"	"HC"	"HC/NL-72"	8	8	36	25	8	0.694444444444445	1	"N5"
"HC_NL_72__HC_NL_72__N3C012"	"N6"	"HC/NL-72"	"HC"	"HC/NL-72"	8	8	36	0	0	0	0	"N5"
"HC_NL_72__HC_NL_72__N3C012"	"N7"	"HC/NL-72"	"HC"	"HC/NL-72"	8	8	36	0	0	0	0	"N5"
"HC_NL_72__HC_NL_72__N3C012"	"N8"	"HC/NL-72"	"HC"	"HC/NL-72"	8	8	36	10	6	0.277777777777778	0.75	"N5"
"HC_NL_72__HC_NL_72__N3C013"	"N1"	"HC/NL-72"	"HC"	"HC/NL-72"	1	1	4	0	0	0	0	"N8"
"HC_NL_72__HC_NL_72__N3C013"	"N2"	"HC/NL-72"	"HC"	"HC/NL-72"	1	1	4	0	0	0	0	"N8"
"HC_NL_72__HC_NL_72__N3C013"	"N3"	"HC/NL-72"	"HC"	"HC/NL-72"	1	1	4	0	0	0	0	"N8"
"HC_NL_72__HC_NL_72__N3C013"	"N4"	"HC/NL-72"	"HC"	"HC/NL-72"	1	1	4	0	0	0	0	"N8"
"HC_NL_72__HC_NL_72__N3C013"	"N5"	"HC/NL-72"	"HC"	"HC/NL-72"	1	1	4	1	1	0.25	1	"N8"
"HC_NL_72__HC_NL_72__N3C013"	"N6"	"HC/NL-72"	"HC"	"HC/NL-72"	1	1	4	0	0	0	0	"N8"
"HC_NL_72__HC_NL_72__N3C013"	"N7"	"HC/NL-72"	"HC"	"HC/NL-72"	1	1	4	0	0	0	0	"N8"
"HC_NL_72__HC_NL_72__N3C013"	"N8"	"HC/NL-72"	"HC"	"HC/NL-72"	1	1	4	3	1	0.75	1	"N8"
"HC_NL_72__HC_NL_72__N3C014"	"N1"	"HC/NL-72"	"HC"	"HC/NL-72"	1	1	4	0	0	0	0	"N5"
"HC_NL_72__HC_NL_72__N3C014"	"N2"	"HC/NL-72"	"HC"	"HC/NL-72"	1	1	4	0	0	0	0	"N5"
"HC_NL_72__HC_NL_72__N3C014"	"N3"	"HC/NL-72"	"HC"	"HC/NL-72"	1	1	4	0	0	0	0	"N5"
"HC_NL_72__HC_NL_72__N3C014"	"N4"	"HC/NL-72"	"HC"	"HC/NL-72"	1	1	4	0	0	0	0	"N5"
"HC_NL_72__HC_NL_72__N3C014"	"N5"	"HC/NL-72"	"HC"	"HC/NL-72"	1	1	4	3	1	0.75	1	"N5"
"HC_NL_72__HC_NL_72__N3C014"	"N6"	"HC/NL-72"	"HC"	"HC/NL-72"	1	1	4	0	0	0	0	"N5"
"HC_NL_72__HC_NL_72__N3C014"	"N7"	"HC/NL-72"	"HC"	"HC/NL-72"	1	1	4	0	0	0	0	"N5"
"HC_NL_72__HC_NL_72__N3C014"	"N8"	"HC/NL-72"	"HC"	"HC/NL-72"	1	1	4	1	1	0.25	1	"N5"
"HC_NL_72__HC_NL_72__N3C015"	"N1"	"HC/NL-72"	"HC"	"HC/NL-72"	4	4	23	1	1	0.0434782608695652	0.25	"N7"
"HC_NL_72__HC_NL_72__N3C015"	"N2"	"HC/NL-72"	"HC"	"HC/NL-72"	4	4	23	0	0	0	0	"N7"
"HC_NL_72__HC_NL_72__N3C015"	"N3"	"HC/NL-72"	"HC"	"HC/NL-72"	4	4	23	0	0	0	0	"N7"
"HC_NL_72__HC_NL_72__N3C015"	"N4"	"HC/NL-72"	"HC"	"HC/NL-72"	4	4	23	0	0	0	0	"N7"
"HC_NL_72__HC_NL_72__N3C015"	"N5"	"HC/NL-72"	"HC"	"HC/NL-72"	4	4	23	9	3	0.391304347826087	0.75	"N7"
"HC_NL_72__HC_NL_72__N3C015"	"N6"	"HC/NL-72"	"HC"	"HC/NL-72"	4	4	23	0	0	0	0	"N7"
"HC_NL_72__HC_NL_72__N3C015"	"N7"	"HC/NL-72"	"HC"	"HC/NL-72"	4	4	23	13	4	0.565217391304348	1	"N7"
"HC_NL_72__HC_NL_72__N3C015"	"N8"	"HC/NL-72"	"HC"	"HC/NL-72"	4	4	23	0	0	0	0	"N7"
"HC_NL_72__HC_NL_72__N3C016"	"N1"	"HC/NL-72"	"HC"	"HC/NL-72"	1	1	5	5	1	1	1	"N1"
"HC_NL_72__HC_NL_72__N3C016"	"N2"	"HC/NL-72"	"HC"	"HC/NL-72"	1	1	5	0	0	0	0	"N1"
"HC_NL_72__HC_NL_72__N3C016"	"N3"	"HC/NL-72"	"HC"	"HC/NL-72"	1	1	5	0	0	0	0	"N1"
"HC_NL_72__HC_NL_72__N3C016"	"N4"	"HC/NL-72"	"HC"	"HC/NL-72"	1	1	5	0	0	0	0	"N1"
"HC_NL_72__HC_NL_72__N3C016"	"N5"	"HC/NL-72"	"HC"	"HC/NL-72"	1	1	5	0	0	0	0	"N1"
"HC_NL_72__HC_NL_72__N3C016"	"N6"	"HC/NL-72"	"HC"	"HC/NL-72"	1	1	5	0	0	0	0	"N1"
"HC_NL_72__HC_NL_72__N3C016"	"N7"	"HC/NL-72"	"HC"	"HC/NL-72"	1	1	5	0	0	0	0	"N1"
"HC_NL_72__HC_NL_72__N3C016"	"N8"	"HC/NL-72"	"HC"	"HC/NL-72"	1	1	5	0	0	0	0	"N1"
"HC_NL_72__HC_NL_72__N3C017"	"N1"	"HC/NL-72"	"HC"	"HC/NL-72"	2	2	11	5	2	0.454545454545455	1	"N1"
"HC_NL_72__HC_NL_72__N3C017"	"N2"	"HC/NL-72"	"HC"	"HC/NL-72"	2	2	11	0	0	0	0	"N1"
"HC_NL_72__HC_NL_72__N3C017"	"N3"	"HC/NL-72"	"HC"	"HC/NL-72"	2	2	11	0	0	0	0	"N1"
"HC_NL_72__HC_NL_72__N3C017"	"N4"	"HC/NL-72"	"HC"	"HC/NL-72"	2	2	11	0	0	0	0	"N1"
"HC_NL_72__HC_NL_72__N3C017"	"N5"	"HC/NL-72"	"HC"	"HC/NL-72"	2	2	11	0	0	0	0	"N1"
"HC_NL_72__HC_NL_72__N3C017"	"N6"	"HC/NL-72"	"HC"	"HC/NL-72"	2	2	11	1	1	0.0909090909090909	0.5	"N1"
"HC_NL_72__HC_NL_72__N3C017"	"N7"	"HC/NL-72"	"HC"	"HC/NL-72"	2	2	11	4	2	0.363636363636364	1	"N1"
"HC_NL_72__HC_NL_72__N3C017"	"N8"	"HC/NL-72"	"HC"	"HC/NL-72"	2	2	11	1	1	0.0909090909090909	0.5	"N1"
"HC_NL_72__HC_NL_72__N3C018"	"N1"	"HC/NL-72"	"HC"	"HC/NL-72"	1	1	7	2	1	0.285714285714286	1	"N5"
"HC_NL_72__HC_NL_72__N3C018"	"N2"	"HC/NL-72"	"HC"	"HC/NL-72"	1	1	7	0	0	0	0	"N5"
"HC_NL_72__HC_NL_72__N3C018"	"N3"	"HC/NL-72"	"HC"	"HC/NL-72"	1	1	7	0	0	0	0	"N5"
"HC_NL_72__HC_NL_72__N3C018"	"N4"	"HC/NL-72"	"HC"	"HC/NL-72"	1	1	7	0	0	0	0	"N5"
"HC_NL_72__HC_NL_72__N3C018"	"N5"	"HC/NL-72"	"HC"	"HC/NL-72"	1	1	7	3	1	0.428571428571429	1	"N5"
"HC_NL_72__HC_NL_72__N3C018"	"N6"	"HC/NL-72"	"HC"	"HC/NL-72"	1	1	7	0	0	0	0	"N5"
"HC_NL_72__HC_NL_72__N3C018"	"N7"	"HC/NL-72"	"HC"	"HC/NL-72"	1	1	7	2	1	0.285714285714286	1	"N5"
"HC_NL_72__HC_NL_72__N3C018"	"N8"	"HC/NL-72"	"HC"	"HC/NL-72"	1	1	7	0	0	0	0	"N5"
"HC_NL_72__HC_NL_72__N3C019"	"N1"	"HC/NL-72"	"HC"	"HC/NL-72"	15	15	66	45	15	0.681818181818182	1	"N1"
"HC_NL_72__HC_NL_72__N3C019"	"N2"	"HC/NL-72"	"HC"	"HC/NL-72"	15	15	66	0	0	0	0	"N1"
"HC_NL_72__HC_NL_72__N3C019"	"N3"	"HC/NL-72"	"HC"	"HC/NL-72"	15	15	66	0	0	0	0	"N1"
"HC_NL_72__HC_NL_72__N3C019"	"N4"	"HC/NL-72"	"HC"	"HC/NL-72"	15	15	66	0	0	0	0	"N1"
"HC_NL_72__HC_NL_72__N3C019"	"N5"	"HC/NL-72"	"HC"	"HC/NL-72"	15	15	66	17	7	0.257575757575758	0.466666666666667	"N1"
"HC_NL_72__HC_NL_72__N3C019"	"N6"	"HC/NL-72"	"HC"	"HC/NL-72"	15	15	66	1	1	0.0151515151515152	0.0666666666666667	"N1"
"HC_NL_72__HC_NL_72__N3C019"	"N7"	"HC/NL-72"	"HC"	"HC/NL-72"	15	15	66	3	3	0.0454545454545455	0.2	"N1"
"HC_NL_72__HC_NL_72__N3C019"	"N8"	"HC/NL-72"	"HC"	"HC/NL-72"	15	15	66	0	0	0	0	"N1"
"HC_NL_72__HC_NL_72__N3C020"	"N1"	"HC/NL-72"	"HC"	"HC/NL-72"	1	1	8	1	1	0.125	1	"N8"
"HC_NL_72__HC_NL_72__N3C020"	"N2"	"HC/NL-72"	"HC"	"HC/NL-72"	1	1	8	0	0	0	0	"N8"
"HC_NL_72__HC_NL_72__N3C020"	"N3"	"HC/NL-72"	"HC"	"HC/NL-72"	1	1	8	0	0	0	0	"N8"
"HC_NL_72__HC_NL_72__N3C020"	"N4"	"HC/NL-72"	"HC"	"HC/NL-72"	1	1	8	0	0	0	0	"N8"
"HC_NL_72__HC_NL_72__N3C020"	"N5"	"HC/NL-72"	"HC"	"HC/NL-72"	1	1	8	2	1	0.25	1	"N8"
"HC_NL_72__HC_NL_72__N3C020"	"N6"	"HC/NL-72"	"HC"	"HC/NL-72"	1	1	8	1	1	0.125	1	"N8"
"HC_NL_72__HC_NL_72__N3C020"	"N7"	"HC/NL-72"	"HC"	"HC/NL-72"	1	1	8	0	0	0	0	"N8"
"HC_NL_72__HC_NL_72__N3C020"	"N8"	"HC/NL-72"	"HC"	"HC/NL-72"	1	1	8	4	1	0.5	1	"N8"
"HC_NL_72__HC_NL_72__N3C021"	"N1"	"HC/NL-72"	"HC"	"HC/NL-72"	3	3	20	11	3	0.55	1	"N1"
"HC_NL_72__HC_NL_72__N3C021"	"N2"	"HC/NL-72"	"HC"	"HC/NL-72"	3	3	20	0	0	0	0	"N1"
"HC_NL_72__HC_NL_72__N3C021"	"N3"	"HC/NL-72"	"HC"	"HC/NL-72"	3	3	20	0	0	0	0	"N1"
"HC_NL_72__HC_NL_72__N3C021"	"N4"	"HC/NL-72"	"HC"	"HC/NL-72"	3	3	20	0	0	0	0	"N1"
"HC_NL_72__HC_NL_72__N3C021"	"N5"	"HC/NL-72"	"HC"	"HC/NL-72"	3	3	20	3	2	0.15	0.666666666666667	"N1"
"HC_NL_72__HC_NL_72__N3C021"	"N6"	"HC/NL-72"	"HC"	"HC/NL-72"	3	3	20	0	0	0	0	"N1"
"HC_NL_72__HC_NL_72__N3C021"	"N7"	"HC/NL-72"	"HC"	"HC/NL-72"	3	3	20	6	3	0.3	1	"N1"
"HC_NL_72__HC_NL_72__N3C021"	"N8"	"HC/NL-72"	"HC"	"HC/NL-72"	3	3	20	0	0	0	0	"N1"
"HC_NL_72__HC_NL_72__N3C022"	"N1"	"HC/NL-72"	"HC"	"HC/NL-72"	1	1	8	1	1	0.125	1	"N8"
"HC_NL_72__HC_NL_72__N3C022"	"N2"	"HC/NL-72"	"HC"	"HC/NL-72"	1	1	8	0	0	0	0	"N8"
"HC_NL_72__HC_NL_72__N3C022"	"N3"	"HC/NL-72"	"HC"	"HC/NL-72"	1	1	8	0	0	0	0	"N8"
"HC_NL_72__HC_NL_72__N3C022"	"N4"	"HC/NL-72"	"HC"	"HC/NL-72"	1	1	8	0	0	0	0	"N8"
"HC_NL_72__HC_NL_72__N3C022"	"N5"	"HC/NL-72"	"HC"	"HC/NL-72"	1	1	8	0	0	0	0	"N8"
"HC_NL_72__HC_NL_72__N3C022"	"N6"	"HC/NL-72"	"HC"	"HC/NL-72"	1	1	8	0	0	0	0	"N8"
"HC_NL_72__HC_NL_72__N3C022"	"N7"	"HC/NL-72"	"HC"	"HC/NL-72"	1	1	8	0	0	0	0	"N8"
"HC_NL_72__HC_NL_72__N3C022"	"N8"	"HC/NL-72"	"HC"	"HC/NL-72"	1	1	8	7	1	0.875	1	"N8"
"HC_NL_72__HC_NL_72__N3C023"	"N1"	"HC/NL-72"	"HC"	"HC/NL-72"	1	1	8	7	1	0.875	1	"N1"
"HC_NL_72__HC_NL_72__N3C023"	"N2"	"HC/NL-72"	"HC"	"HC/NL-72"	1	1	8	0	0	0	0	"N1"
"HC_NL_72__HC_NL_72__N3C023"	"N3"	"HC/NL-72"	"HC"	"HC/NL-72"	1	1	8	0	0	0	0	"N1"
"HC_NL_72__HC_NL_72__N3C023"	"N4"	"HC/NL-72"	"HC"	"HC/NL-72"	1	1	8	0	0	0	0	"N1"
"HC_NL_72__HC_NL_72__N3C023"	"N5"	"HC/NL-72"	"HC"	"HC/NL-72"	1	1	8	1	1	0.125	1	"N1"
"HC_NL_72__HC_NL_72__N3C023"	"N6"	"HC/NL-72"	"HC"	"HC/NL-72"	1	1	8	0	0	0	0	"N1"
"HC_NL_72__HC_NL_72__N3C023"	"N7"	"HC/NL-72"	"HC"	"HC/NL-72"	1	1	8	0	0	0	0	"N1"
"HC_NL_72__HC_NL_72__N3C023"	"N8"	"HC/NL-72"	"HC"	"HC/NL-72"	1	1	8	0	0	0	0	"N1"
"HC_NL_72__HC_NL_72__N3C024"	"N1"	"HC/NL-72"	"HC"	"HC/NL-72"	1	1	8	0	0	0	0	"N5"
"HC_NL_72__HC_NL_72__N3C024"	"N2"	"HC/NL-72"	"HC"	"HC/NL-72"	1	1	8	0	0	0	0	"N5"
"HC_NL_72__HC_NL_72__N3C024"	"N3"	"HC/NL-72"	"HC"	"HC/NL-72"	1	1	8	0	0	0	0	"N5"
"HC_NL_72__HC_NL_72__N3C024"	"N4"	"HC/NL-72"	"HC"	"HC/NL-72"	1	1	8	0	0	0	0	"N5"
"HC_NL_72__HC_NL_72__N3C024"	"N5"	"HC/NL-72"	"HC"	"HC/NL-72"	1	1	8	4	1	0.5	1	"N5"
"HC_NL_72__HC_NL_72__N3C024"	"N6"	"HC/NL-72"	"HC"	"HC/NL-72"	1	1	8	1	1	0.125	1	"N5"
"HC_NL_72__HC_NL_72__N3C024"	"N7"	"HC/NL-72"	"HC"	"HC/NL-72"	1	1	8	2	1	0.25	1	"N5"
"HC_NL_72__HC_NL_72__N3C024"	"N8"	"HC/NL-72"	"HC"	"HC/NL-72"	1	1	8	1	1	0.125	1	"N5"
"HC_NL_72__HC_NL_72__N3C025"	"N1"	"HC/NL-72"	"HC"	"HC/NL-72"	2	2	14	0	0	0	0	"N7"
"HC_NL_72__HC_NL_72__N3C025"	"N2"	"HC/NL-72"	"HC"	"HC/NL-72"	2	2	14	0	0	0	0	"N7"
"HC_NL_72__HC_NL_72__N3C025"	"N3"	"HC/NL-72"	"HC"	"HC/NL-72"	2	2	14	0	0	0	0	"N7"
"HC_NL_72__HC_NL_72__N3C025"	"N4"	"HC/NL-72"	"HC"	"HC/NL-72"	2	2	14	0	0	0	0	"N7"
"HC_NL_72__HC_NL_72__N3C025"	"N5"	"HC/NL-72"	"HC"	"HC/NL-72"	2	2	14	2	2	0.142857142857143	1	"N7"
"HC_NL_72__HC_NL_72__N3C025"	"N6"	"HC/NL-72"	"HC"	"HC/NL-72"	2	2	14	0	0	0	0	"N7"
"HC_NL_72__HC_NL_72__N3C025"	"N7"	"HC/NL-72"	"HC"	"HC/NL-72"	2	2	14	7	2	0.5	1	"N7"
"HC_NL_72__HC_NL_72__N3C025"	"N8"	"HC/NL-72"	"HC"	"HC/NL-72"	2	2	14	5	2	0.357142857142857	1	"N7"
"HC_NL_72__HC_NL_72__N3C026"	"N1"	"HC/NL-72"	"HC"	"HC/NL-72"	3	3	18	7	3	0.388888888888889	1	"N1; N7"
"HC_NL_72__HC_NL_72__N3C026"	"N2"	"HC/NL-72"	"HC"	"HC/NL-72"	3	3	18	0	0	0	0	"N1; N7"
"HC_NL_72__HC_NL_72__N3C026"	"N3"	"HC/NL-72"	"HC"	"HC/NL-72"	3	3	18	0	0	0	0	"N1; N7"
"HC_NL_72__HC_NL_72__N3C026"	"N4"	"HC/NL-72"	"HC"	"HC/NL-72"	3	3	18	0	0	0	0	"N1; N7"
"HC_NL_72__HC_NL_72__N3C026"	"N5"	"HC/NL-72"	"HC"	"HC/NL-72"	3	3	18	3	2	0.166666666666667	0.666666666666667	"N1; N7"
"HC_NL_72__HC_NL_72__N3C026"	"N6"	"HC/NL-72"	"HC"	"HC/NL-72"	3	3	18	1	1	0.0555555555555556	0.333333333333333	"N1; N7"
"HC_NL_72__HC_NL_72__N3C026"	"N7"	"HC/NL-72"	"HC"	"HC/NL-72"	3	3	18	7	3	0.388888888888889	1	"N1; N7"
"HC_NL_72__HC_NL_72__N3C026"	"N8"	"HC/NL-72"	"HC"	"HC/NL-72"	3	3	18	0	0	0	0	"N1; N7"
"HC_NL_72__HC_NL_72__N3C027"	"N1"	"HC/NL-72"	"HC"	"HC/NL-72"	1	1	8	3	1	0.375	1	"N7"
"HC_NL_72__HC_NL_72__N3C027"	"N2"	"HC/NL-72"	"HC"	"HC/NL-72"	1	1	8	0	0	0	0	"N7"
"HC_NL_72__HC_NL_72__N3C027"	"N3"	"HC/NL-72"	"HC"	"HC/NL-72"	1	1	8	0	0	0	0	"N7"
"HC_NL_72__HC_NL_72__N3C027"	"N4"	"HC/NL-72"	"HC"	"HC/NL-72"	1	1	8	0	0	0	0	"N7"
"HC_NL_72__HC_NL_72__N3C027"	"N5"	"HC/NL-72"	"HC"	"HC/NL-72"	1	1	8	0	0	0	0	"N7"
"HC_NL_72__HC_NL_72__N3C027"	"N6"	"HC/NL-72"	"HC"	"HC/NL-72"	1	1	8	0	0	0	0	"N7"
"HC_NL_72__HC_NL_72__N3C027"	"N7"	"HC/NL-72"	"HC"	"HC/NL-72"	1	1	8	5	1	0.625	1	"N7"
"HC_NL_72__HC_NL_72__N3C027"	"N8"	"HC/NL-72"	"HC"	"HC/NL-72"	1	1	8	0	0	0	0	"N7"
"HC_NL_72__HC_NL_72__N3C028"	"N1"	"HC/NL-72"	"HC"	"HC/NL-72"	1	1	5	0	0	0	0	"N5"
"HC_NL_72__HC_NL_72__N3C028"	"N2"	"HC/NL-72"	"HC"	"HC/NL-72"	1	1	5	0	0	0	0	"N5"
"HC_NL_72__HC_NL_72__N3C028"	"N3"	"HC/NL-72"	"HC"	"HC/NL-72"	1	1	5	0	0	0	0	"N5"
"HC_NL_72__HC_NL_72__N3C028"	"N4"	"HC/NL-72"	"HC"	"HC/NL-72"	1	1	5	0	0	0	0	"N5"
"HC_NL_72__HC_NL_72__N3C028"	"N5"	"HC/NL-72"	"HC"	"HC/NL-72"	1	1	5	5	1	1	1	"N5"
"HC_NL_72__HC_NL_72__N3C028"	"N6"	"HC/NL-72"	"HC"	"HC/NL-72"	1	1	5	0	0	0	0	"N5"
"HC_NL_72__HC_NL_72__N3C028"	"N7"	"HC/NL-72"	"HC"	"HC/NL-72"	1	1	5	0	0	0	0	"N5"
"HC_NL_72__HC_NL_72__N3C028"	"N8"	"HC/NL-72"	"HC"	"HC/NL-72"	1	1	5	0	0	0	0	"N5"
"HC_NL_72__HC_NL_72__N3C029"	"N1"	"HC/NL-72"	"HC"	"HC/NL-72"	1	1	7	1	1	0.142857142857143	1	"N8"
"HC_NL_72__HC_NL_72__N3C029"	"N2"	"HC/NL-72"	"HC"	"HC/NL-72"	1	1	7	2	1	0.285714285714286	1	"N8"
"HC_NL_72__HC_NL_72__N3C029"	"N3"	"HC/NL-72"	"HC"	"HC/NL-72"	1	1	7	0	0	0	0	"N8"
"HC_NL_72__HC_NL_72__N3C029"	"N4"	"HC/NL-72"	"HC"	"HC/NL-72"	1	1	7	0	0	0	0	"N8"
"HC_NL_72__HC_NL_72__N3C029"	"N5"	"HC/NL-72"	"HC"	"HC/NL-72"	1	1	7	0	0	0	0	"N8"
"HC_NL_72__HC_NL_72__N3C029"	"N6"	"HC/NL-72"	"HC"	"HC/NL-72"	1	1	7	0	0	0	0	"N8"
"HC_NL_72__HC_NL_72__N3C029"	"N7"	"HC/NL-72"	"HC"	"HC/NL-72"	1	1	7	0	0	0	0	"N8"
"HC_NL_72__HC_NL_72__N3C029"	"N8"	"HC/NL-72"	"HC"	"HC/NL-72"	1	1	7	4	1	0.571428571428571	1	"N8"
"HC_NL_72__HC_NL_72__N3C030"	"N1"	"HC/NL-72"	"HC"	"HC/NL-72"	1	1	8	0	0	0	0	"N7"
"HC_NL_72__HC_NL_72__N3C030"	"N2"	"HC/NL-72"	"HC"	"HC/NL-72"	1	1	8	0	0	0	0	"N7"
"HC_NL_72__HC_NL_72__N3C030"	"N3"	"HC/NL-72"	"HC"	"HC/NL-72"	1	1	8	0	0	0	0	"N7"
"HC_NL_72__HC_NL_72__N3C030"	"N4"	"HC/NL-72"	"HC"	"HC/NL-72"	1	1	8	0	0	0	0	"N7"
"HC_NL_72__HC_NL_72__N3C030"	"N5"	"HC/NL-72"	"HC"	"HC/NL-72"	1	1	8	3	1	0.375	1	"N7"
"HC_NL_72__HC_NL_72__N3C030"	"N6"	"HC/NL-72"	"HC"	"HC/NL-72"	1	1	8	1	1	0.125	1	"N7"
"HC_NL_72__HC_NL_72__N3C030"	"N7"	"HC/NL-72"	"HC"	"HC/NL-72"	1	1	8	4	1	0.5	1	"N7"
"HC_NL_72__HC_NL_72__N3C030"	"N8"	"HC/NL-72"	"HC"	"HC/NL-72"	1	1	8	0	0	0	0	"N7"
"HC_NL_72__HC_NL_72__N3C031"	"N1"	"HC/NL-72"	"HC"	"HC/NL-72"	14	14	51	11	8	0.215686274509804	0.571428571428571	"N5"
"HC_NL_72__HC_NL_72__N3C031"	"N2"	"HC/NL-72"	"HC"	"HC/NL-72"	14	14	51	0	0	0	0	"N5"
"HC_NL_72__HC_NL_72__N3C031"	"N3"	"HC/NL-72"	"HC"	"HC/NL-72"	14	14	51	0	0	0	0	"N5"
"HC_NL_72__HC_NL_72__N3C031"	"N4"	"HC/NL-72"	"HC"	"HC/NL-72"	14	14	51	0	0	0	0	"N5"
"HC_NL_72__HC_NL_72__N3C031"	"N5"	"HC/NL-72"	"HC"	"HC/NL-72"	14	14	51	16	6	0.313725490196078	0.428571428571429	"N5"
"HC_NL_72__HC_NL_72__N3C031"	"N6"	"HC/NL-72"	"HC"	"HC/NL-72"	14	14	51	4	2	0.0784313725490196	0.142857142857143	"N5"
"HC_NL_72__HC_NL_72__N3C031"	"N7"	"HC/NL-72"	"HC"	"HC/NL-72"	14	14	51	6	4	0.117647058823529	0.285714285714286	"N5"
"HC_NL_72__HC_NL_72__N3C031"	"N8"	"HC/NL-72"	"HC"	"HC/NL-72"	14	14	51	14	9	0.274509803921569	0.642857142857143	"N5"
"HC_NL_72__HC_NL_72__N3C032"	"N1"	"HC/NL-72"	"HC"	"HC/NL-72"	30	25	85	20	12	0.235294117647059	0.48	"N8"
"HC_NL_72__HC_NL_72__N3C032"	"N2"	"HC/NL-72"	"HC"	"HC/NL-72"	30	25	85	0	0	0	0	"N8"
"HC_NL_72__HC_NL_72__N3C032"	"N3"	"HC/NL-72"	"HC"	"HC/NL-72"	30	25	85	0	0	0	0	"N8"
"HC_NL_72__HC_NL_72__N3C032"	"N4"	"HC/NL-72"	"HC"	"HC/NL-72"	30	25	85	0	0	0	0	"N8"
"HC_NL_72__HC_NL_72__N3C032"	"N5"	"HC/NL-72"	"HC"	"HC/NL-72"	30	25	85	24	15	0.282352941176471	0.6	"N8"
"HC_NL_72__HC_NL_72__N3C032"	"N6"	"HC/NL-72"	"HC"	"HC/NL-72"	30	25	85	7	6	0.0823529411764706	0.24	"N8"
"HC_NL_72__HC_NL_72__N3C032"	"N7"	"HC/NL-72"	"HC"	"HC/NL-72"	30	25	85	4	3	0.0470588235294118	0.12	"N8"
"HC_NL_72__HC_NL_72__N3C032"	"N8"	"HC/NL-72"	"HC"	"HC/NL-72"	30	25	85	30	15	0.352941176470588	0.6	"N8"
"HC_NL_72__HC_NL_72__N3C033"	"N1"	"HC/NL-72"	"HC"	"HC/NL-72"	3	3	20	10	3	0.5	1	"N1"
"HC_NL_72__HC_NL_72__N3C033"	"N2"	"HC/NL-72"	"HC"	"HC/NL-72"	3	3	20	0	0	0	0	"N1"
"HC_NL_72__HC_NL_72__N3C033"	"N3"	"HC/NL-72"	"HC"	"HC/NL-72"	3	3	20	0	0	0	0	"N1"
"HC_NL_72__HC_NL_72__N3C033"	"N4"	"HC/NL-72"	"HC"	"HC/NL-72"	3	3	20	0	0	0	0	"N1"
"HC_NL_72__HC_NL_72__N3C033"	"N5"	"HC/NL-72"	"HC"	"HC/NL-72"	3	3	20	1	1	0.05	0.333333333333333	"N1"
"HC_NL_72__HC_NL_72__N3C033"	"N6"	"HC/NL-72"	"HC"	"HC/NL-72"	3	3	20	0	0	0	0	"N1"
"HC_NL_72__HC_NL_72__N3C033"	"N7"	"HC/NL-72"	"HC"	"HC/NL-72"	3	3	20	0	0	0	0	"N1"
"HC_NL_72__HC_NL_72__N3C033"	"N8"	"HC/NL-72"	"HC"	"HC/NL-72"	3	3	20	9	3	0.45	1	"N1"
"HC_NL_72__HC_NL_72__N3C034"	"N1"	"HC/NL-72"	"HC"	"HC/NL-72"	1	1	8	7	1	0.875	1	"N1"
"HC_NL_72__HC_NL_72__N3C034"	"N2"	"HC/NL-72"	"HC"	"HC/NL-72"	1	1	8	0	0	0	0	"N1"
"HC_NL_72__HC_NL_72__N3C034"	"N3"	"HC/NL-72"	"HC"	"HC/NL-72"	1	1	8	0	0	0	0	"N1"
"HC_NL_72__HC_NL_72__N3C034"	"N4"	"HC/NL-72"	"HC"	"HC/NL-72"	1	1	8	0	0	0	0	"N1"
"HC_NL_72__HC_NL_72__N3C034"	"N5"	"HC/NL-72"	"HC"	"HC/NL-72"	1	1	8	0	0	0	0	"N1"
"HC_NL_72__HC_NL_72__N3C034"	"N6"	"HC/NL-72"	"HC"	"HC/NL-72"	1	1	8	0	0	0	0	"N1"
"HC_NL_72__HC_NL_72__N3C034"	"N7"	"HC/NL-72"	"HC"	"HC/NL-72"	1	1	8	0	0	0	0	"N1"
"HC_NL_72__HC_NL_72__N3C034"	"N8"	"HC/NL-72"	"HC"	"HC/NL-72"	1	1	8	1	1	0.125	1	"N1"
"HC_NL_72__HC_NL_72__N3C035"	"N1"	"HC/NL-72"	"HC"	"HC/NL-72"	2	2	11	1	1	0.0909090909090909	0.5	"N5"
"HC_NL_72__HC_NL_72__N3C035"	"N2"	"HC/NL-72"	"HC"	"HC/NL-72"	2	2	11	0	0	0	0	"N5"
"HC_NL_72__HC_NL_72__N3C035"	"N3"	"HC/NL-72"	"HC"	"HC/NL-72"	2	2	11	0	0	0	0	"N5"
"HC_NL_72__HC_NL_72__N3C035"	"N4"	"HC/NL-72"	"HC"	"HC/NL-72"	2	2	11	0	0	0	0	"N5"
"HC_NL_72__HC_NL_72__N3C035"	"N5"	"HC/NL-72"	"HC"	"HC/NL-72"	2	2	11	5	2	0.454545454545455	1	"N5"
"HC_NL_72__HC_NL_72__N3C035"	"N6"	"HC/NL-72"	"HC"	"HC/NL-72"	2	2	11	0	0	0	0	"N5"
"HC_NL_72__HC_NL_72__N3C035"	"N7"	"HC/NL-72"	"HC"	"HC/NL-72"	2	2	11	2	2	0.181818181818182	1	"N5"
"HC_NL_72__HC_NL_72__N3C035"	"N8"	"HC/NL-72"	"HC"	"HC/NL-72"	2	2	11	3	2	0.272727272727273	1	"N5"
"HC_NL_72__HC_NL_72__N3C036"	"N1"	"HC/NL-72"	"HC"	"HC/NL-72"	6	6	28	1	1	0.0357142857142857	0.166666666666667	"N7"
"HC_NL_72__HC_NL_72__N3C036"	"N2"	"HC/NL-72"	"HC"	"HC/NL-72"	6	6	28	0	0	0	0	"N7"
"HC_NL_72__HC_NL_72__N3C036"	"N3"	"HC/NL-72"	"HC"	"HC/NL-72"	6	6	28	0	0	0	0	"N7"
"HC_NL_72__HC_NL_72__N3C036"	"N4"	"HC/NL-72"	"HC"	"HC/NL-72"	6	6	28	0	0	0	0	"N7"
"HC_NL_72__HC_NL_72__N3C036"	"N5"	"HC/NL-72"	"HC"	"HC/NL-72"	6	6	28	10	4	0.357142857142857	0.666666666666667	"N7"
"HC_NL_72__HC_NL_72__N3C036"	"N6"	"HC/NL-72"	"HC"	"HC/NL-72"	6	6	28	0	0	0	0	"N7"
"HC_NL_72__HC_NL_72__N3C036"	"N7"	"HC/NL-72"	"HC"	"HC/NL-72"	6	6	28	17	5	0.607142857142857	0.833333333333333	"N7"
"HC_NL_72__HC_NL_72__N3C036"	"N8"	"HC/NL-72"	"HC"	"HC/NL-72"	6	6	28	0	0	0	0	"N7"
"HC_NL_72__HC_NL_72__N3C037"	"N1"	"HC/NL-72"	"HC"	"HC/NL-72"	2	2	14	5	2	0.357142857142857	1	"N7"
"HC_NL_72__HC_NL_72__N3C037"	"N2"	"HC/NL-72"	"HC"	"HC/NL-72"	2	2	14	0	0	0	0	"N7"
"HC_NL_72__HC_NL_72__N3C037"	"N3"	"HC/NL-72"	"HC"	"HC/NL-72"	2	2	14	0	0	0	0	"N7"
"HC_NL_72__HC_NL_72__N3C037"	"N4"	"HC/NL-72"	"HC"	"HC/NL-72"	2	2	14	0	0	0	0	"N7"
"HC_NL_72__HC_NL_72__N3C037"	"N5"	"HC/NL-72"	"HC"	"HC/NL-72"	2	2	14	0	0	0	0	"N7"
"HC_NL_72__HC_NL_72__N3C037"	"N6"	"HC/NL-72"	"HC"	"HC/NL-72"	2	2	14	0	0	0	0	"N7"
"HC_NL_72__HC_NL_72__N3C037"	"N7"	"HC/NL-72"	"HC"	"HC/NL-72"	2	2	14	7	2	0.5	1	"N7"
"HC_NL_72__HC_NL_72__N3C037"	"N8"	"HC/NL-72"	"HC"	"HC/NL-72"	2	2	14	2	2	0.142857142857143	1	"N7"
"HC_NL_72__HC_NL_72__N3C038"	"N1"	"HC/NL-72"	"HC"	"HC/NL-72"	1	1	8	1	1	0.125	1	"N5"
"HC_NL_72__HC_NL_72__N3C038"	"N2"	"HC/NL-72"	"HC"	"HC/NL-72"	1	1	8	0	0	0	0	"N5"
"HC_NL_72__HC_NL_72__N3C038"	"N3"	"HC/NL-72"	"HC"	"HC/NL-72"	1	1	8	0	0	0	0	"N5"
"HC_NL_72__HC_NL_72__N3C038"	"N4"	"HC/NL-72"	"HC"	"HC/NL-72"	1	1	8	0	0	0	0	"N5"
"HC_NL_72__HC_NL_72__N3C038"	"N5"	"HC/NL-72"	"HC"	"HC/NL-72"	1	1	8	4	1	0.5	1	"N5"
"HC_NL_72__HC_NL_72__N3C038"	"N6"	"HC/NL-72"	"HC"	"HC/NL-72"	1	1	8	2	1	0.25	1	"N5"
"HC_NL_72__HC_NL_72__N3C038"	"N7"	"HC/NL-72"	"HC"	"HC/NL-72"	1	1	8	1	1	0.125	1	"N5"
"HC_NL_72__HC_NL_72__N3C038"	"N8"	"HC/NL-72"	"HC"	"HC/NL-72"	1	1	8	0	0	0	0	"N5"
"HC_NL_72__HC_NL_72__N3C039"	"N1"	"HC/NL-72"	"HC"	"HC/NL-72"	1	1	8	0	0	0	0	"N5"
"HC_NL_72__HC_NL_72__N3C039"	"N2"	"HC/NL-72"	"HC"	"HC/NL-72"	1	1	8	0	0	0	0	"N5"
"HC_NL_72__HC_NL_72__N3C039"	"N3"	"HC/NL-72"	"HC"	"HC/NL-72"	1	1	8	0	0	0	0	"N5"
"HC_NL_72__HC_NL_72__N3C039"	"N4"	"HC/NL-72"	"HC"	"HC/NL-72"	1	1	8	0	0	0	0	"N5"
"HC_NL_72__HC_NL_72__N3C039"	"N5"	"HC/NL-72"	"HC"	"HC/NL-72"	1	1	8	7	1	0.875	1	"N5"
"HC_NL_72__HC_NL_72__N3C039"	"N6"	"HC/NL-72"	"HC"	"HC/NL-72"	1	1	8	0	0	0	0	"N5"
"HC_NL_72__HC_NL_72__N3C039"	"N7"	"HC/NL-72"	"HC"	"HC/NL-72"	1	1	8	1	1	0.125	1	"N5"
"HC_NL_72__HC_NL_72__N3C039"	"N8"	"HC/NL-72"	"HC"	"HC/NL-72"	1	1	8	0	0	0	0	"N5"
"HC_NL_72__HC_NL_72__N3C040"	"N1"	"HC/NL-72"	"HC"	"HC/NL-72"	1	1	8	3	1	0.375	1	"N1; N7"
"HC_NL_72__HC_NL_72__N3C040"	"N2"	"HC/NL-72"	"HC"	"HC/NL-72"	1	1	8	0	0	0	0	"N1; N7"
"HC_NL_72__HC_NL_72__N3C040"	"N3"	"HC/NL-72"	"HC"	"HC/NL-72"	1	1	8	0	0	0	0	"N1; N7"
"HC_NL_72__HC_NL_72__N3C040"	"N4"	"HC/NL-72"	"HC"	"HC/NL-72"	1	1	8	0	0	0	0	"N1; N7"
"HC_NL_72__HC_NL_72__N3C040"	"N5"	"HC/NL-72"	"HC"	"HC/NL-72"	1	1	8	2	1	0.25	1	"N1; N7"
"HC_NL_72__HC_NL_72__N3C040"	"N6"	"HC/NL-72"	"HC"	"HC/NL-72"	1	1	8	0	0	0	0	"N1; N7"
"HC_NL_72__HC_NL_72__N3C040"	"N7"	"HC/NL-72"	"HC"	"HC/NL-72"	1	1	8	3	1	0.375	1	"N1; N7"
"HC_NL_72__HC_NL_72__N3C040"	"N8"	"HC/NL-72"	"HC"	"HC/NL-72"	1	1	8	0	0	0	0	"N1; N7"
"HC_NL_72__HC_NL_72__N3C041"	"N1"	"HC/NL-72"	"HC"	"HC/NL-72"	8	8	33	8	4	0.242424242424242	0.5	"N5"
"HC_NL_72__HC_NL_72__N3C041"	"N2"	"HC/NL-72"	"HC"	"HC/NL-72"	8	8	33	0	0	0	0	"N5"
"HC_NL_72__HC_NL_72__N3C041"	"N3"	"HC/NL-72"	"HC"	"HC/NL-72"	8	8	33	0	0	0	0	"N5"
"HC_NL_72__HC_NL_72__N3C041"	"N4"	"HC/NL-72"	"HC"	"HC/NL-72"	8	8	33	0	0	0	0	"N5"
"HC_NL_72__HC_NL_72__N3C041"	"N5"	"HC/NL-72"	"HC"	"HC/NL-72"	8	8	33	15	6	0.454545454545455	0.75	"N5"
"HC_NL_72__HC_NL_72__N3C041"	"N6"	"HC/NL-72"	"HC"	"HC/NL-72"	8	8	33	0	0	0	0	"N5"
"HC_NL_72__HC_NL_72__N3C041"	"N7"	"HC/NL-72"	"HC"	"HC/NL-72"	8	8	33	10	6	0.303030303030303	0.75	"N5"
"HC_NL_72__HC_NL_72__N3C041"	"N8"	"HC/NL-72"	"HC"	"HC/NL-72"	8	8	33	0	0	0	0	"N5"
"HC_NL_72__HC_NL_72__N3C042"	"N1"	"HC/NL-72"	"HC"	"HC/NL-72"	2	2	14	0	0	0	0	"N5"
"HC_NL_72__HC_NL_72__N3C042"	"N2"	"HC/NL-72"	"HC"	"HC/NL-72"	2	2	14	0	0	0	0	"N5"
"HC_NL_72__HC_NL_72__N3C042"	"N3"	"HC/NL-72"	"HC"	"HC/NL-72"	2	2	14	0	0	0	0	"N5"
"HC_NL_72__HC_NL_72__N3C042"	"N4"	"HC/NL-72"	"HC"	"HC/NL-72"	2	2	14	0	0	0	0	"N5"
"HC_NL_72__HC_NL_72__N3C042"	"N5"	"HC/NL-72"	"HC"	"HC/NL-72"	2	2	14	8	2	0.571428571428571	1	"N5"
"HC_NL_72__HC_NL_72__N3C042"	"N6"	"HC/NL-72"	"HC"	"HC/NL-72"	2	2	14	2	2	0.142857142857143	1	"N5"
"HC_NL_72__HC_NL_72__N3C042"	"N7"	"HC/NL-72"	"HC"	"HC/NL-72"	2	2	14	1	1	0.0714285714285714	0.5	"N5"
"HC_NL_72__HC_NL_72__N3C042"	"N8"	"HC/NL-72"	"HC"	"HC/NL-72"	2	2	14	3	2	0.214285714285714	1	"N5"
"HC_NL_72__HC_NL_72__N3C043"	"N1"	"HC/NL-72"	"HC"	"HC/NL-72"	1	1	8	0	0	0	0	"N7"
"HC_NL_72__HC_NL_72__N3C043"	"N2"	"HC/NL-72"	"HC"	"HC/NL-72"	1	1	8	0	0	0	0	"N7"
"HC_NL_72__HC_NL_72__N3C043"	"N3"	"HC/NL-72"	"HC"	"HC/NL-72"	1	1	8	0	0	0	0	"N7"
"HC_NL_72__HC_NL_72__N3C043"	"N4"	"HC/NL-72"	"HC"	"HC/NL-72"	1	1	8	0	0	0	0	"N7"
"HC_NL_72__HC_NL_72__N3C043"	"N5"	"HC/NL-72"	"HC"	"HC/NL-72"	1	1	8	1	1	0.125	1	"N7"
"HC_NL_72__HC_NL_72__N3C043"	"N6"	"HC/NL-72"	"HC"	"HC/NL-72"	1	1	8	0	0	0	0	"N7"
"HC_NL_72__HC_NL_72__N3C043"	"N7"	"HC/NL-72"	"HC"	"HC/NL-72"	1	1	8	7	1	0.875	1	"N7"
"HC_NL_72__HC_NL_72__N3C043"	"N8"	"HC/NL-72"	"HC"	"HC/NL-72"	1	1	8	0	0	0	0	"N7"
"HC_NL_72__HC_NL_72__N3C044"	"N1"	"HC/NL-72"	"HC"	"HC/NL-72"	2	2	14	2	1	0.142857142857143	0.5	"N7"
"HC_NL_72__HC_NL_72__N3C044"	"N2"	"HC/NL-72"	"HC"	"HC/NL-72"	2	2	14	0	0	0	0	"N7"
"HC_NL_72__HC_NL_72__N3C044"	"N3"	"HC/NL-72"	"HC"	"HC/NL-72"	2	2	14	0	0	0	0	"N7"
"HC_NL_72__HC_NL_72__N3C044"	"N4"	"HC/NL-72"	"HC"	"HC/NL-72"	2	2	14	0	0	0	0	"N7"
"HC_NL_72__HC_NL_72__N3C044"	"N5"	"HC/NL-72"	"HC"	"HC/NL-72"	2	2	14	2	1	0.142857142857143	0.5	"N7"
"HC_NL_72__HC_NL_72__N3C044"	"N6"	"HC/NL-72"	"HC"	"HC/NL-72"	2	2	14	0	0	0	0	"N7"
"HC_NL_72__HC_NL_72__N3C044"	"N7"	"HC/NL-72"	"HC"	"HC/NL-72"	2	2	14	10	2	0.714285714285714	1	"N7"
"HC_NL_72__HC_NL_72__N3C044"	"N8"	"HC/NL-72"	"HC"	"HC/NL-72"	2	2	14	0	0	0	0	"N7"
"HC_NL_72__HC_NL_72__N3C045"	"N1"	"HC/NL-72"	"HC"	"HC/NL-72"	1	1	8	5	1	0.625	1	"N1"
"HC_NL_72__HC_NL_72__N3C045"	"N2"	"HC/NL-72"	"HC"	"HC/NL-72"	1	1	8	0	0	0	0	"N1"
"HC_NL_72__HC_NL_72__N3C045"	"N3"	"HC/NL-72"	"HC"	"HC/NL-72"	1	1	8	0	0	0	0	"N1"
"HC_NL_72__HC_NL_72__N3C045"	"N4"	"HC/NL-72"	"HC"	"HC/NL-72"	1	1	8	0	0	0	0	"N1"
"HC_NL_72__HC_NL_72__N3C045"	"N5"	"HC/NL-72"	"HC"	"HC/NL-72"	1	1	8	1	1	0.125	1	"N1"
"HC_NL_72__HC_NL_72__N3C045"	"N6"	"HC/NL-72"	"HC"	"HC/NL-72"	1	1	8	0	0	0	0	"N1"
"HC_NL_72__HC_NL_72__N3C045"	"N7"	"HC/NL-72"	"HC"	"HC/NL-72"	1	1	8	0	0	0	0	"N1"
"HC_NL_72__HC_NL_72__N3C045"	"N8"	"HC/NL-72"	"HC"	"HC/NL-72"	1	1	8	2	1	0.25	1	"N1"
"HC_NL_72__HC_NL_72__N3C046"	"N1"	"HC/NL-72"	"HC"	"HC/NL-72"	2	2	14	0	0	0	0	"N5"
"HC_NL_72__HC_NL_72__N3C046"	"N2"	"HC/NL-72"	"HC"	"HC/NL-72"	2	2	14	0	0	0	0	"N5"
"HC_NL_72__HC_NL_72__N3C046"	"N3"	"HC/NL-72"	"HC"	"HC/NL-72"	2	2	14	0	0	0	0	"N5"
"HC_NL_72__HC_NL_72__N3C046"	"N4"	"HC/NL-72"	"HC"	"HC/NL-72"	2	2	14	0	0	0	0	"N5"
"HC_NL_72__HC_NL_72__N3C046"	"N5"	"HC/NL-72"	"HC"	"HC/NL-72"	2	2	14	7	2	0.5	1	"N5"
"HC_NL_72__HC_NL_72__N3C046"	"N6"	"HC/NL-72"	"HC"	"HC/NL-72"	2	2	14	0	0	0	0	"N5"
"HC_NL_72__HC_NL_72__N3C046"	"N7"	"HC/NL-72"	"HC"	"HC/NL-72"	2	2	14	2	1	0.142857142857143	0.5	"N5"
"HC_NL_72__HC_NL_72__N3C046"	"N8"	"HC/NL-72"	"HC"	"HC/NL-72"	2	2	14	5	2	0.357142857142857	1	"N5"
"HC_NL_72__HC_NL_72__N3C047"	"N1"	"HC/NL-72"	"HC"	"HC/NL-72"	4	4	24	7	4	0.291666666666667	1	"N8"
"HC_NL_72__HC_NL_72__N3C047"	"N2"	"HC/NL-72"	"HC"	"HC/NL-72"	4	4	24	0	0	0	0	"N8"
"HC_NL_72__HC_NL_72__N3C047"	"N3"	"HC/NL-72"	"HC"	"HC/NL-72"	4	4	24	0	0	0	0	"N8"
"HC_NL_72__HC_NL_72__N3C047"	"N4"	"HC/NL-72"	"HC"	"HC/NL-72"	4	4	24	0	0	0	0	"N8"
"HC_NL_72__HC_NL_72__N3C047"	"N5"	"HC/NL-72"	"HC"	"HC/NL-72"	4	4	24	2	2	0.0833333333333333	0.5	"N8"
"HC_NL_72__HC_NL_72__N3C047"	"N6"	"HC/NL-72"	"HC"	"HC/NL-72"	4	4	24	1	1	0.0416666666666667	0.25	"N8"
"HC_NL_72__HC_NL_72__N3C047"	"N7"	"HC/NL-72"	"HC"	"HC/NL-72"	4	4	24	0	0	0	0	"N8"
"HC_NL_72__HC_NL_72__N3C047"	"N8"	"HC/NL-72"	"HC"	"HC/NL-72"	4	4	24	14	4	0.583333333333333	1	"N8"
"HC_NL_72__HC_NL_72__N3C048"	"N1"	"HC/NL-72"	"HC"	"HC/NL-72"	4	4	26	21	4	0.807692307692308	1	"N1"
"HC_NL_72__HC_NL_72__N3C048"	"N2"	"HC/NL-72"	"HC"	"HC/NL-72"	4	4	26	0	0	0	0	"N1"
"HC_NL_72__HC_NL_72__N3C048"	"N3"	"HC/NL-72"	"HC"	"HC/NL-72"	4	4	26	0	0	0	0	"N1"
"HC_NL_72__HC_NL_72__N3C048"	"N4"	"HC/NL-72"	"HC"	"HC/NL-72"	4	4	26	0	0	0	0	"N1"
"HC_NL_72__HC_NL_72__N3C048"	"N5"	"HC/NL-72"	"HC"	"HC/NL-72"	4	4	26	3	3	0.115384615384615	0.75	"N1"
"HC_NL_72__HC_NL_72__N3C048"	"N6"	"HC/NL-72"	"HC"	"HC/NL-72"	4	4	26	0	0	0	0	"N1"
"HC_NL_72__HC_NL_72__N3C048"	"N7"	"HC/NL-72"	"HC"	"HC/NL-72"	4	4	26	0	0	0	0	"N1"
"HC_NL_72__HC_NL_72__N3C048"	"N8"	"HC/NL-72"	"HC"	"HC/NL-72"	4	4	26	2	2	0.0769230769230769	0.5	"N1"
"HC_NL_72__HC_NL_72__N3C049"	"N1"	"HC/NL-72"	"HC"	"HC/NL-72"	3	3	18	2	1	0.111111111111111	0.333333333333333	"N7"
"HC_NL_72__HC_NL_72__N3C049"	"N2"	"HC/NL-72"	"HC"	"HC/NL-72"	3	3	18	0	0	0	0	"N7"
"HC_NL_72__HC_NL_72__N3C049"	"N3"	"HC/NL-72"	"HC"	"HC/NL-72"	3	3	18	0	0	0	0	"N7"
"HC_NL_72__HC_NL_72__N3C049"	"N4"	"HC/NL-72"	"HC"	"HC/NL-72"	3	3	18	0	0	0	0	"N7"
"HC_NL_72__HC_NL_72__N3C049"	"N5"	"HC/NL-72"	"HC"	"HC/NL-72"	3	3	18	6	3	0.333333333333333	1	"N7"
"HC_NL_72__HC_NL_72__N3C049"	"N6"	"HC/NL-72"	"HC"	"HC/NL-72"	3	3	18	2	2	0.111111111111111	0.666666666666667	"N7"
"HC_NL_72__HC_NL_72__N3C049"	"N7"	"HC/NL-72"	"HC"	"HC/NL-72"	3	3	18	8	3	0.444444444444444	1	"N7"
"HC_NL_72__HC_NL_72__N3C049"	"N8"	"HC/NL-72"	"HC"	"HC/NL-72"	3	3	18	0	0	0	0	"N7"
"HC_NL_72__HC_NL_72__N3C050"	"N1"	"HC/NL-72"	"HC"	"HC/NL-72"	2	2	14	1	1	0.0714285714285714	0.5	"N5"
"HC_NL_72__HC_NL_72__N3C050"	"N2"	"HC/NL-72"	"HC"	"HC/NL-72"	2	2	14	0	0	0	0	"N5"
"HC_NL_72__HC_NL_72__N3C050"	"N3"	"HC/NL-72"	"HC"	"HC/NL-72"	2	2	14	0	0	0	0	"N5"
"HC_NL_72__HC_NL_72__N3C050"	"N4"	"HC/NL-72"	"HC"	"HC/NL-72"	2	2	14	0	0	0	0	"N5"
"HC_NL_72__HC_NL_72__N3C050"	"N5"	"HC/NL-72"	"HC"	"HC/NL-72"	2	2	14	11	2	0.785714285714286	1	"N5"
"HC_NL_72__HC_NL_72__N3C050"	"N6"	"HC/NL-72"	"HC"	"HC/NL-72"	2	2	14	1	1	0.0714285714285714	0.5	"N5"
"HC_NL_72__HC_NL_72__N3C050"	"N7"	"HC/NL-72"	"HC"	"HC/NL-72"	2	2	14	1	1	0.0714285714285714	0.5	"N5"
"HC_NL_72__HC_NL_72__N3C050"	"N8"	"HC/NL-72"	"HC"	"HC/NL-72"	2	2	14	0	0	0	0	"N5"
"HC_NL_72__HC_NL_72__N3C051"	"N1"	"HC/NL-72"	"HC"	"HC/NL-72"	12	12	62	6	6	0.0967741935483871	0.5	"N5"
"HC_NL_72__HC_NL_72__N3C051"	"N2"	"HC/NL-72"	"HC"	"HC/NL-72"	12	12	62	0	0	0	0	"N5"
"HC_NL_72__HC_NL_72__N3C051"	"N3"	"HC/NL-72"	"HC"	"HC/NL-72"	12	12	62	0	0	0	0	"N5"
"HC_NL_72__HC_NL_72__N3C051"	"N4"	"HC/NL-72"	"HC"	"HC/NL-72"	12	12	62	0	0	0	0	"N5"
"HC_NL_72__HC_NL_72__N3C051"	"N5"	"HC/NL-72"	"HC"	"HC/NL-72"	12	12	62	31	11	0.5	0.916666666666667	"N5"
"HC_NL_72__HC_NL_72__N3C051"	"N6"	"HC/NL-72"	"HC"	"HC/NL-72"	12	12	62	2	2	0.032258064516129	0.166666666666667	"N5"
"HC_NL_72__HC_NL_72__N3C051"	"N7"	"HC/NL-72"	"HC"	"HC/NL-72"	12	12	62	1	1	0.0161290322580645	0.0833333333333333	"N5"
"HC_NL_72__HC_NL_72__N3C051"	"N8"	"HC/NL-72"	"HC"	"HC/NL-72"	12	12	62	22	11	0.354838709677419	0.916666666666667	"N5"
"HC_NL_72__HC_NL_72__N3C052"	"N1"	"HC/NL-72"	"HC"	"HC/NL-72"	16	16	66	28	12	0.424242424242424	0.75	"N1"
"HC_NL_72__HC_NL_72__N3C052"	"N2"	"HC/NL-72"	"HC"	"HC/NL-72"	16	16	66	0	0	0	0	"N1"
"HC_NL_72__HC_NL_72__N3C052"	"N3"	"HC/NL-72"	"HC"	"HC/NL-72"	16	16	66	0	0	0	0	"N1"
"HC_NL_72__HC_NL_72__N3C052"	"N4"	"HC/NL-72"	"HC"	"HC/NL-72"	16	16	66	0	0	0	0	"N1"
"HC_NL_72__HC_NL_72__N3C052"	"N5"	"HC/NL-72"	"HC"	"HC/NL-72"	16	16	66	13	10	0.196969696969697	0.625	"N1"
"HC_NL_72__HC_NL_72__N3C052"	"N6"	"HC/NL-72"	"HC"	"HC/NL-72"	16	16	66	2	2	0.0303030303030303	0.125	"N1"
"HC_NL_72__HC_NL_72__N3C052"	"N7"	"HC/NL-72"	"HC"	"HC/NL-72"	16	16	66	14	5	0.212121212121212	0.3125	"N1"
"HC_NL_72__HC_NL_72__N3C052"	"N8"	"HC/NL-72"	"HC"	"HC/NL-72"	16	16	66	9	5	0.136363636363636	0.3125	"N1"
"HC_NL_72__HC_NL_72__N3C053"	"N1"	"HC/NL-72"	"HC"	"HC/NL-72"	11	11	62	12	7	0.193548387096774	0.636363636363636	"N5"
"HC_NL_72__HC_NL_72__N3C053"	"N2"	"HC/NL-72"	"HC"	"HC/NL-72"	11	11	62	0	0	0	0	"N5"
"HC_NL_72__HC_NL_72__N3C053"	"N3"	"HC/NL-72"	"HC"	"HC/NL-72"	11	11	62	0	0	0	0	"N5"
"HC_NL_72__HC_NL_72__N3C053"	"N4"	"HC/NL-72"	"HC"	"HC/NL-72"	11	11	62	0	0	0	0	"N5"
"HC_NL_72__HC_NL_72__N3C053"	"N5"	"HC/NL-72"	"HC"	"HC/NL-72"	11	11	62	20	10	0.32258064516129	0.909090909090909	"N5"
"HC_NL_72__HC_NL_72__N3C053"	"N6"	"HC/NL-72"	"HC"	"HC/NL-72"	11	11	62	2	2	0.032258064516129	0.181818181818182	"N5"
"HC_NL_72__HC_NL_72__N3C053"	"N7"	"HC/NL-72"	"HC"	"HC/NL-72"	11	11	62	19	10	0.306451612903226	0.909090909090909	"N5"
"HC_NL_72__HC_NL_72__N3C053"	"N8"	"HC/NL-72"	"HC"	"HC/NL-72"	11	11	62	9	6	0.145161290322581	0.545454545454545	"N5"
"HC_NL_72__HC_NL_72__N3C054"	"N1"	"HC/NL-72"	"HC"	"HC/NL-72"	1	1	8	5	1	0.625	1	"N1"
"HC_NL_72__HC_NL_72__N3C054"	"N2"	"HC/NL-72"	"HC"	"HC/NL-72"	1	1	8	0	0	0	0	"N1"
"HC_NL_72__HC_NL_72__N3C054"	"N3"	"HC/NL-72"	"HC"	"HC/NL-72"	1	1	8	0	0	0	0	"N1"
"HC_NL_72__HC_NL_72__N3C054"	"N4"	"HC/NL-72"	"HC"	"HC/NL-72"	1	1	8	0	0	0	0	"N1"
"HC_NL_72__HC_NL_72__N3C054"	"N5"	"HC/NL-72"	"HC"	"HC/NL-72"	1	1	8	0	0	0	0	"N1"
"HC_NL_72__HC_NL_72__N3C054"	"N6"	"HC/NL-72"	"HC"	"HC/NL-72"	1	1	8	0	0	0	0	"N1"
"HC_NL_72__HC_NL_72__N3C054"	"N7"	"HC/NL-72"	"HC"	"HC/NL-72"	1	1	8	2	1	0.25	1	"N1"
"HC_NL_72__HC_NL_72__N3C054"	"N8"	"HC/NL-72"	"HC"	"HC/NL-72"	1	1	8	1	1	0.125	1	"N1"
"HC_NL_72__HC_NL_72__N3C055"	"N1"	"HC/NL-72"	"HC"	"HC/NL-72"	14	14	76	6	4	0.0789473684210526	0.285714285714286	"N5"
"HC_NL_72__HC_NL_72__N3C055"	"N2"	"HC/NL-72"	"HC"	"HC/NL-72"	14	14	76	0	0	0	0	"N5"
"HC_NL_72__HC_NL_72__N3C055"	"N3"	"HC/NL-72"	"HC"	"HC/NL-72"	14	14	76	0	0	0	0	"N5"
"HC_NL_72__HC_NL_72__N3C055"	"N4"	"HC/NL-72"	"HC"	"HC/NL-72"	14	14	76	0	0	0	0	"N5"
"HC_NL_72__HC_NL_72__N3C055"	"N5"	"HC/NL-72"	"HC"	"HC/NL-72"	14	14	76	32	13	0.421052631578947	0.928571428571429	"N5"
"HC_NL_72__HC_NL_72__N3C055"	"N6"	"HC/NL-72"	"HC"	"HC/NL-72"	14	14	76	1	1	0.0131578947368421	0.0714285714285714	"N5"
"HC_NL_72__HC_NL_72__N3C055"	"N7"	"HC/NL-72"	"HC"	"HC/NL-72"	14	14	76	8	6	0.105263157894737	0.428571428571429	"N5"
"HC_NL_72__HC_NL_72__N3C055"	"N8"	"HC/NL-72"	"HC"	"HC/NL-72"	14	14	76	29	12	0.381578947368421	0.857142857142857	"N5"
"HC_NL_72__HC_NL_72__N3C056"	"N1"	"HC/NL-72"	"HC"	"HC/NL-72"	1	1	8	4	1	0.5	1	"N1; N7"
"HC_NL_72__HC_NL_72__N3C056"	"N2"	"HC/NL-72"	"HC"	"HC/NL-72"	1	1	8	0	0	0	0	"N1; N7"
"HC_NL_72__HC_NL_72__N3C056"	"N3"	"HC/NL-72"	"HC"	"HC/NL-72"	1	1	8	0	0	0	0	"N1; N7"
"HC_NL_72__HC_NL_72__N3C056"	"N4"	"HC/NL-72"	"HC"	"HC/NL-72"	1	1	8	0	0	0	0	"N1; N7"
"HC_NL_72__HC_NL_72__N3C056"	"N5"	"HC/NL-72"	"HC"	"HC/NL-72"	1	1	8	0	0	0	0	"N1; N7"
"HC_NL_72__HC_NL_72__N3C056"	"N6"	"HC/NL-72"	"HC"	"HC/NL-72"	1	1	8	0	0	0	0	"N1; N7"
"HC_NL_72__HC_NL_72__N3C056"	"N7"	"HC/NL-72"	"HC"	"HC/NL-72"	1	1	8	4	1	0.5	1	"N1; N7"
"HC_NL_72__HC_NL_72__N3C056"	"N8"	"HC/NL-72"	"HC"	"HC/NL-72"	1	1	8	0	0	0	0	"N1; N7"
"HC_NL_72__HC_NL_72__N3C057"	"N1"	"HC/NL-72"	"HC"	"HC/NL-72"	2	2	13	3	2	0.230769230769231	1	"N6"
"HC_NL_72__HC_NL_72__N3C057"	"N2"	"HC/NL-72"	"HC"	"HC/NL-72"	2	2	13	0	0	0	0	"N6"
"HC_NL_72__HC_NL_72__N3C057"	"N3"	"HC/NL-72"	"HC"	"HC/NL-72"	2	2	13	0	0	0	0	"N6"
"HC_NL_72__HC_NL_72__N3C057"	"N4"	"HC/NL-72"	"HC"	"HC/NL-72"	2	2	13	0	0	0	0	"N6"
"HC_NL_72__HC_NL_72__N3C057"	"N5"	"HC/NL-72"	"HC"	"HC/NL-72"	2	2	13	2	1	0.153846153846154	0.5	"N6"
"HC_NL_72__HC_NL_72__N3C057"	"N6"	"HC/NL-72"	"HC"	"HC/NL-72"	2	2	13	4	2	0.307692307692308	1	"N6"
"HC_NL_72__HC_NL_72__N3C057"	"N7"	"HC/NL-72"	"HC"	"HC/NL-72"	2	2	13	3	2	0.230769230769231	1	"N6"
"HC_NL_72__HC_NL_72__N3C057"	"N8"	"HC/NL-72"	"HC"	"HC/NL-72"	2	2	13	1	1	0.0769230769230769	0.5	"N6"
"HC_NL_72__HC_NL_72__N3C058"	"N1"	"HC/NL-72"	"HC"	"HC/NL-72"	2	2	14	5	1	0.357142857142857	0.5	"N7"
"HC_NL_72__HC_NL_72__N3C058"	"N2"	"HC/NL-72"	"HC"	"HC/NL-72"	2	2	14	0	0	0	0	"N7"
"HC_NL_72__HC_NL_72__N3C058"	"N3"	"HC/NL-72"	"HC"	"HC/NL-72"	2	2	14	0	0	0	0	"N7"
"HC_NL_72__HC_NL_72__N3C058"	"N4"	"HC/NL-72"	"HC"	"HC/NL-72"	2	2	14	0	0	0	0	"N7"
"HC_NL_72__HC_NL_72__N3C058"	"N5"	"HC/NL-72"	"HC"	"HC/NL-72"	2	2	14	1	1	0.0714285714285714	0.5	"N7"
"HC_NL_72__HC_NL_72__N3C058"	"N6"	"HC/NL-72"	"HC"	"HC/NL-72"	2	2	14	0	0	0	0	"N7"
"HC_NL_72__HC_NL_72__N3C058"	"N7"	"HC/NL-72"	"HC"	"HC/NL-72"	2	2	14	8	2	0.571428571428571	1	"N7"
"HC_NL_72__HC_NL_72__N3C058"	"N8"	"HC/NL-72"	"HC"	"HC/NL-72"	2	2	14	0	0	0	0	"N7"
"HC_NL_72__HC_NL_72__N3C059"	"N1"	"HC/NL-72"	"HC"	"HC/NL-72"	2	2	14	0	0	0	0	"N7"
"HC_NL_72__HC_NL_72__N3C059"	"N2"	"HC/NL-72"	"HC"	"HC/NL-72"	2	2	14	0	0	0	0	"N7"
"HC_NL_72__HC_NL_72__N3C059"	"N3"	"HC/NL-72"	"HC"	"HC/NL-72"	2	2	14	0	0	0	0	"N7"
"HC_NL_72__HC_NL_72__N3C059"	"N4"	"HC/NL-72"	"HC"	"HC/NL-72"	2	2	14	0	0	0	0	"N7"
"HC_NL_72__HC_NL_72__N3C059"	"N5"	"HC/NL-72"	"HC"	"HC/NL-72"	2	2	14	0	0	0	0	"N7"
"HC_NL_72__HC_NL_72__N3C059"	"N6"	"HC/NL-72"	"HC"	"HC/NL-72"	2	2	14	0	0	0	0	"N7"
"HC_NL_72__HC_NL_72__N3C059"	"N7"	"HC/NL-72"	"HC"	"HC/NL-72"	2	2	14	14	2	1	1	"N7"
"HC_NL_72__HC_NL_72__N3C059"	"N8"	"HC/NL-72"	"HC"	"HC/NL-72"	2	2	14	0	0	0	0	"N7"
"HC_NL_72__HC_NL_72__N3C060"	"N1"	"HC/NL-72"	"HC"	"HC/NL-72"	14	13	46	9	7	0.195652173913043	0.538461538461538	"N7"
"HC_NL_72__HC_NL_72__N3C060"	"N2"	"HC/NL-72"	"HC"	"HC/NL-72"	14	13	46	0	0	0	0	"N7"
"HC_NL_72__HC_NL_72__N3C060"	"N3"	"HC/NL-72"	"HC"	"HC/NL-72"	14	13	46	0	0	0	0	"N7"
"HC_NL_72__HC_NL_72__N3C060"	"N4"	"HC/NL-72"	"HC"	"HC/NL-72"	14	13	46	0	0	0	0	"N7"
"HC_NL_72__HC_NL_72__N3C060"	"N5"	"HC/NL-72"	"HC"	"HC/NL-72"	14	13	46	1	1	0.0217391304347826	0.0769230769230769	"N7"
"HC_NL_72__HC_NL_72__N3C060"	"N6"	"HC/NL-72"	"HC"	"HC/NL-72"	14	13	46	2	2	0.0434782608695652	0.153846153846154	"N7"
"HC_NL_72__HC_NL_72__N3C060"	"N7"	"HC/NL-72"	"HC"	"HC/NL-72"	14	13	46	34	12	0.739130434782609	0.923076923076923	"N7"
"HC_NL_72__HC_NL_72__N3C060"	"N8"	"HC/NL-72"	"HC"	"HC/NL-72"	14	13	46	0	0	0	0	"N7"
"HC_NL_72__HC_NL_72__N3C061"	"N1"	"HC/NL-72"	"HC"	"HC/NL-72"	1	1	8	0	0	0	0	"N7"
"HC_NL_72__HC_NL_72__N3C061"	"N2"	"HC/NL-72"	"HC"	"HC/NL-72"	1	1	8	0	0	0	0	"N7"
"HC_NL_72__HC_NL_72__N3C061"	"N3"	"HC/NL-72"	"HC"	"HC/NL-72"	1	1	8	0	0	0	0	"N7"
"HC_NL_72__HC_NL_72__N3C061"	"N4"	"HC/NL-72"	"HC"	"HC/NL-72"	1	1	8	0	0	0	0	"N7"
"HC_NL_72__HC_NL_72__N3C061"	"N5"	"HC/NL-72"	"HC"	"HC/NL-72"	1	1	8	0	0	0	0	"N7"
"HC_NL_72__HC_NL_72__N3C061"	"N6"	"HC/NL-72"	"HC"	"HC/NL-72"	1	1	8	0	0	0	0	"N7"
"HC_NL_72__HC_NL_72__N3C061"	"N7"	"HC/NL-72"	"HC"	"HC/NL-72"	1	1	8	8	1	1	1	"N7"
"HC_NL_72__HC_NL_72__N3C061"	"N8"	"HC/NL-72"	"HC"	"HC/NL-72"	1	1	8	0	0	0	0	"N7"
"HC_NL_72__HC_NL_72__N3C062"	"N1"	"HC/NL-72"	"HC"	"HC/NL-72"	1	1	5	1	1	0.2	1	"N7; N8"
"HC_NL_72__HC_NL_72__N3C062"	"N2"	"HC/NL-72"	"HC"	"HC/NL-72"	1	1	5	0	0	0	0	"N7; N8"
"HC_NL_72__HC_NL_72__N3C062"	"N3"	"HC/NL-72"	"HC"	"HC/NL-72"	1	1	5	0	0	0	0	"N7; N8"
"HC_NL_72__HC_NL_72__N3C062"	"N4"	"HC/NL-72"	"HC"	"HC/NL-72"	1	1	5	0	0	0	0	"N7; N8"
"HC_NL_72__HC_NL_72__N3C062"	"N5"	"HC/NL-72"	"HC"	"HC/NL-72"	1	1	5	0	0	0	0	"N7; N8"
"HC_NL_72__HC_NL_72__N3C062"	"N6"	"HC/NL-72"	"HC"	"HC/NL-72"	1	1	5	0	0	0	0	"N7; N8"
"HC_NL_72__HC_NL_72__N3C062"	"N7"	"HC/NL-72"	"HC"	"HC/NL-72"	1	1	5	2	1	0.4	1	"N7; N8"
"HC_NL_72__HC_NL_72__N3C062"	"N8"	"HC/NL-72"	"HC"	"HC/NL-72"	1	1	5	2	1	0.4	1	"N7; N8"
"HC_NL_72__HC_NL_72__N3C063"	"N1"	"HC/NL-72"	"HC"	"HC/NL-72"	4	4	24	7	4	0.291666666666667	1	"N7"
"HC_NL_72__HC_NL_72__N3C063"	"N2"	"HC/NL-72"	"HC"	"HC/NL-72"	4	4	24	0	0	0	0	"N7"
"HC_NL_72__HC_NL_72__N3C063"	"N3"	"HC/NL-72"	"HC"	"HC/NL-72"	4	4	24	0	0	0	0	"N7"
"HC_NL_72__HC_NL_72__N3C063"	"N4"	"HC/NL-72"	"HC"	"HC/NL-72"	4	4	24	0	0	0	0	"N7"
"HC_NL_72__HC_NL_72__N3C063"	"N5"	"HC/NL-72"	"HC"	"HC/NL-72"	4	4	24	7	3	0.291666666666667	0.75	"N7"
"HC_NL_72__HC_NL_72__N3C063"	"N6"	"HC/NL-72"	"HC"	"HC/NL-72"	4	4	24	0	0	0	0	"N7"
"HC_NL_72__HC_NL_72__N3C063"	"N7"	"HC/NL-72"	"HC"	"HC/NL-72"	4	4	24	10	4	0.416666666666667	1	"N7"
"HC_NL_72__HC_NL_72__N3C063"	"N8"	"HC/NL-72"	"HC"	"HC/NL-72"	4	4	24	0	0	0	0	"N7"
"HC_NL_72__HC_NL_72__N3C064"	"N1"	"HC/NL-72"	"HC"	"HC/NL-72"	11	11	62	11	5	0.17741935483871	0.454545454545455	"N7"
"HC_NL_72__HC_NL_72__N3C064"	"N2"	"HC/NL-72"	"HC"	"HC/NL-72"	11	11	62	0	0	0	0	"N7"
"HC_NL_72__HC_NL_72__N3C064"	"N3"	"HC/NL-72"	"HC"	"HC/NL-72"	11	11	62	0	0	0	0	"N7"
"HC_NL_72__HC_NL_72__N3C064"	"N4"	"HC/NL-72"	"HC"	"HC/NL-72"	11	11	62	0	0	0	0	"N7"
"HC_NL_72__HC_NL_72__N3C064"	"N5"	"HC/NL-72"	"HC"	"HC/NL-72"	11	11	62	17	6	0.274193548387097	0.545454545454545	"N7"
"HC_NL_72__HC_NL_72__N3C064"	"N6"	"HC/NL-72"	"HC"	"HC/NL-72"	11	11	62	5	5	0.0806451612903226	0.454545454545455	"N7"
"HC_NL_72__HC_NL_72__N3C064"	"N7"	"HC/NL-72"	"HC"	"HC/NL-72"	11	11	62	20	8	0.32258064516129	0.727272727272727	"N7"
"HC_NL_72__HC_NL_72__N3C064"	"N8"	"HC/NL-72"	"HC"	"HC/NL-72"	11	11	62	9	6	0.145161290322581	0.545454545454545	"N7"
"HC_NL_72__HC_NL_72__N3C065"	"N1"	"HC/NL-72"	"HC"	"HC/NL-72"	11	11	44	5	4	0.113636363636364	0.363636363636364	"N5"
"HC_NL_72__HC_NL_72__N3C065"	"N2"	"HC/NL-72"	"HC"	"HC/NL-72"	11	11	44	0	0	0	0	"N5"
"HC_NL_72__HC_NL_72__N3C065"	"N3"	"HC/NL-72"	"HC"	"HC/NL-72"	11	11	44	0	0	0	0	"N5"
"HC_NL_72__HC_NL_72__N3C065"	"N4"	"HC/NL-72"	"HC"	"HC/NL-72"	11	11	44	0	0	0	0	"N5"
"HC_NL_72__HC_NL_72__N3C065"	"N5"	"HC/NL-72"	"HC"	"HC/NL-72"	11	11	44	16	11	0.363636363636364	1	"N5"
"HC_NL_72__HC_NL_72__N3C065"	"N6"	"HC/NL-72"	"HC"	"HC/NL-72"	11	11	44	0	0	0	0	"N5"
"HC_NL_72__HC_NL_72__N3C065"	"N7"	"HC/NL-72"	"HC"	"HC/NL-72"	11	11	44	10	6	0.227272727272727	0.545454545454545	"N5"
"HC_NL_72__HC_NL_72__N3C065"	"N8"	"HC/NL-72"	"HC"	"HC/NL-72"	11	11	44	13	7	0.295454545454545	0.636363636363636	"N5"
"HC_NL_72__HC_NL_72__N3C066"	"N1"	"HC/NL-72"	"HC"	"HC/NL-72"	14	14	46	12	7	0.260869565217391	0.5	"N5; N7"
"HC_NL_72__HC_NL_72__N3C066"	"N2"	"HC/NL-72"	"HC"	"HC/NL-72"	14	14	46	0	0	0	0	"N5; N7"
"HC_NL_72__HC_NL_72__N3C066"	"N3"	"HC/NL-72"	"HC"	"HC/NL-72"	14	14	46	0	0	0	0	"N5; N7"
"HC_NL_72__HC_NL_72__N3C066"	"N4"	"HC/NL-72"	"HC"	"HC/NL-72"	14	14	46	0	0	0	0	"N5; N7"
"HC_NL_72__HC_NL_72__N3C066"	"N5"	"HC/NL-72"	"HC"	"HC/NL-72"	14	14	46	17	8	0.369565217391304	0.571428571428571	"N5; N7"
"HC_NL_72__HC_NL_72__N3C066"	"N6"	"HC/NL-72"	"HC"	"HC/NL-72"	14	14	46	0	0	0	0	"N5; N7"
"HC_NL_72__HC_NL_72__N3C066"	"N7"	"HC/NL-72"	"HC"	"HC/NL-72"	14	14	46	17	8	0.369565217391304	0.571428571428571	"N5; N7"
"HC_NL_72__HC_NL_72__N3C066"	"N8"	"HC/NL-72"	"HC"	"HC/NL-72"	14	14	46	0	0	0	0	"N5; N7"
"HC_NL_72__HC_NL_72__N3C067"	"N1"	"HC/NL-72"	"HC"	"HC/NL-72"	1	1	8	1	1	0.125	1	"N7"
"HC_NL_72__HC_NL_72__N3C067"	"N2"	"HC/NL-72"	"HC"	"HC/NL-72"	1	1	8	0	0	0	0	"N7"
"HC_NL_72__HC_NL_72__N3C067"	"N3"	"HC/NL-72"	"HC"	"HC/NL-72"	1	1	8	0	0	0	0	"N7"
"HC_NL_72__HC_NL_72__N3C067"	"N4"	"HC/NL-72"	"HC"	"HC/NL-72"	1	1	8	0	0	0	0	"N7"
"HC_NL_72__HC_NL_72__N3C067"	"N5"	"HC/NL-72"	"HC"	"HC/NL-72"	1	1	8	0	0	0	0	"N7"
"HC_NL_72__HC_NL_72__N3C067"	"N6"	"HC/NL-72"	"HC"	"HC/NL-72"	1	1	8	0	0	0	0	"N7"
"HC_NL_72__HC_NL_72__N3C067"	"N7"	"HC/NL-72"	"HC"	"HC/NL-72"	1	1	8	7	1	0.875	1	"N7"
"HC_NL_72__HC_NL_72__N3C067"	"N8"	"HC/NL-72"	"HC"	"HC/NL-72"	1	1	8	0	0	0	0	"N7"
"HC_NL_72__HC_NL_72__N3C068"	"N1"	"HC/NL-72"	"HC"	"HC/NL-72"	1	1	8	1	1	0.125	1	"N5"
"HC_NL_72__HC_NL_72__N3C068"	"N2"	"HC/NL-72"	"HC"	"HC/NL-72"	1	1	8	0	0	0	0	"N5"
"HC_NL_72__HC_NL_72__N3C068"	"N3"	"HC/NL-72"	"HC"	"HC/NL-72"	1	1	8	0	0	0	0	"N5"
"HC_NL_72__HC_NL_72__N3C068"	"N4"	"HC/NL-72"	"HC"	"HC/NL-72"	1	1	8	0	0	0	0	"N5"
"HC_NL_72__HC_NL_72__N3C068"	"N5"	"HC/NL-72"	"HC"	"HC/NL-72"	1	1	8	4	1	0.5	1	"N5"
"HC_NL_72__HC_NL_72__N3C068"	"N6"	"HC/NL-72"	"HC"	"HC/NL-72"	1	1	8	1	1	0.125	1	"N5"
"HC_NL_72__HC_NL_72__N3C068"	"N7"	"HC/NL-72"	"HC"	"HC/NL-72"	1	1	8	0	0	0	0	"N5"
"HC_NL_72__HC_NL_72__N3C068"	"N8"	"HC/NL-72"	"HC"	"HC/NL-72"	1	1	8	2	1	0.25	1	"N5"
"HC_NL_72__HC_NL_72__N3C069"	"N1"	"HC/NL-72"	"HC"	"HC/NL-72"	1	1	8	1	1	0.125	1	"N5"
"HC_NL_72__HC_NL_72__N3C069"	"N2"	"HC/NL-72"	"HC"	"HC/NL-72"	1	1	8	0	0	0	0	"N5"
"HC_NL_72__HC_NL_72__N3C069"	"N3"	"HC/NL-72"	"HC"	"HC/NL-72"	1	1	8	0	0	0	0	"N5"
"HC_NL_72__HC_NL_72__N3C069"	"N4"	"HC/NL-72"	"HC"	"HC/NL-72"	1	1	8	0	0	0	0	"N5"
"HC_NL_72__HC_NL_72__N3C069"	"N5"	"HC/NL-72"	"HC"	"HC/NL-72"	1	1	8	4	1	0.5	1	"N5"
"HC_NL_72__HC_NL_72__N3C069"	"N6"	"HC/NL-72"	"HC"	"HC/NL-72"	1	1	8	2	1	0.25	1	"N5"
"HC_NL_72__HC_NL_72__N3C069"	"N7"	"HC/NL-72"	"HC"	"HC/NL-72"	1	1	8	1	1	0.125	1	"N5"
"HC_NL_72__HC_NL_72__N3C069"	"N8"	"HC/NL-72"	"HC"	"HC/NL-72"	1	1	8	0	0	0	0	"N5"
"HC_NL_72__HC_NL_72__N3C070"	"N1"	"HC/NL-72"	"HC"	"HC/NL-72"	2	2	14	3	2	0.214285714285714	1	"N5"
"HC_NL_72__HC_NL_72__N3C070"	"N2"	"HC/NL-72"	"HC"	"HC/NL-72"	2	2	14	0	0	0	0	"N5"
"HC_NL_72__HC_NL_72__N3C070"	"N3"	"HC/NL-72"	"HC"	"HC/NL-72"	2	2	14	0	0	0	0	"N5"
"HC_NL_72__HC_NL_72__N3C070"	"N4"	"HC/NL-72"	"HC"	"HC/NL-72"	2	2	14	0	0	0	0	"N5"
"HC_NL_72__HC_NL_72__N3C070"	"N5"	"HC/NL-72"	"HC"	"HC/NL-72"	2	2	14	7	2	0.5	1	"N5"
"HC_NL_72__HC_NL_72__N3C070"	"N6"	"HC/NL-72"	"HC"	"HC/NL-72"	2	2	14	0	0	0	0	"N5"
"HC_NL_72__HC_NL_72__N3C070"	"N7"	"HC/NL-72"	"HC"	"HC/NL-72"	2	2	14	2	1	0.142857142857143	0.5	"N5"
"HC_NL_72__HC_NL_72__N3C070"	"N8"	"HC/NL-72"	"HC"	"HC/NL-72"	2	2	14	2	1	0.142857142857143	0.5	"N5"
"HC_NL_72__HC_NL_72__N3C071"	"N1"	"HC/NL-72"	"HC"	"HC/NL-72"	11	11	45	10	5	0.222222222222222	0.454545454545455	"N7"
"HC_NL_72__HC_NL_72__N3C071"	"N2"	"HC/NL-72"	"HC"	"HC/NL-72"	11	11	45	0	0	0	0	"N7"
"HC_NL_72__HC_NL_72__N3C071"	"N3"	"HC/NL-72"	"HC"	"HC/NL-72"	11	11	45	0	0	0	0	"N7"
"HC_NL_72__HC_NL_72__N3C071"	"N4"	"HC/NL-72"	"HC"	"HC/NL-72"	11	11	45	0	0	0	0	"N7"
"HC_NL_72__HC_NL_72__N3C071"	"N5"	"HC/NL-72"	"HC"	"HC/NL-72"	11	11	45	2	2	0.0444444444444444	0.181818181818182	"N7"
"HC_NL_72__HC_NL_72__N3C071"	"N6"	"HC/NL-72"	"HC"	"HC/NL-72"	11	11	45	1	1	0.0222222222222222	0.0909090909090909	"N7"
"HC_NL_72__HC_NL_72__N3C071"	"N7"	"HC/NL-72"	"HC"	"HC/NL-72"	11	11	45	32	10	0.711111111111111	0.909090909090909	"N7"
"HC_NL_72__HC_NL_72__N3C071"	"N8"	"HC/NL-72"	"HC"	"HC/NL-72"	11	11	45	0	0	0	0	"N7"
"HC_NL_72__HC_NL_72__N3C072"	"N1"	"HC/NL-72"	"HC"	"HC/NL-72"	1	1	8	2	1	0.25	1	"N8"
"HC_NL_72__HC_NL_72__N3C072"	"N2"	"HC/NL-72"	"HC"	"HC/NL-72"	1	1	8	0	0	0	0	"N8"
"HC_NL_72__HC_NL_72__N3C072"	"N3"	"HC/NL-72"	"HC"	"HC/NL-72"	1	1	8	0	0	0	0	"N8"
"HC_NL_72__HC_NL_72__N3C072"	"N4"	"HC/NL-72"	"HC"	"HC/NL-72"	1	1	8	0	0	0	0	"N8"
"HC_NL_72__HC_NL_72__N3C072"	"N5"	"HC/NL-72"	"HC"	"HC/NL-72"	1	1	8	2	1	0.25	1	"N8"
"HC_NL_72__HC_NL_72__N3C072"	"N6"	"HC/NL-72"	"HC"	"HC/NL-72"	1	1	8	0	0	0	0	"N8"
"HC_NL_72__HC_NL_72__N3C072"	"N7"	"HC/NL-72"	"HC"	"HC/NL-72"	1	1	8	0	0	0	0	"N8"
"HC_NL_72__HC_NL_72__N3C072"	"N8"	"HC/NL-72"	"HC"	"HC/NL-72"	1	1	8	4	1	0.5	1	"N8"
"HC_NL_72__HC_NL_72__N3C073"	"N1"	"HC/NL-72"	"HC"	"HC/NL-72"	11	11	31	3	1	0.0967741935483871	0.0909090909090909	"N5"
"HC_NL_72__HC_NL_72__N3C073"	"N2"	"HC/NL-72"	"HC"	"HC/NL-72"	11	11	31	0	0	0	0	"N5"
"HC_NL_72__HC_NL_72__N3C073"	"N3"	"HC/NL-72"	"HC"	"HC/NL-72"	11	11	31	0	0	0	0	"N5"
"HC_NL_72__HC_NL_72__N3C073"	"N4"	"HC/NL-72"	"HC"	"HC/NL-72"	11	11	31	1	1	0.032258064516129	0.0909090909090909	"N5"
"HC_NL_72__HC_NL_72__N3C073"	"N5"	"HC/NL-72"	"HC"	"HC/NL-72"	11	11	31	19	10	0.612903225806452	0.909090909090909	"N5"
"HC_NL_72__HC_NL_72__N3C073"	"N6"	"HC/NL-72"	"HC"	"HC/NL-72"	11	11	31	0	0	0	0	"N5"
"HC_NL_72__HC_NL_72__N3C073"	"N7"	"HC/NL-72"	"HC"	"HC/NL-72"	11	11	31	7	5	0.225806451612903	0.454545454545455	"N5"
"HC_NL_72__HC_NL_72__N3C073"	"N8"	"HC/NL-72"	"HC"	"HC/NL-72"	11	11	31	1	1	0.032258064516129	0.0909090909090909	"N5"
"HC_NL_72__HC_NL_72__N3C074"	"N1"	"HC/NL-72"	"HC"	"HC/NL-72"	7	7	38	3	3	0.0789473684210526	0.428571428571429	"N5"
"HC_NL_72__HC_NL_72__N3C074"	"N2"	"HC/NL-72"	"HC"	"HC/NL-72"	7	7	38	0	0	0	0	"N5"
"HC_NL_72__HC_NL_72__N3C074"	"N3"	"HC/NL-72"	"HC"	"HC/NL-72"	7	7	38	0	0	0	0	"N5"
"HC_NL_72__HC_NL_72__N3C074"	"N4"	"HC/NL-72"	"HC"	"HC/NL-72"	7	7	38	0	0	0	0	"N5"
"HC_NL_72__HC_NL_72__N3C074"	"N5"	"HC/NL-72"	"HC"	"HC/NL-72"	7	7	38	24	7	0.631578947368421	1	"N5"
"HC_NL_72__HC_NL_72__N3C074"	"N6"	"HC/NL-72"	"HC"	"HC/NL-72"	7	7	38	0	0	0	0	"N5"
"HC_NL_72__HC_NL_72__N3C074"	"N7"	"HC/NL-72"	"HC"	"HC/NL-72"	7	7	38	5	5	0.131578947368421	0.714285714285714	"N5"
"HC_NL_72__HC_NL_72__N3C074"	"N8"	"HC/NL-72"	"HC"	"HC/NL-72"	7	7	38	6	4	0.157894736842105	0.571428571428571	"N5"
"HC_NL_72__HC_NL_72__N3C075"	"N1"	"HC/NL-72"	"HC"	"HC/NL-72"	4	4	26	7	4	0.269230769230769	1	"N7"
"HC_NL_72__HC_NL_72__N3C075"	"N2"	"HC/NL-72"	"HC"	"HC/NL-72"	4	4	26	0	0	0	0	"N7"
"HC_NL_72__HC_NL_72__N3C075"	"N3"	"HC/NL-72"	"HC"	"HC/NL-72"	4	4	26	0	0	0	0	"N7"
"HC_NL_72__HC_NL_72__N3C075"	"N4"	"HC/NL-72"	"HC"	"HC/NL-72"	4	4	26	0	0	0	0	"N7"
"HC_NL_72__HC_NL_72__N3C075"	"N5"	"HC/NL-72"	"HC"	"HC/NL-72"	4	4	26	7	4	0.269230769230769	1	"N7"
"HC_NL_72__HC_NL_72__N3C075"	"N6"	"HC/NL-72"	"HC"	"HC/NL-72"	4	4	26	1	1	0.0384615384615385	0.25	"N7"
"HC_NL_72__HC_NL_72__N3C075"	"N7"	"HC/NL-72"	"HC"	"HC/NL-72"	4	4	26	10	4	0.384615384615385	1	"N7"
"HC_NL_72__HC_NL_72__N3C075"	"N8"	"HC/NL-72"	"HC"	"HC/NL-72"	4	4	26	1	1	0.0384615384615385	0.25	"N7"
"HC_NL_72__HC_NL_72__N3C076"	"N1"	"HC/NL-72"	"HC"	"HC/NL-72"	3	3	20	15	3	0.75	1	"N1"
"HC_NL_72__HC_NL_72__N3C076"	"N2"	"HC/NL-72"	"HC"	"HC/NL-72"	3	3	20	0	0	0	0	"N1"
"HC_NL_72__HC_NL_72__N3C076"	"N3"	"HC/NL-72"	"HC"	"HC/NL-72"	3	3	20	0	0	0	0	"N1"
"HC_NL_72__HC_NL_72__N3C076"	"N4"	"HC/NL-72"	"HC"	"HC/NL-72"	3	3	20	0	0	0	0	"N1"
"HC_NL_72__HC_NL_72__N3C076"	"N5"	"HC/NL-72"	"HC"	"HC/NL-72"	3	3	20	3	3	0.15	1	"N1"
"HC_NL_72__HC_NL_72__N3C076"	"N6"	"HC/NL-72"	"HC"	"HC/NL-72"	3	3	20	0	0	0	0	"N1"
"HC_NL_72__HC_NL_72__N3C076"	"N7"	"HC/NL-72"	"HC"	"HC/NL-72"	3	3	20	0	0	0	0	"N1"
"HC_NL_72__HC_NL_72__N3C076"	"N8"	"HC/NL-72"	"HC"	"HC/NL-72"	3	3	20	2	2	0.1	0.666666666666667	"N1"
"HC_NL_72__HC_NL_72__N3C077"	"N1"	"HC/NL-72"	"HC"	"HC/NL-72"	1	1	8	3	1	0.375	1	"N1"
"HC_NL_72__HC_NL_72__N3C077"	"N2"	"HC/NL-72"	"HC"	"HC/NL-72"	1	1	8	0	0	0	0	"N1"
"HC_NL_72__HC_NL_72__N3C077"	"N3"	"HC/NL-72"	"HC"	"HC/NL-72"	1	1	8	0	0	0	0	"N1"
"HC_NL_72__HC_NL_72__N3C077"	"N4"	"HC/NL-72"	"HC"	"HC/NL-72"	1	1	8	0	0	0	0	"N1"
"HC_NL_72__HC_NL_72__N3C077"	"N5"	"HC/NL-72"	"HC"	"HC/NL-72"	1	1	8	2	1	0.25	1	"N1"
"HC_NL_72__HC_NL_72__N3C077"	"N6"	"HC/NL-72"	"HC"	"HC/NL-72"	1	1	8	0	0	0	0	"N1"
"HC_NL_72__HC_NL_72__N3C077"	"N7"	"HC/NL-72"	"HC"	"HC/NL-72"	1	1	8	2	1	0.25	1	"N1"
"HC_NL_72__HC_NL_72__N3C077"	"N8"	"HC/NL-72"	"HC"	"HC/NL-72"	1	1	8	1	1	0.125	1	"N1"
"HC_NL_72__HC_NL_72__N3C078"	"N1"	"HC/NL-72"	"HC"	"HC/NL-72"	12	12	50	5	4	0.1	0.333333333333333	"N7"
"HC_NL_72__HC_NL_72__N3C078"	"N2"	"HC/NL-72"	"HC"	"HC/NL-72"	12	12	50	0	0	0	0	"N7"
"HC_NL_72__HC_NL_72__N3C078"	"N3"	"HC/NL-72"	"HC"	"HC/NL-72"	12	12	50	0	0	0	0	"N7"
"HC_NL_72__HC_NL_72__N3C078"	"N4"	"HC/NL-72"	"HC"	"HC/NL-72"	12	12	50	0	0	0	0	"N7"
"HC_NL_72__HC_NL_72__N3C078"	"N5"	"HC/NL-72"	"HC"	"HC/NL-72"	12	12	50	0	0	0	0	"N7"
"HC_NL_72__HC_NL_72__N3C078"	"N6"	"HC/NL-72"	"HC"	"HC/NL-72"	12	12	50	0	0	0	0	"N7"
"HC_NL_72__HC_NL_72__N3C078"	"N7"	"HC/NL-72"	"HC"	"HC/NL-72"	12	12	50	45	12	0.9	1	"N7"
"HC_NL_72__HC_NL_72__N3C078"	"N8"	"HC/NL-72"	"HC"	"HC/NL-72"	12	12	50	0	0	0	0	"N7"
"HC_NL_72__HC_NL_72__N3C079"	"N1"	"HC/NL-72"	"HC"	"HC/NL-72"	1	1	8	5	1	0.625	1	"N1"
"HC_NL_72__HC_NL_72__N3C079"	"N2"	"HC/NL-72"	"HC"	"HC/NL-72"	1	1	8	0	0	0	0	"N1"
"HC_NL_72__HC_NL_72__N3C079"	"N3"	"HC/NL-72"	"HC"	"HC/NL-72"	1	1	8	0	0	0	0	"N1"
"HC_NL_72__HC_NL_72__N3C079"	"N4"	"HC/NL-72"	"HC"	"HC/NL-72"	1	1	8	0	0	0	0	"N1"
"HC_NL_72__HC_NL_72__N3C079"	"N5"	"HC/NL-72"	"HC"	"HC/NL-72"	1	1	8	0	0	0	0	"N1"
"HC_NL_72__HC_NL_72__N3C079"	"N6"	"HC/NL-72"	"HC"	"HC/NL-72"	1	1	8	0	0	0	0	"N1"
"HC_NL_72__HC_NL_72__N3C079"	"N7"	"HC/NL-72"	"HC"	"HC/NL-72"	1	1	8	2	1	0.25	1	"N1"
"HC_NL_72__HC_NL_72__N3C079"	"N8"	"HC/NL-72"	"HC"	"HC/NL-72"	1	1	8	1	1	0.125	1	"N1"
"HC_NL_72__HC_NL_72__N3C080"	"N1"	"HC/NL-72"	"HC"	"HC/NL-72"	3	3	20	9	3	0.45	1	"N1; N5"
"HC_NL_72__HC_NL_72__N3C080"	"N2"	"HC/NL-72"	"HC"	"HC/NL-72"	3	3	20	0	0	0	0	"N1; N5"
"HC_NL_72__HC_NL_72__N3C080"	"N3"	"HC/NL-72"	"HC"	"HC/NL-72"	3	3	20	0	0	0	0	"N1; N5"
"HC_NL_72__HC_NL_72__N3C080"	"N4"	"HC/NL-72"	"HC"	"HC/NL-72"	3	3	20	0	0	0	0	"N1; N5"
"HC_NL_72__HC_NL_72__N3C080"	"N5"	"HC/NL-72"	"HC"	"HC/NL-72"	3	3	20	9	3	0.45	1	"N1; N5"
"HC_NL_72__HC_NL_72__N3C080"	"N6"	"HC/NL-72"	"HC"	"HC/NL-72"	3	3	20	0	0	0	0	"N1; N5"
"HC_NL_72__HC_NL_72__N3C080"	"N7"	"HC/NL-72"	"HC"	"HC/NL-72"	3	3	20	2	2	0.1	0.666666666666667	"N1; N5"
"HC_NL_72__HC_NL_72__N3C080"	"N8"	"HC/NL-72"	"HC"	"HC/NL-72"	3	3	20	0	0	0	0	"N1; N5"
"HC_NL_72__HC_NL_72__N3C081"	"N1"	"HC/NL-72"	"HC"	"HC/NL-72"	10	10	52	22	10	0.423076923076923	1	"N1"
"HC_NL_72__HC_NL_72__N3C081"	"N2"	"HC/NL-72"	"HC"	"HC/NL-72"	10	10	52	0	0	0	0	"N1"
"HC_NL_72__HC_NL_72__N3C081"	"N3"	"HC/NL-72"	"HC"	"HC/NL-72"	10	10	52	0	0	0	0	"N1"
"HC_NL_72__HC_NL_72__N3C081"	"N4"	"HC/NL-72"	"HC"	"HC/NL-72"	10	10	52	0	0	0	0	"N1"
"HC_NL_72__HC_NL_72__N3C081"	"N5"	"HC/NL-72"	"HC"	"HC/NL-72"	10	10	52	21	8	0.403846153846154	0.8	"N1"
"HC_NL_72__HC_NL_72__N3C081"	"N6"	"HC/NL-72"	"HC"	"HC/NL-72"	10	10	52	0	0	0	0	"N1"
"HC_NL_72__HC_NL_72__N3C081"	"N7"	"HC/NL-72"	"HC"	"HC/NL-72"	10	10	52	1	1	0.0192307692307692	0.1	"N1"
"HC_NL_72__HC_NL_72__N3C081"	"N8"	"HC/NL-72"	"HC"	"HC/NL-72"	10	10	52	8	5	0.153846153846154	0.5	"N1"
"HC_NL_72__HC_NL_72__N3C082"	"N1"	"HC/NL-72"	"HC"	"HC/NL-72"	5	5	26	5	4	0.192307692307692	0.8	"N7"
"HC_NL_72__HC_NL_72__N3C082"	"N2"	"HC/NL-72"	"HC"	"HC/NL-72"	5	5	26	0	0	0	0	"N7"
"HC_NL_72__HC_NL_72__N3C082"	"N3"	"HC/NL-72"	"HC"	"HC/NL-72"	5	5	26	0	0	0	0	"N7"
"HC_NL_72__HC_NL_72__N3C082"	"N4"	"HC/NL-72"	"HC"	"HC/NL-72"	5	5	26	0	0	0	0	"N7"
"HC_NL_72__HC_NL_72__N3C082"	"N5"	"HC/NL-72"	"HC"	"HC/NL-72"	5	5	26	0	0	0	0	"N7"
"HC_NL_72__HC_NL_72__N3C082"	"N6"	"HC/NL-72"	"HC"	"HC/NL-72"	5	5	26	0	0	0	0	"N7"
"HC_NL_72__HC_NL_72__N3C082"	"N7"	"HC/NL-72"	"HC"	"HC/NL-72"	5	5	26	21	5	0.807692307692308	1	"N7"
"HC_NL_72__HC_NL_72__N3C082"	"N8"	"HC/NL-72"	"HC"	"HC/NL-72"	5	5	26	0	0	0	0	"N7"
"HC_NL_72__HC_NL_72__N3C083"	"N1"	"HC/NL-72"	"HC"	"HC/NL-72"	1	1	8	0	0	0	0	"N7"
"HC_NL_72__HC_NL_72__N3C083"	"N2"	"HC/NL-72"	"HC"	"HC/NL-72"	1	1	8	0	0	0	0	"N7"
"HC_NL_72__HC_NL_72__N3C083"	"N3"	"HC/NL-72"	"HC"	"HC/NL-72"	1	1	8	0	0	0	0	"N7"
"HC_NL_72__HC_NL_72__N3C083"	"N4"	"HC/NL-72"	"HC"	"HC/NL-72"	1	1	8	0	0	0	0	"N7"
"HC_NL_72__HC_NL_72__N3C083"	"N5"	"HC/NL-72"	"HC"	"HC/NL-72"	1	1	8	0	0	0	0	"N7"
"HC_NL_72__HC_NL_72__N3C083"	"N6"	"HC/NL-72"	"HC"	"HC/NL-72"	1	1	8	0	0	0	0	"N7"
"HC_NL_72__HC_NL_72__N3C083"	"N7"	"HC/NL-72"	"HC"	"HC/NL-72"	1	1	8	8	1	1	1	"N7"
"HC_NL_72__HC_NL_72__N3C083"	"N8"	"HC/NL-72"	"HC"	"HC/NL-72"	1	1	8	0	0	0	0	"N7"
"HC_NL_72__HC_NL_72__N3C084"	"N1"	"HC/NL-72"	"HC"	"HC/NL-72"	3	3	17	3	2	0.176470588235294	0.666666666666667	"N5"
"HC_NL_72__HC_NL_72__N3C084"	"N2"	"HC/NL-72"	"HC"	"HC/NL-72"	3	3	17	0	0	0	0	"N5"
"HC_NL_72__HC_NL_72__N3C084"	"N3"	"HC/NL-72"	"HC"	"HC/NL-72"	3	3	17	0	0	0	0	"N5"
"HC_NL_72__HC_NL_72__N3C084"	"N4"	"HC/NL-72"	"HC"	"HC/NL-72"	3	3	17	2	2	0.117647058823529	0.666666666666667	"N5"
"HC_NL_72__HC_NL_72__N3C084"	"N5"	"HC/NL-72"	"HC"	"HC/NL-72"	3	3	17	10	3	0.588235294117647	1	"N5"
"HC_NL_72__HC_NL_72__N3C084"	"N6"	"HC/NL-72"	"HC"	"HC/NL-72"	3	3	17	0	0	0	0	"N5"
"HC_NL_72__HC_NL_72__N3C084"	"N7"	"HC/NL-72"	"HC"	"HC/NL-72"	3	3	17	0	0	0	0	"N5"
"HC_NL_72__HC_NL_72__N3C084"	"N8"	"HC/NL-72"	"HC"	"HC/NL-72"	3	3	17	2	2	0.117647058823529	0.666666666666667	"N5"
"HC_NL_72__HC_NL_72__N3C085"	"N1"	"HC/NL-72"	"HC"	"HC/NL-72"	1	1	8	1	1	0.125	1	"N7"
"HC_NL_72__HC_NL_72__N3C085"	"N2"	"HC/NL-72"	"HC"	"HC/NL-72"	1	1	8	0	0	0	0	"N7"
"HC_NL_72__HC_NL_72__N3C085"	"N3"	"HC/NL-72"	"HC"	"HC/NL-72"	1	1	8	0	0	0	0	"N7"
"HC_NL_72__HC_NL_72__N3C085"	"N4"	"HC/NL-72"	"HC"	"HC/NL-72"	1	1	8	0	0	0	0	"N7"
"HC_NL_72__HC_NL_72__N3C085"	"N5"	"HC/NL-72"	"HC"	"HC/NL-72"	1	1	8	0	0	0	0	"N7"
"HC_NL_72__HC_NL_72__N3C085"	"N6"	"HC/NL-72"	"HC"	"HC/NL-72"	1	1	8	0	0	0	0	"N7"
"HC_NL_72__HC_NL_72__N3C085"	"N7"	"HC/NL-72"	"HC"	"HC/NL-72"	1	1	8	7	1	0.875	1	"N7"
"HC_NL_72__HC_NL_72__N3C085"	"N8"	"HC/NL-72"	"HC"	"HC/NL-72"	1	1	8	0	0	0	0	"N7"
"HC_NL_72__HC_NL_72__N3C086"	"N1"	"HC/NL-72"	"HC"	"HC/NL-72"	1	1	8	0	0	0	0	"N7"
"HC_NL_72__HC_NL_72__N3C086"	"N2"	"HC/NL-72"	"HC"	"HC/NL-72"	1	1	8	0	0	0	0	"N7"
"HC_NL_72__HC_NL_72__N3C086"	"N3"	"HC/NL-72"	"HC"	"HC/NL-72"	1	1	8	0	0	0	0	"N7"
"HC_NL_72__HC_NL_72__N3C086"	"N4"	"HC/NL-72"	"HC"	"HC/NL-72"	1	1	8	0	0	0	0	"N7"
"HC_NL_72__HC_NL_72__N3C086"	"N5"	"HC/NL-72"	"HC"	"HC/NL-72"	1	1	8	0	0	0	0	"N7"
"HC_NL_72__HC_NL_72__N3C086"	"N6"	"HC/NL-72"	"HC"	"HC/NL-72"	1	1	8	0	0	0	0	"N7"
"HC_NL_72__HC_NL_72__N3C086"	"N7"	"HC/NL-72"	"HC"	"HC/NL-72"	1	1	8	8	1	1	1	"N7"
"HC_NL_72__HC_NL_72__N3C086"	"N8"	"HC/NL-72"	"HC"	"HC/NL-72"	1	1	8	0	0	0	0	"N7"
"HC_NL_72__HC_NL_72__N3C087"	"N1"	"HC/NL-72"	"HC"	"HC/NL-72"	3	3	20	0	0	0	0	"N7"
"HC_NL_72__HC_NL_72__N3C087"	"N2"	"HC/NL-72"	"HC"	"HC/NL-72"	3	3	20	0	0	0	0	"N7"
"HC_NL_72__HC_NL_72__N3C087"	"N3"	"HC/NL-72"	"HC"	"HC/NL-72"	3	3	20	0	0	0	0	"N7"
"HC_NL_72__HC_NL_72__N3C087"	"N4"	"HC/NL-72"	"HC"	"HC/NL-72"	3	3	20	0	0	0	0	"N7"
"HC_NL_72__HC_NL_72__N3C087"	"N5"	"HC/NL-72"	"HC"	"HC/NL-72"	3	3	20	8	3	0.4	1	"N7"
"HC_NL_72__HC_NL_72__N3C087"	"N6"	"HC/NL-72"	"HC"	"HC/NL-72"	3	3	20	1	1	0.05	0.333333333333333	"N7"
"HC_NL_72__HC_NL_72__N3C087"	"N7"	"HC/NL-72"	"HC"	"HC/NL-72"	3	3	20	11	3	0.55	1	"N7"
"HC_NL_72__HC_NL_72__N3C087"	"N8"	"HC/NL-72"	"HC"	"HC/NL-72"	3	3	20	0	0	0	0	"N7"
"HC_NL_72__HC_NL_72__N3C088"	"N1"	"HC/NL-72"	"HC"	"HC/NL-72"	1	1	7	1	1	0.142857142857143	1	"N8"
"HC_NL_72__HC_NL_72__N3C088"	"N2"	"HC/NL-72"	"HC"	"HC/NL-72"	1	1	7	0	0	0	0	"N8"
"HC_NL_72__HC_NL_72__N3C088"	"N3"	"HC/NL-72"	"HC"	"HC/NL-72"	1	1	7	0	0	0	0	"N8"
"HC_NL_72__HC_NL_72__N3C088"	"N4"	"HC/NL-72"	"HC"	"HC/NL-72"	1	1	7	0	0	0	0	"N8"
"HC_NL_72__HC_NL_72__N3C088"	"N5"	"HC/NL-72"	"HC"	"HC/NL-72"	1	1	7	1	1	0.142857142857143	1	"N8"
"HC_NL_72__HC_NL_72__N3C088"	"N6"	"HC/NL-72"	"HC"	"HC/NL-72"	1	1	7	0	0	0	0	"N8"
"HC_NL_72__HC_NL_72__N3C088"	"N7"	"HC/NL-72"	"HC"	"HC/NL-72"	1	1	7	0	0	0	0	"N8"
"HC_NL_72__HC_NL_72__N3C088"	"N8"	"HC/NL-72"	"HC"	"HC/NL-72"	1	1	7	5	1	0.714285714285714	1	"N8"
"HC_NL_72__HC_NL_72__N3C089"	"N1"	"HC/NL-72"	"HC"	"HC/NL-72"	2	2	14	2	2	0.142857142857143	1	"N5"
"HC_NL_72__HC_NL_72__N3C089"	"N2"	"HC/NL-72"	"HC"	"HC/NL-72"	2	2	14	0	0	0	0	"N5"
"HC_NL_72__HC_NL_72__N3C089"	"N3"	"HC/NL-72"	"HC"	"HC/NL-72"	2	2	14	0	0	0	0	"N5"
"HC_NL_72__HC_NL_72__N3C089"	"N4"	"HC/NL-72"	"HC"	"HC/NL-72"	2	2	14	0	0	0	0	"N5"
"HC_NL_72__HC_NL_72__N3C089"	"N5"	"HC/NL-72"	"HC"	"HC/NL-72"	2	2	14	9	2	0.642857142857143	1	"N5"
"HC_NL_72__HC_NL_72__N3C089"	"N6"	"HC/NL-72"	"HC"	"HC/NL-72"	2	2	14	0	0	0	0	"N5"
"HC_NL_72__HC_NL_72__N3C089"	"N7"	"HC/NL-72"	"HC"	"HC/NL-72"	2	2	14	0	0	0	0	"N5"
"HC_NL_72__HC_NL_72__N3C089"	"N8"	"HC/NL-72"	"HC"	"HC/NL-72"	2	2	14	3	2	0.214285714285714	1	"N5"
"HC_NL_72__HC_NL_72__N3C090"	"N1"	"HC/NL-72"	"HC"	"HC/NL-72"	2	2	14	1	1	0.0714285714285714	0.5	"N7"
"HC_NL_72__HC_NL_72__N3C090"	"N2"	"HC/NL-72"	"HC"	"HC/NL-72"	2	2	14	0	0	0	0	"N7"
"HC_NL_72__HC_NL_72__N3C090"	"N3"	"HC/NL-72"	"HC"	"HC/NL-72"	2	2	14	0	0	0	0	"N7"
"HC_NL_72__HC_NL_72__N3C090"	"N4"	"HC/NL-72"	"HC"	"HC/NL-72"	2	2	14	0	0	0	0	"N7"
"HC_NL_72__HC_NL_72__N3C090"	"N5"	"HC/NL-72"	"HC"	"HC/NL-72"	2	2	14	0	0	0	0	"N7"
"HC_NL_72__HC_NL_72__N3C090"	"N6"	"HC/NL-72"	"HC"	"HC/NL-72"	2	2	14	0	0	0	0	"N7"
"HC_NL_72__HC_NL_72__N3C090"	"N7"	"HC/NL-72"	"HC"	"HC/NL-72"	2	2	14	13	2	0.928571428571429	1	"N7"
"HC_NL_72__HC_NL_72__N3C090"	"N8"	"HC/NL-72"	"HC"	"HC/NL-72"	2	2	14	0	0	0	0	"N7"
"HC_NL_72__HC_NL_72__N3C091"	"N1"	"HC/NL-72"	"HC"	"HC/NL-72"	3	3	18	0	0	0	0	"N7"
"HC_NL_72__HC_NL_72__N3C091"	"N2"	"HC/NL-72"	"HC"	"HC/NL-72"	3	3	18	0	0	0	0	"N7"
"HC_NL_72__HC_NL_72__N3C091"	"N3"	"HC/NL-72"	"HC"	"HC/NL-72"	3	3	18	0	0	0	0	"N7"
"HC_NL_72__HC_NL_72__N3C091"	"N4"	"HC/NL-72"	"HC"	"HC/NL-72"	3	3	18	0	0	0	0	"N7"
"HC_NL_72__HC_NL_72__N3C091"	"N5"	"HC/NL-72"	"HC"	"HC/NL-72"	3	3	18	0	0	0	0	"N7"
"HC_NL_72__HC_NL_72__N3C091"	"N6"	"HC/NL-72"	"HC"	"HC/NL-72"	3	3	18	0	0	0	0	"N7"
"HC_NL_72__HC_NL_72__N3C091"	"N7"	"HC/NL-72"	"HC"	"HC/NL-72"	3	3	18	18	3	1	1	"N7"
"HC_NL_72__HC_NL_72__N3C091"	"N8"	"HC/NL-72"	"HC"	"HC/NL-72"	3	3	18	0	0	0	0	"N7"
"HC_NL_72__HC_NL_72__N3C092"	"N1"	"HC/NL-72"	"HC"	"HC/NL-72"	1	1	8	0	0	0	0	"N7"
"HC_NL_72__HC_NL_72__N3C092"	"N2"	"HC/NL-72"	"HC"	"HC/NL-72"	1	1	8	0	0	0	0	"N7"
"HC_NL_72__HC_NL_72__N3C092"	"N3"	"HC/NL-72"	"HC"	"HC/NL-72"	1	1	8	0	0	0	0	"N7"
"HC_NL_72__HC_NL_72__N3C092"	"N4"	"HC/NL-72"	"HC"	"HC/NL-72"	1	1	8	0	0	0	0	"N7"
"HC_NL_72__HC_NL_72__N3C092"	"N5"	"HC/NL-72"	"HC"	"HC/NL-72"	1	1	8	0	0	0	0	"N7"
"HC_NL_72__HC_NL_72__N3C092"	"N6"	"HC/NL-72"	"HC"	"HC/NL-72"	1	1	8	0	0	0	0	"N7"
"HC_NL_72__HC_NL_72__N3C092"	"N7"	"HC/NL-72"	"HC"	"HC/NL-72"	1	1	8	8	1	1	1	"N7"
"HC_NL_72__HC_NL_72__N3C092"	"N8"	"HC/NL-72"	"HC"	"HC/NL-72"	1	1	8	0	0	0	0	"N7"
"HC_NL_72__HC_NL_72__N3C093"	"N1"	"HC/NL-72"	"HC"	"HC/NL-72"	1	1	8	0	0	0	0	"N7"
"HC_NL_72__HC_NL_72__N3C093"	"N2"	"HC/NL-72"	"HC"	"HC/NL-72"	1	1	8	0	0	0	0	"N7"
"HC_NL_72__HC_NL_72__N3C093"	"N3"	"HC/NL-72"	"HC"	"HC/NL-72"	1	1	8	0	0	0	0	"N7"
"HC_NL_72__HC_NL_72__N3C093"	"N4"	"HC/NL-72"	"HC"	"HC/NL-72"	1	1	8	0	0	0	0	"N7"
"HC_NL_72__HC_NL_72__N3C093"	"N5"	"HC/NL-72"	"HC"	"HC/NL-72"	1	1	8	0	0	0	0	"N7"
"HC_NL_72__HC_NL_72__N3C093"	"N6"	"HC/NL-72"	"HC"	"HC/NL-72"	1	1	8	0	0	0	0	"N7"
"HC_NL_72__HC_NL_72__N3C093"	"N7"	"HC/NL-72"	"HC"	"HC/NL-72"	1	1	8	8	1	1	1	"N7"
"HC_NL_72__HC_NL_72__N3C093"	"N8"	"HC/NL-72"	"HC"	"HC/NL-72"	1	1	8	0	0	0	0	"N7"
"HC_NL_72__HC_NL_72__N3C094"	"N1"	"HC/NL-72"	"HC"	"HC/NL-72"	4	4	24	10	4	0.416666666666667	1	"N1"
"HC_NL_72__HC_NL_72__N3C094"	"N2"	"HC/NL-72"	"HC"	"HC/NL-72"	4	4	24	0	0	0	0	"N1"
"HC_NL_72__HC_NL_72__N3C094"	"N3"	"HC/NL-72"	"HC"	"HC/NL-72"	4	4	24	0	0	0	0	"N1"
"HC_NL_72__HC_NL_72__N3C094"	"N4"	"HC/NL-72"	"HC"	"HC/NL-72"	4	4	24	1	1	0.0416666666666667	0.25	"N1"
"HC_NL_72__HC_NL_72__N3C094"	"N5"	"HC/NL-72"	"HC"	"HC/NL-72"	4	4	24	7	4	0.291666666666667	1	"N1"
"HC_NL_72__HC_NL_72__N3C094"	"N6"	"HC/NL-72"	"HC"	"HC/NL-72"	4	4	24	0	0	0	0	"N1"
"HC_NL_72__HC_NL_72__N3C094"	"N7"	"HC/NL-72"	"HC"	"HC/NL-72"	4	4	24	0	0	0	0	"N1"
"HC_NL_72__HC_NL_72__N3C094"	"N8"	"HC/NL-72"	"HC"	"HC/NL-72"	4	4	24	6	4	0.25	1	"N1"
"HC_NL_72__HC_NL_72__N3C095"	"N1"	"HC/NL-72"	"HC"	"HC/NL-72"	13	13	68	44	13	0.647058823529412	1	"N1"
"HC_NL_72__HC_NL_72__N3C095"	"N2"	"HC/NL-72"	"HC"	"HC/NL-72"	13	13	68	0	0	0	0	"N1"
"HC_NL_72__HC_NL_72__N3C095"	"N3"	"HC/NL-72"	"HC"	"HC/NL-72"	13	13	68	0	0	0	0	"N1"
"HC_NL_72__HC_NL_72__N3C095"	"N4"	"HC/NL-72"	"HC"	"HC/NL-72"	13	13	68	0	0	0	0	"N1"
"HC_NL_72__HC_NL_72__N3C095"	"N5"	"HC/NL-72"	"HC"	"HC/NL-72"	13	13	68	8	4	0.117647058823529	0.307692307692308	"N1"
"HC_NL_72__HC_NL_72__N3C095"	"N6"	"HC/NL-72"	"HC"	"HC/NL-72"	13	13	68	2	1	0.0294117647058824	0.0769230769230769	"N1"
"HC_NL_72__HC_NL_72__N3C095"	"N7"	"HC/NL-72"	"HC"	"HC/NL-72"	13	13	68	11	6	0.161764705882353	0.461538461538462	"N1"
"HC_NL_72__HC_NL_72__N3C095"	"N8"	"HC/NL-72"	"HC"	"HC/NL-72"	13	13	68	3	2	0.0441176470588235	0.153846153846154	"N1"
"HC_NL_72__HC_NL_72__N3C096"	"N1"	"HC/NL-72"	"HC"	"HC/NL-72"	2	2	14	9	2	0.642857142857143	1	"N1"
"HC_NL_72__HC_NL_72__N3C096"	"N2"	"HC/NL-72"	"HC"	"HC/NL-72"	2	2	14	0	0	0	0	"N1"
"HC_NL_72__HC_NL_72__N3C096"	"N3"	"HC/NL-72"	"HC"	"HC/NL-72"	2	2	14	0	0	0	0	"N1"
"HC_NL_72__HC_NL_72__N3C096"	"N4"	"HC/NL-72"	"HC"	"HC/NL-72"	2	2	14	0	0	0	0	"N1"
"HC_NL_72__HC_NL_72__N3C096"	"N5"	"HC/NL-72"	"HC"	"HC/NL-72"	2	2	14	0	0	0	0	"N1"
"HC_NL_72__HC_NL_72__N3C096"	"N6"	"HC/NL-72"	"HC"	"HC/NL-72"	2	2	14	2	2	0.142857142857143	1	"N1"
"HC_NL_72__HC_NL_72__N3C096"	"N7"	"HC/NL-72"	"HC"	"HC/NL-72"	2	2	14	3	2	0.214285714285714	1	"N1"
"HC_NL_72__HC_NL_72__N3C096"	"N8"	"HC/NL-72"	"HC"	"HC/NL-72"	2	2	14	0	0	0	0	"N1"
"HC_NL_72__HC_NL_72__N3C097"	"N1"	"HC/NL-72"	"HC"	"HC/NL-72"	1	1	5	0	0	0	0	"N5"
"HC_NL_72__HC_NL_72__N3C097"	"N2"	"HC/NL-72"	"HC"	"HC/NL-72"	1	1	5	0	0	0	0	"N5"
"HC_NL_72__HC_NL_72__N3C097"	"N3"	"HC/NL-72"	"HC"	"HC/NL-72"	1	1	5	0	0	0	0	"N5"
"HC_NL_72__HC_NL_72__N3C097"	"N4"	"HC/NL-72"	"HC"	"HC/NL-72"	1	1	5	0	0	0	0	"N5"
"HC_NL_72__HC_NL_72__N3C097"	"N5"	"HC/NL-72"	"HC"	"HC/NL-72"	1	1	5	4	1	0.8	1	"N5"
"HC_NL_72__HC_NL_72__N3C097"	"N6"	"HC/NL-72"	"HC"	"HC/NL-72"	1	1	5	0	0	0	0	"N5"
"HC_NL_72__HC_NL_72__N3C097"	"N7"	"HC/NL-72"	"HC"	"HC/NL-72"	1	1	5	1	1	0.2	1	"N5"
"HC_NL_72__HC_NL_72__N3C097"	"N8"	"HC/NL-72"	"HC"	"HC/NL-72"	1	1	5	0	0	0	0	"N5"
"HC_NL_72__HC_NL_72__N3C098"	"N1"	"HC/NL-72"	"HC"	"HC/NL-72"	1	1	8	4	1	0.5	1	"N1; N8"
"HC_NL_72__HC_NL_72__N3C098"	"N2"	"HC/NL-72"	"HC"	"HC/NL-72"	1	1	8	0	0	0	0	"N1; N8"
"HC_NL_72__HC_NL_72__N3C098"	"N3"	"HC/NL-72"	"HC"	"HC/NL-72"	1	1	8	0	0	0	0	"N1; N8"
"HC_NL_72__HC_NL_72__N3C098"	"N4"	"HC/NL-72"	"HC"	"HC/NL-72"	1	1	8	0	0	0	0	"N1; N8"
"HC_NL_72__HC_NL_72__N3C098"	"N5"	"HC/NL-72"	"HC"	"HC/NL-72"	1	1	8	0	0	0	0	"N1; N8"
"HC_NL_72__HC_NL_72__N3C098"	"N6"	"HC/NL-72"	"HC"	"HC/NL-72"	1	1	8	0	0	0	0	"N1; N8"
"HC_NL_72__HC_NL_72__N3C098"	"N7"	"HC/NL-72"	"HC"	"HC/NL-72"	1	1	8	0	0	0	0	"N1; N8"
"HC_NL_72__HC_NL_72__N3C098"	"N8"	"HC/NL-72"	"HC"	"HC/NL-72"	1	1	8	4	1	0.5	1	"N1; N8"
"HC_NL_72__HC_NL_72__N3C099"	"N1"	"HC/NL-72"	"HC"	"HC/NL-72"	1	1	8	1	1	0.125	1	"N7"
"HC_NL_72__HC_NL_72__N3C099"	"N2"	"HC/NL-72"	"HC"	"HC/NL-72"	1	1	8	0	0	0	0	"N7"
"HC_NL_72__HC_NL_72__N3C099"	"N3"	"HC/NL-72"	"HC"	"HC/NL-72"	1	1	8	0	0	0	0	"N7"
"HC_NL_72__HC_NL_72__N3C099"	"N4"	"HC/NL-72"	"HC"	"HC/NL-72"	1	1	8	0	0	0	0	"N7"
"HC_NL_72__HC_NL_72__N3C099"	"N5"	"HC/NL-72"	"HC"	"HC/NL-72"	1	1	8	0	0	0	0	"N7"
"HC_NL_72__HC_NL_72__N3C099"	"N6"	"HC/NL-72"	"HC"	"HC/NL-72"	1	1	8	0	0	0	0	"N7"
"HC_NL_72__HC_NL_72__N3C099"	"N7"	"HC/NL-72"	"HC"	"HC/NL-72"	1	1	8	7	1	0.875	1	"N7"
"HC_NL_72__HC_NL_72__N3C099"	"N8"	"HC/NL-72"	"HC"	"HC/NL-72"	1	1	8	0	0	0	0	"N7"
"HC_NL_72__HC_NL_72__N3C100"	"N1"	"HC/NL-72"	"HC"	"HC/NL-72"	8	8	34	12	4	0.352941176470588	0.5	"N7"
"HC_NL_72__HC_NL_72__N3C100"	"N2"	"HC/NL-72"	"HC"	"HC/NL-72"	8	8	34	0	0	0	0	"N7"
"HC_NL_72__HC_NL_72__N3C100"	"N3"	"HC/NL-72"	"HC"	"HC/NL-72"	8	8	34	0	0	0	0	"N7"
"HC_NL_72__HC_NL_72__N3C100"	"N4"	"HC/NL-72"	"HC"	"HC/NL-72"	8	8	34	0	0	0	0	"N7"
"HC_NL_72__HC_NL_72__N3C100"	"N5"	"HC/NL-72"	"HC"	"HC/NL-72"	8	8	34	0	0	0	0	"N7"
"HC_NL_72__HC_NL_72__N3C100"	"N6"	"HC/NL-72"	"HC"	"HC/NL-72"	8	8	34	0	0	0	0	"N7"
"HC_NL_72__HC_NL_72__N3C100"	"N7"	"HC/NL-72"	"HC"	"HC/NL-72"	8	8	34	22	7	0.647058823529412	0.875	"N7"
"HC_NL_72__HC_NL_72__N3C100"	"N8"	"HC/NL-72"	"HC"	"HC/NL-72"	8	8	34	0	0	0	0	"N7"
"HC_NL_72__HC_NL_72__N3C101"	"N1"	"HC/NL-72"	"HC"	"HC/NL-72"	4	4	13	0	0	0	0	"N7"
"HC_NL_72__HC_NL_72__N3C101"	"N2"	"HC/NL-72"	"HC"	"HC/NL-72"	4	4	13	0	0	0	0	"N7"
"HC_NL_72__HC_NL_72__N3C101"	"N3"	"HC/NL-72"	"HC"	"HC/NL-72"	4	4	13	0	0	0	0	"N7"
"HC_NL_72__HC_NL_72__N3C101"	"N4"	"HC/NL-72"	"HC"	"HC/NL-72"	4	4	13	0	0	0	0	"N7"
"HC_NL_72__HC_NL_72__N3C101"	"N5"	"HC/NL-72"	"HC"	"HC/NL-72"	4	4	13	1	1	0.0769230769230769	0.25	"N7"
"HC_NL_72__HC_NL_72__N3C101"	"N6"	"HC/NL-72"	"HC"	"HC/NL-72"	4	4	13	0	0	0	0	"N7"
"HC_NL_72__HC_NL_72__N3C101"	"N7"	"HC/NL-72"	"HC"	"HC/NL-72"	4	4	13	12	4	0.923076923076923	1	"N7"
"HC_NL_72__HC_NL_72__N3C101"	"N8"	"HC/NL-72"	"HC"	"HC/NL-72"	4	4	13	0	0	0	0	"N7"
"HC_NL_72__HC_NL_72__N3C102"	"N1"	"HC/NL-72"	"HC"	"HC/NL-72"	2	2	14	0	0	0	0	"N7"
"HC_NL_72__HC_NL_72__N3C102"	"N2"	"HC/NL-72"	"HC"	"HC/NL-72"	2	2	14	0	0	0	0	"N7"
"HC_NL_72__HC_NL_72__N3C102"	"N3"	"HC/NL-72"	"HC"	"HC/NL-72"	2	2	14	0	0	0	0	"N7"
"HC_NL_72__HC_NL_72__N3C102"	"N4"	"HC/NL-72"	"HC"	"HC/NL-72"	2	2	14	0	0	0	0	"N7"
"HC_NL_72__HC_NL_72__N3C102"	"N5"	"HC/NL-72"	"HC"	"HC/NL-72"	2	2	14	0	0	0	0	"N7"
"HC_NL_72__HC_NL_72__N3C102"	"N6"	"HC/NL-72"	"HC"	"HC/NL-72"	2	2	14	0	0	0	0	"N7"
"HC_NL_72__HC_NL_72__N3C102"	"N7"	"HC/NL-72"	"HC"	"HC/NL-72"	2	2	14	14	2	1	1	"N7"
"HC_NL_72__HC_NL_72__N3C102"	"N8"	"HC/NL-72"	"HC"	"HC/NL-72"	2	2	14	0	0	0	0	"N7"
"HC_NL_72__HC_NL_72__N3C103"	"N1"	"HC/NL-72"	"HC"	"HC/NL-72"	1	1	8	0	0	0	0	"N7"
"HC_NL_72__HC_NL_72__N3C103"	"N2"	"HC/NL-72"	"HC"	"HC/NL-72"	1	1	8	0	0	0	0	"N7"
"HC_NL_72__HC_NL_72__N3C103"	"N3"	"HC/NL-72"	"HC"	"HC/NL-72"	1	1	8	0	0	0	0	"N7"
"HC_NL_72__HC_NL_72__N3C103"	"N4"	"HC/NL-72"	"HC"	"HC/NL-72"	1	1	8	0	0	0	0	"N7"
"HC_NL_72__HC_NL_72__N3C103"	"N5"	"HC/NL-72"	"HC"	"HC/NL-72"	1	1	8	0	0	0	0	"N7"
"HC_NL_72__HC_NL_72__N3C103"	"N6"	"HC/NL-72"	"HC"	"HC/NL-72"	1	1	8	0	0	0	0	"N7"
"HC_NL_72__HC_NL_72__N3C103"	"N7"	"HC/NL-72"	"HC"	"HC/NL-72"	1	1	8	8	1	1	1	"N7"
"HC_NL_72__HC_NL_72__N3C103"	"N8"	"HC/NL-72"	"HC"	"HC/NL-72"	1	1	8	0	0	0	0	"N7"
"HC_NL_72__HC_NL_72__N3C104"	"N1"	"HC/NL-72"	"HC"	"HC/NL-72"	1	1	4	2	1	0.5	1	"N1"
"HC_NL_72__HC_NL_72__N3C104"	"N2"	"HC/NL-72"	"HC"	"HC/NL-72"	1	1	4	0	0	0	0	"N1"
"HC_NL_72__HC_NL_72__N3C104"	"N3"	"HC/NL-72"	"HC"	"HC/NL-72"	1	1	4	0	0	0	0	"N1"
"HC_NL_72__HC_NL_72__N3C104"	"N4"	"HC/NL-72"	"HC"	"HC/NL-72"	1	1	4	0	0	0	0	"N1"
"HC_NL_72__HC_NL_72__N3C104"	"N5"	"HC/NL-72"	"HC"	"HC/NL-72"	1	1	4	0	0	0	0	"N1"
"HC_NL_72__HC_NL_72__N3C104"	"N6"	"HC/NL-72"	"HC"	"HC/NL-72"	1	1	4	1	1	0.25	1	"N1"
"HC_NL_72__HC_NL_72__N3C104"	"N7"	"HC/NL-72"	"HC"	"HC/NL-72"	1	1	4	1	1	0.25	1	"N1"
"HC_NL_72__HC_NL_72__N3C104"	"N8"	"HC/NL-72"	"HC"	"HC/NL-72"	1	1	4	0	0	0	0	"N1"
"HC_NL_72__HC_NL_72__N3C105"	"N1"	"HC/NL-72"	"HC"	"HC/NL-72"	22	22	87	8	5	0.0919540229885057	0.227272727272727	"N5"
"HC_NL_72__HC_NL_72__N3C105"	"N2"	"HC/NL-72"	"HC"	"HC/NL-72"	22	22	87	0	0	0	0	"N5"
"HC_NL_72__HC_NL_72__N3C105"	"N3"	"HC/NL-72"	"HC"	"HC/NL-72"	22	22	87	0	0	0	0	"N5"
"HC_NL_72__HC_NL_72__N3C105"	"N4"	"HC/NL-72"	"HC"	"HC/NL-72"	22	22	87	0	0	0	0	"N5"
"HC_NL_72__HC_NL_72__N3C105"	"N5"	"HC/NL-72"	"HC"	"HC/NL-72"	22	22	87	55	19	0.632183908045977	0.863636363636364	"N5"
"HC_NL_72__HC_NL_72__N3C105"	"N6"	"HC/NL-72"	"HC"	"HC/NL-72"	22	22	87	3	3	0.0344827586206897	0.136363636363636	"N5"
"HC_NL_72__HC_NL_72__N3C105"	"N7"	"HC/NL-72"	"HC"	"HC/NL-72"	22	22	87	6	6	0.0689655172413793	0.272727272727273	"N5"
"HC_NL_72__HC_NL_72__N3C105"	"N8"	"HC/NL-72"	"HC"	"HC/NL-72"	22	22	87	15	10	0.172413793103448	0.454545454545455	"N5"
"HC_NL_72__HC_NL_72__N3C106"	"N1"	"HC/NL-72"	"HC"	"HC/NL-72"	4	4	26	13	4	0.5	1	"N1"
"HC_NL_72__HC_NL_72__N3C106"	"N2"	"HC/NL-72"	"HC"	"HC/NL-72"	4	4	26	0	0	0	0	"N1"
"HC_NL_72__HC_NL_72__N3C106"	"N3"	"HC/NL-72"	"HC"	"HC/NL-72"	4	4	26	0	0	0	0	"N1"
"HC_NL_72__HC_NL_72__N3C106"	"N4"	"HC/NL-72"	"HC"	"HC/NL-72"	4	4	26	0	0	0	0	"N1"
"HC_NL_72__HC_NL_72__N3C106"	"N5"	"HC/NL-72"	"HC"	"HC/NL-72"	4	4	26	8	3	0.307692307692308	0.75	"N1"
"HC_NL_72__HC_NL_72__N3C106"	"N6"	"HC/NL-72"	"HC"	"HC/NL-72"	4	4	26	0	0	0	0	"N1"
"HC_NL_72__HC_NL_72__N3C106"	"N7"	"HC/NL-72"	"HC"	"HC/NL-72"	4	4	26	3	2	0.115384615384615	0.5	"N1"
"HC_NL_72__HC_NL_72__N3C106"	"N8"	"HC/NL-72"	"HC"	"HC/NL-72"	4	4	26	2	2	0.0769230769230769	0.5	"N1"
"HC_NL_72__HC_NL_72__N3C107"	"N1"	"HC/NL-72"	"HC"	"HC/NL-72"	1	1	8	3	1	0.375	1	"N7"
"HC_NL_72__HC_NL_72__N3C107"	"N2"	"HC/NL-72"	"HC"	"HC/NL-72"	1	1	8	0	0	0	0	"N7"
"HC_NL_72__HC_NL_72__N3C107"	"N3"	"HC/NL-72"	"HC"	"HC/NL-72"	1	1	8	0	0	0	0	"N7"
"HC_NL_72__HC_NL_72__N3C107"	"N4"	"HC/NL-72"	"HC"	"HC/NL-72"	1	1	8	0	0	0	0	"N7"
"HC_NL_72__HC_NL_72__N3C107"	"N5"	"HC/NL-72"	"HC"	"HC/NL-72"	1	1	8	0	0	0	0	"N7"
"HC_NL_72__HC_NL_72__N3C107"	"N6"	"HC/NL-72"	"HC"	"HC/NL-72"	1	1	8	0	0	0	0	"N7"
"HC_NL_72__HC_NL_72__N3C107"	"N7"	"HC/NL-72"	"HC"	"HC/NL-72"	1	1	8	5	1	0.625	1	"N7"
"HC_NL_72__HC_NL_72__N3C107"	"N8"	"HC/NL-72"	"HC"	"HC/NL-72"	1	1	8	0	0	0	0	"N7"
"HC_NL_72__HC_NL_72__N3C108"	"N1"	"HC/NL-72"	"HC"	"HC/NL-72"	1	1	8	6	1	0.75	1	"N1"
"HC_NL_72__HC_NL_72__N3C108"	"N2"	"HC/NL-72"	"HC"	"HC/NL-72"	1	1	8	0	0	0	0	"N1"
"HC_NL_72__HC_NL_72__N3C108"	"N3"	"HC/NL-72"	"HC"	"HC/NL-72"	1	1	8	0	0	0	0	"N1"
"HC_NL_72__HC_NL_72__N3C108"	"N4"	"HC/NL-72"	"HC"	"HC/NL-72"	1	1	8	0	0	0	0	"N1"
"HC_NL_72__HC_NL_72__N3C108"	"N5"	"HC/NL-72"	"HC"	"HC/NL-72"	1	1	8	0	0	0	0	"N1"
"HC_NL_72__HC_NL_72__N3C108"	"N6"	"HC/NL-72"	"HC"	"HC/NL-72"	1	1	8	0	0	0	0	"N1"
"HC_NL_72__HC_NL_72__N3C108"	"N7"	"HC/NL-72"	"HC"	"HC/NL-72"	1	1	8	2	1	0.25	1	"N1"
"HC_NL_72__HC_NL_72__N3C108"	"N8"	"HC/NL-72"	"HC"	"HC/NL-72"	1	1	8	0	0	0	0	"N1"
"HC_NL_72__HC_NL_72__N3C109"	"N1"	"HC/NL-72"	"HC"	"HC/NL-72"	8	8	34	8	6	0.235294117647059	0.75	"N7"
"HC_NL_72__HC_NL_72__N3C109"	"N2"	"HC/NL-72"	"HC"	"HC/NL-72"	8	8	34	0	0	0	0	"N7"
"HC_NL_72__HC_NL_72__N3C109"	"N3"	"HC/NL-72"	"HC"	"HC/NL-72"	8	8	34	0	0	0	0	"N7"
"HC_NL_72__HC_NL_72__N3C109"	"N4"	"HC/NL-72"	"HC"	"HC/NL-72"	8	8	34	0	0	0	0	"N7"
"HC_NL_72__HC_NL_72__N3C109"	"N5"	"HC/NL-72"	"HC"	"HC/NL-72"	8	8	34	11	7	0.323529411764706	0.875	"N7"
"HC_NL_72__HC_NL_72__N3C109"	"N6"	"HC/NL-72"	"HC"	"HC/NL-72"	8	8	34	1	1	0.0294117647058824	0.125	"N7"
"HC_NL_72__HC_NL_72__N3C109"	"N7"	"HC/NL-72"	"HC"	"HC/NL-72"	8	8	34	14	8	0.411764705882353	1	"N7"
"HC_NL_72__HC_NL_72__N3C109"	"N8"	"HC/NL-72"	"HC"	"HC/NL-72"	8	8	34	0	0	0	0	"N7"
"HC_NL_72__HC_NL_72__N3C110"	"N1"	"HC/NL-72"	"HC"	"HC/NL-72"	1	1	8	6	1	0.75	1	"N1"
"HC_NL_72__HC_NL_72__N3C110"	"N2"	"HC/NL-72"	"HC"	"HC/NL-72"	1	1	8	0	0	0	0	"N1"
"HC_NL_72__HC_NL_72__N3C110"	"N3"	"HC/NL-72"	"HC"	"HC/NL-72"	1	1	8	0	0	0	0	"N1"
"HC_NL_72__HC_NL_72__N3C110"	"N4"	"HC/NL-72"	"HC"	"HC/NL-72"	1	1	8	0	0	0	0	"N1"
"HC_NL_72__HC_NL_72__N3C110"	"N5"	"HC/NL-72"	"HC"	"HC/NL-72"	1	1	8	0	0	0	0	"N1"
"HC_NL_72__HC_NL_72__N3C110"	"N6"	"HC/NL-72"	"HC"	"HC/NL-72"	1	1	8	0	0	0	0	"N1"
"HC_NL_72__HC_NL_72__N3C110"	"N7"	"HC/NL-72"	"HC"	"HC/NL-72"	1	1	8	0	0	0	0	"N1"
"HC_NL_72__HC_NL_72__N3C110"	"N8"	"HC/NL-72"	"HC"	"HC/NL-72"	1	1	8	2	1	0.25	1	"N1"
"HC_NL_72__HC_NL_72__N3C111"	"N1"	"HC/NL-72"	"HC"	"HC/NL-72"	69	67	218	86	48	0.394495412844037	0.716417910447761	"N7"
"HC_NL_72__HC_NL_72__N3C111"	"N2"	"HC/NL-72"	"HC"	"HC/NL-72"	69	67	218	0	0	0	0	"N7"
"HC_NL_72__HC_NL_72__N3C111"	"N3"	"HC/NL-72"	"HC"	"HC/NL-72"	69	67	218	0	0	0	0	"N7"
"HC_NL_72__HC_NL_72__N3C111"	"N4"	"HC/NL-72"	"HC"	"HC/NL-72"	69	67	218	0	0	0	0	"N7"
"HC_NL_72__HC_NL_72__N3C111"	"N5"	"HC/NL-72"	"HC"	"HC/NL-72"	69	67	218	22	13	0.100917431192661	0.194029850746269	"N7"
"HC_NL_72__HC_NL_72__N3C111"	"N6"	"HC/NL-72"	"HC"	"HC/NL-72"	69	67	218	1	1	0.00458715596330275	0.0149253731343284	"N7"
"HC_NL_72__HC_NL_72__N3C111"	"N7"	"HC/NL-72"	"HC"	"HC/NL-72"	69	67	218	99	43	0.454128440366972	0.641791044776119	"N7"
"HC_NL_72__HC_NL_72__N3C111"	"N8"	"HC/NL-72"	"HC"	"HC/NL-72"	69	67	218	10	5	0.0458715596330275	0.0746268656716418	"N7"
"HC_NL_72__HC_NL_72__N3C112"	"N1"	"HC/NL-72"	"HC"	"HC/NL-72"	1	1	8	0	0	0	0	"N7"
"HC_NL_72__HC_NL_72__N3C112"	"N2"	"HC/NL-72"	"HC"	"HC/NL-72"	1	1	8	0	0	0	0	"N7"
"HC_NL_72__HC_NL_72__N3C112"	"N3"	"HC/NL-72"	"HC"	"HC/NL-72"	1	1	8	0	0	0	0	"N7"
"HC_NL_72__HC_NL_72__N3C112"	"N4"	"HC/NL-72"	"HC"	"HC/NL-72"	1	1	8	0	0	0	0	"N7"
"HC_NL_72__HC_NL_72__N3C112"	"N5"	"HC/NL-72"	"HC"	"HC/NL-72"	1	1	8	0	0	0	0	"N7"
"HC_NL_72__HC_NL_72__N3C112"	"N6"	"HC/NL-72"	"HC"	"HC/NL-72"	1	1	8	0	0	0	0	"N7"
"HC_NL_72__HC_NL_72__N3C112"	"N7"	"HC/NL-72"	"HC"	"HC/NL-72"	1	1	8	8	1	1	1	"N7"
"HC_NL_72__HC_NL_72__N3C112"	"N8"	"HC/NL-72"	"HC"	"HC/NL-72"	1	1	8	0	0	0	0	"N7"
"HC_NL_72__HC_NL_72__N3C113"	"N1"	"HC/NL-72"	"HC"	"HC/NL-72"	2	2	14	0	0	0	0	"N7"
"HC_NL_72__HC_NL_72__N3C113"	"N2"	"HC/NL-72"	"HC"	"HC/NL-72"	2	2	14	0	0	0	0	"N7"
"HC_NL_72__HC_NL_72__N3C113"	"N3"	"HC/NL-72"	"HC"	"HC/NL-72"	2	2	14	0	0	0	0	"N7"
"HC_NL_72__HC_NL_72__N3C113"	"N4"	"HC/NL-72"	"HC"	"HC/NL-72"	2	2	14	0	0	0	0	"N7"
"HC_NL_72__HC_NL_72__N3C113"	"N5"	"HC/NL-72"	"HC"	"HC/NL-72"	2	2	14	5	2	0.357142857142857	1	"N7"
"HC_NL_72__HC_NL_72__N3C113"	"N6"	"HC/NL-72"	"HC"	"HC/NL-72"	2	2	14	0	0	0	0	"N7"
"HC_NL_72__HC_NL_72__N3C113"	"N7"	"HC/NL-72"	"HC"	"HC/NL-72"	2	2	14	9	2	0.642857142857143	1	"N7"
"HC_NL_72__HC_NL_72__N3C113"	"N8"	"HC/NL-72"	"HC"	"HC/NL-72"	2	2	14	0	0	0	0	"N7"
"HC_NL_72__HC_NL_72__N3C114"	"N1"	"HC/NL-72"	"HC"	"HC/NL-72"	5	5	28	8	3	0.285714285714286	0.6	"N7"
"HC_NL_72__HC_NL_72__N3C114"	"N2"	"HC/NL-72"	"HC"	"HC/NL-72"	5	5	28	0	0	0	0	"N7"
"HC_NL_72__HC_NL_72__N3C114"	"N3"	"HC/NL-72"	"HC"	"HC/NL-72"	5	5	28	0	0	0	0	"N7"
"HC_NL_72__HC_NL_72__N3C114"	"N4"	"HC/NL-72"	"HC"	"HC/NL-72"	5	5	28	0	0	0	0	"N7"
"HC_NL_72__HC_NL_72__N3C114"	"N5"	"HC/NL-72"	"HC"	"HC/NL-72"	5	5	28	0	0	0	0	"N7"
"HC_NL_72__HC_NL_72__N3C114"	"N6"	"HC/NL-72"	"HC"	"HC/NL-72"	5	5	28	0	0	0	0	"N7"
"HC_NL_72__HC_NL_72__N3C114"	"N7"	"HC/NL-72"	"HC"	"HC/NL-72"	5	5	28	17	5	0.607142857142857	1	"N7"
"HC_NL_72__HC_NL_72__N3C114"	"N8"	"HC/NL-72"	"HC"	"HC/NL-72"	5	5	28	3	3	0.107142857142857	0.6	"N7"
"HC_NL_72__HC_NL_72__N3C115"	"N1"	"HC/NL-72"	"HC"	"HC/NL-72"	4	4	22	3	3	0.136363636363636	0.75	"N7"
"HC_NL_72__HC_NL_72__N3C115"	"N2"	"HC/NL-72"	"HC"	"HC/NL-72"	4	4	22	0	0	0	0	"N7"
"HC_NL_72__HC_NL_72__N3C115"	"N3"	"HC/NL-72"	"HC"	"HC/NL-72"	4	4	22	0	0	0	0	"N7"
"HC_NL_72__HC_NL_72__N3C115"	"N4"	"HC/NL-72"	"HC"	"HC/NL-72"	4	4	22	0	0	0	0	"N7"
"HC_NL_72__HC_NL_72__N3C115"	"N5"	"HC/NL-72"	"HC"	"HC/NL-72"	4	4	22	5	4	0.227272727272727	1	"N7"
"HC_NL_72__HC_NL_72__N3C115"	"N6"	"HC/NL-72"	"HC"	"HC/NL-72"	4	4	22	0	0	0	0	"N7"
"HC_NL_72__HC_NL_72__N3C115"	"N7"	"HC/NL-72"	"HC"	"HC/NL-72"	4	4	22	14	4	0.636363636363636	1	"N7"
"HC_NL_72__HC_NL_72__N3C115"	"N8"	"HC/NL-72"	"HC"	"HC/NL-72"	4	4	22	0	0	0	0	"N7"
"HC_NL_72__HC_NL_72__N3C116"	"N1"	"HC/NL-72"	"HC"	"HC/NL-72"	12	12	42	11	7	0.261904761904762	0.583333333333333	"N8"
"HC_NL_72__HC_NL_72__N3C116"	"N2"	"HC/NL-72"	"HC"	"HC/NL-72"	12	12	42	0	0	0	0	"N8"
"HC_NL_72__HC_NL_72__N3C116"	"N3"	"HC/NL-72"	"HC"	"HC/NL-72"	12	12	42	0	0	0	0	"N8"
"HC_NL_72__HC_NL_72__N3C116"	"N4"	"HC/NL-72"	"HC"	"HC/NL-72"	12	12	42	0	0	0	0	"N8"
"HC_NL_72__HC_NL_72__N3C116"	"N5"	"HC/NL-72"	"HC"	"HC/NL-72"	12	12	42	9	4	0.214285714285714	0.333333333333333	"N8"
"HC_NL_72__HC_NL_72__N3C116"	"N6"	"HC/NL-72"	"HC"	"HC/NL-72"	12	12	42	1	1	0.0238095238095238	0.0833333333333333	"N8"
"HC_NL_72__HC_NL_72__N3C116"	"N7"	"HC/NL-72"	"HC"	"HC/NL-72"	12	12	42	8	5	0.19047619047619	0.416666666666667	"N8"
"HC_NL_72__HC_NL_72__N3C116"	"N8"	"HC/NL-72"	"HC"	"HC/NL-72"	12	12	42	13	7	0.30952380952381	0.583333333333333	"N8"
"HC_NL_72__HC_NL_72__N3C117"	"N1"	"HC/NL-72"	"HC"	"HC/NL-72"	3	3	20	0	0	0	0	"N7"
"HC_NL_72__HC_NL_72__N3C117"	"N2"	"HC/NL-72"	"HC"	"HC/NL-72"	3	3	20	0	0	0	0	"N7"
"HC_NL_72__HC_NL_72__N3C117"	"N3"	"HC/NL-72"	"HC"	"HC/NL-72"	3	3	20	0	0	0	0	"N7"
"HC_NL_72__HC_NL_72__N3C117"	"N4"	"HC/NL-72"	"HC"	"HC/NL-72"	3	3	20	0	0	0	0	"N7"
"HC_NL_72__HC_NL_72__N3C117"	"N5"	"HC/NL-72"	"HC"	"HC/NL-72"	3	3	20	0	0	0	0	"N7"
"HC_NL_72__HC_NL_72__N3C117"	"N6"	"HC/NL-72"	"HC"	"HC/NL-72"	3	3	20	1	1	0.05	0.333333333333333	"N7"
"HC_NL_72__HC_NL_72__N3C117"	"N7"	"HC/NL-72"	"HC"	"HC/NL-72"	3	3	20	19	3	0.95	1	"N7"
"HC_NL_72__HC_NL_72__N3C117"	"N8"	"HC/NL-72"	"HC"	"HC/NL-72"	3	3	20	0	0	0	0	"N7"
"HC_NL_72__HC_NL_72__N3C118"	"N1"	"HC/NL-72"	"HC"	"HC/NL-72"	1	1	8	4	1	0.5	1	"N1"
"HC_NL_72__HC_NL_72__N3C118"	"N2"	"HC/NL-72"	"HC"	"HC/NL-72"	1	1	8	0	0	0	0	"N1"
"HC_NL_72__HC_NL_72__N3C118"	"N3"	"HC/NL-72"	"HC"	"HC/NL-72"	1	1	8	0	0	0	0	"N1"
"HC_NL_72__HC_NL_72__N3C118"	"N4"	"HC/NL-72"	"HC"	"HC/NL-72"	1	1	8	0	0	0	0	"N1"
"HC_NL_72__HC_NL_72__N3C118"	"N5"	"HC/NL-72"	"HC"	"HC/NL-72"	1	1	8	2	1	0.25	1	"N1"
"HC_NL_72__HC_NL_72__N3C118"	"N6"	"HC/NL-72"	"HC"	"HC/NL-72"	1	1	8	0	0	0	0	"N1"
"HC_NL_72__HC_NL_72__N3C118"	"N7"	"HC/NL-72"	"HC"	"HC/NL-72"	1	1	8	0	0	0	0	"N1"
"HC_NL_72__HC_NL_72__N3C118"	"N8"	"HC/NL-72"	"HC"	"HC/NL-72"	1	1	8	2	1	0.25	1	"N1"
"HC_NL_72__HC_NL_72__N3C119"	"N1"	"HC/NL-72"	"HC"	"HC/NL-72"	1	1	8	0	0	0	0	"N7"
"HC_NL_72__HC_NL_72__N3C119"	"N2"	"HC/NL-72"	"HC"	"HC/NL-72"	1	1	8	0	0	0	0	"N7"
"HC_NL_72__HC_NL_72__N3C119"	"N3"	"HC/NL-72"	"HC"	"HC/NL-72"	1	1	8	0	0	0	0	"N7"
"HC_NL_72__HC_NL_72__N3C119"	"N4"	"HC/NL-72"	"HC"	"HC/NL-72"	1	1	8	0	0	0	0	"N7"
"HC_NL_72__HC_NL_72__N3C119"	"N5"	"HC/NL-72"	"HC"	"HC/NL-72"	1	1	8	0	0	0	0	"N7"
"HC_NL_72__HC_NL_72__N3C119"	"N6"	"HC/NL-72"	"HC"	"HC/NL-72"	1	1	8	0	0	0	0	"N7"
"HC_NL_72__HC_NL_72__N3C119"	"N7"	"HC/NL-72"	"HC"	"HC/NL-72"	1	1	8	8	1	1	1	"N7"
"HC_NL_72__HC_NL_72__N3C119"	"N8"	"HC/NL-72"	"HC"	"HC/NL-72"	1	1	8	0	0	0	0	"N7"
"HC_NL_72__HC_NL_72__N3C120"	"N1"	"HC/NL-72"	"HC"	"HC/NL-72"	7	7	32	5	3	0.15625	0.428571428571429	"N7"
"HC_NL_72__HC_NL_72__N3C120"	"N2"	"HC/NL-72"	"HC"	"HC/NL-72"	7	7	32	0	0	0	0	"N7"
"HC_NL_72__HC_NL_72__N3C120"	"N3"	"HC/NL-72"	"HC"	"HC/NL-72"	7	7	32	0	0	0	0	"N7"
"HC_NL_72__HC_NL_72__N3C120"	"N4"	"HC/NL-72"	"HC"	"HC/NL-72"	7	7	32	0	0	0	0	"N7"
"HC_NL_72__HC_NL_72__N3C120"	"N5"	"HC/NL-72"	"HC"	"HC/NL-72"	7	7	32	0	0	0	0	"N7"
"HC_NL_72__HC_NL_72__N3C120"	"N6"	"HC/NL-72"	"HC"	"HC/NL-72"	7	7	32	0	0	0	0	"N7"
"HC_NL_72__HC_NL_72__N3C120"	"N7"	"HC/NL-72"	"HC"	"HC/NL-72"	7	7	32	27	7	0.84375	1	"N7"
"HC_NL_72__HC_NL_72__N3C120"	"N8"	"HC/NL-72"	"HC"	"HC/NL-72"	7	7	32	0	0	0	0	"N7"
"HC_NL_72__HC_NL_72__N3C121"	"N1"	"HC/NL-72"	"HC"	"HC/NL-72"	9	9	50	3	3	0.06	0.333333333333333	"N7"
"HC_NL_72__HC_NL_72__N3C121"	"N2"	"HC/NL-72"	"HC"	"HC/NL-72"	9	9	50	0	0	0	0	"N7"
"HC_NL_72__HC_NL_72__N3C121"	"N3"	"HC/NL-72"	"HC"	"HC/NL-72"	9	9	50	0	0	0	0	"N7"
"HC_NL_72__HC_NL_72__N3C121"	"N4"	"HC/NL-72"	"HC"	"HC/NL-72"	9	9	50	0	0	0	0	"N7"
"HC_NL_72__HC_NL_72__N3C121"	"N5"	"HC/NL-72"	"HC"	"HC/NL-72"	9	9	50	1	1	0.02	0.111111111111111	"N7"
"HC_NL_72__HC_NL_72__N3C121"	"N6"	"HC/NL-72"	"HC"	"HC/NL-72"	9	9	50	0	0	0	0	"N7"
"HC_NL_72__HC_NL_72__N3C121"	"N7"	"HC/NL-72"	"HC"	"HC/NL-72"	9	9	50	46	9	0.92	1	"N7"
"HC_NL_72__HC_NL_72__N3C121"	"N8"	"HC/NL-72"	"HC"	"HC/NL-72"	9	9	50	0	0	0	0	"N7"
"HC_NL_72__HC_NL_72__N3C122"	"N1"	"HC/NL-72"	"HC"	"HC/NL-72"	1	1	8	0	0	0	0	"N7"
"HC_NL_72__HC_NL_72__N3C122"	"N2"	"HC/NL-72"	"HC"	"HC/NL-72"	1	1	8	0	0	0	0	"N7"
"HC_NL_72__HC_NL_72__N3C122"	"N3"	"HC/NL-72"	"HC"	"HC/NL-72"	1	1	8	0	0	0	0	"N7"
"HC_NL_72__HC_NL_72__N3C122"	"N4"	"HC/NL-72"	"HC"	"HC/NL-72"	1	1	8	0	0	0	0	"N7"
"HC_NL_72__HC_NL_72__N3C122"	"N5"	"HC/NL-72"	"HC"	"HC/NL-72"	1	1	8	0	0	0	0	"N7"
"HC_NL_72__HC_NL_72__N3C122"	"N6"	"HC/NL-72"	"HC"	"HC/NL-72"	1	1	8	0	0	0	0	"N7"
"HC_NL_72__HC_NL_72__N3C122"	"N7"	"HC/NL-72"	"HC"	"HC/NL-72"	1	1	8	8	1	1	1	"N7"
"HC_NL_72__HC_NL_72__N3C122"	"N8"	"HC/NL-72"	"HC"	"HC/NL-72"	1	1	8	0	0	0	0	"N7"
"HC_NL_72__HC_NL_72__N3C123"	"N1"	"HC/NL-72"	"HC"	"HC/NL-72"	1	1	8	5	1	0.625	1	"N1"
"HC_NL_72__HC_NL_72__N3C123"	"N2"	"HC/NL-72"	"HC"	"HC/NL-72"	1	1	8	0	0	0	0	"N1"
"HC_NL_72__HC_NL_72__N3C123"	"N3"	"HC/NL-72"	"HC"	"HC/NL-72"	1	1	8	0	0	0	0	"N1"
"HC_NL_72__HC_NL_72__N3C123"	"N4"	"HC/NL-72"	"HC"	"HC/NL-72"	1	1	8	0	0	0	0	"N1"
"HC_NL_72__HC_NL_72__N3C123"	"N5"	"HC/NL-72"	"HC"	"HC/NL-72"	1	1	8	1	1	0.125	1	"N1"
"HC_NL_72__HC_NL_72__N3C123"	"N6"	"HC/NL-72"	"HC"	"HC/NL-72"	1	1	8	1	1	0.125	1	"N1"
"HC_NL_72__HC_NL_72__N3C123"	"N7"	"HC/NL-72"	"HC"	"HC/NL-72"	1	1	8	0	0	0	0	"N1"
"HC_NL_72__HC_NL_72__N3C123"	"N8"	"HC/NL-72"	"HC"	"HC/NL-72"	1	1	8	1	1	0.125	1	"N1"
"HC_NL_72__HC_NL_72__N3C124"	"N1"	"HC/NL-72"	"HC"	"HC/NL-72"	1	1	8	0	0	0	0	"N7"
"HC_NL_72__HC_NL_72__N3C124"	"N2"	"HC/NL-72"	"HC"	"HC/NL-72"	1	1	8	0	0	0	0	"N7"
"HC_NL_72__HC_NL_72__N3C124"	"N3"	"HC/NL-72"	"HC"	"HC/NL-72"	1	1	8	0	0	0	0	"N7"
"HC_NL_72__HC_NL_72__N3C124"	"N4"	"HC/NL-72"	"HC"	"HC/NL-72"	1	1	8	0	0	0	0	"N7"
"HC_NL_72__HC_NL_72__N3C124"	"N5"	"HC/NL-72"	"HC"	"HC/NL-72"	1	1	8	0	0	0	0	"N7"
"HC_NL_72__HC_NL_72__N3C124"	"N6"	"HC/NL-72"	"HC"	"HC/NL-72"	1	1	8	0	0	0	0	"N7"
"HC_NL_72__HC_NL_72__N3C124"	"N7"	"HC/NL-72"	"HC"	"HC/NL-72"	1	1	8	8	1	1	1	"N7"
"HC_NL_72__HC_NL_72__N3C124"	"N8"	"HC/NL-72"	"HC"	"HC/NL-72"	1	1	8	0	0	0	0	"N7"
"HC_NL_72__HC_NL_72__N3C125"	"N1"	"HC/NL-72"	"HC"	"HC/NL-72"	1	1	8	0	0	0	0	"N7"
"HC_NL_72__HC_NL_72__N3C125"	"N2"	"HC/NL-72"	"HC"	"HC/NL-72"	1	1	8	0	0	0	0	"N7"
"HC_NL_72__HC_NL_72__N3C125"	"N3"	"HC/NL-72"	"HC"	"HC/NL-72"	1	1	8	0	0	0	0	"N7"
"HC_NL_72__HC_NL_72__N3C125"	"N4"	"HC/NL-72"	"HC"	"HC/NL-72"	1	1	8	0	0	0	0	"N7"
"HC_NL_72__HC_NL_72__N3C125"	"N5"	"HC/NL-72"	"HC"	"HC/NL-72"	1	1	8	0	0	0	0	"N7"
"HC_NL_72__HC_NL_72__N3C125"	"N6"	"HC/NL-72"	"HC"	"HC/NL-72"	1	1	8	0	0	0	0	"N7"
"HC_NL_72__HC_NL_72__N3C125"	"N7"	"HC/NL-72"	"HC"	"HC/NL-72"	1	1	8	8	1	1	1	"N7"
"HC_NL_72__HC_NL_72__N3C125"	"N8"	"HC/NL-72"	"HC"	"HC/NL-72"	1	1	8	0	0	0	0	"N7"
"HC_NL_72__HC_NL_72__N3C126"	"N1"	"HC/NL-72"	"HC"	"HC/NL-72"	1	1	8	0	0	0	0	"N7"
"HC_NL_72__HC_NL_72__N3C126"	"N2"	"HC/NL-72"	"HC"	"HC/NL-72"	1	1	8	0	0	0	0	"N7"
"HC_NL_72__HC_NL_72__N3C126"	"N3"	"HC/NL-72"	"HC"	"HC/NL-72"	1	1	8	0	0	0	0	"N7"
"HC_NL_72__HC_NL_72__N3C126"	"N4"	"HC/NL-72"	"HC"	"HC/NL-72"	1	1	8	0	0	0	0	"N7"
"HC_NL_72__HC_NL_72__N3C126"	"N5"	"HC/NL-72"	"HC"	"HC/NL-72"	1	1	8	0	0	0	0	"N7"
"HC_NL_72__HC_NL_72__N3C126"	"N6"	"HC/NL-72"	"HC"	"HC/NL-72"	1	1	8	0	0	0	0	"N7"
"HC_NL_72__HC_NL_72__N3C126"	"N7"	"HC/NL-72"	"HC"	"HC/NL-72"	1	1	8	8	1	1	1	"N7"
"HC_NL_72__HC_NL_72__N3C126"	"N8"	"HC/NL-72"	"HC"	"HC/NL-72"	1	1	8	0	0	0	0	"N7"
"HC_NL_72__HC_NL_72__N3C127"	"N1"	"HC/NL-72"	"HC"	"HC/NL-72"	1	1	8	2	1	0.25	1	"N7"
"HC_NL_72__HC_NL_72__N3C127"	"N2"	"HC/NL-72"	"HC"	"HC/NL-72"	1	1	8	0	0	0	0	"N7"
"HC_NL_72__HC_NL_72__N3C127"	"N3"	"HC/NL-72"	"HC"	"HC/NL-72"	1	1	8	0	0	0	0	"N7"
"HC_NL_72__HC_NL_72__N3C127"	"N4"	"HC/NL-72"	"HC"	"HC/NL-72"	1	1	8	0	0	0	0	"N7"
"HC_NL_72__HC_NL_72__N3C127"	"N5"	"HC/NL-72"	"HC"	"HC/NL-72"	1	1	8	0	0	0	0	"N7"
"HC_NL_72__HC_NL_72__N3C127"	"N6"	"HC/NL-72"	"HC"	"HC/NL-72"	1	1	8	0	0	0	0	"N7"
"HC_NL_72__HC_NL_72__N3C127"	"N7"	"HC/NL-72"	"HC"	"HC/NL-72"	1	1	8	6	1	0.75	1	"N7"
"HC_NL_72__HC_NL_72__N3C127"	"N8"	"HC/NL-72"	"HC"	"HC/NL-72"	1	1	8	0	0	0	0	"N7"
"HC_NL_72__HC_NL_72__N3C128"	"N1"	"HC/NL-72"	"HC"	"HC/NL-72"	1	1	8	0	0	0	0	"N7"
"HC_NL_72__HC_NL_72__N3C128"	"N2"	"HC/NL-72"	"HC"	"HC/NL-72"	1	1	8	0	0	0	0	"N7"
"HC_NL_72__HC_NL_72__N3C128"	"N3"	"HC/NL-72"	"HC"	"HC/NL-72"	1	1	8	0	0	0	0	"N7"
"HC_NL_72__HC_NL_72__N3C128"	"N4"	"HC/NL-72"	"HC"	"HC/NL-72"	1	1	8	0	0	0	0	"N7"
"HC_NL_72__HC_NL_72__N3C128"	"N5"	"HC/NL-72"	"HC"	"HC/NL-72"	1	1	8	1	1	0.125	1	"N7"
"HC_NL_72__HC_NL_72__N3C128"	"N6"	"HC/NL-72"	"HC"	"HC/NL-72"	1	1	8	0	0	0	0	"N7"
"HC_NL_72__HC_NL_72__N3C128"	"N7"	"HC/NL-72"	"HC"	"HC/NL-72"	1	1	8	7	1	0.875	1	"N7"
"HC_NL_72__HC_NL_72__N3C128"	"N8"	"HC/NL-72"	"HC"	"HC/NL-72"	1	1	8	0	0	0	0	"N7"
"HC_NL_72__HC_NL_72__N3C129"	"N1"	"HC/NL-72"	"HC"	"HC/NL-72"	1	1	2	0	0	0	0	"N5; N8"
"HC_NL_72__HC_NL_72__N3C129"	"N2"	"HC/NL-72"	"HC"	"HC/NL-72"	1	1	2	0	0	0	0	"N5; N8"
"HC_NL_72__HC_NL_72__N3C129"	"N3"	"HC/NL-72"	"HC"	"HC/NL-72"	1	1	2	0	0	0	0	"N5; N8"
"HC_NL_72__HC_NL_72__N3C129"	"N4"	"HC/NL-72"	"HC"	"HC/NL-72"	1	1	2	0	0	0	0	"N5; N8"
"HC_NL_72__HC_NL_72__N3C129"	"N5"	"HC/NL-72"	"HC"	"HC/NL-72"	1	1	2	1	1	0.5	1	"N5; N8"
"HC_NL_72__HC_NL_72__N3C129"	"N6"	"HC/NL-72"	"HC"	"HC/NL-72"	1	1	2	0	0	0	0	"N5; N8"
"HC_NL_72__HC_NL_72__N3C129"	"N7"	"HC/NL-72"	"HC"	"HC/NL-72"	1	1	2	0	0	0	0	"N5; N8"
"HC_NL_72__HC_NL_72__N3C129"	"N8"	"HC/NL-72"	"HC"	"HC/NL-72"	1	1	2	1	1	0.5	1	"N5; N8"
"HC_NL_72__HC_NL_72__N3C130"	"N1"	"HC/NL-72"	"HC"	"HC/NL-72"	1	1	7	1	1	0.142857142857143	1	"N7"
"HC_NL_72__HC_NL_72__N3C130"	"N2"	"HC/NL-72"	"HC"	"HC/NL-72"	1	1	7	0	0	0	0	"N7"
"HC_NL_72__HC_NL_72__N3C130"	"N3"	"HC/NL-72"	"HC"	"HC/NL-72"	1	1	7	0	0	0	0	"N7"
"HC_NL_72__HC_NL_72__N3C130"	"N4"	"HC/NL-72"	"HC"	"HC/NL-72"	1	1	7	0	0	0	0	"N7"
"HC_NL_72__HC_NL_72__N3C130"	"N5"	"HC/NL-72"	"HC"	"HC/NL-72"	1	1	7	0	0	0	0	"N7"
"HC_NL_72__HC_NL_72__N3C130"	"N6"	"HC/NL-72"	"HC"	"HC/NL-72"	1	1	7	0	0	0	0	"N7"
"HC_NL_72__HC_NL_72__N3C130"	"N7"	"HC/NL-72"	"HC"	"HC/NL-72"	1	1	7	6	1	0.857142857142857	1	"N7"
"HC_NL_72__HC_NL_72__N3C130"	"N8"	"HC/NL-72"	"HC"	"HC/NL-72"	1	1	7	0	0	0	0	"N7"
"HC_NL_72__HC_NL_72__N3C131"	"N1"	"HC/NL-72"	"HC"	"HC/NL-72"	5	5	30	9	5	0.3	1	"N7"
"HC_NL_72__HC_NL_72__N3C131"	"N2"	"HC/NL-72"	"HC"	"HC/NL-72"	5	5	30	0	0	0	0	"N7"
"HC_NL_72__HC_NL_72__N3C131"	"N3"	"HC/NL-72"	"HC"	"HC/NL-72"	5	5	30	0	0	0	0	"N7"
"HC_NL_72__HC_NL_72__N3C131"	"N4"	"HC/NL-72"	"HC"	"HC/NL-72"	5	5	30	0	0	0	0	"N7"
"HC_NL_72__HC_NL_72__N3C131"	"N5"	"HC/NL-72"	"HC"	"HC/NL-72"	5	5	30	7	4	0.233333333333333	0.8	"N7"
"HC_NL_72__HC_NL_72__N3C131"	"N6"	"HC/NL-72"	"HC"	"HC/NL-72"	5	5	30	0	0	0	0	"N7"
"HC_NL_72__HC_NL_72__N3C131"	"N7"	"HC/NL-72"	"HC"	"HC/NL-72"	5	5	30	14	5	0.466666666666667	1	"N7"
"HC_NL_72__HC_NL_72__N3C131"	"N8"	"HC/NL-72"	"HC"	"HC/NL-72"	5	5	30	0	0	0	0	"N7"
"HC_NL_72__HC_NL_72__N3C132"	"N1"	"HC/NL-72"	"HC"	"HC/NL-72"	2	2	14	3	2	0.214285714285714	1	"N7"
"HC_NL_72__HC_NL_72__N3C132"	"N2"	"HC/NL-72"	"HC"	"HC/NL-72"	2	2	14	0	0	0	0	"N7"
"HC_NL_72__HC_NL_72__N3C132"	"N3"	"HC/NL-72"	"HC"	"HC/NL-72"	2	2	14	0	0	0	0	"N7"
"HC_NL_72__HC_NL_72__N3C132"	"N4"	"HC/NL-72"	"HC"	"HC/NL-72"	2	2	14	0	0	0	0	"N7"
"HC_NL_72__HC_NL_72__N3C132"	"N5"	"HC/NL-72"	"HC"	"HC/NL-72"	2	2	14	2	2	0.142857142857143	1	"N7"
"HC_NL_72__HC_NL_72__N3C132"	"N6"	"HC/NL-72"	"HC"	"HC/NL-72"	2	2	14	0	0	0	0	"N7"
"HC_NL_72__HC_NL_72__N3C132"	"N7"	"HC/NL-72"	"HC"	"HC/NL-72"	2	2	14	9	2	0.642857142857143	1	"N7"
"HC_NL_72__HC_NL_72__N3C132"	"N8"	"HC/NL-72"	"HC"	"HC/NL-72"	2	2	14	0	0	0	0	"N7"
"HC_NL_72__HC_NL_72__N3C133"	"N1"	"HC/NL-72"	"HC"	"HC/NL-72"	14	14	50	18	11	0.36	0.785714285714286	"N1"
"HC_NL_72__HC_NL_72__N3C133"	"N2"	"HC/NL-72"	"HC"	"HC/NL-72"	14	14	50	1	1	0.02	0.0714285714285714	"N1"
"HC_NL_72__HC_NL_72__N3C133"	"N3"	"HC/NL-72"	"HC"	"HC/NL-72"	14	14	50	0	0	0	0	"N1"
"HC_NL_72__HC_NL_72__N3C133"	"N4"	"HC/NL-72"	"HC"	"HC/NL-72"	14	14	50	0	0	0	0	"N1"
"HC_NL_72__HC_NL_72__N3C133"	"N5"	"HC/NL-72"	"HC"	"HC/NL-72"	14	14	50	7	6	0.14	0.428571428571429	"N1"
"HC_NL_72__HC_NL_72__N3C133"	"N6"	"HC/NL-72"	"HC"	"HC/NL-72"	14	14	50	0	0	0	0	"N1"
"HC_NL_72__HC_NL_72__N3C133"	"N7"	"HC/NL-72"	"HC"	"HC/NL-72"	14	14	50	11	7	0.22	0.5	"N1"
"HC_NL_72__HC_NL_72__N3C133"	"N8"	"HC/NL-72"	"HC"	"HC/NL-72"	14	14	50	13	9	0.26	0.642857142857143	"N1"
"HC_NL_72__HC_NL_72__N3C134"	"N1"	"HC/NL-72"	"HC"	"HC/NL-72"	6	6	28	3	3	0.107142857142857	0.5	"N5"
"HC_NL_72__HC_NL_72__N3C134"	"N2"	"HC/NL-72"	"HC"	"HC/NL-72"	6	6	28	0	0	0	0	"N5"
"HC_NL_72__HC_NL_72__N3C134"	"N3"	"HC/NL-72"	"HC"	"HC/NL-72"	6	6	28	0	0	0	0	"N5"
"HC_NL_72__HC_NL_72__N3C134"	"N4"	"HC/NL-72"	"HC"	"HC/NL-72"	6	6	28	0	0	0	0	"N5"
"HC_NL_72__HC_NL_72__N3C134"	"N5"	"HC/NL-72"	"HC"	"HC/NL-72"	6	6	28	13	6	0.464285714285714	1	"N5"
"HC_NL_72__HC_NL_72__N3C134"	"N6"	"HC/NL-72"	"HC"	"HC/NL-72"	6	6	28	0	0	0	0	"N5"
"HC_NL_72__HC_NL_72__N3C134"	"N7"	"HC/NL-72"	"HC"	"HC/NL-72"	6	6	28	5	3	0.178571428571429	0.5	"N5"
"HC_NL_72__HC_NL_72__N3C134"	"N8"	"HC/NL-72"	"HC"	"HC/NL-72"	6	6	28	7	5	0.25	0.833333333333333	"N5"
"HC_NL_72__HC_NL_72__N3C135"	"N1"	"HC/NL-72"	"HC"	"HC/NL-72"	2	2	14	6	2	0.428571428571429	1	"N1"
"HC_NL_72__HC_NL_72__N3C135"	"N2"	"HC/NL-72"	"HC"	"HC/NL-72"	2	2	14	0	0	0	0	"N1"
"HC_NL_72__HC_NL_72__N3C135"	"N3"	"HC/NL-72"	"HC"	"HC/NL-72"	2	2	14	0	0	0	0	"N1"
"HC_NL_72__HC_NL_72__N3C135"	"N4"	"HC/NL-72"	"HC"	"HC/NL-72"	2	2	14	0	0	0	0	"N1"
"HC_NL_72__HC_NL_72__N3C135"	"N5"	"HC/NL-72"	"HC"	"HC/NL-72"	2	2	14	2	2	0.142857142857143	1	"N1"
"HC_NL_72__HC_NL_72__N3C135"	"N6"	"HC/NL-72"	"HC"	"HC/NL-72"	2	2	14	1	1	0.0714285714285714	0.5	"N1"
"HC_NL_72__HC_NL_72__N3C135"	"N7"	"HC/NL-72"	"HC"	"HC/NL-72"	2	2	14	4	2	0.285714285714286	1	"N1"
"HC_NL_72__HC_NL_72__N3C135"	"N8"	"HC/NL-72"	"HC"	"HC/NL-72"	2	2	14	1	1	0.0714285714285714	0.5	"N1"
"HC_NL_72__HC_NL_72__N3C136"	"N1"	"HC/NL-72"	"HC"	"HC/NL-72"	1	1	8	0	0	0	0	"N7"
"HC_NL_72__HC_NL_72__N3C136"	"N2"	"HC/NL-72"	"HC"	"HC/NL-72"	1	1	8	0	0	0	0	"N7"
"HC_NL_72__HC_NL_72__N3C136"	"N3"	"HC/NL-72"	"HC"	"HC/NL-72"	1	1	8	0	0	0	0	"N7"
"HC_NL_72__HC_NL_72__N3C136"	"N4"	"HC/NL-72"	"HC"	"HC/NL-72"	1	1	8	0	0	0	0	"N7"
"HC_NL_72__HC_NL_72__N3C136"	"N5"	"HC/NL-72"	"HC"	"HC/NL-72"	1	1	8	0	0	0	0	"N7"
"HC_NL_72__HC_NL_72__N3C136"	"N6"	"HC/NL-72"	"HC"	"HC/NL-72"	1	1	8	0	0	0	0	"N7"
"HC_NL_72__HC_NL_72__N3C136"	"N7"	"HC/NL-72"	"HC"	"HC/NL-72"	1	1	8	8	1	1	1	"N7"
"HC_NL_72__HC_NL_72__N3C136"	"N8"	"HC/NL-72"	"HC"	"HC/NL-72"	1	1	8	0	0	0	0	"N7"
"HC_NL_72__HC_NL_72__N3C137"	"N1"	"HC/NL-72"	"HC"	"HC/NL-72"	1	1	7	1	1	0.142857142857143	1	"N5; N6; N7"
"HC_NL_72__HC_NL_72__N3C137"	"N2"	"HC/NL-72"	"HC"	"HC/NL-72"	1	1	7	0	0	0	0	"N5; N6; N7"
"HC_NL_72__HC_NL_72__N3C137"	"N3"	"HC/NL-72"	"HC"	"HC/NL-72"	1	1	7	0	0	0	0	"N5; N6; N7"
"HC_NL_72__HC_NL_72__N3C137"	"N4"	"HC/NL-72"	"HC"	"HC/NL-72"	1	1	7	0	0	0	0	"N5; N6; N7"
"HC_NL_72__HC_NL_72__N3C137"	"N5"	"HC/NL-72"	"HC"	"HC/NL-72"	1	1	7	2	1	0.285714285714286	1	"N5; N6; N7"
"HC_NL_72__HC_NL_72__N3C137"	"N6"	"HC/NL-72"	"HC"	"HC/NL-72"	1	1	7	2	1	0.285714285714286	1	"N5; N6; N7"
"HC_NL_72__HC_NL_72__N3C137"	"N7"	"HC/NL-72"	"HC"	"HC/NL-72"	1	1	7	2	1	0.285714285714286	1	"N5; N6; N7"
"HC_NL_72__HC_NL_72__N3C137"	"N8"	"HC/NL-72"	"HC"	"HC/NL-72"	1	1	7	0	0	0	0	"N5; N6; N7"
"HC_NL_72__HC_NL_72__N3C138"	"N1"	"HC/NL-72"	"HC"	"HC/NL-72"	1	1	5	2	1	0.4	1	"N1; N8"
"HC_NL_72__HC_NL_72__N3C138"	"N2"	"HC/NL-72"	"HC"	"HC/NL-72"	1	1	5	0	0	0	0	"N1; N8"
"HC_NL_72__HC_NL_72__N3C138"	"N3"	"HC/NL-72"	"HC"	"HC/NL-72"	1	1	5	0	0	0	0	"N1; N8"
"HC_NL_72__HC_NL_72__N3C138"	"N4"	"HC/NL-72"	"HC"	"HC/NL-72"	1	1	5	0	0	0	0	"N1; N8"
"HC_NL_72__HC_NL_72__N3C138"	"N5"	"HC/NL-72"	"HC"	"HC/NL-72"	1	1	5	0	0	0	0	"N1; N8"
"HC_NL_72__HC_NL_72__N3C138"	"N6"	"HC/NL-72"	"HC"	"HC/NL-72"	1	1	5	0	0	0	0	"N1; N8"
"HC_NL_72__HC_NL_72__N3C138"	"N7"	"HC/NL-72"	"HC"	"HC/NL-72"	1	1	5	1	1	0.2	1	"N1; N8"
"HC_NL_72__HC_NL_72__N3C138"	"N8"	"HC/NL-72"	"HC"	"HC/NL-72"	1	1	5	2	1	0.4	1	"N1; N8"
"HC_NL_72__HC_NL_72__N3C139"	"N1"	"HC/NL-72"	"HC"	"HC/NL-72"	1	1	8	1	1	0.125	1	"N7"
"HC_NL_72__HC_NL_72__N3C139"	"N2"	"HC/NL-72"	"HC"	"HC/NL-72"	1	1	8	0	0	0	0	"N7"
"HC_NL_72__HC_NL_72__N3C139"	"N3"	"HC/NL-72"	"HC"	"HC/NL-72"	1	1	8	0	0	0	0	"N7"
"HC_NL_72__HC_NL_72__N3C139"	"N4"	"HC/NL-72"	"HC"	"HC/NL-72"	1	1	8	0	0	0	0	"N7"
"HC_NL_72__HC_NL_72__N3C139"	"N5"	"HC/NL-72"	"HC"	"HC/NL-72"	1	1	8	0	0	0	0	"N7"
"HC_NL_72__HC_NL_72__N3C139"	"N6"	"HC/NL-72"	"HC"	"HC/NL-72"	1	1	8	0	0	0	0	"N7"
"HC_NL_72__HC_NL_72__N3C139"	"N7"	"HC/NL-72"	"HC"	"HC/NL-72"	1	1	8	7	1	0.875	1	"N7"
"HC_NL_72__HC_NL_72__N3C139"	"N8"	"HC/NL-72"	"HC"	"HC/NL-72"	1	1	8	0	0	0	0	"N7"
"HC_NL_72__HC_NL_72__N3C140"	"N1"	"HC/NL-72"	"HC"	"HC/NL-72"	66	65	242	98	43	0.40495867768595	0.661538461538462	"N7"
"HC_NL_72__HC_NL_72__N3C140"	"N2"	"HC/NL-72"	"HC"	"HC/NL-72"	66	65	242	0	0	0	0	"N7"
"HC_NL_72__HC_NL_72__N3C140"	"N3"	"HC/NL-72"	"HC"	"HC/NL-72"	66	65	242	0	0	0	0	"N7"
"HC_NL_72__HC_NL_72__N3C140"	"N4"	"HC/NL-72"	"HC"	"HC/NL-72"	66	65	242	0	0	0	0	"N7"
"HC_NL_72__HC_NL_72__N3C140"	"N5"	"HC/NL-72"	"HC"	"HC/NL-72"	66	65	242	0	0	0	0	"N7"
"HC_NL_72__HC_NL_72__N3C140"	"N6"	"HC/NL-72"	"HC"	"HC/NL-72"	66	65	242	2	2	0.00826446280991736	0.0307692307692308	"N7"
"HC_NL_72__HC_NL_72__N3C140"	"N7"	"HC/NL-72"	"HC"	"HC/NL-72"	66	65	242	138	52	0.570247933884298	0.8	"N7"
"HC_NL_72__HC_NL_72__N3C140"	"N8"	"HC/NL-72"	"HC"	"HC/NL-72"	66	65	242	4	3	0.0165289256198347	0.0461538461538462	"N7"
"HC_NL_72__HC_NL_72__N3C141"	"N1"	"HC/NL-72"	"HC"	"HC/NL-72"	1	1	8	2	1	0.25	1	"N7"
"HC_NL_72__HC_NL_72__N3C141"	"N2"	"HC/NL-72"	"HC"	"HC/NL-72"	1	1	8	0	0	0	0	"N7"
"HC_NL_72__HC_NL_72__N3C141"	"N3"	"HC/NL-72"	"HC"	"HC/NL-72"	1	1	8	0	0	0	0	"N7"
"HC_NL_72__HC_NL_72__N3C141"	"N4"	"HC/NL-72"	"HC"	"HC/NL-72"	1	1	8	0	0	0	0	"N7"
"HC_NL_72__HC_NL_72__N3C141"	"N5"	"HC/NL-72"	"HC"	"HC/NL-72"	1	1	8	0	0	0	0	"N7"
"HC_NL_72__HC_NL_72__N3C141"	"N6"	"HC/NL-72"	"HC"	"HC/NL-72"	1	1	8	0	0	0	0	"N7"
"HC_NL_72__HC_NL_72__N3C141"	"N7"	"HC/NL-72"	"HC"	"HC/NL-72"	1	1	8	6	1	0.75	1	"N7"
"HC_NL_72__HC_NL_72__N3C141"	"N8"	"HC/NL-72"	"HC"	"HC/NL-72"	1	1	8	0	0	0	0	"N7"
"HC_NL_72__HC_NL_72__N3C142"	"N1"	"HC/NL-72"	"HC"	"HC/NL-72"	5	5	28	4	3	0.142857142857143	0.6	"N5"
"HC_NL_72__HC_NL_72__N3C142"	"N2"	"HC/NL-72"	"HC"	"HC/NL-72"	5	5	28	2	2	0.0714285714285714	0.4	"N5"
"HC_NL_72__HC_NL_72__N3C142"	"N3"	"HC/NL-72"	"HC"	"HC/NL-72"	5	5	28	0	0	0	0	"N5"
"HC_NL_72__HC_NL_72__N3C142"	"N4"	"HC/NL-72"	"HC"	"HC/NL-72"	5	5	28	0	0	0	0	"N5"
"HC_NL_72__HC_NL_72__N3C142"	"N5"	"HC/NL-72"	"HC"	"HC/NL-72"	5	5	28	9	4	0.321428571428571	0.8	"N5"
"HC_NL_72__HC_NL_72__N3C142"	"N6"	"HC/NL-72"	"HC"	"HC/NL-72"	5	5	28	2	2	0.0714285714285714	0.4	"N5"
"HC_NL_72__HC_NL_72__N3C142"	"N7"	"HC/NL-72"	"HC"	"HC/NL-72"	5	5	28	5	4	0.178571428571429	0.8	"N5"
"HC_NL_72__HC_NL_72__N3C142"	"N8"	"HC/NL-72"	"HC"	"HC/NL-72"	5	5	28	6	4	0.214285714285714	0.8	"N5"
"HC_NL_72__HC_NL_72__N3C143"	"N1"	"HC/NL-72"	"HC"	"HC/NL-72"	1	1	8	4	1	0.5	1	"N1"
"HC_NL_72__HC_NL_72__N3C143"	"N2"	"HC/NL-72"	"HC"	"HC/NL-72"	1	1	8	0	0	0	0	"N1"
"HC_NL_72__HC_NL_72__N3C143"	"N3"	"HC/NL-72"	"HC"	"HC/NL-72"	1	1	8	0	0	0	0	"N1"
"HC_NL_72__HC_NL_72__N3C143"	"N4"	"HC/NL-72"	"HC"	"HC/NL-72"	1	1	8	0	0	0	0	"N1"
"HC_NL_72__HC_NL_72__N3C143"	"N5"	"HC/NL-72"	"HC"	"HC/NL-72"	1	1	8	2	1	0.25	1	"N1"
"HC_NL_72__HC_NL_72__N3C143"	"N6"	"HC/NL-72"	"HC"	"HC/NL-72"	1	1	8	0	0	0	0	"N1"
"HC_NL_72__HC_NL_72__N3C143"	"N7"	"HC/NL-72"	"HC"	"HC/NL-72"	1	1	8	2	1	0.25	1	"N1"
"HC_NL_72__HC_NL_72__N3C143"	"N8"	"HC/NL-72"	"HC"	"HC/NL-72"	1	1	8	0	0	0	0	"N1"
"HC_NL_72__HC_NL_72__N3C144"	"N1"	"HC/NL-72"	"HC"	"HC/NL-72"	53	48	151	32	23	0.211920529801325	0.479166666666667	"N7"
"HC_NL_72__HC_NL_72__N3C144"	"N2"	"HC/NL-72"	"HC"	"HC/NL-72"	53	48	151	0	0	0	0	"N7"
"HC_NL_72__HC_NL_72__N3C144"	"N3"	"HC/NL-72"	"HC"	"HC/NL-72"	53	48	151	0	0	0	0	"N7"
"HC_NL_72__HC_NL_72__N3C144"	"N4"	"HC/NL-72"	"HC"	"HC/NL-72"	53	48	151	0	0	0	0	"N7"
"HC_NL_72__HC_NL_72__N3C144"	"N5"	"HC/NL-72"	"HC"	"HC/NL-72"	53	48	151	14	11	0.0927152317880795	0.229166666666667	"N7"
"HC_NL_72__HC_NL_72__N3C144"	"N6"	"HC/NL-72"	"HC"	"HC/NL-72"	53	48	151	0	0	0	0	"N7"
"HC_NL_72__HC_NL_72__N3C144"	"N7"	"HC/NL-72"	"HC"	"HC/NL-72"	53	48	151	98	37	0.649006622516556	0.770833333333333	"N7"
"HC_NL_72__HC_NL_72__N3C144"	"N8"	"HC/NL-72"	"HC"	"HC/NL-72"	53	48	151	7	5	0.0463576158940397	0.104166666666667	"N7"
"HC_NL_72__HC_NL_72__N3C145"	"N1"	"HC/NL-72"	"HC"	"HC/NL-72"	1	1	8	5	1	0.625	1	"N1"
"HC_NL_72__HC_NL_72__N3C145"	"N2"	"HC/NL-72"	"HC"	"HC/NL-72"	1	1	8	0	0	0	0	"N1"
"HC_NL_72__HC_NL_72__N3C145"	"N3"	"HC/NL-72"	"HC"	"HC/NL-72"	1	1	8	0	0	0	0	"N1"
"HC_NL_72__HC_NL_72__N3C145"	"N4"	"HC/NL-72"	"HC"	"HC/NL-72"	1	1	8	0	0	0	0	"N1"
"HC_NL_72__HC_NL_72__N3C145"	"N5"	"HC/NL-72"	"HC"	"HC/NL-72"	1	1	8	0	0	0	0	"N1"
"HC_NL_72__HC_NL_72__N3C145"	"N6"	"HC/NL-72"	"HC"	"HC/NL-72"	1	1	8	0	0	0	0	"N1"
"HC_NL_72__HC_NL_72__N3C145"	"N7"	"HC/NL-72"	"HC"	"HC/NL-72"	1	1	8	3	1	0.375	1	"N1"
"HC_NL_72__HC_NL_72__N3C145"	"N8"	"HC/NL-72"	"HC"	"HC/NL-72"	1	1	8	0	0	0	0	"N1"
"HC_NL_72__HC_NL_72__N3C146"	"N1"	"HC/NL-72"	"HC"	"HC/NL-72"	3	3	20	4	3	0.2	1	"N7"
"HC_NL_72__HC_NL_72__N3C146"	"N2"	"HC/NL-72"	"HC"	"HC/NL-72"	3	3	20	0	0	0	0	"N7"
"HC_NL_72__HC_NL_72__N3C146"	"N3"	"HC/NL-72"	"HC"	"HC/NL-72"	3	3	20	0	0	0	0	"N7"
"HC_NL_72__HC_NL_72__N3C146"	"N4"	"HC/NL-72"	"HC"	"HC/NL-72"	3	3	20	0	0	0	0	"N7"
"HC_NL_72__HC_NL_72__N3C146"	"N5"	"HC/NL-72"	"HC"	"HC/NL-72"	3	3	20	2	2	0.1	0.666666666666667	"N7"
"HC_NL_72__HC_NL_72__N3C146"	"N6"	"HC/NL-72"	"HC"	"HC/NL-72"	3	3	20	0	0	0	0	"N7"
"HC_NL_72__HC_NL_72__N3C146"	"N7"	"HC/NL-72"	"HC"	"HC/NL-72"	3	3	20	14	3	0.7	1	"N7"
"HC_NL_72__HC_NL_72__N3C146"	"N8"	"HC/NL-72"	"HC"	"HC/NL-72"	3	3	20	0	0	0	0	"N7"
"HC_NL_72__HC_NL_72__N3C147"	"N1"	"HC/NL-72"	"HC"	"HC/NL-72"	14	14	60	2	2	0.0333333333333333	0.142857142857143	"N7"
"HC_NL_72__HC_NL_72__N3C147"	"N2"	"HC/NL-72"	"HC"	"HC/NL-72"	14	14	60	0	0	0	0	"N7"
"HC_NL_72__HC_NL_72__N3C147"	"N3"	"HC/NL-72"	"HC"	"HC/NL-72"	14	14	60	0	0	0	0	"N7"
"HC_NL_72__HC_NL_72__N3C147"	"N4"	"HC/NL-72"	"HC"	"HC/NL-72"	14	14	60	0	0	0	0	"N7"
"HC_NL_72__HC_NL_72__N3C147"	"N5"	"HC/NL-72"	"HC"	"HC/NL-72"	14	14	60	20	11	0.333333333333333	0.785714285714286	"N7"
"HC_NL_72__HC_NL_72__N3C147"	"N6"	"HC/NL-72"	"HC"	"HC/NL-72"	14	14	60	3	3	0.05	0.214285714285714	"N7"
"HC_NL_72__HC_NL_72__N3C147"	"N7"	"HC/NL-72"	"HC"	"HC/NL-72"	14	14	60	31	10	0.516666666666667	0.714285714285714	"N7"
"HC_NL_72__HC_NL_72__N3C147"	"N8"	"HC/NL-72"	"HC"	"HC/NL-72"	14	14	60	4	4	0.0666666666666667	0.285714285714286	"N7"
"HC_NL_72__HC_NL_72__N3C148"	"N1"	"HC/NL-72"	"HC"	"HC/NL-72"	1	1	8	5	1	0.625	1	"N1"
"HC_NL_72__HC_NL_72__N3C148"	"N2"	"HC/NL-72"	"HC"	"HC/NL-72"	1	1	8	0	0	0	0	"N1"
"HC_NL_72__HC_NL_72__N3C148"	"N3"	"HC/NL-72"	"HC"	"HC/NL-72"	1	1	8	0	0	0	0	"N1"
"HC_NL_72__HC_NL_72__N3C148"	"N4"	"HC/NL-72"	"HC"	"HC/NL-72"	1	1	8	0	0	0	0	"N1"
"HC_NL_72__HC_NL_72__N3C148"	"N5"	"HC/NL-72"	"HC"	"HC/NL-72"	1	1	8	0	0	0	0	"N1"
"HC_NL_72__HC_NL_72__N3C148"	"N6"	"HC/NL-72"	"HC"	"HC/NL-72"	1	1	8	1	1	0.125	1	"N1"
"HC_NL_72__HC_NL_72__N3C148"	"N7"	"HC/NL-72"	"HC"	"HC/NL-72"	1	1	8	1	1	0.125	1	"N1"
"HC_NL_72__HC_NL_72__N3C148"	"N8"	"HC/NL-72"	"HC"	"HC/NL-72"	1	1	8	1	1	0.125	1	"N1"
"HC_NL_72__HC_NL_72__N3C149"	"N1"	"HC/NL-72"	"HC"	"HC/NL-72"	15	15	53	19	7	0.358490566037736	0.466666666666667	"N1"
"HC_NL_72__HC_NL_72__N3C149"	"N2"	"HC/NL-72"	"HC"	"HC/NL-72"	15	15	53	0	0	0	0	"N1"
"HC_NL_72__HC_NL_72__N3C149"	"N3"	"HC/NL-72"	"HC"	"HC/NL-72"	15	15	53	0	0	0	0	"N1"
"HC_NL_72__HC_NL_72__N3C149"	"N4"	"HC/NL-72"	"HC"	"HC/NL-72"	15	15	53	0	0	0	0	"N1"
"HC_NL_72__HC_NL_72__N3C149"	"N5"	"HC/NL-72"	"HC"	"HC/NL-72"	15	15	53	9	3	0.169811320754717	0.2	"N1"
"HC_NL_72__HC_NL_72__N3C149"	"N6"	"HC/NL-72"	"HC"	"HC/NL-72"	15	15	53	0	0	0	0	"N1"
"HC_NL_72__HC_NL_72__N3C149"	"N7"	"HC/NL-72"	"HC"	"HC/NL-72"	15	15	53	11	8	0.207547169811321	0.533333333333333	"N1"
"HC_NL_72__HC_NL_72__N3C149"	"N8"	"HC/NL-72"	"HC"	"HC/NL-72"	15	15	53	14	9	0.264150943396226	0.6	"N1"
"HC_NL_72__HC_NL_72__N3C150"	"N1"	"HC/NL-72"	"HC"	"HC/NL-72"	1	1	5	0	0	0	0	"N7"
"HC_NL_72__HC_NL_72__N3C150"	"N2"	"HC/NL-72"	"HC"	"HC/NL-72"	1	1	5	0	0	0	0	"N7"
"HC_NL_72__HC_NL_72__N3C150"	"N3"	"HC/NL-72"	"HC"	"HC/NL-72"	1	1	5	0	0	0	0	"N7"
"HC_NL_72__HC_NL_72__N3C150"	"N4"	"HC/NL-72"	"HC"	"HC/NL-72"	1	1	5	0	0	0	0	"N7"
"HC_NL_72__HC_NL_72__N3C150"	"N5"	"HC/NL-72"	"HC"	"HC/NL-72"	1	1	5	0	0	0	0	"N7"
"HC_NL_72__HC_NL_72__N3C150"	"N6"	"HC/NL-72"	"HC"	"HC/NL-72"	1	1	5	0	0	0	0	"N7"
"HC_NL_72__HC_NL_72__N3C150"	"N7"	"HC/NL-72"	"HC"	"HC/NL-72"	1	1	5	5	1	1	1	"N7"
"HC_NL_72__HC_NL_72__N3C150"	"N8"	"HC/NL-72"	"HC"	"HC/NL-72"	1	1	5	0	0	0	0	"N7"
"HC_NL_72__HC_NL_72__N3C151"	"N1"	"HC/NL-72"	"HC"	"HC/NL-72"	9	9	50	20	9	0.4	1	"N7"
"HC_NL_72__HC_NL_72__N3C151"	"N2"	"HC/NL-72"	"HC"	"HC/NL-72"	9	9	50	0	0	0	0	"N7"
"HC_NL_72__HC_NL_72__N3C151"	"N3"	"HC/NL-72"	"HC"	"HC/NL-72"	9	9	50	0	0	0	0	"N7"
"HC_NL_72__HC_NL_72__N3C151"	"N4"	"HC/NL-72"	"HC"	"HC/NL-72"	9	9	50	0	0	0	0	"N7"
"HC_NL_72__HC_NL_72__N3C151"	"N5"	"HC/NL-72"	"HC"	"HC/NL-72"	9	9	50	1	1	0.02	0.111111111111111	"N7"
"HC_NL_72__HC_NL_72__N3C151"	"N6"	"HC/NL-72"	"HC"	"HC/NL-72"	9	9	50	0	0	0	0	"N7"
"HC_NL_72__HC_NL_72__N3C151"	"N7"	"HC/NL-72"	"HC"	"HC/NL-72"	9	9	50	29	9	0.58	1	"N7"
"HC_NL_72__HC_NL_72__N3C151"	"N8"	"HC/NL-72"	"HC"	"HC/NL-72"	9	9	50	0	0	0	0	"N7"
"HC_NL_72__HC_NL_72__N3C152"	"N1"	"HC/NL-72"	"HC"	"HC/NL-72"	57	49	187	50	30	0.267379679144385	0.612244897959184	"N7"
"HC_NL_72__HC_NL_72__N3C152"	"N2"	"HC/NL-72"	"HC"	"HC/NL-72"	57	49	187	0	0	0	0	"N7"
"HC_NL_72__HC_NL_72__N3C152"	"N3"	"HC/NL-72"	"HC"	"HC/NL-72"	57	49	187	0	0	0	0	"N7"
"HC_NL_72__HC_NL_72__N3C152"	"N4"	"HC/NL-72"	"HC"	"HC/NL-72"	57	49	187	3	2	0.0160427807486631	0.0408163265306122	"N7"
"HC_NL_72__HC_NL_72__N3C152"	"N5"	"HC/NL-72"	"HC"	"HC/NL-72"	57	49	187	50	30	0.267379679144385	0.612244897959184	"N7"
"HC_NL_72__HC_NL_72__N3C152"	"N6"	"HC/NL-72"	"HC"	"HC/NL-72"	57	49	187	5	4	0.0267379679144385	0.0816326530612245	"N7"
"HC_NL_72__HC_NL_72__N3C152"	"N7"	"HC/NL-72"	"HC"	"HC/NL-72"	57	49	187	63	30	0.336898395721925	0.612244897959184	"N7"
"HC_NL_72__HC_NL_72__N3C152"	"N8"	"HC/NL-72"	"HC"	"HC/NL-72"	57	49	187	16	11	0.0855614973262032	0.224489795918367	"N7"
"HC_NL_72__HC_NL_72__N3C153"	"N1"	"HC/NL-72"	"HC"	"HC/NL-72"	1	1	8	2	1	0.25	1	"N7"
"HC_NL_72__HC_NL_72__N3C153"	"N2"	"HC/NL-72"	"HC"	"HC/NL-72"	1	1	8	0	0	0	0	"N7"
"HC_NL_72__HC_NL_72__N3C153"	"N3"	"HC/NL-72"	"HC"	"HC/NL-72"	1	1	8	0	0	0	0	"N7"
"HC_NL_72__HC_NL_72__N3C153"	"N4"	"HC/NL-72"	"HC"	"HC/NL-72"	1	1	8	0	0	0	0	"N7"
"HC_NL_72__HC_NL_72__N3C153"	"N5"	"HC/NL-72"	"HC"	"HC/NL-72"	1	1	8	0	0	0	0	"N7"
"HC_NL_72__HC_NL_72__N3C153"	"N6"	"HC/NL-72"	"HC"	"HC/NL-72"	1	1	8	0	0	0	0	"N7"
"HC_NL_72__HC_NL_72__N3C153"	"N7"	"HC/NL-72"	"HC"	"HC/NL-72"	1	1	8	6	1	0.75	1	"N7"
"HC_NL_72__HC_NL_72__N3C153"	"N8"	"HC/NL-72"	"HC"	"HC/NL-72"	1	1	8	0	0	0	0	"N7"
"HC_NL_72__HC_NL_72__N3C154"	"N1"	"HC/NL-72"	"HC"	"HC/NL-72"	3	3	20	0	0	0	0	"N7"
"HC_NL_72__HC_NL_72__N3C154"	"N2"	"HC/NL-72"	"HC"	"HC/NL-72"	3	3	20	0	0	0	0	"N7"
"HC_NL_72__HC_NL_72__N3C154"	"N3"	"HC/NL-72"	"HC"	"HC/NL-72"	3	3	20	0	0	0	0	"N7"
"HC_NL_72__HC_NL_72__N3C154"	"N4"	"HC/NL-72"	"HC"	"HC/NL-72"	3	3	20	0	0	0	0	"N7"
"HC_NL_72__HC_NL_72__N3C154"	"N5"	"HC/NL-72"	"HC"	"HC/NL-72"	3	3	20	2	2	0.1	0.666666666666667	"N7"
"HC_NL_72__HC_NL_72__N3C154"	"N6"	"HC/NL-72"	"HC"	"HC/NL-72"	3	3	20	1	1	0.05	0.333333333333333	"N7"
"HC_NL_72__HC_NL_72__N3C154"	"N7"	"HC/NL-72"	"HC"	"HC/NL-72"	3	3	20	17	3	0.85	1	"N7"
"HC_NL_72__HC_NL_72__N3C154"	"N8"	"HC/NL-72"	"HC"	"HC/NL-72"	3	3	20	0	0	0	0	"N7"
"HC_NL_72__HC_NL_72__N3C155"	"N1"	"HC/NL-72"	"HC"	"HC/NL-72"	1	1	8	3	1	0.375	1	"N7"
"HC_NL_72__HC_NL_72__N3C155"	"N2"	"HC/NL-72"	"HC"	"HC/NL-72"	1	1	8	0	0	0	0	"N7"
"HC_NL_72__HC_NL_72__N3C155"	"N3"	"HC/NL-72"	"HC"	"HC/NL-72"	1	1	8	0	0	0	0	"N7"
"HC_NL_72__HC_NL_72__N3C155"	"N4"	"HC/NL-72"	"HC"	"HC/NL-72"	1	1	8	0	0	0	0	"N7"
"HC_NL_72__HC_NL_72__N3C155"	"N5"	"HC/NL-72"	"HC"	"HC/NL-72"	1	1	8	1	1	0.125	1	"N7"
"HC_NL_72__HC_NL_72__N3C155"	"N6"	"HC/NL-72"	"HC"	"HC/NL-72"	1	1	8	0	0	0	0	"N7"
"HC_NL_72__HC_NL_72__N3C155"	"N7"	"HC/NL-72"	"HC"	"HC/NL-72"	1	1	8	4	1	0.5	1	"N7"
"HC_NL_72__HC_NL_72__N3C155"	"N8"	"HC/NL-72"	"HC"	"HC/NL-72"	1	1	8	0	0	0	0	"N7"
"HC_NL_72__HC_NL_72__N3C156"	"N1"	"HC/NL-72"	"HC"	"HC/NL-72"	1	1	8	2	1	0.25	1	"N8"
"HC_NL_72__HC_NL_72__N3C156"	"N2"	"HC/NL-72"	"HC"	"HC/NL-72"	1	1	8	1	1	0.125	1	"N8"
"HC_NL_72__HC_NL_72__N3C156"	"N3"	"HC/NL-72"	"HC"	"HC/NL-72"	1	1	8	0	0	0	0	"N8"
"HC_NL_72__HC_NL_72__N3C156"	"N4"	"HC/NL-72"	"HC"	"HC/NL-72"	1	1	8	0	0	0	0	"N8"
"HC_NL_72__HC_NL_72__N3C156"	"N5"	"HC/NL-72"	"HC"	"HC/NL-72"	1	1	8	0	0	0	0	"N8"
"HC_NL_72__HC_NL_72__N3C156"	"N6"	"HC/NL-72"	"HC"	"HC/NL-72"	1	1	8	0	0	0	0	"N8"
"HC_NL_72__HC_NL_72__N3C156"	"N7"	"HC/NL-72"	"HC"	"HC/NL-72"	1	1	8	0	0	0	0	"N8"
"HC_NL_72__HC_NL_72__N3C156"	"N8"	"HC/NL-72"	"HC"	"HC/NL-72"	1	1	8	5	1	0.625	1	"N8"
"HC_NL_72__HC_NL_72__N3C157"	"N1"	"HC/NL-72"	"HC"	"HC/NL-72"	7	7	42	2	1	0.0476190476190476	0.142857142857143	"N5"
"HC_NL_72__HC_NL_72__N3C157"	"N2"	"HC/NL-72"	"HC"	"HC/NL-72"	7	7	42	0	0	0	0	"N5"
"HC_NL_72__HC_NL_72__N3C157"	"N3"	"HC/NL-72"	"HC"	"HC/NL-72"	7	7	42	0	0	0	0	"N5"
"HC_NL_72__HC_NL_72__N3C157"	"N4"	"HC/NL-72"	"HC"	"HC/NL-72"	7	7	42	0	0	0	0	"N5"
"HC_NL_72__HC_NL_72__N3C157"	"N5"	"HC/NL-72"	"HC"	"HC/NL-72"	7	7	42	25	7	0.595238095238095	1	"N5"
"HC_NL_72__HC_NL_72__N3C157"	"N6"	"HC/NL-72"	"HC"	"HC/NL-72"	7	7	42	0	0	0	0	"N5"
"HC_NL_72__HC_NL_72__N3C157"	"N7"	"HC/NL-72"	"HC"	"HC/NL-72"	7	7	42	12	6	0.285714285714286	0.857142857142857	"N5"
"HC_NL_72__HC_NL_72__N3C157"	"N8"	"HC/NL-72"	"HC"	"HC/NL-72"	7	7	42	3	2	0.0714285714285714	0.285714285714286	"N5"
"HC_NL_72__HC_NL_72__N3C158"	"N1"	"HC/NL-72"	"HC"	"HC/NL-72"	1	1	8	2	1	0.25	1	"N5"
"HC_NL_72__HC_NL_72__N3C158"	"N2"	"HC/NL-72"	"HC"	"HC/NL-72"	1	1	8	0	0	0	0	"N5"
"HC_NL_72__HC_NL_72__N3C158"	"N3"	"HC/NL-72"	"HC"	"HC/NL-72"	1	1	8	0	0	0	0	"N5"
"HC_NL_72__HC_NL_72__N3C158"	"N4"	"HC/NL-72"	"HC"	"HC/NL-72"	1	1	8	0	0	0	0	"N5"
"HC_NL_72__HC_NL_72__N3C158"	"N5"	"HC/NL-72"	"HC"	"HC/NL-72"	1	1	8	3	1	0.375	1	"N5"
"HC_NL_72__HC_NL_72__N3C158"	"N6"	"HC/NL-72"	"HC"	"HC/NL-72"	1	1	8	1	1	0.125	1	"N5"
"HC_NL_72__HC_NL_72__N3C158"	"N7"	"HC/NL-72"	"HC"	"HC/NL-72"	1	1	8	2	1	0.25	1	"N5"
"HC_NL_72__HC_NL_72__N3C158"	"N8"	"HC/NL-72"	"HC"	"HC/NL-72"	1	1	8	0	0	0	0	"N5"
"HC_NL_72__HC_NL_72__N3C159"	"N1"	"HC/NL-72"	"HC"	"HC/NL-72"	4	4	22	8	4	0.363636363636364	1	"N1"
"HC_NL_72__HC_NL_72__N3C159"	"N2"	"HC/NL-72"	"HC"	"HC/NL-72"	4	4	22	2	2	0.0909090909090909	0.5	"N1"
"HC_NL_72__HC_NL_72__N3C159"	"N3"	"HC/NL-72"	"HC"	"HC/NL-72"	4	4	22	0	0	0	0	"N1"
"HC_NL_72__HC_NL_72__N3C159"	"N4"	"HC/NL-72"	"HC"	"HC/NL-72"	4	4	22	0	0	0	0	"N1"
"HC_NL_72__HC_NL_72__N3C159"	"N5"	"HC/NL-72"	"HC"	"HC/NL-72"	4	4	22	0	0	0	0	"N1"
"HC_NL_72__HC_NL_72__N3C159"	"N6"	"HC/NL-72"	"HC"	"HC/NL-72"	4	4	22	4	3	0.181818181818182	0.75	"N1"
"HC_NL_72__HC_NL_72__N3C159"	"N7"	"HC/NL-72"	"HC"	"HC/NL-72"	4	4	22	3	2	0.136363636363636	0.5	"N1"
"HC_NL_72__HC_NL_72__N3C159"	"N8"	"HC/NL-72"	"HC"	"HC/NL-72"	4	4	22	5	3	0.227272727272727	0.75	"N1"
"HC_NL_72__HC_NL_72__N3C160"	"N1"	"HC/NL-72"	"HC"	"HC/NL-72"	11	11	46	7	4	0.152173913043478	0.363636363636364	"N7"
"HC_NL_72__HC_NL_72__N3C160"	"N2"	"HC/NL-72"	"HC"	"HC/NL-72"	11	11	46	0	0	0	0	"N7"
"HC_NL_72__HC_NL_72__N3C160"	"N3"	"HC/NL-72"	"HC"	"HC/NL-72"	11	11	46	0	0	0	0	"N7"
"HC_NL_72__HC_NL_72__N3C160"	"N4"	"HC/NL-72"	"HC"	"HC/NL-72"	11	11	46	0	0	0	0	"N7"
"HC_NL_72__HC_NL_72__N3C160"	"N5"	"HC/NL-72"	"HC"	"HC/NL-72"	11	11	46	0	0	0	0	"N7"
"HC_NL_72__HC_NL_72__N3C160"	"N6"	"HC/NL-72"	"HC"	"HC/NL-72"	11	11	46	0	0	0	0	"N7"
"HC_NL_72__HC_NL_72__N3C160"	"N7"	"HC/NL-72"	"HC"	"HC/NL-72"	11	11	46	39	11	0.847826086956522	1	"N7"
"HC_NL_72__HC_NL_72__N3C160"	"N8"	"HC/NL-72"	"HC"	"HC/NL-72"	11	11	46	0	0	0	0	"N7"
"HC_NL_72__HC_NL_72__N3C161"	"N1"	"HC/NL-72"	"HC"	"HC/NL-72"	1	1	8	3	1	0.375	1	"N7"
"HC_NL_72__HC_NL_72__N3C161"	"N2"	"HC/NL-72"	"HC"	"HC/NL-72"	1	1	8	0	0	0	0	"N7"
"HC_NL_72__HC_NL_72__N3C161"	"N3"	"HC/NL-72"	"HC"	"HC/NL-72"	1	1	8	0	0	0	0	"N7"
"HC_NL_72__HC_NL_72__N3C161"	"N4"	"HC/NL-72"	"HC"	"HC/NL-72"	1	1	8	0	0	0	0	"N7"
"HC_NL_72__HC_NL_72__N3C161"	"N5"	"HC/NL-72"	"HC"	"HC/NL-72"	1	1	8	0	0	0	0	"N7"
"HC_NL_72__HC_NL_72__N3C161"	"N6"	"HC/NL-72"	"HC"	"HC/NL-72"	1	1	8	0	0	0	0	"N7"
"HC_NL_72__HC_NL_72__N3C161"	"N7"	"HC/NL-72"	"HC"	"HC/NL-72"	1	1	8	5	1	0.625	1	"N7"
"HC_NL_72__HC_NL_72__N3C161"	"N8"	"HC/NL-72"	"HC"	"HC/NL-72"	1	1	8	0	0	0	0	"N7"
"HC_NL_72__HC_NL_72__N3C162"	"N1"	"HC/NL-72"	"HC"	"HC/NL-72"	1	1	8	7	1	0.875	1	"N1"
"HC_NL_72__HC_NL_72__N3C162"	"N2"	"HC/NL-72"	"HC"	"HC/NL-72"	1	1	8	0	0	0	0	"N1"
"HC_NL_72__HC_NL_72__N3C162"	"N3"	"HC/NL-72"	"HC"	"HC/NL-72"	1	1	8	0	0	0	0	"N1"
"HC_NL_72__HC_NL_72__N3C162"	"N4"	"HC/NL-72"	"HC"	"HC/NL-72"	1	1	8	0	0	0	0	"N1"
"HC_NL_72__HC_NL_72__N3C162"	"N5"	"HC/NL-72"	"HC"	"HC/NL-72"	1	1	8	0	0	0	0	"N1"
"HC_NL_72__HC_NL_72__N3C162"	"N6"	"HC/NL-72"	"HC"	"HC/NL-72"	1	1	8	0	0	0	0	"N1"
"HC_NL_72__HC_NL_72__N3C162"	"N7"	"HC/NL-72"	"HC"	"HC/NL-72"	1	1	8	1	1	0.125	1	"N1"
"HC_NL_72__HC_NL_72__N3C162"	"N8"	"HC/NL-72"	"HC"	"HC/NL-72"	1	1	8	0	0	0	0	"N1"
"HC_NL_72__HC_NL_72__N3C163"	"N1"	"HC/NL-72"	"HC"	"HC/NL-72"	2	2	14	1	1	0.0714285714285714	0.5	"N7"
"HC_NL_72__HC_NL_72__N3C163"	"N2"	"HC/NL-72"	"HC"	"HC/NL-72"	2	2	14	0	0	0	0	"N7"
"HC_NL_72__HC_NL_72__N3C163"	"N3"	"HC/NL-72"	"HC"	"HC/NL-72"	2	2	14	0	0	0	0	"N7"
"HC_NL_72__HC_NL_72__N3C163"	"N4"	"HC/NL-72"	"HC"	"HC/NL-72"	2	2	14	0	0	0	0	"N7"
"HC_NL_72__HC_NL_72__N3C163"	"N5"	"HC/NL-72"	"HC"	"HC/NL-72"	2	2	14	2	2	0.142857142857143	1	"N7"
"HC_NL_72__HC_NL_72__N3C163"	"N6"	"HC/NL-72"	"HC"	"HC/NL-72"	2	2	14	0	0	0	0	"N7"
"HC_NL_72__HC_NL_72__N3C163"	"N7"	"HC/NL-72"	"HC"	"HC/NL-72"	2	2	14	11	2	0.785714285714286	1	"N7"
"HC_NL_72__HC_NL_72__N3C163"	"N8"	"HC/NL-72"	"HC"	"HC/NL-72"	2	2	14	0	0	0	0	"N7"
"HC_NL_72__HC_NL_72__N3C164"	"N1"	"HC/NL-72"	"HC"	"HC/NL-72"	8	8	42	11	6	0.261904761904762	0.75	"N5"
"HC_NL_72__HC_NL_72__N3C164"	"N2"	"HC/NL-72"	"HC"	"HC/NL-72"	8	8	42	0	0	0	0	"N5"
"HC_NL_72__HC_NL_72__N3C164"	"N3"	"HC/NL-72"	"HC"	"HC/NL-72"	8	8	42	0	0	0	0	"N5"
"HC_NL_72__HC_NL_72__N3C164"	"N4"	"HC/NL-72"	"HC"	"HC/NL-72"	8	8	42	0	0	0	0	"N5"
"HC_NL_72__HC_NL_72__N3C164"	"N5"	"HC/NL-72"	"HC"	"HC/NL-72"	8	8	42	22	8	0.523809523809524	1	"N5"
"HC_NL_72__HC_NL_72__N3C164"	"N6"	"HC/NL-72"	"HC"	"HC/NL-72"	8	8	42	2	2	0.0476190476190476	0.25	"N5"
"HC_NL_72__HC_NL_72__N3C164"	"N7"	"HC/NL-72"	"HC"	"HC/NL-72"	8	8	42	7	5	0.166666666666667	0.625	"N5"
"HC_NL_72__HC_NL_72__N3C164"	"N8"	"HC/NL-72"	"HC"	"HC/NL-72"	8	8	42	0	0	0	0	"N5"
"HC_NL_72__HC_NL_72__N3C165"	"N1"	"HC/NL-72"	"HC"	"HC/NL-72"	90	86	346	157	70	0.453757225433526	0.813953488372093	"N1"
"HC_NL_72__HC_NL_72__N3C165"	"N2"	"HC/NL-72"	"HC"	"HC/NL-72"	90	86	346	0	0	0	0	"N1"
"HC_NL_72__HC_NL_72__N3C165"	"N3"	"HC/NL-72"	"HC"	"HC/NL-72"	90	86	346	0	0	0	0	"N1"
"HC_NL_72__HC_NL_72__N3C165"	"N4"	"HC/NL-72"	"HC"	"HC/NL-72"	90	86	346	0	0	0	0	"N1"
"HC_NL_72__HC_NL_72__N3C165"	"N5"	"HC/NL-72"	"HC"	"HC/NL-72"	90	86	346	40	26	0.115606936416185	0.302325581395349	"N1"
"HC_NL_72__HC_NL_72__N3C165"	"N6"	"HC/NL-72"	"HC"	"HC/NL-72"	90	86	346	0	0	0	0	"N1"
"HC_NL_72__HC_NL_72__N3C165"	"N7"	"HC/NL-72"	"HC"	"HC/NL-72"	90	86	346	148	66	0.427745664739884	0.767441860465116	"N1"
"HC_NL_72__HC_NL_72__N3C165"	"N8"	"HC/NL-72"	"HC"	"HC/NL-72"	90	86	346	1	1	0.00289017341040462	0.0116279069767442	"N1"
"HC_NL_72__HC_NL_72__N3C166"	"N1"	"HC/NL-72"	"HC"	"HC/NL-72"	13	13	58	29	13	0.5	1	"N1"
"HC_NL_72__HC_NL_72__N3C166"	"N2"	"HC/NL-72"	"HC"	"HC/NL-72"	13	13	58	0	0	0	0	"N1"
"HC_NL_72__HC_NL_72__N3C166"	"N3"	"HC/NL-72"	"HC"	"HC/NL-72"	13	13	58	0	0	0	0	"N1"
"HC_NL_72__HC_NL_72__N3C166"	"N4"	"HC/NL-72"	"HC"	"HC/NL-72"	13	13	58	0	0	0	0	"N1"
"HC_NL_72__HC_NL_72__N3C166"	"N5"	"HC/NL-72"	"HC"	"HC/NL-72"	13	13	58	4	4	0.0689655172413793	0.307692307692308	"N1"
"HC_NL_72__HC_NL_72__N3C166"	"N6"	"HC/NL-72"	"HC"	"HC/NL-72"	13	13	58	0	0	0	0	"N1"
"HC_NL_72__HC_NL_72__N3C166"	"N7"	"HC/NL-72"	"HC"	"HC/NL-72"	13	13	58	25	11	0.431034482758621	0.846153846153846	"N1"
"HC_NL_72__HC_NL_72__N3C166"	"N8"	"HC/NL-72"	"HC"	"HC/NL-72"	13	13	58	0	0	0	0	"N1"
"HC_NL_72__HC_NL_72__N3C167"	"N1"	"HC/NL-72"	"HC"	"HC/NL-72"	29	26	96	23	19	0.239583333333333	0.730769230769231	"N7"
"HC_NL_72__HC_NL_72__N3C167"	"N2"	"HC/NL-72"	"HC"	"HC/NL-72"	29	26	96	0	0	0	0	"N7"
"HC_NL_72__HC_NL_72__N3C167"	"N3"	"HC/NL-72"	"HC"	"HC/NL-72"	29	26	96	0	0	0	0	"N7"
"HC_NL_72__HC_NL_72__N3C167"	"N4"	"HC/NL-72"	"HC"	"HC/NL-72"	29	26	96	0	0	0	0	"N7"
"HC_NL_72__HC_NL_72__N3C167"	"N5"	"HC/NL-72"	"HC"	"HC/NL-72"	29	26	96	7	7	0.0729166666666667	0.269230769230769	"N7"
"HC_NL_72__HC_NL_72__N3C167"	"N6"	"HC/NL-72"	"HC"	"HC/NL-72"	29	26	96	0	0	0	0	"N7"
"HC_NL_72__HC_NL_72__N3C167"	"N7"	"HC/NL-72"	"HC"	"HC/NL-72"	29	26	96	66	24	0.6875	0.923076923076923	"N7"
"HC_NL_72__HC_NL_72__N3C167"	"N8"	"HC/NL-72"	"HC"	"HC/NL-72"	29	26	96	0	0	0	0	"N7"
"HC_NL_72__HC_NL_72__N3C168"	"N1"	"HC/NL-72"	"HC"	"HC/NL-72"	10	10	44	22	10	0.5	1	"N1"
"HC_NL_72__HC_NL_72__N3C168"	"N2"	"HC/NL-72"	"HC"	"HC/NL-72"	10	10	44	1	1	0.0227272727272727	0.1	"N1"
"HC_NL_72__HC_NL_72__N3C168"	"N3"	"HC/NL-72"	"HC"	"HC/NL-72"	10	10	44	0	0	0	0	"N1"
"HC_NL_72__HC_NL_72__N3C168"	"N4"	"HC/NL-72"	"HC"	"HC/NL-72"	10	10	44	0	0	0	0	"N1"
"HC_NL_72__HC_NL_72__N3C168"	"N5"	"HC/NL-72"	"HC"	"HC/NL-72"	10	10	44	5	4	0.113636363636364	0.4	"N1"
"HC_NL_72__HC_NL_72__N3C168"	"N6"	"HC/NL-72"	"HC"	"HC/NL-72"	10	10	44	2	2	0.0454545454545455	0.2	"N1"
"HC_NL_72__HC_NL_72__N3C168"	"N7"	"HC/NL-72"	"HC"	"HC/NL-72"	10	10	44	1	1	0.0227272727272727	0.1	"N1"
"HC_NL_72__HC_NL_72__N3C168"	"N8"	"HC/NL-72"	"HC"	"HC/NL-72"	10	10	44	13	7	0.295454545454545	0.7	"N1"
"HC_NL_72__HC_NL_72__N3C169"	"N1"	"HC/NL-72"	"HC"	"HC/NL-72"	1	1	8	2	1	0.25	1	"N5"
"HC_NL_72__HC_NL_72__N3C169"	"N2"	"HC/NL-72"	"HC"	"HC/NL-72"	1	1	8	0	0	0	0	"N5"
"HC_NL_72__HC_NL_72__N3C169"	"N3"	"HC/NL-72"	"HC"	"HC/NL-72"	1	1	8	0	0	0	0	"N5"
"HC_NL_72__HC_NL_72__N3C169"	"N4"	"HC/NL-72"	"HC"	"HC/NL-72"	1	1	8	0	0	0	0	"N5"
"HC_NL_72__HC_NL_72__N3C169"	"N5"	"HC/NL-72"	"HC"	"HC/NL-72"	1	1	8	4	1	0.5	1	"N5"
"HC_NL_72__HC_NL_72__N3C169"	"N6"	"HC/NL-72"	"HC"	"HC/NL-72"	1	1	8	1	1	0.125	1	"N5"
"HC_NL_72__HC_NL_72__N3C169"	"N7"	"HC/NL-72"	"HC"	"HC/NL-72"	1	1	8	1	1	0.125	1	"N5"
"HC_NL_72__HC_NL_72__N3C169"	"N8"	"HC/NL-72"	"HC"	"HC/NL-72"	1	1	8	0	0	0	0	"N5"
"HC_NL_72__HC_NL_72__N3C170"	"N1"	"HC/NL-72"	"HC"	"HC/NL-72"	1	1	8	0	0	0	0	"N7"
"HC_NL_72__HC_NL_72__N3C170"	"N2"	"HC/NL-72"	"HC"	"HC/NL-72"	1	1	8	0	0	0	0	"N7"
"HC_NL_72__HC_NL_72__N3C170"	"N3"	"HC/NL-72"	"HC"	"HC/NL-72"	1	1	8	0	0	0	0	"N7"
"HC_NL_72__HC_NL_72__N3C170"	"N4"	"HC/NL-72"	"HC"	"HC/NL-72"	1	1	8	0	0	0	0	"N7"
"HC_NL_72__HC_NL_72__N3C170"	"N5"	"HC/NL-72"	"HC"	"HC/NL-72"	1	1	8	0	0	0	0	"N7"
"HC_NL_72__HC_NL_72__N3C170"	"N6"	"HC/NL-72"	"HC"	"HC/NL-72"	1	1	8	0	0	0	0	"N7"
"HC_NL_72__HC_NL_72__N3C170"	"N7"	"HC/NL-72"	"HC"	"HC/NL-72"	1	1	8	8	1	1	1	"N7"
"HC_NL_72__HC_NL_72__N3C170"	"N8"	"HC/NL-72"	"HC"	"HC/NL-72"	1	1	8	0	0	0	0	"N7"
"HC_NL_72__HC_NL_72__N3C171"	"N1"	"HC/NL-72"	"HC"	"HC/NL-72"	1	1	5	0	0	0	0	"N5"
"HC_NL_72__HC_NL_72__N3C171"	"N2"	"HC/NL-72"	"HC"	"HC/NL-72"	1	1	5	0	0	0	0	"N5"
"HC_NL_72__HC_NL_72__N3C171"	"N3"	"HC/NL-72"	"HC"	"HC/NL-72"	1	1	5	0	0	0	0	"N5"
"HC_NL_72__HC_NL_72__N3C171"	"N4"	"HC/NL-72"	"HC"	"HC/NL-72"	1	1	5	0	0	0	0	"N5"
"HC_NL_72__HC_NL_72__N3C171"	"N5"	"HC/NL-72"	"HC"	"HC/NL-72"	1	1	5	3	1	0.6	1	"N5"
"HC_NL_72__HC_NL_72__N3C171"	"N6"	"HC/NL-72"	"HC"	"HC/NL-72"	1	1	5	0	0	0	0	"N5"
"HC_NL_72__HC_NL_72__N3C171"	"N7"	"HC/NL-72"	"HC"	"HC/NL-72"	1	1	5	0	0	0	0	"N5"
"HC_NL_72__HC_NL_72__N3C171"	"N8"	"HC/NL-72"	"HC"	"HC/NL-72"	1	1	5	2	1	0.4	1	"N5"
"HC_NL_72__HC_NL_72__N3C172"	"N1"	"HC/NL-72"	"HC"	"HC/NL-72"	2	2	14	0	0	0	0	"N7"
"HC_NL_72__HC_NL_72__N3C172"	"N2"	"HC/NL-72"	"HC"	"HC/NL-72"	2	2	14	0	0	0	0	"N7"
"HC_NL_72__HC_NL_72__N3C172"	"N3"	"HC/NL-72"	"HC"	"HC/NL-72"	2	2	14	0	0	0	0	"N7"
"HC_NL_72__HC_NL_72__N3C172"	"N4"	"HC/NL-72"	"HC"	"HC/NL-72"	2	2	14	0	0	0	0	"N7"
"HC_NL_72__HC_NL_72__N3C172"	"N5"	"HC/NL-72"	"HC"	"HC/NL-72"	2	2	14	3	2	0.214285714285714	1	"N7"
"HC_NL_72__HC_NL_72__N3C172"	"N6"	"HC/NL-72"	"HC"	"HC/NL-72"	2	2	14	0	0	0	0	"N7"
"HC_NL_72__HC_NL_72__N3C172"	"N7"	"HC/NL-72"	"HC"	"HC/NL-72"	2	2	14	11	2	0.785714285714286	1	"N7"
"HC_NL_72__HC_NL_72__N3C172"	"N8"	"HC/NL-72"	"HC"	"HC/NL-72"	2	2	14	0	0	0	0	"N7"
"HC_NL_72__HC_NL_72__N3C173"	"N1"	"HC/NL-72"	"HC"	"HC/NL-72"	1	1	4	1	1	0.25	1	"N7"
"HC_NL_72__HC_NL_72__N3C173"	"N2"	"HC/NL-72"	"HC"	"HC/NL-72"	1	1	4	0	0	0	0	"N7"
"HC_NL_72__HC_NL_72__N3C173"	"N3"	"HC/NL-72"	"HC"	"HC/NL-72"	1	1	4	0	0	0	0	"N7"
"HC_NL_72__HC_NL_72__N3C173"	"N4"	"HC/NL-72"	"HC"	"HC/NL-72"	1	1	4	0	0	0	0	"N7"
"HC_NL_72__HC_NL_72__N3C173"	"N5"	"HC/NL-72"	"HC"	"HC/NL-72"	1	1	4	1	1	0.25	1	"N7"
"HC_NL_72__HC_NL_72__N3C173"	"N6"	"HC/NL-72"	"HC"	"HC/NL-72"	1	1	4	0	0	0	0	"N7"
"HC_NL_72__HC_NL_72__N3C173"	"N7"	"HC/NL-72"	"HC"	"HC/NL-72"	1	1	4	2	1	0.5	1	"N7"
"HC_NL_72__HC_NL_72__N3C173"	"N8"	"HC/NL-72"	"HC"	"HC/NL-72"	1	1	4	0	0	0	0	"N7"
"HC_NL_72__HC_NL_72__N3C174"	"N1"	"HC/NL-72"	"HC"	"HC/NL-72"	1	1	8	0	0	0	0	"N7"
"HC_NL_72__HC_NL_72__N3C174"	"N2"	"HC/NL-72"	"HC"	"HC/NL-72"	1	1	8	0	0	0	0	"N7"
"HC_NL_72__HC_NL_72__N3C174"	"N3"	"HC/NL-72"	"HC"	"HC/NL-72"	1	1	8	0	0	0	0	"N7"
"HC_NL_72__HC_NL_72__N3C174"	"N4"	"HC/NL-72"	"HC"	"HC/NL-72"	1	1	8	0	0	0	0	"N7"
"HC_NL_72__HC_NL_72__N3C174"	"N5"	"HC/NL-72"	"HC"	"HC/NL-72"	1	1	8	0	0	0	0	"N7"
"HC_NL_72__HC_NL_72__N3C174"	"N6"	"HC/NL-72"	"HC"	"HC/NL-72"	1	1	8	0	0	0	0	"N7"
"HC_NL_72__HC_NL_72__N3C174"	"N7"	"HC/NL-72"	"HC"	"HC/NL-72"	1	1	8	7	1	0.875	1	"N7"
"HC_NL_72__HC_NL_72__N3C174"	"N8"	"HC/NL-72"	"HC"	"HC/NL-72"	1	1	8	1	1	0.125	1	"N7"
"HC_NL_72__HC_NL_72__N3C175"	"N1"	"HC/NL-72"	"HC"	"HC/NL-72"	1	1	8	0	0	0	0	"N7"
"HC_NL_72__HC_NL_72__N3C175"	"N2"	"HC/NL-72"	"HC"	"HC/NL-72"	1	1	8	0	0	0	0	"N7"
"HC_NL_72__HC_NL_72__N3C175"	"N3"	"HC/NL-72"	"HC"	"HC/NL-72"	1	1	8	0	0	0	0	"N7"
"HC_NL_72__HC_NL_72__N3C175"	"N4"	"HC/NL-72"	"HC"	"HC/NL-72"	1	1	8	0	0	0	0	"N7"
"HC_NL_72__HC_NL_72__N3C175"	"N5"	"HC/NL-72"	"HC"	"HC/NL-72"	1	1	8	1	1	0.125	1	"N7"
"HC_NL_72__HC_NL_72__N3C175"	"N6"	"HC/NL-72"	"HC"	"HC/NL-72"	1	1	8	0	0	0	0	"N7"
"HC_NL_72__HC_NL_72__N3C175"	"N7"	"HC/NL-72"	"HC"	"HC/NL-72"	1	1	8	7	1	0.875	1	"N7"
"HC_NL_72__HC_NL_72__N3C175"	"N8"	"HC/NL-72"	"HC"	"HC/NL-72"	1	1	8	0	0	0	0	"N7"
"HC_NL_72__HC_NL_72__N3C176"	"N1"	"HC/NL-72"	"HC"	"HC/NL-72"	2	2	10	1	1	0.1	0.5	"N8"
"HC_NL_72__HC_NL_72__N3C176"	"N2"	"HC/NL-72"	"HC"	"HC/NL-72"	2	2	10	0	0	0	0	"N8"
"HC_NL_72__HC_NL_72__N3C176"	"N3"	"HC/NL-72"	"HC"	"HC/NL-72"	2	2	10	0	0	0	0	"N8"
"HC_NL_72__HC_NL_72__N3C176"	"N4"	"HC/NL-72"	"HC"	"HC/NL-72"	2	2	10	0	0	0	0	"N8"
"HC_NL_72__HC_NL_72__N3C176"	"N5"	"HC/NL-72"	"HC"	"HC/NL-72"	2	2	10	2	1	0.2	0.5	"N8"
"HC_NL_72__HC_NL_72__N3C176"	"N6"	"HC/NL-72"	"HC"	"HC/NL-72"	2	2	10	0	0	0	0	"N8"
"HC_NL_72__HC_NL_72__N3C176"	"N7"	"HC/NL-72"	"HC"	"HC/NL-72"	2	2	10	0	0	0	0	"N8"
"HC_NL_72__HC_NL_72__N3C176"	"N8"	"HC/NL-72"	"HC"	"HC/NL-72"	2	2	10	7	2	0.7	1	"N8"
"HC_NL_72__HC_NL_72__N3C177"	"N1"	"HC/NL-72"	"HC"	"HC/NL-72"	1	1	8	1	1	0.125	1	"N7"
"HC_NL_72__HC_NL_72__N3C177"	"N2"	"HC/NL-72"	"HC"	"HC/NL-72"	1	1	8	0	0	0	0	"N7"
"HC_NL_72__HC_NL_72__N3C177"	"N3"	"HC/NL-72"	"HC"	"HC/NL-72"	1	1	8	0	0	0	0	"N7"
"HC_NL_72__HC_NL_72__N3C177"	"N4"	"HC/NL-72"	"HC"	"HC/NL-72"	1	1	8	0	0	0	0	"N7"
"HC_NL_72__HC_NL_72__N3C177"	"N5"	"HC/NL-72"	"HC"	"HC/NL-72"	1	1	8	1	1	0.125	1	"N7"
"HC_NL_72__HC_NL_72__N3C177"	"N6"	"HC/NL-72"	"HC"	"HC/NL-72"	1	1	8	1	1	0.125	1	"N7"
"HC_NL_72__HC_NL_72__N3C177"	"N7"	"HC/NL-72"	"HC"	"HC/NL-72"	1	1	8	5	1	0.625	1	"N7"
"HC_NL_72__HC_NL_72__N3C177"	"N8"	"HC/NL-72"	"HC"	"HC/NL-72"	1	1	8	0	0	0	0	"N7"
"HC_NL_72__HC_NL_72__N3C178"	"N1"	"HC/NL-72"	"HC"	"HC/NL-72"	1	1	8	2	1	0.25	1	"N7"
"HC_NL_72__HC_NL_72__N3C178"	"N2"	"HC/NL-72"	"HC"	"HC/NL-72"	1	1	8	0	0	0	0	"N7"
"HC_NL_72__HC_NL_72__N3C178"	"N3"	"HC/NL-72"	"HC"	"HC/NL-72"	1	1	8	0	0	0	0	"N7"
"HC_NL_72__HC_NL_72__N3C178"	"N4"	"HC/NL-72"	"HC"	"HC/NL-72"	1	1	8	0	0	0	0	"N7"
"HC_NL_72__HC_NL_72__N3C178"	"N5"	"HC/NL-72"	"HC"	"HC/NL-72"	1	1	8	0	0	0	0	"N7"
"HC_NL_72__HC_NL_72__N3C178"	"N6"	"HC/NL-72"	"HC"	"HC/NL-72"	1	1	8	0	0	0	0	"N7"
"HC_NL_72__HC_NL_72__N3C178"	"N7"	"HC/NL-72"	"HC"	"HC/NL-72"	1	1	8	6	1	0.75	1	"N7"
"HC_NL_72__HC_NL_72__N3C178"	"N8"	"HC/NL-72"	"HC"	"HC/NL-72"	1	1	8	0	0	0	0	"N7"
"HC_NL_72__HC_NL_72__N3C179"	"N1"	"HC/NL-72"	"HC"	"HC/NL-72"	9	9	41	24	9	0.585365853658537	1	"N1"
"HC_NL_72__HC_NL_72__N3C179"	"N2"	"HC/NL-72"	"HC"	"HC/NL-72"	9	9	41	0	0	0	0	"N1"
"HC_NL_72__HC_NL_72__N3C179"	"N3"	"HC/NL-72"	"HC"	"HC/NL-72"	9	9	41	0	0	0	0	"N1"
"HC_NL_72__HC_NL_72__N3C179"	"N4"	"HC/NL-72"	"HC"	"HC/NL-72"	9	9	41	0	0	0	0	"N1"
"HC_NL_72__HC_NL_72__N3C179"	"N5"	"HC/NL-72"	"HC"	"HC/NL-72"	9	9	41	8	3	0.195121951219512	0.333333333333333	"N1"
"HC_NL_72__HC_NL_72__N3C179"	"N6"	"HC/NL-72"	"HC"	"HC/NL-72"	9	9	41	1	1	0.024390243902439	0.111111111111111	"N1"
"HC_NL_72__HC_NL_72__N3C179"	"N7"	"HC/NL-72"	"HC"	"HC/NL-72"	9	9	41	7	5	0.170731707317073	0.555555555555556	"N1"
"HC_NL_72__HC_NL_72__N3C179"	"N8"	"HC/NL-72"	"HC"	"HC/NL-72"	9	9	41	1	1	0.024390243902439	0.111111111111111	"N1"
"HC_NL_72__HC_NL_72__N3C180"	"N1"	"HC/NL-72"	"HC"	"HC/NL-72"	12	12	58	16	8	0.275862068965517	0.666666666666667	"N7"
"HC_NL_72__HC_NL_72__N3C180"	"N2"	"HC/NL-72"	"HC"	"HC/NL-72"	12	12	58	0	0	0	0	"N7"
"HC_NL_72__HC_NL_72__N3C180"	"N3"	"HC/NL-72"	"HC"	"HC/NL-72"	12	12	58	0	0	0	0	"N7"
"HC_NL_72__HC_NL_72__N3C180"	"N4"	"HC/NL-72"	"HC"	"HC/NL-72"	12	12	58	0	0	0	0	"N7"
"HC_NL_72__HC_NL_72__N3C180"	"N5"	"HC/NL-72"	"HC"	"HC/NL-72"	12	12	58	5	4	0.0862068965517242	0.333333333333333	"N7"
"HC_NL_72__HC_NL_72__N3C180"	"N6"	"HC/NL-72"	"HC"	"HC/NL-72"	12	12	58	0	0	0	0	"N7"
"HC_NL_72__HC_NL_72__N3C180"	"N7"	"HC/NL-72"	"HC"	"HC/NL-72"	12	12	58	37	12	0.637931034482759	1	"N7"
"HC_NL_72__HC_NL_72__N3C180"	"N8"	"HC/NL-72"	"HC"	"HC/NL-72"	12	12	58	0	0	0	0	"N7"
"HC_NL_72__HC_NL_72__N3C181"	"N1"	"HC/NL-72"	"HC"	"HC/NL-72"	1	1	8	4	1	0.5	1	"N1; N7"
"HC_NL_72__HC_NL_72__N3C181"	"N2"	"HC/NL-72"	"HC"	"HC/NL-72"	1	1	8	0	0	0	0	"N1; N7"
"HC_NL_72__HC_NL_72__N3C181"	"N3"	"HC/NL-72"	"HC"	"HC/NL-72"	1	1	8	0	0	0	0	"N1; N7"
"HC_NL_72__HC_NL_72__N3C181"	"N4"	"HC/NL-72"	"HC"	"HC/NL-72"	1	1	8	0	0	0	0	"N1; N7"
"HC_NL_72__HC_NL_72__N3C181"	"N5"	"HC/NL-72"	"HC"	"HC/NL-72"	1	1	8	0	0	0	0	"N1; N7"
"HC_NL_72__HC_NL_72__N3C181"	"N6"	"HC/NL-72"	"HC"	"HC/NL-72"	1	1	8	0	0	0	0	"N1; N7"
"HC_NL_72__HC_NL_72__N3C181"	"N7"	"HC/NL-72"	"HC"	"HC/NL-72"	1	1	8	4	1	0.5	1	"N1; N7"
"HC_NL_72__HC_NL_72__N3C181"	"N8"	"HC/NL-72"	"HC"	"HC/NL-72"	1	1	8	0	0	0	0	"N1; N7"
"HC_NL_72__HC_NL_72__N3C182"	"N1"	"HC/NL-72"	"HC"	"HC/NL-72"	38	34	114	28	13	0.245614035087719	0.382352941176471	"N7"
"HC_NL_72__HC_NL_72__N3C182"	"N2"	"HC/NL-72"	"HC"	"HC/NL-72"	38	34	114	0	0	0	0	"N7"
"HC_NL_72__HC_NL_72__N3C182"	"N3"	"HC/NL-72"	"HC"	"HC/NL-72"	38	34	114	0	0	0	0	"N7"
"HC_NL_72__HC_NL_72__N3C182"	"N4"	"HC/NL-72"	"HC"	"HC/NL-72"	38	34	114	0	0	0	0	"N7"
"HC_NL_72__HC_NL_72__N3C182"	"N5"	"HC/NL-72"	"HC"	"HC/NL-72"	38	34	114	12	9	0.105263157894737	0.264705882352941	"N7"
"HC_NL_72__HC_NL_72__N3C182"	"N6"	"HC/NL-72"	"HC"	"HC/NL-72"	38	34	114	2	2	0.0175438596491228	0.0588235294117647	"N7"
"HC_NL_72__HC_NL_72__N3C182"	"N7"	"HC/NL-72"	"HC"	"HC/NL-72"	38	34	114	70	29	0.614035087719298	0.852941176470588	"N7"
"HC_NL_72__HC_NL_72__N3C182"	"N8"	"HC/NL-72"	"HC"	"HC/NL-72"	38	34	114	2	2	0.0175438596491228	0.0588235294117647	"N7"
"HC_NL_72__HC_NL_72__N3C183"	"N1"	"HC/NL-72"	"HC"	"HC/NL-72"	2	2	14	3	2	0.214285714285714	1	"N7"
"HC_NL_72__HC_NL_72__N3C183"	"N2"	"HC/NL-72"	"HC"	"HC/NL-72"	2	2	14	0	0	0	0	"N7"
"HC_NL_72__HC_NL_72__N3C183"	"N3"	"HC/NL-72"	"HC"	"HC/NL-72"	2	2	14	0	0	0	0	"N7"
"HC_NL_72__HC_NL_72__N3C183"	"N4"	"HC/NL-72"	"HC"	"HC/NL-72"	2	2	14	0	0	0	0	"N7"
"HC_NL_72__HC_NL_72__N3C183"	"N5"	"HC/NL-72"	"HC"	"HC/NL-72"	2	2	14	1	1	0.0714285714285714	0.5	"N7"
"HC_NL_72__HC_NL_72__N3C183"	"N6"	"HC/NL-72"	"HC"	"HC/NL-72"	2	2	14	0	0	0	0	"N7"
"HC_NL_72__HC_NL_72__N3C183"	"N7"	"HC/NL-72"	"HC"	"HC/NL-72"	2	2	14	10	2	0.714285714285714	1	"N7"
"HC_NL_72__HC_NL_72__N3C183"	"N8"	"HC/NL-72"	"HC"	"HC/NL-72"	2	2	14	0	0	0	0	"N7"
"HC_NL_72__HC_NL_72__N3C184"	"N1"	"HC/NL-72"	"HC"	"HC/NL-72"	7	7	34	12	5	0.352941176470588	0.714285714285714	"N7"
"HC_NL_72__HC_NL_72__N3C184"	"N2"	"HC/NL-72"	"HC"	"HC/NL-72"	7	7	34	0	0	0	0	"N7"
"HC_NL_72__HC_NL_72__N3C184"	"N3"	"HC/NL-72"	"HC"	"HC/NL-72"	7	7	34	0	0	0	0	"N7"
"HC_NL_72__HC_NL_72__N3C184"	"N4"	"HC/NL-72"	"HC"	"HC/NL-72"	7	7	34	0	0	0	0	"N7"
"HC_NL_72__HC_NL_72__N3C184"	"N5"	"HC/NL-72"	"HC"	"HC/NL-72"	7	7	34	0	0	0	0	"N7"
"HC_NL_72__HC_NL_72__N3C184"	"N6"	"HC/NL-72"	"HC"	"HC/NL-72"	7	7	34	0	0	0	0	"N7"
"HC_NL_72__HC_NL_72__N3C184"	"N7"	"HC/NL-72"	"HC"	"HC/NL-72"	7	7	34	22	7	0.647058823529412	1	"N7"
"HC_NL_72__HC_NL_72__N3C184"	"N8"	"HC/NL-72"	"HC"	"HC/NL-72"	7	7	34	0	0	0	0	"N7"
"HC_NL_72__HC_NL_72__N3C185"	"N1"	"HC/NL-72"	"HC"	"HC/NL-72"	33	32	138	22	16	0.159420289855072	0.5	"N7"
"HC_NL_72__HC_NL_72__N3C185"	"N2"	"HC/NL-72"	"HC"	"HC/NL-72"	33	32	138	0	0	0	0	"N7"
"HC_NL_72__HC_NL_72__N3C185"	"N3"	"HC/NL-72"	"HC"	"HC/NL-72"	33	32	138	0	0	0	0	"N7"
"HC_NL_72__HC_NL_72__N3C185"	"N4"	"HC/NL-72"	"HC"	"HC/NL-72"	33	32	138	0	0	0	0	"N7"
"HC_NL_72__HC_NL_72__N3C185"	"N5"	"HC/NL-72"	"HC"	"HC/NL-72"	33	32	138	34	22	0.246376811594203	0.6875	"N7"
"HC_NL_72__HC_NL_72__N3C185"	"N6"	"HC/NL-72"	"HC"	"HC/NL-72"	33	32	138	1	1	0.0072463768115942	0.03125	"N7"
"HC_NL_72__HC_NL_72__N3C185"	"N7"	"HC/NL-72"	"HC"	"HC/NL-72"	33	32	138	81	29	0.586956521739131	0.90625	"N7"
"HC_NL_72__HC_NL_72__N3C185"	"N8"	"HC/NL-72"	"HC"	"HC/NL-72"	33	32	138	0	0	0	0	"N7"
"HC_NL_72__HC_NL_72__N3C186"	"N1"	"HC/NL-72"	"HC"	"HC/NL-72"	1	1	8	0	0	0	0	"N7"
"HC_NL_72__HC_NL_72__N3C186"	"N2"	"HC/NL-72"	"HC"	"HC/NL-72"	1	1	8	0	0	0	0	"N7"
"HC_NL_72__HC_NL_72__N3C186"	"N3"	"HC/NL-72"	"HC"	"HC/NL-72"	1	1	8	0	0	0	0	"N7"
"HC_NL_72__HC_NL_72__N3C186"	"N4"	"HC/NL-72"	"HC"	"HC/NL-72"	1	1	8	0	0	0	0	"N7"
"HC_NL_72__HC_NL_72__N3C186"	"N5"	"HC/NL-72"	"HC"	"HC/NL-72"	1	1	8	3	1	0.375	1	"N7"
"HC_NL_72__HC_NL_72__N3C186"	"N6"	"HC/NL-72"	"HC"	"HC/NL-72"	1	1	8	0	0	0	0	"N7"
"HC_NL_72__HC_NL_72__N3C186"	"N7"	"HC/NL-72"	"HC"	"HC/NL-72"	1	1	8	5	1	0.625	1	"N7"
"HC_NL_72__HC_NL_72__N3C186"	"N8"	"HC/NL-72"	"HC"	"HC/NL-72"	1	1	8	0	0	0	0	"N7"
"HC_NL_72__HC_NL_72__N3C187"	"N1"	"HC/NL-72"	"HC"	"HC/NL-72"	4	4	24	5	4	0.208333333333333	1	"N7"
"HC_NL_72__HC_NL_72__N3C187"	"N2"	"HC/NL-72"	"HC"	"HC/NL-72"	4	4	24	0	0	0	0	"N7"
"HC_NL_72__HC_NL_72__N3C187"	"N3"	"HC/NL-72"	"HC"	"HC/NL-72"	4	4	24	0	0	0	0	"N7"
"HC_NL_72__HC_NL_72__N3C187"	"N4"	"HC/NL-72"	"HC"	"HC/NL-72"	4	4	24	0	0	0	0	"N7"
"HC_NL_72__HC_NL_72__N3C187"	"N5"	"HC/NL-72"	"HC"	"HC/NL-72"	4	4	24	8	3	0.333333333333333	0.75	"N7"
"HC_NL_72__HC_NL_72__N3C187"	"N6"	"HC/NL-72"	"HC"	"HC/NL-72"	4	4	24	0	0	0	0	"N7"
"HC_NL_72__HC_NL_72__N3C187"	"N7"	"HC/NL-72"	"HC"	"HC/NL-72"	4	4	24	11	4	0.458333333333333	1	"N7"
"HC_NL_72__HC_NL_72__N3C187"	"N8"	"HC/NL-72"	"HC"	"HC/NL-72"	4	4	24	0	0	0	0	"N7"
"HC_NL_72__HC_NL_72__N3C188"	"N1"	"HC/NL-72"	"HC"	"HC/NL-72"	1	1	7	5	1	0.714285714285714	1	"N1"
"HC_NL_72__HC_NL_72__N3C188"	"N2"	"HC/NL-72"	"HC"	"HC/NL-72"	1	1	7	0	0	0	0	"N1"
"HC_NL_72__HC_NL_72__N3C188"	"N3"	"HC/NL-72"	"HC"	"HC/NL-72"	1	1	7	0	0	0	0	"N1"
"HC_NL_72__HC_NL_72__N3C188"	"N4"	"HC/NL-72"	"HC"	"HC/NL-72"	1	1	7	0	0	0	0	"N1"
"HC_NL_72__HC_NL_72__N3C188"	"N5"	"HC/NL-72"	"HC"	"HC/NL-72"	1	1	7	1	1	0.142857142857143	1	"N1"
"HC_NL_72__HC_NL_72__N3C188"	"N6"	"HC/NL-72"	"HC"	"HC/NL-72"	1	1	7	0	0	0	0	"N1"
"HC_NL_72__HC_NL_72__N3C188"	"N7"	"HC/NL-72"	"HC"	"HC/NL-72"	1	1	7	0	0	0	0	"N1"
"HC_NL_72__HC_NL_72__N3C188"	"N8"	"HC/NL-72"	"HC"	"HC/NL-72"	1	1	7	1	1	0.142857142857143	1	"N1"
"HC_NL_72__HC_NL_72__N3C189"	"N1"	"HC/NL-72"	"HC"	"HC/NL-72"	1	1	7	4	1	0.571428571428571	1	"N1"
"HC_NL_72__HC_NL_72__N3C189"	"N2"	"HC/NL-72"	"HC"	"HC/NL-72"	1	1	7	0	0	0	0	"N1"
"HC_NL_72__HC_NL_72__N3C189"	"N3"	"HC/NL-72"	"HC"	"HC/NL-72"	1	1	7	0	0	0	0	"N1"
"HC_NL_72__HC_NL_72__N3C189"	"N4"	"HC/NL-72"	"HC"	"HC/NL-72"	1	1	7	0	0	0	0	"N1"
"HC_NL_72__HC_NL_72__N3C189"	"N5"	"HC/NL-72"	"HC"	"HC/NL-72"	1	1	7	0	0	0	0	"N1"
"HC_NL_72__HC_NL_72__N3C189"	"N6"	"HC/NL-72"	"HC"	"HC/NL-72"	1	1	7	0	0	0	0	"N1"
"HC_NL_72__HC_NL_72__N3C189"	"N7"	"HC/NL-72"	"HC"	"HC/NL-72"	1	1	7	3	1	0.428571428571429	1	"N1"
"HC_NL_72__HC_NL_72__N3C189"	"N8"	"HC/NL-72"	"HC"	"HC/NL-72"	1	1	7	0	0	0	0	"N1"
"HC_NL_72__HC_NL_72__N3C190"	"N1"	"HC/NL-72"	"HC"	"HC/NL-72"	2	2	14	0	0	0	0	"N7"
"HC_NL_72__HC_NL_72__N3C190"	"N2"	"HC/NL-72"	"HC"	"HC/NL-72"	2	2	14	0	0	0	0	"N7"
"HC_NL_72__HC_NL_72__N3C190"	"N3"	"HC/NL-72"	"HC"	"HC/NL-72"	2	2	14	0	0	0	0	"N7"
"HC_NL_72__HC_NL_72__N3C190"	"N4"	"HC/NL-72"	"HC"	"HC/NL-72"	2	2	14	0	0	0	0	"N7"
"HC_NL_72__HC_NL_72__N3C190"	"N5"	"HC/NL-72"	"HC"	"HC/NL-72"	2	2	14	6	2	0.428571428571429	1	"N7"
"HC_NL_72__HC_NL_72__N3C190"	"N6"	"HC/NL-72"	"HC"	"HC/NL-72"	2	2	14	0	0	0	0	"N7"
"HC_NL_72__HC_NL_72__N3C190"	"N7"	"HC/NL-72"	"HC"	"HC/NL-72"	2	2	14	8	2	0.571428571428571	1	"N7"
"HC_NL_72__HC_NL_72__N3C190"	"N8"	"HC/NL-72"	"HC"	"HC/NL-72"	2	2	14	0	0	0	0	"N7"
"HC_NL_72__HC_NL_72__N3C191"	"N1"	"HC/NL-72"	"HC"	"HC/NL-72"	1	1	1	0	0	0	0	"N8"
"HC_NL_72__HC_NL_72__N3C191"	"N2"	"HC/NL-72"	"HC"	"HC/NL-72"	1	1	1	0	0	0	0	"N8"
"HC_NL_72__HC_NL_72__N3C191"	"N3"	"HC/NL-72"	"HC"	"HC/NL-72"	1	1	1	0	0	0	0	"N8"
"HC_NL_72__HC_NL_72__N3C191"	"N4"	"HC/NL-72"	"HC"	"HC/NL-72"	1	1	1	0	0	0	0	"N8"
"HC_NL_72__HC_NL_72__N3C191"	"N5"	"HC/NL-72"	"HC"	"HC/NL-72"	1	1	1	0	0	0	0	"N8"
"HC_NL_72__HC_NL_72__N3C191"	"N6"	"HC/NL-72"	"HC"	"HC/NL-72"	1	1	1	0	0	0	0	"N8"
"HC_NL_72__HC_NL_72__N3C191"	"N7"	"HC/NL-72"	"HC"	"HC/NL-72"	1	1	1	0	0	0	0	"N8"
"HC_NL_72__HC_NL_72__N3C191"	"N8"	"HC/NL-72"	"HC"	"HC/NL-72"	1	1	1	1	1	1	1	"N8"
"HC_NL_72__HC_NL_72__N3C192"	"N1"	"HC/NL-72"	"HC"	"HC/NL-72"	3	3	18	2	2	0.111111111111111	0.666666666666667	"N5"
"HC_NL_72__HC_NL_72__N3C192"	"N2"	"HC/NL-72"	"HC"	"HC/NL-72"	3	3	18	0	0	0	0	"N5"
"HC_NL_72__HC_NL_72__N3C192"	"N3"	"HC/NL-72"	"HC"	"HC/NL-72"	3	3	18	0	0	0	0	"N5"
"HC_NL_72__HC_NL_72__N3C192"	"N4"	"HC/NL-72"	"HC"	"HC/NL-72"	3	3	18	0	0	0	0	"N5"
"HC_NL_72__HC_NL_72__N3C192"	"N5"	"HC/NL-72"	"HC"	"HC/NL-72"	3	3	18	9	3	0.5	1	"N5"
"HC_NL_72__HC_NL_72__N3C192"	"N6"	"HC/NL-72"	"HC"	"HC/NL-72"	3	3	18	0	0	0	0	"N5"
"HC_NL_72__HC_NL_72__N3C192"	"N7"	"HC/NL-72"	"HC"	"HC/NL-72"	3	3	18	4	3	0.222222222222222	1	"N5"
"HC_NL_72__HC_NL_72__N3C192"	"N8"	"HC/NL-72"	"HC"	"HC/NL-72"	3	3	18	3	2	0.166666666666667	0.666666666666667	"N5"
"HC_NL_72__HC_NL_72__N3C193"	"N1"	"HC/NL-72"	"HC"	"HC/NL-72"	1	1	8	1	1	0.125	1	"N5; N7"
"HC_NL_72__HC_NL_72__N3C193"	"N2"	"HC/NL-72"	"HC"	"HC/NL-72"	1	1	8	0	0	0	0	"N5; N7"
"HC_NL_72__HC_NL_72__N3C193"	"N3"	"HC/NL-72"	"HC"	"HC/NL-72"	1	1	8	0	0	0	0	"N5; N7"
"HC_NL_72__HC_NL_72__N3C193"	"N4"	"HC/NL-72"	"HC"	"HC/NL-72"	1	1	8	0	0	0	0	"N5; N7"
"HC_NL_72__HC_NL_72__N3C193"	"N5"	"HC/NL-72"	"HC"	"HC/NL-72"	1	1	8	3	1	0.375	1	"N5; N7"
"HC_NL_72__HC_NL_72__N3C193"	"N6"	"HC/NL-72"	"HC"	"HC/NL-72"	1	1	8	0	0	0	0	"N5; N7"
"HC_NL_72__HC_NL_72__N3C193"	"N7"	"HC/NL-72"	"HC"	"HC/NL-72"	1	1	8	3	1	0.375	1	"N5; N7"
"HC_NL_72__HC_NL_72__N3C193"	"N8"	"HC/NL-72"	"HC"	"HC/NL-72"	1	1	8	1	1	0.125	1	"N5; N7"
"HC_NL_72__HC_NL_72__N3C194"	"N1"	"HC/NL-72"	"HC"	"HC/NL-72"	9	9	48	20	8	0.416666666666667	0.888888888888889	"N7"
"HC_NL_72__HC_NL_72__N3C194"	"N2"	"HC/NL-72"	"HC"	"HC/NL-72"	9	9	48	0	0	0	0	"N7"
"HC_NL_72__HC_NL_72__N3C194"	"N3"	"HC/NL-72"	"HC"	"HC/NL-72"	9	9	48	0	0	0	0	"N7"
"HC_NL_72__HC_NL_72__N3C194"	"N4"	"HC/NL-72"	"HC"	"HC/NL-72"	9	9	48	0	0	0	0	"N7"
"HC_NL_72__HC_NL_72__N3C194"	"N5"	"HC/NL-72"	"HC"	"HC/NL-72"	9	9	48	0	0	0	0	"N7"
"HC_NL_72__HC_NL_72__N3C194"	"N6"	"HC/NL-72"	"HC"	"HC/NL-72"	9	9	48	0	0	0	0	"N7"
"HC_NL_72__HC_NL_72__N3C194"	"N7"	"HC/NL-72"	"HC"	"HC/NL-72"	9	9	48	28	8	0.583333333333333	0.888888888888889	"N7"
"HC_NL_72__HC_NL_72__N3C194"	"N8"	"HC/NL-72"	"HC"	"HC/NL-72"	9	9	48	0	0	0	0	"N7"
"HC_NL_72__HC_NL_72__N3C195"	"N1"	"HC/NL-72"	"HC"	"HC/NL-72"	1	1	8	7	1	0.875	1	"N1"
"HC_NL_72__HC_NL_72__N3C195"	"N2"	"HC/NL-72"	"HC"	"HC/NL-72"	1	1	8	0	0	0	0	"N1"
"HC_NL_72__HC_NL_72__N3C195"	"N3"	"HC/NL-72"	"HC"	"HC/NL-72"	1	1	8	0	0	0	0	"N1"
"HC_NL_72__HC_NL_72__N3C195"	"N4"	"HC/NL-72"	"HC"	"HC/NL-72"	1	1	8	0	0	0	0	"N1"
"HC_NL_72__HC_NL_72__N3C195"	"N5"	"HC/NL-72"	"HC"	"HC/NL-72"	1	1	8	0	0	0	0	"N1"
"HC_NL_72__HC_NL_72__N3C195"	"N6"	"HC/NL-72"	"HC"	"HC/NL-72"	1	1	8	0	0	0	0	"N1"
"HC_NL_72__HC_NL_72__N3C195"	"N7"	"HC/NL-72"	"HC"	"HC/NL-72"	1	1	8	1	1	0.125	1	"N1"
"HC_NL_72__HC_NL_72__N3C195"	"N8"	"HC/NL-72"	"HC"	"HC/NL-72"	1	1	8	0	0	0	0	"N1"
"HC_NL_72__HC_NL_72__N3C196"	"N1"	"HC/NL-72"	"HC"	"HC/NL-72"	1	1	8	1	1	0.125	1	"N8"
"HC_NL_72__HC_NL_72__N3C196"	"N2"	"HC/NL-72"	"HC"	"HC/NL-72"	1	1	8	0	0	0	0	"N8"
"HC_NL_72__HC_NL_72__N3C196"	"N3"	"HC/NL-72"	"HC"	"HC/NL-72"	1	1	8	0	0	0	0	"N8"
"HC_NL_72__HC_NL_72__N3C196"	"N4"	"HC/NL-72"	"HC"	"HC/NL-72"	1	1	8	0	0	0	0	"N8"
"HC_NL_72__HC_NL_72__N3C196"	"N5"	"HC/NL-72"	"HC"	"HC/NL-72"	1	1	8	3	1	0.375	1	"N8"
"HC_NL_72__HC_NL_72__N3C196"	"N6"	"HC/NL-72"	"HC"	"HC/NL-72"	1	1	8	0	0	0	0	"N8"
"HC_NL_72__HC_NL_72__N3C196"	"N7"	"HC/NL-72"	"HC"	"HC/NL-72"	1	1	8	0	0	0	0	"N8"
"HC_NL_72__HC_NL_72__N3C196"	"N8"	"HC/NL-72"	"HC"	"HC/NL-72"	1	1	8	4	1	0.5	1	"N8"
"HC_NL_72__HC_NL_72__N3C197"	"N1"	"HC/NL-72"	"HC"	"HC/NL-72"	2	2	14	6	2	0.428571428571429	1	"N1"
"HC_NL_72__HC_NL_72__N3C197"	"N2"	"HC/NL-72"	"HC"	"HC/NL-72"	2	2	14	0	0	0	0	"N1"
"HC_NL_72__HC_NL_72__N3C197"	"N3"	"HC/NL-72"	"HC"	"HC/NL-72"	2	2	14	0	0	0	0	"N1"
"HC_NL_72__HC_NL_72__N3C197"	"N4"	"HC/NL-72"	"HC"	"HC/NL-72"	2	2	14	0	0	0	0	"N1"
"HC_NL_72__HC_NL_72__N3C197"	"N5"	"HC/NL-72"	"HC"	"HC/NL-72"	2	2	14	1	1	0.0714285714285714	0.5	"N1"
"HC_NL_72__HC_NL_72__N3C197"	"N6"	"HC/NL-72"	"HC"	"HC/NL-72"	2	2	14	0	0	0	0	"N1"
"HC_NL_72__HC_NL_72__N3C197"	"N7"	"HC/NL-72"	"HC"	"HC/NL-72"	2	2	14	2	2	0.142857142857143	1	"N1"
"HC_NL_72__HC_NL_72__N3C197"	"N8"	"HC/NL-72"	"HC"	"HC/NL-72"	2	2	14	5	2	0.357142857142857	1	"N1"
"HC_NL_72__HC_NL_72__N3C198"	"N1"	"HC/NL-72"	"HC"	"HC/NL-72"	1	1	8	5	1	0.625	1	"N1"
"HC_NL_72__HC_NL_72__N3C198"	"N2"	"HC/NL-72"	"HC"	"HC/NL-72"	1	1	8	0	0	0	0	"N1"
"HC_NL_72__HC_NL_72__N3C198"	"N3"	"HC/NL-72"	"HC"	"HC/NL-72"	1	1	8	0	0	0	0	"N1"
"HC_NL_72__HC_NL_72__N3C198"	"N4"	"HC/NL-72"	"HC"	"HC/NL-72"	1	1	8	0	0	0	0	"N1"
"HC_NL_72__HC_NL_72__N3C198"	"N5"	"HC/NL-72"	"HC"	"HC/NL-72"	1	1	8	0	0	0	0	"N1"
"HC_NL_72__HC_NL_72__N3C198"	"N6"	"HC/NL-72"	"HC"	"HC/NL-72"	1	1	8	0	0	0	0	"N1"
"HC_NL_72__HC_NL_72__N3C198"	"N7"	"HC/NL-72"	"HC"	"HC/NL-72"	1	1	8	3	1	0.375	1	"N1"
"HC_NL_72__HC_NL_72__N3C198"	"N8"	"HC/NL-72"	"HC"	"HC/NL-72"	1	1	8	0	0	0	0	"N1"
"HC_NL_72__HC_NL_72__N3C199"	"N1"	"HC/NL-72"	"HC"	"HC/NL-72"	2	2	14	4	2	0.285714285714286	1	"N7"
"HC_NL_72__HC_NL_72__N3C199"	"N2"	"HC/NL-72"	"HC"	"HC/NL-72"	2	2	14	0	0	0	0	"N7"
"HC_NL_72__HC_NL_72__N3C199"	"N3"	"HC/NL-72"	"HC"	"HC/NL-72"	2	2	14	0	0	0	0	"N7"
"HC_NL_72__HC_NL_72__N3C199"	"N4"	"HC/NL-72"	"HC"	"HC/NL-72"	2	2	14	0	0	0	0	"N7"
"HC_NL_72__HC_NL_72__N3C199"	"N5"	"HC/NL-72"	"HC"	"HC/NL-72"	2	2	14	2	2	0.142857142857143	1	"N7"
"HC_NL_72__HC_NL_72__N3C199"	"N6"	"HC/NL-72"	"HC"	"HC/NL-72"	2	2	14	1	1	0.0714285714285714	0.5	"N7"
"HC_NL_72__HC_NL_72__N3C199"	"N7"	"HC/NL-72"	"HC"	"HC/NL-72"	2	2	14	6	2	0.428571428571429	1	"N7"
"HC_NL_72__HC_NL_72__N3C199"	"N8"	"HC/NL-72"	"HC"	"HC/NL-72"	2	2	14	1	1	0.0714285714285714	0.5	"N7"
"HC_NL_72__HC_NL_72__N3C200"	"N1"	"HC/NL-72"	"HC"	"HC/NL-72"	1	1	8	2	1	0.25	1	"N7"
"HC_NL_72__HC_NL_72__N3C200"	"N2"	"HC/NL-72"	"HC"	"HC/NL-72"	1	1	8	1	1	0.125	1	"N7"
"HC_NL_72__HC_NL_72__N3C200"	"N3"	"HC/NL-72"	"HC"	"HC/NL-72"	1	1	8	0	0	0	0	"N7"
"HC_NL_72__HC_NL_72__N3C200"	"N4"	"HC/NL-72"	"HC"	"HC/NL-72"	1	1	8	0	0	0	0	"N7"
"HC_NL_72__HC_NL_72__N3C200"	"N5"	"HC/NL-72"	"HC"	"HC/NL-72"	1	1	8	1	1	0.125	1	"N7"
"HC_NL_72__HC_NL_72__N3C200"	"N6"	"HC/NL-72"	"HC"	"HC/NL-72"	1	1	8	1	1	0.125	1	"N7"
"HC_NL_72__HC_NL_72__N3C200"	"N7"	"HC/NL-72"	"HC"	"HC/NL-72"	1	1	8	3	1	0.375	1	"N7"
"HC_NL_72__HC_NL_72__N3C200"	"N8"	"HC/NL-72"	"HC"	"HC/NL-72"	1	1	8	0	0	0	0	"N7"
"HC_NL_72__HC_NL_72__N3C201"	"N1"	"HC/NL-72"	"HC"	"HC/NL-72"	8	7	20	0	0	0	0	"N7"
"HC_NL_72__HC_NL_72__N3C201"	"N2"	"HC/NL-72"	"HC"	"HC/NL-72"	8	7	20	0	0	0	0	"N7"
"HC_NL_72__HC_NL_72__N3C201"	"N3"	"HC/NL-72"	"HC"	"HC/NL-72"	8	7	20	0	0	0	0	"N7"
"HC_NL_72__HC_NL_72__N3C201"	"N4"	"HC/NL-72"	"HC"	"HC/NL-72"	8	7	20	0	0	0	0	"N7"
"HC_NL_72__HC_NL_72__N3C201"	"N5"	"HC/NL-72"	"HC"	"HC/NL-72"	8	7	20	7	5	0.35	0.714285714285714	"N7"
"HC_NL_72__HC_NL_72__N3C201"	"N6"	"HC/NL-72"	"HC"	"HC/NL-72"	8	7	20	0	0	0	0	"N7"
"HC_NL_72__HC_NL_72__N3C201"	"N7"	"HC/NL-72"	"HC"	"HC/NL-72"	8	7	20	13	6	0.65	0.857142857142857	"N7"
"HC_NL_72__HC_NL_72__N3C201"	"N8"	"HC/NL-72"	"HC"	"HC/NL-72"	8	7	20	0	0	0	0	"N7"
"HC_NL_72__HC_NL_72__N3C202"	"N1"	"HC/NL-72"	"HC"	"HC/NL-72"	47	47	190	98	40	0.515789473684211	0.851063829787234	"N1"
"HC_NL_72__HC_NL_72__N3C202"	"N2"	"HC/NL-72"	"HC"	"HC/NL-72"	47	47	190	2	2	0.0105263157894737	0.0425531914893617	"N1"
"HC_NL_72__HC_NL_72__N3C202"	"N3"	"HC/NL-72"	"HC"	"HC/NL-72"	47	47	190	0	0	0	0	"N1"
"HC_NL_72__HC_NL_72__N3C202"	"N4"	"HC/NL-72"	"HC"	"HC/NL-72"	47	47	190	0	0	0	0	"N1"
"HC_NL_72__HC_NL_72__N3C202"	"N5"	"HC/NL-72"	"HC"	"HC/NL-72"	47	47	190	29	15	0.152631578947368	0.319148936170213	"N1"
"HC_NL_72__HC_NL_72__N3C202"	"N6"	"HC/NL-72"	"HC"	"HC/NL-72"	47	47	190	1	1	0.00526315789473684	0.0212765957446809	"N1"
"HC_NL_72__HC_NL_72__N3C202"	"N7"	"HC/NL-72"	"HC"	"HC/NL-72"	47	47	190	45	23	0.236842105263158	0.48936170212766	"N1"
"HC_NL_72__HC_NL_72__N3C202"	"N8"	"HC/NL-72"	"HC"	"HC/NL-72"	47	47	190	15	14	0.0789473684210526	0.297872340425532	"N1"
"HC_NL_72__HC_NL_72__N3C203"	"N1"	"HC/NL-72"	"HC"	"HC/NL-72"	2	2	14	8	2	0.571428571428571	1	"N1"
"HC_NL_72__HC_NL_72__N3C203"	"N2"	"HC/NL-72"	"HC"	"HC/NL-72"	2	2	14	0	0	0	0	"N1"
"HC_NL_72__HC_NL_72__N3C203"	"N3"	"HC/NL-72"	"HC"	"HC/NL-72"	2	2	14	0	0	0	0	"N1"
"HC_NL_72__HC_NL_72__N3C203"	"N4"	"HC/NL-72"	"HC"	"HC/NL-72"	2	2	14	0	0	0	0	"N1"
"HC_NL_72__HC_NL_72__N3C203"	"N5"	"HC/NL-72"	"HC"	"HC/NL-72"	2	2	14	0	0	0	0	"N1"
"HC_NL_72__HC_NL_72__N3C203"	"N6"	"HC/NL-72"	"HC"	"HC/NL-72"	2	2	14	0	0	0	0	"N1"
"HC_NL_72__HC_NL_72__N3C203"	"N7"	"HC/NL-72"	"HC"	"HC/NL-72"	2	2	14	6	2	0.428571428571429	1	"N1"
"HC_NL_72__HC_NL_72__N3C203"	"N8"	"HC/NL-72"	"HC"	"HC/NL-72"	2	2	14	0	0	0	0	"N1"
"HC_NL_72__HC_NL_72__N3C204"	"N1"	"HC/NL-72"	"HC"	"HC/NL-72"	1	1	8	3	1	0.375	1	"N1"
"HC_NL_72__HC_NL_72__N3C204"	"N2"	"HC/NL-72"	"HC"	"HC/NL-72"	1	1	8	0	0	0	0	"N1"
"HC_NL_72__HC_NL_72__N3C204"	"N3"	"HC/NL-72"	"HC"	"HC/NL-72"	1	1	8	0	0	0	0	"N1"
"HC_NL_72__HC_NL_72__N3C204"	"N4"	"HC/NL-72"	"HC"	"HC/NL-72"	1	1	8	0	0	0	0	"N1"
"HC_NL_72__HC_NL_72__N3C204"	"N5"	"HC/NL-72"	"HC"	"HC/NL-72"	1	1	8	2	1	0.25	1	"N1"
"HC_NL_72__HC_NL_72__N3C204"	"N6"	"HC/NL-72"	"HC"	"HC/NL-72"	1	1	8	1	1	0.125	1	"N1"
"HC_NL_72__HC_NL_72__N3C204"	"N7"	"HC/NL-72"	"HC"	"HC/NL-72"	1	1	8	2	1	0.25	1	"N1"
"HC_NL_72__HC_NL_72__N3C204"	"N8"	"HC/NL-72"	"HC"	"HC/NL-72"	1	1	8	0	0	0	0	"N1"
"HC_NL_72__HC_NL_72__N3C205"	"N1"	"HC/NL-72"	"HC"	"HC/NL-72"	2	2	11	1	1	0.0909090909090909	0.5	"N5"
"HC_NL_72__HC_NL_72__N3C205"	"N2"	"HC/NL-72"	"HC"	"HC/NL-72"	2	2	11	0	0	0	0	"N5"
"HC_NL_72__HC_NL_72__N3C205"	"N3"	"HC/NL-72"	"HC"	"HC/NL-72"	2	2	11	0	0	0	0	"N5"
"HC_NL_72__HC_NL_72__N3C205"	"N4"	"HC/NL-72"	"HC"	"HC/NL-72"	2	2	11	0	0	0	0	"N5"
"HC_NL_72__HC_NL_72__N3C205"	"N5"	"HC/NL-72"	"HC"	"HC/NL-72"	2	2	11	6	2	0.545454545454545	1	"N5"
"HC_NL_72__HC_NL_72__N3C205"	"N6"	"HC/NL-72"	"HC"	"HC/NL-72"	2	2	11	0	0	0	0	"N5"
"HC_NL_72__HC_NL_72__N3C205"	"N7"	"HC/NL-72"	"HC"	"HC/NL-72"	2	2	11	4	2	0.363636363636364	1	"N5"
"HC_NL_72__HC_NL_72__N3C205"	"N8"	"HC/NL-72"	"HC"	"HC/NL-72"	2	2	11	0	0	0	0	"N5"
"HC_NL_72__HC_NL_72__N3C206"	"N1"	"HC/NL-72"	"HC"	"HC/NL-72"	1	1	8	4	1	0.5	1	"N1; N7"
"HC_NL_72__HC_NL_72__N3C206"	"N2"	"HC/NL-72"	"HC"	"HC/NL-72"	1	1	8	0	0	0	0	"N1; N7"
"HC_NL_72__HC_NL_72__N3C206"	"N3"	"HC/NL-72"	"HC"	"HC/NL-72"	1	1	8	0	0	0	0	"N1; N7"
"HC_NL_72__HC_NL_72__N3C206"	"N4"	"HC/NL-72"	"HC"	"HC/NL-72"	1	1	8	0	0	0	0	"N1; N7"
"HC_NL_72__HC_NL_72__N3C206"	"N5"	"HC/NL-72"	"HC"	"HC/NL-72"	1	1	8	0	0	0	0	"N1; N7"
"HC_NL_72__HC_NL_72__N3C206"	"N6"	"HC/NL-72"	"HC"	"HC/NL-72"	1	1	8	0	0	0	0	"N1; N7"
"HC_NL_72__HC_NL_72__N3C206"	"N7"	"HC/NL-72"	"HC"	"HC/NL-72"	1	1	8	4	1	0.5	1	"N1; N7"
"HC_NL_72__HC_NL_72__N3C206"	"N8"	"HC/NL-72"	"HC"	"HC/NL-72"	1	1	8	0	0	0	0	"N1; N7"
"HC_NL_72__HC_NL_72__N3C207"	"N1"	"HC/NL-72"	"HC"	"HC/NL-72"	5	5	26	0	0	0	0	"N7"
"HC_NL_72__HC_NL_72__N3C207"	"N2"	"HC/NL-72"	"HC"	"HC/NL-72"	5	5	26	0	0	0	0	"N7"
"HC_NL_72__HC_NL_72__N3C207"	"N3"	"HC/NL-72"	"HC"	"HC/NL-72"	5	5	26	0	0	0	0	"N7"
"HC_NL_72__HC_NL_72__N3C207"	"N4"	"HC/NL-72"	"HC"	"HC/NL-72"	5	5	26	0	0	0	0	"N7"
"HC_NL_72__HC_NL_72__N3C207"	"N5"	"HC/NL-72"	"HC"	"HC/NL-72"	5	5	26	8	4	0.307692307692308	0.8	"N7"
"HC_NL_72__HC_NL_72__N3C207"	"N6"	"HC/NL-72"	"HC"	"HC/NL-72"	5	5	26	0	0	0	0	"N7"
"HC_NL_72__HC_NL_72__N3C207"	"N7"	"HC/NL-72"	"HC"	"HC/NL-72"	5	5	26	18	5	0.692307692307692	1	"N7"
"HC_NL_72__HC_NL_72__N3C207"	"N8"	"HC/NL-72"	"HC"	"HC/NL-72"	5	5	26	0	0	0	0	"N7"
"HC_NL_72__HC_NL_72__N3C208"	"N1"	"HC/NL-72"	"HC"	"HC/NL-72"	1	1	8	3	1	0.375	1	"N7"
"HC_NL_72__HC_NL_72__N3C208"	"N2"	"HC/NL-72"	"HC"	"HC/NL-72"	1	1	8	0	0	0	0	"N7"
"HC_NL_72__HC_NL_72__N3C208"	"N3"	"HC/NL-72"	"HC"	"HC/NL-72"	1	1	8	0	0	0	0	"N7"
"HC_NL_72__HC_NL_72__N3C208"	"N4"	"HC/NL-72"	"HC"	"HC/NL-72"	1	1	8	0	0	0	0	"N7"
"HC_NL_72__HC_NL_72__N3C208"	"N5"	"HC/NL-72"	"HC"	"HC/NL-72"	1	1	8	0	0	0	0	"N7"
"HC_NL_72__HC_NL_72__N3C208"	"N6"	"HC/NL-72"	"HC"	"HC/NL-72"	1	1	8	0	0	0	0	"N7"
"HC_NL_72__HC_NL_72__N3C208"	"N7"	"HC/NL-72"	"HC"	"HC/NL-72"	1	1	8	5	1	0.625	1	"N7"
"HC_NL_72__HC_NL_72__N3C208"	"N8"	"HC/NL-72"	"HC"	"HC/NL-72"	1	1	8	0	0	0	0	"N7"
"HC_NL_72__HC_NL_72__N3C209"	"N1"	"HC/NL-72"	"HC"	"HC/NL-72"	20	19	74	21	14	0.283783783783784	0.736842105263158	"N7"
"HC_NL_72__HC_NL_72__N3C209"	"N2"	"HC/NL-72"	"HC"	"HC/NL-72"	20	19	74	0	0	0	0	"N7"
"HC_NL_72__HC_NL_72__N3C209"	"N3"	"HC/NL-72"	"HC"	"HC/NL-72"	20	19	74	0	0	0	0	"N7"
"HC_NL_72__HC_NL_72__N3C209"	"N4"	"HC/NL-72"	"HC"	"HC/NL-72"	20	19	74	0	0	0	0	"N7"
"HC_NL_72__HC_NL_72__N3C209"	"N5"	"HC/NL-72"	"HC"	"HC/NL-72"	20	19	74	1	1	0.0135135135135135	0.0526315789473684	"N7"
"HC_NL_72__HC_NL_72__N3C209"	"N6"	"HC/NL-72"	"HC"	"HC/NL-72"	20	19	74	2	2	0.027027027027027	0.105263157894737	"N7"
"HC_NL_72__HC_NL_72__N3C209"	"N7"	"HC/NL-72"	"HC"	"HC/NL-72"	20	19	74	50	16	0.675675675675676	0.842105263157895	"N7"
"HC_NL_72__HC_NL_72__N3C209"	"N8"	"HC/NL-72"	"HC"	"HC/NL-72"	20	19	74	0	0	0	0	"N7"
"HC_NL_72__HC_NL_72__N3C210"	"N1"	"HC/NL-72"	"HC"	"HC/NL-72"	1	1	8	0	0	0	0	"N7"
"HC_NL_72__HC_NL_72__N3C210"	"N2"	"HC/NL-72"	"HC"	"HC/NL-72"	1	1	8	0	0	0	0	"N7"
"HC_NL_72__HC_NL_72__N3C210"	"N3"	"HC/NL-72"	"HC"	"HC/NL-72"	1	1	8	0	0	0	0	"N7"
"HC_NL_72__HC_NL_72__N3C210"	"N4"	"HC/NL-72"	"HC"	"HC/NL-72"	1	1	8	0	0	0	0	"N7"
"HC_NL_72__HC_NL_72__N3C210"	"N5"	"HC/NL-72"	"HC"	"HC/NL-72"	1	1	8	1	1	0.125	1	"N7"
"HC_NL_72__HC_NL_72__N3C210"	"N6"	"HC/NL-72"	"HC"	"HC/NL-72"	1	1	8	0	0	0	0	"N7"
"HC_NL_72__HC_NL_72__N3C210"	"N7"	"HC/NL-72"	"HC"	"HC/NL-72"	1	1	8	7	1	0.875	1	"N7"
"HC_NL_72__HC_NL_72__N3C210"	"N8"	"HC/NL-72"	"HC"	"HC/NL-72"	1	1	8	0	0	0	0	"N7"
"HC_NL_72__HC_NL_72__N3C211"	"N1"	"HC/NL-72"	"HC"	"HC/NL-72"	1	1	8	0	0	0	0	"N5"
"HC_NL_72__HC_NL_72__N3C211"	"N2"	"HC/NL-72"	"HC"	"HC/NL-72"	1	1	8	0	0	0	0	"N5"
"HC_NL_72__HC_NL_72__N3C211"	"N3"	"HC/NL-72"	"HC"	"HC/NL-72"	1	1	8	0	0	0	0	"N5"
"HC_NL_72__HC_NL_72__N3C211"	"N4"	"HC/NL-72"	"HC"	"HC/NL-72"	1	1	8	0	0	0	0	"N5"
"HC_NL_72__HC_NL_72__N3C211"	"N5"	"HC/NL-72"	"HC"	"HC/NL-72"	1	1	8	4	1	0.5	1	"N5"
"HC_NL_72__HC_NL_72__N3C211"	"N6"	"HC/NL-72"	"HC"	"HC/NL-72"	1	1	8	1	1	0.125	1	"N5"
"HC_NL_72__HC_NL_72__N3C211"	"N7"	"HC/NL-72"	"HC"	"HC/NL-72"	1	1	8	2	1	0.25	1	"N5"
"HC_NL_72__HC_NL_72__N3C211"	"N8"	"HC/NL-72"	"HC"	"HC/NL-72"	1	1	8	1	1	0.125	1	"N5"
"HC_NL_72__HC_NL_72__N3C212"	"N1"	"HC/NL-72"	"HC"	"HC/NL-72"	3	3	20	15	3	0.75	1	"N1"
"HC_NL_72__HC_NL_72__N3C212"	"N2"	"HC/NL-72"	"HC"	"HC/NL-72"	3	3	20	0	0	0	0	"N1"
"HC_NL_72__HC_NL_72__N3C212"	"N3"	"HC/NL-72"	"HC"	"HC/NL-72"	3	3	20	0	0	0	0	"N1"
"HC_NL_72__HC_NL_72__N3C212"	"N4"	"HC/NL-72"	"HC"	"HC/NL-72"	3	3	20	0	0	0	0	"N1"
"HC_NL_72__HC_NL_72__N3C212"	"N5"	"HC/NL-72"	"HC"	"HC/NL-72"	3	3	20	0	0	0	0	"N1"
"HC_NL_72__HC_NL_72__N3C212"	"N6"	"HC/NL-72"	"HC"	"HC/NL-72"	3	3	20	0	0	0	0	"N1"
"HC_NL_72__HC_NL_72__N3C212"	"N7"	"HC/NL-72"	"HC"	"HC/NL-72"	3	3	20	5	3	0.25	1	"N1"
"HC_NL_72__HC_NL_72__N3C212"	"N8"	"HC/NL-72"	"HC"	"HC/NL-72"	3	3	20	0	0	0	0	"N1"
"HC_NL_72__HC_NL_72__N3C213"	"N1"	"HC/NL-72"	"HC"	"HC/NL-72"	1	1	8	0	0	0	0	"N7"
"HC_NL_72__HC_NL_72__N3C213"	"N2"	"HC/NL-72"	"HC"	"HC/NL-72"	1	1	8	0	0	0	0	"N7"
"HC_NL_72__HC_NL_72__N3C213"	"N3"	"HC/NL-72"	"HC"	"HC/NL-72"	1	1	8	0	0	0	0	"N7"
"HC_NL_72__HC_NL_72__N3C213"	"N4"	"HC/NL-72"	"HC"	"HC/NL-72"	1	1	8	0	0	0	0	"N7"
"HC_NL_72__HC_NL_72__N3C213"	"N5"	"HC/NL-72"	"HC"	"HC/NL-72"	1	1	8	1	1	0.125	1	"N7"
"HC_NL_72__HC_NL_72__N3C213"	"N6"	"HC/NL-72"	"HC"	"HC/NL-72"	1	1	8	0	0	0	0	"N7"
"HC_NL_72__HC_NL_72__N3C213"	"N7"	"HC/NL-72"	"HC"	"HC/NL-72"	1	1	8	7	1	0.875	1	"N7"
"HC_NL_72__HC_NL_72__N3C213"	"N8"	"HC/NL-72"	"HC"	"HC/NL-72"	1	1	8	0	0	0	0	"N7"
"HC_NL_72__HC_NL_72__N3C214"	"N1"	"HC/NL-72"	"HC"	"HC/NL-72"	1	1	5	3	1	0.6	1	"N1"
"HC_NL_72__HC_NL_72__N3C214"	"N2"	"HC/NL-72"	"HC"	"HC/NL-72"	1	1	5	0	0	0	0	"N1"
"HC_NL_72__HC_NL_72__N3C214"	"N3"	"HC/NL-72"	"HC"	"HC/NL-72"	1	1	5	0	0	0	0	"N1"
"HC_NL_72__HC_NL_72__N3C214"	"N4"	"HC/NL-72"	"HC"	"HC/NL-72"	1	1	5	0	0	0	0	"N1"
"HC_NL_72__HC_NL_72__N3C214"	"N5"	"HC/NL-72"	"HC"	"HC/NL-72"	1	1	5	0	0	0	0	"N1"
"HC_NL_72__HC_NL_72__N3C214"	"N6"	"HC/NL-72"	"HC"	"HC/NL-72"	1	1	5	0	0	0	0	"N1"
"HC_NL_72__HC_NL_72__N3C214"	"N7"	"HC/NL-72"	"HC"	"HC/NL-72"	1	1	5	2	1	0.4	1	"N1"
"HC_NL_72__HC_NL_72__N3C214"	"N8"	"HC/NL-72"	"HC"	"HC/NL-72"	1	1	5	0	0	0	0	"N1"
"HC_NL_72__HC_NL_72__N3C215"	"N1"	"HC/NL-72"	"HC"	"HC/NL-72"	1	1	8	4	1	0.5	1	"N1"
"HC_NL_72__HC_NL_72__N3C215"	"N2"	"HC/NL-72"	"HC"	"HC/NL-72"	1	1	8	0	0	0	0	"N1"
"HC_NL_72__HC_NL_72__N3C215"	"N3"	"HC/NL-72"	"HC"	"HC/NL-72"	1	1	8	0	0	0	0	"N1"
"HC_NL_72__HC_NL_72__N3C215"	"N4"	"HC/NL-72"	"HC"	"HC/NL-72"	1	1	8	0	0	0	0	"N1"
"HC_NL_72__HC_NL_72__N3C215"	"N5"	"HC/NL-72"	"HC"	"HC/NL-72"	1	1	8	1	1	0.125	1	"N1"
"HC_NL_72__HC_NL_72__N3C215"	"N6"	"HC/NL-72"	"HC"	"HC/NL-72"	1	1	8	0	0	0	0	"N1"
"HC_NL_72__HC_NL_72__N3C215"	"N7"	"HC/NL-72"	"HC"	"HC/NL-72"	1	1	8	3	1	0.375	1	"N1"
"HC_NL_72__HC_NL_72__N3C215"	"N8"	"HC/NL-72"	"HC"	"HC/NL-72"	1	1	8	0	0	0	0	"N1"
"HC_NL_72__HC_NL_72__N3C216"	"N1"	"HC/NL-72"	"HC"	"HC/NL-72"	40	38	170	109	36	0.641176470588235	0.947368421052632	"N1"
"HC_NL_72__HC_NL_72__N3C216"	"N2"	"HC/NL-72"	"HC"	"HC/NL-72"	40	38	170	0	0	0	0	"N1"
"HC_NL_72__HC_NL_72__N3C216"	"N3"	"HC/NL-72"	"HC"	"HC/NL-72"	40	38	170	0	0	0	0	"N1"
"HC_NL_72__HC_NL_72__N3C216"	"N4"	"HC/NL-72"	"HC"	"HC/NL-72"	40	38	170	0	0	0	0	"N1"
"HC_NL_72__HC_NL_72__N3C216"	"N5"	"HC/NL-72"	"HC"	"HC/NL-72"	40	38	170	17	8	0.1	0.210526315789474	"N1"
"HC_NL_72__HC_NL_72__N3C216"	"N6"	"HC/NL-72"	"HC"	"HC/NL-72"	40	38	170	0	0	0	0	"N1"
"HC_NL_72__HC_NL_72__N3C216"	"N7"	"HC/NL-72"	"HC"	"HC/NL-72"	40	38	170	40	20	0.235294117647059	0.526315789473684	"N1"
"HC_NL_72__HC_NL_72__N3C216"	"N8"	"HC/NL-72"	"HC"	"HC/NL-72"	40	38	170	4	4	0.0235294117647059	0.105263157894737	"N1"
"HC_NL_72__HC_NL_72__N3C217"	"N1"	"HC/NL-72"	"HC"	"HC/NL-72"	29	29	116	44	21	0.379310344827586	0.724137931034483	"N1"
"HC_NL_72__HC_NL_72__N3C217"	"N2"	"HC/NL-72"	"HC"	"HC/NL-72"	29	29	116	0	0	0	0	"N1"
"HC_NL_72__HC_NL_72__N3C217"	"N3"	"HC/NL-72"	"HC"	"HC/NL-72"	29	29	116	0	0	0	0	"N1"
"HC_NL_72__HC_NL_72__N3C217"	"N4"	"HC/NL-72"	"HC"	"HC/NL-72"	29	29	116	0	0	0	0	"N1"
"HC_NL_72__HC_NL_72__N3C217"	"N5"	"HC/NL-72"	"HC"	"HC/NL-72"	29	29	116	17	12	0.146551724137931	0.413793103448276	"N1"
"HC_NL_72__HC_NL_72__N3C217"	"N6"	"HC/NL-72"	"HC"	"HC/NL-72"	29	29	116	0	0	0	0	"N1"
"HC_NL_72__HC_NL_72__N3C217"	"N7"	"HC/NL-72"	"HC"	"HC/NL-72"	29	29	116	20	13	0.172413793103448	0.448275862068966	"N1"
"HC_NL_72__HC_NL_72__N3C217"	"N8"	"HC/NL-72"	"HC"	"HC/NL-72"	29	29	116	35	19	0.301724137931035	0.655172413793103	"N1"
"HC_NL_72__HC_NL_72__N3C218"	"N1"	"HC/NL-72"	"HC"	"HC/NL-72"	2	2	14	3	2	0.214285714285714	1	"N5"
"HC_NL_72__HC_NL_72__N3C218"	"N2"	"HC/NL-72"	"HC"	"HC/NL-72"	2	2	14	0	0	0	0	"N5"
"HC_NL_72__HC_NL_72__N3C218"	"N3"	"HC/NL-72"	"HC"	"HC/NL-72"	2	2	14	0	0	0	0	"N5"
"HC_NL_72__HC_NL_72__N3C218"	"N4"	"HC/NL-72"	"HC"	"HC/NL-72"	2	2	14	0	0	0	0	"N5"
"HC_NL_72__HC_NL_72__N3C218"	"N5"	"HC/NL-72"	"HC"	"HC/NL-72"	2	2	14	10	2	0.714285714285714	1	"N5"
"HC_NL_72__HC_NL_72__N3C218"	"N6"	"HC/NL-72"	"HC"	"HC/NL-72"	2	2	14	0	0	0	0	"N5"
"HC_NL_72__HC_NL_72__N3C218"	"N7"	"HC/NL-72"	"HC"	"HC/NL-72"	2	2	14	1	1	0.0714285714285714	0.5	"N5"
"HC_NL_72__HC_NL_72__N3C218"	"N8"	"HC/NL-72"	"HC"	"HC/NL-72"	2	2	14	0	0	0	0	"N5"
"HC_NL_72__HC_NL_72__N3C219"	"N1"	"HC/NL-72"	"HC"	"HC/NL-72"	1	1	8	4	1	0.5	1	"N1; N5"
"HC_NL_72__HC_NL_72__N3C219"	"N2"	"HC/NL-72"	"HC"	"HC/NL-72"	1	1	8	0	0	0	0	"N1; N5"
"HC_NL_72__HC_NL_72__N3C219"	"N3"	"HC/NL-72"	"HC"	"HC/NL-72"	1	1	8	0	0	0	0	"N1; N5"
"HC_NL_72__HC_NL_72__N3C219"	"N4"	"HC/NL-72"	"HC"	"HC/NL-72"	1	1	8	0	0	0	0	"N1; N5"
"HC_NL_72__HC_NL_72__N3C219"	"N5"	"HC/NL-72"	"HC"	"HC/NL-72"	1	1	8	4	1	0.5	1	"N1; N5"
"HC_NL_72__HC_NL_72__N3C219"	"N6"	"HC/NL-72"	"HC"	"HC/NL-72"	1	1	8	0	0	0	0	"N1; N5"
"HC_NL_72__HC_NL_72__N3C219"	"N7"	"HC/NL-72"	"HC"	"HC/NL-72"	1	1	8	0	0	0	0	"N1; N5"
"HC_NL_72__HC_NL_72__N3C219"	"N8"	"HC/NL-72"	"HC"	"HC/NL-72"	1	1	8	0	0	0	0	"N1; N5"
"HC_NL_72__HC_NL_72__N3C220"	"N1"	"HC/NL-72"	"HC"	"HC/NL-72"	3	3	18	0	0	0	0	"N7"
"HC_NL_72__HC_NL_72__N3C220"	"N2"	"HC/NL-72"	"HC"	"HC/NL-72"	3	3	18	0	0	0	0	"N7"
"HC_NL_72__HC_NL_72__N3C220"	"N3"	"HC/NL-72"	"HC"	"HC/NL-72"	3	3	18	0	0	0	0	"N7"
"HC_NL_72__HC_NL_72__N3C220"	"N4"	"HC/NL-72"	"HC"	"HC/NL-72"	3	3	18	0	0	0	0	"N7"
"HC_NL_72__HC_NL_72__N3C220"	"N5"	"HC/NL-72"	"HC"	"HC/NL-72"	3	3	18	0	0	0	0	"N7"
"HC_NL_72__HC_NL_72__N3C220"	"N6"	"HC/NL-72"	"HC"	"HC/NL-72"	3	3	18	0	0	0	0	"N7"
"HC_NL_72__HC_NL_72__N3C220"	"N7"	"HC/NL-72"	"HC"	"HC/NL-72"	3	3	18	18	3	1	1	"N7"
"HC_NL_72__HC_NL_72__N3C220"	"N8"	"HC/NL-72"	"HC"	"HC/NL-72"	3	3	18	0	0	0	0	"N7"
"HC_NL_72__HC_NL_72__N3C221"	"N1"	"HC/NL-72"	"HC"	"HC/NL-72"	1	1	8	5	1	0.625	1	"N1"
"HC_NL_72__HC_NL_72__N3C221"	"N2"	"HC/NL-72"	"HC"	"HC/NL-72"	1	1	8	0	0	0	0	"N1"
"HC_NL_72__HC_NL_72__N3C221"	"N3"	"HC/NL-72"	"HC"	"HC/NL-72"	1	1	8	0	0	0	0	"N1"
"HC_NL_72__HC_NL_72__N3C221"	"N4"	"HC/NL-72"	"HC"	"HC/NL-72"	1	1	8	0	0	0	0	"N1"
"HC_NL_72__HC_NL_72__N3C221"	"N5"	"HC/NL-72"	"HC"	"HC/NL-72"	1	1	8	0	0	0	0	"N1"
"HC_NL_72__HC_NL_72__N3C221"	"N6"	"HC/NL-72"	"HC"	"HC/NL-72"	1	1	8	0	0	0	0	"N1"
"HC_NL_72__HC_NL_72__N3C221"	"N7"	"HC/NL-72"	"HC"	"HC/NL-72"	1	1	8	3	1	0.375	1	"N1"
"HC_NL_72__HC_NL_72__N3C221"	"N8"	"HC/NL-72"	"HC"	"HC/NL-72"	1	1	8	0	0	0	0	"N1"
"HC_NL_72__HC_NL_72__N3C222"	"N1"	"HC/NL-72"	"HC"	"HC/NL-72"	1	1	8	0	0	0	0	"N7"
"HC_NL_72__HC_NL_72__N3C222"	"N2"	"HC/NL-72"	"HC"	"HC/NL-72"	1	1	8	0	0	0	0	"N7"
"HC_NL_72__HC_NL_72__N3C222"	"N3"	"HC/NL-72"	"HC"	"HC/NL-72"	1	1	8	0	0	0	0	"N7"
"HC_NL_72__HC_NL_72__N3C222"	"N4"	"HC/NL-72"	"HC"	"HC/NL-72"	1	1	8	0	0	0	0	"N7"
"HC_NL_72__HC_NL_72__N3C222"	"N5"	"HC/NL-72"	"HC"	"HC/NL-72"	1	1	8	0	0	0	0	"N7"
"HC_NL_72__HC_NL_72__N3C222"	"N6"	"HC/NL-72"	"HC"	"HC/NL-72"	1	1	8	0	0	0	0	"N7"
"HC_NL_72__HC_NL_72__N3C222"	"N7"	"HC/NL-72"	"HC"	"HC/NL-72"	1	1	8	8	1	1	1	"N7"
"HC_NL_72__HC_NL_72__N3C222"	"N8"	"HC/NL-72"	"HC"	"HC/NL-72"	1	1	8	0	0	0	0	"N7"
"HC_NL_72__HC_NL_72__N3C223"	"N1"	"HC/NL-72"	"HC"	"HC/NL-72"	1	1	8	3	1	0.375	1	"N7"
"HC_NL_72__HC_NL_72__N3C223"	"N2"	"HC/NL-72"	"HC"	"HC/NL-72"	1	1	8	0	0	0	0	"N7"
"HC_NL_72__HC_NL_72__N3C223"	"N3"	"HC/NL-72"	"HC"	"HC/NL-72"	1	1	8	0	0	0	0	"N7"
"HC_NL_72__HC_NL_72__N3C223"	"N4"	"HC/NL-72"	"HC"	"HC/NL-72"	1	1	8	0	0	0	0	"N7"
"HC_NL_72__HC_NL_72__N3C223"	"N5"	"HC/NL-72"	"HC"	"HC/NL-72"	1	1	8	0	0	0	0	"N7"
"HC_NL_72__HC_NL_72__N3C223"	"N6"	"HC/NL-72"	"HC"	"HC/NL-72"	1	1	8	0	0	0	0	"N7"
"HC_NL_72__HC_NL_72__N3C223"	"N7"	"HC/NL-72"	"HC"	"HC/NL-72"	1	1	8	5	1	0.625	1	"N7"
"HC_NL_72__HC_NL_72__N3C223"	"N8"	"HC/NL-72"	"HC"	"HC/NL-72"	1	1	8	0	0	0	0	"N7"
"HC_NL_72__HC_NL_72__N3C224"	"N1"	"HC/NL-72"	"HC"	"HC/NL-72"	16	15	48	11	4	0.229166666666667	0.266666666666667	"N7"
"HC_NL_72__HC_NL_72__N3C224"	"N2"	"HC/NL-72"	"HC"	"HC/NL-72"	16	15	48	0	0	0	0	"N7"
"HC_NL_72__HC_NL_72__N3C224"	"N3"	"HC/NL-72"	"HC"	"HC/NL-72"	16	15	48	0	0	0	0	"N7"
"HC_NL_72__HC_NL_72__N3C224"	"N4"	"HC/NL-72"	"HC"	"HC/NL-72"	16	15	48	0	0	0	0	"N7"
"HC_NL_72__HC_NL_72__N3C224"	"N5"	"HC/NL-72"	"HC"	"HC/NL-72"	16	15	48	10	7	0.208333333333333	0.466666666666667	"N7"
"HC_NL_72__HC_NL_72__N3C224"	"N6"	"HC/NL-72"	"HC"	"HC/NL-72"	16	15	48	0	0	0	0	"N7"
"HC_NL_72__HC_NL_72__N3C224"	"N7"	"HC/NL-72"	"HC"	"HC/NL-72"	16	15	48	27	12	0.5625	0.8	"N7"
"HC_NL_72__HC_NL_72__N3C224"	"N8"	"HC/NL-72"	"HC"	"HC/NL-72"	16	15	48	0	0	0	0	"N7"
"HC_NL_72__HC_NL_72__N3C225"	"N1"	"HC/NL-72"	"HC"	"HC/NL-72"	1	1	8	2	1	0.25	1	"N5"
"HC_NL_72__HC_NL_72__N3C225"	"N2"	"HC/NL-72"	"HC"	"HC/NL-72"	1	1	8	0	0	0	0	"N5"
"HC_NL_72__HC_NL_72__N3C225"	"N3"	"HC/NL-72"	"HC"	"HC/NL-72"	1	1	8	0	0	0	0	"N5"
"HC_NL_72__HC_NL_72__N3C225"	"N4"	"HC/NL-72"	"HC"	"HC/NL-72"	1	1	8	0	0	0	0	"N5"
"HC_NL_72__HC_NL_72__N3C225"	"N5"	"HC/NL-72"	"HC"	"HC/NL-72"	1	1	8	3	1	0.375	1	"N5"
"HC_NL_72__HC_NL_72__N3C225"	"N6"	"HC/NL-72"	"HC"	"HC/NL-72"	1	1	8	1	1	0.125	1	"N5"
"HC_NL_72__HC_NL_72__N3C225"	"N7"	"HC/NL-72"	"HC"	"HC/NL-72"	1	1	8	2	1	0.25	1	"N5"
"HC_NL_72__HC_NL_72__N3C225"	"N8"	"HC/NL-72"	"HC"	"HC/NL-72"	1	1	8	0	0	0	0	"N5"
"HC_NL_72__HC_NL_72__N3C226"	"N1"	"HC/NL-72"	"HC"	"HC/NL-72"	1	1	8	3	1	0.375	1	"N7"
"HC_NL_72__HC_NL_72__N3C226"	"N2"	"HC/NL-72"	"HC"	"HC/NL-72"	1	1	8	0	0	0	0	"N7"
"HC_NL_72__HC_NL_72__N3C226"	"N3"	"HC/NL-72"	"HC"	"HC/NL-72"	1	1	8	0	0	0	0	"N7"
"HC_NL_72__HC_NL_72__N3C226"	"N4"	"HC/NL-72"	"HC"	"HC/NL-72"	1	1	8	0	0	0	0	"N7"
"HC_NL_72__HC_NL_72__N3C226"	"N5"	"HC/NL-72"	"HC"	"HC/NL-72"	1	1	8	0	0	0	0	"N7"
"HC_NL_72__HC_NL_72__N3C226"	"N6"	"HC/NL-72"	"HC"	"HC/NL-72"	1	1	8	1	1	0.125	1	"N7"
"HC_NL_72__HC_NL_72__N3C226"	"N7"	"HC/NL-72"	"HC"	"HC/NL-72"	1	1	8	4	1	0.5	1	"N7"
"HC_NL_72__HC_NL_72__N3C226"	"N8"	"HC/NL-72"	"HC"	"HC/NL-72"	1	1	8	0	0	0	0	"N7"
"HC_NL_72__HC_NL_72__N3C227"	"N1"	"HC/NL-72"	"HC"	"HC/NL-72"	3	3	10	5	3	0.5	1	"N1; N7"
"HC_NL_72__HC_NL_72__N3C227"	"N2"	"HC/NL-72"	"HC"	"HC/NL-72"	3	3	10	0	0	0	0	"N1; N7"
"HC_NL_72__HC_NL_72__N3C227"	"N3"	"HC/NL-72"	"HC"	"HC/NL-72"	3	3	10	0	0	0	0	"N1; N7"
"HC_NL_72__HC_NL_72__N3C227"	"N4"	"HC/NL-72"	"HC"	"HC/NL-72"	3	3	10	0	0	0	0	"N1; N7"
"HC_NL_72__HC_NL_72__N3C227"	"N5"	"HC/NL-72"	"HC"	"HC/NL-72"	3	3	10	0	0	0	0	"N1; N7"
"HC_NL_72__HC_NL_72__N3C227"	"N6"	"HC/NL-72"	"HC"	"HC/NL-72"	3	3	10	0	0	0	0	"N1; N7"
"HC_NL_72__HC_NL_72__N3C227"	"N7"	"HC/NL-72"	"HC"	"HC/NL-72"	3	3	10	5	3	0.5	1	"N1; N7"
"HC_NL_72__HC_NL_72__N3C227"	"N8"	"HC/NL-72"	"HC"	"HC/NL-72"	3	3	10	0	0	0	0	"N1; N7"
"HC_NL_72__HC_NL_72__N3C228"	"N1"	"HC/NL-72"	"HC"	"HC/NL-72"	9	9	50	28	8	0.56	0.888888888888889	"N1"
"HC_NL_72__HC_NL_72__N3C228"	"N2"	"HC/NL-72"	"HC"	"HC/NL-72"	9	9	50	0	0	0	0	"N1"
"HC_NL_72__HC_NL_72__N3C228"	"N3"	"HC/NL-72"	"HC"	"HC/NL-72"	9	9	50	0	0	0	0	"N1"
"HC_NL_72__HC_NL_72__N3C228"	"N4"	"HC/NL-72"	"HC"	"HC/NL-72"	9	9	50	0	0	0	0	"N1"
"HC_NL_72__HC_NL_72__N3C228"	"N5"	"HC/NL-72"	"HC"	"HC/NL-72"	9	9	50	1	1	0.02	0.111111111111111	"N1"
"HC_NL_72__HC_NL_72__N3C228"	"N6"	"HC/NL-72"	"HC"	"HC/NL-72"	9	9	50	0	0	0	0	"N1"
"HC_NL_72__HC_NL_72__N3C228"	"N7"	"HC/NL-72"	"HC"	"HC/NL-72"	9	9	50	21	8	0.42	0.888888888888889	"N1"
"HC_NL_72__HC_NL_72__N3C228"	"N8"	"HC/NL-72"	"HC"	"HC/NL-72"	9	9	50	0	0	0	0	"N1"
"HC_NL_72__HC_NL_72__N3C229"	"N1"	"HC/NL-72"	"HC"	"HC/NL-72"	1	1	4	2	1	0.5	1	"N1"
"HC_NL_72__HC_NL_72__N3C229"	"N2"	"HC/NL-72"	"HC"	"HC/NL-72"	1	1	4	0	0	0	0	"N1"
"HC_NL_72__HC_NL_72__N3C229"	"N3"	"HC/NL-72"	"HC"	"HC/NL-72"	1	1	4	0	0	0	0	"N1"
"HC_NL_72__HC_NL_72__N3C229"	"N4"	"HC/NL-72"	"HC"	"HC/NL-72"	1	1	4	0	0	0	0	"N1"
"HC_NL_72__HC_NL_72__N3C229"	"N5"	"HC/NL-72"	"HC"	"HC/NL-72"	1	1	4	1	1	0.25	1	"N1"
"HC_NL_72__HC_NL_72__N3C229"	"N6"	"HC/NL-72"	"HC"	"HC/NL-72"	1	1	4	0	0	0	0	"N1"
"HC_NL_72__HC_NL_72__N3C229"	"N7"	"HC/NL-72"	"HC"	"HC/NL-72"	1	1	4	1	1	0.25	1	"N1"
"HC_NL_72__HC_NL_72__N3C229"	"N8"	"HC/NL-72"	"HC"	"HC/NL-72"	1	1	4	0	0	0	0	"N1"
"HC_NL_72__HC_NL_72__N3C230"	"N1"	"HC/NL-72"	"HC"	"HC/NL-72"	2	2	10	0	0	0	0	"N7"
"HC_NL_72__HC_NL_72__N3C230"	"N2"	"HC/NL-72"	"HC"	"HC/NL-72"	2	2	10	0	0	0	0	"N7"
"HC_NL_72__HC_NL_72__N3C230"	"N3"	"HC/NL-72"	"HC"	"HC/NL-72"	2	2	10	0	0	0	0	"N7"
"HC_NL_72__HC_NL_72__N3C230"	"N4"	"HC/NL-72"	"HC"	"HC/NL-72"	2	2	10	0	0	0	0	"N7"
"HC_NL_72__HC_NL_72__N3C230"	"N5"	"HC/NL-72"	"HC"	"HC/NL-72"	2	2	10	3	2	0.3	1	"N7"
"HC_NL_72__HC_NL_72__N3C230"	"N6"	"HC/NL-72"	"HC"	"HC/NL-72"	2	2	10	1	1	0.1	0.5	"N7"
"HC_NL_72__HC_NL_72__N3C230"	"N7"	"HC/NL-72"	"HC"	"HC/NL-72"	2	2	10	4	2	0.4	1	"N7"
"HC_NL_72__HC_NL_72__N3C230"	"N8"	"HC/NL-72"	"HC"	"HC/NL-72"	2	2	10	2	2	0.2	1	"N7"
"HC_NL_72__HC_NL_72__N3C231"	"N1"	"HC/NL-72"	"HC"	"HC/NL-72"	1	1	8	1	1	0.125	1	"N7"
"HC_NL_72__HC_NL_72__N3C231"	"N2"	"HC/NL-72"	"HC"	"HC/NL-72"	1	1	8	0	0	0	0	"N7"
"HC_NL_72__HC_NL_72__N3C231"	"N3"	"HC/NL-72"	"HC"	"HC/NL-72"	1	1	8	0	0	0	0	"N7"
"HC_NL_72__HC_NL_72__N3C231"	"N4"	"HC/NL-72"	"HC"	"HC/NL-72"	1	1	8	0	0	0	0	"N7"
"HC_NL_72__HC_NL_72__N3C231"	"N5"	"HC/NL-72"	"HC"	"HC/NL-72"	1	1	8	0	0	0	0	"N7"
"HC_NL_72__HC_NL_72__N3C231"	"N6"	"HC/NL-72"	"HC"	"HC/NL-72"	1	1	8	0	0	0	0	"N7"
"HC_NL_72__HC_NL_72__N3C231"	"N7"	"HC/NL-72"	"HC"	"HC/NL-72"	1	1	8	7	1	0.875	1	"N7"
"HC_NL_72__HC_NL_72__N3C231"	"N8"	"HC/NL-72"	"HC"	"HC/NL-72"	1	1	8	0	0	0	0	"N7"
"HC_NL_72__HC_NL_72__N3C232"	"N1"	"HC/NL-72"	"HC"	"HC/NL-72"	3	3	20	7	3	0.35	1	"N7"
"HC_NL_72__HC_NL_72__N3C232"	"N2"	"HC/NL-72"	"HC"	"HC/NL-72"	3	3	20	0	0	0	0	"N7"
"HC_NL_72__HC_NL_72__N3C232"	"N3"	"HC/NL-72"	"HC"	"HC/NL-72"	3	3	20	0	0	0	0	"N7"
"HC_NL_72__HC_NL_72__N3C232"	"N4"	"HC/NL-72"	"HC"	"HC/NL-72"	3	3	20	0	0	0	0	"N7"
"HC_NL_72__HC_NL_72__N3C232"	"N5"	"HC/NL-72"	"HC"	"HC/NL-72"	3	3	20	3	2	0.15	0.666666666666667	"N7"
"HC_NL_72__HC_NL_72__N3C232"	"N6"	"HC/NL-72"	"HC"	"HC/NL-72"	3	3	20	0	0	0	0	"N7"
"HC_NL_72__HC_NL_72__N3C232"	"N7"	"HC/NL-72"	"HC"	"HC/NL-72"	3	3	20	9	2	0.45	0.666666666666667	"N7"
"HC_NL_72__HC_NL_72__N3C232"	"N8"	"HC/NL-72"	"HC"	"HC/NL-72"	3	3	20	1	1	0.05	0.333333333333333	"N7"
"HC_NL_72__HC_NL_72__N3C233"	"N1"	"HC/NL-72"	"HC"	"HC/NL-72"	1	1	8	3	1	0.375	1	"N1; N7"
"HC_NL_72__HC_NL_72__N3C233"	"N2"	"HC/NL-72"	"HC"	"HC/NL-72"	1	1	8	0	0	0	0	"N1; N7"
"HC_NL_72__HC_NL_72__N3C233"	"N3"	"HC/NL-72"	"HC"	"HC/NL-72"	1	1	8	0	0	0	0	"N1; N7"
"HC_NL_72__HC_NL_72__N3C233"	"N4"	"HC/NL-72"	"HC"	"HC/NL-72"	1	1	8	0	0	0	0	"N1; N7"
"HC_NL_72__HC_NL_72__N3C233"	"N5"	"HC/NL-72"	"HC"	"HC/NL-72"	1	1	8	2	1	0.25	1	"N1; N7"
"HC_NL_72__HC_NL_72__N3C233"	"N6"	"HC/NL-72"	"HC"	"HC/NL-72"	1	1	8	0	0	0	0	"N1; N7"
"HC_NL_72__HC_NL_72__N3C233"	"N7"	"HC/NL-72"	"HC"	"HC/NL-72"	1	1	8	3	1	0.375	1	"N1; N7"
"HC_NL_72__HC_NL_72__N3C233"	"N8"	"HC/NL-72"	"HC"	"HC/NL-72"	1	1	8	0	0	0	0	"N1; N7"
"HC_NL_72__HC_NL_72__N3C234"	"N1"	"HC/NL-72"	"HC"	"HC/NL-72"	2	2	14	6	2	0.428571428571429	1	"N7"
"HC_NL_72__HC_NL_72__N3C234"	"N2"	"HC/NL-72"	"HC"	"HC/NL-72"	2	2	14	0	0	0	0	"N7"
"HC_NL_72__HC_NL_72__N3C234"	"N3"	"HC/NL-72"	"HC"	"HC/NL-72"	2	2	14	0	0	0	0	"N7"
"HC_NL_72__HC_NL_72__N3C234"	"N4"	"HC/NL-72"	"HC"	"HC/NL-72"	2	2	14	0	0	0	0	"N7"
"HC_NL_72__HC_NL_72__N3C234"	"N5"	"HC/NL-72"	"HC"	"HC/NL-72"	2	2	14	0	0	0	0	"N7"
"HC_NL_72__HC_NL_72__N3C234"	"N6"	"HC/NL-72"	"HC"	"HC/NL-72"	2	2	14	0	0	0	0	"N7"
"HC_NL_72__HC_NL_72__N3C234"	"N7"	"HC/NL-72"	"HC"	"HC/NL-72"	2	2	14	7	2	0.5	1	"N7"
"HC_NL_72__HC_NL_72__N3C234"	"N8"	"HC/NL-72"	"HC"	"HC/NL-72"	2	2	14	1	1	0.0714285714285714	0.5	"N7"
"HC_NL_72__HC_NL_72__N3C235"	"N1"	"HC/NL-72"	"HC"	"HC/NL-72"	2	2	14	6	2	0.428571428571429	1	"N1"
"HC_NL_72__HC_NL_72__N3C235"	"N2"	"HC/NL-72"	"HC"	"HC/NL-72"	2	2	14	0	0	0	0	"N1"
"HC_NL_72__HC_NL_72__N3C235"	"N3"	"HC/NL-72"	"HC"	"HC/NL-72"	2	2	14	0	0	0	0	"N1"
"HC_NL_72__HC_NL_72__N3C235"	"N4"	"HC/NL-72"	"HC"	"HC/NL-72"	2	2	14	0	0	0	0	"N1"
"HC_NL_72__HC_NL_72__N3C235"	"N5"	"HC/NL-72"	"HC"	"HC/NL-72"	2	2	14	3	2	0.214285714285714	1	"N1"
"HC_NL_72__HC_NL_72__N3C235"	"N6"	"HC/NL-72"	"HC"	"HC/NL-72"	2	2	14	0	0	0	0	"N1"
"HC_NL_72__HC_NL_72__N3C235"	"N7"	"HC/NL-72"	"HC"	"HC/NL-72"	2	2	14	3	2	0.214285714285714	1	"N1"
"HC_NL_72__HC_NL_72__N3C235"	"N8"	"HC/NL-72"	"HC"	"HC/NL-72"	2	2	14	2	2	0.142857142857143	1	"N1"
"HC_NL_72__HC_NL_72__N3C236"	"N1"	"HC/NL-72"	"HC"	"HC/NL-72"	1	1	8	4	1	0.5	1	"N1"
"HC_NL_72__HC_NL_72__N3C236"	"N2"	"HC/NL-72"	"HC"	"HC/NL-72"	1	1	8	0	0	0	0	"N1"
"HC_NL_72__HC_NL_72__N3C236"	"N3"	"HC/NL-72"	"HC"	"HC/NL-72"	1	1	8	0	0	0	0	"N1"
"HC_NL_72__HC_NL_72__N3C236"	"N4"	"HC/NL-72"	"HC"	"HC/NL-72"	1	1	8	0	0	0	0	"N1"
"HC_NL_72__HC_NL_72__N3C236"	"N5"	"HC/NL-72"	"HC"	"HC/NL-72"	1	1	8	1	1	0.125	1	"N1"
"HC_NL_72__HC_NL_72__N3C236"	"N6"	"HC/NL-72"	"HC"	"HC/NL-72"	1	1	8	0	0	0	0	"N1"
"HC_NL_72__HC_NL_72__N3C236"	"N7"	"HC/NL-72"	"HC"	"HC/NL-72"	1	1	8	3	1	0.375	1	"N1"
"HC_NL_72__HC_NL_72__N3C236"	"N8"	"HC/NL-72"	"HC"	"HC/NL-72"	1	1	8	0	0	0	0	"N1"
"HC_NL_72__HC_NL_72__N3C237"	"N1"	"HC/NL-72"	"HC"	"HC/NL-72"	1	1	5	0	0	0	0	"N7"
"HC_NL_72__HC_NL_72__N3C237"	"N2"	"HC/NL-72"	"HC"	"HC/NL-72"	1	1	5	0	0	0	0	"N7"
"HC_NL_72__HC_NL_72__N3C237"	"N3"	"HC/NL-72"	"HC"	"HC/NL-72"	1	1	5	0	0	0	0	"N7"
"HC_NL_72__HC_NL_72__N3C237"	"N4"	"HC/NL-72"	"HC"	"HC/NL-72"	1	1	5	0	0	0	0	"N7"
"HC_NL_72__HC_NL_72__N3C237"	"N5"	"HC/NL-72"	"HC"	"HC/NL-72"	1	1	5	0	0	0	0	"N7"
"HC_NL_72__HC_NL_72__N3C237"	"N6"	"HC/NL-72"	"HC"	"HC/NL-72"	1	1	5	0	0	0	0	"N7"
"HC_NL_72__HC_NL_72__N3C237"	"N7"	"HC/NL-72"	"HC"	"HC/NL-72"	1	1	5	5	1	1	1	"N7"
"HC_NL_72__HC_NL_72__N3C237"	"N8"	"HC/NL-72"	"HC"	"HC/NL-72"	1	1	5	0	0	0	0	"N7"
"HC_NL_72__HC_NL_72__N3C238"	"N1"	"HC/NL-72"	"HC"	"HC/NL-72"	16	16	60	29	15	0.483333333333333	0.9375	"N1"
"HC_NL_72__HC_NL_72__N3C238"	"N2"	"HC/NL-72"	"HC"	"HC/NL-72"	16	16	60	0	0	0	0	"N1"
"HC_NL_72__HC_NL_72__N3C238"	"N3"	"HC/NL-72"	"HC"	"HC/NL-72"	16	16	60	0	0	0	0	"N1"
"HC_NL_72__HC_NL_72__N3C238"	"N4"	"HC/NL-72"	"HC"	"HC/NL-72"	16	16	60	0	0	0	0	"N1"
"HC_NL_72__HC_NL_72__N3C238"	"N5"	"HC/NL-72"	"HC"	"HC/NL-72"	16	16	60	9	5	0.15	0.3125	"N1"
"HC_NL_72__HC_NL_72__N3C238"	"N6"	"HC/NL-72"	"HC"	"HC/NL-72"	16	16	60	0	0	0	0	"N1"
"HC_NL_72__HC_NL_72__N3C238"	"N7"	"HC/NL-72"	"HC"	"HC/NL-72"	16	16	60	22	11	0.366666666666667	0.6875	"N1"
"HC_NL_72__HC_NL_72__N3C238"	"N8"	"HC/NL-72"	"HC"	"HC/NL-72"	16	16	60	0	0	0	0	"N1"
"HC_NL_72__HC_NL_72__N3C239"	"N1"	"HC/NL-72"	"HC"	"HC/NL-72"	1	1	8	0	0	0	0	"N7"
"HC_NL_72__HC_NL_72__N3C239"	"N2"	"HC/NL-72"	"HC"	"HC/NL-72"	1	1	8	0	0	0	0	"N7"
"HC_NL_72__HC_NL_72__N3C239"	"N3"	"HC/NL-72"	"HC"	"HC/NL-72"	1	1	8	0	0	0	0	"N7"
"HC_NL_72__HC_NL_72__N3C239"	"N4"	"HC/NL-72"	"HC"	"HC/NL-72"	1	1	8	0	0	0	0	"N7"
"HC_NL_72__HC_NL_72__N3C239"	"N5"	"HC/NL-72"	"HC"	"HC/NL-72"	1	1	8	3	1	0.375	1	"N7"
"HC_NL_72__HC_NL_72__N3C239"	"N6"	"HC/NL-72"	"HC"	"HC/NL-72"	1	1	8	0	0	0	0	"N7"
"HC_NL_72__HC_NL_72__N3C239"	"N7"	"HC/NL-72"	"HC"	"HC/NL-72"	1	1	8	5	1	0.625	1	"N7"
"HC_NL_72__HC_NL_72__N3C239"	"N8"	"HC/NL-72"	"HC"	"HC/NL-72"	1	1	8	0	0	0	0	"N7"
"HC_NL_72__HC_NL_72__N3C240"	"N1"	"HC/NL-72"	"HC"	"HC/NL-72"	2	2	14	9	2	0.642857142857143	1	"N1"
"HC_NL_72__HC_NL_72__N3C240"	"N2"	"HC/NL-72"	"HC"	"HC/NL-72"	2	2	14	0	0	0	0	"N1"
"HC_NL_72__HC_NL_72__N3C240"	"N3"	"HC/NL-72"	"HC"	"HC/NL-72"	2	2	14	0	0	0	0	"N1"
"HC_NL_72__HC_NL_72__N3C240"	"N4"	"HC/NL-72"	"HC"	"HC/NL-72"	2	2	14	0	0	0	0	"N1"
"HC_NL_72__HC_NL_72__N3C240"	"N5"	"HC/NL-72"	"HC"	"HC/NL-72"	2	2	14	0	0	0	0	"N1"
"HC_NL_72__HC_NL_72__N3C240"	"N6"	"HC/NL-72"	"HC"	"HC/NL-72"	2	2	14	0	0	0	0	"N1"
"HC_NL_72__HC_NL_72__N3C240"	"N7"	"HC/NL-72"	"HC"	"HC/NL-72"	2	2	14	5	2	0.357142857142857	1	"N1"
"HC_NL_72__HC_NL_72__N3C240"	"N8"	"HC/NL-72"	"HC"	"HC/NL-72"	2	2	14	0	0	0	0	"N1"
"HC_NL_72__HC_NL_72__N3C241"	"N1"	"HC/NL-72"	"HC"	"HC/NL-72"	1	1	8	5	1	0.625	1	"N1"
"HC_NL_72__HC_NL_72__N3C241"	"N2"	"HC/NL-72"	"HC"	"HC/NL-72"	1	1	8	0	0	0	0	"N1"
"HC_NL_72__HC_NL_72__N3C241"	"N3"	"HC/NL-72"	"HC"	"HC/NL-72"	1	1	8	0	0	0	0	"N1"
"HC_NL_72__HC_NL_72__N3C241"	"N4"	"HC/NL-72"	"HC"	"HC/NL-72"	1	1	8	0	0	0	0	"N1"
"HC_NL_72__HC_NL_72__N3C241"	"N5"	"HC/NL-72"	"HC"	"HC/NL-72"	1	1	8	1	1	0.125	1	"N1"
"HC_NL_72__HC_NL_72__N3C241"	"N6"	"HC/NL-72"	"HC"	"HC/NL-72"	1	1	8	0	0	0	0	"N1"
"HC_NL_72__HC_NL_72__N3C241"	"N7"	"HC/NL-72"	"HC"	"HC/NL-72"	1	1	8	2	1	0.25	1	"N1"
"HC_NL_72__HC_NL_72__N3C241"	"N8"	"HC/NL-72"	"HC"	"HC/NL-72"	1	1	8	0	0	0	0	"N1"
"HC_NL_72__HC_NL_72__N3C242"	"N1"	"HC/NL-72"	"HC"	"HC/NL-72"	1	1	8	5	1	0.625	1	"N1"
"HC_NL_72__HC_NL_72__N3C242"	"N2"	"HC/NL-72"	"HC"	"HC/NL-72"	1	1	8	0	0	0	0	"N1"
"HC_NL_72__HC_NL_72__N3C242"	"N3"	"HC/NL-72"	"HC"	"HC/NL-72"	1	1	8	0	0	0	0	"N1"
"HC_NL_72__HC_NL_72__N3C242"	"N4"	"HC/NL-72"	"HC"	"HC/NL-72"	1	1	8	0	0	0	0	"N1"
"HC_NL_72__HC_NL_72__N3C242"	"N5"	"HC/NL-72"	"HC"	"HC/NL-72"	1	1	8	0	0	0	0	"N1"
"HC_NL_72__HC_NL_72__N3C242"	"N6"	"HC/NL-72"	"HC"	"HC/NL-72"	1	1	8	0	0	0	0	"N1"
"HC_NL_72__HC_NL_72__N3C242"	"N7"	"HC/NL-72"	"HC"	"HC/NL-72"	1	1	8	3	1	0.375	1	"N1"
"HC_NL_72__HC_NL_72__N3C242"	"N8"	"HC/NL-72"	"HC"	"HC/NL-72"	1	1	8	0	0	0	0	"N1"
"HC_NL_72__HC_NL_72__N3C243"	"N1"	"HC/NL-72"	"HC"	"HC/NL-72"	9	9	44	13	6	0.295454545454545	0.666666666666667	"N7"
"HC_NL_72__HC_NL_72__N3C243"	"N2"	"HC/NL-72"	"HC"	"HC/NL-72"	9	9	44	0	0	0	0	"N7"
"HC_NL_72__HC_NL_72__N3C243"	"N3"	"HC/NL-72"	"HC"	"HC/NL-72"	9	9	44	0	0	0	0	"N7"
"HC_NL_72__HC_NL_72__N3C243"	"N4"	"HC/NL-72"	"HC"	"HC/NL-72"	9	9	44	0	0	0	0	"N7"
"HC_NL_72__HC_NL_72__N3C243"	"N5"	"HC/NL-72"	"HC"	"HC/NL-72"	9	9	44	3	3	0.0681818181818182	0.333333333333333	"N7"
"HC_NL_72__HC_NL_72__N3C243"	"N6"	"HC/NL-72"	"HC"	"HC/NL-72"	9	9	44	0	0	0	0	"N7"
"HC_NL_72__HC_NL_72__N3C243"	"N7"	"HC/NL-72"	"HC"	"HC/NL-72"	9	9	44	26	9	0.590909090909091	1	"N7"
"HC_NL_72__HC_NL_72__N3C243"	"N8"	"HC/NL-72"	"HC"	"HC/NL-72"	9	9	44	2	2	0.0454545454545455	0.222222222222222	"N7"
"HC_NL_72__HC_NL_72__N3C244"	"N1"	"HC/NL-72"	"HC"	"HC/NL-72"	14	14	55	25	12	0.454545454545455	0.857142857142857	"N1"
"HC_NL_72__HC_NL_72__N3C244"	"N2"	"HC/NL-72"	"HC"	"HC/NL-72"	14	14	55	0	0	0	0	"N1"
"HC_NL_72__HC_NL_72__N3C244"	"N3"	"HC/NL-72"	"HC"	"HC/NL-72"	14	14	55	0	0	0	0	"N1"
"HC_NL_72__HC_NL_72__N3C244"	"N4"	"HC/NL-72"	"HC"	"HC/NL-72"	14	14	55	0	0	0	0	"N1"
"HC_NL_72__HC_NL_72__N3C244"	"N5"	"HC/NL-72"	"HC"	"HC/NL-72"	14	14	55	5	4	0.0909090909090909	0.285714285714286	"N1"
"HC_NL_72__HC_NL_72__N3C244"	"N6"	"HC/NL-72"	"HC"	"HC/NL-72"	14	14	55	0	0	0	0	"N1"
"HC_NL_72__HC_NL_72__N3C244"	"N7"	"HC/NL-72"	"HC"	"HC/NL-72"	14	14	55	21	13	0.381818181818182	0.928571428571429	"N1"
"HC_NL_72__HC_NL_72__N3C244"	"N8"	"HC/NL-72"	"HC"	"HC/NL-72"	14	14	55	4	3	0.0727272727272727	0.214285714285714	"N1"
"HC_NL_72__HC_NL_72__N3C245"	"N1"	"HC/NL-72"	"HC"	"HC/NL-72"	1	1	8	4	1	0.5	1	"N1"
"HC_NL_72__HC_NL_72__N3C245"	"N2"	"HC/NL-72"	"HC"	"HC/NL-72"	1	1	8	0	0	0	0	"N1"
"HC_NL_72__HC_NL_72__N3C245"	"N3"	"HC/NL-72"	"HC"	"HC/NL-72"	1	1	8	0	0	0	0	"N1"
"HC_NL_72__HC_NL_72__N3C245"	"N4"	"HC/NL-72"	"HC"	"HC/NL-72"	1	1	8	0	0	0	0	"N1"
"HC_NL_72__HC_NL_72__N3C245"	"N5"	"HC/NL-72"	"HC"	"HC/NL-72"	1	1	8	1	1	0.125	1	"N1"
"HC_NL_72__HC_NL_72__N3C245"	"N6"	"HC/NL-72"	"HC"	"HC/NL-72"	1	1	8	0	0	0	0	"N1"
"HC_NL_72__HC_NL_72__N3C245"	"N7"	"HC/NL-72"	"HC"	"HC/NL-72"	1	1	8	3	1	0.375	1	"N1"
"HC_NL_72__HC_NL_72__N3C245"	"N8"	"HC/NL-72"	"HC"	"HC/NL-72"	1	1	8	0	0	0	0	"N1"
"HC_NL_72__HC_NL_72__N3C246"	"N1"	"HC/NL-72"	"HC"	"HC/NL-72"	1	1	8	5	1	0.625	1	"N1"
"HC_NL_72__HC_NL_72__N3C246"	"N2"	"HC/NL-72"	"HC"	"HC/NL-72"	1	1	8	0	0	0	0	"N1"
"HC_NL_72__HC_NL_72__N3C246"	"N3"	"HC/NL-72"	"HC"	"HC/NL-72"	1	1	8	0	0	0	0	"N1"
"HC_NL_72__HC_NL_72__N3C246"	"N4"	"HC/NL-72"	"HC"	"HC/NL-72"	1	1	8	0	0	0	0	"N1"
"HC_NL_72__HC_NL_72__N3C246"	"N5"	"HC/NL-72"	"HC"	"HC/NL-72"	1	1	8	2	1	0.25	1	"N1"
"HC_NL_72__HC_NL_72__N3C246"	"N6"	"HC/NL-72"	"HC"	"HC/NL-72"	1	1	8	0	0	0	0	"N1"
"HC_NL_72__HC_NL_72__N3C246"	"N7"	"HC/NL-72"	"HC"	"HC/NL-72"	1	1	8	1	1	0.125	1	"N1"
"HC_NL_72__HC_NL_72__N3C246"	"N8"	"HC/NL-72"	"HC"	"HC/NL-72"	1	1	8	0	0	0	0	"N1"
"HC_NL_72__HC_NL_72__N3C247"	"N1"	"HC/NL-72"	"HC"	"HC/NL-72"	1	1	8	2	1	0.25	1	"N7"
"HC_NL_72__HC_NL_72__N3C247"	"N2"	"HC/NL-72"	"HC"	"HC/NL-72"	1	1	8	0	0	0	0	"N7"
"HC_NL_72__HC_NL_72__N3C247"	"N3"	"HC/NL-72"	"HC"	"HC/NL-72"	1	1	8	0	0	0	0	"N7"
"HC_NL_72__HC_NL_72__N3C247"	"N4"	"HC/NL-72"	"HC"	"HC/NL-72"	1	1	8	0	0	0	0	"N7"
"HC_NL_72__HC_NL_72__N3C247"	"N5"	"HC/NL-72"	"HC"	"HC/NL-72"	1	1	8	1	1	0.125	1	"N7"
"HC_NL_72__HC_NL_72__N3C247"	"N6"	"HC/NL-72"	"HC"	"HC/NL-72"	1	1	8	2	1	0.25	1	"N7"
"HC_NL_72__HC_NL_72__N3C247"	"N7"	"HC/NL-72"	"HC"	"HC/NL-72"	1	1	8	3	1	0.375	1	"N7"
"HC_NL_72__HC_NL_72__N3C247"	"N8"	"HC/NL-72"	"HC"	"HC/NL-72"	1	1	8	0	0	0	0	"N7"
"HC_NL_72__HC_NL_72__N3C248"	"N1"	"HC/NL-72"	"HC"	"HC/NL-72"	27	19	51	3	3	0.0588235294117647	0.157894736842105	"N7"
"HC_NL_72__HC_NL_72__N3C248"	"N2"	"HC/NL-72"	"HC"	"HC/NL-72"	27	19	51	0	0	0	0	"N7"
"HC_NL_72__HC_NL_72__N3C248"	"N3"	"HC/NL-72"	"HC"	"HC/NL-72"	27	19	51	0	0	0	0	"N7"
"HC_NL_72__HC_NL_72__N3C248"	"N4"	"HC/NL-72"	"HC"	"HC/NL-72"	27	19	51	0	0	0	0	"N7"
"HC_NL_72__HC_NL_72__N3C248"	"N5"	"HC/NL-72"	"HC"	"HC/NL-72"	27	19	51	10	9	0.196078431372549	0.473684210526316	"N7"
"HC_NL_72__HC_NL_72__N3C248"	"N6"	"HC/NL-72"	"HC"	"HC/NL-72"	27	19	51	0	0	0	0	"N7"
"HC_NL_72__HC_NL_72__N3C248"	"N7"	"HC/NL-72"	"HC"	"HC/NL-72"	27	19	51	38	15	0.745098039215686	0.789473684210526	"N7"
"HC_NL_72__HC_NL_72__N3C248"	"N8"	"HC/NL-72"	"HC"	"HC/NL-72"	27	19	51	0	0	0	0	"N7"
"HC_NL_72__HC_NL_72__N3C249"	"N1"	"HC/NL-72"	"HC"	"HC/NL-72"	2	2	14	2	2	0.142857142857143	1	"N7"
"HC_NL_72__HC_NL_72__N3C249"	"N2"	"HC/NL-72"	"HC"	"HC/NL-72"	2	2	14	0	0	0	0	"N7"
"HC_NL_72__HC_NL_72__N3C249"	"N3"	"HC/NL-72"	"HC"	"HC/NL-72"	2	2	14	0	0	0	0	"N7"
"HC_NL_72__HC_NL_72__N3C249"	"N4"	"HC/NL-72"	"HC"	"HC/NL-72"	2	2	14	0	0	0	0	"N7"
"HC_NL_72__HC_NL_72__N3C249"	"N5"	"HC/NL-72"	"HC"	"HC/NL-72"	2	2	14	0	0	0	0	"N7"
"HC_NL_72__HC_NL_72__N3C249"	"N6"	"HC/NL-72"	"HC"	"HC/NL-72"	2	2	14	0	0	0	0	"N7"
"HC_NL_72__HC_NL_72__N3C249"	"N7"	"HC/NL-72"	"HC"	"HC/NL-72"	2	2	14	12	2	0.857142857142857	1	"N7"
"HC_NL_72__HC_NL_72__N3C249"	"N8"	"HC/NL-72"	"HC"	"HC/NL-72"	2	2	14	0	0	0	0	"N7"
"HC_NL_72__HC_NL_72__N3C250"	"N1"	"HC/NL-72"	"HC"	"HC/NL-72"	1	1	7	2	1	0.285714285714286	1	"N8"
"HC_NL_72__HC_NL_72__N3C250"	"N2"	"HC/NL-72"	"HC"	"HC/NL-72"	1	1	7	0	0	0	0	"N8"
"HC_NL_72__HC_NL_72__N3C250"	"N3"	"HC/NL-72"	"HC"	"HC/NL-72"	1	1	7	0	0	0	0	"N8"
"HC_NL_72__HC_NL_72__N3C250"	"N4"	"HC/NL-72"	"HC"	"HC/NL-72"	1	1	7	0	0	0	0	"N8"
"HC_NL_72__HC_NL_72__N3C250"	"N5"	"HC/NL-72"	"HC"	"HC/NL-72"	1	1	7	1	1	0.142857142857143	1	"N8"
"HC_NL_72__HC_NL_72__N3C250"	"N6"	"HC/NL-72"	"HC"	"HC/NL-72"	1	1	7	0	0	0	0	"N8"
"HC_NL_72__HC_NL_72__N3C250"	"N7"	"HC/NL-72"	"HC"	"HC/NL-72"	1	1	7	0	0	0	0	"N8"
"HC_NL_72__HC_NL_72__N3C250"	"N8"	"HC/NL-72"	"HC"	"HC/NL-72"	1	1	7	4	1	0.571428571428571	1	"N8"
"HC_NL_72__HC_NL_72__N3C251"	"N1"	"HC/NL-72"	"HC"	"HC/NL-72"	1	1	8	1	1	0.125	1	"N7"
"HC_NL_72__HC_NL_72__N3C251"	"N2"	"HC/NL-72"	"HC"	"HC/NL-72"	1	1	8	0	0	0	0	"N7"
"HC_NL_72__HC_NL_72__N3C251"	"N3"	"HC/NL-72"	"HC"	"HC/NL-72"	1	1	8	0	0	0	0	"N7"
"HC_NL_72__HC_NL_72__N3C251"	"N4"	"HC/NL-72"	"HC"	"HC/NL-72"	1	1	8	0	0	0	0	"N7"
"HC_NL_72__HC_NL_72__N3C251"	"N5"	"HC/NL-72"	"HC"	"HC/NL-72"	1	1	8	1	1	0.125	1	"N7"
"HC_NL_72__HC_NL_72__N3C251"	"N6"	"HC/NL-72"	"HC"	"HC/NL-72"	1	1	8	0	0	0	0	"N7"
"HC_NL_72__HC_NL_72__N3C251"	"N7"	"HC/NL-72"	"HC"	"HC/NL-72"	1	1	8	6	1	0.75	1	"N7"
"HC_NL_72__HC_NL_72__N3C251"	"N8"	"HC/NL-72"	"HC"	"HC/NL-72"	1	1	8	0	0	0	0	"N7"
"HC_NL_72__HC_NL_72__N3C252"	"N1"	"HC/NL-72"	"HC"	"HC/NL-72"	3	3	18	15	3	0.833333333333333	1	"N1"
"HC_NL_72__HC_NL_72__N3C252"	"N2"	"HC/NL-72"	"HC"	"HC/NL-72"	3	3	18	1	1	0.0555555555555556	0.333333333333333	"N1"
"HC_NL_72__HC_NL_72__N3C252"	"N3"	"HC/NL-72"	"HC"	"HC/NL-72"	3	3	18	0	0	0	0	"N1"
"HC_NL_72__HC_NL_72__N3C252"	"N4"	"HC/NL-72"	"HC"	"HC/NL-72"	3	3	18	0	0	0	0	"N1"
"HC_NL_72__HC_NL_72__N3C252"	"N5"	"HC/NL-72"	"HC"	"HC/NL-72"	3	3	18	0	0	0	0	"N1"
"HC_NL_72__HC_NL_72__N3C252"	"N6"	"HC/NL-72"	"HC"	"HC/NL-72"	3	3	18	0	0	0	0	"N1"
"HC_NL_72__HC_NL_72__N3C252"	"N7"	"HC/NL-72"	"HC"	"HC/NL-72"	3	3	18	2	2	0.111111111111111	0.666666666666667	"N1"
"HC_NL_72__HC_NL_72__N3C252"	"N8"	"HC/NL-72"	"HC"	"HC/NL-72"	3	3	18	0	0	0	0	"N1"
"HC_NL_72__HC_NL_72__N3C253"	"N1"	"HC/NL-72"	"HC"	"HC/NL-72"	3	3	15	4	2	0.266666666666667	0.666666666666667	"N5"
"HC_NL_72__HC_NL_72__N3C253"	"N2"	"HC/NL-72"	"HC"	"HC/NL-72"	3	3	15	0	0	0	0	"N5"
"HC_NL_72__HC_NL_72__N3C253"	"N3"	"HC/NL-72"	"HC"	"HC/NL-72"	3	3	15	0	0	0	0	"N5"
"HC_NL_72__HC_NL_72__N3C253"	"N4"	"HC/NL-72"	"HC"	"HC/NL-72"	3	3	15	0	0	0	0	"N5"
"HC_NL_72__HC_NL_72__N3C253"	"N5"	"HC/NL-72"	"HC"	"HC/NL-72"	3	3	15	7	3	0.466666666666667	1	"N5"
"HC_NL_72__HC_NL_72__N3C253"	"N6"	"HC/NL-72"	"HC"	"HC/NL-72"	3	3	15	2	2	0.133333333333333	0.666666666666667	"N5"
"HC_NL_72__HC_NL_72__N3C253"	"N7"	"HC/NL-72"	"HC"	"HC/NL-72"	3	3	15	0	0	0	0	"N5"
"HC_NL_72__HC_NL_72__N3C253"	"N8"	"HC/NL-72"	"HC"	"HC/NL-72"	3	3	15	2	2	0.133333333333333	0.666666666666667	"N5"
"HC_NL_72__HC_NL_72__N3C254"	"N1"	"HC/NL-72"	"HC"	"HC/NL-72"	1	1	7	2	1	0.285714285714286	1	"N5"
"HC_NL_72__HC_NL_72__N3C254"	"N2"	"HC/NL-72"	"HC"	"HC/NL-72"	1	1	7	0	0	0	0	"N5"
"HC_NL_72__HC_NL_72__N3C254"	"N3"	"HC/NL-72"	"HC"	"HC/NL-72"	1	1	7	0	0	0	0	"N5"
"HC_NL_72__HC_NL_72__N3C254"	"N4"	"HC/NL-72"	"HC"	"HC/NL-72"	1	1	7	0	0	0	0	"N5"
"HC_NL_72__HC_NL_72__N3C254"	"N5"	"HC/NL-72"	"HC"	"HC/NL-72"	1	1	7	3	1	0.428571428571429	1	"N5"
"HC_NL_72__HC_NL_72__N3C254"	"N6"	"HC/NL-72"	"HC"	"HC/NL-72"	1	1	7	0	0	0	0	"N5"
"HC_NL_72__HC_NL_72__N3C254"	"N7"	"HC/NL-72"	"HC"	"HC/NL-72"	1	1	7	1	1	0.142857142857143	1	"N5"
"HC_NL_72__HC_NL_72__N3C254"	"N8"	"HC/NL-72"	"HC"	"HC/NL-72"	1	1	7	1	1	0.142857142857143	1	"N5"
"HC_NL_72__HC_NL_72__N3C255"	"N1"	"HC/NL-72"	"HC"	"HC/NL-72"	12	12	30	6	6	0.2	0.5	"N7"
"HC_NL_72__HC_NL_72__N3C255"	"N2"	"HC/NL-72"	"HC"	"HC/NL-72"	12	12	30	0	0	0	0	"N7"
"HC_NL_72__HC_NL_72__N3C255"	"N3"	"HC/NL-72"	"HC"	"HC/NL-72"	12	12	30	0	0	0	0	"N7"
"HC_NL_72__HC_NL_72__N3C255"	"N4"	"HC/NL-72"	"HC"	"HC/NL-72"	12	12	30	0	0	0	0	"N7"
"HC_NL_72__HC_NL_72__N3C255"	"N5"	"HC/NL-72"	"HC"	"HC/NL-72"	12	12	30	0	0	0	0	"N7"
"HC_NL_72__HC_NL_72__N3C255"	"N6"	"HC/NL-72"	"HC"	"HC/NL-72"	12	12	30	0	0	0	0	"N7"
"HC_NL_72__HC_NL_72__N3C255"	"N7"	"HC/NL-72"	"HC"	"HC/NL-72"	12	12	30	20	8	0.666666666666667	0.666666666666667	"N7"
"HC_NL_72__HC_NL_72__N3C255"	"N8"	"HC/NL-72"	"HC"	"HC/NL-72"	12	12	30	4	4	0.133333333333333	0.333333333333333	"N7"
"HC_NL_72__HC_NL_72__N3C256"	"N1"	"HC/NL-72"	"HC"	"HC/NL-72"	15	15	52	16	7	0.307692307692308	0.466666666666667	"N7"
"HC_NL_72__HC_NL_72__N3C256"	"N2"	"HC/NL-72"	"HC"	"HC/NL-72"	15	15	52	0	0	0	0	"N7"
"HC_NL_72__HC_NL_72__N3C256"	"N3"	"HC/NL-72"	"HC"	"HC/NL-72"	15	15	52	0	0	0	0	"N7"
"HC_NL_72__HC_NL_72__N3C256"	"N4"	"HC/NL-72"	"HC"	"HC/NL-72"	15	15	52	0	0	0	0	"N7"
"HC_NL_72__HC_NL_72__N3C256"	"N5"	"HC/NL-72"	"HC"	"HC/NL-72"	15	15	52	6	6	0.115384615384615	0.4	"N7"
"HC_NL_72__HC_NL_72__N3C256"	"N6"	"HC/NL-72"	"HC"	"HC/NL-72"	15	15	52	0	0	0	0	"N7"
"HC_NL_72__HC_NL_72__N3C256"	"N7"	"HC/NL-72"	"HC"	"HC/NL-72"	15	15	52	24	9	0.461538461538462	0.6	"N7"
"HC_NL_72__HC_NL_72__N3C256"	"N8"	"HC/NL-72"	"HC"	"HC/NL-72"	15	15	52	6	4	0.115384615384615	0.266666666666667	"N7"
"HC_NL_72__HC_NL_72__N3C257"	"N1"	"HC/NL-72"	"HC"	"HC/NL-72"	1	1	8	0	0	0	0	"N5"
"HC_NL_72__HC_NL_72__N3C257"	"N2"	"HC/NL-72"	"HC"	"HC/NL-72"	1	1	8	0	0	0	0	"N5"
"HC_NL_72__HC_NL_72__N3C257"	"N3"	"HC/NL-72"	"HC"	"HC/NL-72"	1	1	8	0	0	0	0	"N5"
"HC_NL_72__HC_NL_72__N3C257"	"N4"	"HC/NL-72"	"HC"	"HC/NL-72"	1	1	8	0	0	0	0	"N5"
"HC_NL_72__HC_NL_72__N3C257"	"N5"	"HC/NL-72"	"HC"	"HC/NL-72"	1	1	8	7	1	0.875	1	"N5"
"HC_NL_72__HC_NL_72__N3C257"	"N6"	"HC/NL-72"	"HC"	"HC/NL-72"	1	1	8	0	0	0	0	"N5"
"HC_NL_72__HC_NL_72__N3C257"	"N7"	"HC/NL-72"	"HC"	"HC/NL-72"	1	1	8	0	0	0	0	"N5"
"HC_NL_72__HC_NL_72__N3C257"	"N8"	"HC/NL-72"	"HC"	"HC/NL-72"	1	1	8	1	1	0.125	1	"N5"
"HC_NL_72__HC_NL_72__N3C258"	"N1"	"HC/NL-72"	"HC"	"HC/NL-72"	1	1	8	5	1	0.625	1	"N1"
"HC_NL_72__HC_NL_72__N3C258"	"N2"	"HC/NL-72"	"HC"	"HC/NL-72"	1	1	8	0	0	0	0	"N1"
"HC_NL_72__HC_NL_72__N3C258"	"N3"	"HC/NL-72"	"HC"	"HC/NL-72"	1	1	8	0	0	0	0	"N1"
"HC_NL_72__HC_NL_72__N3C258"	"N4"	"HC/NL-72"	"HC"	"HC/NL-72"	1	1	8	0	0	0	0	"N1"
"HC_NL_72__HC_NL_72__N3C258"	"N5"	"HC/NL-72"	"HC"	"HC/NL-72"	1	1	8	0	0	0	0	"N1"
"HC_NL_72__HC_NL_72__N3C258"	"N6"	"HC/NL-72"	"HC"	"HC/NL-72"	1	1	8	1	1	0.125	1	"N1"
"HC_NL_72__HC_NL_72__N3C258"	"N7"	"HC/NL-72"	"HC"	"HC/NL-72"	1	1	8	2	1	0.25	1	"N1"
"HC_NL_72__HC_NL_72__N3C258"	"N8"	"HC/NL-72"	"HC"	"HC/NL-72"	1	1	8	0	0	0	0	"N1"
"HC_NL_72__HC_NL_72__N3C259"	"N1"	"HC/NL-72"	"HC"	"HC/NL-72"	1	1	8	5	1	0.625	1	"N1"
"HC_NL_72__HC_NL_72__N3C259"	"N2"	"HC/NL-72"	"HC"	"HC/NL-72"	1	1	8	0	0	0	0	"N1"
"HC_NL_72__HC_NL_72__N3C259"	"N3"	"HC/NL-72"	"HC"	"HC/NL-72"	1	1	8	0	0	0	0	"N1"
"HC_NL_72__HC_NL_72__N3C259"	"N4"	"HC/NL-72"	"HC"	"HC/NL-72"	1	1	8	0	0	0	0	"N1"
"HC_NL_72__HC_NL_72__N3C259"	"N5"	"HC/NL-72"	"HC"	"HC/NL-72"	1	1	8	0	0	0	0	"N1"
"HC_NL_72__HC_NL_72__N3C259"	"N6"	"HC/NL-72"	"HC"	"HC/NL-72"	1	1	8	0	0	0	0	"N1"
"HC_NL_72__HC_NL_72__N3C259"	"N7"	"HC/NL-72"	"HC"	"HC/NL-72"	1	1	8	3	1	0.375	1	"N1"
"HC_NL_72__HC_NL_72__N3C259"	"N8"	"HC/NL-72"	"HC"	"HC/NL-72"	1	1	8	0	0	0	0	"N1"
"HC_NL_72__HC_NL_72__N3C260"	"N1"	"HC/NL-72"	"HC"	"HC/NL-72"	1	1	8	2	1	0.25	1	"N7"
"HC_NL_72__HC_NL_72__N3C260"	"N2"	"HC/NL-72"	"HC"	"HC/NL-72"	1	1	8	0	0	0	0	"N7"
"HC_NL_72__HC_NL_72__N3C260"	"N3"	"HC/NL-72"	"HC"	"HC/NL-72"	1	1	8	0	0	0	0	"N7"
"HC_NL_72__HC_NL_72__N3C260"	"N4"	"HC/NL-72"	"HC"	"HC/NL-72"	1	1	8	0	0	0	0	"N7"
"HC_NL_72__HC_NL_72__N3C260"	"N5"	"HC/NL-72"	"HC"	"HC/NL-72"	1	1	8	0	0	0	0	"N7"
"HC_NL_72__HC_NL_72__N3C260"	"N6"	"HC/NL-72"	"HC"	"HC/NL-72"	1	1	8	0	0	0	0	"N7"
"HC_NL_72__HC_NL_72__N3C260"	"N7"	"HC/NL-72"	"HC"	"HC/NL-72"	1	1	8	6	1	0.75	1	"N7"
"HC_NL_72__HC_NL_72__N3C260"	"N8"	"HC/NL-72"	"HC"	"HC/NL-72"	1	1	8	0	0	0	0	"N7"
"HC_NL_72__HC_NL_72__N3C261"	"N1"	"HC/NL-72"	"HC"	"HC/NL-72"	2	2	11	10	2	0.909090909090909	1	"N1"
"HC_NL_72__HC_NL_72__N3C261"	"N2"	"HC/NL-72"	"HC"	"HC/NL-72"	2	2	11	0	0	0	0	"N1"
"HC_NL_72__HC_NL_72__N3C261"	"N3"	"HC/NL-72"	"HC"	"HC/NL-72"	2	2	11	0	0	0	0	"N1"
"HC_NL_72__HC_NL_72__N3C261"	"N4"	"HC/NL-72"	"HC"	"HC/NL-72"	2	2	11	0	0	0	0	"N1"
"HC_NL_72__HC_NL_72__N3C261"	"N5"	"HC/NL-72"	"HC"	"HC/NL-72"	2	2	11	0	0	0	0	"N1"
"HC_NL_72__HC_NL_72__N3C261"	"N6"	"HC/NL-72"	"HC"	"HC/NL-72"	2	2	11	0	0	0	0	"N1"
"HC_NL_72__HC_NL_72__N3C261"	"N7"	"HC/NL-72"	"HC"	"HC/NL-72"	2	2	11	1	1	0.0909090909090909	0.5	"N1"
"HC_NL_72__HC_NL_72__N3C261"	"N8"	"HC/NL-72"	"HC"	"HC/NL-72"	2	2	11	0	0	0	0	"N1"
"HC_NL_72__HC_NL_72__N3C262"	"N1"	"HC/NL-72"	"HC"	"HC/NL-72"	1	1	8	6	1	0.75	1	"N1"
"HC_NL_72__HC_NL_72__N3C262"	"N2"	"HC/NL-72"	"HC"	"HC/NL-72"	1	1	8	0	0	0	0	"N1"
"HC_NL_72__HC_NL_72__N3C262"	"N3"	"HC/NL-72"	"HC"	"HC/NL-72"	1	1	8	0	0	0	0	"N1"
"HC_NL_72__HC_NL_72__N3C262"	"N4"	"HC/NL-72"	"HC"	"HC/NL-72"	1	1	8	0	0	0	0	"N1"
"HC_NL_72__HC_NL_72__N3C262"	"N5"	"HC/NL-72"	"HC"	"HC/NL-72"	1	1	8	2	1	0.25	1	"N1"
"HC_NL_72__HC_NL_72__N3C262"	"N6"	"HC/NL-72"	"HC"	"HC/NL-72"	1	1	8	0	0	0	0	"N1"
"HC_NL_72__HC_NL_72__N3C262"	"N7"	"HC/NL-72"	"HC"	"HC/NL-72"	1	1	8	0	0	0	0	"N1"
"HC_NL_72__HC_NL_72__N3C262"	"N8"	"HC/NL-72"	"HC"	"HC/NL-72"	1	1	8	0	0	0	0	"N1"
"HC_NL_72__HC_NL_72__N3C263"	"N1"	"HC/NL-72"	"HC"	"HC/NL-72"	4	4	22	4	4	0.181818181818182	1	"N5"
"HC_NL_72__HC_NL_72__N3C263"	"N2"	"HC/NL-72"	"HC"	"HC/NL-72"	4	4	22	0	0	0	0	"N5"
"HC_NL_72__HC_NL_72__N3C263"	"N3"	"HC/NL-72"	"HC"	"HC/NL-72"	4	4	22	0	0	0	0	"N5"
"HC_NL_72__HC_NL_72__N3C263"	"N4"	"HC/NL-72"	"HC"	"HC/NL-72"	4	4	22	0	0	0	0	"N5"
"HC_NL_72__HC_NL_72__N3C263"	"N5"	"HC/NL-72"	"HC"	"HC/NL-72"	4	4	22	13	4	0.590909090909091	1	"N5"
"HC_NL_72__HC_NL_72__N3C263"	"N6"	"HC/NL-72"	"HC"	"HC/NL-72"	4	4	22	0	0	0	0	"N5"
"HC_NL_72__HC_NL_72__N3C263"	"N7"	"HC/NL-72"	"HC"	"HC/NL-72"	4	4	22	5	3	0.227272727272727	0.75	"N5"
"HC_NL_72__HC_NL_72__N3C263"	"N8"	"HC/NL-72"	"HC"	"HC/NL-72"	4	4	22	0	0	0	0	"N5"
"HC_NL_72__HC_NL_72__N3C264"	"N1"	"HC/NL-72"	"HC"	"HC/NL-72"	1	1	5	1	1	0.2	1	"N7"
"HC_NL_72__HC_NL_72__N3C264"	"N2"	"HC/NL-72"	"HC"	"HC/NL-72"	1	1	5	0	0	0	0	"N7"
"HC_NL_72__HC_NL_72__N3C264"	"N3"	"HC/NL-72"	"HC"	"HC/NL-72"	1	1	5	0	0	0	0	"N7"
"HC_NL_72__HC_NL_72__N3C264"	"N4"	"HC/NL-72"	"HC"	"HC/NL-72"	1	1	5	0	0	0	0	"N7"
"HC_NL_72__HC_NL_72__N3C264"	"N5"	"HC/NL-72"	"HC"	"HC/NL-72"	1	1	5	1	1	0.2	1	"N7"
"HC_NL_72__HC_NL_72__N3C264"	"N6"	"HC/NL-72"	"HC"	"HC/NL-72"	1	1	5	0	0	0	0	"N7"
"HC_NL_72__HC_NL_72__N3C264"	"N7"	"HC/NL-72"	"HC"	"HC/NL-72"	1	1	5	3	1	0.6	1	"N7"
"HC_NL_72__HC_NL_72__N3C264"	"N8"	"HC/NL-72"	"HC"	"HC/NL-72"	1	1	5	0	0	0	0	"N7"
"HC_NL_72__HC_NL_72__N3C265"	"N1"	"HC/NL-72"	"HC"	"HC/NL-72"	1	1	5	0	0	0	0	"N5"
"HC_NL_72__HC_NL_72__N3C265"	"N2"	"HC/NL-72"	"HC"	"HC/NL-72"	1	1	5	0	0	0	0	"N5"
"HC_NL_72__HC_NL_72__N3C265"	"N3"	"HC/NL-72"	"HC"	"HC/NL-72"	1	1	5	0	0	0	0	"N5"
"HC_NL_72__HC_NL_72__N3C265"	"N4"	"HC/NL-72"	"HC"	"HC/NL-72"	1	1	5	0	0	0	0	"N5"
"HC_NL_72__HC_NL_72__N3C265"	"N5"	"HC/NL-72"	"HC"	"HC/NL-72"	1	1	5	3	1	0.6	1	"N5"
"HC_NL_72__HC_NL_72__N3C265"	"N6"	"HC/NL-72"	"HC"	"HC/NL-72"	1	1	5	0	0	0	0	"N5"
"HC_NL_72__HC_NL_72__N3C265"	"N7"	"HC/NL-72"	"HC"	"HC/NL-72"	1	1	5	0	0	0	0	"N5"
"HC_NL_72__HC_NL_72__N3C265"	"N8"	"HC/NL-72"	"HC"	"HC/NL-72"	1	1	5	2	1	0.4	1	"N5"
"HC_NL_72__HC_NL_72__N3C266"	"N1"	"HC/NL-72"	"HC"	"HC/NL-72"	1	1	7	4	1	0.571428571428571	1	"N1"
"HC_NL_72__HC_NL_72__N3C266"	"N2"	"HC/NL-72"	"HC"	"HC/NL-72"	1	1	7	0	0	0	0	"N1"
"HC_NL_72__HC_NL_72__N3C266"	"N3"	"HC/NL-72"	"HC"	"HC/NL-72"	1	1	7	0	0	0	0	"N1"
"HC_NL_72__HC_NL_72__N3C266"	"N4"	"HC/NL-72"	"HC"	"HC/NL-72"	1	1	7	0	0	0	0	"N1"
"HC_NL_72__HC_NL_72__N3C266"	"N5"	"HC/NL-72"	"HC"	"HC/NL-72"	1	1	7	0	0	0	0	"N1"
"HC_NL_72__HC_NL_72__N3C266"	"N6"	"HC/NL-72"	"HC"	"HC/NL-72"	1	1	7	0	0	0	0	"N1"
"HC_NL_72__HC_NL_72__N3C266"	"N7"	"HC/NL-72"	"HC"	"HC/NL-72"	1	1	7	3	1	0.428571428571429	1	"N1"
"HC_NL_72__HC_NL_72__N3C266"	"N8"	"HC/NL-72"	"HC"	"HC/NL-72"	1	1	7	0	0	0	0	"N1"
"HC_NL_72__HC_NL_72__N3C267"	"N1"	"HC/NL-72"	"HC"	"HC/NL-72"	1	1	4	2	1	0.5	1	"N1; N5"
"HC_NL_72__HC_NL_72__N3C267"	"N2"	"HC/NL-72"	"HC"	"HC/NL-72"	1	1	4	0	0	0	0	"N1; N5"
"HC_NL_72__HC_NL_72__N3C267"	"N3"	"HC/NL-72"	"HC"	"HC/NL-72"	1	1	4	0	0	0	0	"N1; N5"
"HC_NL_72__HC_NL_72__N3C267"	"N4"	"HC/NL-72"	"HC"	"HC/NL-72"	1	1	4	0	0	0	0	"N1; N5"
"HC_NL_72__HC_NL_72__N3C267"	"N5"	"HC/NL-72"	"HC"	"HC/NL-72"	1	1	4	2	1	0.5	1	"N1; N5"
"HC_NL_72__HC_NL_72__N3C267"	"N6"	"HC/NL-72"	"HC"	"HC/NL-72"	1	1	4	0	0	0	0	"N1; N5"
"HC_NL_72__HC_NL_72__N3C267"	"N7"	"HC/NL-72"	"HC"	"HC/NL-72"	1	1	4	0	0	0	0	"N1; N5"
"HC_NL_72__HC_NL_72__N3C267"	"N8"	"HC/NL-72"	"HC"	"HC/NL-72"	1	1	4	0	0	0	0	"N1; N5"
"IPF_FO23_1_06168__IPF_FO23_1_06168__N3C001"	"N1"	"IPF/FO23-1-06168"	"IPF"	"IPF/FO23-1-06168"	4	4	16	2	2	0.125	0.5	"N5"
"IPF_FO23_1_06168__IPF_FO23_1_06168__N3C001"	"N2"	"IPF/FO23-1-06168"	"IPF"	"IPF/FO23-1-06168"	4	4	16	0	0	0	0	"N5"
"IPF_FO23_1_06168__IPF_FO23_1_06168__N3C001"	"N3"	"IPF/FO23-1-06168"	"IPF"	"IPF/FO23-1-06168"	4	4	16	0	0	0	0	"N5"
"IPF_FO23_1_06168__IPF_FO23_1_06168__N3C001"	"N4"	"IPF/FO23-1-06168"	"IPF"	"IPF/FO23-1-06168"	4	4	16	1	1	0.0625	0.25	"N5"
"IPF_FO23_1_06168__IPF_FO23_1_06168__N3C001"	"N5"	"IPF/FO23-1-06168"	"IPF"	"IPF/FO23-1-06168"	4	4	16	8	4	0.5	1	"N5"
"IPF_FO23_1_06168__IPF_FO23_1_06168__N3C001"	"N6"	"IPF/FO23-1-06168"	"IPF"	"IPF/FO23-1-06168"	4	4	16	4	3	0.25	0.75	"N5"
"IPF_FO23_1_06168__IPF_FO23_1_06168__N3C001"	"N7"	"IPF/FO23-1-06168"	"IPF"	"IPF/FO23-1-06168"	4	4	16	0	0	0	0	"N5"
"IPF_FO23_1_06168__IPF_FO23_1_06168__N3C001"	"N8"	"IPF/FO23-1-06168"	"IPF"	"IPF/FO23-1-06168"	4	4	16	1	1	0.0625	0.25	"N5"
"IPF_FO23_1_06168__IPF_FO23_1_06168__N3C002"	"N1"	"IPF/FO23-1-06168"	"IPF"	"IPF/FO23-1-06168"	2	2	13	4	2	0.307692307692308	1	"N8"
"IPF_FO23_1_06168__IPF_FO23_1_06168__N3C002"	"N2"	"IPF/FO23-1-06168"	"IPF"	"IPF/FO23-1-06168"	2	2	13	0	0	0	0	"N8"
"IPF_FO23_1_06168__IPF_FO23_1_06168__N3C002"	"N3"	"IPF/FO23-1-06168"	"IPF"	"IPF/FO23-1-06168"	2	2	13	0	0	0	0	"N8"
"IPF_FO23_1_06168__IPF_FO23_1_06168__N3C002"	"N4"	"IPF/FO23-1-06168"	"IPF"	"IPF/FO23-1-06168"	2	2	13	0	0	0	0	"N8"
"IPF_FO23_1_06168__IPF_FO23_1_06168__N3C002"	"N5"	"IPF/FO23-1-06168"	"IPF"	"IPF/FO23-1-06168"	2	2	13	0	0	0	0	"N8"
"IPF_FO23_1_06168__IPF_FO23_1_06168__N3C002"	"N6"	"IPF/FO23-1-06168"	"IPF"	"IPF/FO23-1-06168"	2	2	13	1	1	0.0769230769230769	0.5	"N8"
"IPF_FO23_1_06168__IPF_FO23_1_06168__N3C002"	"N7"	"IPF/FO23-1-06168"	"IPF"	"IPF/FO23-1-06168"	2	2	13	0	0	0	0	"N8"
"IPF_FO23_1_06168__IPF_FO23_1_06168__N3C002"	"N8"	"IPF/FO23-1-06168"	"IPF"	"IPF/FO23-1-06168"	2	2	13	8	2	0.615384615384615	1	"N8"
"IPF_FO23_1_06168__IPF_FO23_1_06168__N3C003"	"N1"	"IPF/FO23-1-06168"	"IPF"	"IPF/FO23-1-06168"	1	1	7	2	1	0.285714285714286	1	"N5"
"IPF_FO23_1_06168__IPF_FO23_1_06168__N3C003"	"N2"	"IPF/FO23-1-06168"	"IPF"	"IPF/FO23-1-06168"	1	1	7	0	0	0	0	"N5"
"IPF_FO23_1_06168__IPF_FO23_1_06168__N3C003"	"N3"	"IPF/FO23-1-06168"	"IPF"	"IPF/FO23-1-06168"	1	1	7	0	0	0	0	"N5"
"IPF_FO23_1_06168__IPF_FO23_1_06168__N3C003"	"N4"	"IPF/FO23-1-06168"	"IPF"	"IPF/FO23-1-06168"	1	1	7	0	0	0	0	"N5"
"IPF_FO23_1_06168__IPF_FO23_1_06168__N3C003"	"N5"	"IPF/FO23-1-06168"	"IPF"	"IPF/FO23-1-06168"	1	1	7	3	1	0.428571428571429	1	"N5"
"IPF_FO23_1_06168__IPF_FO23_1_06168__N3C003"	"N6"	"IPF/FO23-1-06168"	"IPF"	"IPF/FO23-1-06168"	1	1	7	0	0	0	0	"N5"
"IPF_FO23_1_06168__IPF_FO23_1_06168__N3C003"	"N7"	"IPF/FO23-1-06168"	"IPF"	"IPF/FO23-1-06168"	1	1	7	0	0	0	0	"N5"
"IPF_FO23_1_06168__IPF_FO23_1_06168__N3C003"	"N8"	"IPF/FO23-1-06168"	"IPF"	"IPF/FO23-1-06168"	1	1	7	2	1	0.285714285714286	1	"N5"
"IPF_FO23_1_06168__IPF_FO23_1_06168__N3C004"	"N1"	"IPF/FO23-1-06168"	"IPF"	"IPF/FO23-1-06168"	2	2	12	3	2	0.25	1	"N6"
"IPF_FO23_1_06168__IPF_FO23_1_06168__N3C004"	"N2"	"IPF/FO23-1-06168"	"IPF"	"IPF/FO23-1-06168"	2	2	12	0	0	0	0	"N6"
"IPF_FO23_1_06168__IPF_FO23_1_06168__N3C004"	"N3"	"IPF/FO23-1-06168"	"IPF"	"IPF/FO23-1-06168"	2	2	12	0	0	0	0	"N6"
"IPF_FO23_1_06168__IPF_FO23_1_06168__N3C004"	"N4"	"IPF/FO23-1-06168"	"IPF"	"IPF/FO23-1-06168"	2	2	12	0	0	0	0	"N6"
"IPF_FO23_1_06168__IPF_FO23_1_06168__N3C004"	"N5"	"IPF/FO23-1-06168"	"IPF"	"IPF/FO23-1-06168"	2	2	12	2	1	0.166666666666667	0.5	"N6"
"IPF_FO23_1_06168__IPF_FO23_1_06168__N3C004"	"N6"	"IPF/FO23-1-06168"	"IPF"	"IPF/FO23-1-06168"	2	2	12	5	2	0.416666666666667	1	"N6"
"IPF_FO23_1_06168__IPF_FO23_1_06168__N3C004"	"N7"	"IPF/FO23-1-06168"	"IPF"	"IPF/FO23-1-06168"	2	2	12	1	1	0.0833333333333333	0.5	"N6"
"IPF_FO23_1_06168__IPF_FO23_1_06168__N3C004"	"N8"	"IPF/FO23-1-06168"	"IPF"	"IPF/FO23-1-06168"	2	2	12	1	1	0.0833333333333333	0.5	"N6"
"IPF_FO23_1_06168__IPF_FO23_1_06168__N3C005"	"N1"	"IPF/FO23-1-06168"	"IPF"	"IPF/FO23-1-06168"	1	1	4	0	0	0	0	"N8"
"IPF_FO23_1_06168__IPF_FO23_1_06168__N3C005"	"N2"	"IPF/FO23-1-06168"	"IPF"	"IPF/FO23-1-06168"	1	1	4	0	0	0	0	"N8"
"IPF_FO23_1_06168__IPF_FO23_1_06168__N3C005"	"N3"	"IPF/FO23-1-06168"	"IPF"	"IPF/FO23-1-06168"	1	1	4	0	0	0	0	"N8"
"IPF_FO23_1_06168__IPF_FO23_1_06168__N3C005"	"N4"	"IPF/FO23-1-06168"	"IPF"	"IPF/FO23-1-06168"	1	1	4	0	0	0	0	"N8"
"IPF_FO23_1_06168__IPF_FO23_1_06168__N3C005"	"N5"	"IPF/FO23-1-06168"	"IPF"	"IPF/FO23-1-06168"	1	1	4	1	1	0.25	1	"N8"
"IPF_FO23_1_06168__IPF_FO23_1_06168__N3C005"	"N6"	"IPF/FO23-1-06168"	"IPF"	"IPF/FO23-1-06168"	1	1	4	1	1	0.25	1	"N8"
"IPF_FO23_1_06168__IPF_FO23_1_06168__N3C005"	"N7"	"IPF/FO23-1-06168"	"IPF"	"IPF/FO23-1-06168"	1	1	4	0	0	0	0	"N8"
"IPF_FO23_1_06168__IPF_FO23_1_06168__N3C005"	"N8"	"IPF/FO23-1-06168"	"IPF"	"IPF/FO23-1-06168"	1	1	4	2	1	0.5	1	"N8"
"IPF_FO23_1_06168__IPF_FO23_1_06168__N3C006"	"N1"	"IPF/FO23-1-06168"	"IPF"	"IPF/FO23-1-06168"	13	13	43	0	0	0	0	"N5"
"IPF_FO23_1_06168__IPF_FO23_1_06168__N3C006"	"N2"	"IPF/FO23-1-06168"	"IPF"	"IPF/FO23-1-06168"	13	13	43	0	0	0	0	"N5"
"IPF_FO23_1_06168__IPF_FO23_1_06168__N3C006"	"N3"	"IPF/FO23-1-06168"	"IPF"	"IPF/FO23-1-06168"	13	13	43	0	0	0	0	"N5"
"IPF_FO23_1_06168__IPF_FO23_1_06168__N3C006"	"N4"	"IPF/FO23-1-06168"	"IPF"	"IPF/FO23-1-06168"	13	13	43	7	7	0.162790697674419	0.538461538461538	"N5"
"IPF_FO23_1_06168__IPF_FO23_1_06168__N3C006"	"N5"	"IPF/FO23-1-06168"	"IPF"	"IPF/FO23-1-06168"	13	13	43	20	10	0.465116279069768	0.769230769230769	"N5"
"IPF_FO23_1_06168__IPF_FO23_1_06168__N3C006"	"N6"	"IPF/FO23-1-06168"	"IPF"	"IPF/FO23-1-06168"	13	13	43	2	2	0.0465116279069768	0.153846153846154	"N5"
"IPF_FO23_1_06168__IPF_FO23_1_06168__N3C006"	"N7"	"IPF/FO23-1-06168"	"IPF"	"IPF/FO23-1-06168"	13	13	43	0	0	0	0	"N5"
"IPF_FO23_1_06168__IPF_FO23_1_06168__N3C006"	"N8"	"IPF/FO23-1-06168"	"IPF"	"IPF/FO23-1-06168"	13	13	43	14	9	0.325581395348837	0.692307692307692	"N5"
"IPF_FO23_1_06168__IPF_FO23_1_06168__N3C007"	"N1"	"IPF/FO23-1-06168"	"IPF"	"IPF/FO23-1-06168"	1	1	6	0	0	0	0	"N5; N6"
"IPF_FO23_1_06168__IPF_FO23_1_06168__N3C007"	"N2"	"IPF/FO23-1-06168"	"IPF"	"IPF/FO23-1-06168"	1	1	6	0	0	0	0	"N5; N6"
"IPF_FO23_1_06168__IPF_FO23_1_06168__N3C007"	"N3"	"IPF/FO23-1-06168"	"IPF"	"IPF/FO23-1-06168"	1	1	6	0	0	0	0	"N5; N6"
"IPF_FO23_1_06168__IPF_FO23_1_06168__N3C007"	"N4"	"IPF/FO23-1-06168"	"IPF"	"IPF/FO23-1-06168"	1	1	6	1	1	0.166666666666667	1	"N5; N6"
"IPF_FO23_1_06168__IPF_FO23_1_06168__N3C007"	"N5"	"IPF/FO23-1-06168"	"IPF"	"IPF/FO23-1-06168"	1	1	6	2	1	0.333333333333333	1	"N5; N6"
"IPF_FO23_1_06168__IPF_FO23_1_06168__N3C007"	"N6"	"IPF/FO23-1-06168"	"IPF"	"IPF/FO23-1-06168"	1	1	6	2	1	0.333333333333333	1	"N5; N6"
"IPF_FO23_1_06168__IPF_FO23_1_06168__N3C007"	"N7"	"IPF/FO23-1-06168"	"IPF"	"IPF/FO23-1-06168"	1	1	6	0	0	0	0	"N5; N6"
"IPF_FO23_1_06168__IPF_FO23_1_06168__N3C007"	"N8"	"IPF/FO23-1-06168"	"IPF"	"IPF/FO23-1-06168"	1	1	6	1	1	0.166666666666667	1	"N5; N6"
"IPF_FO23_1_06168__IPF_FO23_1_06168__N3C008"	"N1"	"IPF/FO23-1-06168"	"IPF"	"IPF/FO23-1-06168"	3	3	18	2	2	0.111111111111111	0.666666666666667	"N8"
"IPF_FO23_1_06168__IPF_FO23_1_06168__N3C008"	"N2"	"IPF/FO23-1-06168"	"IPF"	"IPF/FO23-1-06168"	3	3	18	2	2	0.111111111111111	0.666666666666667	"N8"
"IPF_FO23_1_06168__IPF_FO23_1_06168__N3C008"	"N3"	"IPF/FO23-1-06168"	"IPF"	"IPF/FO23-1-06168"	3	3	18	0	0	0	0	"N8"
"IPF_FO23_1_06168__IPF_FO23_1_06168__N3C008"	"N4"	"IPF/FO23-1-06168"	"IPF"	"IPF/FO23-1-06168"	3	3	18	1	1	0.0555555555555556	0.333333333333333	"N8"
"IPF_FO23_1_06168__IPF_FO23_1_06168__N3C008"	"N5"	"IPF/FO23-1-06168"	"IPF"	"IPF/FO23-1-06168"	3	3	18	6	3	0.333333333333333	1	"N8"
"IPF_FO23_1_06168__IPF_FO23_1_06168__N3C008"	"N6"	"IPF/FO23-1-06168"	"IPF"	"IPF/FO23-1-06168"	3	3	18	0	0	0	0	"N8"
"IPF_FO23_1_06168__IPF_FO23_1_06168__N3C008"	"N7"	"IPF/FO23-1-06168"	"IPF"	"IPF/FO23-1-06168"	3	3	18	0	0	0	0	"N8"
"IPF_FO23_1_06168__IPF_FO23_1_06168__N3C008"	"N8"	"IPF/FO23-1-06168"	"IPF"	"IPF/FO23-1-06168"	3	3	18	7	3	0.388888888888889	1	"N8"
"IPF_FO23_1_06168__IPF_FO23_1_06168__N3C009"	"N1"	"IPF/FO23-1-06168"	"IPF"	"IPF/FO23-1-06168"	1	1	8	3	1	0.375	1	"N1; N5"
"IPF_FO23_1_06168__IPF_FO23_1_06168__N3C009"	"N2"	"IPF/FO23-1-06168"	"IPF"	"IPF/FO23-1-06168"	1	1	8	0	0	0	0	"N1; N5"
"IPF_FO23_1_06168__IPF_FO23_1_06168__N3C009"	"N3"	"IPF/FO23-1-06168"	"IPF"	"IPF/FO23-1-06168"	1	1	8	0	0	0	0	"N1; N5"
"IPF_FO23_1_06168__IPF_FO23_1_06168__N3C009"	"N4"	"IPF/FO23-1-06168"	"IPF"	"IPF/FO23-1-06168"	1	1	8	0	0	0	0	"N1; N5"
"IPF_FO23_1_06168__IPF_FO23_1_06168__N3C009"	"N5"	"IPF/FO23-1-06168"	"IPF"	"IPF/FO23-1-06168"	1	1	8	3	1	0.375	1	"N1; N5"
"IPF_FO23_1_06168__IPF_FO23_1_06168__N3C009"	"N6"	"IPF/FO23-1-06168"	"IPF"	"IPF/FO23-1-06168"	1	1	8	0	0	0	0	"N1; N5"
"IPF_FO23_1_06168__IPF_FO23_1_06168__N3C009"	"N7"	"IPF/FO23-1-06168"	"IPF"	"IPF/FO23-1-06168"	1	1	8	0	0	0	0	"N1; N5"
"IPF_FO23_1_06168__IPF_FO23_1_06168__N3C009"	"N8"	"IPF/FO23-1-06168"	"IPF"	"IPF/FO23-1-06168"	1	1	8	2	1	0.25	1	"N1; N5"
"IPF_FO23_1_06168__IPF_FO23_1_06168__N3C010"	"N1"	"IPF/FO23-1-06168"	"IPF"	"IPF/FO23-1-06168"	3	3	18	7	3	0.388888888888889	1	"N1"
"IPF_FO23_1_06168__IPF_FO23_1_06168__N3C010"	"N2"	"IPF/FO23-1-06168"	"IPF"	"IPF/FO23-1-06168"	3	3	18	0	0	0	0	"N1"
"IPF_FO23_1_06168__IPF_FO23_1_06168__N3C010"	"N3"	"IPF/FO23-1-06168"	"IPF"	"IPF/FO23-1-06168"	3	3	18	0	0	0	0	"N1"
"IPF_FO23_1_06168__IPF_FO23_1_06168__N3C010"	"N4"	"IPF/FO23-1-06168"	"IPF"	"IPF/FO23-1-06168"	3	3	18	0	0	0	0	"N1"
"IPF_FO23_1_06168__IPF_FO23_1_06168__N3C010"	"N5"	"IPF/FO23-1-06168"	"IPF"	"IPF/FO23-1-06168"	3	3	18	5	3	0.277777777777778	1	"N1"
"IPF_FO23_1_06168__IPF_FO23_1_06168__N3C010"	"N6"	"IPF/FO23-1-06168"	"IPF"	"IPF/FO23-1-06168"	3	3	18	0	0	0	0	"N1"
"IPF_FO23_1_06168__IPF_FO23_1_06168__N3C010"	"N7"	"IPF/FO23-1-06168"	"IPF"	"IPF/FO23-1-06168"	3	3	18	0	0	0	0	"N1"
"IPF_FO23_1_06168__IPF_FO23_1_06168__N3C010"	"N8"	"IPF/FO23-1-06168"	"IPF"	"IPF/FO23-1-06168"	3	3	18	6	3	0.333333333333333	1	"N1"
"IPF_FO23_1_06168__IPF_FO23_1_06168__N3C011"	"N1"	"IPF/FO23-1-06168"	"IPF"	"IPF/FO23-1-06168"	2	2	14	3	2	0.214285714285714	1	"N5; N8"
"IPF_FO23_1_06168__IPF_FO23_1_06168__N3C011"	"N2"	"IPF/FO23-1-06168"	"IPF"	"IPF/FO23-1-06168"	2	2	14	0	0	0	0	"N5; N8"
"IPF_FO23_1_06168__IPF_FO23_1_06168__N3C011"	"N3"	"IPF/FO23-1-06168"	"IPF"	"IPF/FO23-1-06168"	2	2	14	0	0	0	0	"N5; N8"
"IPF_FO23_1_06168__IPF_FO23_1_06168__N3C011"	"N4"	"IPF/FO23-1-06168"	"IPF"	"IPF/FO23-1-06168"	2	2	14	0	0	0	0	"N5; N8"
"IPF_FO23_1_06168__IPF_FO23_1_06168__N3C011"	"N5"	"IPF/FO23-1-06168"	"IPF"	"IPF/FO23-1-06168"	2	2	14	4	2	0.285714285714286	1	"N5; N8"
"IPF_FO23_1_06168__IPF_FO23_1_06168__N3C011"	"N6"	"IPF/FO23-1-06168"	"IPF"	"IPF/FO23-1-06168"	2	2	14	3	2	0.214285714285714	1	"N5; N8"
"IPF_FO23_1_06168__IPF_FO23_1_06168__N3C011"	"N7"	"IPF/FO23-1-06168"	"IPF"	"IPF/FO23-1-06168"	2	2	14	0	0	0	0	"N5; N8"
"IPF_FO23_1_06168__IPF_FO23_1_06168__N3C011"	"N8"	"IPF/FO23-1-06168"	"IPF"	"IPF/FO23-1-06168"	2	2	14	4	2	0.285714285714286	1	"N5; N8"
"IPF_FO23_1_06168__IPF_FO23_1_06168__N3C012"	"N1"	"IPF/FO23-1-06168"	"IPF"	"IPF/FO23-1-06168"	1	1	8	1	1	0.125	1	"N8"
"IPF_FO23_1_06168__IPF_FO23_1_06168__N3C012"	"N2"	"IPF/FO23-1-06168"	"IPF"	"IPF/FO23-1-06168"	1	1	8	0	0	0	0	"N8"
"IPF_FO23_1_06168__IPF_FO23_1_06168__N3C012"	"N3"	"IPF/FO23-1-06168"	"IPF"	"IPF/FO23-1-06168"	1	1	8	0	0	0	0	"N8"
"IPF_FO23_1_06168__IPF_FO23_1_06168__N3C012"	"N4"	"IPF/FO23-1-06168"	"IPF"	"IPF/FO23-1-06168"	1	1	8	0	0	0	0	"N8"
"IPF_FO23_1_06168__IPF_FO23_1_06168__N3C012"	"N5"	"IPF/FO23-1-06168"	"IPF"	"IPF/FO23-1-06168"	1	1	8	2	1	0.25	1	"N8"
"IPF_FO23_1_06168__IPF_FO23_1_06168__N3C012"	"N6"	"IPF/FO23-1-06168"	"IPF"	"IPF/FO23-1-06168"	1	1	8	0	0	0	0	"N8"
"IPF_FO23_1_06168__IPF_FO23_1_06168__N3C012"	"N7"	"IPF/FO23-1-06168"	"IPF"	"IPF/FO23-1-06168"	1	1	8	0	0	0	0	"N8"
"IPF_FO23_1_06168__IPF_FO23_1_06168__N3C012"	"N8"	"IPF/FO23-1-06168"	"IPF"	"IPF/FO23-1-06168"	1	1	8	5	1	0.625	1	"N8"
"IPF_FO23_1_06168__IPF_FO23_1_06168__N3C013"	"N1"	"IPF/FO23-1-06168"	"IPF"	"IPF/FO23-1-06168"	2	2	14	3	1	0.214285714285714	0.5	"N5"
"IPF_FO23_1_06168__IPF_FO23_1_06168__N3C013"	"N2"	"IPF/FO23-1-06168"	"IPF"	"IPF/FO23-1-06168"	2	2	14	0	0	0	0	"N5"
"IPF_FO23_1_06168__IPF_FO23_1_06168__N3C013"	"N3"	"IPF/FO23-1-06168"	"IPF"	"IPF/FO23-1-06168"	2	2	14	0	0	0	0	"N5"
"IPF_FO23_1_06168__IPF_FO23_1_06168__N3C013"	"N4"	"IPF/FO23-1-06168"	"IPF"	"IPF/FO23-1-06168"	2	2	14	0	0	0	0	"N5"
"IPF_FO23_1_06168__IPF_FO23_1_06168__N3C013"	"N5"	"IPF/FO23-1-06168"	"IPF"	"IPF/FO23-1-06168"	2	2	14	8	2	0.571428571428571	1	"N5"
"IPF_FO23_1_06168__IPF_FO23_1_06168__N3C013"	"N6"	"IPF/FO23-1-06168"	"IPF"	"IPF/FO23-1-06168"	2	2	14	0	0	0	0	"N5"
"IPF_FO23_1_06168__IPF_FO23_1_06168__N3C013"	"N7"	"IPF/FO23-1-06168"	"IPF"	"IPF/FO23-1-06168"	2	2	14	2	2	0.142857142857143	1	"N5"
"IPF_FO23_1_06168__IPF_FO23_1_06168__N3C013"	"N8"	"IPF/FO23-1-06168"	"IPF"	"IPF/FO23-1-06168"	2	2	14	1	1	0.0714285714285714	0.5	"N5"
"IPF_FO23_1_06168__IPF_FO23_1_06168__N3C014"	"N1"	"IPF/FO23-1-06168"	"IPF"	"IPF/FO23-1-06168"	2	2	14	5	2	0.357142857142857	1	"N1"
"IPF_FO23_1_06168__IPF_FO23_1_06168__N3C014"	"N2"	"IPF/FO23-1-06168"	"IPF"	"IPF/FO23-1-06168"	2	2	14	0	0	0	0	"N1"
"IPF_FO23_1_06168__IPF_FO23_1_06168__N3C014"	"N3"	"IPF/FO23-1-06168"	"IPF"	"IPF/FO23-1-06168"	2	2	14	0	0	0	0	"N1"
"IPF_FO23_1_06168__IPF_FO23_1_06168__N3C014"	"N4"	"IPF/FO23-1-06168"	"IPF"	"IPF/FO23-1-06168"	2	2	14	0	0	0	0	"N1"
"IPF_FO23_1_06168__IPF_FO23_1_06168__N3C014"	"N5"	"IPF/FO23-1-06168"	"IPF"	"IPF/FO23-1-06168"	2	2	14	1	1	0.0714285714285714	0.5	"N1"
"IPF_FO23_1_06168__IPF_FO23_1_06168__N3C014"	"N6"	"IPF/FO23-1-06168"	"IPF"	"IPF/FO23-1-06168"	2	2	14	1	1	0.0714285714285714	0.5	"N1"
"IPF_FO23_1_06168__IPF_FO23_1_06168__N3C014"	"N7"	"IPF/FO23-1-06168"	"IPF"	"IPF/FO23-1-06168"	2	2	14	3	2	0.214285714285714	1	"N1"
"IPF_FO23_1_06168__IPF_FO23_1_06168__N3C014"	"N8"	"IPF/FO23-1-06168"	"IPF"	"IPF/FO23-1-06168"	2	2	14	4	2	0.285714285714286	1	"N1"
"IPF_FO23_1_06168__IPF_FO23_1_06168__N3C015"	"N1"	"IPF/FO23-1-06168"	"IPF"	"IPF/FO23-1-06168"	1	1	8	2	1	0.25	1	"N5; N8"
"IPF_FO23_1_06168__IPF_FO23_1_06168__N3C015"	"N2"	"IPF/FO23-1-06168"	"IPF"	"IPF/FO23-1-06168"	1	1	8	0	0	0	0	"N5; N8"
"IPF_FO23_1_06168__IPF_FO23_1_06168__N3C015"	"N3"	"IPF/FO23-1-06168"	"IPF"	"IPF/FO23-1-06168"	1	1	8	0	0	0	0	"N5; N8"
"IPF_FO23_1_06168__IPF_FO23_1_06168__N3C015"	"N4"	"IPF/FO23-1-06168"	"IPF"	"IPF/FO23-1-06168"	1	1	8	0	0	0	0	"N5; N8"
"IPF_FO23_1_06168__IPF_FO23_1_06168__N3C015"	"N5"	"IPF/FO23-1-06168"	"IPF"	"IPF/FO23-1-06168"	1	1	8	3	1	0.375	1	"N5; N8"
"IPF_FO23_1_06168__IPF_FO23_1_06168__N3C015"	"N6"	"IPF/FO23-1-06168"	"IPF"	"IPF/FO23-1-06168"	1	1	8	0	0	0	0	"N5; N8"
"IPF_FO23_1_06168__IPF_FO23_1_06168__N3C015"	"N7"	"IPF/FO23-1-06168"	"IPF"	"IPF/FO23-1-06168"	1	1	8	0	0	0	0	"N5; N8"
"IPF_FO23_1_06168__IPF_FO23_1_06168__N3C015"	"N8"	"IPF/FO23-1-06168"	"IPF"	"IPF/FO23-1-06168"	1	1	8	3	1	0.375	1	"N5; N8"
"IPF_FO23_1_06168__IPF_FO23_1_06168__N3C016"	"N1"	"IPF/FO23-1-06168"	"IPF"	"IPF/FO23-1-06168"	1	1	5	0	0	0	0	"N8"
"IPF_FO23_1_06168__IPF_FO23_1_06168__N3C016"	"N2"	"IPF/FO23-1-06168"	"IPF"	"IPF/FO23-1-06168"	1	1	5	0	0	0	0	"N8"
"IPF_FO23_1_06168__IPF_FO23_1_06168__N3C016"	"N3"	"IPF/FO23-1-06168"	"IPF"	"IPF/FO23-1-06168"	1	1	5	0	0	0	0	"N8"
"IPF_FO23_1_06168__IPF_FO23_1_06168__N3C016"	"N4"	"IPF/FO23-1-06168"	"IPF"	"IPF/FO23-1-06168"	1	1	5	0	0	0	0	"N8"
"IPF_FO23_1_06168__IPF_FO23_1_06168__N3C016"	"N5"	"IPF/FO23-1-06168"	"IPF"	"IPF/FO23-1-06168"	1	1	5	1	1	0.2	1	"N8"
"IPF_FO23_1_06168__IPF_FO23_1_06168__N3C016"	"N6"	"IPF/FO23-1-06168"	"IPF"	"IPF/FO23-1-06168"	1	1	5	0	0	0	0	"N8"
"IPF_FO23_1_06168__IPF_FO23_1_06168__N3C016"	"N7"	"IPF/FO23-1-06168"	"IPF"	"IPF/FO23-1-06168"	1	1	5	0	0	0	0	"N8"
"IPF_FO23_1_06168__IPF_FO23_1_06168__N3C016"	"N8"	"IPF/FO23-1-06168"	"IPF"	"IPF/FO23-1-06168"	1	1	5	4	1	0.8	1	"N8"
"IPF_FO23_1_06168__IPF_FO23_1_06168__N3C017"	"N1"	"IPF/FO23-1-06168"	"IPF"	"IPF/FO23-1-06168"	7	7	40	4	3	0.1	0.428571428571429	"N8"
"IPF_FO23_1_06168__IPF_FO23_1_06168__N3C017"	"N2"	"IPF/FO23-1-06168"	"IPF"	"IPF/FO23-1-06168"	7	7	40	1	1	0.025	0.142857142857143	"N8"
"IPF_FO23_1_06168__IPF_FO23_1_06168__N3C017"	"N3"	"IPF/FO23-1-06168"	"IPF"	"IPF/FO23-1-06168"	7	7	40	0	0	0	0	"N8"
"IPF_FO23_1_06168__IPF_FO23_1_06168__N3C017"	"N4"	"IPF/FO23-1-06168"	"IPF"	"IPF/FO23-1-06168"	7	7	40	2	2	0.05	0.285714285714286	"N8"
"IPF_FO23_1_06168__IPF_FO23_1_06168__N3C017"	"N5"	"IPF/FO23-1-06168"	"IPF"	"IPF/FO23-1-06168"	7	7	40	13	7	0.325	1	"N8"
"IPF_FO23_1_06168__IPF_FO23_1_06168__N3C017"	"N6"	"IPF/FO23-1-06168"	"IPF"	"IPF/FO23-1-06168"	7	7	40	2	2	0.05	0.285714285714286	"N8"
"IPF_FO23_1_06168__IPF_FO23_1_06168__N3C017"	"N7"	"IPF/FO23-1-06168"	"IPF"	"IPF/FO23-1-06168"	7	7	40	0	0	0	0	"N8"
"IPF_FO23_1_06168__IPF_FO23_1_06168__N3C017"	"N8"	"IPF/FO23-1-06168"	"IPF"	"IPF/FO23-1-06168"	7	7	40	18	7	0.45	1	"N8"
"IPF_FO23_1_06168__IPF_FO23_1_06168__N3C018"	"N1"	"IPF/FO23-1-06168"	"IPF"	"IPF/FO23-1-06168"	8	8	34	5	4	0.147058823529412	0.5	"N8"
"IPF_FO23_1_06168__IPF_FO23_1_06168__N3C018"	"N2"	"IPF/FO23-1-06168"	"IPF"	"IPF/FO23-1-06168"	8	8	34	0	0	0	0	"N8"
"IPF_FO23_1_06168__IPF_FO23_1_06168__N3C018"	"N3"	"IPF/FO23-1-06168"	"IPF"	"IPF/FO23-1-06168"	8	8	34	0	0	0	0	"N8"
"IPF_FO23_1_06168__IPF_FO23_1_06168__N3C018"	"N4"	"IPF/FO23-1-06168"	"IPF"	"IPF/FO23-1-06168"	8	8	34	1	1	0.0294117647058824	0.125	"N8"
"IPF_FO23_1_06168__IPF_FO23_1_06168__N3C018"	"N5"	"IPF/FO23-1-06168"	"IPF"	"IPF/FO23-1-06168"	8	8	34	5	4	0.147058823529412	0.5	"N8"
"IPF_FO23_1_06168__IPF_FO23_1_06168__N3C018"	"N6"	"IPF/FO23-1-06168"	"IPF"	"IPF/FO23-1-06168"	8	8	34	0	0	0	0	"N8"
"IPF_FO23_1_06168__IPF_FO23_1_06168__N3C018"	"N7"	"IPF/FO23-1-06168"	"IPF"	"IPF/FO23-1-06168"	8	8	34	0	0	0	0	"N8"
"IPF_FO23_1_06168__IPF_FO23_1_06168__N3C018"	"N8"	"IPF/FO23-1-06168"	"IPF"	"IPF/FO23-1-06168"	8	8	34	23	8	0.676470588235294	1	"N8"
"IPF_FO23_1_06168__IPF_FO23_1_06168__N3C019"	"N1"	"IPF/FO23-1-06168"	"IPF"	"IPF/FO23-1-06168"	1	1	8	4	1	0.5	1	"N1"
"IPF_FO23_1_06168__IPF_FO23_1_06168__N3C019"	"N2"	"IPF/FO23-1-06168"	"IPF"	"IPF/FO23-1-06168"	1	1	8	1	1	0.125	1	"N1"
"IPF_FO23_1_06168__IPF_FO23_1_06168__N3C019"	"N3"	"IPF/FO23-1-06168"	"IPF"	"IPF/FO23-1-06168"	1	1	8	0	0	0	0	"N1"
"IPF_FO23_1_06168__IPF_FO23_1_06168__N3C019"	"N4"	"IPF/FO23-1-06168"	"IPF"	"IPF/FO23-1-06168"	1	1	8	0	0	0	0	"N1"
"IPF_FO23_1_06168__IPF_FO23_1_06168__N3C019"	"N5"	"IPF/FO23-1-06168"	"IPF"	"IPF/FO23-1-06168"	1	1	8	0	0	0	0	"N1"
"IPF_FO23_1_06168__IPF_FO23_1_06168__N3C019"	"N6"	"IPF/FO23-1-06168"	"IPF"	"IPF/FO23-1-06168"	1	1	8	0	0	0	0	"N1"
"IPF_FO23_1_06168__IPF_FO23_1_06168__N3C019"	"N7"	"IPF/FO23-1-06168"	"IPF"	"IPF/FO23-1-06168"	1	1	8	0	0	0	0	"N1"
"IPF_FO23_1_06168__IPF_FO23_1_06168__N3C019"	"N8"	"IPF/FO23-1-06168"	"IPF"	"IPF/FO23-1-06168"	1	1	8	3	1	0.375	1	"N1"
"IPF_FO23_1_06168__IPF_FO23_1_06168__N3C020"	"N1"	"IPF/FO23-1-06168"	"IPF"	"IPF/FO23-1-06168"	1	1	8	6	1	0.75	1	"N1"
"IPF_FO23_1_06168__IPF_FO23_1_06168__N3C020"	"N2"	"IPF/FO23-1-06168"	"IPF"	"IPF/FO23-1-06168"	1	1	8	0	0	0	0	"N1"
"IPF_FO23_1_06168__IPF_FO23_1_06168__N3C020"	"N3"	"IPF/FO23-1-06168"	"IPF"	"IPF/FO23-1-06168"	1	1	8	0	0	0	0	"N1"
"IPF_FO23_1_06168__IPF_FO23_1_06168__N3C020"	"N4"	"IPF/FO23-1-06168"	"IPF"	"IPF/FO23-1-06168"	1	1	8	0	0	0	0	"N1"
"IPF_FO23_1_06168__IPF_FO23_1_06168__N3C020"	"N5"	"IPF/FO23-1-06168"	"IPF"	"IPF/FO23-1-06168"	1	1	8	0	0	0	0	"N1"
"IPF_FO23_1_06168__IPF_FO23_1_06168__N3C020"	"N6"	"IPF/FO23-1-06168"	"IPF"	"IPF/FO23-1-06168"	1	1	8	0	0	0	0	"N1"
"IPF_FO23_1_06168__IPF_FO23_1_06168__N3C020"	"N7"	"IPF/FO23-1-06168"	"IPF"	"IPF/FO23-1-06168"	1	1	8	0	0	0	0	"N1"
"IPF_FO23_1_06168__IPF_FO23_1_06168__N3C020"	"N8"	"IPF/FO23-1-06168"	"IPF"	"IPF/FO23-1-06168"	1	1	8	2	1	0.25	1	"N1"
"IPF_FO23_1_06168__IPF_FO23_1_06168__N3C021"	"N1"	"IPF/FO23-1-06168"	"IPF"	"IPF/FO23-1-06168"	7	7	40	4	2	0.1	0.285714285714286	"N5"
"IPF_FO23_1_06168__IPF_FO23_1_06168__N3C021"	"N2"	"IPF/FO23-1-06168"	"IPF"	"IPF/FO23-1-06168"	7	7	40	0	0	0	0	"N5"
"IPF_FO23_1_06168__IPF_FO23_1_06168__N3C021"	"N3"	"IPF/FO23-1-06168"	"IPF"	"IPF/FO23-1-06168"	7	7	40	0	0	0	0	"N5"
"IPF_FO23_1_06168__IPF_FO23_1_06168__N3C021"	"N4"	"IPF/FO23-1-06168"	"IPF"	"IPF/FO23-1-06168"	7	7	40	0	0	0	0	"N5"
"IPF_FO23_1_06168__IPF_FO23_1_06168__N3C021"	"N5"	"IPF/FO23-1-06168"	"IPF"	"IPF/FO23-1-06168"	7	7	40	18	7	0.45	1	"N5"
"IPF_FO23_1_06168__IPF_FO23_1_06168__N3C021"	"N6"	"IPF/FO23-1-06168"	"IPF"	"IPF/FO23-1-06168"	7	7	40	2	2	0.05	0.285714285714286	"N5"
"IPF_FO23_1_06168__IPF_FO23_1_06168__N3C021"	"N7"	"IPF/FO23-1-06168"	"IPF"	"IPF/FO23-1-06168"	7	7	40	0	0	0	0	"N5"
"IPF_FO23_1_06168__IPF_FO23_1_06168__N3C021"	"N8"	"IPF/FO23-1-06168"	"IPF"	"IPF/FO23-1-06168"	7	7	40	16	6	0.4	0.857142857142857	"N5"
"IPF_FO23_1_06168__IPF_FO23_1_06168__N3C022"	"N1"	"IPF/FO23-1-06168"	"IPF"	"IPF/FO23-1-06168"	2	2	13	4	2	0.307692307692308	1	"N1; N5; N7"
"IPF_FO23_1_06168__IPF_FO23_1_06168__N3C022"	"N2"	"IPF/FO23-1-06168"	"IPF"	"IPF/FO23-1-06168"	2	2	13	0	0	0	0	"N1; N5; N7"
"IPF_FO23_1_06168__IPF_FO23_1_06168__N3C022"	"N3"	"IPF/FO23-1-06168"	"IPF"	"IPF/FO23-1-06168"	2	2	13	0	0	0	0	"N1; N5; N7"
"IPF_FO23_1_06168__IPF_FO23_1_06168__N3C022"	"N4"	"IPF/FO23-1-06168"	"IPF"	"IPF/FO23-1-06168"	2	2	13	0	0	0	0	"N1; N5; N7"
"IPF_FO23_1_06168__IPF_FO23_1_06168__N3C022"	"N5"	"IPF/FO23-1-06168"	"IPF"	"IPF/FO23-1-06168"	2	2	13	4	2	0.307692307692308	1	"N1; N5; N7"
"IPF_FO23_1_06168__IPF_FO23_1_06168__N3C022"	"N6"	"IPF/FO23-1-06168"	"IPF"	"IPF/FO23-1-06168"	2	2	13	1	1	0.0769230769230769	0.5	"N1; N5; N7"
"IPF_FO23_1_06168__IPF_FO23_1_06168__N3C022"	"N7"	"IPF/FO23-1-06168"	"IPF"	"IPF/FO23-1-06168"	2	2	13	4	2	0.307692307692308	1	"N1; N5; N7"
"IPF_FO23_1_06168__IPF_FO23_1_06168__N3C022"	"N8"	"IPF/FO23-1-06168"	"IPF"	"IPF/FO23-1-06168"	2	2	13	0	0	0	0	"N1; N5; N7"
"IPF_FO23_1_06168__IPF_FO23_1_06168__N3C023"	"N1"	"IPF/FO23-1-06168"	"IPF"	"IPF/FO23-1-06168"	1	1	8	1	1	0.125	1	"N5"
"IPF_FO23_1_06168__IPF_FO23_1_06168__N3C023"	"N2"	"IPF/FO23-1-06168"	"IPF"	"IPF/FO23-1-06168"	1	1	8	0	0	0	0	"N5"
"IPF_FO23_1_06168__IPF_FO23_1_06168__N3C023"	"N3"	"IPF/FO23-1-06168"	"IPF"	"IPF/FO23-1-06168"	1	1	8	0	0	0	0	"N5"
"IPF_FO23_1_06168__IPF_FO23_1_06168__N3C023"	"N4"	"IPF/FO23-1-06168"	"IPF"	"IPF/FO23-1-06168"	1	1	8	0	0	0	0	"N5"
"IPF_FO23_1_06168__IPF_FO23_1_06168__N3C023"	"N5"	"IPF/FO23-1-06168"	"IPF"	"IPF/FO23-1-06168"	1	1	8	4	1	0.5	1	"N5"
"IPF_FO23_1_06168__IPF_FO23_1_06168__N3C023"	"N6"	"IPF/FO23-1-06168"	"IPF"	"IPF/FO23-1-06168"	1	1	8	0	0	0	0	"N5"
"IPF_FO23_1_06168__IPF_FO23_1_06168__N3C023"	"N7"	"IPF/FO23-1-06168"	"IPF"	"IPF/FO23-1-06168"	1	1	8	0	0	0	0	"N5"
"IPF_FO23_1_06168__IPF_FO23_1_06168__N3C023"	"N8"	"IPF/FO23-1-06168"	"IPF"	"IPF/FO23-1-06168"	1	1	8	3	1	0.375	1	"N5"
"IPF_FO23_1_06168__IPF_FO23_1_06168__N3C024"	"N1"	"IPF/FO23-1-06168"	"IPF"	"IPF/FO23-1-06168"	1	1	8	3	1	0.375	1	"N1; N5"
"IPF_FO23_1_06168__IPF_FO23_1_06168__N3C024"	"N2"	"IPF/FO23-1-06168"	"IPF"	"IPF/FO23-1-06168"	1	1	8	0	0	0	0	"N1; N5"
"IPF_FO23_1_06168__IPF_FO23_1_06168__N3C024"	"N3"	"IPF/FO23-1-06168"	"IPF"	"IPF/FO23-1-06168"	1	1	8	0	0	0	0	"N1; N5"
"IPF_FO23_1_06168__IPF_FO23_1_06168__N3C024"	"N4"	"IPF/FO23-1-06168"	"IPF"	"IPF/FO23-1-06168"	1	1	8	0	0	0	0	"N1; N5"
"IPF_FO23_1_06168__IPF_FO23_1_06168__N3C024"	"N5"	"IPF/FO23-1-06168"	"IPF"	"IPF/FO23-1-06168"	1	1	8	3	1	0.375	1	"N1; N5"
"IPF_FO23_1_06168__IPF_FO23_1_06168__N3C024"	"N6"	"IPF/FO23-1-06168"	"IPF"	"IPF/FO23-1-06168"	1	1	8	0	0	0	0	"N1; N5"
"IPF_FO23_1_06168__IPF_FO23_1_06168__N3C024"	"N7"	"IPF/FO23-1-06168"	"IPF"	"IPF/FO23-1-06168"	1	1	8	1	1	0.125	1	"N1; N5"
"IPF_FO23_1_06168__IPF_FO23_1_06168__N3C024"	"N8"	"IPF/FO23-1-06168"	"IPF"	"IPF/FO23-1-06168"	1	1	8	1	1	0.125	1	"N1; N5"
"IPF_FO23_1_06168__IPF_FO23_1_06168__N3C025"	"N1"	"IPF/FO23-1-06168"	"IPF"	"IPF/FO23-1-06168"	1	1	8	2	1	0.25	1	"N5"
"IPF_FO23_1_06168__IPF_FO23_1_06168__N3C025"	"N2"	"IPF/FO23-1-06168"	"IPF"	"IPF/FO23-1-06168"	1	1	8	0	0	0	0	"N5"
"IPF_FO23_1_06168__IPF_FO23_1_06168__N3C025"	"N3"	"IPF/FO23-1-06168"	"IPF"	"IPF/FO23-1-06168"	1	1	8	0	0	0	0	"N5"
"IPF_FO23_1_06168__IPF_FO23_1_06168__N3C025"	"N4"	"IPF/FO23-1-06168"	"IPF"	"IPF/FO23-1-06168"	1	1	8	0	0	0	0	"N5"
"IPF_FO23_1_06168__IPF_FO23_1_06168__N3C025"	"N5"	"IPF/FO23-1-06168"	"IPF"	"IPF/FO23-1-06168"	1	1	8	3	1	0.375	1	"N5"
"IPF_FO23_1_06168__IPF_FO23_1_06168__N3C025"	"N6"	"IPF/FO23-1-06168"	"IPF"	"IPF/FO23-1-06168"	1	1	8	1	1	0.125	1	"N5"
"IPF_FO23_1_06168__IPF_FO23_1_06168__N3C025"	"N7"	"IPF/FO23-1-06168"	"IPF"	"IPF/FO23-1-06168"	1	1	8	0	0	0	0	"N5"
"IPF_FO23_1_06168__IPF_FO23_1_06168__N3C025"	"N8"	"IPF/FO23-1-06168"	"IPF"	"IPF/FO23-1-06168"	1	1	8	2	1	0.25	1	"N5"
"IPF_FO23_1_06168__IPF_FO23_1_06168__N3C026"	"N1"	"IPF/FO23-1-06168"	"IPF"	"IPF/FO23-1-06168"	4	4	20	9	4	0.45	1	"N1"
"IPF_FO23_1_06168__IPF_FO23_1_06168__N3C026"	"N2"	"IPF/FO23-1-06168"	"IPF"	"IPF/FO23-1-06168"	4	4	20	0	0	0	0	"N1"
"IPF_FO23_1_06168__IPF_FO23_1_06168__N3C026"	"N3"	"IPF/FO23-1-06168"	"IPF"	"IPF/FO23-1-06168"	4	4	20	0	0	0	0	"N1"
"IPF_FO23_1_06168__IPF_FO23_1_06168__N3C026"	"N4"	"IPF/FO23-1-06168"	"IPF"	"IPF/FO23-1-06168"	4	4	20	1	1	0.05	0.25	"N1"
"IPF_FO23_1_06168__IPF_FO23_1_06168__N3C026"	"N5"	"IPF/FO23-1-06168"	"IPF"	"IPF/FO23-1-06168"	4	4	20	7	3	0.35	0.75	"N1"
"IPF_FO23_1_06168__IPF_FO23_1_06168__N3C026"	"N6"	"IPF/FO23-1-06168"	"IPF"	"IPF/FO23-1-06168"	4	4	20	0	0	0	0	"N1"
"IPF_FO23_1_06168__IPF_FO23_1_06168__N3C026"	"N7"	"IPF/FO23-1-06168"	"IPF"	"IPF/FO23-1-06168"	4	4	20	0	0	0	0	"N1"
"IPF_FO23_1_06168__IPF_FO23_1_06168__N3C026"	"N8"	"IPF/FO23-1-06168"	"IPF"	"IPF/FO23-1-06168"	4	4	20	3	2	0.15	0.5	"N1"
"IPF_FO23_1_06168__IPF_FO23_1_06168__N3C027"	"N1"	"IPF/FO23-1-06168"	"IPF"	"IPF/FO23-1-06168"	8	8	32	7	4	0.21875	0.5	"N5"
"IPF_FO23_1_06168__IPF_FO23_1_06168__N3C027"	"N2"	"IPF/FO23-1-06168"	"IPF"	"IPF/FO23-1-06168"	8	8	32	0	0	0	0	"N5"
"IPF_FO23_1_06168__IPF_FO23_1_06168__N3C027"	"N3"	"IPF/FO23-1-06168"	"IPF"	"IPF/FO23-1-06168"	8	8	32	0	0	0	0	"N5"
"IPF_FO23_1_06168__IPF_FO23_1_06168__N3C027"	"N4"	"IPF/FO23-1-06168"	"IPF"	"IPF/FO23-1-06168"	8	8	32	0	0	0	0	"N5"
"IPF_FO23_1_06168__IPF_FO23_1_06168__N3C027"	"N5"	"IPF/FO23-1-06168"	"IPF"	"IPF/FO23-1-06168"	8	8	32	18	7	0.5625	0.875	"N5"
"IPF_FO23_1_06168__IPF_FO23_1_06168__N3C027"	"N6"	"IPF/FO23-1-06168"	"IPF"	"IPF/FO23-1-06168"	8	8	32	0	0	0	0	"N5"
"IPF_FO23_1_06168__IPF_FO23_1_06168__N3C027"	"N7"	"IPF/FO23-1-06168"	"IPF"	"IPF/FO23-1-06168"	8	8	32	1	1	0.03125	0.125	"N5"
"IPF_FO23_1_06168__IPF_FO23_1_06168__N3C027"	"N8"	"IPF/FO23-1-06168"	"IPF"	"IPF/FO23-1-06168"	8	8	32	6	3	0.1875	0.375	"N5"
"IPF_FO23_1_06168__IPF_FO23_1_06168__N3C028"	"N1"	"IPF/FO23-1-06168"	"IPF"	"IPF/FO23-1-06168"	1	1	7	0	0	0	0	"N8"
"IPF_FO23_1_06168__IPF_FO23_1_06168__N3C028"	"N2"	"IPF/FO23-1-06168"	"IPF"	"IPF/FO23-1-06168"	1	1	7	0	0	0	0	"N8"
"IPF_FO23_1_06168__IPF_FO23_1_06168__N3C028"	"N3"	"IPF/FO23-1-06168"	"IPF"	"IPF/FO23-1-06168"	1	1	7	0	0	0	0	"N8"
"IPF_FO23_1_06168__IPF_FO23_1_06168__N3C028"	"N4"	"IPF/FO23-1-06168"	"IPF"	"IPF/FO23-1-06168"	1	1	7	1	1	0.142857142857143	1	"N8"
"IPF_FO23_1_06168__IPF_FO23_1_06168__N3C028"	"N5"	"IPF/FO23-1-06168"	"IPF"	"IPF/FO23-1-06168"	1	1	7	0	0	0	0	"N8"
"IPF_FO23_1_06168__IPF_FO23_1_06168__N3C028"	"N6"	"IPF/FO23-1-06168"	"IPF"	"IPF/FO23-1-06168"	1	1	7	2	1	0.285714285714286	1	"N8"
"IPF_FO23_1_06168__IPF_FO23_1_06168__N3C028"	"N7"	"IPF/FO23-1-06168"	"IPF"	"IPF/FO23-1-06168"	1	1	7	0	0	0	0	"N8"
"IPF_FO23_1_06168__IPF_FO23_1_06168__N3C028"	"N8"	"IPF/FO23-1-06168"	"IPF"	"IPF/FO23-1-06168"	1	1	7	4	1	0.571428571428571	1	"N8"
"IPF_FO23_1_06168__IPF_FO23_1_06168__N3C029"	"N1"	"IPF/FO23-1-06168"	"IPF"	"IPF/FO23-1-06168"	7	7	36	10	4	0.277777777777778	0.571428571428571	"N8"
"IPF_FO23_1_06168__IPF_FO23_1_06168__N3C029"	"N2"	"IPF/FO23-1-06168"	"IPF"	"IPF/FO23-1-06168"	7	7	36	0	0	0	0	"N8"
"IPF_FO23_1_06168__IPF_FO23_1_06168__N3C029"	"N3"	"IPF/FO23-1-06168"	"IPF"	"IPF/FO23-1-06168"	7	7	36	0	0	0	0	"N8"
"IPF_FO23_1_06168__IPF_FO23_1_06168__N3C029"	"N4"	"IPF/FO23-1-06168"	"IPF"	"IPF/FO23-1-06168"	7	7	36	0	0	0	0	"N8"
"IPF_FO23_1_06168__IPF_FO23_1_06168__N3C029"	"N5"	"IPF/FO23-1-06168"	"IPF"	"IPF/FO23-1-06168"	7	7	36	8	4	0.222222222222222	0.571428571428571	"N8"
"IPF_FO23_1_06168__IPF_FO23_1_06168__N3C029"	"N6"	"IPF/FO23-1-06168"	"IPF"	"IPF/FO23-1-06168"	7	7	36	0	0	0	0	"N8"
"IPF_FO23_1_06168__IPF_FO23_1_06168__N3C029"	"N7"	"IPF/FO23-1-06168"	"IPF"	"IPF/FO23-1-06168"	7	7	36	0	0	0	0	"N8"
"IPF_FO23_1_06168__IPF_FO23_1_06168__N3C029"	"N8"	"IPF/FO23-1-06168"	"IPF"	"IPF/FO23-1-06168"	7	7	36	18	7	0.5	1	"N8"
"IPF_FO23_1_06168__IPF_FO23_1_06168__N3C030"	"N1"	"IPF/FO23-1-06168"	"IPF"	"IPF/FO23-1-06168"	2	2	14	4	2	0.285714285714286	1	"N5"
"IPF_FO23_1_06168__IPF_FO23_1_06168__N3C030"	"N2"	"IPF/FO23-1-06168"	"IPF"	"IPF/FO23-1-06168"	2	2	14	0	0	0	0	"N5"
"IPF_FO23_1_06168__IPF_FO23_1_06168__N3C030"	"N3"	"IPF/FO23-1-06168"	"IPF"	"IPF/FO23-1-06168"	2	2	14	0	0	0	0	"N5"
"IPF_FO23_1_06168__IPF_FO23_1_06168__N3C030"	"N4"	"IPF/FO23-1-06168"	"IPF"	"IPF/FO23-1-06168"	2	2	14	0	0	0	0	"N5"
"IPF_FO23_1_06168__IPF_FO23_1_06168__N3C030"	"N5"	"IPF/FO23-1-06168"	"IPF"	"IPF/FO23-1-06168"	2	2	14	6	2	0.428571428571429	1	"N5"
"IPF_FO23_1_06168__IPF_FO23_1_06168__N3C030"	"N6"	"IPF/FO23-1-06168"	"IPF"	"IPF/FO23-1-06168"	2	2	14	0	0	0	0	"N5"
"IPF_FO23_1_06168__IPF_FO23_1_06168__N3C030"	"N7"	"IPF/FO23-1-06168"	"IPF"	"IPF/FO23-1-06168"	2	2	14	0	0	0	0	"N5"
"IPF_FO23_1_06168__IPF_FO23_1_06168__N3C030"	"N8"	"IPF/FO23-1-06168"	"IPF"	"IPF/FO23-1-06168"	2	2	14	4	2	0.285714285714286	1	"N5"
"IPF_FO23_1_06168__IPF_FO23_1_06168__N3C031"	"N1"	"IPF/FO23-1-06168"	"IPF"	"IPF/FO23-1-06168"	2	2	13	10	2	0.769230769230769	1	"N1"
"IPF_FO23_1_06168__IPF_FO23_1_06168__N3C031"	"N2"	"IPF/FO23-1-06168"	"IPF"	"IPF/FO23-1-06168"	2	2	13	0	0	0	0	"N1"
"IPF_FO23_1_06168__IPF_FO23_1_06168__N3C031"	"N3"	"IPF/FO23-1-06168"	"IPF"	"IPF/FO23-1-06168"	2	2	13	0	0	0	0	"N1"
"IPF_FO23_1_06168__IPF_FO23_1_06168__N3C031"	"N4"	"IPF/FO23-1-06168"	"IPF"	"IPF/FO23-1-06168"	2	2	13	0	0	0	0	"N1"
"IPF_FO23_1_06168__IPF_FO23_1_06168__N3C031"	"N5"	"IPF/FO23-1-06168"	"IPF"	"IPF/FO23-1-06168"	2	2	13	0	0	0	0	"N1"
"IPF_FO23_1_06168__IPF_FO23_1_06168__N3C031"	"N6"	"IPF/FO23-1-06168"	"IPF"	"IPF/FO23-1-06168"	2	2	13	0	0	0	0	"N1"
"IPF_FO23_1_06168__IPF_FO23_1_06168__N3C031"	"N7"	"IPF/FO23-1-06168"	"IPF"	"IPF/FO23-1-06168"	2	2	13	0	0	0	0	"N1"
"IPF_FO23_1_06168__IPF_FO23_1_06168__N3C031"	"N8"	"IPF/FO23-1-06168"	"IPF"	"IPF/FO23-1-06168"	2	2	13	3	2	0.230769230769231	1	"N1"
"IPF_FO23_1_06168__IPF_FO23_1_06168__N3C032"	"N1"	"IPF/FO23-1-06168"	"IPF"	"IPF/FO23-1-06168"	1	1	8	1	1	0.125	1	"N5"
"IPF_FO23_1_06168__IPF_FO23_1_06168__N3C032"	"N2"	"IPF/FO23-1-06168"	"IPF"	"IPF/FO23-1-06168"	1	1	8	0	0	0	0	"N5"
"IPF_FO23_1_06168__IPF_FO23_1_06168__N3C032"	"N3"	"IPF/FO23-1-06168"	"IPF"	"IPF/FO23-1-06168"	1	1	8	0	0	0	0	"N5"
"IPF_FO23_1_06168__IPF_FO23_1_06168__N3C032"	"N4"	"IPF/FO23-1-06168"	"IPF"	"IPF/FO23-1-06168"	1	1	8	0	0	0	0	"N5"
"IPF_FO23_1_06168__IPF_FO23_1_06168__N3C032"	"N5"	"IPF/FO23-1-06168"	"IPF"	"IPF/FO23-1-06168"	1	1	8	6	1	0.75	1	"N5"
"IPF_FO23_1_06168__IPF_FO23_1_06168__N3C032"	"N6"	"IPF/FO23-1-06168"	"IPF"	"IPF/FO23-1-06168"	1	1	8	0	0	0	0	"N5"
"IPF_FO23_1_06168__IPF_FO23_1_06168__N3C032"	"N7"	"IPF/FO23-1-06168"	"IPF"	"IPF/FO23-1-06168"	1	1	8	0	0	0	0	"N5"
"IPF_FO23_1_06168__IPF_FO23_1_06168__N3C032"	"N8"	"IPF/FO23-1-06168"	"IPF"	"IPF/FO23-1-06168"	1	1	8	1	1	0.125	1	"N5"
"IPF_FO23_1_06168__IPF_FO23_1_06168__N3C033"	"N1"	"IPF/FO23-1-06168"	"IPF"	"IPF/FO23-1-06168"	3	3	15	4	2	0.266666666666667	0.666666666666667	"N8"
"IPF_FO23_1_06168__IPF_FO23_1_06168__N3C033"	"N2"	"IPF/FO23-1-06168"	"IPF"	"IPF/FO23-1-06168"	3	3	15	1	1	0.0666666666666667	0.333333333333333	"N8"
"IPF_FO23_1_06168__IPF_FO23_1_06168__N3C033"	"N3"	"IPF/FO23-1-06168"	"IPF"	"IPF/FO23-1-06168"	3	3	15	0	0	0	0	"N8"
"IPF_FO23_1_06168__IPF_FO23_1_06168__N3C033"	"N4"	"IPF/FO23-1-06168"	"IPF"	"IPF/FO23-1-06168"	3	3	15	0	0	0	0	"N8"
"IPF_FO23_1_06168__IPF_FO23_1_06168__N3C033"	"N5"	"IPF/FO23-1-06168"	"IPF"	"IPF/FO23-1-06168"	3	3	15	0	0	0	0	"N8"
"IPF_FO23_1_06168__IPF_FO23_1_06168__N3C033"	"N6"	"IPF/FO23-1-06168"	"IPF"	"IPF/FO23-1-06168"	3	3	15	0	0	0	0	"N8"
"IPF_FO23_1_06168__IPF_FO23_1_06168__N3C033"	"N7"	"IPF/FO23-1-06168"	"IPF"	"IPF/FO23-1-06168"	3	3	15	0	0	0	0	"N8"
"IPF_FO23_1_06168__IPF_FO23_1_06168__N3C033"	"N8"	"IPF/FO23-1-06168"	"IPF"	"IPF/FO23-1-06168"	3	3	15	10	3	0.666666666666667	1	"N8"
"IPF_FO23_1_06168__IPF_FO23_1_06168__N3C034"	"N1"	"IPF/FO23-1-06168"	"IPF"	"IPF/FO23-1-06168"	2	2	14	4	2	0.285714285714286	1	"N5"
"IPF_FO23_1_06168__IPF_FO23_1_06168__N3C034"	"N2"	"IPF/FO23-1-06168"	"IPF"	"IPF/FO23-1-06168"	2	2	14	0	0	0	0	"N5"
"IPF_FO23_1_06168__IPF_FO23_1_06168__N3C034"	"N3"	"IPF/FO23-1-06168"	"IPF"	"IPF/FO23-1-06168"	2	2	14	0	0	0	0	"N5"
"IPF_FO23_1_06168__IPF_FO23_1_06168__N3C034"	"N4"	"IPF/FO23-1-06168"	"IPF"	"IPF/FO23-1-06168"	2	2	14	0	0	0	0	"N5"
"IPF_FO23_1_06168__IPF_FO23_1_06168__N3C034"	"N5"	"IPF/FO23-1-06168"	"IPF"	"IPF/FO23-1-06168"	2	2	14	7	2	0.5	1	"N5"
"IPF_FO23_1_06168__IPF_FO23_1_06168__N3C034"	"N6"	"IPF/FO23-1-06168"	"IPF"	"IPF/FO23-1-06168"	2	2	14	0	0	0	0	"N5"
"IPF_FO23_1_06168__IPF_FO23_1_06168__N3C034"	"N7"	"IPF/FO23-1-06168"	"IPF"	"IPF/FO23-1-06168"	2	2	14	0	0	0	0	"N5"
"IPF_FO23_1_06168__IPF_FO23_1_06168__N3C034"	"N8"	"IPF/FO23-1-06168"	"IPF"	"IPF/FO23-1-06168"	2	2	14	3	2	0.214285714285714	1	"N5"
"IPF_FO23_1_06168__IPF_FO23_1_06168__N3C035"	"N1"	"IPF/FO23-1-06168"	"IPF"	"IPF/FO23-1-06168"	3	3	20	19	3	0.95	1	"N1"
"IPF_FO23_1_06168__IPF_FO23_1_06168__N3C035"	"N2"	"IPF/FO23-1-06168"	"IPF"	"IPF/FO23-1-06168"	3	3	20	0	0	0	0	"N1"
"IPF_FO23_1_06168__IPF_FO23_1_06168__N3C035"	"N3"	"IPF/FO23-1-06168"	"IPF"	"IPF/FO23-1-06168"	3	3	20	0	0	0	0	"N1"
"IPF_FO23_1_06168__IPF_FO23_1_06168__N3C035"	"N4"	"IPF/FO23-1-06168"	"IPF"	"IPF/FO23-1-06168"	3	3	20	0	0	0	0	"N1"
"IPF_FO23_1_06168__IPF_FO23_1_06168__N3C035"	"N5"	"IPF/FO23-1-06168"	"IPF"	"IPF/FO23-1-06168"	3	3	20	0	0	0	0	"N1"
"IPF_FO23_1_06168__IPF_FO23_1_06168__N3C035"	"N6"	"IPF/FO23-1-06168"	"IPF"	"IPF/FO23-1-06168"	3	3	20	0	0	0	0	"N1"
"IPF_FO23_1_06168__IPF_FO23_1_06168__N3C035"	"N7"	"IPF/FO23-1-06168"	"IPF"	"IPF/FO23-1-06168"	3	3	20	1	1	0.05	0.333333333333333	"N1"
"IPF_FO23_1_06168__IPF_FO23_1_06168__N3C035"	"N8"	"IPF/FO23-1-06168"	"IPF"	"IPF/FO23-1-06168"	3	3	20	0	0	0	0	"N1"
"IPF_FO23_1_06168__IPF_FO23_1_06168__N3C036"	"N1"	"IPF/FO23-1-06168"	"IPF"	"IPF/FO23-1-06168"	1	1	8	2	1	0.25	1	"N8"
"IPF_FO23_1_06168__IPF_FO23_1_06168__N3C036"	"N2"	"IPF/FO23-1-06168"	"IPF"	"IPF/FO23-1-06168"	1	1	8	0	0	0	0	"N8"
"IPF_FO23_1_06168__IPF_FO23_1_06168__N3C036"	"N3"	"IPF/FO23-1-06168"	"IPF"	"IPF/FO23-1-06168"	1	1	8	0	0	0	0	"N8"
"IPF_FO23_1_06168__IPF_FO23_1_06168__N3C036"	"N4"	"IPF/FO23-1-06168"	"IPF"	"IPF/FO23-1-06168"	1	1	8	0	0	0	0	"N8"
"IPF_FO23_1_06168__IPF_FO23_1_06168__N3C036"	"N5"	"IPF/FO23-1-06168"	"IPF"	"IPF/FO23-1-06168"	1	1	8	0	0	0	0	"N8"
"IPF_FO23_1_06168__IPF_FO23_1_06168__N3C036"	"N6"	"IPF/FO23-1-06168"	"IPF"	"IPF/FO23-1-06168"	1	1	8	0	0	0	0	"N8"
"IPF_FO23_1_06168__IPF_FO23_1_06168__N3C036"	"N7"	"IPF/FO23-1-06168"	"IPF"	"IPF/FO23-1-06168"	1	1	8	0	0	0	0	"N8"
"IPF_FO23_1_06168__IPF_FO23_1_06168__N3C036"	"N8"	"IPF/FO23-1-06168"	"IPF"	"IPF/FO23-1-06168"	1	1	8	6	1	0.75	1	"N8"
"IPF_FO23_1_06168__IPF_FO23_1_06168__N3C037"	"N1"	"IPF/FO23-1-06168"	"IPF"	"IPF/FO23-1-06168"	1	1	8	4	1	0.5	1	"N1; N8"
"IPF_FO23_1_06168__IPF_FO23_1_06168__N3C037"	"N2"	"IPF/FO23-1-06168"	"IPF"	"IPF/FO23-1-06168"	1	1	8	0	0	0	0	"N1; N8"
"IPF_FO23_1_06168__IPF_FO23_1_06168__N3C037"	"N3"	"IPF/FO23-1-06168"	"IPF"	"IPF/FO23-1-06168"	1	1	8	0	0	0	0	"N1; N8"
"IPF_FO23_1_06168__IPF_FO23_1_06168__N3C037"	"N4"	"IPF/FO23-1-06168"	"IPF"	"IPF/FO23-1-06168"	1	1	8	0	0	0	0	"N1; N8"
"IPF_FO23_1_06168__IPF_FO23_1_06168__N3C037"	"N5"	"IPF/FO23-1-06168"	"IPF"	"IPF/FO23-1-06168"	1	1	8	0	0	0	0	"N1; N8"
"IPF_FO23_1_06168__IPF_FO23_1_06168__N3C037"	"N6"	"IPF/FO23-1-06168"	"IPF"	"IPF/FO23-1-06168"	1	1	8	0	0	0	0	"N1; N8"
"IPF_FO23_1_06168__IPF_FO23_1_06168__N3C037"	"N7"	"IPF/FO23-1-06168"	"IPF"	"IPF/FO23-1-06168"	1	1	8	0	0	0	0	"N1; N8"
"IPF_FO23_1_06168__IPF_FO23_1_06168__N3C037"	"N8"	"IPF/FO23-1-06168"	"IPF"	"IPF/FO23-1-06168"	1	1	8	4	1	0.5	1	"N1; N8"
"IPF_FO23_1_06168__IPF_FO23_1_06168__N3C038"	"N1"	"IPF/FO23-1-06168"	"IPF"	"IPF/FO23-1-06168"	1	1	3	0	0	0	0	"N8"
"IPF_FO23_1_06168__IPF_FO23_1_06168__N3C038"	"N2"	"IPF/FO23-1-06168"	"IPF"	"IPF/FO23-1-06168"	1	1	3	0	0	0	0	"N8"
"IPF_FO23_1_06168__IPF_FO23_1_06168__N3C038"	"N3"	"IPF/FO23-1-06168"	"IPF"	"IPF/FO23-1-06168"	1	1	3	0	0	0	0	"N8"
"IPF_FO23_1_06168__IPF_FO23_1_06168__N3C038"	"N4"	"IPF/FO23-1-06168"	"IPF"	"IPF/FO23-1-06168"	1	1	3	1	1	0.333333333333333	1	"N8"
"IPF_FO23_1_06168__IPF_FO23_1_06168__N3C038"	"N5"	"IPF/FO23-1-06168"	"IPF"	"IPF/FO23-1-06168"	1	1	3	0	0	0	0	"N8"
"IPF_FO23_1_06168__IPF_FO23_1_06168__N3C038"	"N6"	"IPF/FO23-1-06168"	"IPF"	"IPF/FO23-1-06168"	1	1	3	0	0	0	0	"N8"
"IPF_FO23_1_06168__IPF_FO23_1_06168__N3C038"	"N7"	"IPF/FO23-1-06168"	"IPF"	"IPF/FO23-1-06168"	1	1	3	0	0	0	0	"N8"
"IPF_FO23_1_06168__IPF_FO23_1_06168__N3C038"	"N8"	"IPF/FO23-1-06168"	"IPF"	"IPF/FO23-1-06168"	1	1	3	2	1	0.666666666666667	1	"N8"
"IPF_FO23_1_06168__IPF_FO23_1_06168__N3C039"	"N1"	"IPF/FO23-1-06168"	"IPF"	"IPF/FO23-1-06168"	2	2	14	0	0	0	0	"N8"
"IPF_FO23_1_06168__IPF_FO23_1_06168__N3C039"	"N2"	"IPF/FO23-1-06168"	"IPF"	"IPF/FO23-1-06168"	2	2	14	0	0	0	0	"N8"
"IPF_FO23_1_06168__IPF_FO23_1_06168__N3C039"	"N3"	"IPF/FO23-1-06168"	"IPF"	"IPF/FO23-1-06168"	2	2	14	0	0	0	0	"N8"
"IPF_FO23_1_06168__IPF_FO23_1_06168__N3C039"	"N4"	"IPF/FO23-1-06168"	"IPF"	"IPF/FO23-1-06168"	2	2	14	0	0	0	0	"N8"
"IPF_FO23_1_06168__IPF_FO23_1_06168__N3C039"	"N5"	"IPF/FO23-1-06168"	"IPF"	"IPF/FO23-1-06168"	2	2	14	6	2	0.428571428571429	1	"N8"
"IPF_FO23_1_06168__IPF_FO23_1_06168__N3C039"	"N6"	"IPF/FO23-1-06168"	"IPF"	"IPF/FO23-1-06168"	2	2	14	0	0	0	0	"N8"
"IPF_FO23_1_06168__IPF_FO23_1_06168__N3C039"	"N7"	"IPF/FO23-1-06168"	"IPF"	"IPF/FO23-1-06168"	2	2	14	0	0	0	0	"N8"
"IPF_FO23_1_06168__IPF_FO23_1_06168__N3C039"	"N8"	"IPF/FO23-1-06168"	"IPF"	"IPF/FO23-1-06168"	2	2	14	8	2	0.571428571428571	1	"N8"
"IPF_FO23_1_06168__IPF_FO23_1_06168__N3C040"	"N1"	"IPF/FO23-1-06168"	"IPF"	"IPF/FO23-1-06168"	2	2	14	1	1	0.0714285714285714	0.5	"N5"
"IPF_FO23_1_06168__IPF_FO23_1_06168__N3C040"	"N2"	"IPF/FO23-1-06168"	"IPF"	"IPF/FO23-1-06168"	2	2	14	0	0	0	0	"N5"
"IPF_FO23_1_06168__IPF_FO23_1_06168__N3C040"	"N3"	"IPF/FO23-1-06168"	"IPF"	"IPF/FO23-1-06168"	2	2	14	0	0	0	0	"N5"
"IPF_FO23_1_06168__IPF_FO23_1_06168__N3C040"	"N4"	"IPF/FO23-1-06168"	"IPF"	"IPF/FO23-1-06168"	2	2	14	0	0	0	0	"N5"
"IPF_FO23_1_06168__IPF_FO23_1_06168__N3C040"	"N5"	"IPF/FO23-1-06168"	"IPF"	"IPF/FO23-1-06168"	2	2	14	11	2	0.785714285714286	1	"N5"
"IPF_FO23_1_06168__IPF_FO23_1_06168__N3C040"	"N6"	"IPF/FO23-1-06168"	"IPF"	"IPF/FO23-1-06168"	2	2	14	0	0	0	0	"N5"
"IPF_FO23_1_06168__IPF_FO23_1_06168__N3C040"	"N7"	"IPF/FO23-1-06168"	"IPF"	"IPF/FO23-1-06168"	2	2	14	2	1	0.142857142857143	0.5	"N5"
"IPF_FO23_1_06168__IPF_FO23_1_06168__N3C040"	"N8"	"IPF/FO23-1-06168"	"IPF"	"IPF/FO23-1-06168"	2	2	14	0	0	0	0	"N5"
"IPF_FO23_1_06168__IPF_FO23_1_06168__N3C041"	"N1"	"IPF/FO23-1-06168"	"IPF"	"IPF/FO23-1-06168"	1	1	8	4	1	0.5	1	"N1; N8"
"IPF_FO23_1_06168__IPF_FO23_1_06168__N3C041"	"N2"	"IPF/FO23-1-06168"	"IPF"	"IPF/FO23-1-06168"	1	1	8	0	0	0	0	"N1; N8"
"IPF_FO23_1_06168__IPF_FO23_1_06168__N3C041"	"N3"	"IPF/FO23-1-06168"	"IPF"	"IPF/FO23-1-06168"	1	1	8	0	0	0	0	"N1; N8"
"IPF_FO23_1_06168__IPF_FO23_1_06168__N3C041"	"N4"	"IPF/FO23-1-06168"	"IPF"	"IPF/FO23-1-06168"	1	1	8	0	0	0	0	"N1; N8"
"IPF_FO23_1_06168__IPF_FO23_1_06168__N3C041"	"N5"	"IPF/FO23-1-06168"	"IPF"	"IPF/FO23-1-06168"	1	1	8	0	0	0	0	"N1; N8"
"IPF_FO23_1_06168__IPF_FO23_1_06168__N3C041"	"N6"	"IPF/FO23-1-06168"	"IPF"	"IPF/FO23-1-06168"	1	1	8	0	0	0	0	"N1; N8"
"IPF_FO23_1_06168__IPF_FO23_1_06168__N3C041"	"N7"	"IPF/FO23-1-06168"	"IPF"	"IPF/FO23-1-06168"	1	1	8	0	0	0	0	"N1; N8"
"IPF_FO23_1_06168__IPF_FO23_1_06168__N3C041"	"N8"	"IPF/FO23-1-06168"	"IPF"	"IPF/FO23-1-06168"	1	1	8	4	1	0.5	1	"N1; N8"
"IPF_FO23_1_06168__IPF_FO23_1_06168__N3C042"	"N1"	"IPF/FO23-1-06168"	"IPF"	"IPF/FO23-1-06168"	5	5	30	11	5	0.366666666666667	1	"N8"
"IPF_FO23_1_06168__IPF_FO23_1_06168__N3C042"	"N2"	"IPF/FO23-1-06168"	"IPF"	"IPF/FO23-1-06168"	5	5	30	0	0	0	0	"N8"
"IPF_FO23_1_06168__IPF_FO23_1_06168__N3C042"	"N3"	"IPF/FO23-1-06168"	"IPF"	"IPF/FO23-1-06168"	5	5	30	0	0	0	0	"N8"
"IPF_FO23_1_06168__IPF_FO23_1_06168__N3C042"	"N4"	"IPF/FO23-1-06168"	"IPF"	"IPF/FO23-1-06168"	5	5	30	0	0	0	0	"N8"
"IPF_FO23_1_06168__IPF_FO23_1_06168__N3C042"	"N5"	"IPF/FO23-1-06168"	"IPF"	"IPF/FO23-1-06168"	5	5	30	6	4	0.2	0.8	"N8"
"IPF_FO23_1_06168__IPF_FO23_1_06168__N3C042"	"N6"	"IPF/FO23-1-06168"	"IPF"	"IPF/FO23-1-06168"	5	5	30	0	0	0	0	"N8"
"IPF_FO23_1_06168__IPF_FO23_1_06168__N3C042"	"N7"	"IPF/FO23-1-06168"	"IPF"	"IPF/FO23-1-06168"	5	5	30	0	0	0	0	"N8"
"IPF_FO23_1_06168__IPF_FO23_1_06168__N3C042"	"N8"	"IPF/FO23-1-06168"	"IPF"	"IPF/FO23-1-06168"	5	5	30	13	5	0.433333333333333	1	"N8"
"IPF_FO23_1_06168__IPF_FO23_1_06168__N3C043"	"N1"	"IPF/FO23-1-06168"	"IPF"	"IPF/FO23-1-06168"	2	2	11	6	2	0.545454545454545	1	"N1"
"IPF_FO23_1_06168__IPF_FO23_1_06168__N3C043"	"N2"	"IPF/FO23-1-06168"	"IPF"	"IPF/FO23-1-06168"	2	2	11	2	2	0.181818181818182	1	"N1"
"IPF_FO23_1_06168__IPF_FO23_1_06168__N3C043"	"N3"	"IPF/FO23-1-06168"	"IPF"	"IPF/FO23-1-06168"	2	2	11	0	0	0	0	"N1"
"IPF_FO23_1_06168__IPF_FO23_1_06168__N3C043"	"N4"	"IPF/FO23-1-06168"	"IPF"	"IPF/FO23-1-06168"	2	2	11	0	0	0	0	"N1"
"IPF_FO23_1_06168__IPF_FO23_1_06168__N3C043"	"N5"	"IPF/FO23-1-06168"	"IPF"	"IPF/FO23-1-06168"	2	2	11	1	1	0.0909090909090909	0.5	"N1"
"IPF_FO23_1_06168__IPF_FO23_1_06168__N3C043"	"N6"	"IPF/FO23-1-06168"	"IPF"	"IPF/FO23-1-06168"	2	2	11	0	0	0	0	"N1"
"IPF_FO23_1_06168__IPF_FO23_1_06168__N3C043"	"N7"	"IPF/FO23-1-06168"	"IPF"	"IPF/FO23-1-06168"	2	2	11	0	0	0	0	"N1"
"IPF_FO23_1_06168__IPF_FO23_1_06168__N3C043"	"N8"	"IPF/FO23-1-06168"	"IPF"	"IPF/FO23-1-06168"	2	2	11	2	1	0.181818181818182	0.5	"N1"
"IPF_FO23_1_06168__IPF_FO23_1_06168__N3C044"	"N1"	"IPF/FO23-1-06168"	"IPF"	"IPF/FO23-1-06168"	1	1	8	2	1	0.25	1	"N8"
"IPF_FO23_1_06168__IPF_FO23_1_06168__N3C044"	"N2"	"IPF/FO23-1-06168"	"IPF"	"IPF/FO23-1-06168"	1	1	8	0	0	0	0	"N8"
"IPF_FO23_1_06168__IPF_FO23_1_06168__N3C044"	"N3"	"IPF/FO23-1-06168"	"IPF"	"IPF/FO23-1-06168"	1	1	8	0	0	0	0	"N8"
"IPF_FO23_1_06168__IPF_FO23_1_06168__N3C044"	"N4"	"IPF/FO23-1-06168"	"IPF"	"IPF/FO23-1-06168"	1	1	8	0	0	0	0	"N8"
"IPF_FO23_1_06168__IPF_FO23_1_06168__N3C044"	"N5"	"IPF/FO23-1-06168"	"IPF"	"IPF/FO23-1-06168"	1	1	8	1	1	0.125	1	"N8"
"IPF_FO23_1_06168__IPF_FO23_1_06168__N3C044"	"N6"	"IPF/FO23-1-06168"	"IPF"	"IPF/FO23-1-06168"	1	1	8	0	0	0	0	"N8"
"IPF_FO23_1_06168__IPF_FO23_1_06168__N3C044"	"N7"	"IPF/FO23-1-06168"	"IPF"	"IPF/FO23-1-06168"	1	1	8	0	0	0	0	"N8"
"IPF_FO23_1_06168__IPF_FO23_1_06168__N3C044"	"N8"	"IPF/FO23-1-06168"	"IPF"	"IPF/FO23-1-06168"	1	1	8	5	1	0.625	1	"N8"
"IPF_FO23_1_06168__IPF_FO23_1_06168__N3C045"	"N1"	"IPF/FO23-1-06168"	"IPF"	"IPF/FO23-1-06168"	3	3	20	8	3	0.4	1	"N1; N8"
"IPF_FO23_1_06168__IPF_FO23_1_06168__N3C045"	"N2"	"IPF/FO23-1-06168"	"IPF"	"IPF/FO23-1-06168"	3	3	20	0	0	0	0	"N1; N8"
"IPF_FO23_1_06168__IPF_FO23_1_06168__N3C045"	"N3"	"IPF/FO23-1-06168"	"IPF"	"IPF/FO23-1-06168"	3	3	20	0	0	0	0	"N1; N8"
"IPF_FO23_1_06168__IPF_FO23_1_06168__N3C045"	"N4"	"IPF/FO23-1-06168"	"IPF"	"IPF/FO23-1-06168"	3	3	20	0	0	0	0	"N1; N8"
"IPF_FO23_1_06168__IPF_FO23_1_06168__N3C045"	"N5"	"IPF/FO23-1-06168"	"IPF"	"IPF/FO23-1-06168"	3	3	20	3	3	0.15	1	"N1; N8"
"IPF_FO23_1_06168__IPF_FO23_1_06168__N3C045"	"N6"	"IPF/FO23-1-06168"	"IPF"	"IPF/FO23-1-06168"	3	3	20	0	0	0	0	"N1; N8"
"IPF_FO23_1_06168__IPF_FO23_1_06168__N3C045"	"N7"	"IPF/FO23-1-06168"	"IPF"	"IPF/FO23-1-06168"	3	3	20	1	1	0.05	0.333333333333333	"N1; N8"
"IPF_FO23_1_06168__IPF_FO23_1_06168__N3C045"	"N8"	"IPF/FO23-1-06168"	"IPF"	"IPF/FO23-1-06168"	3	3	20	8	2	0.4	0.666666666666667	"N1; N8"
"IPF_FO23_1_06168__IPF_FO23_1_06168__N3C046"	"N1"	"IPF/FO23-1-06168"	"IPF"	"IPF/FO23-1-06168"	1	1	7	0	0	0	0	"N5"
"IPF_FO23_1_06168__IPF_FO23_1_06168__N3C046"	"N2"	"IPF/FO23-1-06168"	"IPF"	"IPF/FO23-1-06168"	1	1	7	0	0	0	0	"N5"
"IPF_FO23_1_06168__IPF_FO23_1_06168__N3C046"	"N3"	"IPF/FO23-1-06168"	"IPF"	"IPF/FO23-1-06168"	1	1	7	0	0	0	0	"N5"
"IPF_FO23_1_06168__IPF_FO23_1_06168__N3C046"	"N4"	"IPF/FO23-1-06168"	"IPF"	"IPF/FO23-1-06168"	1	1	7	2	1	0.285714285714286	1	"N5"
"IPF_FO23_1_06168__IPF_FO23_1_06168__N3C046"	"N5"	"IPF/FO23-1-06168"	"IPF"	"IPF/FO23-1-06168"	1	1	7	3	1	0.428571428571429	1	"N5"
"IPF_FO23_1_06168__IPF_FO23_1_06168__N3C046"	"N6"	"IPF/FO23-1-06168"	"IPF"	"IPF/FO23-1-06168"	1	1	7	0	0	0	0	"N5"
"IPF_FO23_1_06168__IPF_FO23_1_06168__N3C046"	"N7"	"IPF/FO23-1-06168"	"IPF"	"IPF/FO23-1-06168"	1	1	7	0	0	0	0	"N5"
"IPF_FO23_1_06168__IPF_FO23_1_06168__N3C046"	"N8"	"IPF/FO23-1-06168"	"IPF"	"IPF/FO23-1-06168"	1	1	7	2	1	0.285714285714286	1	"N5"
"IPF_FO23_1_06168__IPF_FO23_1_06168__N3C047"	"N1"	"IPF/FO23-1-06168"	"IPF"	"IPF/FO23-1-06168"	1	1	8	3	1	0.375	1	"N8"
"IPF_FO23_1_06168__IPF_FO23_1_06168__N3C047"	"N2"	"IPF/FO23-1-06168"	"IPF"	"IPF/FO23-1-06168"	1	1	8	0	0	0	0	"N8"
"IPF_FO23_1_06168__IPF_FO23_1_06168__N3C047"	"N3"	"IPF/FO23-1-06168"	"IPF"	"IPF/FO23-1-06168"	1	1	8	0	0	0	0	"N8"
"IPF_FO23_1_06168__IPF_FO23_1_06168__N3C047"	"N4"	"IPF/FO23-1-06168"	"IPF"	"IPF/FO23-1-06168"	1	1	8	0	0	0	0	"N8"
"IPF_FO23_1_06168__IPF_FO23_1_06168__N3C047"	"N5"	"IPF/FO23-1-06168"	"IPF"	"IPF/FO23-1-06168"	1	1	8	0	0	0	0	"N8"
"IPF_FO23_1_06168__IPF_FO23_1_06168__N3C047"	"N6"	"IPF/FO23-1-06168"	"IPF"	"IPF/FO23-1-06168"	1	1	8	0	0	0	0	"N8"
"IPF_FO23_1_06168__IPF_FO23_1_06168__N3C047"	"N7"	"IPF/FO23-1-06168"	"IPF"	"IPF/FO23-1-06168"	1	1	8	0	0	0	0	"N8"
"IPF_FO23_1_06168__IPF_FO23_1_06168__N3C047"	"N8"	"IPF/FO23-1-06168"	"IPF"	"IPF/FO23-1-06168"	1	1	8	5	1	0.625	1	"N8"
"IPF_FO23_1_06168__IPF_FO23_1_06168__N3C048"	"N1"	"IPF/FO23-1-06168"	"IPF"	"IPF/FO23-1-06168"	23	22	77	24	15	0.311688311688312	0.681818181818182	"N8"
"IPF_FO23_1_06168__IPF_FO23_1_06168__N3C048"	"N2"	"IPF/FO23-1-06168"	"IPF"	"IPF/FO23-1-06168"	23	22	77	4	4	0.051948051948052	0.181818181818182	"N8"
"IPF_FO23_1_06168__IPF_FO23_1_06168__N3C048"	"N3"	"IPF/FO23-1-06168"	"IPF"	"IPF/FO23-1-06168"	23	22	77	0	0	0	0	"N8"
"IPF_FO23_1_06168__IPF_FO23_1_06168__N3C048"	"N4"	"IPF/FO23-1-06168"	"IPF"	"IPF/FO23-1-06168"	23	22	77	0	0	0	0	"N8"
"IPF_FO23_1_06168__IPF_FO23_1_06168__N3C048"	"N5"	"IPF/FO23-1-06168"	"IPF"	"IPF/FO23-1-06168"	23	22	77	9	7	0.116883116883117	0.318181818181818	"N8"
"IPF_FO23_1_06168__IPF_FO23_1_06168__N3C048"	"N6"	"IPF/FO23-1-06168"	"IPF"	"IPF/FO23-1-06168"	23	22	77	1	1	0.012987012987013	0.0454545454545455	"N8"
"IPF_FO23_1_06168__IPF_FO23_1_06168__N3C048"	"N7"	"IPF/FO23-1-06168"	"IPF"	"IPF/FO23-1-06168"	23	22	77	14	10	0.181818181818182	0.454545454545455	"N8"
"IPF_FO23_1_06168__IPF_FO23_1_06168__N3C048"	"N8"	"IPF/FO23-1-06168"	"IPF"	"IPF/FO23-1-06168"	23	22	77	25	15	0.324675324675325	0.681818181818182	"N8"
"IPF_FO23_1_06168__IPF_FO23_1_06168__N3C049"	"N1"	"IPF/FO23-1-06168"	"IPF"	"IPF/FO23-1-06168"	2	2	14	9	2	0.642857142857143	1	"N1"
"IPF_FO23_1_06168__IPF_FO23_1_06168__N3C049"	"N2"	"IPF/FO23-1-06168"	"IPF"	"IPF/FO23-1-06168"	2	2	14	0	0	0	0	"N1"
"IPF_FO23_1_06168__IPF_FO23_1_06168__N3C049"	"N3"	"IPF/FO23-1-06168"	"IPF"	"IPF/FO23-1-06168"	2	2	14	0	0	0	0	"N1"
"IPF_FO23_1_06168__IPF_FO23_1_06168__N3C049"	"N4"	"IPF/FO23-1-06168"	"IPF"	"IPF/FO23-1-06168"	2	2	14	0	0	0	0	"N1"
"IPF_FO23_1_06168__IPF_FO23_1_06168__N3C049"	"N5"	"IPF/FO23-1-06168"	"IPF"	"IPF/FO23-1-06168"	2	2	14	0	0	0	0	"N1"
"IPF_FO23_1_06168__IPF_FO23_1_06168__N3C049"	"N6"	"IPF/FO23-1-06168"	"IPF"	"IPF/FO23-1-06168"	2	2	14	0	0	0	0	"N1"
"IPF_FO23_1_06168__IPF_FO23_1_06168__N3C049"	"N7"	"IPF/FO23-1-06168"	"IPF"	"IPF/FO23-1-06168"	2	2	14	0	0	0	0	"N1"
"IPF_FO23_1_06168__IPF_FO23_1_06168__N3C049"	"N8"	"IPF/FO23-1-06168"	"IPF"	"IPF/FO23-1-06168"	2	2	14	5	2	0.357142857142857	1	"N1"
"IPF_FO23_1_06168__IPF_FO23_1_06168__N3C050"	"N1"	"IPF/FO23-1-06168"	"IPF"	"IPF/FO23-1-06168"	2	2	11	2	2	0.181818181818182	1	"N5"
"IPF_FO23_1_06168__IPF_FO23_1_06168__N3C050"	"N2"	"IPF/FO23-1-06168"	"IPF"	"IPF/FO23-1-06168"	2	2	11	0	0	0	0	"N5"
"IPF_FO23_1_06168__IPF_FO23_1_06168__N3C050"	"N3"	"IPF/FO23-1-06168"	"IPF"	"IPF/FO23-1-06168"	2	2	11	0	0	0	0	"N5"
"IPF_FO23_1_06168__IPF_FO23_1_06168__N3C050"	"N4"	"IPF/FO23-1-06168"	"IPF"	"IPF/FO23-1-06168"	2	2	11	0	0	0	0	"N5"
"IPF_FO23_1_06168__IPF_FO23_1_06168__N3C050"	"N5"	"IPF/FO23-1-06168"	"IPF"	"IPF/FO23-1-06168"	2	2	11	7	2	0.636363636363636	1	"N5"
"IPF_FO23_1_06168__IPF_FO23_1_06168__N3C050"	"N6"	"IPF/FO23-1-06168"	"IPF"	"IPF/FO23-1-06168"	2	2	11	0	0	0	0	"N5"
"IPF_FO23_1_06168__IPF_FO23_1_06168__N3C050"	"N7"	"IPF/FO23-1-06168"	"IPF"	"IPF/FO23-1-06168"	2	2	11	0	0	0	0	"N5"
"IPF_FO23_1_06168__IPF_FO23_1_06168__N3C050"	"N8"	"IPF/FO23-1-06168"	"IPF"	"IPF/FO23-1-06168"	2	2	11	2	2	0.181818181818182	1	"N5"
"IPF_FO23_1_06168__IPF_FO23_1_06168__N3C051"	"N1"	"IPF/FO23-1-06168"	"IPF"	"IPF/FO23-1-06168"	1	1	5	0	0	0	0	"N8"
"IPF_FO23_1_06168__IPF_FO23_1_06168__N3C051"	"N2"	"IPF/FO23-1-06168"	"IPF"	"IPF/FO23-1-06168"	1	1	5	0	0	0	0	"N8"
"IPF_FO23_1_06168__IPF_FO23_1_06168__N3C051"	"N3"	"IPF/FO23-1-06168"	"IPF"	"IPF/FO23-1-06168"	1	1	5	0	0	0	0	"N8"
"IPF_FO23_1_06168__IPF_FO23_1_06168__N3C051"	"N4"	"IPF/FO23-1-06168"	"IPF"	"IPF/FO23-1-06168"	1	1	5	0	0	0	0	"N8"
"IPF_FO23_1_06168__IPF_FO23_1_06168__N3C051"	"N5"	"IPF/FO23-1-06168"	"IPF"	"IPF/FO23-1-06168"	1	1	5	0	0	0	0	"N8"
"IPF_FO23_1_06168__IPF_FO23_1_06168__N3C051"	"N6"	"IPF/FO23-1-06168"	"IPF"	"IPF/FO23-1-06168"	1	1	5	0	0	0	0	"N8"
"IPF_FO23_1_06168__IPF_FO23_1_06168__N3C051"	"N7"	"IPF/FO23-1-06168"	"IPF"	"IPF/FO23-1-06168"	1	1	5	0	0	0	0	"N8"
"IPF_FO23_1_06168__IPF_FO23_1_06168__N3C051"	"N8"	"IPF/FO23-1-06168"	"IPF"	"IPF/FO23-1-06168"	1	1	5	5	1	1	1	"N8"
"IPF_FO23_1_06168__IPF_FO23_1_06168__N3C052"	"N1"	"IPF/FO23-1-06168"	"IPF"	"IPF/FO23-1-06168"	4	4	26	21	4	0.807692307692308	1	"N1"
"IPF_FO23_1_06168__IPF_FO23_1_06168__N3C052"	"N2"	"IPF/FO23-1-06168"	"IPF"	"IPF/FO23-1-06168"	4	4	26	0	0	0	0	"N1"
"IPF_FO23_1_06168__IPF_FO23_1_06168__N3C052"	"N3"	"IPF/FO23-1-06168"	"IPF"	"IPF/FO23-1-06168"	4	4	26	0	0	0	0	"N1"
"IPF_FO23_1_06168__IPF_FO23_1_06168__N3C052"	"N4"	"IPF/FO23-1-06168"	"IPF"	"IPF/FO23-1-06168"	4	4	26	0	0	0	0	"N1"
"IPF_FO23_1_06168__IPF_FO23_1_06168__N3C052"	"N5"	"IPF/FO23-1-06168"	"IPF"	"IPF/FO23-1-06168"	4	4	26	3	1	0.115384615384615	0.25	"N1"
"IPF_FO23_1_06168__IPF_FO23_1_06168__N3C052"	"N6"	"IPF/FO23-1-06168"	"IPF"	"IPF/FO23-1-06168"	4	4	26	0	0	0	0	"N1"
"IPF_FO23_1_06168__IPF_FO23_1_06168__N3C052"	"N7"	"IPF/FO23-1-06168"	"IPF"	"IPF/FO23-1-06168"	4	4	26	2	1	0.0769230769230769	0.25	"N1"
"IPF_FO23_1_06168__IPF_FO23_1_06168__N3C052"	"N8"	"IPF/FO23-1-06168"	"IPF"	"IPF/FO23-1-06168"	4	4	26	0	0	0	0	"N1"
"IPF_FO23_1_06168__IPF_FO23_1_06168__N3C053"	"N1"	"IPF/FO23-1-06168"	"IPF"	"IPF/FO23-1-06168"	5	5	28	8	4	0.285714285714286	0.8	"N5"
"IPF_FO23_1_06168__IPF_FO23_1_06168__N3C053"	"N2"	"IPF/FO23-1-06168"	"IPF"	"IPF/FO23-1-06168"	5	5	28	0	0	0	0	"N5"
"IPF_FO23_1_06168__IPF_FO23_1_06168__N3C053"	"N3"	"IPF/FO23-1-06168"	"IPF"	"IPF/FO23-1-06168"	5	5	28	0	0	0	0	"N5"
"IPF_FO23_1_06168__IPF_FO23_1_06168__N3C053"	"N4"	"IPF/FO23-1-06168"	"IPF"	"IPF/FO23-1-06168"	5	5	28	0	0	0	0	"N5"
"IPF_FO23_1_06168__IPF_FO23_1_06168__N3C053"	"N5"	"IPF/FO23-1-06168"	"IPF"	"IPF/FO23-1-06168"	5	5	28	12	5	0.428571428571429	1	"N5"
"IPF_FO23_1_06168__IPF_FO23_1_06168__N3C053"	"N6"	"IPF/FO23-1-06168"	"IPF"	"IPF/FO23-1-06168"	5	5	28	1	1	0.0357142857142857	0.2	"N5"
"IPF_FO23_1_06168__IPF_FO23_1_06168__N3C053"	"N7"	"IPF/FO23-1-06168"	"IPF"	"IPF/FO23-1-06168"	5	5	28	6	4	0.214285714285714	0.8	"N5"
"IPF_FO23_1_06168__IPF_FO23_1_06168__N3C053"	"N8"	"IPF/FO23-1-06168"	"IPF"	"IPF/FO23-1-06168"	5	5	28	1	1	0.0357142857142857	0.2	"N5"
"IPF_FO23_1_06168__IPF_FO23_1_06168__N3C054"	"N1"	"IPF/FO23-1-06168"	"IPF"	"IPF/FO23-1-06168"	1	1	8	5	1	0.625	1	"N1"
"IPF_FO23_1_06168__IPF_FO23_1_06168__N3C054"	"N2"	"IPF/FO23-1-06168"	"IPF"	"IPF/FO23-1-06168"	1	1	8	0	0	0	0	"N1"
"IPF_FO23_1_06168__IPF_FO23_1_06168__N3C054"	"N3"	"IPF/FO23-1-06168"	"IPF"	"IPF/FO23-1-06168"	1	1	8	0	0	0	0	"N1"
"IPF_FO23_1_06168__IPF_FO23_1_06168__N3C054"	"N4"	"IPF/FO23-1-06168"	"IPF"	"IPF/FO23-1-06168"	1	1	8	0	0	0	0	"N1"
"IPF_FO23_1_06168__IPF_FO23_1_06168__N3C054"	"N5"	"IPF/FO23-1-06168"	"IPF"	"IPF/FO23-1-06168"	1	1	8	1	1	0.125	1	"N1"
"IPF_FO23_1_06168__IPF_FO23_1_06168__N3C054"	"N6"	"IPF/FO23-1-06168"	"IPF"	"IPF/FO23-1-06168"	1	1	8	0	0	0	0	"N1"
"IPF_FO23_1_06168__IPF_FO23_1_06168__N3C054"	"N7"	"IPF/FO23-1-06168"	"IPF"	"IPF/FO23-1-06168"	1	1	8	0	0	0	0	"N1"
"IPF_FO23_1_06168__IPF_FO23_1_06168__N3C054"	"N8"	"IPF/FO23-1-06168"	"IPF"	"IPF/FO23-1-06168"	1	1	8	2	1	0.25	1	"N1"
"IPF_FO23_1_06168__IPF_FO23_1_06168__N3C055"	"N1"	"IPF/FO23-1-06168"	"IPF"	"IPF/FO23-1-06168"	39	39	178	69	26	0.387640449438202	0.666666666666667	"N1"
"IPF_FO23_1_06168__IPF_FO23_1_06168__N3C055"	"N2"	"IPF/FO23-1-06168"	"IPF"	"IPF/FO23-1-06168"	39	39	178	0	0	0	0	"N1"
"IPF_FO23_1_06168__IPF_FO23_1_06168__N3C055"	"N3"	"IPF/FO23-1-06168"	"IPF"	"IPF/FO23-1-06168"	39	39	178	0	0	0	0	"N1"
"IPF_FO23_1_06168__IPF_FO23_1_06168__N3C055"	"N4"	"IPF/FO23-1-06168"	"IPF"	"IPF/FO23-1-06168"	39	39	178	0	0	0	0	"N1"
"IPF_FO23_1_06168__IPF_FO23_1_06168__N3C055"	"N5"	"IPF/FO23-1-06168"	"IPF"	"IPF/FO23-1-06168"	39	39	178	46	21	0.258426966292135	0.538461538461538	"N1"
"IPF_FO23_1_06168__IPF_FO23_1_06168__N3C055"	"N6"	"IPF/FO23-1-06168"	"IPF"	"IPF/FO23-1-06168"	39	39	178	3	3	0.0168539325842697	0.0769230769230769	"N1"
"IPF_FO23_1_06168__IPF_FO23_1_06168__N3C055"	"N7"	"IPF/FO23-1-06168"	"IPF"	"IPF/FO23-1-06168"	39	39	178	19	15	0.106741573033708	0.384615384615385	"N1"
"IPF_FO23_1_06168__IPF_FO23_1_06168__N3C055"	"N8"	"IPF/FO23-1-06168"	"IPF"	"IPF/FO23-1-06168"	39	39	178	41	17	0.230337078651685	0.435897435897436	"N1"
"IPF_FO23_1_06168__IPF_FO23_1_06168__N3C056"	"N1"	"IPF/FO23-1-06168"	"IPF"	"IPF/FO23-1-06168"	2	2	14	1	1	0.0714285714285714	0.5	"N5"
"IPF_FO23_1_06168__IPF_FO23_1_06168__N3C056"	"N2"	"IPF/FO23-1-06168"	"IPF"	"IPF/FO23-1-06168"	2	2	14	0	0	0	0	"N5"
"IPF_FO23_1_06168__IPF_FO23_1_06168__N3C056"	"N3"	"IPF/FO23-1-06168"	"IPF"	"IPF/FO23-1-06168"	2	2	14	0	0	0	0	"N5"
"IPF_FO23_1_06168__IPF_FO23_1_06168__N3C056"	"N4"	"IPF/FO23-1-06168"	"IPF"	"IPF/FO23-1-06168"	2	2	14	0	0	0	0	"N5"
"IPF_FO23_1_06168__IPF_FO23_1_06168__N3C056"	"N5"	"IPF/FO23-1-06168"	"IPF"	"IPF/FO23-1-06168"	2	2	14	9	2	0.642857142857143	1	"N5"
"IPF_FO23_1_06168__IPF_FO23_1_06168__N3C056"	"N6"	"IPF/FO23-1-06168"	"IPF"	"IPF/FO23-1-06168"	2	2	14	0	0	0	0	"N5"
"IPF_FO23_1_06168__IPF_FO23_1_06168__N3C056"	"N7"	"IPF/FO23-1-06168"	"IPF"	"IPF/FO23-1-06168"	2	2	14	4	2	0.285714285714286	1	"N5"
"IPF_FO23_1_06168__IPF_FO23_1_06168__N3C056"	"N8"	"IPF/FO23-1-06168"	"IPF"	"IPF/FO23-1-06168"	2	2	14	0	0	0	0	"N5"
"IPF_FO23_1_06168__IPF_FO23_1_06168__N3C057"	"N1"	"IPF/FO23-1-06168"	"IPF"	"IPF/FO23-1-06168"	1	1	8	0	0	0	0	"N5"
"IPF_FO23_1_06168__IPF_FO23_1_06168__N3C057"	"N2"	"IPF/FO23-1-06168"	"IPF"	"IPF/FO23-1-06168"	1	1	8	0	0	0	0	"N5"
"IPF_FO23_1_06168__IPF_FO23_1_06168__N3C057"	"N3"	"IPF/FO23-1-06168"	"IPF"	"IPF/FO23-1-06168"	1	1	8	0	0	0	0	"N5"
"IPF_FO23_1_06168__IPF_FO23_1_06168__N3C057"	"N4"	"IPF/FO23-1-06168"	"IPF"	"IPF/FO23-1-06168"	1	1	8	0	0	0	0	"N5"
"IPF_FO23_1_06168__IPF_FO23_1_06168__N3C057"	"N5"	"IPF/FO23-1-06168"	"IPF"	"IPF/FO23-1-06168"	1	1	8	6	1	0.75	1	"N5"
"IPF_FO23_1_06168__IPF_FO23_1_06168__N3C057"	"N6"	"IPF/FO23-1-06168"	"IPF"	"IPF/FO23-1-06168"	1	1	8	0	0	0	0	"N5"
"IPF_FO23_1_06168__IPF_FO23_1_06168__N3C057"	"N7"	"IPF/FO23-1-06168"	"IPF"	"IPF/FO23-1-06168"	1	1	8	0	0	0	0	"N5"
"IPF_FO23_1_06168__IPF_FO23_1_06168__N3C057"	"N8"	"IPF/FO23-1-06168"	"IPF"	"IPF/FO23-1-06168"	1	1	8	2	1	0.25	1	"N5"
"IPF_FO23_1_06168__IPF_FO23_1_06168__N3C058"	"N1"	"IPF/FO23-1-06168"	"IPF"	"IPF/FO23-1-06168"	1	1	1	1	1	1	1	"N1"
"IPF_FO23_1_06168__IPF_FO23_1_06168__N3C058"	"N2"	"IPF/FO23-1-06168"	"IPF"	"IPF/FO23-1-06168"	1	1	1	0	0	0	0	"N1"
"IPF_FO23_1_06168__IPF_FO23_1_06168__N3C058"	"N3"	"IPF/FO23-1-06168"	"IPF"	"IPF/FO23-1-06168"	1	1	1	0	0	0	0	"N1"
"IPF_FO23_1_06168__IPF_FO23_1_06168__N3C058"	"N4"	"IPF/FO23-1-06168"	"IPF"	"IPF/FO23-1-06168"	1	1	1	0	0	0	0	"N1"
"IPF_FO23_1_06168__IPF_FO23_1_06168__N3C058"	"N5"	"IPF/FO23-1-06168"	"IPF"	"IPF/FO23-1-06168"	1	1	1	0	0	0	0	"N1"
"IPF_FO23_1_06168__IPF_FO23_1_06168__N3C058"	"N6"	"IPF/FO23-1-06168"	"IPF"	"IPF/FO23-1-06168"	1	1	1	0	0	0	0	"N1"
"IPF_FO23_1_06168__IPF_FO23_1_06168__N3C058"	"N7"	"IPF/FO23-1-06168"	"IPF"	"IPF/FO23-1-06168"	1	1	1	0	0	0	0	"N1"
"IPF_FO23_1_06168__IPF_FO23_1_06168__N3C058"	"N8"	"IPF/FO23-1-06168"	"IPF"	"IPF/FO23-1-06168"	1	1	1	0	0	0	0	"N1"
"IPF_FO23_1_06168__IPF_FO23_1_06168__N3C059"	"N1"	"IPF/FO23-1-06168"	"IPF"	"IPF/FO23-1-06168"	2	2	11	5	2	0.454545454545455	1	"N1"
"IPF_FO23_1_06168__IPF_FO23_1_06168__N3C059"	"N2"	"IPF/FO23-1-06168"	"IPF"	"IPF/FO23-1-06168"	2	2	11	0	0	0	0	"N1"
"IPF_FO23_1_06168__IPF_FO23_1_06168__N3C059"	"N3"	"IPF/FO23-1-06168"	"IPF"	"IPF/FO23-1-06168"	2	2	11	0	0	0	0	"N1"
"IPF_FO23_1_06168__IPF_FO23_1_06168__N3C059"	"N4"	"IPF/FO23-1-06168"	"IPF"	"IPF/FO23-1-06168"	2	2	11	0	0	0	0	"N1"
"IPF_FO23_1_06168__IPF_FO23_1_06168__N3C059"	"N5"	"IPF/FO23-1-06168"	"IPF"	"IPF/FO23-1-06168"	2	2	11	4	2	0.363636363636364	1	"N1"
"IPF_FO23_1_06168__IPF_FO23_1_06168__N3C059"	"N6"	"IPF/FO23-1-06168"	"IPF"	"IPF/FO23-1-06168"	2	2	11	0	0	0	0	"N1"
"IPF_FO23_1_06168__IPF_FO23_1_06168__N3C059"	"N7"	"IPF/FO23-1-06168"	"IPF"	"IPF/FO23-1-06168"	2	2	11	1	1	0.0909090909090909	0.5	"N1"
"IPF_FO23_1_06168__IPF_FO23_1_06168__N3C059"	"N8"	"IPF/FO23-1-06168"	"IPF"	"IPF/FO23-1-06168"	2	2	11	1	1	0.0909090909090909	0.5	"N1"
"IPF_FO23_1_06168__IPF_FO23_1_06168__N3C060"	"N1"	"IPF/FO23-1-06168"	"IPF"	"IPF/FO23-1-06168"	2	2	14	6	2	0.428571428571429	1	"N5"
"IPF_FO23_1_06168__IPF_FO23_1_06168__N3C060"	"N2"	"IPF/FO23-1-06168"	"IPF"	"IPF/FO23-1-06168"	2	2	14	0	0	0	0	"N5"
"IPF_FO23_1_06168__IPF_FO23_1_06168__N3C060"	"N3"	"IPF/FO23-1-06168"	"IPF"	"IPF/FO23-1-06168"	2	2	14	0	0	0	0	"N5"
"IPF_FO23_1_06168__IPF_FO23_1_06168__N3C060"	"N4"	"IPF/FO23-1-06168"	"IPF"	"IPF/FO23-1-06168"	2	2	14	0	0	0	0	"N5"
"IPF_FO23_1_06168__IPF_FO23_1_06168__N3C060"	"N5"	"IPF/FO23-1-06168"	"IPF"	"IPF/FO23-1-06168"	2	2	14	7	2	0.5	1	"N5"
"IPF_FO23_1_06168__IPF_FO23_1_06168__N3C060"	"N6"	"IPF/FO23-1-06168"	"IPF"	"IPF/FO23-1-06168"	2	2	14	0	0	0	0	"N5"
"IPF_FO23_1_06168__IPF_FO23_1_06168__N3C060"	"N7"	"IPF/FO23-1-06168"	"IPF"	"IPF/FO23-1-06168"	2	2	14	0	0	0	0	"N5"
"IPF_FO23_1_06168__IPF_FO23_1_06168__N3C060"	"N8"	"IPF/FO23-1-06168"	"IPF"	"IPF/FO23-1-06168"	2	2	14	1	1	0.0714285714285714	0.5	"N5"
"IPF_FO23_1_06168__IPF_FO23_1_06168__N3C061"	"N1"	"IPF/FO23-1-06168"	"IPF"	"IPF/FO23-1-06168"	2	2	14	5	2	0.357142857142857	1	"N1"
"IPF_FO23_1_06168__IPF_FO23_1_06168__N3C061"	"N2"	"IPF/FO23-1-06168"	"IPF"	"IPF/FO23-1-06168"	2	2	14	0	0	0	0	"N1"
"IPF_FO23_1_06168__IPF_FO23_1_06168__N3C061"	"N3"	"IPF/FO23-1-06168"	"IPF"	"IPF/FO23-1-06168"	2	2	14	0	0	0	0	"N1"
"IPF_FO23_1_06168__IPF_FO23_1_06168__N3C061"	"N4"	"IPF/FO23-1-06168"	"IPF"	"IPF/FO23-1-06168"	2	2	14	0	0	0	0	"N1"
"IPF_FO23_1_06168__IPF_FO23_1_06168__N3C061"	"N5"	"IPF/FO23-1-06168"	"IPF"	"IPF/FO23-1-06168"	2	2	14	3	2	0.214285714285714	1	"N1"
"IPF_FO23_1_06168__IPF_FO23_1_06168__N3C061"	"N6"	"IPF/FO23-1-06168"	"IPF"	"IPF/FO23-1-06168"	2	2	14	1	1	0.0714285714285714	0.5	"N1"
"IPF_FO23_1_06168__IPF_FO23_1_06168__N3C061"	"N7"	"IPF/FO23-1-06168"	"IPF"	"IPF/FO23-1-06168"	2	2	14	2	1	0.142857142857143	0.5	"N1"
"IPF_FO23_1_06168__IPF_FO23_1_06168__N3C061"	"N8"	"IPF/FO23-1-06168"	"IPF"	"IPF/FO23-1-06168"	2	2	14	3	2	0.214285714285714	1	"N1"
"IPF_FO23_1_06168__IPF_FO23_1_06168__N3C062"	"N1"	"IPF/FO23-1-06168"	"IPF"	"IPF/FO23-1-06168"	2	2	14	4	2	0.285714285714286	1	"N1; N5"
"IPF_FO23_1_06168__IPF_FO23_1_06168__N3C062"	"N2"	"IPF/FO23-1-06168"	"IPF"	"IPF/FO23-1-06168"	2	2	14	0	0	0	0	"N1; N5"
"IPF_FO23_1_06168__IPF_FO23_1_06168__N3C062"	"N3"	"IPF/FO23-1-06168"	"IPF"	"IPF/FO23-1-06168"	2	2	14	0	0	0	0	"N1; N5"
"IPF_FO23_1_06168__IPF_FO23_1_06168__N3C062"	"N4"	"IPF/FO23-1-06168"	"IPF"	"IPF/FO23-1-06168"	2	2	14	0	0	0	0	"N1; N5"
"IPF_FO23_1_06168__IPF_FO23_1_06168__N3C062"	"N5"	"IPF/FO23-1-06168"	"IPF"	"IPF/FO23-1-06168"	2	2	14	4	2	0.285714285714286	1	"N1; N5"
"IPF_FO23_1_06168__IPF_FO23_1_06168__N3C062"	"N6"	"IPF/FO23-1-06168"	"IPF"	"IPF/FO23-1-06168"	2	2	14	0	0	0	0	"N1; N5"
"IPF_FO23_1_06168__IPF_FO23_1_06168__N3C062"	"N7"	"IPF/FO23-1-06168"	"IPF"	"IPF/FO23-1-06168"	2	2	14	3	2	0.214285714285714	1	"N1; N5"
"IPF_FO23_1_06168__IPF_FO23_1_06168__N3C062"	"N8"	"IPF/FO23-1-06168"	"IPF"	"IPF/FO23-1-06168"	2	2	14	3	2	0.214285714285714	1	"N1; N5"
"IPF_FO23_1_06168__IPF_FO23_1_06168__N3C063"	"N1"	"IPF/FO23-1-06168"	"IPF"	"IPF/FO23-1-06168"	1	1	5	0	0	0	0	"N4; N5"
"IPF_FO23_1_06168__IPF_FO23_1_06168__N3C063"	"N2"	"IPF/FO23-1-06168"	"IPF"	"IPF/FO23-1-06168"	1	1	5	0	0	0	0	"N4; N5"
"IPF_FO23_1_06168__IPF_FO23_1_06168__N3C063"	"N3"	"IPF/FO23-1-06168"	"IPF"	"IPF/FO23-1-06168"	1	1	5	0	0	0	0	"N4; N5"
"IPF_FO23_1_06168__IPF_FO23_1_06168__N3C063"	"N4"	"IPF/FO23-1-06168"	"IPF"	"IPF/FO23-1-06168"	1	1	5	2	1	0.4	1	"N4; N5"
"IPF_FO23_1_06168__IPF_FO23_1_06168__N3C063"	"N5"	"IPF/FO23-1-06168"	"IPF"	"IPF/FO23-1-06168"	1	1	5	2	1	0.4	1	"N4; N5"
"IPF_FO23_1_06168__IPF_FO23_1_06168__N3C063"	"N6"	"IPF/FO23-1-06168"	"IPF"	"IPF/FO23-1-06168"	1	1	5	0	0	0	0	"N4; N5"
"IPF_FO23_1_06168__IPF_FO23_1_06168__N3C063"	"N7"	"IPF/FO23-1-06168"	"IPF"	"IPF/FO23-1-06168"	1	1	5	0	0	0	0	"N4; N5"
"IPF_FO23_1_06168__IPF_FO23_1_06168__N3C063"	"N8"	"IPF/FO23-1-06168"	"IPF"	"IPF/FO23-1-06168"	1	1	5	1	1	0.2	1	"N4; N5"
"IPF_FO23_1_06168__IPF_FO23_1_06168__N3C064"	"N1"	"IPF/FO23-1-06168"	"IPF"	"IPF/FO23-1-06168"	2	2	14	7	2	0.5	1	"N1"
"IPF_FO23_1_06168__IPF_FO23_1_06168__N3C064"	"N2"	"IPF/FO23-1-06168"	"IPF"	"IPF/FO23-1-06168"	2	2	14	0	0	0	0	"N1"
"IPF_FO23_1_06168__IPF_FO23_1_06168__N3C064"	"N3"	"IPF/FO23-1-06168"	"IPF"	"IPF/FO23-1-06168"	2	2	14	0	0	0	0	"N1"
"IPF_FO23_1_06168__IPF_FO23_1_06168__N3C064"	"N4"	"IPF/FO23-1-06168"	"IPF"	"IPF/FO23-1-06168"	2	2	14	0	0	0	0	"N1"
"IPF_FO23_1_06168__IPF_FO23_1_06168__N3C064"	"N5"	"IPF/FO23-1-06168"	"IPF"	"IPF/FO23-1-06168"	2	2	14	5	2	0.357142857142857	1	"N1"
"IPF_FO23_1_06168__IPF_FO23_1_06168__N3C064"	"N6"	"IPF/FO23-1-06168"	"IPF"	"IPF/FO23-1-06168"	2	2	14	0	0	0	0	"N1"
"IPF_FO23_1_06168__IPF_FO23_1_06168__N3C064"	"N7"	"IPF/FO23-1-06168"	"IPF"	"IPF/FO23-1-06168"	2	2	14	0	0	0	0	"N1"
"IPF_FO23_1_06168__IPF_FO23_1_06168__N3C064"	"N8"	"IPF/FO23-1-06168"	"IPF"	"IPF/FO23-1-06168"	2	2	14	2	2	0.142857142857143	1	"N1"
"IPF_FO23_1_06168__IPF_FO23_1_06168__N3C065"	"N1"	"IPF/FO23-1-06168"	"IPF"	"IPF/FO23-1-06168"	3	3	20	2	2	0.1	0.666666666666667	"N5"
"IPF_FO23_1_06168__IPF_FO23_1_06168__N3C065"	"N2"	"IPF/FO23-1-06168"	"IPF"	"IPF/FO23-1-06168"	3	3	20	0	0	0	0	"N5"
"IPF_FO23_1_06168__IPF_FO23_1_06168__N3C065"	"N3"	"IPF/FO23-1-06168"	"IPF"	"IPF/FO23-1-06168"	3	3	20	0	0	0	0	"N5"
"IPF_FO23_1_06168__IPF_FO23_1_06168__N3C065"	"N4"	"IPF/FO23-1-06168"	"IPF"	"IPF/FO23-1-06168"	3	3	20	0	0	0	0	"N5"
"IPF_FO23_1_06168__IPF_FO23_1_06168__N3C065"	"N5"	"IPF/FO23-1-06168"	"IPF"	"IPF/FO23-1-06168"	3	3	20	9	3	0.45	1	"N5"
"IPF_FO23_1_06168__IPF_FO23_1_06168__N3C065"	"N6"	"IPF/FO23-1-06168"	"IPF"	"IPF/FO23-1-06168"	3	3	20	2	2	0.1	0.666666666666667	"N5"
"IPF_FO23_1_06168__IPF_FO23_1_06168__N3C065"	"N7"	"IPF/FO23-1-06168"	"IPF"	"IPF/FO23-1-06168"	3	3	20	0	0	0	0	"N5"
"IPF_FO23_1_06168__IPF_FO23_1_06168__N3C065"	"N8"	"IPF/FO23-1-06168"	"IPF"	"IPF/FO23-1-06168"	3	3	20	7	3	0.35	1	"N5"
"IPF_FO23_1_06168__IPF_FO23_1_06168__N3C066"	"N1"	"IPF/FO23-1-06168"	"IPF"	"IPF/FO23-1-06168"	2	2	4	0	0	0	0	"N2; N5; N7; N8"
"IPF_FO23_1_06168__IPF_FO23_1_06168__N3C066"	"N2"	"IPF/FO23-1-06168"	"IPF"	"IPF/FO23-1-06168"	2	2	4	1	1	0.25	0.5	"N2; N5; N7; N8"
"IPF_FO23_1_06168__IPF_FO23_1_06168__N3C066"	"N3"	"IPF/FO23-1-06168"	"IPF"	"IPF/FO23-1-06168"	2	2	4	0	0	0	0	"N2; N5; N7; N8"
"IPF_FO23_1_06168__IPF_FO23_1_06168__N3C066"	"N4"	"IPF/FO23-1-06168"	"IPF"	"IPF/FO23-1-06168"	2	2	4	0	0	0	0	"N2; N5; N7; N8"
"IPF_FO23_1_06168__IPF_FO23_1_06168__N3C066"	"N5"	"IPF/FO23-1-06168"	"IPF"	"IPF/FO23-1-06168"	2	2	4	1	1	0.25	0.5	"N2; N5; N7; N8"
"IPF_FO23_1_06168__IPF_FO23_1_06168__N3C066"	"N6"	"IPF/FO23-1-06168"	"IPF"	"IPF/FO23-1-06168"	2	2	4	0	0	0	0	"N2; N5; N7; N8"
"IPF_FO23_1_06168__IPF_FO23_1_06168__N3C066"	"N7"	"IPF/FO23-1-06168"	"IPF"	"IPF/FO23-1-06168"	2	2	4	1	1	0.25	0.5	"N2; N5; N7; N8"
"IPF_FO23_1_06168__IPF_FO23_1_06168__N3C066"	"N8"	"IPF/FO23-1-06168"	"IPF"	"IPF/FO23-1-06168"	2	2	4	1	1	0.25	0.5	"N2; N5; N7; N8"
"IPF_FO23_1_06168__IPF_FO23_1_06168__N3C067"	"N1"	"IPF/FO23-1-06168"	"IPF"	"IPF/FO23-1-06168"	50	49	196	54	28	0.275510204081633	0.571428571428571	"N5"
"IPF_FO23_1_06168__IPF_FO23_1_06168__N3C067"	"N2"	"IPF/FO23-1-06168"	"IPF"	"IPF/FO23-1-06168"	50	49	196	0	0	0	0	"N5"
"IPF_FO23_1_06168__IPF_FO23_1_06168__N3C067"	"N3"	"IPF/FO23-1-06168"	"IPF"	"IPF/FO23-1-06168"	50	49	196	0	0	0	0	"N5"
"IPF_FO23_1_06168__IPF_FO23_1_06168__N3C067"	"N4"	"IPF/FO23-1-06168"	"IPF"	"IPF/FO23-1-06168"	50	49	196	0	0	0	0	"N5"
"IPF_FO23_1_06168__IPF_FO23_1_06168__N3C067"	"N5"	"IPF/FO23-1-06168"	"IPF"	"IPF/FO23-1-06168"	50	49	196	79	38	0.403061224489796	0.775510204081633	"N5"
"IPF_FO23_1_06168__IPF_FO23_1_06168__N3C067"	"N6"	"IPF/FO23-1-06168"	"IPF"	"IPF/FO23-1-06168"	50	49	196	0	0	0	0	"N5"
"IPF_FO23_1_06168__IPF_FO23_1_06168__N3C067"	"N7"	"IPF/FO23-1-06168"	"IPF"	"IPF/FO23-1-06168"	50	49	196	53	30	0.270408163265306	0.612244897959184	"N5"
"IPF_FO23_1_06168__IPF_FO23_1_06168__N3C067"	"N8"	"IPF/FO23-1-06168"	"IPF"	"IPF/FO23-1-06168"	50	49	196	10	6	0.0510204081632653	0.122448979591837	"N5"
"IPF_FO23_1_06168__IPF_FO23_1_06168__N3C068"	"N1"	"IPF/FO23-1-06168"	"IPF"	"IPF/FO23-1-06168"	1	1	4	0	0	0	0	"N2; N8"
"IPF_FO23_1_06168__IPF_FO23_1_06168__N3C068"	"N2"	"IPF/FO23-1-06168"	"IPF"	"IPF/FO23-1-06168"	1	1	4	2	1	0.5	1	"N2; N8"
"IPF_FO23_1_06168__IPF_FO23_1_06168__N3C068"	"N3"	"IPF/FO23-1-06168"	"IPF"	"IPF/FO23-1-06168"	1	1	4	0	0	0	0	"N2; N8"
"IPF_FO23_1_06168__IPF_FO23_1_06168__N3C068"	"N4"	"IPF/FO23-1-06168"	"IPF"	"IPF/FO23-1-06168"	1	1	4	0	0	0	0	"N2; N8"
"IPF_FO23_1_06168__IPF_FO23_1_06168__N3C068"	"N5"	"IPF/FO23-1-06168"	"IPF"	"IPF/FO23-1-06168"	1	1	4	0	0	0	0	"N2; N8"
"IPF_FO23_1_06168__IPF_FO23_1_06168__N3C068"	"N6"	"IPF/FO23-1-06168"	"IPF"	"IPF/FO23-1-06168"	1	1	4	0	0	0	0	"N2; N8"
"IPF_FO23_1_06168__IPF_FO23_1_06168__N3C068"	"N7"	"IPF/FO23-1-06168"	"IPF"	"IPF/FO23-1-06168"	1	1	4	0	0	0	0	"N2; N8"
"IPF_FO23_1_06168__IPF_FO23_1_06168__N3C068"	"N8"	"IPF/FO23-1-06168"	"IPF"	"IPF/FO23-1-06168"	1	1	4	2	1	0.5	1	"N2; N8"
"IPF_FO23_1_06168__IPF_FO23_1_06168__N3C069"	"N1"	"IPF/FO23-1-06168"	"IPF"	"IPF/FO23-1-06168"	1	1	8	4	1	0.5	1	"N1"
"IPF_FO23_1_06168__IPF_FO23_1_06168__N3C069"	"N2"	"IPF/FO23-1-06168"	"IPF"	"IPF/FO23-1-06168"	1	1	8	0	0	0	0	"N1"
"IPF_FO23_1_06168__IPF_FO23_1_06168__N3C069"	"N3"	"IPF/FO23-1-06168"	"IPF"	"IPF/FO23-1-06168"	1	1	8	0	0	0	0	"N1"
"IPF_FO23_1_06168__IPF_FO23_1_06168__N3C069"	"N4"	"IPF/FO23-1-06168"	"IPF"	"IPF/FO23-1-06168"	1	1	8	0	0	0	0	"N1"
"IPF_FO23_1_06168__IPF_FO23_1_06168__N3C069"	"N5"	"IPF/FO23-1-06168"	"IPF"	"IPF/FO23-1-06168"	1	1	8	3	1	0.375	1	"N1"
"IPF_FO23_1_06168__IPF_FO23_1_06168__N3C069"	"N6"	"IPF/FO23-1-06168"	"IPF"	"IPF/FO23-1-06168"	1	1	8	0	0	0	0	"N1"
"IPF_FO23_1_06168__IPF_FO23_1_06168__N3C069"	"N7"	"IPF/FO23-1-06168"	"IPF"	"IPF/FO23-1-06168"	1	1	8	1	1	0.125	1	"N1"
"IPF_FO23_1_06168__IPF_FO23_1_06168__N3C069"	"N8"	"IPF/FO23-1-06168"	"IPF"	"IPF/FO23-1-06168"	1	1	8	0	0	0	0	"N1"
"IPF_FO23_1_06168__IPF_FO23_1_06168__N3C070"	"N1"	"IPF/FO23-1-06168"	"IPF"	"IPF/FO23-1-06168"	1	1	8	2	1	0.25	1	"N5"
"IPF_FO23_1_06168__IPF_FO23_1_06168__N3C070"	"N2"	"IPF/FO23-1-06168"	"IPF"	"IPF/FO23-1-06168"	1	1	8	0	0	0	0	"N5"
"IPF_FO23_1_06168__IPF_FO23_1_06168__N3C070"	"N3"	"IPF/FO23-1-06168"	"IPF"	"IPF/FO23-1-06168"	1	1	8	0	0	0	0	"N5"
"IPF_FO23_1_06168__IPF_FO23_1_06168__N3C070"	"N4"	"IPF/FO23-1-06168"	"IPF"	"IPF/FO23-1-06168"	1	1	8	0	0	0	0	"N5"
"IPF_FO23_1_06168__IPF_FO23_1_06168__N3C070"	"N5"	"IPF/FO23-1-06168"	"IPF"	"IPF/FO23-1-06168"	1	1	8	4	1	0.5	1	"N5"
"IPF_FO23_1_06168__IPF_FO23_1_06168__N3C070"	"N6"	"IPF/FO23-1-06168"	"IPF"	"IPF/FO23-1-06168"	1	1	8	2	1	0.25	1	"N5"
"IPF_FO23_1_06168__IPF_FO23_1_06168__N3C070"	"N7"	"IPF/FO23-1-06168"	"IPF"	"IPF/FO23-1-06168"	1	1	8	0	0	0	0	"N5"
"IPF_FO23_1_06168__IPF_FO23_1_06168__N3C070"	"N8"	"IPF/FO23-1-06168"	"IPF"	"IPF/FO23-1-06168"	1	1	8	0	0	0	0	"N5"
"IPF_FO23_1_06168__IPF_FO23_1_06168__N3C071"	"N1"	"IPF/FO23-1-06168"	"IPF"	"IPF/FO23-1-06168"	1	1	8	6	1	0.75	1	"N1"
"IPF_FO23_1_06168__IPF_FO23_1_06168__N3C071"	"N2"	"IPF/FO23-1-06168"	"IPF"	"IPF/FO23-1-06168"	1	1	8	0	0	0	0	"N1"
"IPF_FO23_1_06168__IPF_FO23_1_06168__N3C071"	"N3"	"IPF/FO23-1-06168"	"IPF"	"IPF/FO23-1-06168"	1	1	8	0	0	0	0	"N1"
"IPF_FO23_1_06168__IPF_FO23_1_06168__N3C071"	"N4"	"IPF/FO23-1-06168"	"IPF"	"IPF/FO23-1-06168"	1	1	8	0	0	0	0	"N1"
"IPF_FO23_1_06168__IPF_FO23_1_06168__N3C071"	"N5"	"IPF/FO23-1-06168"	"IPF"	"IPF/FO23-1-06168"	1	1	8	1	1	0.125	1	"N1"
"IPF_FO23_1_06168__IPF_FO23_1_06168__N3C071"	"N6"	"IPF/FO23-1-06168"	"IPF"	"IPF/FO23-1-06168"	1	1	8	1	1	0.125	1	"N1"
"IPF_FO23_1_06168__IPF_FO23_1_06168__N3C071"	"N7"	"IPF/FO23-1-06168"	"IPF"	"IPF/FO23-1-06168"	1	1	8	0	0	0	0	"N1"
"IPF_FO23_1_06168__IPF_FO23_1_06168__N3C071"	"N8"	"IPF/FO23-1-06168"	"IPF"	"IPF/FO23-1-06168"	1	1	8	0	0	0	0	"N1"
"IPF_FO23_1_06168__IPF_FO23_1_06168__N3C072"	"N1"	"IPF/FO23-1-06168"	"IPF"	"IPF/FO23-1-06168"	1	1	6	2	1	0.333333333333333	1	"N8"
"IPF_FO23_1_06168__IPF_FO23_1_06168__N3C072"	"N2"	"IPF/FO23-1-06168"	"IPF"	"IPF/FO23-1-06168"	1	1	6	0	0	0	0	"N8"
"IPF_FO23_1_06168__IPF_FO23_1_06168__N3C072"	"N3"	"IPF/FO23-1-06168"	"IPF"	"IPF/FO23-1-06168"	1	1	6	0	0	0	0	"N8"
"IPF_FO23_1_06168__IPF_FO23_1_06168__N3C072"	"N4"	"IPF/FO23-1-06168"	"IPF"	"IPF/FO23-1-06168"	1	1	6	0	0	0	0	"N8"
"IPF_FO23_1_06168__IPF_FO23_1_06168__N3C072"	"N5"	"IPF/FO23-1-06168"	"IPF"	"IPF/FO23-1-06168"	1	1	6	1	1	0.166666666666667	1	"N8"
"IPF_FO23_1_06168__IPF_FO23_1_06168__N3C072"	"N6"	"IPF/FO23-1-06168"	"IPF"	"IPF/FO23-1-06168"	1	1	6	0	0	0	0	"N8"
"IPF_FO23_1_06168__IPF_FO23_1_06168__N3C072"	"N7"	"IPF/FO23-1-06168"	"IPF"	"IPF/FO23-1-06168"	1	1	6	0	0	0	0	"N8"
"IPF_FO23_1_06168__IPF_FO23_1_06168__N3C072"	"N8"	"IPF/FO23-1-06168"	"IPF"	"IPF/FO23-1-06168"	1	1	6	3	1	0.5	1	"N8"
"IPF_FO23_1_06168__IPF_FO23_1_06168__N3C073"	"N1"	"IPF/FO23-1-06168"	"IPF"	"IPF/FO23-1-06168"	124	67	201	74	39	0.368159203980099	0.582089552238806	"N1"
"IPF_FO23_1_06168__IPF_FO23_1_06168__N3C073"	"N2"	"IPF/FO23-1-06168"	"IPF"	"IPF/FO23-1-06168"	124	67	201	0	0	0	0	"N1"
"IPF_FO23_1_06168__IPF_FO23_1_06168__N3C073"	"N3"	"IPF/FO23-1-06168"	"IPF"	"IPF/FO23-1-06168"	124	67	201	0	0	0	0	"N1"
"IPF_FO23_1_06168__IPF_FO23_1_06168__N3C073"	"N4"	"IPF/FO23-1-06168"	"IPF"	"IPF/FO23-1-06168"	124	67	201	1	1	0.00497512437810945	0.0149253731343284	"N1"
"IPF_FO23_1_06168__IPF_FO23_1_06168__N3C073"	"N5"	"IPF/FO23-1-06168"	"IPF"	"IPF/FO23-1-06168"	124	67	201	43	28	0.213930348258706	0.417910447761194	"N1"
"IPF_FO23_1_06168__IPF_FO23_1_06168__N3C073"	"N6"	"IPF/FO23-1-06168"	"IPF"	"IPF/FO23-1-06168"	124	67	201	10	9	0.0497512437810945	0.134328358208955	"N1"
"IPF_FO23_1_06168__IPF_FO23_1_06168__N3C073"	"N7"	"IPF/FO23-1-06168"	"IPF"	"IPF/FO23-1-06168"	124	67	201	17	14	0.0845771144278607	0.208955223880597	"N1"
"IPF_FO23_1_06168__IPF_FO23_1_06168__N3C073"	"N8"	"IPF/FO23-1-06168"	"IPF"	"IPF/FO23-1-06168"	124	67	201	56	36	0.278606965174129	0.537313432835821	"N1"
"IPF_FO23_1_06168__IPF_FO23_1_06168__N3C074"	"N1"	"IPF/FO23-1-06168"	"IPF"	"IPF/FO23-1-06168"	5	5	30	21	5	0.7	1	"N1"
"IPF_FO23_1_06168__IPF_FO23_1_06168__N3C074"	"N2"	"IPF/FO23-1-06168"	"IPF"	"IPF/FO23-1-06168"	5	5	30	0	0	0	0	"N1"
"IPF_FO23_1_06168__IPF_FO23_1_06168__N3C074"	"N3"	"IPF/FO23-1-06168"	"IPF"	"IPF/FO23-1-06168"	5	5	30	0	0	0	0	"N1"
"IPF_FO23_1_06168__IPF_FO23_1_06168__N3C074"	"N4"	"IPF/FO23-1-06168"	"IPF"	"IPF/FO23-1-06168"	5	5	30	0	0	0	0	"N1"
"IPF_FO23_1_06168__IPF_FO23_1_06168__N3C074"	"N5"	"IPF/FO23-1-06168"	"IPF"	"IPF/FO23-1-06168"	5	5	30	7	4	0.233333333333333	0.8	"N1"
"IPF_FO23_1_06168__IPF_FO23_1_06168__N3C074"	"N6"	"IPF/FO23-1-06168"	"IPF"	"IPF/FO23-1-06168"	5	5	30	1	1	0.0333333333333333	0.2	"N1"
"IPF_FO23_1_06168__IPF_FO23_1_06168__N3C074"	"N7"	"IPF/FO23-1-06168"	"IPF"	"IPF/FO23-1-06168"	5	5	30	1	1	0.0333333333333333	0.2	"N1"
"IPF_FO23_1_06168__IPF_FO23_1_06168__N3C074"	"N8"	"IPF/FO23-1-06168"	"IPF"	"IPF/FO23-1-06168"	5	5	30	0	0	0	0	"N1"
"IPF_FO23_1_06168__IPF_FO23_1_06168__N3C075"	"N1"	"IPF/FO23-1-06168"	"IPF"	"IPF/FO23-1-06168"	1	1	7	2	1	0.285714285714286	1	"N8"
"IPF_FO23_1_06168__IPF_FO23_1_06168__N3C075"	"N2"	"IPF/FO23-1-06168"	"IPF"	"IPF/FO23-1-06168"	1	1	7	0	0	0	0	"N8"
"IPF_FO23_1_06168__IPF_FO23_1_06168__N3C075"	"N3"	"IPF/FO23-1-06168"	"IPF"	"IPF/FO23-1-06168"	1	1	7	0	0	0	0	"N8"
"IPF_FO23_1_06168__IPF_FO23_1_06168__N3C075"	"N4"	"IPF/FO23-1-06168"	"IPF"	"IPF/FO23-1-06168"	1	1	7	0	0	0	0	"N8"
"IPF_FO23_1_06168__IPF_FO23_1_06168__N3C075"	"N5"	"IPF/FO23-1-06168"	"IPF"	"IPF/FO23-1-06168"	1	1	7	0	0	0	0	"N8"
"IPF_FO23_1_06168__IPF_FO23_1_06168__N3C075"	"N6"	"IPF/FO23-1-06168"	"IPF"	"IPF/FO23-1-06168"	1	1	7	1	1	0.142857142857143	1	"N8"
"IPF_FO23_1_06168__IPF_FO23_1_06168__N3C075"	"N7"	"IPF/FO23-1-06168"	"IPF"	"IPF/FO23-1-06168"	1	1	7	0	0	0	0	"N8"
"IPF_FO23_1_06168__IPF_FO23_1_06168__N3C075"	"N8"	"IPF/FO23-1-06168"	"IPF"	"IPF/FO23-1-06168"	1	1	7	4	1	0.571428571428571	1	"N8"
"IPF_FO23_1_06168__IPF_FO23_1_06168__N3C076"	"N1"	"IPF/FO23-1-06168"	"IPF"	"IPF/FO23-1-06168"	1	1	8	4	1	0.5	1	"N1"
"IPF_FO23_1_06168__IPF_FO23_1_06168__N3C076"	"N2"	"IPF/FO23-1-06168"	"IPF"	"IPF/FO23-1-06168"	1	1	8	0	0	0	0	"N1"
"IPF_FO23_1_06168__IPF_FO23_1_06168__N3C076"	"N3"	"IPF/FO23-1-06168"	"IPF"	"IPF/FO23-1-06168"	1	1	8	0	0	0	0	"N1"
"IPF_FO23_1_06168__IPF_FO23_1_06168__N3C076"	"N4"	"IPF/FO23-1-06168"	"IPF"	"IPF/FO23-1-06168"	1	1	8	0	0	0	0	"N1"
"IPF_FO23_1_06168__IPF_FO23_1_06168__N3C076"	"N5"	"IPF/FO23-1-06168"	"IPF"	"IPF/FO23-1-06168"	1	1	8	2	1	0.25	1	"N1"
"IPF_FO23_1_06168__IPF_FO23_1_06168__N3C076"	"N6"	"IPF/FO23-1-06168"	"IPF"	"IPF/FO23-1-06168"	1	1	8	0	0	0	0	"N1"
"IPF_FO23_1_06168__IPF_FO23_1_06168__N3C076"	"N7"	"IPF/FO23-1-06168"	"IPF"	"IPF/FO23-1-06168"	1	1	8	1	1	0.125	1	"N1"
"IPF_FO23_1_06168__IPF_FO23_1_06168__N3C076"	"N8"	"IPF/FO23-1-06168"	"IPF"	"IPF/FO23-1-06168"	1	1	8	1	1	0.125	1	"N1"
"IPF_FO23_1_06168__IPF_FO23_1_06168__N3C077"	"N1"	"IPF/FO23-1-06168"	"IPF"	"IPF/FO23-1-06168"	2	2	14	3	1	0.214285714285714	0.5	"N7"
"IPF_FO23_1_06168__IPF_FO23_1_06168__N3C077"	"N2"	"IPF/FO23-1-06168"	"IPF"	"IPF/FO23-1-06168"	2	2	14	0	0	0	0	"N7"
"IPF_FO23_1_06168__IPF_FO23_1_06168__N3C077"	"N3"	"IPF/FO23-1-06168"	"IPF"	"IPF/FO23-1-06168"	2	2	14	0	0	0	0	"N7"
"IPF_FO23_1_06168__IPF_FO23_1_06168__N3C077"	"N4"	"IPF/FO23-1-06168"	"IPF"	"IPF/FO23-1-06168"	2	2	14	0	0	0	0	"N7"
"IPF_FO23_1_06168__IPF_FO23_1_06168__N3C077"	"N5"	"IPF/FO23-1-06168"	"IPF"	"IPF/FO23-1-06168"	2	2	14	2	1	0.142857142857143	0.5	"N7"
"IPF_FO23_1_06168__IPF_FO23_1_06168__N3C077"	"N6"	"IPF/FO23-1-06168"	"IPF"	"IPF/FO23-1-06168"	2	2	14	0	0	0	0	"N7"
"IPF_FO23_1_06168__IPF_FO23_1_06168__N3C077"	"N7"	"IPF/FO23-1-06168"	"IPF"	"IPF/FO23-1-06168"	2	2	14	9	2	0.642857142857143	1	"N7"
"IPF_FO23_1_06168__IPF_FO23_1_06168__N3C077"	"N8"	"IPF/FO23-1-06168"	"IPF"	"IPF/FO23-1-06168"	2	2	14	0	0	0	0	"N7"
"IPF_FO23_1_06168__IPF_FO23_1_06168__N3C078"	"N1"	"IPF/FO23-1-06168"	"IPF"	"IPF/FO23-1-06168"	1	1	8	7	1	0.875	1	"N1"
"IPF_FO23_1_06168__IPF_FO23_1_06168__N3C078"	"N2"	"IPF/FO23-1-06168"	"IPF"	"IPF/FO23-1-06168"	1	1	8	0	0	0	0	"N1"
"IPF_FO23_1_06168__IPF_FO23_1_06168__N3C078"	"N3"	"IPF/FO23-1-06168"	"IPF"	"IPF/FO23-1-06168"	1	1	8	0	0	0	0	"N1"
"IPF_FO23_1_06168__IPF_FO23_1_06168__N3C078"	"N4"	"IPF/FO23-1-06168"	"IPF"	"IPF/FO23-1-06168"	1	1	8	0	0	0	0	"N1"
"IPF_FO23_1_06168__IPF_FO23_1_06168__N3C078"	"N5"	"IPF/FO23-1-06168"	"IPF"	"IPF/FO23-1-06168"	1	1	8	0	0	0	0	"N1"
"IPF_FO23_1_06168__IPF_FO23_1_06168__N3C078"	"N6"	"IPF/FO23-1-06168"	"IPF"	"IPF/FO23-1-06168"	1	1	8	0	0	0	0	"N1"
"IPF_FO23_1_06168__IPF_FO23_1_06168__N3C078"	"N7"	"IPF/FO23-1-06168"	"IPF"	"IPF/FO23-1-06168"	1	1	8	0	0	0	0	"N1"
"IPF_FO23_1_06168__IPF_FO23_1_06168__N3C078"	"N8"	"IPF/FO23-1-06168"	"IPF"	"IPF/FO23-1-06168"	1	1	8	1	1	0.125	1	"N1"
"IPF_FO23_1_06168__IPF_FO23_1_06168__N3C079"	"N1"	"IPF/FO23-1-06168"	"IPF"	"IPF/FO23-1-06168"	1	1	2	0	0	0	0	"N4; N8"
"IPF_FO23_1_06168__IPF_FO23_1_06168__N3C079"	"N2"	"IPF/FO23-1-06168"	"IPF"	"IPF/FO23-1-06168"	1	1	2	0	0	0	0	"N4; N8"
"IPF_FO23_1_06168__IPF_FO23_1_06168__N3C079"	"N3"	"IPF/FO23-1-06168"	"IPF"	"IPF/FO23-1-06168"	1	1	2	0	0	0	0	"N4; N8"
"IPF_FO23_1_06168__IPF_FO23_1_06168__N3C079"	"N4"	"IPF/FO23-1-06168"	"IPF"	"IPF/FO23-1-06168"	1	1	2	1	1	0.5	1	"N4; N8"
"IPF_FO23_1_06168__IPF_FO23_1_06168__N3C079"	"N5"	"IPF/FO23-1-06168"	"IPF"	"IPF/FO23-1-06168"	1	1	2	0	0	0	0	"N4; N8"
"IPF_FO23_1_06168__IPF_FO23_1_06168__N3C079"	"N6"	"IPF/FO23-1-06168"	"IPF"	"IPF/FO23-1-06168"	1	1	2	0	0	0	0	"N4; N8"
"IPF_FO23_1_06168__IPF_FO23_1_06168__N3C079"	"N7"	"IPF/FO23-1-06168"	"IPF"	"IPF/FO23-1-06168"	1	1	2	0	0	0	0	"N4; N8"
"IPF_FO23_1_06168__IPF_FO23_1_06168__N3C079"	"N8"	"IPF/FO23-1-06168"	"IPF"	"IPF/FO23-1-06168"	1	1	2	1	1	0.5	1	"N4; N8"
"IPF_FO23_1_06168__IPF_FO23_1_06168__N3C080"	"N1"	"IPF/FO23-1-06168"	"IPF"	"IPF/FO23-1-06168"	1	1	4	0	0	0	0	"N8"
"IPF_FO23_1_06168__IPF_FO23_1_06168__N3C080"	"N2"	"IPF/FO23-1-06168"	"IPF"	"IPF/FO23-1-06168"	1	1	4	0	0	0	0	"N8"
"IPF_FO23_1_06168__IPF_FO23_1_06168__N3C080"	"N3"	"IPF/FO23-1-06168"	"IPF"	"IPF/FO23-1-06168"	1	1	4	0	0	0	0	"N8"
"IPF_FO23_1_06168__IPF_FO23_1_06168__N3C080"	"N4"	"IPF/FO23-1-06168"	"IPF"	"IPF/FO23-1-06168"	1	1	4	0	0	0	0	"N8"
"IPF_FO23_1_06168__IPF_FO23_1_06168__N3C080"	"N5"	"IPF/FO23-1-06168"	"IPF"	"IPF/FO23-1-06168"	1	1	4	0	0	0	0	"N8"
"IPF_FO23_1_06168__IPF_FO23_1_06168__N3C080"	"N6"	"IPF/FO23-1-06168"	"IPF"	"IPF/FO23-1-06168"	1	1	4	1	1	0.25	1	"N8"
"IPF_FO23_1_06168__IPF_FO23_1_06168__N3C080"	"N7"	"IPF/FO23-1-06168"	"IPF"	"IPF/FO23-1-06168"	1	1	4	0	0	0	0	"N8"
"IPF_FO23_1_06168__IPF_FO23_1_06168__N3C080"	"N8"	"IPF/FO23-1-06168"	"IPF"	"IPF/FO23-1-06168"	1	1	4	3	1	0.75	1	"N8"
"IPF_FO23_1_06168__IPF_FO23_1_06168__N3C081"	"N1"	"IPF/FO23-1-06168"	"IPF"	"IPF/FO23-1-06168"	5	5	24	7	5	0.291666666666667	1	"N5"
"IPF_FO23_1_06168__IPF_FO23_1_06168__N3C081"	"N2"	"IPF/FO23-1-06168"	"IPF"	"IPF/FO23-1-06168"	5	5	24	0	0	0	0	"N5"
"IPF_FO23_1_06168__IPF_FO23_1_06168__N3C081"	"N3"	"IPF/FO23-1-06168"	"IPF"	"IPF/FO23-1-06168"	5	5	24	0	0	0	0	"N5"
"IPF_FO23_1_06168__IPF_FO23_1_06168__N3C081"	"N4"	"IPF/FO23-1-06168"	"IPF"	"IPF/FO23-1-06168"	5	5	24	0	0	0	0	"N5"
"IPF_FO23_1_06168__IPF_FO23_1_06168__N3C081"	"N5"	"IPF/FO23-1-06168"	"IPF"	"IPF/FO23-1-06168"	5	5	24	13	5	0.541666666666667	1	"N5"
"IPF_FO23_1_06168__IPF_FO23_1_06168__N3C081"	"N6"	"IPF/FO23-1-06168"	"IPF"	"IPF/FO23-1-06168"	5	5	24	0	0	0	0	"N5"
"IPF_FO23_1_06168__IPF_FO23_1_06168__N3C081"	"N7"	"IPF/FO23-1-06168"	"IPF"	"IPF/FO23-1-06168"	5	5	24	0	0	0	0	"N5"
"IPF_FO23_1_06168__IPF_FO23_1_06168__N3C081"	"N8"	"IPF/FO23-1-06168"	"IPF"	"IPF/FO23-1-06168"	5	5	24	4	4	0.166666666666667	0.8	"N5"
"IPF_FO23_1_06168__IPF_FO23_1_06168__N3C082"	"N1"	"IPF/FO23-1-06168"	"IPF"	"IPF/FO23-1-06168"	1	1	5	2	1	0.4	1	"N1; N2"
"IPF_FO23_1_06168__IPF_FO23_1_06168__N3C082"	"N2"	"IPF/FO23-1-06168"	"IPF"	"IPF/FO23-1-06168"	1	1	5	2	1	0.4	1	"N1; N2"
"IPF_FO23_1_06168__IPF_FO23_1_06168__N3C082"	"N3"	"IPF/FO23-1-06168"	"IPF"	"IPF/FO23-1-06168"	1	1	5	0	0	0	0	"N1; N2"
"IPF_FO23_1_06168__IPF_FO23_1_06168__N3C082"	"N4"	"IPF/FO23-1-06168"	"IPF"	"IPF/FO23-1-06168"	1	1	5	0	0	0	0	"N1; N2"
"IPF_FO23_1_06168__IPF_FO23_1_06168__N3C082"	"N5"	"IPF/FO23-1-06168"	"IPF"	"IPF/FO23-1-06168"	1	1	5	0	0	0	0	"N1; N2"
"IPF_FO23_1_06168__IPF_FO23_1_06168__N3C082"	"N6"	"IPF/FO23-1-06168"	"IPF"	"IPF/FO23-1-06168"	1	1	5	0	0	0	0	"N1; N2"
"IPF_FO23_1_06168__IPF_FO23_1_06168__N3C082"	"N7"	"IPF/FO23-1-06168"	"IPF"	"IPF/FO23-1-06168"	1	1	5	0	0	0	0	"N1; N2"
"IPF_FO23_1_06168__IPF_FO23_1_06168__N3C082"	"N8"	"IPF/FO23-1-06168"	"IPF"	"IPF/FO23-1-06168"	1	1	5	1	1	0.2	1	"N1; N2"
"IPF_FO23_1_06168__IPF_FO23_1_06168__N3C083"	"N1"	"IPF/FO23-1-06168"	"IPF"	"IPF/FO23-1-06168"	1	1	8	6	1	0.75	1	"N1"
"IPF_FO23_1_06168__IPF_FO23_1_06168__N3C083"	"N2"	"IPF/FO23-1-06168"	"IPF"	"IPF/FO23-1-06168"	1	1	8	0	0	0	0	"N1"
"IPF_FO23_1_06168__IPF_FO23_1_06168__N3C083"	"N3"	"IPF/FO23-1-06168"	"IPF"	"IPF/FO23-1-06168"	1	1	8	0	0	0	0	"N1"
"IPF_FO23_1_06168__IPF_FO23_1_06168__N3C083"	"N4"	"IPF/FO23-1-06168"	"IPF"	"IPF/FO23-1-06168"	1	1	8	0	0	0	0	"N1"
"IPF_FO23_1_06168__IPF_FO23_1_06168__N3C083"	"N5"	"IPF/FO23-1-06168"	"IPF"	"IPF/FO23-1-06168"	1	1	8	0	0	0	0	"N1"
"IPF_FO23_1_06168__IPF_FO23_1_06168__N3C083"	"N6"	"IPF/FO23-1-06168"	"IPF"	"IPF/FO23-1-06168"	1	1	8	0	0	0	0	"N1"
"IPF_FO23_1_06168__IPF_FO23_1_06168__N3C083"	"N7"	"IPF/FO23-1-06168"	"IPF"	"IPF/FO23-1-06168"	1	1	8	1	1	0.125	1	"N1"
"IPF_FO23_1_06168__IPF_FO23_1_06168__N3C083"	"N8"	"IPF/FO23-1-06168"	"IPF"	"IPF/FO23-1-06168"	1	1	8	1	1	0.125	1	"N1"
"IPF_FO23_1_06168__IPF_FO23_1_06168__N3C084"	"N1"	"IPF/FO23-1-06168"	"IPF"	"IPF/FO23-1-06168"	3	3	20	12	3	0.6	1	"N1"
"IPF_FO23_1_06168__IPF_FO23_1_06168__N3C084"	"N2"	"IPF/FO23-1-06168"	"IPF"	"IPF/FO23-1-06168"	3	3	20	0	0	0	0	"N1"
"IPF_FO23_1_06168__IPF_FO23_1_06168__N3C084"	"N3"	"IPF/FO23-1-06168"	"IPF"	"IPF/FO23-1-06168"	3	3	20	0	0	0	0	"N1"
"IPF_FO23_1_06168__IPF_FO23_1_06168__N3C084"	"N4"	"IPF/FO23-1-06168"	"IPF"	"IPF/FO23-1-06168"	3	3	20	0	0	0	0	"N1"
"IPF_FO23_1_06168__IPF_FO23_1_06168__N3C084"	"N5"	"IPF/FO23-1-06168"	"IPF"	"IPF/FO23-1-06168"	3	3	20	2	1	0.1	0.333333333333333	"N1"
"IPF_FO23_1_06168__IPF_FO23_1_06168__N3C084"	"N6"	"IPF/FO23-1-06168"	"IPF"	"IPF/FO23-1-06168"	3	3	20	1	1	0.05	0.333333333333333	"N1"
"IPF_FO23_1_06168__IPF_FO23_1_06168__N3C084"	"N7"	"IPF/FO23-1-06168"	"IPF"	"IPF/FO23-1-06168"	3	3	20	4	2	0.2	0.666666666666667	"N1"
"IPF_FO23_1_06168__IPF_FO23_1_06168__N3C084"	"N8"	"IPF/FO23-1-06168"	"IPF"	"IPF/FO23-1-06168"	3	3	20	1	1	0.05	0.333333333333333	"N1"
"IPF_FO23_1_06168__IPF_FO23_1_06168__N3C085"	"N1"	"IPF/FO23-1-06168"	"IPF"	"IPF/FO23-1-06168"	1	1	5	0	0	0	0	"N5"
"IPF_FO23_1_06168__IPF_FO23_1_06168__N3C085"	"N2"	"IPF/FO23-1-06168"	"IPF"	"IPF/FO23-1-06168"	1	1	5	0	0	0	0	"N5"
"IPF_FO23_1_06168__IPF_FO23_1_06168__N3C085"	"N3"	"IPF/FO23-1-06168"	"IPF"	"IPF/FO23-1-06168"	1	1	5	0	0	0	0	"N5"
"IPF_FO23_1_06168__IPF_FO23_1_06168__N3C085"	"N4"	"IPF/FO23-1-06168"	"IPF"	"IPF/FO23-1-06168"	1	1	5	0	0	0	0	"N5"
"IPF_FO23_1_06168__IPF_FO23_1_06168__N3C085"	"N5"	"IPF/FO23-1-06168"	"IPF"	"IPF/FO23-1-06168"	1	1	5	2	1	0.4	1	"N5"
"IPF_FO23_1_06168__IPF_FO23_1_06168__N3C085"	"N6"	"IPF/FO23-1-06168"	"IPF"	"IPF/FO23-1-06168"	1	1	5	1	1	0.2	1	"N5"
"IPF_FO23_1_06168__IPF_FO23_1_06168__N3C085"	"N7"	"IPF/FO23-1-06168"	"IPF"	"IPF/FO23-1-06168"	1	1	5	1	1	0.2	1	"N5"
"IPF_FO23_1_06168__IPF_FO23_1_06168__N3C085"	"N8"	"IPF/FO23-1-06168"	"IPF"	"IPF/FO23-1-06168"	1	1	5	1	1	0.2	1	"N5"
"IPF_FO23_1_06168__IPF_FO23_1_06168__N3C086"	"N1"	"IPF/FO23-1-06168"	"IPF"	"IPF/FO23-1-06168"	1	1	1	0	0	0	0	"N2"
"IPF_FO23_1_06168__IPF_FO23_1_06168__N3C086"	"N2"	"IPF/FO23-1-06168"	"IPF"	"IPF/FO23-1-06168"	1	1	1	1	1	1	1	"N2"
"IPF_FO23_1_06168__IPF_FO23_1_06168__N3C086"	"N3"	"IPF/FO23-1-06168"	"IPF"	"IPF/FO23-1-06168"	1	1	1	0	0	0	0	"N2"
"IPF_FO23_1_06168__IPF_FO23_1_06168__N3C086"	"N4"	"IPF/FO23-1-06168"	"IPF"	"IPF/FO23-1-06168"	1	1	1	0	0	0	0	"N2"
"IPF_FO23_1_06168__IPF_FO23_1_06168__N3C086"	"N5"	"IPF/FO23-1-06168"	"IPF"	"IPF/FO23-1-06168"	1	1	1	0	0	0	0	"N2"
"IPF_FO23_1_06168__IPF_FO23_1_06168__N3C086"	"N6"	"IPF/FO23-1-06168"	"IPF"	"IPF/FO23-1-06168"	1	1	1	0	0	0	0	"N2"
"IPF_FO23_1_06168__IPF_FO23_1_06168__N3C086"	"N7"	"IPF/FO23-1-06168"	"IPF"	"IPF/FO23-1-06168"	1	1	1	0	0	0	0	"N2"
"IPF_FO23_1_06168__IPF_FO23_1_06168__N3C086"	"N8"	"IPF/FO23-1-06168"	"IPF"	"IPF/FO23-1-06168"	1	1	1	0	0	0	0	"N2"
"IPF_FO23_1_06168__IPF_FO23_1_06168__N3C087"	"N1"	"IPF/FO23-1-06168"	"IPF"	"IPF/FO23-1-06168"	2	2	14	1	1	0.0714285714285714	0.5	"N5"
"IPF_FO23_1_06168__IPF_FO23_1_06168__N3C087"	"N2"	"IPF/FO23-1-06168"	"IPF"	"IPF/FO23-1-06168"	2	2	14	0	0	0	0	"N5"
"IPF_FO23_1_06168__IPF_FO23_1_06168__N3C087"	"N3"	"IPF/FO23-1-06168"	"IPF"	"IPF/FO23-1-06168"	2	2	14	0	0	0	0	"N5"
"IPF_FO23_1_06168__IPF_FO23_1_06168__N3C087"	"N4"	"IPF/FO23-1-06168"	"IPF"	"IPF/FO23-1-06168"	2	2	14	0	0	0	0	"N5"
"IPF_FO23_1_06168__IPF_FO23_1_06168__N3C087"	"N5"	"IPF/FO23-1-06168"	"IPF"	"IPF/FO23-1-06168"	2	2	14	10	2	0.714285714285714	1	"N5"
"IPF_FO23_1_06168__IPF_FO23_1_06168__N3C087"	"N6"	"IPF/FO23-1-06168"	"IPF"	"IPF/FO23-1-06168"	2	2	14	1	1	0.0714285714285714	0.5	"N5"
"IPF_FO23_1_06168__IPF_FO23_1_06168__N3C087"	"N7"	"IPF/FO23-1-06168"	"IPF"	"IPF/FO23-1-06168"	2	2	14	2	2	0.142857142857143	1	"N5"
"IPF_FO23_1_06168__IPF_FO23_1_06168__N3C087"	"N8"	"IPF/FO23-1-06168"	"IPF"	"IPF/FO23-1-06168"	2	2	14	0	0	0	0	"N5"
"IPF_FO23_1_06168__IPF_FO23_1_06168__N3C088"	"N1"	"IPF/FO23-1-06168"	"IPF"	"IPF/FO23-1-06168"	1	1	8	1	1	0.125	1	"N7"
"IPF_FO23_1_06168__IPF_FO23_1_06168__N3C088"	"N2"	"IPF/FO23-1-06168"	"IPF"	"IPF/FO23-1-06168"	1	1	8	0	0	0	0	"N7"
"IPF_FO23_1_06168__IPF_FO23_1_06168__N3C088"	"N3"	"IPF/FO23-1-06168"	"IPF"	"IPF/FO23-1-06168"	1	1	8	0	0	0	0	"N7"
"IPF_FO23_1_06168__IPF_FO23_1_06168__N3C088"	"N4"	"IPF/FO23-1-06168"	"IPF"	"IPF/FO23-1-06168"	1	1	8	0	0	0	0	"N7"
"IPF_FO23_1_06168__IPF_FO23_1_06168__N3C088"	"N5"	"IPF/FO23-1-06168"	"IPF"	"IPF/FO23-1-06168"	1	1	8	2	1	0.25	1	"N7"
"IPF_FO23_1_06168__IPF_FO23_1_06168__N3C088"	"N6"	"IPF/FO23-1-06168"	"IPF"	"IPF/FO23-1-06168"	1	1	8	0	0	0	0	"N7"
"IPF_FO23_1_06168__IPF_FO23_1_06168__N3C088"	"N7"	"IPF/FO23-1-06168"	"IPF"	"IPF/FO23-1-06168"	1	1	8	4	1	0.5	1	"N7"
"IPF_FO23_1_06168__IPF_FO23_1_06168__N3C088"	"N8"	"IPF/FO23-1-06168"	"IPF"	"IPF/FO23-1-06168"	1	1	8	1	1	0.125	1	"N7"
"IPF_FO23_1_06168__IPF_FO23_1_06168__N3C089"	"N1"	"IPF/FO23-1-06168"	"IPF"	"IPF/FO23-1-06168"	1	1	2	0	0	0	0	"N4; N5"
"IPF_FO23_1_06168__IPF_FO23_1_06168__N3C089"	"N2"	"IPF/FO23-1-06168"	"IPF"	"IPF/FO23-1-06168"	1	1	2	0	0	0	0	"N4; N5"
"IPF_FO23_1_06168__IPF_FO23_1_06168__N3C089"	"N3"	"IPF/FO23-1-06168"	"IPF"	"IPF/FO23-1-06168"	1	1	2	0	0	0	0	"N4; N5"
"IPF_FO23_1_06168__IPF_FO23_1_06168__N3C089"	"N4"	"IPF/FO23-1-06168"	"IPF"	"IPF/FO23-1-06168"	1	1	2	1	1	0.5	1	"N4; N5"
"IPF_FO23_1_06168__IPF_FO23_1_06168__N3C089"	"N5"	"IPF/FO23-1-06168"	"IPF"	"IPF/FO23-1-06168"	1	1	2	1	1	0.5	1	"N4; N5"
"IPF_FO23_1_06168__IPF_FO23_1_06168__N3C089"	"N6"	"IPF/FO23-1-06168"	"IPF"	"IPF/FO23-1-06168"	1	1	2	0	0	0	0	"N4; N5"
"IPF_FO23_1_06168__IPF_FO23_1_06168__N3C089"	"N7"	"IPF/FO23-1-06168"	"IPF"	"IPF/FO23-1-06168"	1	1	2	0	0	0	0	"N4; N5"
"IPF_FO23_1_06168__IPF_FO23_1_06168__N3C089"	"N8"	"IPF/FO23-1-06168"	"IPF"	"IPF/FO23-1-06168"	1	1	2	0	0	0	0	"N4; N5"
"IPF_FO23_1_06168__IPF_FO23_1_06168__N3C090"	"N1"	"IPF/FO23-1-06168"	"IPF"	"IPF/FO23-1-06168"	1	1	1	0	0	0	0	"N8"
"IPF_FO23_1_06168__IPF_FO23_1_06168__N3C090"	"N2"	"IPF/FO23-1-06168"	"IPF"	"IPF/FO23-1-06168"	1	1	1	0	0	0	0	"N8"
"IPF_FO23_1_06168__IPF_FO23_1_06168__N3C090"	"N3"	"IPF/FO23-1-06168"	"IPF"	"IPF/FO23-1-06168"	1	1	1	0	0	0	0	"N8"
"IPF_FO23_1_06168__IPF_FO23_1_06168__N3C090"	"N4"	"IPF/FO23-1-06168"	"IPF"	"IPF/FO23-1-06168"	1	1	1	0	0	0	0	"N8"
"IPF_FO23_1_06168__IPF_FO23_1_06168__N3C090"	"N5"	"IPF/FO23-1-06168"	"IPF"	"IPF/FO23-1-06168"	1	1	1	0	0	0	0	"N8"
"IPF_FO23_1_06168__IPF_FO23_1_06168__N3C090"	"N6"	"IPF/FO23-1-06168"	"IPF"	"IPF/FO23-1-06168"	1	1	1	0	0	0	0	"N8"
"IPF_FO23_1_06168__IPF_FO23_1_06168__N3C090"	"N7"	"IPF/FO23-1-06168"	"IPF"	"IPF/FO23-1-06168"	1	1	1	0	0	0	0	"N8"
"IPF_FO23_1_06168__IPF_FO23_1_06168__N3C090"	"N8"	"IPF/FO23-1-06168"	"IPF"	"IPF/FO23-1-06168"	1	1	1	1	1	1	1	"N8"
"IPF_FO23_1_06168__IPF_FO23_1_06168__N3C091"	"N1"	"IPF/FO23-1-06168"	"IPF"	"IPF/FO23-1-06168"	1	1	1	0	0	0	0	"N8"
"IPF_FO23_1_06168__IPF_FO23_1_06168__N3C091"	"N2"	"IPF/FO23-1-06168"	"IPF"	"IPF/FO23-1-06168"	1	1	1	0	0	0	0	"N8"
"IPF_FO23_1_06168__IPF_FO23_1_06168__N3C091"	"N3"	"IPF/FO23-1-06168"	"IPF"	"IPF/FO23-1-06168"	1	1	1	0	0	0	0	"N8"
"IPF_FO23_1_06168__IPF_FO23_1_06168__N3C091"	"N4"	"IPF/FO23-1-06168"	"IPF"	"IPF/FO23-1-06168"	1	1	1	0	0	0	0	"N8"
"IPF_FO23_1_06168__IPF_FO23_1_06168__N3C091"	"N5"	"IPF/FO23-1-06168"	"IPF"	"IPF/FO23-1-06168"	1	1	1	0	0	0	0	"N8"
"IPF_FO23_1_06168__IPF_FO23_1_06168__N3C091"	"N6"	"IPF/FO23-1-06168"	"IPF"	"IPF/FO23-1-06168"	1	1	1	0	0	0	0	"N8"
"IPF_FO23_1_06168__IPF_FO23_1_06168__N3C091"	"N7"	"IPF/FO23-1-06168"	"IPF"	"IPF/FO23-1-06168"	1	1	1	0	0	0	0	"N8"
"IPF_FO23_1_06168__IPF_FO23_1_06168__N3C091"	"N8"	"IPF/FO23-1-06168"	"IPF"	"IPF/FO23-1-06168"	1	1	1	1	1	1	1	"N8"
"IPF_FO23_1_06168__IPF_FO23_1_06168__N3C092"	"N1"	"IPF/FO23-1-06168"	"IPF"	"IPF/FO23-1-06168"	5	5	32	0	0	0	0	"N5; N8"
"IPF_FO23_1_06168__IPF_FO23_1_06168__N3C092"	"N2"	"IPF/FO23-1-06168"	"IPF"	"IPF/FO23-1-06168"	5	5	32	0	0	0	0	"N5; N8"
"IPF_FO23_1_06168__IPF_FO23_1_06168__N3C092"	"N3"	"IPF/FO23-1-06168"	"IPF"	"IPF/FO23-1-06168"	5	5	32	0	0	0	0	"N5; N8"
"IPF_FO23_1_06168__IPF_FO23_1_06168__N3C092"	"N4"	"IPF/FO23-1-06168"	"IPF"	"IPF/FO23-1-06168"	5	5	32	2	2	0.0625	0.4	"N5; N8"
"IPF_FO23_1_06168__IPF_FO23_1_06168__N3C092"	"N5"	"IPF/FO23-1-06168"	"IPF"	"IPF/FO23-1-06168"	5	5	32	15	5	0.46875	1	"N5; N8"
"IPF_FO23_1_06168__IPF_FO23_1_06168__N3C092"	"N6"	"IPF/FO23-1-06168"	"IPF"	"IPF/FO23-1-06168"	5	5	32	0	0	0	0	"N5; N8"
"IPF_FO23_1_06168__IPF_FO23_1_06168__N3C092"	"N7"	"IPF/FO23-1-06168"	"IPF"	"IPF/FO23-1-06168"	5	5	32	0	0	0	0	"N5; N8"
"IPF_FO23_1_06168__IPF_FO23_1_06168__N3C092"	"N8"	"IPF/FO23-1-06168"	"IPF"	"IPF/FO23-1-06168"	5	5	32	15	5	0.46875	1	"N5; N8"
"IPF_FO23_1_06168__IPF_FO23_1_06168__N3C093"	"N1"	"IPF/FO23-1-06168"	"IPF"	"IPF/FO23-1-06168"	1	1	3	0	0	0	0	"N7"
"IPF_FO23_1_06168__IPF_FO23_1_06168__N3C093"	"N2"	"IPF/FO23-1-06168"	"IPF"	"IPF/FO23-1-06168"	1	1	3	0	0	0	0	"N7"
"IPF_FO23_1_06168__IPF_FO23_1_06168__N3C093"	"N3"	"IPF/FO23-1-06168"	"IPF"	"IPF/FO23-1-06168"	1	1	3	0	0	0	0	"N7"
"IPF_FO23_1_06168__IPF_FO23_1_06168__N3C093"	"N4"	"IPF/FO23-1-06168"	"IPF"	"IPF/FO23-1-06168"	1	1	3	0	0	0	0	"N7"
"IPF_FO23_1_06168__IPF_FO23_1_06168__N3C093"	"N5"	"IPF/FO23-1-06168"	"IPF"	"IPF/FO23-1-06168"	1	1	3	0	0	0	0	"N7"
"IPF_FO23_1_06168__IPF_FO23_1_06168__N3C093"	"N6"	"IPF/FO23-1-06168"	"IPF"	"IPF/FO23-1-06168"	1	1	3	0	0	0	0	"N7"
"IPF_FO23_1_06168__IPF_FO23_1_06168__N3C093"	"N7"	"IPF/FO23-1-06168"	"IPF"	"IPF/FO23-1-06168"	1	1	3	3	1	1	1	"N7"
"IPF_FO23_1_06168__IPF_FO23_1_06168__N3C093"	"N8"	"IPF/FO23-1-06168"	"IPF"	"IPF/FO23-1-06168"	1	1	3	0	0	0	0	"N7"
"IPF_FO23_1_06168__IPF_FO23_1_06168__N3C094"	"N1"	"IPF/FO23-1-06168"	"IPF"	"IPF/FO23-1-06168"	1	1	1	0	0	0	0	"N5"
"IPF_FO23_1_06168__IPF_FO23_1_06168__N3C094"	"N2"	"IPF/FO23-1-06168"	"IPF"	"IPF/FO23-1-06168"	1	1	1	0	0	0	0	"N5"
"IPF_FO23_1_06168__IPF_FO23_1_06168__N3C094"	"N3"	"IPF/FO23-1-06168"	"IPF"	"IPF/FO23-1-06168"	1	1	1	0	0	0	0	"N5"
"IPF_FO23_1_06168__IPF_FO23_1_06168__N3C094"	"N4"	"IPF/FO23-1-06168"	"IPF"	"IPF/FO23-1-06168"	1	1	1	0	0	0	0	"N5"
"IPF_FO23_1_06168__IPF_FO23_1_06168__N3C094"	"N5"	"IPF/FO23-1-06168"	"IPF"	"IPF/FO23-1-06168"	1	1	1	1	1	1	1	"N5"
"IPF_FO23_1_06168__IPF_FO23_1_06168__N3C094"	"N6"	"IPF/FO23-1-06168"	"IPF"	"IPF/FO23-1-06168"	1	1	1	0	0	0	0	"N5"
"IPF_FO23_1_06168__IPF_FO23_1_06168__N3C094"	"N7"	"IPF/FO23-1-06168"	"IPF"	"IPF/FO23-1-06168"	1	1	1	0	0	0	0	"N5"
"IPF_FO23_1_06168__IPF_FO23_1_06168__N3C094"	"N8"	"IPF/FO23-1-06168"	"IPF"	"IPF/FO23-1-06168"	1	1	1	0	0	0	0	"N5"
"IPF_FO23_1_06168__IPF_FO23_1_06168__N3C095"	"N1"	"IPF/FO23-1-06168"	"IPF"	"IPF/FO23-1-06168"	1	1	7	2	1	0.285714285714286	1	"N8"
"IPF_FO23_1_06168__IPF_FO23_1_06168__N3C095"	"N2"	"IPF/FO23-1-06168"	"IPF"	"IPF/FO23-1-06168"	1	1	7	1	1	0.142857142857143	1	"N8"
"IPF_FO23_1_06168__IPF_FO23_1_06168__N3C095"	"N3"	"IPF/FO23-1-06168"	"IPF"	"IPF/FO23-1-06168"	1	1	7	0	0	0	0	"N8"
"IPF_FO23_1_06168__IPF_FO23_1_06168__N3C095"	"N4"	"IPF/FO23-1-06168"	"IPF"	"IPF/FO23-1-06168"	1	1	7	0	0	0	0	"N8"
"IPF_FO23_1_06168__IPF_FO23_1_06168__N3C095"	"N5"	"IPF/FO23-1-06168"	"IPF"	"IPF/FO23-1-06168"	1	1	7	1	1	0.142857142857143	1	"N8"
"IPF_FO23_1_06168__IPF_FO23_1_06168__N3C095"	"N6"	"IPF/FO23-1-06168"	"IPF"	"IPF/FO23-1-06168"	1	1	7	0	0	0	0	"N8"
"IPF_FO23_1_06168__IPF_FO23_1_06168__N3C095"	"N7"	"IPF/FO23-1-06168"	"IPF"	"IPF/FO23-1-06168"	1	1	7	0	0	0	0	"N8"
"IPF_FO23_1_06168__IPF_FO23_1_06168__N3C095"	"N8"	"IPF/FO23-1-06168"	"IPF"	"IPF/FO23-1-06168"	1	1	7	3	1	0.428571428571429	1	"N8"
"IPF_FO23_1_06168__IPF_FO23_1_06168__N3C096"	"N1"	"IPF/FO23-1-06168"	"IPF"	"IPF/FO23-1-06168"	1	1	3	0	0	0	0	"N5"
"IPF_FO23_1_06168__IPF_FO23_1_06168__N3C096"	"N2"	"IPF/FO23-1-06168"	"IPF"	"IPF/FO23-1-06168"	1	1	3	0	0	0	0	"N5"
"IPF_FO23_1_06168__IPF_FO23_1_06168__N3C096"	"N3"	"IPF/FO23-1-06168"	"IPF"	"IPF/FO23-1-06168"	1	1	3	0	0	0	0	"N5"
"IPF_FO23_1_06168__IPF_FO23_1_06168__N3C096"	"N4"	"IPF/FO23-1-06168"	"IPF"	"IPF/FO23-1-06168"	1	1	3	0	0	0	0	"N5"
"IPF_FO23_1_06168__IPF_FO23_1_06168__N3C096"	"N5"	"IPF/FO23-1-06168"	"IPF"	"IPF/FO23-1-06168"	1	1	3	3	1	1	1	"N5"
"IPF_FO23_1_06168__IPF_FO23_1_06168__N3C096"	"N6"	"IPF/FO23-1-06168"	"IPF"	"IPF/FO23-1-06168"	1	1	3	0	0	0	0	"N5"
"IPF_FO23_1_06168__IPF_FO23_1_06168__N3C096"	"N7"	"IPF/FO23-1-06168"	"IPF"	"IPF/FO23-1-06168"	1	1	3	0	0	0	0	"N5"
"IPF_FO23_1_06168__IPF_FO23_1_06168__N3C096"	"N8"	"IPF/FO23-1-06168"	"IPF"	"IPF/FO23-1-06168"	1	1	3	0	0	0	0	"N5"
"IPF_FO23_1_06168__IPF_FO23_1_06168__N3C097"	"N1"	"IPF/FO23-1-06168"	"IPF"	"IPF/FO23-1-06168"	2	2	14	10	2	0.714285714285714	1	"N1"
"IPF_FO23_1_06168__IPF_FO23_1_06168__N3C097"	"N2"	"IPF/FO23-1-06168"	"IPF"	"IPF/FO23-1-06168"	2	2	14	0	0	0	0	"N1"
"IPF_FO23_1_06168__IPF_FO23_1_06168__N3C097"	"N3"	"IPF/FO23-1-06168"	"IPF"	"IPF/FO23-1-06168"	2	2	14	0	0	0	0	"N1"
"IPF_FO23_1_06168__IPF_FO23_1_06168__N3C097"	"N4"	"IPF/FO23-1-06168"	"IPF"	"IPF/FO23-1-06168"	2	2	14	0	0	0	0	"N1"
"IPF_FO23_1_06168__IPF_FO23_1_06168__N3C097"	"N5"	"IPF/FO23-1-06168"	"IPF"	"IPF/FO23-1-06168"	2	2	14	1	1	0.0714285714285714	0.5	"N1"
"IPF_FO23_1_06168__IPF_FO23_1_06168__N3C097"	"N6"	"IPF/FO23-1-06168"	"IPF"	"IPF/FO23-1-06168"	2	2	14	0	0	0	0	"N1"
"IPF_FO23_1_06168__IPF_FO23_1_06168__N3C097"	"N7"	"IPF/FO23-1-06168"	"IPF"	"IPF/FO23-1-06168"	2	2	14	3	2	0.214285714285714	1	"N1"
"IPF_FO23_1_06168__IPF_FO23_1_06168__N3C097"	"N8"	"IPF/FO23-1-06168"	"IPF"	"IPF/FO23-1-06168"	2	2	14	0	0	0	0	"N1"
"IPF_FO23_1_06168__IPF_FO23_1_06168__N3C098"	"N1"	"IPF/FO23-1-06168"	"IPF"	"IPF/FO23-1-06168"	1	1	4	2	1	0.5	1	"N1"
"IPF_FO23_1_06168__IPF_FO23_1_06168__N3C098"	"N2"	"IPF/FO23-1-06168"	"IPF"	"IPF/FO23-1-06168"	1	1	4	0	0	0	0	"N1"
"IPF_FO23_1_06168__IPF_FO23_1_06168__N3C098"	"N3"	"IPF/FO23-1-06168"	"IPF"	"IPF/FO23-1-06168"	1	1	4	0	0	0	0	"N1"
"IPF_FO23_1_06168__IPF_FO23_1_06168__N3C098"	"N4"	"IPF/FO23-1-06168"	"IPF"	"IPF/FO23-1-06168"	1	1	4	0	0	0	0	"N1"
"IPF_FO23_1_06168__IPF_FO23_1_06168__N3C098"	"N5"	"IPF/FO23-1-06168"	"IPF"	"IPF/FO23-1-06168"	1	1	4	0	0	0	0	"N1"
"IPF_FO23_1_06168__IPF_FO23_1_06168__N3C098"	"N6"	"IPF/FO23-1-06168"	"IPF"	"IPF/FO23-1-06168"	1	1	4	1	1	0.25	1	"N1"
"IPF_FO23_1_06168__IPF_FO23_1_06168__N3C098"	"N7"	"IPF/FO23-1-06168"	"IPF"	"IPF/FO23-1-06168"	1	1	4	1	1	0.25	1	"N1"
"IPF_FO23_1_06168__IPF_FO23_1_06168__N3C098"	"N8"	"IPF/FO23-1-06168"	"IPF"	"IPF/FO23-1-06168"	1	1	4	0	0	0	0	"N1"
"IPF_FO23_1_06168__IPF_FO23_1_06168__N3C099"	"N1"	"IPF/FO23-1-06168"	"IPF"	"IPF/FO23-1-06168"	1	1	1	0	0	0	0	"N4"
"IPF_FO23_1_06168__IPF_FO23_1_06168__N3C099"	"N2"	"IPF/FO23-1-06168"	"IPF"	"IPF/FO23-1-06168"	1	1	1	0	0	0	0	"N4"
"IPF_FO23_1_06168__IPF_FO23_1_06168__N3C099"	"N3"	"IPF/FO23-1-06168"	"IPF"	"IPF/FO23-1-06168"	1	1	1	0	0	0	0	"N4"
"IPF_FO23_1_06168__IPF_FO23_1_06168__N3C099"	"N4"	"IPF/FO23-1-06168"	"IPF"	"IPF/FO23-1-06168"	1	1	1	1	1	1	1	"N4"
"IPF_FO23_1_06168__IPF_FO23_1_06168__N3C099"	"N5"	"IPF/FO23-1-06168"	"IPF"	"IPF/FO23-1-06168"	1	1	1	0	0	0	0	"N4"
"IPF_FO23_1_06168__IPF_FO23_1_06168__N3C099"	"N6"	"IPF/FO23-1-06168"	"IPF"	"IPF/FO23-1-06168"	1	1	1	0	0	0	0	"N4"
"IPF_FO23_1_06168__IPF_FO23_1_06168__N3C099"	"N7"	"IPF/FO23-1-06168"	"IPF"	"IPF/FO23-1-06168"	1	1	1	0	0	0	0	"N4"
"IPF_FO23_1_06168__IPF_FO23_1_06168__N3C099"	"N8"	"IPF/FO23-1-06168"	"IPF"	"IPF/FO23-1-06168"	1	1	1	0	0	0	0	"N4"
"IPF_FO23_1_06168__IPF_FO23_1_06168__N3C100"	"N1"	"IPF/FO23-1-06168"	"IPF"	"IPF/FO23-1-06168"	2	2	11	1	1	0.0909090909090909	0.5	"N5"
"IPF_FO23_1_06168__IPF_FO23_1_06168__N3C100"	"N2"	"IPF/FO23-1-06168"	"IPF"	"IPF/FO23-1-06168"	2	2	11	0	0	0	0	"N5"
"IPF_FO23_1_06168__IPF_FO23_1_06168__N3C100"	"N3"	"IPF/FO23-1-06168"	"IPF"	"IPF/FO23-1-06168"	2	2	11	0	0	0	0	"N5"
"IPF_FO23_1_06168__IPF_FO23_1_06168__N3C100"	"N4"	"IPF/FO23-1-06168"	"IPF"	"IPF/FO23-1-06168"	2	2	11	0	0	0	0	"N5"
"IPF_FO23_1_06168__IPF_FO23_1_06168__N3C100"	"N5"	"IPF/FO23-1-06168"	"IPF"	"IPF/FO23-1-06168"	2	2	11	9	2	0.818181818181818	1	"N5"
"IPF_FO23_1_06168__IPF_FO23_1_06168__N3C100"	"N6"	"IPF/FO23-1-06168"	"IPF"	"IPF/FO23-1-06168"	2	2	11	0	0	0	0	"N5"
"IPF_FO23_1_06168__IPF_FO23_1_06168__N3C100"	"N7"	"IPF/FO23-1-06168"	"IPF"	"IPF/FO23-1-06168"	2	2	11	1	1	0.0909090909090909	0.5	"N5"
"IPF_FO23_1_06168__IPF_FO23_1_06168__N3C100"	"N8"	"IPF/FO23-1-06168"	"IPF"	"IPF/FO23-1-06168"	2	2	11	0	0	0	0	"N5"
"IPF_FO23_1_06168__IPF_FO23_1_06168__N3C101"	"N1"	"IPF/FO23-1-06168"	"IPF"	"IPF/FO23-1-06168"	1	1	2	0	0	0	0	"N4"
"IPF_FO23_1_06168__IPF_FO23_1_06168__N3C101"	"N2"	"IPF/FO23-1-06168"	"IPF"	"IPF/FO23-1-06168"	1	1	2	0	0	0	0	"N4"
"IPF_FO23_1_06168__IPF_FO23_1_06168__N3C101"	"N3"	"IPF/FO23-1-06168"	"IPF"	"IPF/FO23-1-06168"	1	1	2	0	0	0	0	"N4"
"IPF_FO23_1_06168__IPF_FO23_1_06168__N3C101"	"N4"	"IPF/FO23-1-06168"	"IPF"	"IPF/FO23-1-06168"	1	1	2	2	1	1	1	"N4"
"IPF_FO23_1_06168__IPF_FO23_1_06168__N3C101"	"N5"	"IPF/FO23-1-06168"	"IPF"	"IPF/FO23-1-06168"	1	1	2	0	0	0	0	"N4"
"IPF_FO23_1_06168__IPF_FO23_1_06168__N3C101"	"N6"	"IPF/FO23-1-06168"	"IPF"	"IPF/FO23-1-06168"	1	1	2	0	0	0	0	"N4"
"IPF_FO23_1_06168__IPF_FO23_1_06168__N3C101"	"N7"	"IPF/FO23-1-06168"	"IPF"	"IPF/FO23-1-06168"	1	1	2	0	0	0	0	"N4"
"IPF_FO23_1_06168__IPF_FO23_1_06168__N3C101"	"N8"	"IPF/FO23-1-06168"	"IPF"	"IPF/FO23-1-06168"	1	1	2	0	0	0	0	"N4"
"IPF_FO23_1_06168__IPF_FO23_1_06168__N3C102"	"N1"	"IPF/FO23-1-06168"	"IPF"	"IPF/FO23-1-06168"	1	1	2	0	0	0	0	"N6; N8"
"IPF_FO23_1_06168__IPF_FO23_1_06168__N3C102"	"N2"	"IPF/FO23-1-06168"	"IPF"	"IPF/FO23-1-06168"	1	1	2	0	0	0	0	"N6; N8"
"IPF_FO23_1_06168__IPF_FO23_1_06168__N3C102"	"N3"	"IPF/FO23-1-06168"	"IPF"	"IPF/FO23-1-06168"	1	1	2	0	0	0	0	"N6; N8"
"IPF_FO23_1_06168__IPF_FO23_1_06168__N3C102"	"N4"	"IPF/FO23-1-06168"	"IPF"	"IPF/FO23-1-06168"	1	1	2	0	0	0	0	"N6; N8"
"IPF_FO23_1_06168__IPF_FO23_1_06168__N3C102"	"N5"	"IPF/FO23-1-06168"	"IPF"	"IPF/FO23-1-06168"	1	1	2	0	0	0	0	"N6; N8"
"IPF_FO23_1_06168__IPF_FO23_1_06168__N3C102"	"N6"	"IPF/FO23-1-06168"	"IPF"	"IPF/FO23-1-06168"	1	1	2	1	1	0.5	1	"N6; N8"
"IPF_FO23_1_06168__IPF_FO23_1_06168__N3C102"	"N7"	"IPF/FO23-1-06168"	"IPF"	"IPF/FO23-1-06168"	1	1	2	0	0	0	0	"N6; N8"
"IPF_FO23_1_06168__IPF_FO23_1_06168__N3C102"	"N8"	"IPF/FO23-1-06168"	"IPF"	"IPF/FO23-1-06168"	1	1	2	1	1	0.5	1	"N6; N8"
"IPF_FO23_1_06168__IPF_FO23_1_06168__N3C103"	"N1"	"IPF/FO23-1-06168"	"IPF"	"IPF/FO23-1-06168"	2	2	14	5	2	0.357142857142857	1	"N8"
"IPF_FO23_1_06168__IPF_FO23_1_06168__N3C103"	"N2"	"IPF/FO23-1-06168"	"IPF"	"IPF/FO23-1-06168"	2	2	14	1	1	0.0714285714285714	0.5	"N8"
"IPF_FO23_1_06168__IPF_FO23_1_06168__N3C103"	"N3"	"IPF/FO23-1-06168"	"IPF"	"IPF/FO23-1-06168"	2	2	14	0	0	0	0	"N8"
"IPF_FO23_1_06168__IPF_FO23_1_06168__N3C103"	"N4"	"IPF/FO23-1-06168"	"IPF"	"IPF/FO23-1-06168"	2	2	14	0	0	0	0	"N8"
"IPF_FO23_1_06168__IPF_FO23_1_06168__N3C103"	"N5"	"IPF/FO23-1-06168"	"IPF"	"IPF/FO23-1-06168"	2	2	14	0	0	0	0	"N8"
"IPF_FO23_1_06168__IPF_FO23_1_06168__N3C103"	"N6"	"IPF/FO23-1-06168"	"IPF"	"IPF/FO23-1-06168"	2	2	14	0	0	0	0	"N8"
"IPF_FO23_1_06168__IPF_FO23_1_06168__N3C103"	"N7"	"IPF/FO23-1-06168"	"IPF"	"IPF/FO23-1-06168"	2	2	14	2	2	0.142857142857143	1	"N8"
"IPF_FO23_1_06168__IPF_FO23_1_06168__N3C103"	"N8"	"IPF/FO23-1-06168"	"IPF"	"IPF/FO23-1-06168"	2	2	14	6	2	0.428571428571429	1	"N8"
"IPF_FO23_1_06168__IPF_FO23_1_06168__N3C104"	"N1"	"IPF/FO23-1-06168"	"IPF"	"IPF/FO23-1-06168"	1	1	2	0	0	0	0	"N4"
"IPF_FO23_1_06168__IPF_FO23_1_06168__N3C104"	"N2"	"IPF/FO23-1-06168"	"IPF"	"IPF/FO23-1-06168"	1	1	2	0	0	0	0	"N4"
"IPF_FO23_1_06168__IPF_FO23_1_06168__N3C104"	"N3"	"IPF/FO23-1-06168"	"IPF"	"IPF/FO23-1-06168"	1	1	2	0	0	0	0	"N4"
"IPF_FO23_1_06168__IPF_FO23_1_06168__N3C104"	"N4"	"IPF/FO23-1-06168"	"IPF"	"IPF/FO23-1-06168"	1	1	2	2	1	1	1	"N4"
"IPF_FO23_1_06168__IPF_FO23_1_06168__N3C104"	"N5"	"IPF/FO23-1-06168"	"IPF"	"IPF/FO23-1-06168"	1	1	2	0	0	0	0	"N4"
"IPF_FO23_1_06168__IPF_FO23_1_06168__N3C104"	"N6"	"IPF/FO23-1-06168"	"IPF"	"IPF/FO23-1-06168"	1	1	2	0	0	0	0	"N4"
"IPF_FO23_1_06168__IPF_FO23_1_06168__N3C104"	"N7"	"IPF/FO23-1-06168"	"IPF"	"IPF/FO23-1-06168"	1	1	2	0	0	0	0	"N4"
"IPF_FO23_1_06168__IPF_FO23_1_06168__N3C104"	"N8"	"IPF/FO23-1-06168"	"IPF"	"IPF/FO23-1-06168"	1	1	2	0	0	0	0	"N4"
"IPF_FO23_1_06168__IPF_FO23_1_06168__N3C105"	"N1"	"IPF/FO23-1-06168"	"IPF"	"IPF/FO23-1-06168"	1	1	3	1	1	0.333333333333333	1	"N1; N4; N8"
"IPF_FO23_1_06168__IPF_FO23_1_06168__N3C105"	"N2"	"IPF/FO23-1-06168"	"IPF"	"IPF/FO23-1-06168"	1	1	3	0	0	0	0	"N1; N4; N8"
"IPF_FO23_1_06168__IPF_FO23_1_06168__N3C105"	"N3"	"IPF/FO23-1-06168"	"IPF"	"IPF/FO23-1-06168"	1	1	3	0	0	0	0	"N1; N4; N8"
"IPF_FO23_1_06168__IPF_FO23_1_06168__N3C105"	"N4"	"IPF/FO23-1-06168"	"IPF"	"IPF/FO23-1-06168"	1	1	3	1	1	0.333333333333333	1	"N1; N4; N8"
"IPF_FO23_1_06168__IPF_FO23_1_06168__N3C105"	"N5"	"IPF/FO23-1-06168"	"IPF"	"IPF/FO23-1-06168"	1	1	3	0	0	0	0	"N1; N4; N8"
"IPF_FO23_1_06168__IPF_FO23_1_06168__N3C105"	"N6"	"IPF/FO23-1-06168"	"IPF"	"IPF/FO23-1-06168"	1	1	3	0	0	0	0	"N1; N4; N8"
"IPF_FO23_1_06168__IPF_FO23_1_06168__N3C105"	"N7"	"IPF/FO23-1-06168"	"IPF"	"IPF/FO23-1-06168"	1	1	3	0	0	0	0	"N1; N4; N8"
"IPF_FO23_1_06168__IPF_FO23_1_06168__N3C105"	"N8"	"IPF/FO23-1-06168"	"IPF"	"IPF/FO23-1-06168"	1	1	3	1	1	0.333333333333333	1	"N1; N4; N8"
"IPF_FO23_1_06168__IPF_FO23_1_06168__N3C106"	"N1"	"IPF/FO23-1-06168"	"IPF"	"IPF/FO23-1-06168"	2	1	2	1	1	0.5	1	"N1; N7"
"IPF_FO23_1_06168__IPF_FO23_1_06168__N3C106"	"N2"	"IPF/FO23-1-06168"	"IPF"	"IPF/FO23-1-06168"	2	1	2	0	0	0	0	"N1; N7"
"IPF_FO23_1_06168__IPF_FO23_1_06168__N3C106"	"N3"	"IPF/FO23-1-06168"	"IPF"	"IPF/FO23-1-06168"	2	1	2	0	0	0	0	"N1; N7"
"IPF_FO23_1_06168__IPF_FO23_1_06168__N3C106"	"N4"	"IPF/FO23-1-06168"	"IPF"	"IPF/FO23-1-06168"	2	1	2	0	0	0	0	"N1; N7"
"IPF_FO23_1_06168__IPF_FO23_1_06168__N3C106"	"N5"	"IPF/FO23-1-06168"	"IPF"	"IPF/FO23-1-06168"	2	1	2	0	0	0	0	"N1; N7"
"IPF_FO23_1_06168__IPF_FO23_1_06168__N3C106"	"N6"	"IPF/FO23-1-06168"	"IPF"	"IPF/FO23-1-06168"	2	1	2	0	0	0	0	"N1; N7"
"IPF_FO23_1_06168__IPF_FO23_1_06168__N3C106"	"N7"	"IPF/FO23-1-06168"	"IPF"	"IPF/FO23-1-06168"	2	1	2	1	1	0.5	1	"N1; N7"
"IPF_FO23_1_06168__IPF_FO23_1_06168__N3C106"	"N8"	"IPF/FO23-1-06168"	"IPF"	"IPF/FO23-1-06168"	2	1	2	0	0	0	0	"N1; N7"
"IPF_FO23_1_06168__IPF_FO23_1_06168__N3C107"	"N1"	"IPF/FO23-1-06168"	"IPF"	"IPF/FO23-1-06168"	13	11	28	8	6	0.285714285714286	0.545454545454545	"N8"
"IPF_FO23_1_06168__IPF_FO23_1_06168__N3C107"	"N2"	"IPF/FO23-1-06168"	"IPF"	"IPF/FO23-1-06168"	13	11	28	0	0	0	0	"N8"
"IPF_FO23_1_06168__IPF_FO23_1_06168__N3C107"	"N3"	"IPF/FO23-1-06168"	"IPF"	"IPF/FO23-1-06168"	13	11	28	0	0	0	0	"N8"
"IPF_FO23_1_06168__IPF_FO23_1_06168__N3C107"	"N4"	"IPF/FO23-1-06168"	"IPF"	"IPF/FO23-1-06168"	13	11	28	2	2	0.0714285714285714	0.181818181818182	"N8"
"IPF_FO23_1_06168__IPF_FO23_1_06168__N3C107"	"N5"	"IPF/FO23-1-06168"	"IPF"	"IPF/FO23-1-06168"	13	11	28	5	5	0.178571428571429	0.454545454545455	"N8"
"IPF_FO23_1_06168__IPF_FO23_1_06168__N3C107"	"N6"	"IPF/FO23-1-06168"	"IPF"	"IPF/FO23-1-06168"	13	11	28	1	1	0.0357142857142857	0.0909090909090909	"N8"
"IPF_FO23_1_06168__IPF_FO23_1_06168__N3C107"	"N7"	"IPF/FO23-1-06168"	"IPF"	"IPF/FO23-1-06168"	13	11	28	3	3	0.107142857142857	0.272727272727273	"N8"
"IPF_FO23_1_06168__IPF_FO23_1_06168__N3C107"	"N8"	"IPF/FO23-1-06168"	"IPF"	"IPF/FO23-1-06168"	13	11	28	9	6	0.321428571428571	0.545454545454545	"N8"
"IPF_FO23_1_06168__IPF_FO23_1_06168__N3C108"	"N1"	"IPF/FO23-1-06168"	"IPF"	"IPF/FO23-1-06168"	1	1	8	2	1	0.25	1	"N5"
"IPF_FO23_1_06168__IPF_FO23_1_06168__N3C108"	"N2"	"IPF/FO23-1-06168"	"IPF"	"IPF/FO23-1-06168"	1	1	8	0	0	0	0	"N5"
"IPF_FO23_1_06168__IPF_FO23_1_06168__N3C108"	"N3"	"IPF/FO23-1-06168"	"IPF"	"IPF/FO23-1-06168"	1	1	8	0	0	0	0	"N5"
"IPF_FO23_1_06168__IPF_FO23_1_06168__N3C108"	"N4"	"IPF/FO23-1-06168"	"IPF"	"IPF/FO23-1-06168"	1	1	8	0	0	0	0	"N5"
"IPF_FO23_1_06168__IPF_FO23_1_06168__N3C108"	"N5"	"IPF/FO23-1-06168"	"IPF"	"IPF/FO23-1-06168"	1	1	8	3	1	0.375	1	"N5"
"IPF_FO23_1_06168__IPF_FO23_1_06168__N3C108"	"N6"	"IPF/FO23-1-06168"	"IPF"	"IPF/FO23-1-06168"	1	1	8	0	0	0	0	"N5"
"IPF_FO23_1_06168__IPF_FO23_1_06168__N3C108"	"N7"	"IPF/FO23-1-06168"	"IPF"	"IPF/FO23-1-06168"	1	1	8	2	1	0.25	1	"N5"
"IPF_FO23_1_06168__IPF_FO23_1_06168__N3C108"	"N8"	"IPF/FO23-1-06168"	"IPF"	"IPF/FO23-1-06168"	1	1	8	1	1	0.125	1	"N5"
"IPF_FO23_1_06168__IPF_FO23_1_06168__N3C109"	"N1"	"IPF/FO23-1-06168"	"IPF"	"IPF/FO23-1-06168"	1	1	6	0	0	0	0	"N5"
"IPF_FO23_1_06168__IPF_FO23_1_06168__N3C109"	"N2"	"IPF/FO23-1-06168"	"IPF"	"IPF/FO23-1-06168"	1	1	6	0	0	0	0	"N5"
"IPF_FO23_1_06168__IPF_FO23_1_06168__N3C109"	"N3"	"IPF/FO23-1-06168"	"IPF"	"IPF/FO23-1-06168"	1	1	6	0	0	0	0	"N5"
"IPF_FO23_1_06168__IPF_FO23_1_06168__N3C109"	"N4"	"IPF/FO23-1-06168"	"IPF"	"IPF/FO23-1-06168"	1	1	6	0	0	0	0	"N5"
"IPF_FO23_1_06168__IPF_FO23_1_06168__N3C109"	"N5"	"IPF/FO23-1-06168"	"IPF"	"IPF/FO23-1-06168"	1	1	6	5	1	0.833333333333333	1	"N5"
"IPF_FO23_1_06168__IPF_FO23_1_06168__N3C109"	"N6"	"IPF/FO23-1-06168"	"IPF"	"IPF/FO23-1-06168"	1	1	6	0	0	0	0	"N5"
"IPF_FO23_1_06168__IPF_FO23_1_06168__N3C109"	"N7"	"IPF/FO23-1-06168"	"IPF"	"IPF/FO23-1-06168"	1	1	6	1	1	0.166666666666667	1	"N5"
"IPF_FO23_1_06168__IPF_FO23_1_06168__N3C109"	"N8"	"IPF/FO23-1-06168"	"IPF"	"IPF/FO23-1-06168"	1	1	6	0	0	0	0	"N5"
"IPF_FO23_1_06168__IPF_FO23_1_06168__N3C110"	"N1"	"IPF/FO23-1-06168"	"IPF"	"IPF/FO23-1-06168"	4	4	11	0	0	0	0	"N4"
"IPF_FO23_1_06168__IPF_FO23_1_06168__N3C110"	"N2"	"IPF/FO23-1-06168"	"IPF"	"IPF/FO23-1-06168"	4	4	11	0	0	0	0	"N4"
"IPF_FO23_1_06168__IPF_FO23_1_06168__N3C110"	"N3"	"IPF/FO23-1-06168"	"IPF"	"IPF/FO23-1-06168"	4	4	11	0	0	0	0	"N4"
"IPF_FO23_1_06168__IPF_FO23_1_06168__N3C110"	"N4"	"IPF/FO23-1-06168"	"IPF"	"IPF/FO23-1-06168"	4	4	11	5	3	0.454545454545455	0.75	"N4"
"IPF_FO23_1_06168__IPF_FO23_1_06168__N3C110"	"N5"	"IPF/FO23-1-06168"	"IPF"	"IPF/FO23-1-06168"	4	4	11	1	1	0.0909090909090909	0.25	"N4"
"IPF_FO23_1_06168__IPF_FO23_1_06168__N3C110"	"N6"	"IPF/FO23-1-06168"	"IPF"	"IPF/FO23-1-06168"	4	4	11	1	1	0.0909090909090909	0.25	"N4"
"IPF_FO23_1_06168__IPF_FO23_1_06168__N3C110"	"N7"	"IPF/FO23-1-06168"	"IPF"	"IPF/FO23-1-06168"	4	4	11	0	0	0	0	"N4"
"IPF_FO23_1_06168__IPF_FO23_1_06168__N3C110"	"N8"	"IPF/FO23-1-06168"	"IPF"	"IPF/FO23-1-06168"	4	4	11	4	3	0.363636363636364	0.75	"N4"
"IPF_FO23_1_06168__IPF_FO23_1_06168__N3C111"	"N1"	"IPF/FO23-1-06168"	"IPF"	"IPF/FO23-1-06168"	1	1	7	2	1	0.285714285714286	1	"N1; N5; N8"
"IPF_FO23_1_06168__IPF_FO23_1_06168__N3C111"	"N2"	"IPF/FO23-1-06168"	"IPF"	"IPF/FO23-1-06168"	1	1	7	0	0	0	0	"N1; N5; N8"
"IPF_FO23_1_06168__IPF_FO23_1_06168__N3C111"	"N3"	"IPF/FO23-1-06168"	"IPF"	"IPF/FO23-1-06168"	1	1	7	0	0	0	0	"N1; N5; N8"
"IPF_FO23_1_06168__IPF_FO23_1_06168__N3C111"	"N4"	"IPF/FO23-1-06168"	"IPF"	"IPF/FO23-1-06168"	1	1	7	0	0	0	0	"N1; N5; N8"
"IPF_FO23_1_06168__IPF_FO23_1_06168__N3C111"	"N5"	"IPF/FO23-1-06168"	"IPF"	"IPF/FO23-1-06168"	1	1	7	2	1	0.285714285714286	1	"N1; N5; N8"
"IPF_FO23_1_06168__IPF_FO23_1_06168__N3C111"	"N6"	"IPF/FO23-1-06168"	"IPF"	"IPF/FO23-1-06168"	1	1	7	0	0	0	0	"N1; N5; N8"
"IPF_FO23_1_06168__IPF_FO23_1_06168__N3C111"	"N7"	"IPF/FO23-1-06168"	"IPF"	"IPF/FO23-1-06168"	1	1	7	1	1	0.142857142857143	1	"N1; N5; N8"
"IPF_FO23_1_06168__IPF_FO23_1_06168__N3C111"	"N8"	"IPF/FO23-1-06168"	"IPF"	"IPF/FO23-1-06168"	1	1	7	2	1	0.285714285714286	1	"N1; N5; N8"
"IPF_FO23_1_06168__IPF_FO23_1_06168__N3C112"	"N1"	"IPF/FO23-1-06168"	"IPF"	"IPF/FO23-1-06168"	1	1	5	0	0	0	0	"N5; N6"
"IPF_FO23_1_06168__IPF_FO23_1_06168__N3C112"	"N2"	"IPF/FO23-1-06168"	"IPF"	"IPF/FO23-1-06168"	1	1	5	0	0	0	0	"N5; N6"
"IPF_FO23_1_06168__IPF_FO23_1_06168__N3C112"	"N3"	"IPF/FO23-1-06168"	"IPF"	"IPF/FO23-1-06168"	1	1	5	0	0	0	0	"N5; N6"
"IPF_FO23_1_06168__IPF_FO23_1_06168__N3C112"	"N4"	"IPF/FO23-1-06168"	"IPF"	"IPF/FO23-1-06168"	1	1	5	0	0	0	0	"N5; N6"
"IPF_FO23_1_06168__IPF_FO23_1_06168__N3C112"	"N5"	"IPF/FO23-1-06168"	"IPF"	"IPF/FO23-1-06168"	1	1	5	2	1	0.4	1	"N5; N6"
"IPF_FO23_1_06168__IPF_FO23_1_06168__N3C112"	"N6"	"IPF/FO23-1-06168"	"IPF"	"IPF/FO23-1-06168"	1	1	5	2	1	0.4	1	"N5; N6"
"IPF_FO23_1_06168__IPF_FO23_1_06168__N3C112"	"N7"	"IPF/FO23-1-06168"	"IPF"	"IPF/FO23-1-06168"	1	1	5	1	1	0.2	1	"N5; N6"
"IPF_FO23_1_06168__IPF_FO23_1_06168__N3C112"	"N8"	"IPF/FO23-1-06168"	"IPF"	"IPF/FO23-1-06168"	1	1	5	0	0	0	0	"N5; N6"
"IPF_FO23_1_06168__IPF_FO23_1_06168__N3C113"	"N1"	"IPF/FO23-1-06168"	"IPF"	"IPF/FO23-1-06168"	1	1	2	0	0	0	0	"N4; N8"
"IPF_FO23_1_06168__IPF_FO23_1_06168__N3C113"	"N2"	"IPF/FO23-1-06168"	"IPF"	"IPF/FO23-1-06168"	1	1	2	0	0	0	0	"N4; N8"
"IPF_FO23_1_06168__IPF_FO23_1_06168__N3C113"	"N3"	"IPF/FO23-1-06168"	"IPF"	"IPF/FO23-1-06168"	1	1	2	0	0	0	0	"N4; N8"
"IPF_FO23_1_06168__IPF_FO23_1_06168__N3C113"	"N4"	"IPF/FO23-1-06168"	"IPF"	"IPF/FO23-1-06168"	1	1	2	1	1	0.5	1	"N4; N8"
"IPF_FO23_1_06168__IPF_FO23_1_06168__N3C113"	"N5"	"IPF/FO23-1-06168"	"IPF"	"IPF/FO23-1-06168"	1	1	2	0	0	0	0	"N4; N8"
"IPF_FO23_1_06168__IPF_FO23_1_06168__N3C113"	"N6"	"IPF/FO23-1-06168"	"IPF"	"IPF/FO23-1-06168"	1	1	2	0	0	0	0	"N4; N8"
"IPF_FO23_1_06168__IPF_FO23_1_06168__N3C113"	"N7"	"IPF/FO23-1-06168"	"IPF"	"IPF/FO23-1-06168"	1	1	2	0	0	0	0	"N4; N8"
"IPF_FO23_1_06168__IPF_FO23_1_06168__N3C113"	"N8"	"IPF/FO23-1-06168"	"IPF"	"IPF/FO23-1-06168"	1	1	2	1	1	0.5	1	"N4; N8"
"IPF_FO23_1_06168__IPF_FO23_1_06168__N3C114"	"N1"	"IPF/FO23-1-06168"	"IPF"	"IPF/FO23-1-06168"	1	1	2	0	0	0	0	"N2; N5"
"IPF_FO23_1_06168__IPF_FO23_1_06168__N3C114"	"N2"	"IPF/FO23-1-06168"	"IPF"	"IPF/FO23-1-06168"	1	1	2	1	1	0.5	1	"N2; N5"
"IPF_FO23_1_06168__IPF_FO23_1_06168__N3C114"	"N3"	"IPF/FO23-1-06168"	"IPF"	"IPF/FO23-1-06168"	1	1	2	0	0	0	0	"N2; N5"
"IPF_FO23_1_06168__IPF_FO23_1_06168__N3C114"	"N4"	"IPF/FO23-1-06168"	"IPF"	"IPF/FO23-1-06168"	1	1	2	0	0	0	0	"N2; N5"
"IPF_FO23_1_06168__IPF_FO23_1_06168__N3C114"	"N5"	"IPF/FO23-1-06168"	"IPF"	"IPF/FO23-1-06168"	1	1	2	1	1	0.5	1	"N2; N5"
"IPF_FO23_1_06168__IPF_FO23_1_06168__N3C114"	"N6"	"IPF/FO23-1-06168"	"IPF"	"IPF/FO23-1-06168"	1	1	2	0	0	0	0	"N2; N5"
"IPF_FO23_1_06168__IPF_FO23_1_06168__N3C114"	"N7"	"IPF/FO23-1-06168"	"IPF"	"IPF/FO23-1-06168"	1	1	2	0	0	0	0	"N2; N5"
"IPF_FO23_1_06168__IPF_FO23_1_06168__N3C114"	"N8"	"IPF/FO23-1-06168"	"IPF"	"IPF/FO23-1-06168"	1	1	2	0	0	0	0	"N2; N5"
"IPF_FO23_1_06168__IPF_FO23_1_06168__N3C115"	"N1"	"IPF/FO23-1-06168"	"IPF"	"IPF/FO23-1-06168"	1	1	1	0	0	0	0	"N7"
"IPF_FO23_1_06168__IPF_FO23_1_06168__N3C115"	"N2"	"IPF/FO23-1-06168"	"IPF"	"IPF/FO23-1-06168"	1	1	1	0	0	0	0	"N7"
"IPF_FO23_1_06168__IPF_FO23_1_06168__N3C115"	"N3"	"IPF/FO23-1-06168"	"IPF"	"IPF/FO23-1-06168"	1	1	1	0	0	0	0	"N7"
"IPF_FO23_1_06168__IPF_FO23_1_06168__N3C115"	"N4"	"IPF/FO23-1-06168"	"IPF"	"IPF/FO23-1-06168"	1	1	1	0	0	0	0	"N7"
"IPF_FO23_1_06168__IPF_FO23_1_06168__N3C115"	"N5"	"IPF/FO23-1-06168"	"IPF"	"IPF/FO23-1-06168"	1	1	1	0	0	0	0	"N7"
"IPF_FO23_1_06168__IPF_FO23_1_06168__N3C115"	"N6"	"IPF/FO23-1-06168"	"IPF"	"IPF/FO23-1-06168"	1	1	1	0	0	0	0	"N7"
"IPF_FO23_1_06168__IPF_FO23_1_06168__N3C115"	"N7"	"IPF/FO23-1-06168"	"IPF"	"IPF/FO23-1-06168"	1	1	1	1	1	1	1	"N7"
"IPF_FO23_1_06168__IPF_FO23_1_06168__N3C115"	"N8"	"IPF/FO23-1-06168"	"IPF"	"IPF/FO23-1-06168"	1	1	1	0	0	0	0	"N7"
"IPF_FO23_1_06168__IPF_FO23_1_06168__N3C116"	"N1"	"IPF/FO23-1-06168"	"IPF"	"IPF/FO23-1-06168"	4	4	6	4	3	0.666666666666667	0.75	"N1"
"IPF_FO23_1_06168__IPF_FO23_1_06168__N3C116"	"N2"	"IPF/FO23-1-06168"	"IPF"	"IPF/FO23-1-06168"	4	4	6	0	0	0	0	"N1"
"IPF_FO23_1_06168__IPF_FO23_1_06168__N3C116"	"N3"	"IPF/FO23-1-06168"	"IPF"	"IPF/FO23-1-06168"	4	4	6	0	0	0	0	"N1"
"IPF_FO23_1_06168__IPF_FO23_1_06168__N3C116"	"N4"	"IPF/FO23-1-06168"	"IPF"	"IPF/FO23-1-06168"	4	4	6	0	0	0	0	"N1"
"IPF_FO23_1_06168__IPF_FO23_1_06168__N3C116"	"N5"	"IPF/FO23-1-06168"	"IPF"	"IPF/FO23-1-06168"	4	4	6	1	1	0.166666666666667	0.25	"N1"
"IPF_FO23_1_06168__IPF_FO23_1_06168__N3C116"	"N6"	"IPF/FO23-1-06168"	"IPF"	"IPF/FO23-1-06168"	4	4	6	0	0	0	0	"N1"
"IPF_FO23_1_06168__IPF_FO23_1_06168__N3C116"	"N7"	"IPF/FO23-1-06168"	"IPF"	"IPF/FO23-1-06168"	4	4	6	1	1	0.166666666666667	0.25	"N1"
"IPF_FO23_1_06168__IPF_FO23_1_06168__N3C116"	"N8"	"IPF/FO23-1-06168"	"IPF"	"IPF/FO23-1-06168"	4	4	6	0	0	0	0	"N1"
"IPF_FO23_1_06168__IPF_FO23_1_06168__N3C117"	"N1"	"IPF/FO23-1-06168"	"IPF"	"IPF/FO23-1-06168"	1	1	1	1	1	1	1	"N1"
"IPF_FO23_1_06168__IPF_FO23_1_06168__N3C117"	"N2"	"IPF/FO23-1-06168"	"IPF"	"IPF/FO23-1-06168"	1	1	1	0	0	0	0	"N1"
"IPF_FO23_1_06168__IPF_FO23_1_06168__N3C117"	"N3"	"IPF/FO23-1-06168"	"IPF"	"IPF/FO23-1-06168"	1	1	1	0	0	0	0	"N1"
"IPF_FO23_1_06168__IPF_FO23_1_06168__N3C117"	"N4"	"IPF/FO23-1-06168"	"IPF"	"IPF/FO23-1-06168"	1	1	1	0	0	0	0	"N1"
"IPF_FO23_1_06168__IPF_FO23_1_06168__N3C117"	"N5"	"IPF/FO23-1-06168"	"IPF"	"IPF/FO23-1-06168"	1	1	1	0	0	0	0	"N1"
"IPF_FO23_1_06168__IPF_FO23_1_06168__N3C117"	"N6"	"IPF/FO23-1-06168"	"IPF"	"IPF/FO23-1-06168"	1	1	1	0	0	0	0	"N1"
"IPF_FO23_1_06168__IPF_FO23_1_06168__N3C117"	"N7"	"IPF/FO23-1-06168"	"IPF"	"IPF/FO23-1-06168"	1	1	1	0	0	0	0	"N1"
"IPF_FO23_1_06168__IPF_FO23_1_06168__N3C117"	"N8"	"IPF/FO23-1-06168"	"IPF"	"IPF/FO23-1-06168"	1	1	1	0	0	0	0	"N1"
"IPF_FO23_1_06168__IPF_FO23_1_06168__N3C118"	"N1"	"IPF/FO23-1-06168"	"IPF"	"IPF/FO23-1-06168"	1	1	1	1	1	1	1	"N1"
"IPF_FO23_1_06168__IPF_FO23_1_06168__N3C118"	"N2"	"IPF/FO23-1-06168"	"IPF"	"IPF/FO23-1-06168"	1	1	1	0	0	0	0	"N1"
"IPF_FO23_1_06168__IPF_FO23_1_06168__N3C118"	"N3"	"IPF/FO23-1-06168"	"IPF"	"IPF/FO23-1-06168"	1	1	1	0	0	0	0	"N1"
"IPF_FO23_1_06168__IPF_FO23_1_06168__N3C118"	"N4"	"IPF/FO23-1-06168"	"IPF"	"IPF/FO23-1-06168"	1	1	1	0	0	0	0	"N1"
"IPF_FO23_1_06168__IPF_FO23_1_06168__N3C118"	"N5"	"IPF/FO23-1-06168"	"IPF"	"IPF/FO23-1-06168"	1	1	1	0	0	0	0	"N1"
"IPF_FO23_1_06168__IPF_FO23_1_06168__N3C118"	"N6"	"IPF/FO23-1-06168"	"IPF"	"IPF/FO23-1-06168"	1	1	1	0	0	0	0	"N1"
"IPF_FO23_1_06168__IPF_FO23_1_06168__N3C118"	"N7"	"IPF/FO23-1-06168"	"IPF"	"IPF/FO23-1-06168"	1	1	1	0	0	0	0	"N1"
"IPF_FO23_1_06168__IPF_FO23_1_06168__N3C118"	"N8"	"IPF/FO23-1-06168"	"IPF"	"IPF/FO23-1-06168"	1	1	1	0	0	0	0	"N1"
"IPF_FO23_1_06168__IPF_FO23_1_06168__N3C119"	"N1"	"IPF/FO23-1-06168"	"IPF"	"IPF/FO23-1-06168"	1	1	2	0	0	0	0	"N8"
"IPF_FO23_1_06168__IPF_FO23_1_06168__N3C119"	"N2"	"IPF/FO23-1-06168"	"IPF"	"IPF/FO23-1-06168"	1	1	2	0	0	0	0	"N8"
"IPF_FO23_1_06168__IPF_FO23_1_06168__N3C119"	"N3"	"IPF/FO23-1-06168"	"IPF"	"IPF/FO23-1-06168"	1	1	2	0	0	0	0	"N8"
"IPF_FO23_1_06168__IPF_FO23_1_06168__N3C119"	"N4"	"IPF/FO23-1-06168"	"IPF"	"IPF/FO23-1-06168"	1	1	2	0	0	0	0	"N8"
"IPF_FO23_1_06168__IPF_FO23_1_06168__N3C119"	"N5"	"IPF/FO23-1-06168"	"IPF"	"IPF/FO23-1-06168"	1	1	2	0	0	0	0	"N8"
"IPF_FO23_1_06168__IPF_FO23_1_06168__N3C119"	"N6"	"IPF/FO23-1-06168"	"IPF"	"IPF/FO23-1-06168"	1	1	2	0	0	0	0	"N8"
"IPF_FO23_1_06168__IPF_FO23_1_06168__N3C119"	"N7"	"IPF/FO23-1-06168"	"IPF"	"IPF/FO23-1-06168"	1	1	2	0	0	0	0	"N8"
"IPF_FO23_1_06168__IPF_FO23_1_06168__N3C119"	"N8"	"IPF/FO23-1-06168"	"IPF"	"IPF/FO23-1-06168"	1	1	2	2	1	1	1	"N8"
"IPF_FO23_1_06168__IPF_FO23_1_06168__N3C120"	"N1"	"IPF/FO23-1-06168"	"IPF"	"IPF/FO23-1-06168"	1	0	0	0	0	NA	NA	"None"
"IPF_FO23_1_06168__IPF_FO23_1_06168__N3C120"	"N2"	"IPF/FO23-1-06168"	"IPF"	"IPF/FO23-1-06168"	1	0	0	0	0	NA	NA	"None"
"IPF_FO23_1_06168__IPF_FO23_1_06168__N3C120"	"N3"	"IPF/FO23-1-06168"	"IPF"	"IPF/FO23-1-06168"	1	0	0	0	0	NA	NA	"None"
"IPF_FO23_1_06168__IPF_FO23_1_06168__N3C120"	"N4"	"IPF/FO23-1-06168"	"IPF"	"IPF/FO23-1-06168"	1	0	0	0	0	NA	NA	"None"
"IPF_FO23_1_06168__IPF_FO23_1_06168__N3C120"	"N5"	"IPF/FO23-1-06168"	"IPF"	"IPF/FO23-1-06168"	1	0	0	0	0	NA	NA	"None"
"IPF_FO23_1_06168__IPF_FO23_1_06168__N3C120"	"N6"	"IPF/FO23-1-06168"	"IPF"	"IPF/FO23-1-06168"	1	0	0	0	0	NA	NA	"None"
"IPF_FO23_1_06168__IPF_FO23_1_06168__N3C120"	"N7"	"IPF/FO23-1-06168"	"IPF"	"IPF/FO23-1-06168"	1	0	0	0	0	NA	NA	"None"
"IPF_FO23_1_06168__IPF_FO23_1_06168__N3C120"	"N8"	"IPF/FO23-1-06168"	"IPF"	"IPF/FO23-1-06168"	1	0	0	0	0	NA	NA	"None"
"IPF_FO23_1_06168__IPF_FO23_1_06168__N3C121"	"N1"	"IPF/FO23-1-06168"	"IPF"	"IPF/FO23-1-06168"	2	0	0	0	0	NA	NA	"None"
"IPF_FO23_1_06168__IPF_FO23_1_06168__N3C121"	"N2"	"IPF/FO23-1-06168"	"IPF"	"IPF/FO23-1-06168"	2	0	0	0	0	NA	NA	"None"
"IPF_FO23_1_06168__IPF_FO23_1_06168__N3C121"	"N3"	"IPF/FO23-1-06168"	"IPF"	"IPF/FO23-1-06168"	2	0	0	0	0	NA	NA	"None"
"IPF_FO23_1_06168__IPF_FO23_1_06168__N3C121"	"N4"	"IPF/FO23-1-06168"	"IPF"	"IPF/FO23-1-06168"	2	0	0	0	0	NA	NA	"None"
"IPF_FO23_1_06168__IPF_FO23_1_06168__N3C121"	"N5"	"IPF/FO23-1-06168"	"IPF"	"IPF/FO23-1-06168"	2	0	0	0	0	NA	NA	"None"
"IPF_FO23_1_06168__IPF_FO23_1_06168__N3C121"	"N6"	"IPF/FO23-1-06168"	"IPF"	"IPF/FO23-1-06168"	2	0	0	0	0	NA	NA	"None"
"IPF_FO23_1_06168__IPF_FO23_1_06168__N3C121"	"N7"	"IPF/FO23-1-06168"	"IPF"	"IPF/FO23-1-06168"	2	0	0	0	0	NA	NA	"None"
"IPF_FO23_1_06168__IPF_FO23_1_06168__N3C121"	"N8"	"IPF/FO23-1-06168"	"IPF"	"IPF/FO23-1-06168"	2	0	0	0	0	NA	NA	"None"
"IPF_FO23_1_06168__IPF_FO23_1_06168__N3C122"	"N1"	"IPF/FO23-1-06168"	"IPF"	"IPF/FO23-1-06168"	1	0	0	0	0	NA	NA	"None"
"IPF_FO23_1_06168__IPF_FO23_1_06168__N3C122"	"N2"	"IPF/FO23-1-06168"	"IPF"	"IPF/FO23-1-06168"	1	0	0	0	0	NA	NA	"None"
"IPF_FO23_1_06168__IPF_FO23_1_06168__N3C122"	"N3"	"IPF/FO23-1-06168"	"IPF"	"IPF/FO23-1-06168"	1	0	0	0	0	NA	NA	"None"
"IPF_FO23_1_06168__IPF_FO23_1_06168__N3C122"	"N4"	"IPF/FO23-1-06168"	"IPF"	"IPF/FO23-1-06168"	1	0	0	0	0	NA	NA	"None"
"IPF_FO23_1_06168__IPF_FO23_1_06168__N3C122"	"N5"	"IPF/FO23-1-06168"	"IPF"	"IPF/FO23-1-06168"	1	0	0	0	0	NA	NA	"None"
"IPF_FO23_1_06168__IPF_FO23_1_06168__N3C122"	"N6"	"IPF/FO23-1-06168"	"IPF"	"IPF/FO23-1-06168"	1	0	0	0	0	NA	NA	"None"
"IPF_FO23_1_06168__IPF_FO23_1_06168__N3C122"	"N7"	"IPF/FO23-1-06168"	"IPF"	"IPF/FO23-1-06168"	1	0	0	0	0	NA	NA	"None"
"IPF_FO23_1_06168__IPF_FO23_1_06168__N3C122"	"N8"	"IPF/FO23-1-06168"	"IPF"	"IPF/FO23-1-06168"	1	0	0	0	0	NA	NA	"None"
"IPF_FO23_1_06168__IPF_FO23_1_06168__N3C123"	"N1"	"IPF/FO23-1-06168"	"IPF"	"IPF/FO23-1-06168"	1	0	0	0	0	NA	NA	"None"
"IPF_FO23_1_06168__IPF_FO23_1_06168__N3C123"	"N2"	"IPF/FO23-1-06168"	"IPF"	"IPF/FO23-1-06168"	1	0	0	0	0	NA	NA	"None"
"IPF_FO23_1_06168__IPF_FO23_1_06168__N3C123"	"N3"	"IPF/FO23-1-06168"	"IPF"	"IPF/FO23-1-06168"	1	0	0	0	0	NA	NA	"None"
"IPF_FO23_1_06168__IPF_FO23_1_06168__N3C123"	"N4"	"IPF/FO23-1-06168"	"IPF"	"IPF/FO23-1-06168"	1	0	0	0	0	NA	NA	"None"
"IPF_FO23_1_06168__IPF_FO23_1_06168__N3C123"	"N5"	"IPF/FO23-1-06168"	"IPF"	"IPF/FO23-1-06168"	1	0	0	0	0	NA	NA	"None"
"IPF_FO23_1_06168__IPF_FO23_1_06168__N3C123"	"N6"	"IPF/FO23-1-06168"	"IPF"	"IPF/FO23-1-06168"	1	0	0	0	0	NA	NA	"None"
"IPF_FO23_1_06168__IPF_FO23_1_06168__N3C123"	"N7"	"IPF/FO23-1-06168"	"IPF"	"IPF/FO23-1-06168"	1	0	0	0	0	NA	NA	"None"
"IPF_FO23_1_06168__IPF_FO23_1_06168__N3C123"	"N8"	"IPF/FO23-1-06168"	"IPF"	"IPF/FO23-1-06168"	1	0	0	0	0	NA	NA	"None"
"IPF_FO23_1_06170__IPF_FO23_1_06170__N3C001"	"N1"	"IPF/FO23-1-06170"	"IPF"	"IPF/FO23-1-06170"	2	2	2	0	0	0	0	"N5"
"IPF_FO23_1_06170__IPF_FO23_1_06170__N3C001"	"N2"	"IPF/FO23-1-06170"	"IPF"	"IPF/FO23-1-06170"	2	2	2	0	0	0	0	"N5"
"IPF_FO23_1_06170__IPF_FO23_1_06170__N3C001"	"N3"	"IPF/FO23-1-06170"	"IPF"	"IPF/FO23-1-06170"	2	2	2	0	0	0	0	"N5"
"IPF_FO23_1_06170__IPF_FO23_1_06170__N3C001"	"N4"	"IPF/FO23-1-06170"	"IPF"	"IPF/FO23-1-06170"	2	2	2	0	0	0	0	"N5"
"IPF_FO23_1_06170__IPF_FO23_1_06170__N3C001"	"N5"	"IPF/FO23-1-06170"	"IPF"	"IPF/FO23-1-06170"	2	2	2	2	2	1	1	"N5"
"IPF_FO23_1_06170__IPF_FO23_1_06170__N3C001"	"N6"	"IPF/FO23-1-06170"	"IPF"	"IPF/FO23-1-06170"	2	2	2	0	0	0	0	"N5"
"IPF_FO23_1_06170__IPF_FO23_1_06170__N3C001"	"N7"	"IPF/FO23-1-06170"	"IPF"	"IPF/FO23-1-06170"	2	2	2	0	0	0	0	"N5"
"IPF_FO23_1_06170__IPF_FO23_1_06170__N3C001"	"N8"	"IPF/FO23-1-06170"	"IPF"	"IPF/FO23-1-06170"	2	2	2	0	0	0	0	"N5"
"IPF_FO23_1_06170__IPF_FO23_1_06170__N3C002"	"N1"	"IPF/FO23-1-06170"	"IPF"	"IPF/FO23-1-06170"	1	1	4	1	1	0.25	1	"N6"
"IPF_FO23_1_06170__IPF_FO23_1_06170__N3C002"	"N2"	"IPF/FO23-1-06170"	"IPF"	"IPF/FO23-1-06170"	1	1	4	0	0	0	0	"N6"
"IPF_FO23_1_06170__IPF_FO23_1_06170__N3C002"	"N3"	"IPF/FO23-1-06170"	"IPF"	"IPF/FO23-1-06170"	1	1	4	0	0	0	0	"N6"
"IPF_FO23_1_06170__IPF_FO23_1_06170__N3C002"	"N4"	"IPF/FO23-1-06170"	"IPF"	"IPF/FO23-1-06170"	1	1	4	0	0	0	0	"N6"
"IPF_FO23_1_06170__IPF_FO23_1_06170__N3C002"	"N5"	"IPF/FO23-1-06170"	"IPF"	"IPF/FO23-1-06170"	1	1	4	0	0	0	0	"N6"
"IPF_FO23_1_06170__IPF_FO23_1_06170__N3C002"	"N6"	"IPF/FO23-1-06170"	"IPF"	"IPF/FO23-1-06170"	1	1	4	2	1	0.5	1	"N6"
"IPF_FO23_1_06170__IPF_FO23_1_06170__N3C002"	"N7"	"IPF/FO23-1-06170"	"IPF"	"IPF/FO23-1-06170"	1	1	4	1	1	0.25	1	"N6"
"IPF_FO23_1_06170__IPF_FO23_1_06170__N3C002"	"N8"	"IPF/FO23-1-06170"	"IPF"	"IPF/FO23-1-06170"	1	1	4	0	0	0	0	"N6"
"IPF_FO23_1_06170__IPF_FO23_1_06170__N3C003"	"N1"	"IPF/FO23-1-06170"	"IPF"	"IPF/FO23-1-06170"	1	1	6	2	1	0.333333333333333	1	"N1; N5; N8"
"IPF_FO23_1_06170__IPF_FO23_1_06170__N3C003"	"N2"	"IPF/FO23-1-06170"	"IPF"	"IPF/FO23-1-06170"	1	1	6	0	0	0	0	"N1; N5; N8"
"IPF_FO23_1_06170__IPF_FO23_1_06170__N3C003"	"N3"	"IPF/FO23-1-06170"	"IPF"	"IPF/FO23-1-06170"	1	1	6	0	0	0	0	"N1; N5; N8"
"IPF_FO23_1_06170__IPF_FO23_1_06170__N3C003"	"N4"	"IPF/FO23-1-06170"	"IPF"	"IPF/FO23-1-06170"	1	1	6	0	0	0	0	"N1; N5; N8"
"IPF_FO23_1_06170__IPF_FO23_1_06170__N3C003"	"N5"	"IPF/FO23-1-06170"	"IPF"	"IPF/FO23-1-06170"	1	1	6	2	1	0.333333333333333	1	"N1; N5; N8"
"IPF_FO23_1_06170__IPF_FO23_1_06170__N3C003"	"N6"	"IPF/FO23-1-06170"	"IPF"	"IPF/FO23-1-06170"	1	1	6	0	0	0	0	"N1; N5; N8"
"IPF_FO23_1_06170__IPF_FO23_1_06170__N3C003"	"N7"	"IPF/FO23-1-06170"	"IPF"	"IPF/FO23-1-06170"	1	1	6	0	0	0	0	"N1; N5; N8"
"IPF_FO23_1_06170__IPF_FO23_1_06170__N3C003"	"N8"	"IPF/FO23-1-06170"	"IPF"	"IPF/FO23-1-06170"	1	1	6	2	1	0.333333333333333	1	"N1; N5; N8"
"IPF_FO23_1_06170__IPF_FO23_1_06170__N3C004"	"N1"	"IPF/FO23-1-06170"	"IPF"	"IPF/FO23-1-06170"	2	2	14	1	1	0.0714285714285714	0.5	"N7"
"IPF_FO23_1_06170__IPF_FO23_1_06170__N3C004"	"N2"	"IPF/FO23-1-06170"	"IPF"	"IPF/FO23-1-06170"	2	2	14	0	0	0	0	"N7"
"IPF_FO23_1_06170__IPF_FO23_1_06170__N3C004"	"N3"	"IPF/FO23-1-06170"	"IPF"	"IPF/FO23-1-06170"	2	2	14	0	0	0	0	"N7"
"IPF_FO23_1_06170__IPF_FO23_1_06170__N3C004"	"N4"	"IPF/FO23-1-06170"	"IPF"	"IPF/FO23-1-06170"	2	2	14	0	0	0	0	"N7"
"IPF_FO23_1_06170__IPF_FO23_1_06170__N3C004"	"N5"	"IPF/FO23-1-06170"	"IPF"	"IPF/FO23-1-06170"	2	2	14	3	2	0.214285714285714	1	"N7"
"IPF_FO23_1_06170__IPF_FO23_1_06170__N3C004"	"N6"	"IPF/FO23-1-06170"	"IPF"	"IPF/FO23-1-06170"	2	2	14	1	1	0.0714285714285714	0.5	"N7"
"IPF_FO23_1_06170__IPF_FO23_1_06170__N3C004"	"N7"	"IPF/FO23-1-06170"	"IPF"	"IPF/FO23-1-06170"	2	2	14	8	2	0.571428571428571	1	"N7"
"IPF_FO23_1_06170__IPF_FO23_1_06170__N3C004"	"N8"	"IPF/FO23-1-06170"	"IPF"	"IPF/FO23-1-06170"	2	2	14	1	1	0.0714285714285714	0.5	"N7"
"IPF_FO23_1_06170__IPF_FO23_1_06170__N3C005"	"N1"	"IPF/FO23-1-06170"	"IPF"	"IPF/FO23-1-06170"	1	1	8	2	1	0.25	1	"N5"
"IPF_FO23_1_06170__IPF_FO23_1_06170__N3C005"	"N2"	"IPF/FO23-1-06170"	"IPF"	"IPF/FO23-1-06170"	1	1	8	0	0	0	0	"N5"
"IPF_FO23_1_06170__IPF_FO23_1_06170__N3C005"	"N3"	"IPF/FO23-1-06170"	"IPF"	"IPF/FO23-1-06170"	1	1	8	0	0	0	0	"N5"
"IPF_FO23_1_06170__IPF_FO23_1_06170__N3C005"	"N4"	"IPF/FO23-1-06170"	"IPF"	"IPF/FO23-1-06170"	1	1	8	0	0	0	0	"N5"
"IPF_FO23_1_06170__IPF_FO23_1_06170__N3C005"	"N5"	"IPF/FO23-1-06170"	"IPF"	"IPF/FO23-1-06170"	1	1	8	4	1	0.5	1	"N5"
"IPF_FO23_1_06170__IPF_FO23_1_06170__N3C005"	"N6"	"IPF/FO23-1-06170"	"IPF"	"IPF/FO23-1-06170"	1	1	8	1	1	0.125	1	"N5"
"IPF_FO23_1_06170__IPF_FO23_1_06170__N3C005"	"N7"	"IPF/FO23-1-06170"	"IPF"	"IPF/FO23-1-06170"	1	1	8	0	0	0	0	"N5"
"IPF_FO23_1_06170__IPF_FO23_1_06170__N3C005"	"N8"	"IPF/FO23-1-06170"	"IPF"	"IPF/FO23-1-06170"	1	1	8	1	1	0.125	1	"N5"
"IPF_FO23_1_06170__IPF_FO23_1_06170__N3C006"	"N1"	"IPF/FO23-1-06170"	"IPF"	"IPF/FO23-1-06170"	2	2	14	1	1	0.0714285714285714	0.5	"N7"
"IPF_FO23_1_06170__IPF_FO23_1_06170__N3C006"	"N2"	"IPF/FO23-1-06170"	"IPF"	"IPF/FO23-1-06170"	2	2	14	0	0	0	0	"N7"
"IPF_FO23_1_06170__IPF_FO23_1_06170__N3C006"	"N3"	"IPF/FO23-1-06170"	"IPF"	"IPF/FO23-1-06170"	2	2	14	0	0	0	0	"N7"
"IPF_FO23_1_06170__IPF_FO23_1_06170__N3C006"	"N4"	"IPF/FO23-1-06170"	"IPF"	"IPF/FO23-1-06170"	2	2	14	0	0	0	0	"N7"
"IPF_FO23_1_06170__IPF_FO23_1_06170__N3C006"	"N5"	"IPF/FO23-1-06170"	"IPF"	"IPF/FO23-1-06170"	2	2	14	3	2	0.214285714285714	1	"N7"
"IPF_FO23_1_06170__IPF_FO23_1_06170__N3C006"	"N6"	"IPF/FO23-1-06170"	"IPF"	"IPF/FO23-1-06170"	2	2	14	1	1	0.0714285714285714	0.5	"N7"
"IPF_FO23_1_06170__IPF_FO23_1_06170__N3C006"	"N7"	"IPF/FO23-1-06170"	"IPF"	"IPF/FO23-1-06170"	2	2	14	7	2	0.5	1	"N7"
"IPF_FO23_1_06170__IPF_FO23_1_06170__N3C006"	"N8"	"IPF/FO23-1-06170"	"IPF"	"IPF/FO23-1-06170"	2	2	14	2	2	0.142857142857143	1	"N7"
"IPF_FO23_1_06170__IPF_FO23_1_06170__N3C007"	"N1"	"IPF/FO23-1-06170"	"IPF"	"IPF/FO23-1-06170"	1	1	8	1	1	0.125	1	"N8"
"IPF_FO23_1_06170__IPF_FO23_1_06170__N3C007"	"N2"	"IPF/FO23-1-06170"	"IPF"	"IPF/FO23-1-06170"	1	1	8	0	0	0	0	"N8"
"IPF_FO23_1_06170__IPF_FO23_1_06170__N3C007"	"N3"	"IPF/FO23-1-06170"	"IPF"	"IPF/FO23-1-06170"	1	1	8	0	0	0	0	"N8"
"IPF_FO23_1_06170__IPF_FO23_1_06170__N3C007"	"N4"	"IPF/FO23-1-06170"	"IPF"	"IPF/FO23-1-06170"	1	1	8	2	1	0.25	1	"N8"
"IPF_FO23_1_06170__IPF_FO23_1_06170__N3C007"	"N5"	"IPF/FO23-1-06170"	"IPF"	"IPF/FO23-1-06170"	1	1	8	1	1	0.125	1	"N8"
"IPF_FO23_1_06170__IPF_FO23_1_06170__N3C007"	"N6"	"IPF/FO23-1-06170"	"IPF"	"IPF/FO23-1-06170"	1	1	8	0	0	0	0	"N8"
"IPF_FO23_1_06170__IPF_FO23_1_06170__N3C007"	"N7"	"IPF/FO23-1-06170"	"IPF"	"IPF/FO23-1-06170"	1	1	8	1	1	0.125	1	"N8"
"IPF_FO23_1_06170__IPF_FO23_1_06170__N3C007"	"N8"	"IPF/FO23-1-06170"	"IPF"	"IPF/FO23-1-06170"	1	1	8	3	1	0.375	1	"N8"
"IPF_FO23_1_06170__IPF_FO23_1_06170__N3C008"	"N1"	"IPF/FO23-1-06170"	"IPF"	"IPF/FO23-1-06170"	5	5	32	23	5	0.71875	1	"N1"
"IPF_FO23_1_06170__IPF_FO23_1_06170__N3C008"	"N2"	"IPF/FO23-1-06170"	"IPF"	"IPF/FO23-1-06170"	5	5	32	0	0	0	0	"N1"
"IPF_FO23_1_06170__IPF_FO23_1_06170__N3C008"	"N3"	"IPF/FO23-1-06170"	"IPF"	"IPF/FO23-1-06170"	5	5	32	0	0	0	0	"N1"
"IPF_FO23_1_06170__IPF_FO23_1_06170__N3C008"	"N4"	"IPF/FO23-1-06170"	"IPF"	"IPF/FO23-1-06170"	5	5	32	0	0	0	0	"N1"
"IPF_FO23_1_06170__IPF_FO23_1_06170__N3C008"	"N5"	"IPF/FO23-1-06170"	"IPF"	"IPF/FO23-1-06170"	5	5	32	4	3	0.125	0.6	"N1"
"IPF_FO23_1_06170__IPF_FO23_1_06170__N3C008"	"N6"	"IPF/FO23-1-06170"	"IPF"	"IPF/FO23-1-06170"	5	5	32	2	1	0.0625	0.2	"N1"
"IPF_FO23_1_06170__IPF_FO23_1_06170__N3C008"	"N7"	"IPF/FO23-1-06170"	"IPF"	"IPF/FO23-1-06170"	5	5	32	1	1	0.03125	0.2	"N1"
"IPF_FO23_1_06170__IPF_FO23_1_06170__N3C008"	"N8"	"IPF/FO23-1-06170"	"IPF"	"IPF/FO23-1-06170"	5	5	32	2	2	0.0625	0.4	"N1"
"IPF_FO23_1_06170__IPF_FO23_1_06170__N3C009"	"N1"	"IPF/FO23-1-06170"	"IPF"	"IPF/FO23-1-06170"	1	1	8	4	1	0.5	1	"N1"
"IPF_FO23_1_06170__IPF_FO23_1_06170__N3C009"	"N2"	"IPF/FO23-1-06170"	"IPF"	"IPF/FO23-1-06170"	1	1	8	1	1	0.125	1	"N1"
"IPF_FO23_1_06170__IPF_FO23_1_06170__N3C009"	"N3"	"IPF/FO23-1-06170"	"IPF"	"IPF/FO23-1-06170"	1	1	8	0	0	0	0	"N1"
"IPF_FO23_1_06170__IPF_FO23_1_06170__N3C009"	"N4"	"IPF/FO23-1-06170"	"IPF"	"IPF/FO23-1-06170"	1	1	8	0	0	0	0	"N1"
"IPF_FO23_1_06170__IPF_FO23_1_06170__N3C009"	"N5"	"IPF/FO23-1-06170"	"IPF"	"IPF/FO23-1-06170"	1	1	8	2	1	0.25	1	"N1"
"IPF_FO23_1_06170__IPF_FO23_1_06170__N3C009"	"N6"	"IPF/FO23-1-06170"	"IPF"	"IPF/FO23-1-06170"	1	1	8	0	0	0	0	"N1"
"IPF_FO23_1_06170__IPF_FO23_1_06170__N3C009"	"N7"	"IPF/FO23-1-06170"	"IPF"	"IPF/FO23-1-06170"	1	1	8	0	0	0	0	"N1"
"IPF_FO23_1_06170__IPF_FO23_1_06170__N3C009"	"N8"	"IPF/FO23-1-06170"	"IPF"	"IPF/FO23-1-06170"	1	1	8	1	1	0.125	1	"N1"
"IPF_FO23_1_06170__IPF_FO23_1_06170__N3C010"	"N1"	"IPF/FO23-1-06170"	"IPF"	"IPF/FO23-1-06170"	1	1	8	3	1	0.375	1	"N1; N5"
"IPF_FO23_1_06170__IPF_FO23_1_06170__N3C010"	"N2"	"IPF/FO23-1-06170"	"IPF"	"IPF/FO23-1-06170"	1	1	8	0	0	0	0	"N1; N5"
"IPF_FO23_1_06170__IPF_FO23_1_06170__N3C010"	"N3"	"IPF/FO23-1-06170"	"IPF"	"IPF/FO23-1-06170"	1	1	8	0	0	0	0	"N1; N5"
"IPF_FO23_1_06170__IPF_FO23_1_06170__N3C010"	"N4"	"IPF/FO23-1-06170"	"IPF"	"IPF/FO23-1-06170"	1	1	8	0	0	0	0	"N1; N5"
"IPF_FO23_1_06170__IPF_FO23_1_06170__N3C010"	"N5"	"IPF/FO23-1-06170"	"IPF"	"IPF/FO23-1-06170"	1	1	8	3	1	0.375	1	"N1; N5"
"IPF_FO23_1_06170__IPF_FO23_1_06170__N3C010"	"N6"	"IPF/FO23-1-06170"	"IPF"	"IPF/FO23-1-06170"	1	1	8	1	1	0.125	1	"N1; N5"
"IPF_FO23_1_06170__IPF_FO23_1_06170__N3C010"	"N7"	"IPF/FO23-1-06170"	"IPF"	"IPF/FO23-1-06170"	1	1	8	0	0	0	0	"N1; N5"
"IPF_FO23_1_06170__IPF_FO23_1_06170__N3C010"	"N8"	"IPF/FO23-1-06170"	"IPF"	"IPF/FO23-1-06170"	1	1	8	1	1	0.125	1	"N1; N5"
"IPF_FO23_1_06170__IPF_FO23_1_06170__N3C011"	"N1"	"IPF/FO23-1-06170"	"IPF"	"IPF/FO23-1-06170"	1	1	6	2	1	0.333333333333333	1	"N1; N5; N6"
"IPF_FO23_1_06170__IPF_FO23_1_06170__N3C011"	"N2"	"IPF/FO23-1-06170"	"IPF"	"IPF/FO23-1-06170"	1	1	6	0	0	0	0	"N1; N5; N6"
"IPF_FO23_1_06170__IPF_FO23_1_06170__N3C011"	"N3"	"IPF/FO23-1-06170"	"IPF"	"IPF/FO23-1-06170"	1	1	6	0	0	0	0	"N1; N5; N6"
"IPF_FO23_1_06170__IPF_FO23_1_06170__N3C011"	"N4"	"IPF/FO23-1-06170"	"IPF"	"IPF/FO23-1-06170"	1	1	6	0	0	0	0	"N1; N5; N6"
"IPF_FO23_1_06170__IPF_FO23_1_06170__N3C011"	"N5"	"IPF/FO23-1-06170"	"IPF"	"IPF/FO23-1-06170"	1	1	6	2	1	0.333333333333333	1	"N1; N5; N6"
"IPF_FO23_1_06170__IPF_FO23_1_06170__N3C011"	"N6"	"IPF/FO23-1-06170"	"IPF"	"IPF/FO23-1-06170"	1	1	6	2	1	0.333333333333333	1	"N1; N5; N6"
"IPF_FO23_1_06170__IPF_FO23_1_06170__N3C011"	"N7"	"IPF/FO23-1-06170"	"IPF"	"IPF/FO23-1-06170"	1	1	6	0	0	0	0	"N1; N5; N6"
"IPF_FO23_1_06170__IPF_FO23_1_06170__N3C011"	"N8"	"IPF/FO23-1-06170"	"IPF"	"IPF/FO23-1-06170"	1	1	6	0	0	0	0	"N1; N5; N6"
"IPF_FO23_1_06170__IPF_FO23_1_06170__N3C012"	"N1"	"IPF/FO23-1-06170"	"IPF"	"IPF/FO23-1-06170"	1	1	8	1	1	0.125	1	"N5; N6; N8"
"IPF_FO23_1_06170__IPF_FO23_1_06170__N3C012"	"N2"	"IPF/FO23-1-06170"	"IPF"	"IPF/FO23-1-06170"	1	1	8	0	0	0	0	"N5; N6; N8"
"IPF_FO23_1_06170__IPF_FO23_1_06170__N3C012"	"N3"	"IPF/FO23-1-06170"	"IPF"	"IPF/FO23-1-06170"	1	1	8	0	0	0	0	"N5; N6; N8"
"IPF_FO23_1_06170__IPF_FO23_1_06170__N3C012"	"N4"	"IPF/FO23-1-06170"	"IPF"	"IPF/FO23-1-06170"	1	1	8	1	1	0.125	1	"N5; N6; N8"
"IPF_FO23_1_06170__IPF_FO23_1_06170__N3C012"	"N5"	"IPF/FO23-1-06170"	"IPF"	"IPF/FO23-1-06170"	1	1	8	2	1	0.25	1	"N5; N6; N8"
"IPF_FO23_1_06170__IPF_FO23_1_06170__N3C012"	"N6"	"IPF/FO23-1-06170"	"IPF"	"IPF/FO23-1-06170"	1	1	8	2	1	0.25	1	"N5; N6; N8"
"IPF_FO23_1_06170__IPF_FO23_1_06170__N3C012"	"N7"	"IPF/FO23-1-06170"	"IPF"	"IPF/FO23-1-06170"	1	1	8	0	0	0	0	"N5; N6; N8"
"IPF_FO23_1_06170__IPF_FO23_1_06170__N3C012"	"N8"	"IPF/FO23-1-06170"	"IPF"	"IPF/FO23-1-06170"	1	1	8	2	1	0.25	1	"N5; N6; N8"
"IPF_FO23_1_06170__IPF_FO23_1_06170__N3C013"	"N1"	"IPF/FO23-1-06170"	"IPF"	"IPF/FO23-1-06170"	1	1	8	0	0	0	0	"N8"
"IPF_FO23_1_06170__IPF_FO23_1_06170__N3C013"	"N2"	"IPF/FO23-1-06170"	"IPF"	"IPF/FO23-1-06170"	1	1	8	0	0	0	0	"N8"
"IPF_FO23_1_06170__IPF_FO23_1_06170__N3C013"	"N3"	"IPF/FO23-1-06170"	"IPF"	"IPF/FO23-1-06170"	1	1	8	0	0	0	0	"N8"
"IPF_FO23_1_06170__IPF_FO23_1_06170__N3C013"	"N4"	"IPF/FO23-1-06170"	"IPF"	"IPF/FO23-1-06170"	1	1	8	0	0	0	0	"N8"
"IPF_FO23_1_06170__IPF_FO23_1_06170__N3C013"	"N5"	"IPF/FO23-1-06170"	"IPF"	"IPF/FO23-1-06170"	1	1	8	1	1	0.125	1	"N8"
"IPF_FO23_1_06170__IPF_FO23_1_06170__N3C013"	"N6"	"IPF/FO23-1-06170"	"IPF"	"IPF/FO23-1-06170"	1	1	8	0	0	0	0	"N8"
"IPF_FO23_1_06170__IPF_FO23_1_06170__N3C013"	"N7"	"IPF/FO23-1-06170"	"IPF"	"IPF/FO23-1-06170"	1	1	8	0	0	0	0	"N8"
"IPF_FO23_1_06170__IPF_FO23_1_06170__N3C013"	"N8"	"IPF/FO23-1-06170"	"IPF"	"IPF/FO23-1-06170"	1	1	8	7	1	0.875	1	"N8"
"IPF_FO23_1_06170__IPF_FO23_1_06170__N3C014"	"N1"	"IPF/FO23-1-06170"	"IPF"	"IPF/FO23-1-06170"	2	2	14	2	2	0.142857142857143	1	"N5"
"IPF_FO23_1_06170__IPF_FO23_1_06170__N3C014"	"N2"	"IPF/FO23-1-06170"	"IPF"	"IPF/FO23-1-06170"	2	2	14	0	0	0	0	"N5"
"IPF_FO23_1_06170__IPF_FO23_1_06170__N3C014"	"N3"	"IPF/FO23-1-06170"	"IPF"	"IPF/FO23-1-06170"	2	2	14	0	0	0	0	"N5"
"IPF_FO23_1_06170__IPF_FO23_1_06170__N3C014"	"N4"	"IPF/FO23-1-06170"	"IPF"	"IPF/FO23-1-06170"	2	2	14	0	0	0	0	"N5"
"IPF_FO23_1_06170__IPF_FO23_1_06170__N3C014"	"N5"	"IPF/FO23-1-06170"	"IPF"	"IPF/FO23-1-06170"	2	2	14	7	2	0.5	1	"N5"
"IPF_FO23_1_06170__IPF_FO23_1_06170__N3C014"	"N6"	"IPF/FO23-1-06170"	"IPF"	"IPF/FO23-1-06170"	2	2	14	1	1	0.0714285714285714	0.5	"N5"
"IPF_FO23_1_06170__IPF_FO23_1_06170__N3C014"	"N7"	"IPF/FO23-1-06170"	"IPF"	"IPF/FO23-1-06170"	2	2	14	0	0	0	0	"N5"
"IPF_FO23_1_06170__IPF_FO23_1_06170__N3C014"	"N8"	"IPF/FO23-1-06170"	"IPF"	"IPF/FO23-1-06170"	2	2	14	4	2	0.285714285714286	1	"N5"
"IPF_FO23_1_06170__IPF_FO23_1_06170__N3C015"	"N1"	"IPF/FO23-1-06170"	"IPF"	"IPF/FO23-1-06170"	1	1	3	1	1	0.333333333333333	1	"N1; N2; N5"
"IPF_FO23_1_06170__IPF_FO23_1_06170__N3C015"	"N2"	"IPF/FO23-1-06170"	"IPF"	"IPF/FO23-1-06170"	1	1	3	1	1	0.333333333333333	1	"N1; N2; N5"
"IPF_FO23_1_06170__IPF_FO23_1_06170__N3C015"	"N3"	"IPF/FO23-1-06170"	"IPF"	"IPF/FO23-1-06170"	1	1	3	0	0	0	0	"N1; N2; N5"
"IPF_FO23_1_06170__IPF_FO23_1_06170__N3C015"	"N4"	"IPF/FO23-1-06170"	"IPF"	"IPF/FO23-1-06170"	1	1	3	0	0	0	0	"N1; N2; N5"
"IPF_FO23_1_06170__IPF_FO23_1_06170__N3C015"	"N5"	"IPF/FO23-1-06170"	"IPF"	"IPF/FO23-1-06170"	1	1	3	1	1	0.333333333333333	1	"N1; N2; N5"
"IPF_FO23_1_06170__IPF_FO23_1_06170__N3C015"	"N6"	"IPF/FO23-1-06170"	"IPF"	"IPF/FO23-1-06170"	1	1	3	0	0	0	0	"N1; N2; N5"
"IPF_FO23_1_06170__IPF_FO23_1_06170__N3C015"	"N7"	"IPF/FO23-1-06170"	"IPF"	"IPF/FO23-1-06170"	1	1	3	0	0	0	0	"N1; N2; N5"
"IPF_FO23_1_06170__IPF_FO23_1_06170__N3C015"	"N8"	"IPF/FO23-1-06170"	"IPF"	"IPF/FO23-1-06170"	1	1	3	0	0	0	0	"N1; N2; N5"
"IPF_FO23_1_06170__IPF_FO23_1_06170__N3C016"	"N1"	"IPF/FO23-1-06170"	"IPF"	"IPF/FO23-1-06170"	1	1	8	2	1	0.25	1	"N8"
"IPF_FO23_1_06170__IPF_FO23_1_06170__N3C016"	"N2"	"IPF/FO23-1-06170"	"IPF"	"IPF/FO23-1-06170"	1	1	8	0	0	0	0	"N8"
"IPF_FO23_1_06170__IPF_FO23_1_06170__N3C016"	"N3"	"IPF/FO23-1-06170"	"IPF"	"IPF/FO23-1-06170"	1	1	8	0	0	0	0	"N8"
"IPF_FO23_1_06170__IPF_FO23_1_06170__N3C016"	"N4"	"IPF/FO23-1-06170"	"IPF"	"IPF/FO23-1-06170"	1	1	8	0	0	0	0	"N8"
"IPF_FO23_1_06170__IPF_FO23_1_06170__N3C016"	"N5"	"IPF/FO23-1-06170"	"IPF"	"IPF/FO23-1-06170"	1	1	8	2	1	0.25	1	"N8"
"IPF_FO23_1_06170__IPF_FO23_1_06170__N3C016"	"N6"	"IPF/FO23-1-06170"	"IPF"	"IPF/FO23-1-06170"	1	1	8	0	0	0	0	"N8"
"IPF_FO23_1_06170__IPF_FO23_1_06170__N3C016"	"N7"	"IPF/FO23-1-06170"	"IPF"	"IPF/FO23-1-06170"	1	1	8	0	0	0	0	"N8"
"IPF_FO23_1_06170__IPF_FO23_1_06170__N3C016"	"N8"	"IPF/FO23-1-06170"	"IPF"	"IPF/FO23-1-06170"	1	1	8	4	1	0.5	1	"N8"
"IPF_FO23_1_06170__IPF_FO23_1_06170__N3C017"	"N1"	"IPF/FO23-1-06170"	"IPF"	"IPF/FO23-1-06170"	1	1	8	3	1	0.375	1	"N1; N5"
"IPF_FO23_1_06170__IPF_FO23_1_06170__N3C017"	"N2"	"IPF/FO23-1-06170"	"IPF"	"IPF/FO23-1-06170"	1	1	8	0	0	0	0	"N1; N5"
"IPF_FO23_1_06170__IPF_FO23_1_06170__N3C017"	"N3"	"IPF/FO23-1-06170"	"IPF"	"IPF/FO23-1-06170"	1	1	8	0	0	0	0	"N1; N5"
"IPF_FO23_1_06170__IPF_FO23_1_06170__N3C017"	"N4"	"IPF/FO23-1-06170"	"IPF"	"IPF/FO23-1-06170"	1	1	8	0	0	0	0	"N1; N5"
"IPF_FO23_1_06170__IPF_FO23_1_06170__N3C017"	"N5"	"IPF/FO23-1-06170"	"IPF"	"IPF/FO23-1-06170"	1	1	8	3	1	0.375	1	"N1; N5"
"IPF_FO23_1_06170__IPF_FO23_1_06170__N3C017"	"N6"	"IPF/FO23-1-06170"	"IPF"	"IPF/FO23-1-06170"	1	1	8	1	1	0.125	1	"N1; N5"
"IPF_FO23_1_06170__IPF_FO23_1_06170__N3C017"	"N7"	"IPF/FO23-1-06170"	"IPF"	"IPF/FO23-1-06170"	1	1	8	0	0	0	0	"N1; N5"
"IPF_FO23_1_06170__IPF_FO23_1_06170__N3C017"	"N8"	"IPF/FO23-1-06170"	"IPF"	"IPF/FO23-1-06170"	1	1	8	1	1	0.125	1	"N1; N5"
"IPF_FO23_1_06170__IPF_FO23_1_06170__N3C018"	"N1"	"IPF/FO23-1-06170"	"IPF"	"IPF/FO23-1-06170"	1	1	8	3	1	0.375	1	"N1"
"IPF_FO23_1_06170__IPF_FO23_1_06170__N3C018"	"N2"	"IPF/FO23-1-06170"	"IPF"	"IPF/FO23-1-06170"	1	1	8	0	0	0	0	"N1"
"IPF_FO23_1_06170__IPF_FO23_1_06170__N3C018"	"N3"	"IPF/FO23-1-06170"	"IPF"	"IPF/FO23-1-06170"	1	1	8	0	0	0	0	"N1"
"IPF_FO23_1_06170__IPF_FO23_1_06170__N3C018"	"N4"	"IPF/FO23-1-06170"	"IPF"	"IPF/FO23-1-06170"	1	1	8	0	0	0	0	"N1"
"IPF_FO23_1_06170__IPF_FO23_1_06170__N3C018"	"N5"	"IPF/FO23-1-06170"	"IPF"	"IPF/FO23-1-06170"	1	1	8	2	1	0.25	1	"N1"
"IPF_FO23_1_06170__IPF_FO23_1_06170__N3C018"	"N6"	"IPF/FO23-1-06170"	"IPF"	"IPF/FO23-1-06170"	1	1	8	1	1	0.125	1	"N1"
"IPF_FO23_1_06170__IPF_FO23_1_06170__N3C018"	"N7"	"IPF/FO23-1-06170"	"IPF"	"IPF/FO23-1-06170"	1	1	8	1	1	0.125	1	"N1"
"IPF_FO23_1_06170__IPF_FO23_1_06170__N3C018"	"N8"	"IPF/FO23-1-06170"	"IPF"	"IPF/FO23-1-06170"	1	1	8	1	1	0.125	1	"N1"
"IPF_FO23_1_06170__IPF_FO23_1_06170__N3C019"	"N1"	"IPF/FO23-1-06170"	"IPF"	"IPF/FO23-1-06170"	1	1	8	1	1	0.125	1	"N8"
"IPF_FO23_1_06170__IPF_FO23_1_06170__N3C019"	"N2"	"IPF/FO23-1-06170"	"IPF"	"IPF/FO23-1-06170"	1	1	8	0	0	0	0	"N8"
"IPF_FO23_1_06170__IPF_FO23_1_06170__N3C019"	"N3"	"IPF/FO23-1-06170"	"IPF"	"IPF/FO23-1-06170"	1	1	8	0	0	0	0	"N8"
"IPF_FO23_1_06170__IPF_FO23_1_06170__N3C019"	"N4"	"IPF/FO23-1-06170"	"IPF"	"IPF/FO23-1-06170"	1	1	8	1	1	0.125	1	"N8"
"IPF_FO23_1_06170__IPF_FO23_1_06170__N3C019"	"N5"	"IPF/FO23-1-06170"	"IPF"	"IPF/FO23-1-06170"	1	1	8	2	1	0.25	1	"N8"
"IPF_FO23_1_06170__IPF_FO23_1_06170__N3C019"	"N6"	"IPF/FO23-1-06170"	"IPF"	"IPF/FO23-1-06170"	1	1	8	0	0	0	0	"N8"
"IPF_FO23_1_06170__IPF_FO23_1_06170__N3C019"	"N7"	"IPF/FO23-1-06170"	"IPF"	"IPF/FO23-1-06170"	1	1	8	0	0	0	0	"N8"
"IPF_FO23_1_06170__IPF_FO23_1_06170__N3C019"	"N8"	"IPF/FO23-1-06170"	"IPF"	"IPF/FO23-1-06170"	1	1	8	4	1	0.5	1	"N8"
"IPF_FO23_1_06170__IPF_FO23_1_06170__N3C020"	"N1"	"IPF/FO23-1-06170"	"IPF"	"IPF/FO23-1-06170"	1	1	8	2	1	0.25	1	"N5"
"IPF_FO23_1_06170__IPF_FO23_1_06170__N3C020"	"N2"	"IPF/FO23-1-06170"	"IPF"	"IPF/FO23-1-06170"	1	1	8	0	0	0	0	"N5"
"IPF_FO23_1_06170__IPF_FO23_1_06170__N3C020"	"N3"	"IPF/FO23-1-06170"	"IPF"	"IPF/FO23-1-06170"	1	1	8	0	0	0	0	"N5"
"IPF_FO23_1_06170__IPF_FO23_1_06170__N3C020"	"N4"	"IPF/FO23-1-06170"	"IPF"	"IPF/FO23-1-06170"	1	1	8	0	0	0	0	"N5"
"IPF_FO23_1_06170__IPF_FO23_1_06170__N3C020"	"N5"	"IPF/FO23-1-06170"	"IPF"	"IPF/FO23-1-06170"	1	1	8	6	1	0.75	1	"N5"
"IPF_FO23_1_06170__IPF_FO23_1_06170__N3C020"	"N6"	"IPF/FO23-1-06170"	"IPF"	"IPF/FO23-1-06170"	1	1	8	0	0	0	0	"N5"
"IPF_FO23_1_06170__IPF_FO23_1_06170__N3C020"	"N7"	"IPF/FO23-1-06170"	"IPF"	"IPF/FO23-1-06170"	1	1	8	0	0	0	0	"N5"
"IPF_FO23_1_06170__IPF_FO23_1_06170__N3C020"	"N8"	"IPF/FO23-1-06170"	"IPF"	"IPF/FO23-1-06170"	1	1	8	0	0	0	0	"N5"
"IPF_FO23_1_06170__IPF_FO23_1_06170__N3C021"	"N1"	"IPF/FO23-1-06170"	"IPF"	"IPF/FO23-1-06170"	1	1	8	2	1	0.25	1	"N5"
"IPF_FO23_1_06170__IPF_FO23_1_06170__N3C021"	"N2"	"IPF/FO23-1-06170"	"IPF"	"IPF/FO23-1-06170"	1	1	8	0	0	0	0	"N5"
"IPF_FO23_1_06170__IPF_FO23_1_06170__N3C021"	"N3"	"IPF/FO23-1-06170"	"IPF"	"IPF/FO23-1-06170"	1	1	8	0	0	0	0	"N5"
"IPF_FO23_1_06170__IPF_FO23_1_06170__N3C021"	"N4"	"IPF/FO23-1-06170"	"IPF"	"IPF/FO23-1-06170"	1	1	8	0	0	0	0	"N5"
"IPF_FO23_1_06170__IPF_FO23_1_06170__N3C021"	"N5"	"IPF/FO23-1-06170"	"IPF"	"IPF/FO23-1-06170"	1	1	8	3	1	0.375	1	"N5"
"IPF_FO23_1_06170__IPF_FO23_1_06170__N3C021"	"N6"	"IPF/FO23-1-06170"	"IPF"	"IPF/FO23-1-06170"	1	1	8	1	1	0.125	1	"N5"
"IPF_FO23_1_06170__IPF_FO23_1_06170__N3C021"	"N7"	"IPF/FO23-1-06170"	"IPF"	"IPF/FO23-1-06170"	1	1	8	1	1	0.125	1	"N5"
"IPF_FO23_1_06170__IPF_FO23_1_06170__N3C021"	"N8"	"IPF/FO23-1-06170"	"IPF"	"IPF/FO23-1-06170"	1	1	8	1	1	0.125	1	"N5"
"IPF_FO23_1_06170__IPF_FO23_1_06170__N3C022"	"N1"	"IPF/FO23-1-06170"	"IPF"	"IPF/FO23-1-06170"	6	6	32	8	6	0.25	1	"N5"
"IPF_FO23_1_06170__IPF_FO23_1_06170__N3C022"	"N2"	"IPF/FO23-1-06170"	"IPF"	"IPF/FO23-1-06170"	6	6	32	1	1	0.03125	0.166666666666667	"N5"
"IPF_FO23_1_06170__IPF_FO23_1_06170__N3C022"	"N3"	"IPF/FO23-1-06170"	"IPF"	"IPF/FO23-1-06170"	6	6	32	0	0	0	0	"N5"
"IPF_FO23_1_06170__IPF_FO23_1_06170__N3C022"	"N4"	"IPF/FO23-1-06170"	"IPF"	"IPF/FO23-1-06170"	6	6	32	0	0	0	0	"N5"
"IPF_FO23_1_06170__IPF_FO23_1_06170__N3C022"	"N5"	"IPF/FO23-1-06170"	"IPF"	"IPF/FO23-1-06170"	6	6	32	16	6	0.5	1	"N5"
"IPF_FO23_1_06170__IPF_FO23_1_06170__N3C022"	"N6"	"IPF/FO23-1-06170"	"IPF"	"IPF/FO23-1-06170"	6	6	32	0	0	0	0	"N5"
"IPF_FO23_1_06170__IPF_FO23_1_06170__N3C022"	"N7"	"IPF/FO23-1-06170"	"IPF"	"IPF/FO23-1-06170"	6	6	32	4	4	0.125	0.666666666666667	"N5"
"IPF_FO23_1_06170__IPF_FO23_1_06170__N3C022"	"N8"	"IPF/FO23-1-06170"	"IPF"	"IPF/FO23-1-06170"	6	6	32	3	3	0.09375	0.5	"N5"
"IPF_FO23_1_06170__IPF_FO23_1_06170__N3C023"	"N1"	"IPF/FO23-1-06170"	"IPF"	"IPF/FO23-1-06170"	1	1	8	2	1	0.25	1	"N5"
"IPF_FO23_1_06170__IPF_FO23_1_06170__N3C023"	"N2"	"IPF/FO23-1-06170"	"IPF"	"IPF/FO23-1-06170"	1	1	8	0	0	0	0	"N5"
"IPF_FO23_1_06170__IPF_FO23_1_06170__N3C023"	"N3"	"IPF/FO23-1-06170"	"IPF"	"IPF/FO23-1-06170"	1	1	8	0	0	0	0	"N5"
"IPF_FO23_1_06170__IPF_FO23_1_06170__N3C023"	"N4"	"IPF/FO23-1-06170"	"IPF"	"IPF/FO23-1-06170"	1	1	8	0	0	0	0	"N5"
"IPF_FO23_1_06170__IPF_FO23_1_06170__N3C023"	"N5"	"IPF/FO23-1-06170"	"IPF"	"IPF/FO23-1-06170"	1	1	8	3	1	0.375	1	"N5"
"IPF_FO23_1_06170__IPF_FO23_1_06170__N3C023"	"N6"	"IPF/FO23-1-06170"	"IPF"	"IPF/FO23-1-06170"	1	1	8	0	0	0	0	"N5"
"IPF_FO23_1_06170__IPF_FO23_1_06170__N3C023"	"N7"	"IPF/FO23-1-06170"	"IPF"	"IPF/FO23-1-06170"	1	1	8	2	1	0.25	1	"N5"
"IPF_FO23_1_06170__IPF_FO23_1_06170__N3C023"	"N8"	"IPF/FO23-1-06170"	"IPF"	"IPF/FO23-1-06170"	1	1	8	1	1	0.125	1	"N5"
"IPF_FO23_1_06170__IPF_FO23_1_06170__N3C024"	"N1"	"IPF/FO23-1-06170"	"IPF"	"IPF/FO23-1-06170"	4	4	24	8	4	0.333333333333333	1	"N1; N5"
"IPF_FO23_1_06170__IPF_FO23_1_06170__N3C024"	"N2"	"IPF/FO23-1-06170"	"IPF"	"IPF/FO23-1-06170"	4	4	24	0	0	0	0	"N1; N5"
"IPF_FO23_1_06170__IPF_FO23_1_06170__N3C024"	"N3"	"IPF/FO23-1-06170"	"IPF"	"IPF/FO23-1-06170"	4	4	24	0	0	0	0	"N1; N5"
"IPF_FO23_1_06170__IPF_FO23_1_06170__N3C024"	"N4"	"IPF/FO23-1-06170"	"IPF"	"IPF/FO23-1-06170"	4	4	24	0	0	0	0	"N1; N5"
"IPF_FO23_1_06170__IPF_FO23_1_06170__N3C024"	"N5"	"IPF/FO23-1-06170"	"IPF"	"IPF/FO23-1-06170"	4	4	24	8	4	0.333333333333333	1	"N1; N5"
"IPF_FO23_1_06170__IPF_FO23_1_06170__N3C024"	"N6"	"IPF/FO23-1-06170"	"IPF"	"IPF/FO23-1-06170"	4	4	24	1	1	0.0416666666666667	0.25	"N1; N5"
"IPF_FO23_1_06170__IPF_FO23_1_06170__N3C024"	"N7"	"IPF/FO23-1-06170"	"IPF"	"IPF/FO23-1-06170"	4	4	24	2	2	0.0833333333333333	0.5	"N1; N5"
"IPF_FO23_1_06170__IPF_FO23_1_06170__N3C024"	"N8"	"IPF/FO23-1-06170"	"IPF"	"IPF/FO23-1-06170"	4	4	24	5	3	0.208333333333333	0.75	"N1; N5"
"IPF_FO23_1_06170__IPF_FO23_1_06170__N3C025"	"N1"	"IPF/FO23-1-06170"	"IPF"	"IPF/FO23-1-06170"	4	4	26	5	3	0.192307692307692	0.75	"N8"
"IPF_FO23_1_06170__IPF_FO23_1_06170__N3C025"	"N2"	"IPF/FO23-1-06170"	"IPF"	"IPF/FO23-1-06170"	4	4	26	0	0	0	0	"N8"
"IPF_FO23_1_06170__IPF_FO23_1_06170__N3C025"	"N3"	"IPF/FO23-1-06170"	"IPF"	"IPF/FO23-1-06170"	4	4	26	0	0	0	0	"N8"
"IPF_FO23_1_06170__IPF_FO23_1_06170__N3C025"	"N4"	"IPF/FO23-1-06170"	"IPF"	"IPF/FO23-1-06170"	4	4	26	0	0	0	0	"N8"
"IPF_FO23_1_06170__IPF_FO23_1_06170__N3C025"	"N5"	"IPF/FO23-1-06170"	"IPF"	"IPF/FO23-1-06170"	4	4	26	2	2	0.0769230769230769	0.5	"N8"
"IPF_FO23_1_06170__IPF_FO23_1_06170__N3C025"	"N6"	"IPF/FO23-1-06170"	"IPF"	"IPF/FO23-1-06170"	4	4	26	1	1	0.0384615384615385	0.25	"N8"
"IPF_FO23_1_06170__IPF_FO23_1_06170__N3C025"	"N7"	"IPF/FO23-1-06170"	"IPF"	"IPF/FO23-1-06170"	4	4	26	0	0	0	0	"N8"
"IPF_FO23_1_06170__IPF_FO23_1_06170__N3C025"	"N8"	"IPF/FO23-1-06170"	"IPF"	"IPF/FO23-1-06170"	4	4	26	18	4	0.692307692307692	1	"N8"
"IPF_FO23_1_06170__IPF_FO23_1_06170__N3C026"	"N1"	"IPF/FO23-1-06170"	"IPF"	"IPF/FO23-1-06170"	1	1	8	3	1	0.375	1	"N1"
"IPF_FO23_1_06170__IPF_FO23_1_06170__N3C026"	"N2"	"IPF/FO23-1-06170"	"IPF"	"IPF/FO23-1-06170"	1	1	8	0	0	0	0	"N1"
"IPF_FO23_1_06170__IPF_FO23_1_06170__N3C026"	"N3"	"IPF/FO23-1-06170"	"IPF"	"IPF/FO23-1-06170"	1	1	8	0	0	0	0	"N1"
"IPF_FO23_1_06170__IPF_FO23_1_06170__N3C026"	"N4"	"IPF/FO23-1-06170"	"IPF"	"IPF/FO23-1-06170"	1	1	8	0	0	0	0	"N1"
"IPF_FO23_1_06170__IPF_FO23_1_06170__N3C026"	"N5"	"IPF/FO23-1-06170"	"IPF"	"IPF/FO23-1-06170"	1	1	8	2	1	0.25	1	"N1"
"IPF_FO23_1_06170__IPF_FO23_1_06170__N3C026"	"N6"	"IPF/FO23-1-06170"	"IPF"	"IPF/FO23-1-06170"	1	1	8	0	0	0	0	"N1"
"IPF_FO23_1_06170__IPF_FO23_1_06170__N3C026"	"N7"	"IPF/FO23-1-06170"	"IPF"	"IPF/FO23-1-06170"	1	1	8	2	1	0.25	1	"N1"
"IPF_FO23_1_06170__IPF_FO23_1_06170__N3C026"	"N8"	"IPF/FO23-1-06170"	"IPF"	"IPF/FO23-1-06170"	1	1	8	1	1	0.125	1	"N1"
"IPF_FO23_1_06170__IPF_FO23_1_06170__N3C027"	"N1"	"IPF/FO23-1-06170"	"IPF"	"IPF/FO23-1-06170"	2	2	14	9	2	0.642857142857143	1	"N1"
"IPF_FO23_1_06170__IPF_FO23_1_06170__N3C027"	"N2"	"IPF/FO23-1-06170"	"IPF"	"IPF/FO23-1-06170"	2	2	14	0	0	0	0	"N1"
"IPF_FO23_1_06170__IPF_FO23_1_06170__N3C027"	"N3"	"IPF/FO23-1-06170"	"IPF"	"IPF/FO23-1-06170"	2	2	14	0	0	0	0	"N1"
"IPF_FO23_1_06170__IPF_FO23_1_06170__N3C027"	"N4"	"IPF/FO23-1-06170"	"IPF"	"IPF/FO23-1-06170"	2	2	14	0	0	0	0	"N1"
"IPF_FO23_1_06170__IPF_FO23_1_06170__N3C027"	"N5"	"IPF/FO23-1-06170"	"IPF"	"IPF/FO23-1-06170"	2	2	14	1	1	0.0714285714285714	0.5	"N1"
"IPF_FO23_1_06170__IPF_FO23_1_06170__N3C027"	"N6"	"IPF/FO23-1-06170"	"IPF"	"IPF/FO23-1-06170"	2	2	14	0	0	0	0	"N1"
"IPF_FO23_1_06170__IPF_FO23_1_06170__N3C027"	"N7"	"IPF/FO23-1-06170"	"IPF"	"IPF/FO23-1-06170"	2	2	14	3	1	0.214285714285714	0.5	"N1"
"IPF_FO23_1_06170__IPF_FO23_1_06170__N3C027"	"N8"	"IPF/FO23-1-06170"	"IPF"	"IPF/FO23-1-06170"	2	2	14	1	1	0.0714285714285714	0.5	"N1"
"IPF_FO23_1_06170__IPF_FO23_1_06170__N3C028"	"N1"	"IPF/FO23-1-06170"	"IPF"	"IPF/FO23-1-06170"	4	4	26	9	4	0.346153846153846	1	"N8"
"IPF_FO23_1_06170__IPF_FO23_1_06170__N3C028"	"N2"	"IPF/FO23-1-06170"	"IPF"	"IPF/FO23-1-06170"	4	4	26	1	1	0.0384615384615385	0.25	"N8"
"IPF_FO23_1_06170__IPF_FO23_1_06170__N3C028"	"N3"	"IPF/FO23-1-06170"	"IPF"	"IPF/FO23-1-06170"	4	4	26	0	0	0	0	"N8"
"IPF_FO23_1_06170__IPF_FO23_1_06170__N3C028"	"N4"	"IPF/FO23-1-06170"	"IPF"	"IPF/FO23-1-06170"	4	4	26	0	0	0	0	"N8"
"IPF_FO23_1_06170__IPF_FO23_1_06170__N3C028"	"N5"	"IPF/FO23-1-06170"	"IPF"	"IPF/FO23-1-06170"	4	4	26	2	2	0.0769230769230769	0.5	"N8"
"IPF_FO23_1_06170__IPF_FO23_1_06170__N3C028"	"N6"	"IPF/FO23-1-06170"	"IPF"	"IPF/FO23-1-06170"	4	4	26	1	1	0.0384615384615385	0.25	"N8"
"IPF_FO23_1_06170__IPF_FO23_1_06170__N3C028"	"N7"	"IPF/FO23-1-06170"	"IPF"	"IPF/FO23-1-06170"	4	4	26	0	0	0	0	"N8"
"IPF_FO23_1_06170__IPF_FO23_1_06170__N3C028"	"N8"	"IPF/FO23-1-06170"	"IPF"	"IPF/FO23-1-06170"	4	4	26	13	4	0.5	1	"N8"
"IPF_FO23_1_06170__IPF_FO23_1_06170__N3C029"	"N1"	"IPF/FO23-1-06170"	"IPF"	"IPF/FO23-1-06170"	1	1	8	4	1	0.5	1	"N1"
"IPF_FO23_1_06170__IPF_FO23_1_06170__N3C029"	"N2"	"IPF/FO23-1-06170"	"IPF"	"IPF/FO23-1-06170"	1	1	8	0	0	0	0	"N1"
"IPF_FO23_1_06170__IPF_FO23_1_06170__N3C029"	"N3"	"IPF/FO23-1-06170"	"IPF"	"IPF/FO23-1-06170"	1	1	8	0	0	0	0	"N1"
"IPF_FO23_1_06170__IPF_FO23_1_06170__N3C029"	"N4"	"IPF/FO23-1-06170"	"IPF"	"IPF/FO23-1-06170"	1	1	8	0	0	0	0	"N1"
"IPF_FO23_1_06170__IPF_FO23_1_06170__N3C029"	"N5"	"IPF/FO23-1-06170"	"IPF"	"IPF/FO23-1-06170"	1	1	8	2	1	0.25	1	"N1"
"IPF_FO23_1_06170__IPF_FO23_1_06170__N3C029"	"N6"	"IPF/FO23-1-06170"	"IPF"	"IPF/FO23-1-06170"	1	1	8	0	0	0	0	"N1"
"IPF_FO23_1_06170__IPF_FO23_1_06170__N3C029"	"N7"	"IPF/FO23-1-06170"	"IPF"	"IPF/FO23-1-06170"	1	1	8	0	0	0	0	"N1"
"IPF_FO23_1_06170__IPF_FO23_1_06170__N3C029"	"N8"	"IPF/FO23-1-06170"	"IPF"	"IPF/FO23-1-06170"	1	1	8	2	1	0.25	1	"N1"
"IPF_FO23_1_06170__IPF_FO23_1_06170__N3C030"	"N1"	"IPF/FO23-1-06170"	"IPF"	"IPF/FO23-1-06170"	3	3	20	0	0	0	0	"N7"
"IPF_FO23_1_06170__IPF_FO23_1_06170__N3C030"	"N2"	"IPF/FO23-1-06170"	"IPF"	"IPF/FO23-1-06170"	3	3	20	0	0	0	0	"N7"
"IPF_FO23_1_06170__IPF_FO23_1_06170__N3C030"	"N3"	"IPF/FO23-1-06170"	"IPF"	"IPF/FO23-1-06170"	3	3	20	0	0	0	0	"N7"
"IPF_FO23_1_06170__IPF_FO23_1_06170__N3C030"	"N4"	"IPF/FO23-1-06170"	"IPF"	"IPF/FO23-1-06170"	3	3	20	0	0	0	0	"N7"
"IPF_FO23_1_06170__IPF_FO23_1_06170__N3C030"	"N5"	"IPF/FO23-1-06170"	"IPF"	"IPF/FO23-1-06170"	3	3	20	6	3	0.3	1	"N7"
"IPF_FO23_1_06170__IPF_FO23_1_06170__N3C030"	"N6"	"IPF/FO23-1-06170"	"IPF"	"IPF/FO23-1-06170"	3	3	20	2	2	0.1	0.666666666666667	"N7"
"IPF_FO23_1_06170__IPF_FO23_1_06170__N3C030"	"N7"	"IPF/FO23-1-06170"	"IPF"	"IPF/FO23-1-06170"	3	3	20	11	3	0.55	1	"N7"
"IPF_FO23_1_06170__IPF_FO23_1_06170__N3C030"	"N8"	"IPF/FO23-1-06170"	"IPF"	"IPF/FO23-1-06170"	3	3	20	1	1	0.05	0.333333333333333	"N7"
"IPF_FO23_1_06170__IPF_FO23_1_06170__N3C031"	"N1"	"IPF/FO23-1-06170"	"IPF"	"IPF/FO23-1-06170"	1	1	8	4	1	0.5	1	"N1"
"IPF_FO23_1_06170__IPF_FO23_1_06170__N3C031"	"N2"	"IPF/FO23-1-06170"	"IPF"	"IPF/FO23-1-06170"	1	1	8	0	0	0	0	"N1"
"IPF_FO23_1_06170__IPF_FO23_1_06170__N3C031"	"N3"	"IPF/FO23-1-06170"	"IPF"	"IPF/FO23-1-06170"	1	1	8	0	0	0	0	"N1"
"IPF_FO23_1_06170__IPF_FO23_1_06170__N3C031"	"N4"	"IPF/FO23-1-06170"	"IPF"	"IPF/FO23-1-06170"	1	1	8	0	0	0	0	"N1"
"IPF_FO23_1_06170__IPF_FO23_1_06170__N3C031"	"N5"	"IPF/FO23-1-06170"	"IPF"	"IPF/FO23-1-06170"	1	1	8	1	1	0.125	1	"N1"
"IPF_FO23_1_06170__IPF_FO23_1_06170__N3C031"	"N6"	"IPF/FO23-1-06170"	"IPF"	"IPF/FO23-1-06170"	1	1	8	0	0	0	0	"N1"
"IPF_FO23_1_06170__IPF_FO23_1_06170__N3C031"	"N7"	"IPF/FO23-1-06170"	"IPF"	"IPF/FO23-1-06170"	1	1	8	3	1	0.375	1	"N1"
"IPF_FO23_1_06170__IPF_FO23_1_06170__N3C031"	"N8"	"IPF/FO23-1-06170"	"IPF"	"IPF/FO23-1-06170"	1	1	8	0	0	0	0	"N1"
"IPF_FO23_1_06170__IPF_FO23_1_06170__N3C032"	"N1"	"IPF/FO23-1-06170"	"IPF"	"IPF/FO23-1-06170"	2	2	14	5	2	0.357142857142857	1	"N1"
"IPF_FO23_1_06170__IPF_FO23_1_06170__N3C032"	"N2"	"IPF/FO23-1-06170"	"IPF"	"IPF/FO23-1-06170"	2	2	14	0	0	0	0	"N1"
"IPF_FO23_1_06170__IPF_FO23_1_06170__N3C032"	"N3"	"IPF/FO23-1-06170"	"IPF"	"IPF/FO23-1-06170"	2	2	14	0	0	0	0	"N1"
"IPF_FO23_1_06170__IPF_FO23_1_06170__N3C032"	"N4"	"IPF/FO23-1-06170"	"IPF"	"IPF/FO23-1-06170"	2	2	14	1	1	0.0714285714285714	0.5	"N1"
"IPF_FO23_1_06170__IPF_FO23_1_06170__N3C032"	"N5"	"IPF/FO23-1-06170"	"IPF"	"IPF/FO23-1-06170"	2	2	14	4	1	0.285714285714286	0.5	"N1"
"IPF_FO23_1_06170__IPF_FO23_1_06170__N3C032"	"N6"	"IPF/FO23-1-06170"	"IPF"	"IPF/FO23-1-06170"	2	2	14	3	2	0.214285714285714	1	"N1"
"IPF_FO23_1_06170__IPF_FO23_1_06170__N3C032"	"N7"	"IPF/FO23-1-06170"	"IPF"	"IPF/FO23-1-06170"	2	2	14	0	0	0	0	"N1"
"IPF_FO23_1_06170__IPF_FO23_1_06170__N3C032"	"N8"	"IPF/FO23-1-06170"	"IPF"	"IPF/FO23-1-06170"	2	2	14	1	1	0.0714285714285714	0.5	"N1"
"IPF_FO23_1_06170__IPF_FO23_1_06170__N3C033"	"N1"	"IPF/FO23-1-06170"	"IPF"	"IPF/FO23-1-06170"	2	2	14	7	2	0.5	1	"N1"
"IPF_FO23_1_06170__IPF_FO23_1_06170__N3C033"	"N2"	"IPF/FO23-1-06170"	"IPF"	"IPF/FO23-1-06170"	2	2	14	0	0	0	0	"N1"
"IPF_FO23_1_06170__IPF_FO23_1_06170__N3C033"	"N3"	"IPF/FO23-1-06170"	"IPF"	"IPF/FO23-1-06170"	2	2	14	0	0	0	0	"N1"
"IPF_FO23_1_06170__IPF_FO23_1_06170__N3C033"	"N4"	"IPF/FO23-1-06170"	"IPF"	"IPF/FO23-1-06170"	2	2	14	0	0	0	0	"N1"
"IPF_FO23_1_06170__IPF_FO23_1_06170__N3C033"	"N5"	"IPF/FO23-1-06170"	"IPF"	"IPF/FO23-1-06170"	2	2	14	1	1	0.0714285714285714	0.5	"N1"
"IPF_FO23_1_06170__IPF_FO23_1_06170__N3C033"	"N6"	"IPF/FO23-1-06170"	"IPF"	"IPF/FO23-1-06170"	2	2	14	1	1	0.0714285714285714	0.5	"N1"
"IPF_FO23_1_06170__IPF_FO23_1_06170__N3C033"	"N7"	"IPF/FO23-1-06170"	"IPF"	"IPF/FO23-1-06170"	2	2	14	0	0	0	0	"N1"
"IPF_FO23_1_06170__IPF_FO23_1_06170__N3C033"	"N8"	"IPF/FO23-1-06170"	"IPF"	"IPF/FO23-1-06170"	2	2	14	5	2	0.357142857142857	1	"N1"
"IPF_FO23_1_06170__IPF_FO23_1_06170__N3C034"	"N1"	"IPF/FO23-1-06170"	"IPF"	"IPF/FO23-1-06170"	14	14	68	21	11	0.308823529411765	0.785714285714286	"N5"
"IPF_FO23_1_06170__IPF_FO23_1_06170__N3C034"	"N2"	"IPF/FO23-1-06170"	"IPF"	"IPF/FO23-1-06170"	14	14	68	0	0	0	0	"N5"
"IPF_FO23_1_06170__IPF_FO23_1_06170__N3C034"	"N3"	"IPF/FO23-1-06170"	"IPF"	"IPF/FO23-1-06170"	14	14	68	0	0	0	0	"N5"
"IPF_FO23_1_06170__IPF_FO23_1_06170__N3C034"	"N4"	"IPF/FO23-1-06170"	"IPF"	"IPF/FO23-1-06170"	14	14	68	0	0	0	0	"N5"
"IPF_FO23_1_06170__IPF_FO23_1_06170__N3C034"	"N5"	"IPF/FO23-1-06170"	"IPF"	"IPF/FO23-1-06170"	14	14	68	35	13	0.514705882352941	0.928571428571429	"N5"
"IPF_FO23_1_06170__IPF_FO23_1_06170__N3C034"	"N6"	"IPF/FO23-1-06170"	"IPF"	"IPF/FO23-1-06170"	14	14	68	3	3	0.0441176470588235	0.214285714285714	"N5"
"IPF_FO23_1_06170__IPF_FO23_1_06170__N3C034"	"N7"	"IPF/FO23-1-06170"	"IPF"	"IPF/FO23-1-06170"	14	14	68	2	2	0.0294117647058824	0.142857142857143	"N5"
"IPF_FO23_1_06170__IPF_FO23_1_06170__N3C034"	"N8"	"IPF/FO23-1-06170"	"IPF"	"IPF/FO23-1-06170"	14	14	68	7	6	0.102941176470588	0.428571428571429	"N5"
"IPF_FO23_1_06170__IPF_FO23_1_06170__N3C035"	"N1"	"IPF/FO23-1-06170"	"IPF"	"IPF/FO23-1-06170"	2	2	14	11	2	0.785714285714286	1	"N1"
"IPF_FO23_1_06170__IPF_FO23_1_06170__N3C035"	"N2"	"IPF/FO23-1-06170"	"IPF"	"IPF/FO23-1-06170"	2	2	14	0	0	0	0	"N1"
"IPF_FO23_1_06170__IPF_FO23_1_06170__N3C035"	"N3"	"IPF/FO23-1-06170"	"IPF"	"IPF/FO23-1-06170"	2	2	14	0	0	0	0	"N1"
"IPF_FO23_1_06170__IPF_FO23_1_06170__N3C035"	"N4"	"IPF/FO23-1-06170"	"IPF"	"IPF/FO23-1-06170"	2	2	14	0	0	0	0	"N1"
"IPF_FO23_1_06170__IPF_FO23_1_06170__N3C035"	"N5"	"IPF/FO23-1-06170"	"IPF"	"IPF/FO23-1-06170"	2	2	14	1	1	0.0714285714285714	0.5	"N1"
"IPF_FO23_1_06170__IPF_FO23_1_06170__N3C035"	"N6"	"IPF/FO23-1-06170"	"IPF"	"IPF/FO23-1-06170"	2	2	14	0	0	0	0	"N1"
"IPF_FO23_1_06170__IPF_FO23_1_06170__N3C035"	"N7"	"IPF/FO23-1-06170"	"IPF"	"IPF/FO23-1-06170"	2	2	14	2	2	0.142857142857143	1	"N1"
"IPF_FO23_1_06170__IPF_FO23_1_06170__N3C035"	"N8"	"IPF/FO23-1-06170"	"IPF"	"IPF/FO23-1-06170"	2	2	14	0	0	0	0	"N1"
"IPF_FO23_1_06170__IPF_FO23_1_06170__N3C036"	"N1"	"IPF/FO23-1-06170"	"IPF"	"IPF/FO23-1-06170"	1	1	8	3	1	0.375	1	"N5"
"IPF_FO23_1_06170__IPF_FO23_1_06170__N3C036"	"N2"	"IPF/FO23-1-06170"	"IPF"	"IPF/FO23-1-06170"	1	1	8	0	0	0	0	"N5"
"IPF_FO23_1_06170__IPF_FO23_1_06170__N3C036"	"N3"	"IPF/FO23-1-06170"	"IPF"	"IPF/FO23-1-06170"	1	1	8	0	0	0	0	"N5"
"IPF_FO23_1_06170__IPF_FO23_1_06170__N3C036"	"N4"	"IPF/FO23-1-06170"	"IPF"	"IPF/FO23-1-06170"	1	1	8	0	0	0	0	"N5"
"IPF_FO23_1_06170__IPF_FO23_1_06170__N3C036"	"N5"	"IPF/FO23-1-06170"	"IPF"	"IPF/FO23-1-06170"	1	1	8	4	1	0.5	1	"N5"
"IPF_FO23_1_06170__IPF_FO23_1_06170__N3C036"	"N6"	"IPF/FO23-1-06170"	"IPF"	"IPF/FO23-1-06170"	1	1	8	0	0	0	0	"N5"
"IPF_FO23_1_06170__IPF_FO23_1_06170__N3C036"	"N7"	"IPF/FO23-1-06170"	"IPF"	"IPF/FO23-1-06170"	1	1	8	0	0	0	0	"N5"
"IPF_FO23_1_06170__IPF_FO23_1_06170__N3C036"	"N8"	"IPF/FO23-1-06170"	"IPF"	"IPF/FO23-1-06170"	1	1	8	1	1	0.125	1	"N5"
"IPF_FO23_1_06170__IPF_FO23_1_06170__N3C037"	"N1"	"IPF/FO23-1-06170"	"IPF"	"IPF/FO23-1-06170"	4	4	11	7	3	0.636363636363636	0.75	"N1"
"IPF_FO23_1_06170__IPF_FO23_1_06170__N3C037"	"N2"	"IPF/FO23-1-06170"	"IPF"	"IPF/FO23-1-06170"	4	4	11	3	2	0.272727272727273	0.5	"N1"
"IPF_FO23_1_06170__IPF_FO23_1_06170__N3C037"	"N3"	"IPF/FO23-1-06170"	"IPF"	"IPF/FO23-1-06170"	4	4	11	0	0	0	0	"N1"
"IPF_FO23_1_06170__IPF_FO23_1_06170__N3C037"	"N4"	"IPF/FO23-1-06170"	"IPF"	"IPF/FO23-1-06170"	4	4	11	0	0	0	0	"N1"
"IPF_FO23_1_06170__IPF_FO23_1_06170__N3C037"	"N5"	"IPF/FO23-1-06170"	"IPF"	"IPF/FO23-1-06170"	4	4	11	0	0	0	0	"N1"
"IPF_FO23_1_06170__IPF_FO23_1_06170__N3C037"	"N6"	"IPF/FO23-1-06170"	"IPF"	"IPF/FO23-1-06170"	4	4	11	0	0	0	0	"N1"
"IPF_FO23_1_06170__IPF_FO23_1_06170__N3C037"	"N7"	"IPF/FO23-1-06170"	"IPF"	"IPF/FO23-1-06170"	4	4	11	0	0	0	0	"N1"
"IPF_FO23_1_06170__IPF_FO23_1_06170__N3C037"	"N8"	"IPF/FO23-1-06170"	"IPF"	"IPF/FO23-1-06170"	4	4	11	1	1	0.0909090909090909	0.25	"N1"
"IPF_FO23_1_06170__IPF_FO23_1_06170__N3C038"	"N1"	"IPF/FO23-1-06170"	"IPF"	"IPF/FO23-1-06170"	4	4	24	17	4	0.708333333333333	1	"N1"
"IPF_FO23_1_06170__IPF_FO23_1_06170__N3C038"	"N2"	"IPF/FO23-1-06170"	"IPF"	"IPF/FO23-1-06170"	4	4	24	0	0	0	0	"N1"
"IPF_FO23_1_06170__IPF_FO23_1_06170__N3C038"	"N3"	"IPF/FO23-1-06170"	"IPF"	"IPF/FO23-1-06170"	4	4	24	0	0	0	0	"N1"
"IPF_FO23_1_06170__IPF_FO23_1_06170__N3C038"	"N4"	"IPF/FO23-1-06170"	"IPF"	"IPF/FO23-1-06170"	4	4	24	0	0	0	0	"N1"
"IPF_FO23_1_06170__IPF_FO23_1_06170__N3C038"	"N5"	"IPF/FO23-1-06170"	"IPF"	"IPF/FO23-1-06170"	4	4	24	0	0	0	0	"N1"
"IPF_FO23_1_06170__IPF_FO23_1_06170__N3C038"	"N6"	"IPF/FO23-1-06170"	"IPF"	"IPF/FO23-1-06170"	4	4	24	1	1	0.0416666666666667	0.25	"N1"
"IPF_FO23_1_06170__IPF_FO23_1_06170__N3C038"	"N7"	"IPF/FO23-1-06170"	"IPF"	"IPF/FO23-1-06170"	4	4	24	6	4	0.25	1	"N1"
"IPF_FO23_1_06170__IPF_FO23_1_06170__N3C038"	"N8"	"IPF/FO23-1-06170"	"IPF"	"IPF/FO23-1-06170"	4	4	24	0	0	0	0	"N1"
"IPF_FO23_1_06170__IPF_FO23_1_06170__N3C039"	"N1"	"IPF/FO23-1-06170"	"IPF"	"IPF/FO23-1-06170"	2	2	13	2	1	0.153846153846154	0.5	"N8"
"IPF_FO23_1_06170__IPF_FO23_1_06170__N3C039"	"N2"	"IPF/FO23-1-06170"	"IPF"	"IPF/FO23-1-06170"	2	2	13	0	0	0	0	"N8"
"IPF_FO23_1_06170__IPF_FO23_1_06170__N3C039"	"N3"	"IPF/FO23-1-06170"	"IPF"	"IPF/FO23-1-06170"	2	2	13	0	0	0	0	"N8"
"IPF_FO23_1_06170__IPF_FO23_1_06170__N3C039"	"N4"	"IPF/FO23-1-06170"	"IPF"	"IPF/FO23-1-06170"	2	2	13	0	0	0	0	"N8"
"IPF_FO23_1_06170__IPF_FO23_1_06170__N3C039"	"N5"	"IPF/FO23-1-06170"	"IPF"	"IPF/FO23-1-06170"	2	2	13	5	2	0.384615384615385	1	"N8"
"IPF_FO23_1_06170__IPF_FO23_1_06170__N3C039"	"N6"	"IPF/FO23-1-06170"	"IPF"	"IPF/FO23-1-06170"	2	2	13	0	0	0	0	"N8"
"IPF_FO23_1_06170__IPF_FO23_1_06170__N3C039"	"N7"	"IPF/FO23-1-06170"	"IPF"	"IPF/FO23-1-06170"	2	2	13	0	0	0	0	"N8"
"IPF_FO23_1_06170__IPF_FO23_1_06170__N3C039"	"N8"	"IPF/FO23-1-06170"	"IPF"	"IPF/FO23-1-06170"	2	2	13	6	2	0.461538461538462	1	"N8"
"IPF_FO23_1_06170__IPF_FO23_1_06170__N3C040"	"N1"	"IPF/FO23-1-06170"	"IPF"	"IPF/FO23-1-06170"	1	1	8	6	1	0.75	1	"N1"
"IPF_FO23_1_06170__IPF_FO23_1_06170__N3C040"	"N2"	"IPF/FO23-1-06170"	"IPF"	"IPF/FO23-1-06170"	1	1	8	0	0	0	0	"N1"
"IPF_FO23_1_06170__IPF_FO23_1_06170__N3C040"	"N3"	"IPF/FO23-1-06170"	"IPF"	"IPF/FO23-1-06170"	1	1	8	0	0	0	0	"N1"
"IPF_FO23_1_06170__IPF_FO23_1_06170__N3C040"	"N4"	"IPF/FO23-1-06170"	"IPF"	"IPF/FO23-1-06170"	1	1	8	0	0	0	0	"N1"
"IPF_FO23_1_06170__IPF_FO23_1_06170__N3C040"	"N5"	"IPF/FO23-1-06170"	"IPF"	"IPF/FO23-1-06170"	1	1	8	0	0	0	0	"N1"
"IPF_FO23_1_06170__IPF_FO23_1_06170__N3C040"	"N6"	"IPF/FO23-1-06170"	"IPF"	"IPF/FO23-1-06170"	1	1	8	0	0	0	0	"N1"
"IPF_FO23_1_06170__IPF_FO23_1_06170__N3C040"	"N7"	"IPF/FO23-1-06170"	"IPF"	"IPF/FO23-1-06170"	1	1	8	0	0	0	0	"N1"
"IPF_FO23_1_06170__IPF_FO23_1_06170__N3C040"	"N8"	"IPF/FO23-1-06170"	"IPF"	"IPF/FO23-1-06170"	1	1	8	2	1	0.25	1	"N1"
"IPF_FO23_1_06170__IPF_FO23_1_06170__N3C041"	"N1"	"IPF/FO23-1-06170"	"IPF"	"IPF/FO23-1-06170"	1	1	8	1	1	0.125	1	"N5; N8"
"IPF_FO23_1_06170__IPF_FO23_1_06170__N3C041"	"N2"	"IPF/FO23-1-06170"	"IPF"	"IPF/FO23-1-06170"	1	1	8	0	0	0	0	"N5; N8"
"IPF_FO23_1_06170__IPF_FO23_1_06170__N3C041"	"N3"	"IPF/FO23-1-06170"	"IPF"	"IPF/FO23-1-06170"	1	1	8	0	0	0	0	"N5; N8"
"IPF_FO23_1_06170__IPF_FO23_1_06170__N3C041"	"N4"	"IPF/FO23-1-06170"	"IPF"	"IPF/FO23-1-06170"	1	1	8	0	0	0	0	"N5; N8"
"IPF_FO23_1_06170__IPF_FO23_1_06170__N3C041"	"N5"	"IPF/FO23-1-06170"	"IPF"	"IPF/FO23-1-06170"	1	1	8	3	1	0.375	1	"N5; N8"
"IPF_FO23_1_06170__IPF_FO23_1_06170__N3C041"	"N6"	"IPF/FO23-1-06170"	"IPF"	"IPF/FO23-1-06170"	1	1	8	0	0	0	0	"N5; N8"
"IPF_FO23_1_06170__IPF_FO23_1_06170__N3C041"	"N7"	"IPF/FO23-1-06170"	"IPF"	"IPF/FO23-1-06170"	1	1	8	1	1	0.125	1	"N5; N8"
"IPF_FO23_1_06170__IPF_FO23_1_06170__N3C041"	"N8"	"IPF/FO23-1-06170"	"IPF"	"IPF/FO23-1-06170"	1	1	8	3	1	0.375	1	"N5; N8"
"IPF_FO23_1_06170__IPF_FO23_1_06170__N3C042"	"N1"	"IPF/FO23-1-06170"	"IPF"	"IPF/FO23-1-06170"	1	1	8	2	1	0.25	1	"N5; N8"
"IPF_FO23_1_06170__IPF_FO23_1_06170__N3C042"	"N2"	"IPF/FO23-1-06170"	"IPF"	"IPF/FO23-1-06170"	1	1	8	0	0	0	0	"N5; N8"
"IPF_FO23_1_06170__IPF_FO23_1_06170__N3C042"	"N3"	"IPF/FO23-1-06170"	"IPF"	"IPF/FO23-1-06170"	1	1	8	0	0	0	0	"N5; N8"
"IPF_FO23_1_06170__IPF_FO23_1_06170__N3C042"	"N4"	"IPF/FO23-1-06170"	"IPF"	"IPF/FO23-1-06170"	1	1	8	0	0	0	0	"N5; N8"
"IPF_FO23_1_06170__IPF_FO23_1_06170__N3C042"	"N5"	"IPF/FO23-1-06170"	"IPF"	"IPF/FO23-1-06170"	1	1	8	3	1	0.375	1	"N5; N8"
"IPF_FO23_1_06170__IPF_FO23_1_06170__N3C042"	"N6"	"IPF/FO23-1-06170"	"IPF"	"IPF/FO23-1-06170"	1	1	8	0	0	0	0	"N5; N8"
"IPF_FO23_1_06170__IPF_FO23_1_06170__N3C042"	"N7"	"IPF/FO23-1-06170"	"IPF"	"IPF/FO23-1-06170"	1	1	8	0	0	0	0	"N5; N8"
"IPF_FO23_1_06170__IPF_FO23_1_06170__N3C042"	"N8"	"IPF/FO23-1-06170"	"IPF"	"IPF/FO23-1-06170"	1	1	8	3	1	0.375	1	"N5; N8"
"IPF_FO23_1_06170__IPF_FO23_1_06170__N3C043"	"N1"	"IPF/FO23-1-06170"	"IPF"	"IPF/FO23-1-06170"	1	1	8	2	1	0.25	1	"N5; N7"
"IPF_FO23_1_06170__IPF_FO23_1_06170__N3C043"	"N2"	"IPF/FO23-1-06170"	"IPF"	"IPF/FO23-1-06170"	1	1	8	0	0	0	0	"N5; N7"
"IPF_FO23_1_06170__IPF_FO23_1_06170__N3C043"	"N3"	"IPF/FO23-1-06170"	"IPF"	"IPF/FO23-1-06170"	1	1	8	0	0	0	0	"N5; N7"
"IPF_FO23_1_06170__IPF_FO23_1_06170__N3C043"	"N4"	"IPF/FO23-1-06170"	"IPF"	"IPF/FO23-1-06170"	1	1	8	0	0	0	0	"N5; N7"
"IPF_FO23_1_06170__IPF_FO23_1_06170__N3C043"	"N5"	"IPF/FO23-1-06170"	"IPF"	"IPF/FO23-1-06170"	1	1	8	3	1	0.375	1	"N5; N7"
"IPF_FO23_1_06170__IPF_FO23_1_06170__N3C043"	"N6"	"IPF/FO23-1-06170"	"IPF"	"IPF/FO23-1-06170"	1	1	8	0	0	0	0	"N5; N7"
"IPF_FO23_1_06170__IPF_FO23_1_06170__N3C043"	"N7"	"IPF/FO23-1-06170"	"IPF"	"IPF/FO23-1-06170"	1	1	8	3	1	0.375	1	"N5; N7"
"IPF_FO23_1_06170__IPF_FO23_1_06170__N3C043"	"N8"	"IPF/FO23-1-06170"	"IPF"	"IPF/FO23-1-06170"	1	1	8	0	0	0	0	"N5; N7"
"IPF_FO23_1_06170__IPF_FO23_1_06170__N3C044"	"N1"	"IPF/FO23-1-06170"	"IPF"	"IPF/FO23-1-06170"	1	1	8	1	1	0.125	1	"N5; N7"
"IPF_FO23_1_06170__IPF_FO23_1_06170__N3C044"	"N2"	"IPF/FO23-1-06170"	"IPF"	"IPF/FO23-1-06170"	1	1	8	0	0	0	0	"N5; N7"
"IPF_FO23_1_06170__IPF_FO23_1_06170__N3C044"	"N3"	"IPF/FO23-1-06170"	"IPF"	"IPF/FO23-1-06170"	1	1	8	0	0	0	0	"N5; N7"
"IPF_FO23_1_06170__IPF_FO23_1_06170__N3C044"	"N4"	"IPF/FO23-1-06170"	"IPF"	"IPF/FO23-1-06170"	1	1	8	0	0	0	0	"N5; N7"
"IPF_FO23_1_06170__IPF_FO23_1_06170__N3C044"	"N5"	"IPF/FO23-1-06170"	"IPF"	"IPF/FO23-1-06170"	1	1	8	3	1	0.375	1	"N5; N7"
"IPF_FO23_1_06170__IPF_FO23_1_06170__N3C044"	"N6"	"IPF/FO23-1-06170"	"IPF"	"IPF/FO23-1-06170"	1	1	8	1	1	0.125	1	"N5; N7"
"IPF_FO23_1_06170__IPF_FO23_1_06170__N3C044"	"N7"	"IPF/FO23-1-06170"	"IPF"	"IPF/FO23-1-06170"	1	1	8	3	1	0.375	1	"N5; N7"
"IPF_FO23_1_06170__IPF_FO23_1_06170__N3C044"	"N8"	"IPF/FO23-1-06170"	"IPF"	"IPF/FO23-1-06170"	1	1	8	0	0	0	0	"N5; N7"
"IPF_FO23_1_06170__IPF_FO23_1_06170__N3C045"	"N1"	"IPF/FO23-1-06170"	"IPF"	"IPF/FO23-1-06170"	1	1	1	1	1	1	1	"N1"
"IPF_FO23_1_06170__IPF_FO23_1_06170__N3C045"	"N2"	"IPF/FO23-1-06170"	"IPF"	"IPF/FO23-1-06170"	1	1	1	0	0	0	0	"N1"
"IPF_FO23_1_06170__IPF_FO23_1_06170__N3C045"	"N3"	"IPF/FO23-1-06170"	"IPF"	"IPF/FO23-1-06170"	1	1	1	0	0	0	0	"N1"
"IPF_FO23_1_06170__IPF_FO23_1_06170__N3C045"	"N4"	"IPF/FO23-1-06170"	"IPF"	"IPF/FO23-1-06170"	1	1	1	0	0	0	0	"N1"
"IPF_FO23_1_06170__IPF_FO23_1_06170__N3C045"	"N5"	"IPF/FO23-1-06170"	"IPF"	"IPF/FO23-1-06170"	1	1	1	0	0	0	0	"N1"
"IPF_FO23_1_06170__IPF_FO23_1_06170__N3C045"	"N6"	"IPF/FO23-1-06170"	"IPF"	"IPF/FO23-1-06170"	1	1	1	0	0	0	0	"N1"
"IPF_FO23_1_06170__IPF_FO23_1_06170__N3C045"	"N7"	"IPF/FO23-1-06170"	"IPF"	"IPF/FO23-1-06170"	1	1	1	0	0	0	0	"N1"
"IPF_FO23_1_06170__IPF_FO23_1_06170__N3C045"	"N8"	"IPF/FO23-1-06170"	"IPF"	"IPF/FO23-1-06170"	1	1	1	0	0	0	0	"N1"
"IPF_FO23_1_06170__IPF_FO23_1_06170__N3C046"	"N1"	"IPF/FO23-1-06170"	"IPF"	"IPF/FO23-1-06170"	1	1	8	0	0	0	0	"N5"
"IPF_FO23_1_06170__IPF_FO23_1_06170__N3C046"	"N2"	"IPF/FO23-1-06170"	"IPF"	"IPF/FO23-1-06170"	1	1	8	0	0	0	0	"N5"
"IPF_FO23_1_06170__IPF_FO23_1_06170__N3C046"	"N3"	"IPF/FO23-1-06170"	"IPF"	"IPF/FO23-1-06170"	1	1	8	0	0	0	0	"N5"
"IPF_FO23_1_06170__IPF_FO23_1_06170__N3C046"	"N4"	"IPF/FO23-1-06170"	"IPF"	"IPF/FO23-1-06170"	1	1	8	1	1	0.125	1	"N5"
"IPF_FO23_1_06170__IPF_FO23_1_06170__N3C046"	"N5"	"IPF/FO23-1-06170"	"IPF"	"IPF/FO23-1-06170"	1	1	8	6	1	0.75	1	"N5"
"IPF_FO23_1_06170__IPF_FO23_1_06170__N3C046"	"N6"	"IPF/FO23-1-06170"	"IPF"	"IPF/FO23-1-06170"	1	1	8	1	1	0.125	1	"N5"
"IPF_FO23_1_06170__IPF_FO23_1_06170__N3C046"	"N7"	"IPF/FO23-1-06170"	"IPF"	"IPF/FO23-1-06170"	1	1	8	0	0	0	0	"N5"
"IPF_FO23_1_06170__IPF_FO23_1_06170__N3C046"	"N8"	"IPF/FO23-1-06170"	"IPF"	"IPF/FO23-1-06170"	1	1	8	0	0	0	0	"N5"
"IPF_FO23_1_06170__IPF_FO23_1_06170__N3C047"	"N1"	"IPF/FO23-1-06170"	"IPF"	"IPF/FO23-1-06170"	4	4	26	18	4	0.692307692307692	1	"N1"
"IPF_FO23_1_06170__IPF_FO23_1_06170__N3C047"	"N2"	"IPF/FO23-1-06170"	"IPF"	"IPF/FO23-1-06170"	4	4	26	0	0	0	0	"N1"
"IPF_FO23_1_06170__IPF_FO23_1_06170__N3C047"	"N3"	"IPF/FO23-1-06170"	"IPF"	"IPF/FO23-1-06170"	4	4	26	0	0	0	0	"N1"
"IPF_FO23_1_06170__IPF_FO23_1_06170__N3C047"	"N4"	"IPF/FO23-1-06170"	"IPF"	"IPF/FO23-1-06170"	4	4	26	0	0	0	0	"N1"
"IPF_FO23_1_06170__IPF_FO23_1_06170__N3C047"	"N5"	"IPF/FO23-1-06170"	"IPF"	"IPF/FO23-1-06170"	4	4	26	4	3	0.153846153846154	0.75	"N1"
"IPF_FO23_1_06170__IPF_FO23_1_06170__N3C047"	"N6"	"IPF/FO23-1-06170"	"IPF"	"IPF/FO23-1-06170"	4	4	26	0	0	0	0	"N1"
"IPF_FO23_1_06170__IPF_FO23_1_06170__N3C047"	"N7"	"IPF/FO23-1-06170"	"IPF"	"IPF/FO23-1-06170"	4	4	26	0	0	0	0	"N1"
"IPF_FO23_1_06170__IPF_FO23_1_06170__N3C047"	"N8"	"IPF/FO23-1-06170"	"IPF"	"IPF/FO23-1-06170"	4	4	26	4	3	0.153846153846154	0.75	"N1"
"IPF_FO23_1_06170__IPF_FO23_1_06170__N3C048"	"N1"	"IPF/FO23-1-06170"	"IPF"	"IPF/FO23-1-06170"	1	1	8	2	1	0.25	1	"N5"
"IPF_FO23_1_06170__IPF_FO23_1_06170__N3C048"	"N2"	"IPF/FO23-1-06170"	"IPF"	"IPF/FO23-1-06170"	1	1	8	0	0	0	0	"N5"
"IPF_FO23_1_06170__IPF_FO23_1_06170__N3C048"	"N3"	"IPF/FO23-1-06170"	"IPF"	"IPF/FO23-1-06170"	1	1	8	0	0	0	0	"N5"
"IPF_FO23_1_06170__IPF_FO23_1_06170__N3C048"	"N4"	"IPF/FO23-1-06170"	"IPF"	"IPF/FO23-1-06170"	1	1	8	0	0	0	0	"N5"
"IPF_FO23_1_06170__IPF_FO23_1_06170__N3C048"	"N5"	"IPF/FO23-1-06170"	"IPF"	"IPF/FO23-1-06170"	1	1	8	3	1	0.375	1	"N5"
"IPF_FO23_1_06170__IPF_FO23_1_06170__N3C048"	"N6"	"IPF/FO23-1-06170"	"IPF"	"IPF/FO23-1-06170"	1	1	8	0	0	0	0	"N5"
"IPF_FO23_1_06170__IPF_FO23_1_06170__N3C048"	"N7"	"IPF/FO23-1-06170"	"IPF"	"IPF/FO23-1-06170"	1	1	8	2	1	0.25	1	"N5"
"IPF_FO23_1_06170__IPF_FO23_1_06170__N3C048"	"N8"	"IPF/FO23-1-06170"	"IPF"	"IPF/FO23-1-06170"	1	1	8	1	1	0.125	1	"N5"
"IPF_FO23_1_06170__IPF_FO23_1_06170__N3C049"	"N1"	"IPF/FO23-1-06170"	"IPF"	"IPF/FO23-1-06170"	5	5	30	15	5	0.5	1	"N1"
"IPF_FO23_1_06170__IPF_FO23_1_06170__N3C049"	"N2"	"IPF/FO23-1-06170"	"IPF"	"IPF/FO23-1-06170"	5	5	30	1	1	0.0333333333333333	0.2	"N1"
"IPF_FO23_1_06170__IPF_FO23_1_06170__N3C049"	"N3"	"IPF/FO23-1-06170"	"IPF"	"IPF/FO23-1-06170"	5	5	30	0	0	0	0	"N1"
"IPF_FO23_1_06170__IPF_FO23_1_06170__N3C049"	"N4"	"IPF/FO23-1-06170"	"IPF"	"IPF/FO23-1-06170"	5	5	30	0	0	0	0	"N1"
"IPF_FO23_1_06170__IPF_FO23_1_06170__N3C049"	"N5"	"IPF/FO23-1-06170"	"IPF"	"IPF/FO23-1-06170"	5	5	30	3	2	0.1	0.4	"N1"
"IPF_FO23_1_06170__IPF_FO23_1_06170__N3C049"	"N6"	"IPF/FO23-1-06170"	"IPF"	"IPF/FO23-1-06170"	5	5	30	0	0	0	0	"N1"
"IPF_FO23_1_06170__IPF_FO23_1_06170__N3C049"	"N7"	"IPF/FO23-1-06170"	"IPF"	"IPF/FO23-1-06170"	5	5	30	7	2	0.233333333333333	0.4	"N1"
"IPF_FO23_1_06170__IPF_FO23_1_06170__N3C049"	"N8"	"IPF/FO23-1-06170"	"IPF"	"IPF/FO23-1-06170"	5	5	30	4	3	0.133333333333333	0.6	"N1"
"IPF_FO23_1_06170__IPF_FO23_1_06170__N3C050"	"N1"	"IPF/FO23-1-06170"	"IPF"	"IPF/FO23-1-06170"	2	2	14	3	2	0.214285714285714	1	"N5"
"IPF_FO23_1_06170__IPF_FO23_1_06170__N3C050"	"N2"	"IPF/FO23-1-06170"	"IPF"	"IPF/FO23-1-06170"	2	2	14	0	0	0	0	"N5"
"IPF_FO23_1_06170__IPF_FO23_1_06170__N3C050"	"N3"	"IPF/FO23-1-06170"	"IPF"	"IPF/FO23-1-06170"	2	2	14	0	0	0	0	"N5"
"IPF_FO23_1_06170__IPF_FO23_1_06170__N3C050"	"N4"	"IPF/FO23-1-06170"	"IPF"	"IPF/FO23-1-06170"	2	2	14	0	0	0	0	"N5"
"IPF_FO23_1_06170__IPF_FO23_1_06170__N3C050"	"N5"	"IPF/FO23-1-06170"	"IPF"	"IPF/FO23-1-06170"	2	2	14	6	2	0.428571428571429	1	"N5"
"IPF_FO23_1_06170__IPF_FO23_1_06170__N3C050"	"N6"	"IPF/FO23-1-06170"	"IPF"	"IPF/FO23-1-06170"	2	2	14	1	1	0.0714285714285714	0.5	"N5"
"IPF_FO23_1_06170__IPF_FO23_1_06170__N3C050"	"N7"	"IPF/FO23-1-06170"	"IPF"	"IPF/FO23-1-06170"	2	2	14	2	1	0.142857142857143	0.5	"N5"
"IPF_FO23_1_06170__IPF_FO23_1_06170__N3C050"	"N8"	"IPF/FO23-1-06170"	"IPF"	"IPF/FO23-1-06170"	2	2	14	2	1	0.142857142857143	0.5	"N5"
"IPF_FO23_1_06170__IPF_FO23_1_06170__N3C051"	"N1"	"IPF/FO23-1-06170"	"IPF"	"IPF/FO23-1-06170"	4	4	22	0	0	0	0	"N7"
"IPF_FO23_1_06170__IPF_FO23_1_06170__N3C051"	"N2"	"IPF/FO23-1-06170"	"IPF"	"IPF/FO23-1-06170"	4	4	22	0	0	0	0	"N7"
"IPF_FO23_1_06170__IPF_FO23_1_06170__N3C051"	"N3"	"IPF/FO23-1-06170"	"IPF"	"IPF/FO23-1-06170"	4	4	22	0	0	0	0	"N7"
"IPF_FO23_1_06170__IPF_FO23_1_06170__N3C051"	"N4"	"IPF/FO23-1-06170"	"IPF"	"IPF/FO23-1-06170"	4	4	22	0	0	0	0	"N7"
"IPF_FO23_1_06170__IPF_FO23_1_06170__N3C051"	"N5"	"IPF/FO23-1-06170"	"IPF"	"IPF/FO23-1-06170"	4	4	22	7	3	0.318181818181818	0.75	"N7"
"IPF_FO23_1_06170__IPF_FO23_1_06170__N3C051"	"N6"	"IPF/FO23-1-06170"	"IPF"	"IPF/FO23-1-06170"	4	4	22	0	0	0	0	"N7"
"IPF_FO23_1_06170__IPF_FO23_1_06170__N3C051"	"N7"	"IPF/FO23-1-06170"	"IPF"	"IPF/FO23-1-06170"	4	4	22	10	4	0.454545454545455	1	"N7"
"IPF_FO23_1_06170__IPF_FO23_1_06170__N3C051"	"N8"	"IPF/FO23-1-06170"	"IPF"	"IPF/FO23-1-06170"	4	4	22	5	3	0.227272727272727	0.75	"N7"
"IPF_FO23_1_06170__IPF_FO23_1_06170__N3C052"	"N1"	"IPF/FO23-1-06170"	"IPF"	"IPF/FO23-1-06170"	6	6	36	25	6	0.694444444444445	1	"N1"
"IPF_FO23_1_06170__IPF_FO23_1_06170__N3C052"	"N2"	"IPF/FO23-1-06170"	"IPF"	"IPF/FO23-1-06170"	6	6	36	0	0	0	0	"N1"
"IPF_FO23_1_06170__IPF_FO23_1_06170__N3C052"	"N3"	"IPF/FO23-1-06170"	"IPF"	"IPF/FO23-1-06170"	6	6	36	0	0	0	0	"N1"
"IPF_FO23_1_06170__IPF_FO23_1_06170__N3C052"	"N4"	"IPF/FO23-1-06170"	"IPF"	"IPF/FO23-1-06170"	6	6	36	0	0	0	0	"N1"
"IPF_FO23_1_06170__IPF_FO23_1_06170__N3C052"	"N5"	"IPF/FO23-1-06170"	"IPF"	"IPF/FO23-1-06170"	6	6	36	0	0	0	0	"N1"
"IPF_FO23_1_06170__IPF_FO23_1_06170__N3C052"	"N6"	"IPF/FO23-1-06170"	"IPF"	"IPF/FO23-1-06170"	6	6	36	2	1	0.0555555555555556	0.166666666666667	"N1"
"IPF_FO23_1_06170__IPF_FO23_1_06170__N3C052"	"N7"	"IPF/FO23-1-06170"	"IPF"	"IPF/FO23-1-06170"	6	6	36	1	1	0.0277777777777778	0.166666666666667	"N1"
"IPF_FO23_1_06170__IPF_FO23_1_06170__N3C052"	"N8"	"IPF/FO23-1-06170"	"IPF"	"IPF/FO23-1-06170"	6	6	36	8	5	0.222222222222222	0.833333333333333	"N1"
"IPF_FO23_1_06170__IPF_FO23_1_06170__N3C053"	"N1"	"IPF/FO23-1-06170"	"IPF"	"IPF/FO23-1-06170"	1	1	8	4	1	0.5	1	"N1"
"IPF_FO23_1_06170__IPF_FO23_1_06170__N3C053"	"N2"	"IPF/FO23-1-06170"	"IPF"	"IPF/FO23-1-06170"	1	1	8	0	0	0	0	"N1"
"IPF_FO23_1_06170__IPF_FO23_1_06170__N3C053"	"N3"	"IPF/FO23-1-06170"	"IPF"	"IPF/FO23-1-06170"	1	1	8	0	0	0	0	"N1"
"IPF_FO23_1_06170__IPF_FO23_1_06170__N3C053"	"N4"	"IPF/FO23-1-06170"	"IPF"	"IPF/FO23-1-06170"	1	1	8	0	0	0	0	"N1"
"IPF_FO23_1_06170__IPF_FO23_1_06170__N3C053"	"N5"	"IPF/FO23-1-06170"	"IPF"	"IPF/FO23-1-06170"	1	1	8	1	1	0.125	1	"N1"
"IPF_FO23_1_06170__IPF_FO23_1_06170__N3C053"	"N6"	"IPF/FO23-1-06170"	"IPF"	"IPF/FO23-1-06170"	1	1	8	3	1	0.375	1	"N1"
"IPF_FO23_1_06170__IPF_FO23_1_06170__N3C053"	"N7"	"IPF/FO23-1-06170"	"IPF"	"IPF/FO23-1-06170"	1	1	8	0	0	0	0	"N1"
"IPF_FO23_1_06170__IPF_FO23_1_06170__N3C053"	"N8"	"IPF/FO23-1-06170"	"IPF"	"IPF/FO23-1-06170"	1	1	8	0	0	0	0	"N1"
"IPF_FO23_1_06170__IPF_FO23_1_06170__N3C054"	"N1"	"IPF/FO23-1-06170"	"IPF"	"IPF/FO23-1-06170"	1	1	8	6	1	0.75	1	"N1"
"IPF_FO23_1_06170__IPF_FO23_1_06170__N3C054"	"N2"	"IPF/FO23-1-06170"	"IPF"	"IPF/FO23-1-06170"	1	1	8	0	0	0	0	"N1"
"IPF_FO23_1_06170__IPF_FO23_1_06170__N3C054"	"N3"	"IPF/FO23-1-06170"	"IPF"	"IPF/FO23-1-06170"	1	1	8	0	0	0	0	"N1"
"IPF_FO23_1_06170__IPF_FO23_1_06170__N3C054"	"N4"	"IPF/FO23-1-06170"	"IPF"	"IPF/FO23-1-06170"	1	1	8	0	0	0	0	"N1"
"IPF_FO23_1_06170__IPF_FO23_1_06170__N3C054"	"N5"	"IPF/FO23-1-06170"	"IPF"	"IPF/FO23-1-06170"	1	1	8	0	0	0	0	"N1"
"IPF_FO23_1_06170__IPF_FO23_1_06170__N3C054"	"N6"	"IPF/FO23-1-06170"	"IPF"	"IPF/FO23-1-06170"	1	1	8	1	1	0.125	1	"N1"
"IPF_FO23_1_06170__IPF_FO23_1_06170__N3C054"	"N7"	"IPF/FO23-1-06170"	"IPF"	"IPF/FO23-1-06170"	1	1	8	1	1	0.125	1	"N1"
"IPF_FO23_1_06170__IPF_FO23_1_06170__N3C054"	"N8"	"IPF/FO23-1-06170"	"IPF"	"IPF/FO23-1-06170"	1	1	8	0	0	0	0	"N1"
"IPF_FO23_1_06170__IPF_FO23_1_06170__N3C055"	"N1"	"IPF/FO23-1-06170"	"IPF"	"IPF/FO23-1-06170"	1	1	8	5	1	0.625	1	"N1"
"IPF_FO23_1_06170__IPF_FO23_1_06170__N3C055"	"N2"	"IPF/FO23-1-06170"	"IPF"	"IPF/FO23-1-06170"	1	1	8	0	0	0	0	"N1"
"IPF_FO23_1_06170__IPF_FO23_1_06170__N3C055"	"N3"	"IPF/FO23-1-06170"	"IPF"	"IPF/FO23-1-06170"	1	1	8	0	0	0	0	"N1"
"IPF_FO23_1_06170__IPF_FO23_1_06170__N3C055"	"N4"	"IPF/FO23-1-06170"	"IPF"	"IPF/FO23-1-06170"	1	1	8	0	0	0	0	"N1"
"IPF_FO23_1_06170__IPF_FO23_1_06170__N3C055"	"N5"	"IPF/FO23-1-06170"	"IPF"	"IPF/FO23-1-06170"	1	1	8	2	1	0.25	1	"N1"
"IPF_FO23_1_06170__IPF_FO23_1_06170__N3C055"	"N6"	"IPF/FO23-1-06170"	"IPF"	"IPF/FO23-1-06170"	1	1	8	0	0	0	0	"N1"
"IPF_FO23_1_06170__IPF_FO23_1_06170__N3C055"	"N7"	"IPF/FO23-1-06170"	"IPF"	"IPF/FO23-1-06170"	1	1	8	0	0	0	0	"N1"
"IPF_FO23_1_06170__IPF_FO23_1_06170__N3C055"	"N8"	"IPF/FO23-1-06170"	"IPF"	"IPF/FO23-1-06170"	1	1	8	1	1	0.125	1	"N1"
"IPF_FO23_1_06170__IPF_FO23_1_06170__N3C056"	"N1"	"IPF/FO23-1-06170"	"IPF"	"IPF/FO23-1-06170"	1	1	8	1	1	0.125	1	"N7"
"IPF_FO23_1_06170__IPF_FO23_1_06170__N3C056"	"N2"	"IPF/FO23-1-06170"	"IPF"	"IPF/FO23-1-06170"	1	1	8	0	0	0	0	"N7"
"IPF_FO23_1_06170__IPF_FO23_1_06170__N3C056"	"N3"	"IPF/FO23-1-06170"	"IPF"	"IPF/FO23-1-06170"	1	1	8	0	0	0	0	"N7"
"IPF_FO23_1_06170__IPF_FO23_1_06170__N3C056"	"N4"	"IPF/FO23-1-06170"	"IPF"	"IPF/FO23-1-06170"	1	1	8	0	0	0	0	"N7"
"IPF_FO23_1_06170__IPF_FO23_1_06170__N3C056"	"N5"	"IPF/FO23-1-06170"	"IPF"	"IPF/FO23-1-06170"	1	1	8	1	1	0.125	1	"N7"
"IPF_FO23_1_06170__IPF_FO23_1_06170__N3C056"	"N6"	"IPF/FO23-1-06170"	"IPF"	"IPF/FO23-1-06170"	1	1	8	1	1	0.125	1	"N7"
"IPF_FO23_1_06170__IPF_FO23_1_06170__N3C056"	"N7"	"IPF/FO23-1-06170"	"IPF"	"IPF/FO23-1-06170"	1	1	8	5	1	0.625	1	"N7"
"IPF_FO23_1_06170__IPF_FO23_1_06170__N3C056"	"N8"	"IPF/FO23-1-06170"	"IPF"	"IPF/FO23-1-06170"	1	1	8	0	0	0	0	"N7"
"IPF_FO23_1_06170__IPF_FO23_1_06170__N3C057"	"N1"	"IPF/FO23-1-06170"	"IPF"	"IPF/FO23-1-06170"	2	2	14	4	2	0.285714285714286	1	"N1; N8"
"IPF_FO23_1_06170__IPF_FO23_1_06170__N3C057"	"N2"	"IPF/FO23-1-06170"	"IPF"	"IPF/FO23-1-06170"	2	2	14	1	1	0.0714285714285714	0.5	"N1; N8"
"IPF_FO23_1_06170__IPF_FO23_1_06170__N3C057"	"N3"	"IPF/FO23-1-06170"	"IPF"	"IPF/FO23-1-06170"	2	2	14	0	0	0	0	"N1; N8"
"IPF_FO23_1_06170__IPF_FO23_1_06170__N3C057"	"N4"	"IPF/FO23-1-06170"	"IPF"	"IPF/FO23-1-06170"	2	2	14	0	0	0	0	"N1; N8"
"IPF_FO23_1_06170__IPF_FO23_1_06170__N3C057"	"N5"	"IPF/FO23-1-06170"	"IPF"	"IPF/FO23-1-06170"	2	2	14	3	2	0.214285714285714	1	"N1; N8"
"IPF_FO23_1_06170__IPF_FO23_1_06170__N3C057"	"N6"	"IPF/FO23-1-06170"	"IPF"	"IPF/FO23-1-06170"	2	2	14	1	1	0.0714285714285714	0.5	"N1; N8"
"IPF_FO23_1_06170__IPF_FO23_1_06170__N3C057"	"N7"	"IPF/FO23-1-06170"	"IPF"	"IPF/FO23-1-06170"	2	2	14	1	1	0.0714285714285714	0.5	"N1; N8"
"IPF_FO23_1_06170__IPF_FO23_1_06170__N3C057"	"N8"	"IPF/FO23-1-06170"	"IPF"	"IPF/FO23-1-06170"	2	2	14	4	2	0.285714285714286	1	"N1; N8"
"IPF_FO23_1_06170__IPF_FO23_1_06170__N3C058"	"N1"	"IPF/FO23-1-06170"	"IPF"	"IPF/FO23-1-06170"	1	1	1	0	0	0	0	"N8"
"IPF_FO23_1_06170__IPF_FO23_1_06170__N3C058"	"N2"	"IPF/FO23-1-06170"	"IPF"	"IPF/FO23-1-06170"	1	1	1	0	0	0	0	"N8"
"IPF_FO23_1_06170__IPF_FO23_1_06170__N3C058"	"N3"	"IPF/FO23-1-06170"	"IPF"	"IPF/FO23-1-06170"	1	1	1	0	0	0	0	"N8"
"IPF_FO23_1_06170__IPF_FO23_1_06170__N3C058"	"N4"	"IPF/FO23-1-06170"	"IPF"	"IPF/FO23-1-06170"	1	1	1	0	0	0	0	"N8"
"IPF_FO23_1_06170__IPF_FO23_1_06170__N3C058"	"N5"	"IPF/FO23-1-06170"	"IPF"	"IPF/FO23-1-06170"	1	1	1	0	0	0	0	"N8"
"IPF_FO23_1_06170__IPF_FO23_1_06170__N3C058"	"N6"	"IPF/FO23-1-06170"	"IPF"	"IPF/FO23-1-06170"	1	1	1	0	0	0	0	"N8"
"IPF_FO23_1_06170__IPF_FO23_1_06170__N3C058"	"N7"	"IPF/FO23-1-06170"	"IPF"	"IPF/FO23-1-06170"	1	1	1	0	0	0	0	"N8"
"IPF_FO23_1_06170__IPF_FO23_1_06170__N3C058"	"N8"	"IPF/FO23-1-06170"	"IPF"	"IPF/FO23-1-06170"	1	1	1	1	1	1	1	"N8"
"IPF_FO23_1_06170__IPF_FO23_1_06170__N3C059"	"N1"	"IPF/FO23-1-06170"	"IPF"	"IPF/FO23-1-06170"	2	2	14	13	2	0.928571428571429	1	"N1"
"IPF_FO23_1_06170__IPF_FO23_1_06170__N3C059"	"N2"	"IPF/FO23-1-06170"	"IPF"	"IPF/FO23-1-06170"	2	2	14	0	0	0	0	"N1"
"IPF_FO23_1_06170__IPF_FO23_1_06170__N3C059"	"N3"	"IPF/FO23-1-06170"	"IPF"	"IPF/FO23-1-06170"	2	2	14	0	0	0	0	"N1"
"IPF_FO23_1_06170__IPF_FO23_1_06170__N3C059"	"N4"	"IPF/FO23-1-06170"	"IPF"	"IPF/FO23-1-06170"	2	2	14	0	0	0	0	"N1"
"IPF_FO23_1_06170__IPF_FO23_1_06170__N3C059"	"N5"	"IPF/FO23-1-06170"	"IPF"	"IPF/FO23-1-06170"	2	2	14	1	1	0.0714285714285714	0.5	"N1"
"IPF_FO23_1_06170__IPF_FO23_1_06170__N3C059"	"N6"	"IPF/FO23-1-06170"	"IPF"	"IPF/FO23-1-06170"	2	2	14	0	0	0	0	"N1"
"IPF_FO23_1_06170__IPF_FO23_1_06170__N3C059"	"N7"	"IPF/FO23-1-06170"	"IPF"	"IPF/FO23-1-06170"	2	2	14	0	0	0	0	"N1"
"IPF_FO23_1_06170__IPF_FO23_1_06170__N3C059"	"N8"	"IPF/FO23-1-06170"	"IPF"	"IPF/FO23-1-06170"	2	2	14	0	0	0	0	"N1"
"IPF_FO23_1_06170__IPF_FO23_1_06170__N3C060"	"N1"	"IPF/FO23-1-06170"	"IPF"	"IPF/FO23-1-06170"	3	3	20	9	3	0.45	1	"N1"
"IPF_FO23_1_06170__IPF_FO23_1_06170__N3C060"	"N2"	"IPF/FO23-1-06170"	"IPF"	"IPF/FO23-1-06170"	3	3	20	0	0	0	0	"N1"
"IPF_FO23_1_06170__IPF_FO23_1_06170__N3C060"	"N3"	"IPF/FO23-1-06170"	"IPF"	"IPF/FO23-1-06170"	3	3	20	0	0	0	0	"N1"
"IPF_FO23_1_06170__IPF_FO23_1_06170__N3C060"	"N4"	"IPF/FO23-1-06170"	"IPF"	"IPF/FO23-1-06170"	3	3	20	2	2	0.1	0.666666666666667	"N1"
"IPF_FO23_1_06170__IPF_FO23_1_06170__N3C060"	"N5"	"IPF/FO23-1-06170"	"IPF"	"IPF/FO23-1-06170"	3	3	20	3	2	0.15	0.666666666666667	"N1"
"IPF_FO23_1_06170__IPF_FO23_1_06170__N3C060"	"N6"	"IPF/FO23-1-06170"	"IPF"	"IPF/FO23-1-06170"	3	3	20	0	0	0	0	"N1"
"IPF_FO23_1_06170__IPF_FO23_1_06170__N3C060"	"N7"	"IPF/FO23-1-06170"	"IPF"	"IPF/FO23-1-06170"	3	3	20	2	2	0.1	0.666666666666667	"N1"
"IPF_FO23_1_06170__IPF_FO23_1_06170__N3C060"	"N8"	"IPF/FO23-1-06170"	"IPF"	"IPF/FO23-1-06170"	3	3	20	4	3	0.2	1	"N1"
"IPF_FO23_1_06170__IPF_FO23_1_06170__N3C061"	"N1"	"IPF/FO23-1-06170"	"IPF"	"IPF/FO23-1-06170"	1	1	8	1	1	0.125	1	"N7"
"IPF_FO23_1_06170__IPF_FO23_1_06170__N3C061"	"N2"	"IPF/FO23-1-06170"	"IPF"	"IPF/FO23-1-06170"	1	1	8	0	0	0	0	"N7"
"IPF_FO23_1_06170__IPF_FO23_1_06170__N3C061"	"N3"	"IPF/FO23-1-06170"	"IPF"	"IPF/FO23-1-06170"	1	1	8	0	0	0	0	"N7"
"IPF_FO23_1_06170__IPF_FO23_1_06170__N3C061"	"N4"	"IPF/FO23-1-06170"	"IPF"	"IPF/FO23-1-06170"	1	1	8	0	0	0	0	"N7"
"IPF_FO23_1_06170__IPF_FO23_1_06170__N3C061"	"N5"	"IPF/FO23-1-06170"	"IPF"	"IPF/FO23-1-06170"	1	1	8	3	1	0.375	1	"N7"
"IPF_FO23_1_06170__IPF_FO23_1_06170__N3C061"	"N6"	"IPF/FO23-1-06170"	"IPF"	"IPF/FO23-1-06170"	1	1	8	0	0	0	0	"N7"
"IPF_FO23_1_06170__IPF_FO23_1_06170__N3C061"	"N7"	"IPF/FO23-1-06170"	"IPF"	"IPF/FO23-1-06170"	1	1	8	4	1	0.5	1	"N7"
"IPF_FO23_1_06170__IPF_FO23_1_06170__N3C061"	"N8"	"IPF/FO23-1-06170"	"IPF"	"IPF/FO23-1-06170"	1	1	8	0	0	0	0	"N7"
"IPF_FO23_1_06170__IPF_FO23_1_06170__N3C062"	"N1"	"IPF/FO23-1-06170"	"IPF"	"IPF/FO23-1-06170"	1	1	8	1	1	0.125	1	"N5"
"IPF_FO23_1_06170__IPF_FO23_1_06170__N3C062"	"N2"	"IPF/FO23-1-06170"	"IPF"	"IPF/FO23-1-06170"	1	1	8	0	0	0	0	"N5"
"IPF_FO23_1_06170__IPF_FO23_1_06170__N3C062"	"N3"	"IPF/FO23-1-06170"	"IPF"	"IPF/FO23-1-06170"	1	1	8	0	0	0	0	"N5"
"IPF_FO23_1_06170__IPF_FO23_1_06170__N3C062"	"N4"	"IPF/FO23-1-06170"	"IPF"	"IPF/FO23-1-06170"	1	1	8	0	0	0	0	"N5"
"IPF_FO23_1_06170__IPF_FO23_1_06170__N3C062"	"N5"	"IPF/FO23-1-06170"	"IPF"	"IPF/FO23-1-06170"	1	1	8	7	1	0.875	1	"N5"
"IPF_FO23_1_06170__IPF_FO23_1_06170__N3C062"	"N6"	"IPF/FO23-1-06170"	"IPF"	"IPF/FO23-1-06170"	1	1	8	0	0	0	0	"N5"
"IPF_FO23_1_06170__IPF_FO23_1_06170__N3C062"	"N7"	"IPF/FO23-1-06170"	"IPF"	"IPF/FO23-1-06170"	1	1	8	0	0	0	0	"N5"
"IPF_FO23_1_06170__IPF_FO23_1_06170__N3C062"	"N8"	"IPF/FO23-1-06170"	"IPF"	"IPF/FO23-1-06170"	1	1	8	0	0	0	0	"N5"
"IPF_FO23_1_06170__IPF_FO23_1_06170__N3C063"	"N1"	"IPF/FO23-1-06170"	"IPF"	"IPF/FO23-1-06170"	3	3	20	4	2	0.2	0.666666666666667	"N5"
"IPF_FO23_1_06170__IPF_FO23_1_06170__N3C063"	"N2"	"IPF/FO23-1-06170"	"IPF"	"IPF/FO23-1-06170"	3	3	20	0	0	0	0	"N5"
"IPF_FO23_1_06170__IPF_FO23_1_06170__N3C063"	"N3"	"IPF/FO23-1-06170"	"IPF"	"IPF/FO23-1-06170"	3	3	20	0	0	0	0	"N5"
"IPF_FO23_1_06170__IPF_FO23_1_06170__N3C063"	"N4"	"IPF/FO23-1-06170"	"IPF"	"IPF/FO23-1-06170"	3	3	20	0	0	0	0	"N5"
"IPF_FO23_1_06170__IPF_FO23_1_06170__N3C063"	"N5"	"IPF/FO23-1-06170"	"IPF"	"IPF/FO23-1-06170"	3	3	20	11	3	0.55	1	"N5"
"IPF_FO23_1_06170__IPF_FO23_1_06170__N3C063"	"N6"	"IPF/FO23-1-06170"	"IPF"	"IPF/FO23-1-06170"	3	3	20	1	1	0.05	0.333333333333333	"N5"
"IPF_FO23_1_06170__IPF_FO23_1_06170__N3C063"	"N7"	"IPF/FO23-1-06170"	"IPF"	"IPF/FO23-1-06170"	3	3	20	2	2	0.1	0.666666666666667	"N5"
"IPF_FO23_1_06170__IPF_FO23_1_06170__N3C063"	"N8"	"IPF/FO23-1-06170"	"IPF"	"IPF/FO23-1-06170"	3	3	20	2	1	0.1	0.333333333333333	"N5"
"IPF_FO23_1_06170__IPF_FO23_1_06170__N3C064"	"N1"	"IPF/FO23-1-06170"	"IPF"	"IPF/FO23-1-06170"	1	1	8	3	1	0.375	1	"N1; N5"
"IPF_FO23_1_06170__IPF_FO23_1_06170__N3C064"	"N2"	"IPF/FO23-1-06170"	"IPF"	"IPF/FO23-1-06170"	1	1	8	0	0	0	0	"N1; N5"
"IPF_FO23_1_06170__IPF_FO23_1_06170__N3C064"	"N3"	"IPF/FO23-1-06170"	"IPF"	"IPF/FO23-1-06170"	1	1	8	0	0	0	0	"N1; N5"
"IPF_FO23_1_06170__IPF_FO23_1_06170__N3C064"	"N4"	"IPF/FO23-1-06170"	"IPF"	"IPF/FO23-1-06170"	1	1	8	0	0	0	0	"N1; N5"
"IPF_FO23_1_06170__IPF_FO23_1_06170__N3C064"	"N5"	"IPF/FO23-1-06170"	"IPF"	"IPF/FO23-1-06170"	1	1	8	3	1	0.375	1	"N1; N5"
"IPF_FO23_1_06170__IPF_FO23_1_06170__N3C064"	"N6"	"IPF/FO23-1-06170"	"IPF"	"IPF/FO23-1-06170"	1	1	8	0	0	0	0	"N1; N5"
"IPF_FO23_1_06170__IPF_FO23_1_06170__N3C064"	"N7"	"IPF/FO23-1-06170"	"IPF"	"IPF/FO23-1-06170"	1	1	8	1	1	0.125	1	"N1; N5"
"IPF_FO23_1_06170__IPF_FO23_1_06170__N3C064"	"N8"	"IPF/FO23-1-06170"	"IPF"	"IPF/FO23-1-06170"	1	1	8	1	1	0.125	1	"N1; N5"
"IPF_FO23_1_06170__IPF_FO23_1_06170__N3C065"	"N1"	"IPF/FO23-1-06170"	"IPF"	"IPF/FO23-1-06170"	3	3	20	2	1	0.1	0.333333333333333	"N5"
"IPF_FO23_1_06170__IPF_FO23_1_06170__N3C065"	"N2"	"IPF/FO23-1-06170"	"IPF"	"IPF/FO23-1-06170"	3	3	20	0	0	0	0	"N5"
"IPF_FO23_1_06170__IPF_FO23_1_06170__N3C065"	"N3"	"IPF/FO23-1-06170"	"IPF"	"IPF/FO23-1-06170"	3	3	20	0	0	0	0	"N5"
"IPF_FO23_1_06170__IPF_FO23_1_06170__N3C065"	"N4"	"IPF/FO23-1-06170"	"IPF"	"IPF/FO23-1-06170"	3	3	20	0	0	0	0	"N5"
"IPF_FO23_1_06170__IPF_FO23_1_06170__N3C065"	"N5"	"IPF/FO23-1-06170"	"IPF"	"IPF/FO23-1-06170"	3	3	20	11	3	0.55	1	"N5"
"IPF_FO23_1_06170__IPF_FO23_1_06170__N3C065"	"N6"	"IPF/FO23-1-06170"	"IPF"	"IPF/FO23-1-06170"	3	3	20	4	2	0.2	0.666666666666667	"N5"
"IPF_FO23_1_06170__IPF_FO23_1_06170__N3C065"	"N7"	"IPF/FO23-1-06170"	"IPF"	"IPF/FO23-1-06170"	3	3	20	3	2	0.15	0.666666666666667	"N5"
"IPF_FO23_1_06170__IPF_FO23_1_06170__N3C065"	"N8"	"IPF/FO23-1-06170"	"IPF"	"IPF/FO23-1-06170"	3	3	20	0	0	0	0	"N5"
"IPF_FO23_1_06170__IPF_FO23_1_06170__N3C066"	"N1"	"IPF/FO23-1-06170"	"IPF"	"IPF/FO23-1-06170"	6	6	38	13	5	0.342105263157895	0.833333333333333	"N8"
"IPF_FO23_1_06170__IPF_FO23_1_06170__N3C066"	"N2"	"IPF/FO23-1-06170"	"IPF"	"IPF/FO23-1-06170"	6	6	38	0	0	0	0	"N8"
"IPF_FO23_1_06170__IPF_FO23_1_06170__N3C066"	"N3"	"IPF/FO23-1-06170"	"IPF"	"IPF/FO23-1-06170"	6	6	38	0	0	0	0	"N8"
"IPF_FO23_1_06170__IPF_FO23_1_06170__N3C066"	"N4"	"IPF/FO23-1-06170"	"IPF"	"IPF/FO23-1-06170"	6	6	38	0	0	0	0	"N8"
"IPF_FO23_1_06170__IPF_FO23_1_06170__N3C066"	"N5"	"IPF/FO23-1-06170"	"IPF"	"IPF/FO23-1-06170"	6	6	38	4	4	0.105263157894737	0.666666666666667	"N8"
"IPF_FO23_1_06170__IPF_FO23_1_06170__N3C066"	"N6"	"IPF/FO23-1-06170"	"IPF"	"IPF/FO23-1-06170"	6	6	38	4	4	0.105263157894737	0.666666666666667	"N8"
"IPF_FO23_1_06170__IPF_FO23_1_06170__N3C066"	"N7"	"IPF/FO23-1-06170"	"IPF"	"IPF/FO23-1-06170"	6	6	38	1	1	0.0263157894736842	0.166666666666667	"N8"
"IPF_FO23_1_06170__IPF_FO23_1_06170__N3C066"	"N8"	"IPF/FO23-1-06170"	"IPF"	"IPF/FO23-1-06170"	6	6	38	16	6	0.421052631578947	1	"N8"
"IPF_FO23_1_06170__IPF_FO23_1_06170__N3C067"	"N1"	"IPF/FO23-1-06170"	"IPF"	"IPF/FO23-1-06170"	3	3	18	5	2	0.277777777777778	0.666666666666667	"N7"
"IPF_FO23_1_06170__IPF_FO23_1_06170__N3C067"	"N2"	"IPF/FO23-1-06170"	"IPF"	"IPF/FO23-1-06170"	3	3	18	0	0	0	0	"N7"
"IPF_FO23_1_06170__IPF_FO23_1_06170__N3C067"	"N3"	"IPF/FO23-1-06170"	"IPF"	"IPF/FO23-1-06170"	3	3	18	0	0	0	0	"N7"
"IPF_FO23_1_06170__IPF_FO23_1_06170__N3C067"	"N4"	"IPF/FO23-1-06170"	"IPF"	"IPF/FO23-1-06170"	3	3	18	0	0	0	0	"N7"
"IPF_FO23_1_06170__IPF_FO23_1_06170__N3C067"	"N5"	"IPF/FO23-1-06170"	"IPF"	"IPF/FO23-1-06170"	3	3	18	5	3	0.277777777777778	1	"N7"
"IPF_FO23_1_06170__IPF_FO23_1_06170__N3C067"	"N6"	"IPF/FO23-1-06170"	"IPF"	"IPF/FO23-1-06170"	3	3	18	0	0	0	0	"N7"
"IPF_FO23_1_06170__IPF_FO23_1_06170__N3C067"	"N7"	"IPF/FO23-1-06170"	"IPF"	"IPF/FO23-1-06170"	3	3	18	8	3	0.444444444444444	1	"N7"
"IPF_FO23_1_06170__IPF_FO23_1_06170__N3C067"	"N8"	"IPF/FO23-1-06170"	"IPF"	"IPF/FO23-1-06170"	3	3	18	0	0	0	0	"N7"
"IPF_FO23_1_06170__IPF_FO23_1_06170__N3C068"	"N1"	"IPF/FO23-1-06170"	"IPF"	"IPF/FO23-1-06170"	1	1	8	1	1	0.125	1	"N5; N7"
"IPF_FO23_1_06170__IPF_FO23_1_06170__N3C068"	"N2"	"IPF/FO23-1-06170"	"IPF"	"IPF/FO23-1-06170"	1	1	8	0	0	0	0	"N5; N7"
"IPF_FO23_1_06170__IPF_FO23_1_06170__N3C068"	"N3"	"IPF/FO23-1-06170"	"IPF"	"IPF/FO23-1-06170"	1	1	8	0	0	0	0	"N5; N7"
"IPF_FO23_1_06170__IPF_FO23_1_06170__N3C068"	"N4"	"IPF/FO23-1-06170"	"IPF"	"IPF/FO23-1-06170"	1	1	8	0	0	0	0	"N5; N7"
"IPF_FO23_1_06170__IPF_FO23_1_06170__N3C068"	"N5"	"IPF/FO23-1-06170"	"IPF"	"IPF/FO23-1-06170"	1	1	8	3	1	0.375	1	"N5; N7"
"IPF_FO23_1_06170__IPF_FO23_1_06170__N3C068"	"N6"	"IPF/FO23-1-06170"	"IPF"	"IPF/FO23-1-06170"	1	1	8	1	1	0.125	1	"N5; N7"
"IPF_FO23_1_06170__IPF_FO23_1_06170__N3C068"	"N7"	"IPF/FO23-1-06170"	"IPF"	"IPF/FO23-1-06170"	1	1	8	3	1	0.375	1	"N5; N7"
"IPF_FO23_1_06170__IPF_FO23_1_06170__N3C068"	"N8"	"IPF/FO23-1-06170"	"IPF"	"IPF/FO23-1-06170"	1	1	8	0	0	0	0	"N5; N7"
"IPF_FO23_1_06170__IPF_FO23_1_06170__N3C069"	"N1"	"IPF/FO23-1-06170"	"IPF"	"IPF/FO23-1-06170"	2	2	14	2	1	0.142857142857143	0.5	"N5"
"IPF_FO23_1_06170__IPF_FO23_1_06170__N3C069"	"N2"	"IPF/FO23-1-06170"	"IPF"	"IPF/FO23-1-06170"	2	2	14	0	0	0	0	"N5"
"IPF_FO23_1_06170__IPF_FO23_1_06170__N3C069"	"N3"	"IPF/FO23-1-06170"	"IPF"	"IPF/FO23-1-06170"	2	2	14	0	0	0	0	"N5"
"IPF_FO23_1_06170__IPF_FO23_1_06170__N3C069"	"N4"	"IPF/FO23-1-06170"	"IPF"	"IPF/FO23-1-06170"	2	2	14	0	0	0	0	"N5"
"IPF_FO23_1_06170__IPF_FO23_1_06170__N3C069"	"N5"	"IPF/FO23-1-06170"	"IPF"	"IPF/FO23-1-06170"	2	2	14	8	2	0.571428571428571	1	"N5"
"IPF_FO23_1_06170__IPF_FO23_1_06170__N3C069"	"N6"	"IPF/FO23-1-06170"	"IPF"	"IPF/FO23-1-06170"	2	2	14	2	1	0.142857142857143	0.5	"N5"
"IPF_FO23_1_06170__IPF_FO23_1_06170__N3C069"	"N7"	"IPF/FO23-1-06170"	"IPF"	"IPF/FO23-1-06170"	2	2	14	2	2	0.142857142857143	1	"N5"
"IPF_FO23_1_06170__IPF_FO23_1_06170__N3C069"	"N8"	"IPF/FO23-1-06170"	"IPF"	"IPF/FO23-1-06170"	2	2	14	0	0	0	0	"N5"
"IPF_FO23_1_06170__IPF_FO23_1_06170__N3C070"	"N1"	"IPF/FO23-1-06170"	"IPF"	"IPF/FO23-1-06170"	1	1	8	3	1	0.375	1	"N8"
"IPF_FO23_1_06170__IPF_FO23_1_06170__N3C070"	"N2"	"IPF/FO23-1-06170"	"IPF"	"IPF/FO23-1-06170"	1	1	8	0	0	0	0	"N8"
"IPF_FO23_1_06170__IPF_FO23_1_06170__N3C070"	"N3"	"IPF/FO23-1-06170"	"IPF"	"IPF/FO23-1-06170"	1	1	8	0	0	0	0	"N8"
"IPF_FO23_1_06170__IPF_FO23_1_06170__N3C070"	"N4"	"IPF/FO23-1-06170"	"IPF"	"IPF/FO23-1-06170"	1	1	8	0	0	0	0	"N8"
"IPF_FO23_1_06170__IPF_FO23_1_06170__N3C070"	"N5"	"IPF/FO23-1-06170"	"IPF"	"IPF/FO23-1-06170"	1	1	8	0	0	0	0	"N8"
"IPF_FO23_1_06170__IPF_FO23_1_06170__N3C070"	"N6"	"IPF/FO23-1-06170"	"IPF"	"IPF/FO23-1-06170"	1	1	8	0	0	0	0	"N8"
"IPF_FO23_1_06170__IPF_FO23_1_06170__N3C070"	"N7"	"IPF/FO23-1-06170"	"IPF"	"IPF/FO23-1-06170"	1	1	8	1	1	0.125	1	"N8"
"IPF_FO23_1_06170__IPF_FO23_1_06170__N3C070"	"N8"	"IPF/FO23-1-06170"	"IPF"	"IPF/FO23-1-06170"	1	1	8	4	1	0.5	1	"N8"
"IPF_FO23_1_06170__IPF_FO23_1_06170__N3C071"	"N1"	"IPF/FO23-1-06170"	"IPF"	"IPF/FO23-1-06170"	1	1	8	2	1	0.25	1	"N8"
"IPF_FO23_1_06170__IPF_FO23_1_06170__N3C071"	"N2"	"IPF/FO23-1-06170"	"IPF"	"IPF/FO23-1-06170"	1	1	8	0	0	0	0	"N8"
"IPF_FO23_1_06170__IPF_FO23_1_06170__N3C071"	"N3"	"IPF/FO23-1-06170"	"IPF"	"IPF/FO23-1-06170"	1	1	8	0	0	0	0	"N8"
"IPF_FO23_1_06170__IPF_FO23_1_06170__N3C071"	"N4"	"IPF/FO23-1-06170"	"IPF"	"IPF/FO23-1-06170"	1	1	8	0	0	0	0	"N8"
"IPF_FO23_1_06170__IPF_FO23_1_06170__N3C071"	"N5"	"IPF/FO23-1-06170"	"IPF"	"IPF/FO23-1-06170"	1	1	8	0	0	0	0	"N8"
"IPF_FO23_1_06170__IPF_FO23_1_06170__N3C071"	"N6"	"IPF/FO23-1-06170"	"IPF"	"IPF/FO23-1-06170"	1	1	8	0	0	0	0	"N8"
"IPF_FO23_1_06170__IPF_FO23_1_06170__N3C071"	"N7"	"IPF/FO23-1-06170"	"IPF"	"IPF/FO23-1-06170"	1	1	8	0	0	0	0	"N8"
"IPF_FO23_1_06170__IPF_FO23_1_06170__N3C071"	"N8"	"IPF/FO23-1-06170"	"IPF"	"IPF/FO23-1-06170"	1	1	8	6	1	0.75	1	"N8"
"IPF_FO23_1_06170__IPF_FO23_1_06170__N3C072"	"N1"	"IPF/FO23-1-06170"	"IPF"	"IPF/FO23-1-06170"	1	1	3	1	1	0.333333333333333	1	"N1; N2; N8"
"IPF_FO23_1_06170__IPF_FO23_1_06170__N3C072"	"N2"	"IPF/FO23-1-06170"	"IPF"	"IPF/FO23-1-06170"	1	1	3	1	1	0.333333333333333	1	"N1; N2; N8"
"IPF_FO23_1_06170__IPF_FO23_1_06170__N3C072"	"N3"	"IPF/FO23-1-06170"	"IPF"	"IPF/FO23-1-06170"	1	1	3	0	0	0	0	"N1; N2; N8"
"IPF_FO23_1_06170__IPF_FO23_1_06170__N3C072"	"N4"	"IPF/FO23-1-06170"	"IPF"	"IPF/FO23-1-06170"	1	1	3	0	0	0	0	"N1; N2; N8"
"IPF_FO23_1_06170__IPF_FO23_1_06170__N3C072"	"N5"	"IPF/FO23-1-06170"	"IPF"	"IPF/FO23-1-06170"	1	1	3	0	0	0	0	"N1; N2; N8"
"IPF_FO23_1_06170__IPF_FO23_1_06170__N3C072"	"N6"	"IPF/FO23-1-06170"	"IPF"	"IPF/FO23-1-06170"	1	1	3	0	0	0	0	"N1; N2; N8"
"IPF_FO23_1_06170__IPF_FO23_1_06170__N3C072"	"N7"	"IPF/FO23-1-06170"	"IPF"	"IPF/FO23-1-06170"	1	1	3	0	0	0	0	"N1; N2; N8"
"IPF_FO23_1_06170__IPF_FO23_1_06170__N3C072"	"N8"	"IPF/FO23-1-06170"	"IPF"	"IPF/FO23-1-06170"	1	1	3	1	1	0.333333333333333	1	"N1; N2; N8"
"IPF_FO23_1_06170__IPF_FO23_1_06170__N3C073"	"N1"	"IPF/FO23-1-06170"	"IPF"	"IPF/FO23-1-06170"	1	1	7	3	1	0.428571428571429	1	"N8"
"IPF_FO23_1_06170__IPF_FO23_1_06170__N3C073"	"N2"	"IPF/FO23-1-06170"	"IPF"	"IPF/FO23-1-06170"	1	1	7	0	0	0	0	"N8"
"IPF_FO23_1_06170__IPF_FO23_1_06170__N3C073"	"N3"	"IPF/FO23-1-06170"	"IPF"	"IPF/FO23-1-06170"	1	1	7	0	0	0	0	"N8"
"IPF_FO23_1_06170__IPF_FO23_1_06170__N3C073"	"N4"	"IPF/FO23-1-06170"	"IPF"	"IPF/FO23-1-06170"	1	1	7	0	0	0	0	"N8"
"IPF_FO23_1_06170__IPF_FO23_1_06170__N3C073"	"N5"	"IPF/FO23-1-06170"	"IPF"	"IPF/FO23-1-06170"	1	1	7	0	0	0	0	"N8"
"IPF_FO23_1_06170__IPF_FO23_1_06170__N3C073"	"N6"	"IPF/FO23-1-06170"	"IPF"	"IPF/FO23-1-06170"	1	1	7	0	0	0	0	"N8"
"IPF_FO23_1_06170__IPF_FO23_1_06170__N3C073"	"N7"	"IPF/FO23-1-06170"	"IPF"	"IPF/FO23-1-06170"	1	1	7	0	0	0	0	"N8"
"IPF_FO23_1_06170__IPF_FO23_1_06170__N3C073"	"N8"	"IPF/FO23-1-06170"	"IPF"	"IPF/FO23-1-06170"	1	1	7	4	1	0.571428571428571	1	"N8"
"IPF_FO23_1_06170__IPF_FO23_1_06170__N3C074"	"N1"	"IPF/FO23-1-06170"	"IPF"	"IPF/FO23-1-06170"	4	4	23	5	3	0.217391304347826	0.75	"N5"
"IPF_FO23_1_06170__IPF_FO23_1_06170__N3C074"	"N2"	"IPF/FO23-1-06170"	"IPF"	"IPF/FO23-1-06170"	4	4	23	0	0	0	0	"N5"
"IPF_FO23_1_06170__IPF_FO23_1_06170__N3C074"	"N3"	"IPF/FO23-1-06170"	"IPF"	"IPF/FO23-1-06170"	4	4	23	0	0	0	0	"N5"
"IPF_FO23_1_06170__IPF_FO23_1_06170__N3C074"	"N4"	"IPF/FO23-1-06170"	"IPF"	"IPF/FO23-1-06170"	4	4	23	1	1	0.0434782608695652	0.25	"N5"
"IPF_FO23_1_06170__IPF_FO23_1_06170__N3C074"	"N5"	"IPF/FO23-1-06170"	"IPF"	"IPF/FO23-1-06170"	4	4	23	11	4	0.478260869565217	1	"N5"
"IPF_FO23_1_06170__IPF_FO23_1_06170__N3C074"	"N6"	"IPF/FO23-1-06170"	"IPF"	"IPF/FO23-1-06170"	4	4	23	0	0	0	0	"N5"
"IPF_FO23_1_06170__IPF_FO23_1_06170__N3C074"	"N7"	"IPF/FO23-1-06170"	"IPF"	"IPF/FO23-1-06170"	4	4	23	3	3	0.130434782608696	0.75	"N5"
"IPF_FO23_1_06170__IPF_FO23_1_06170__N3C074"	"N8"	"IPF/FO23-1-06170"	"IPF"	"IPF/FO23-1-06170"	4	4	23	3	2	0.130434782608696	0.5	"N5"
"IPF_FO23_1_06170__IPF_FO23_1_06170__N3C075"	"N1"	"IPF/FO23-1-06170"	"IPF"	"IPF/FO23-1-06170"	1	1	7	1	1	0.142857142857143	1	"N8"
"IPF_FO23_1_06170__IPF_FO23_1_06170__N3C075"	"N2"	"IPF/FO23-1-06170"	"IPF"	"IPF/FO23-1-06170"	1	1	7	1	1	0.142857142857143	1	"N8"
"IPF_FO23_1_06170__IPF_FO23_1_06170__N3C075"	"N3"	"IPF/FO23-1-06170"	"IPF"	"IPF/FO23-1-06170"	1	1	7	0	0	0	0	"N8"
"IPF_FO23_1_06170__IPF_FO23_1_06170__N3C075"	"N4"	"IPF/FO23-1-06170"	"IPF"	"IPF/FO23-1-06170"	1	1	7	0	0	0	0	"N8"
"IPF_FO23_1_06170__IPF_FO23_1_06170__N3C075"	"N5"	"IPF/FO23-1-06170"	"IPF"	"IPF/FO23-1-06170"	1	1	7	0	0	0	0	"N8"
"IPF_FO23_1_06170__IPF_FO23_1_06170__N3C075"	"N6"	"IPF/FO23-1-06170"	"IPF"	"IPF/FO23-1-06170"	1	1	7	2	1	0.285714285714286	1	"N8"
"IPF_FO23_1_06170__IPF_FO23_1_06170__N3C075"	"N7"	"IPF/FO23-1-06170"	"IPF"	"IPF/FO23-1-06170"	1	1	7	0	0	0	0	"N8"
"IPF_FO23_1_06170__IPF_FO23_1_06170__N3C075"	"N8"	"IPF/FO23-1-06170"	"IPF"	"IPF/FO23-1-06170"	1	1	7	3	1	0.428571428571429	1	"N8"
"IPF_FO23_1_06170__IPF_FO23_1_06170__N3C076"	"N1"	"IPF/FO23-1-06170"	"IPF"	"IPF/FO23-1-06170"	5	5	30	3	2	0.1	0.4	"N8"
"IPF_FO23_1_06170__IPF_FO23_1_06170__N3C076"	"N2"	"IPF/FO23-1-06170"	"IPF"	"IPF/FO23-1-06170"	5	5	30	0	0	0	0	"N8"
"IPF_FO23_1_06170__IPF_FO23_1_06170__N3C076"	"N3"	"IPF/FO23-1-06170"	"IPF"	"IPF/FO23-1-06170"	5	5	30	0	0	0	0	"N8"
"IPF_FO23_1_06170__IPF_FO23_1_06170__N3C076"	"N4"	"IPF/FO23-1-06170"	"IPF"	"IPF/FO23-1-06170"	5	5	30	0	0	0	0	"N8"
"IPF_FO23_1_06170__IPF_FO23_1_06170__N3C076"	"N5"	"IPF/FO23-1-06170"	"IPF"	"IPF/FO23-1-06170"	5	5	30	10	5	0.333333333333333	1	"N8"
"IPF_FO23_1_06170__IPF_FO23_1_06170__N3C076"	"N6"	"IPF/FO23-1-06170"	"IPF"	"IPF/FO23-1-06170"	5	5	30	1	1	0.0333333333333333	0.2	"N8"
"IPF_FO23_1_06170__IPF_FO23_1_06170__N3C076"	"N7"	"IPF/FO23-1-06170"	"IPF"	"IPF/FO23-1-06170"	5	5	30	0	0	0	0	"N8"
"IPF_FO23_1_06170__IPF_FO23_1_06170__N3C076"	"N8"	"IPF/FO23-1-06170"	"IPF"	"IPF/FO23-1-06170"	5	5	30	16	5	0.533333333333333	1	"N8"
"IPF_FO23_1_06170__IPF_FO23_1_06170__N3C077"	"N1"	"IPF/FO23-1-06170"	"IPF"	"IPF/FO23-1-06170"	7	4	6	1	1	0.166666666666667	0.25	"N4"
"IPF_FO23_1_06170__IPF_FO23_1_06170__N3C077"	"N2"	"IPF/FO23-1-06170"	"IPF"	"IPF/FO23-1-06170"	7	4	6	0	0	0	0	"N4"
"IPF_FO23_1_06170__IPF_FO23_1_06170__N3C077"	"N3"	"IPF/FO23-1-06170"	"IPF"	"IPF/FO23-1-06170"	7	4	6	0	0	0	0	"N4"
"IPF_FO23_1_06170__IPF_FO23_1_06170__N3C077"	"N4"	"IPF/FO23-1-06170"	"IPF"	"IPF/FO23-1-06170"	7	4	6	3	3	0.5	0.75	"N4"
"IPF_FO23_1_06170__IPF_FO23_1_06170__N3C077"	"N5"	"IPF/FO23-1-06170"	"IPF"	"IPF/FO23-1-06170"	7	4	6	2	2	0.333333333333333	0.5	"N4"
"IPF_FO23_1_06170__IPF_FO23_1_06170__N3C077"	"N6"	"IPF/FO23-1-06170"	"IPF"	"IPF/FO23-1-06170"	7	4	6	0	0	0	0	"N4"
"IPF_FO23_1_06170__IPF_FO23_1_06170__N3C077"	"N7"	"IPF/FO23-1-06170"	"IPF"	"IPF/FO23-1-06170"	7	4	6	0	0	0	0	"N4"
"IPF_FO23_1_06170__IPF_FO23_1_06170__N3C077"	"N8"	"IPF/FO23-1-06170"	"IPF"	"IPF/FO23-1-06170"	7	4	6	0	0	0	0	"N4"
"IPF_FO23_1_06170__IPF_FO23_1_06170__N3C078"	"N1"	"IPF/FO23-1-06170"	"IPF"	"IPF/FO23-1-06170"	2	2	4	0	0	0	0	"N5; N6"
"IPF_FO23_1_06170__IPF_FO23_1_06170__N3C078"	"N2"	"IPF/FO23-1-06170"	"IPF"	"IPF/FO23-1-06170"	2	2	4	0	0	0	0	"N5; N6"
"IPF_FO23_1_06170__IPF_FO23_1_06170__N3C078"	"N3"	"IPF/FO23-1-06170"	"IPF"	"IPF/FO23-1-06170"	2	2	4	0	0	0	0	"N5; N6"
"IPF_FO23_1_06170__IPF_FO23_1_06170__N3C078"	"N4"	"IPF/FO23-1-06170"	"IPF"	"IPF/FO23-1-06170"	2	2	4	0	0	0	0	"N5; N6"
"IPF_FO23_1_06170__IPF_FO23_1_06170__N3C078"	"N5"	"IPF/FO23-1-06170"	"IPF"	"IPF/FO23-1-06170"	2	2	4	2	1	0.5	0.5	"N5; N6"
"IPF_FO23_1_06170__IPF_FO23_1_06170__N3C078"	"N6"	"IPF/FO23-1-06170"	"IPF"	"IPF/FO23-1-06170"	2	2	4	2	2	0.5	1	"N5; N6"
"IPF_FO23_1_06170__IPF_FO23_1_06170__N3C078"	"N7"	"IPF/FO23-1-06170"	"IPF"	"IPF/FO23-1-06170"	2	2	4	0	0	0	0	"N5; N6"
"IPF_FO23_1_06170__IPF_FO23_1_06170__N3C078"	"N8"	"IPF/FO23-1-06170"	"IPF"	"IPF/FO23-1-06170"	2	2	4	0	0	0	0	"N5; N6"
"IPF_FO23_1_06170__IPF_FO23_1_06170__N3C079"	"N1"	"IPF/FO23-1-06170"	"IPF"	"IPF/FO23-1-06170"	1	1	8	1	1	0.125	1	"N5"
"IPF_FO23_1_06170__IPF_FO23_1_06170__N3C079"	"N2"	"IPF/FO23-1-06170"	"IPF"	"IPF/FO23-1-06170"	1	1	8	0	0	0	0	"N5"
"IPF_FO23_1_06170__IPF_FO23_1_06170__N3C079"	"N3"	"IPF/FO23-1-06170"	"IPF"	"IPF/FO23-1-06170"	1	1	8	0	0	0	0	"N5"
"IPF_FO23_1_06170__IPF_FO23_1_06170__N3C079"	"N4"	"IPF/FO23-1-06170"	"IPF"	"IPF/FO23-1-06170"	1	1	8	0	0	0	0	"N5"
"IPF_FO23_1_06170__IPF_FO23_1_06170__N3C079"	"N5"	"IPF/FO23-1-06170"	"IPF"	"IPF/FO23-1-06170"	1	1	8	4	1	0.5	1	"N5"
"IPF_FO23_1_06170__IPF_FO23_1_06170__N3C079"	"N6"	"IPF/FO23-1-06170"	"IPF"	"IPF/FO23-1-06170"	1	1	8	2	1	0.25	1	"N5"
"IPF_FO23_1_06170__IPF_FO23_1_06170__N3C079"	"N7"	"IPF/FO23-1-06170"	"IPF"	"IPF/FO23-1-06170"	1	1	8	1	1	0.125	1	"N5"
"IPF_FO23_1_06170__IPF_FO23_1_06170__N3C079"	"N8"	"IPF/FO23-1-06170"	"IPF"	"IPF/FO23-1-06170"	1	1	8	0	0	0	0	"N5"
"IPF_FO23_1_06170__IPF_FO23_1_06170__N3C080"	"N1"	"IPF/FO23-1-06170"	"IPF"	"IPF/FO23-1-06170"	1	1	8	0	0	0	0	"N5"
"IPF_FO23_1_06170__IPF_FO23_1_06170__N3C080"	"N2"	"IPF/FO23-1-06170"	"IPF"	"IPF/FO23-1-06170"	1	1	8	0	0	0	0	"N5"
"IPF_FO23_1_06170__IPF_FO23_1_06170__N3C080"	"N3"	"IPF/FO23-1-06170"	"IPF"	"IPF/FO23-1-06170"	1	1	8	0	0	0	0	"N5"
"IPF_FO23_1_06170__IPF_FO23_1_06170__N3C080"	"N4"	"IPF/FO23-1-06170"	"IPF"	"IPF/FO23-1-06170"	1	1	8	0	0	0	0	"N5"
"IPF_FO23_1_06170__IPF_FO23_1_06170__N3C080"	"N5"	"IPF/FO23-1-06170"	"IPF"	"IPF/FO23-1-06170"	1	1	8	5	1	0.625	1	"N5"
"IPF_FO23_1_06170__IPF_FO23_1_06170__N3C080"	"N6"	"IPF/FO23-1-06170"	"IPF"	"IPF/FO23-1-06170"	1	1	8	0	0	0	0	"N5"
"IPF_FO23_1_06170__IPF_FO23_1_06170__N3C080"	"N7"	"IPF/FO23-1-06170"	"IPF"	"IPF/FO23-1-06170"	1	1	8	3	1	0.375	1	"N5"
"IPF_FO23_1_06170__IPF_FO23_1_06170__N3C080"	"N8"	"IPF/FO23-1-06170"	"IPF"	"IPF/FO23-1-06170"	1	1	8	0	0	0	0	"N5"
"IPF_FO23_1_06170__IPF_FO23_1_06170__N3C081"	"N1"	"IPF/FO23-1-06170"	"IPF"	"IPF/FO23-1-06170"	1	1	8	1	1	0.125	1	"N5"
"IPF_FO23_1_06170__IPF_FO23_1_06170__N3C081"	"N2"	"IPF/FO23-1-06170"	"IPF"	"IPF/FO23-1-06170"	1	1	8	0	0	0	0	"N5"
"IPF_FO23_1_06170__IPF_FO23_1_06170__N3C081"	"N3"	"IPF/FO23-1-06170"	"IPF"	"IPF/FO23-1-06170"	1	1	8	0	0	0	0	"N5"
"IPF_FO23_1_06170__IPF_FO23_1_06170__N3C081"	"N4"	"IPF/FO23-1-06170"	"IPF"	"IPF/FO23-1-06170"	1	1	8	0	0	0	0	"N5"
"IPF_FO23_1_06170__IPF_FO23_1_06170__N3C081"	"N5"	"IPF/FO23-1-06170"	"IPF"	"IPF/FO23-1-06170"	1	1	8	6	1	0.75	1	"N5"
"IPF_FO23_1_06170__IPF_FO23_1_06170__N3C081"	"N6"	"IPF/FO23-1-06170"	"IPF"	"IPF/FO23-1-06170"	1	1	8	1	1	0.125	1	"N5"
"IPF_FO23_1_06170__IPF_FO23_1_06170__N3C081"	"N7"	"IPF/FO23-1-06170"	"IPF"	"IPF/FO23-1-06170"	1	1	8	0	0	0	0	"N5"
"IPF_FO23_1_06170__IPF_FO23_1_06170__N3C081"	"N8"	"IPF/FO23-1-06170"	"IPF"	"IPF/FO23-1-06170"	1	1	8	0	0	0	0	"N5"
"IPF_FO23_1_06170__IPF_FO23_1_06170__N3C082"	"N1"	"IPF/FO23-1-06170"	"IPF"	"IPF/FO23-1-06170"	1	1	8	4	1	0.5	1	"N1"
"IPF_FO23_1_06170__IPF_FO23_1_06170__N3C082"	"N2"	"IPF/FO23-1-06170"	"IPF"	"IPF/FO23-1-06170"	1	1	8	0	0	0	0	"N1"
"IPF_FO23_1_06170__IPF_FO23_1_06170__N3C082"	"N3"	"IPF/FO23-1-06170"	"IPF"	"IPF/FO23-1-06170"	1	1	8	0	0	0	0	"N1"
"IPF_FO23_1_06170__IPF_FO23_1_06170__N3C082"	"N4"	"IPF/FO23-1-06170"	"IPF"	"IPF/FO23-1-06170"	1	1	8	0	0	0	0	"N1"
"IPF_FO23_1_06170__IPF_FO23_1_06170__N3C082"	"N5"	"IPF/FO23-1-06170"	"IPF"	"IPF/FO23-1-06170"	1	1	8	2	1	0.25	1	"N1"
"IPF_FO23_1_06170__IPF_FO23_1_06170__N3C082"	"N6"	"IPF/FO23-1-06170"	"IPF"	"IPF/FO23-1-06170"	1	1	8	0	0	0	0	"N1"
"IPF_FO23_1_06170__IPF_FO23_1_06170__N3C082"	"N7"	"IPF/FO23-1-06170"	"IPF"	"IPF/FO23-1-06170"	1	1	8	1	1	0.125	1	"N1"
"IPF_FO23_1_06170__IPF_FO23_1_06170__N3C082"	"N8"	"IPF/FO23-1-06170"	"IPF"	"IPF/FO23-1-06170"	1	1	8	1	1	0.125	1	"N1"
"IPF_FO23_1_06170__IPF_FO23_1_06170__N3C083"	"N1"	"IPF/FO23-1-06170"	"IPF"	"IPF/FO23-1-06170"	1	1	4	1	1	0.25	1	"N8"
"IPF_FO23_1_06170__IPF_FO23_1_06170__N3C083"	"N2"	"IPF/FO23-1-06170"	"IPF"	"IPF/FO23-1-06170"	1	1	4	0	0	0	0	"N8"
"IPF_FO23_1_06170__IPF_FO23_1_06170__N3C083"	"N3"	"IPF/FO23-1-06170"	"IPF"	"IPF/FO23-1-06170"	1	1	4	0	0	0	0	"N8"
"IPF_FO23_1_06170__IPF_FO23_1_06170__N3C083"	"N4"	"IPF/FO23-1-06170"	"IPF"	"IPF/FO23-1-06170"	1	1	4	1	1	0.25	1	"N8"
"IPF_FO23_1_06170__IPF_FO23_1_06170__N3C083"	"N5"	"IPF/FO23-1-06170"	"IPF"	"IPF/FO23-1-06170"	1	1	4	0	0	0	0	"N8"
"IPF_FO23_1_06170__IPF_FO23_1_06170__N3C083"	"N6"	"IPF/FO23-1-06170"	"IPF"	"IPF/FO23-1-06170"	1	1	4	0	0	0	0	"N8"
"IPF_FO23_1_06170__IPF_FO23_1_06170__N3C083"	"N7"	"IPF/FO23-1-06170"	"IPF"	"IPF/FO23-1-06170"	1	1	4	0	0	0	0	"N8"
"IPF_FO23_1_06170__IPF_FO23_1_06170__N3C083"	"N8"	"IPF/FO23-1-06170"	"IPF"	"IPF/FO23-1-06170"	1	1	4	2	1	0.5	1	"N8"
"IPF_FO23_1_06170__IPF_FO23_1_06170__N3C084"	"N1"	"IPF/FO23-1-06170"	"IPF"	"IPF/FO23-1-06170"	3	3	20	9	3	0.45	1	"N1"
"IPF_FO23_1_06170__IPF_FO23_1_06170__N3C084"	"N2"	"IPF/FO23-1-06170"	"IPF"	"IPF/FO23-1-06170"	3	3	20	2	1	0.1	0.333333333333333	"N1"
"IPF_FO23_1_06170__IPF_FO23_1_06170__N3C084"	"N3"	"IPF/FO23-1-06170"	"IPF"	"IPF/FO23-1-06170"	3	3	20	0	0	0	0	"N1"
"IPF_FO23_1_06170__IPF_FO23_1_06170__N3C084"	"N4"	"IPF/FO23-1-06170"	"IPF"	"IPF/FO23-1-06170"	3	3	20	0	0	0	0	"N1"
"IPF_FO23_1_06170__IPF_FO23_1_06170__N3C084"	"N5"	"IPF/FO23-1-06170"	"IPF"	"IPF/FO23-1-06170"	3	3	20	6	3	0.3	1	"N1"
"IPF_FO23_1_06170__IPF_FO23_1_06170__N3C084"	"N6"	"IPF/FO23-1-06170"	"IPF"	"IPF/FO23-1-06170"	3	3	20	2	1	0.1	0.333333333333333	"N1"
"IPF_FO23_1_06170__IPF_FO23_1_06170__N3C084"	"N7"	"IPF/FO23-1-06170"	"IPF"	"IPF/FO23-1-06170"	3	3	20	0	0	0	0	"N1"
"IPF_FO23_1_06170__IPF_FO23_1_06170__N3C084"	"N8"	"IPF/FO23-1-06170"	"IPF"	"IPF/FO23-1-06170"	3	3	20	1	1	0.05	0.333333333333333	"N1"
"IPF_FO23_1_06170__IPF_FO23_1_06170__N3C085"	"N1"	"IPF/FO23-1-06170"	"IPF"	"IPF/FO23-1-06170"	1	1	8	3	1	0.375	1	"N5"
"IPF_FO23_1_06170__IPF_FO23_1_06170__N3C085"	"N2"	"IPF/FO23-1-06170"	"IPF"	"IPF/FO23-1-06170"	1	1	8	0	0	0	0	"N5"
"IPF_FO23_1_06170__IPF_FO23_1_06170__N3C085"	"N3"	"IPF/FO23-1-06170"	"IPF"	"IPF/FO23-1-06170"	1	1	8	0	0	0	0	"N5"
"IPF_FO23_1_06170__IPF_FO23_1_06170__N3C085"	"N4"	"IPF/FO23-1-06170"	"IPF"	"IPF/FO23-1-06170"	1	1	8	0	0	0	0	"N5"
"IPF_FO23_1_06170__IPF_FO23_1_06170__N3C085"	"N5"	"IPF/FO23-1-06170"	"IPF"	"IPF/FO23-1-06170"	1	1	8	4	1	0.5	1	"N5"
"IPF_FO23_1_06170__IPF_FO23_1_06170__N3C085"	"N6"	"IPF/FO23-1-06170"	"IPF"	"IPF/FO23-1-06170"	1	1	8	0	0	0	0	"N5"
"IPF_FO23_1_06170__IPF_FO23_1_06170__N3C085"	"N7"	"IPF/FO23-1-06170"	"IPF"	"IPF/FO23-1-06170"	1	1	8	0	0	0	0	"N5"
"IPF_FO23_1_06170__IPF_FO23_1_06170__N3C085"	"N8"	"IPF/FO23-1-06170"	"IPF"	"IPF/FO23-1-06170"	1	1	8	1	1	0.125	1	"N5"
"IPF_FO23_1_06170__IPF_FO23_1_06170__N3C086"	"N1"	"IPF/FO23-1-06170"	"IPF"	"IPF/FO23-1-06170"	1	1	8	3	1	0.375	1	"N1; N7"
"IPF_FO23_1_06170__IPF_FO23_1_06170__N3C086"	"N2"	"IPF/FO23-1-06170"	"IPF"	"IPF/FO23-1-06170"	1	1	8	0	0	0	0	"N1; N7"
"IPF_FO23_1_06170__IPF_FO23_1_06170__N3C086"	"N3"	"IPF/FO23-1-06170"	"IPF"	"IPF/FO23-1-06170"	1	1	8	0	0	0	0	"N1; N7"
"IPF_FO23_1_06170__IPF_FO23_1_06170__N3C086"	"N4"	"IPF/FO23-1-06170"	"IPF"	"IPF/FO23-1-06170"	1	1	8	0	0	0	0	"N1; N7"
"IPF_FO23_1_06170__IPF_FO23_1_06170__N3C086"	"N5"	"IPF/FO23-1-06170"	"IPF"	"IPF/FO23-1-06170"	1	1	8	2	1	0.25	1	"N1; N7"
"IPF_FO23_1_06170__IPF_FO23_1_06170__N3C086"	"N6"	"IPF/FO23-1-06170"	"IPF"	"IPF/FO23-1-06170"	1	1	8	0	0	0	0	"N1; N7"
"IPF_FO23_1_06170__IPF_FO23_1_06170__N3C086"	"N7"	"IPF/FO23-1-06170"	"IPF"	"IPF/FO23-1-06170"	1	1	8	3	1	0.375	1	"N1; N7"
"IPF_FO23_1_06170__IPF_FO23_1_06170__N3C086"	"N8"	"IPF/FO23-1-06170"	"IPF"	"IPF/FO23-1-06170"	1	1	8	0	0	0	0	"N1; N7"
"IPF_FO23_1_06170__IPF_FO23_1_06170__N3C087"	"N1"	"IPF/FO23-1-06170"	"IPF"	"IPF/FO23-1-06170"	1	1	8	2	1	0.25	1	"N5"
"IPF_FO23_1_06170__IPF_FO23_1_06170__N3C087"	"N2"	"IPF/FO23-1-06170"	"IPF"	"IPF/FO23-1-06170"	1	1	8	0	0	0	0	"N5"
"IPF_FO23_1_06170__IPF_FO23_1_06170__N3C087"	"N3"	"IPF/FO23-1-06170"	"IPF"	"IPF/FO23-1-06170"	1	1	8	0	0	0	0	"N5"
"IPF_FO23_1_06170__IPF_FO23_1_06170__N3C087"	"N4"	"IPF/FO23-1-06170"	"IPF"	"IPF/FO23-1-06170"	1	1	8	0	0	0	0	"N5"
"IPF_FO23_1_06170__IPF_FO23_1_06170__N3C087"	"N5"	"IPF/FO23-1-06170"	"IPF"	"IPF/FO23-1-06170"	1	1	8	5	1	0.625	1	"N5"
"IPF_FO23_1_06170__IPF_FO23_1_06170__N3C087"	"N6"	"IPF/FO23-1-06170"	"IPF"	"IPF/FO23-1-06170"	1	1	8	1	1	0.125	1	"N5"
"IPF_FO23_1_06170__IPF_FO23_1_06170__N3C087"	"N7"	"IPF/FO23-1-06170"	"IPF"	"IPF/FO23-1-06170"	1	1	8	0	0	0	0	"N5"
"IPF_FO23_1_06170__IPF_FO23_1_06170__N3C087"	"N8"	"IPF/FO23-1-06170"	"IPF"	"IPF/FO23-1-06170"	1	1	8	0	0	0	0	"N5"
"IPF_FO23_1_06170__IPF_FO23_1_06170__N3C088"	"N1"	"IPF/FO23-1-06170"	"IPF"	"IPF/FO23-1-06170"	1	1	8	2	1	0.25	1	"N6"
"IPF_FO23_1_06170__IPF_FO23_1_06170__N3C088"	"N2"	"IPF/FO23-1-06170"	"IPF"	"IPF/FO23-1-06170"	1	1	8	0	0	0	0	"N6"
"IPF_FO23_1_06170__IPF_FO23_1_06170__N3C088"	"N3"	"IPF/FO23-1-06170"	"IPF"	"IPF/FO23-1-06170"	1	1	8	0	0	0	0	"N6"
"IPF_FO23_1_06170__IPF_FO23_1_06170__N3C088"	"N4"	"IPF/FO23-1-06170"	"IPF"	"IPF/FO23-1-06170"	1	1	8	0	0	0	0	"N6"
"IPF_FO23_1_06170__IPF_FO23_1_06170__N3C088"	"N5"	"IPF/FO23-1-06170"	"IPF"	"IPF/FO23-1-06170"	1	1	8	2	1	0.25	1	"N6"
"IPF_FO23_1_06170__IPF_FO23_1_06170__N3C088"	"N6"	"IPF/FO23-1-06170"	"IPF"	"IPF/FO23-1-06170"	1	1	8	4	1	0.5	1	"N6"
"IPF_FO23_1_06170__IPF_FO23_1_06170__N3C088"	"N7"	"IPF/FO23-1-06170"	"IPF"	"IPF/FO23-1-06170"	1	1	8	0	0	0	0	"N6"
"IPF_FO23_1_06170__IPF_FO23_1_06170__N3C088"	"N8"	"IPF/FO23-1-06170"	"IPF"	"IPF/FO23-1-06170"	1	1	8	0	0	0	0	"N6"
"IPF_FO23_1_06170__IPF_FO23_1_06170__N3C089"	"N1"	"IPF/FO23-1-06170"	"IPF"	"IPF/FO23-1-06170"	2	2	3	0	0	0	0	"N6"
"IPF_FO23_1_06170__IPF_FO23_1_06170__N3C089"	"N2"	"IPF/FO23-1-06170"	"IPF"	"IPF/FO23-1-06170"	2	2	3	0	0	0	0	"N6"
"IPF_FO23_1_06170__IPF_FO23_1_06170__N3C089"	"N3"	"IPF/FO23-1-06170"	"IPF"	"IPF/FO23-1-06170"	2	2	3	0	0	0	0	"N6"
"IPF_FO23_1_06170__IPF_FO23_1_06170__N3C089"	"N4"	"IPF/FO23-1-06170"	"IPF"	"IPF/FO23-1-06170"	2	2	3	0	0	0	0	"N6"
"IPF_FO23_1_06170__IPF_FO23_1_06170__N3C089"	"N5"	"IPF/FO23-1-06170"	"IPF"	"IPF/FO23-1-06170"	2	2	3	1	1	0.333333333333333	0.5	"N6"
"IPF_FO23_1_06170__IPF_FO23_1_06170__N3C089"	"N6"	"IPF/FO23-1-06170"	"IPF"	"IPF/FO23-1-06170"	2	2	3	2	2	0.666666666666667	1	"N6"
"IPF_FO23_1_06170__IPF_FO23_1_06170__N3C089"	"N7"	"IPF/FO23-1-06170"	"IPF"	"IPF/FO23-1-06170"	2	2	3	0	0	0	0	"N6"
"IPF_FO23_1_06170__IPF_FO23_1_06170__N3C089"	"N8"	"IPF/FO23-1-06170"	"IPF"	"IPF/FO23-1-06170"	2	2	3	0	0	0	0	"N6"
"IPF_FO23_1_06170__IPF_FO23_1_06170__N3C090"	"N1"	"IPF/FO23-1-06170"	"IPF"	"IPF/FO23-1-06170"	4	4	26	14	4	0.538461538461538	1	"N1"
"IPF_FO23_1_06170__IPF_FO23_1_06170__N3C090"	"N2"	"IPF/FO23-1-06170"	"IPF"	"IPF/FO23-1-06170"	4	4	26	0	0	0	0	"N1"
"IPF_FO23_1_06170__IPF_FO23_1_06170__N3C090"	"N3"	"IPF/FO23-1-06170"	"IPF"	"IPF/FO23-1-06170"	4	4	26	0	0	0	0	"N1"
"IPF_FO23_1_06170__IPF_FO23_1_06170__N3C090"	"N4"	"IPF/FO23-1-06170"	"IPF"	"IPF/FO23-1-06170"	4	4	26	0	0	0	0	"N1"
"IPF_FO23_1_06170__IPF_FO23_1_06170__N3C090"	"N5"	"IPF/FO23-1-06170"	"IPF"	"IPF/FO23-1-06170"	4	4	26	7	2	0.269230769230769	0.5	"N1"
"IPF_FO23_1_06170__IPF_FO23_1_06170__N3C090"	"N6"	"IPF/FO23-1-06170"	"IPF"	"IPF/FO23-1-06170"	4	4	26	0	0	0	0	"N1"
"IPF_FO23_1_06170__IPF_FO23_1_06170__N3C090"	"N7"	"IPF/FO23-1-06170"	"IPF"	"IPF/FO23-1-06170"	4	4	26	0	0	0	0	"N1"
"IPF_FO23_1_06170__IPF_FO23_1_06170__N3C090"	"N8"	"IPF/FO23-1-06170"	"IPF"	"IPF/FO23-1-06170"	4	4	26	5	3	0.192307692307692	0.75	"N1"
"IPF_FO23_1_06170__IPF_FO23_1_06170__N3C091"	"N1"	"IPF/FO23-1-06170"	"IPF"	"IPF/FO23-1-06170"	2	2	14	5	2	0.357142857142857	1	"N5"
"IPF_FO23_1_06170__IPF_FO23_1_06170__N3C091"	"N2"	"IPF/FO23-1-06170"	"IPF"	"IPF/FO23-1-06170"	2	2	14	0	0	0	0	"N5"
"IPF_FO23_1_06170__IPF_FO23_1_06170__N3C091"	"N3"	"IPF/FO23-1-06170"	"IPF"	"IPF/FO23-1-06170"	2	2	14	0	0	0	0	"N5"
"IPF_FO23_1_06170__IPF_FO23_1_06170__N3C091"	"N4"	"IPF/FO23-1-06170"	"IPF"	"IPF/FO23-1-06170"	2	2	14	0	0	0	0	"N5"
"IPF_FO23_1_06170__IPF_FO23_1_06170__N3C091"	"N5"	"IPF/FO23-1-06170"	"IPF"	"IPF/FO23-1-06170"	2	2	14	6	2	0.428571428571429	1	"N5"
"IPF_FO23_1_06170__IPF_FO23_1_06170__N3C091"	"N6"	"IPF/FO23-1-06170"	"IPF"	"IPF/FO23-1-06170"	2	2	14	1	1	0.0714285714285714	0.5	"N5"
"IPF_FO23_1_06170__IPF_FO23_1_06170__N3C091"	"N7"	"IPF/FO23-1-06170"	"IPF"	"IPF/FO23-1-06170"	2	2	14	0	0	0	0	"N5"
"IPF_FO23_1_06170__IPF_FO23_1_06170__N3C091"	"N8"	"IPF/FO23-1-06170"	"IPF"	"IPF/FO23-1-06170"	2	2	14	2	2	0.142857142857143	1	"N5"
"IPF_FO23_1_06170__IPF_FO23_1_06170__N3C092"	"N1"	"IPF/FO23-1-06170"	"IPF"	"IPF/FO23-1-06170"	1	1	8	2	1	0.25	1	"N5"
"IPF_FO23_1_06170__IPF_FO23_1_06170__N3C092"	"N2"	"IPF/FO23-1-06170"	"IPF"	"IPF/FO23-1-06170"	1	1	8	0	0	0	0	"N5"
"IPF_FO23_1_06170__IPF_FO23_1_06170__N3C092"	"N3"	"IPF/FO23-1-06170"	"IPF"	"IPF/FO23-1-06170"	1	1	8	0	0	0	0	"N5"
"IPF_FO23_1_06170__IPF_FO23_1_06170__N3C092"	"N4"	"IPF/FO23-1-06170"	"IPF"	"IPF/FO23-1-06170"	1	1	8	0	0	0	0	"N5"
"IPF_FO23_1_06170__IPF_FO23_1_06170__N3C092"	"N5"	"IPF/FO23-1-06170"	"IPF"	"IPF/FO23-1-06170"	1	1	8	6	1	0.75	1	"N5"
"IPF_FO23_1_06170__IPF_FO23_1_06170__N3C092"	"N6"	"IPF/FO23-1-06170"	"IPF"	"IPF/FO23-1-06170"	1	1	8	0	0	0	0	"N5"
"IPF_FO23_1_06170__IPF_FO23_1_06170__N3C092"	"N7"	"IPF/FO23-1-06170"	"IPF"	"IPF/FO23-1-06170"	1	1	8	0	0	0	0	"N5"
"IPF_FO23_1_06170__IPF_FO23_1_06170__N3C092"	"N8"	"IPF/FO23-1-06170"	"IPF"	"IPF/FO23-1-06170"	1	1	8	0	0	0	0	"N5"
"IPF_FO23_1_06170__IPF_FO23_1_06170__N3C093"	"N1"	"IPF/FO23-1-06170"	"IPF"	"IPF/FO23-1-06170"	1	1	8	2	1	0.25	1	"N5"
"IPF_FO23_1_06170__IPF_FO23_1_06170__N3C093"	"N2"	"IPF/FO23-1-06170"	"IPF"	"IPF/FO23-1-06170"	1	1	8	0	0	0	0	"N5"
"IPF_FO23_1_06170__IPF_FO23_1_06170__N3C093"	"N3"	"IPF/FO23-1-06170"	"IPF"	"IPF/FO23-1-06170"	1	1	8	0	0	0	0	"N5"
"IPF_FO23_1_06170__IPF_FO23_1_06170__N3C093"	"N4"	"IPF/FO23-1-06170"	"IPF"	"IPF/FO23-1-06170"	1	1	8	0	0	0	0	"N5"
"IPF_FO23_1_06170__IPF_FO23_1_06170__N3C093"	"N5"	"IPF/FO23-1-06170"	"IPF"	"IPF/FO23-1-06170"	1	1	8	6	1	0.75	1	"N5"
"IPF_FO23_1_06170__IPF_FO23_1_06170__N3C093"	"N6"	"IPF/FO23-1-06170"	"IPF"	"IPF/FO23-1-06170"	1	1	8	0	0	0	0	"N5"
"IPF_FO23_1_06170__IPF_FO23_1_06170__N3C093"	"N7"	"IPF/FO23-1-06170"	"IPF"	"IPF/FO23-1-06170"	1	1	8	0	0	0	0	"N5"
"IPF_FO23_1_06170__IPF_FO23_1_06170__N3C093"	"N8"	"IPF/FO23-1-06170"	"IPF"	"IPF/FO23-1-06170"	1	1	8	0	0	0	0	"N5"
"IPF_FO23_1_06170__IPF_FO23_1_06170__N3C094"	"N1"	"IPF/FO23-1-06170"	"IPF"	"IPF/FO23-1-06170"	1	1	8	4	1	0.5	1	"N1"
"IPF_FO23_1_06170__IPF_FO23_1_06170__N3C094"	"N2"	"IPF/FO23-1-06170"	"IPF"	"IPF/FO23-1-06170"	1	1	8	0	0	0	0	"N1"
"IPF_FO23_1_06170__IPF_FO23_1_06170__N3C094"	"N3"	"IPF/FO23-1-06170"	"IPF"	"IPF/FO23-1-06170"	1	1	8	0	0	0	0	"N1"
"IPF_FO23_1_06170__IPF_FO23_1_06170__N3C094"	"N4"	"IPF/FO23-1-06170"	"IPF"	"IPF/FO23-1-06170"	1	1	8	0	0	0	0	"N1"
"IPF_FO23_1_06170__IPF_FO23_1_06170__N3C094"	"N5"	"IPF/FO23-1-06170"	"IPF"	"IPF/FO23-1-06170"	1	1	8	3	1	0.375	1	"N1"
"IPF_FO23_1_06170__IPF_FO23_1_06170__N3C094"	"N6"	"IPF/FO23-1-06170"	"IPF"	"IPF/FO23-1-06170"	1	1	8	1	1	0.125	1	"N1"
"IPF_FO23_1_06170__IPF_FO23_1_06170__N3C094"	"N7"	"IPF/FO23-1-06170"	"IPF"	"IPF/FO23-1-06170"	1	1	8	0	0	0	0	"N1"
"IPF_FO23_1_06170__IPF_FO23_1_06170__N3C094"	"N8"	"IPF/FO23-1-06170"	"IPF"	"IPF/FO23-1-06170"	1	1	8	0	0	0	0	"N1"
"IPF_FO23_1_06170__IPF_FO23_1_06170__N3C095"	"N1"	"IPF/FO23-1-06170"	"IPF"	"IPF/FO23-1-06170"	1	1	8	0	0	0	0	"N8"
"IPF_FO23_1_06170__IPF_FO23_1_06170__N3C095"	"N2"	"IPF/FO23-1-06170"	"IPF"	"IPF/FO23-1-06170"	1	1	8	0	0	0	0	"N8"
"IPF_FO23_1_06170__IPF_FO23_1_06170__N3C095"	"N3"	"IPF/FO23-1-06170"	"IPF"	"IPF/FO23-1-06170"	1	1	8	0	0	0	0	"N8"
"IPF_FO23_1_06170__IPF_FO23_1_06170__N3C095"	"N4"	"IPF/FO23-1-06170"	"IPF"	"IPF/FO23-1-06170"	1	1	8	0	0	0	0	"N8"
"IPF_FO23_1_06170__IPF_FO23_1_06170__N3C095"	"N5"	"IPF/FO23-1-06170"	"IPF"	"IPF/FO23-1-06170"	1	1	8	2	1	0.25	1	"N8"
"IPF_FO23_1_06170__IPF_FO23_1_06170__N3C095"	"N6"	"IPF/FO23-1-06170"	"IPF"	"IPF/FO23-1-06170"	1	1	8	2	1	0.25	1	"N8"
"IPF_FO23_1_06170__IPF_FO23_1_06170__N3C095"	"N7"	"IPF/FO23-1-06170"	"IPF"	"IPF/FO23-1-06170"	1	1	8	0	0	0	0	"N8"
"IPF_FO23_1_06170__IPF_FO23_1_06170__N3C095"	"N8"	"IPF/FO23-1-06170"	"IPF"	"IPF/FO23-1-06170"	1	1	8	4	1	0.5	1	"N8"
"IPF_FO23_1_06170__IPF_FO23_1_06170__N3C096"	"N1"	"IPF/FO23-1-06170"	"IPF"	"IPF/FO23-1-06170"	1	1	8	3	1	0.375	1	"N1; N5"
"IPF_FO23_1_06170__IPF_FO23_1_06170__N3C096"	"N2"	"IPF/FO23-1-06170"	"IPF"	"IPF/FO23-1-06170"	1	1	8	0	0	0	0	"N1; N5"
"IPF_FO23_1_06170__IPF_FO23_1_06170__N3C096"	"N3"	"IPF/FO23-1-06170"	"IPF"	"IPF/FO23-1-06170"	1	1	8	0	0	0	0	"N1; N5"
"IPF_FO23_1_06170__IPF_FO23_1_06170__N3C096"	"N4"	"IPF/FO23-1-06170"	"IPF"	"IPF/FO23-1-06170"	1	1	8	0	0	0	0	"N1; N5"
"IPF_FO23_1_06170__IPF_FO23_1_06170__N3C096"	"N5"	"IPF/FO23-1-06170"	"IPF"	"IPF/FO23-1-06170"	1	1	8	3	1	0.375	1	"N1; N5"
"IPF_FO23_1_06170__IPF_FO23_1_06170__N3C096"	"N6"	"IPF/FO23-1-06170"	"IPF"	"IPF/FO23-1-06170"	1	1	8	1	1	0.125	1	"N1; N5"
"IPF_FO23_1_06170__IPF_FO23_1_06170__N3C096"	"N7"	"IPF/FO23-1-06170"	"IPF"	"IPF/FO23-1-06170"	1	1	8	1	1	0.125	1	"N1; N5"
"IPF_FO23_1_06170__IPF_FO23_1_06170__N3C096"	"N8"	"IPF/FO23-1-06170"	"IPF"	"IPF/FO23-1-06170"	1	1	8	0	0	0	0	"N1; N5"
"IPF_FO23_1_06170__IPF_FO23_1_06170__N3C097"	"N1"	"IPF/FO23-1-06170"	"IPF"	"IPF/FO23-1-06170"	1	1	8	1	1	0.125	1	"N5"
"IPF_FO23_1_06170__IPF_FO23_1_06170__N3C097"	"N2"	"IPF/FO23-1-06170"	"IPF"	"IPF/FO23-1-06170"	1	1	8	0	0	0	0	"N5"
"IPF_FO23_1_06170__IPF_FO23_1_06170__N3C097"	"N3"	"IPF/FO23-1-06170"	"IPF"	"IPF/FO23-1-06170"	1	1	8	0	0	0	0	"N5"
"IPF_FO23_1_06170__IPF_FO23_1_06170__N3C097"	"N4"	"IPF/FO23-1-06170"	"IPF"	"IPF/FO23-1-06170"	1	1	8	0	0	0	0	"N5"
"IPF_FO23_1_06170__IPF_FO23_1_06170__N3C097"	"N5"	"IPF/FO23-1-06170"	"IPF"	"IPF/FO23-1-06170"	1	1	8	6	1	0.75	1	"N5"
"IPF_FO23_1_06170__IPF_FO23_1_06170__N3C097"	"N6"	"IPF/FO23-1-06170"	"IPF"	"IPF/FO23-1-06170"	1	1	8	0	0	0	0	"N5"
"IPF_FO23_1_06170__IPF_FO23_1_06170__N3C097"	"N7"	"IPF/FO23-1-06170"	"IPF"	"IPF/FO23-1-06170"	1	1	8	0	0	0	0	"N5"
"IPF_FO23_1_06170__IPF_FO23_1_06170__N3C097"	"N8"	"IPF/FO23-1-06170"	"IPF"	"IPF/FO23-1-06170"	1	1	8	1	1	0.125	1	"N5"
"IPF_FO23_1_06170__IPF_FO23_1_06170__N3C098"	"N1"	"IPF/FO23-1-06170"	"IPF"	"IPF/FO23-1-06170"	1	1	8	0	0	0	0	"N5"
"IPF_FO23_1_06170__IPF_FO23_1_06170__N3C098"	"N2"	"IPF/FO23-1-06170"	"IPF"	"IPF/FO23-1-06170"	1	1	8	0	0	0	0	"N5"
"IPF_FO23_1_06170__IPF_FO23_1_06170__N3C098"	"N3"	"IPF/FO23-1-06170"	"IPF"	"IPF/FO23-1-06170"	1	1	8	0	0	0	0	"N5"
"IPF_FO23_1_06170__IPF_FO23_1_06170__N3C098"	"N4"	"IPF/FO23-1-06170"	"IPF"	"IPF/FO23-1-06170"	1	1	8	0	0	0	0	"N5"
"IPF_FO23_1_06170__IPF_FO23_1_06170__N3C098"	"N5"	"IPF/FO23-1-06170"	"IPF"	"IPF/FO23-1-06170"	1	1	8	6	1	0.75	1	"N5"
"IPF_FO23_1_06170__IPF_FO23_1_06170__N3C098"	"N6"	"IPF/FO23-1-06170"	"IPF"	"IPF/FO23-1-06170"	1	1	8	1	1	0.125	1	"N5"
"IPF_FO23_1_06170__IPF_FO23_1_06170__N3C098"	"N7"	"IPF/FO23-1-06170"	"IPF"	"IPF/FO23-1-06170"	1	1	8	1	1	0.125	1	"N5"
"IPF_FO23_1_06170__IPF_FO23_1_06170__N3C098"	"N8"	"IPF/FO23-1-06170"	"IPF"	"IPF/FO23-1-06170"	1	1	8	0	0	0	0	"N5"
"IPF_FO23_1_06170__IPF_FO23_1_06170__N3C099"	"N1"	"IPF/FO23-1-06170"	"IPF"	"IPF/FO23-1-06170"	3	3	18	10	3	0.555555555555556	1	"N1"
"IPF_FO23_1_06170__IPF_FO23_1_06170__N3C099"	"N2"	"IPF/FO23-1-06170"	"IPF"	"IPF/FO23-1-06170"	3	3	18	0	0	0	0	"N1"
"IPF_FO23_1_06170__IPF_FO23_1_06170__N3C099"	"N3"	"IPF/FO23-1-06170"	"IPF"	"IPF/FO23-1-06170"	3	3	18	0	0	0	0	"N1"
"IPF_FO23_1_06170__IPF_FO23_1_06170__N3C099"	"N4"	"IPF/FO23-1-06170"	"IPF"	"IPF/FO23-1-06170"	3	3	18	0	0	0	0	"N1"
"IPF_FO23_1_06170__IPF_FO23_1_06170__N3C099"	"N5"	"IPF/FO23-1-06170"	"IPF"	"IPF/FO23-1-06170"	3	3	18	6	2	0.333333333333333	0.666666666666667	"N1"
"IPF_FO23_1_06170__IPF_FO23_1_06170__N3C099"	"N6"	"IPF/FO23-1-06170"	"IPF"	"IPF/FO23-1-06170"	3	3	18	0	0	0	0	"N1"
"IPF_FO23_1_06170__IPF_FO23_1_06170__N3C099"	"N7"	"IPF/FO23-1-06170"	"IPF"	"IPF/FO23-1-06170"	3	3	18	1	1	0.0555555555555556	0.333333333333333	"N1"
"IPF_FO23_1_06170__IPF_FO23_1_06170__N3C099"	"N8"	"IPF/FO23-1-06170"	"IPF"	"IPF/FO23-1-06170"	3	3	18	1	1	0.0555555555555556	0.333333333333333	"N1"
"IPF_FO23_1_06170__IPF_FO23_1_06170__N3C100"	"N1"	"IPF/FO23-1-06170"	"IPF"	"IPF/FO23-1-06170"	1	1	8	1	1	0.125	1	"N8"
"IPF_FO23_1_06170__IPF_FO23_1_06170__N3C100"	"N2"	"IPF/FO23-1-06170"	"IPF"	"IPF/FO23-1-06170"	1	1	8	0	0	0	0	"N8"
"IPF_FO23_1_06170__IPF_FO23_1_06170__N3C100"	"N3"	"IPF/FO23-1-06170"	"IPF"	"IPF/FO23-1-06170"	1	1	8	0	0	0	0	"N8"
"IPF_FO23_1_06170__IPF_FO23_1_06170__N3C100"	"N4"	"IPF/FO23-1-06170"	"IPF"	"IPF/FO23-1-06170"	1	1	8	0	0	0	0	"N8"
"IPF_FO23_1_06170__IPF_FO23_1_06170__N3C100"	"N5"	"IPF/FO23-1-06170"	"IPF"	"IPF/FO23-1-06170"	1	1	8	2	1	0.25	1	"N8"
"IPF_FO23_1_06170__IPF_FO23_1_06170__N3C100"	"N6"	"IPF/FO23-1-06170"	"IPF"	"IPF/FO23-1-06170"	1	1	8	0	0	0	0	"N8"
"IPF_FO23_1_06170__IPF_FO23_1_06170__N3C100"	"N7"	"IPF/FO23-1-06170"	"IPF"	"IPF/FO23-1-06170"	1	1	8	0	0	0	0	"N8"
"IPF_FO23_1_06170__IPF_FO23_1_06170__N3C100"	"N8"	"IPF/FO23-1-06170"	"IPF"	"IPF/FO23-1-06170"	1	1	8	5	1	0.625	1	"N8"
"IPF_FO23_1_06170__IPF_FO23_1_06170__N3C101"	"N1"	"IPF/FO23-1-06170"	"IPF"	"IPF/FO23-1-06170"	1	1	4	0	0	0	0	"N4"
"IPF_FO23_1_06170__IPF_FO23_1_06170__N3C101"	"N2"	"IPF/FO23-1-06170"	"IPF"	"IPF/FO23-1-06170"	1	1	4	1	1	0.25	1	"N4"
"IPF_FO23_1_06170__IPF_FO23_1_06170__N3C101"	"N3"	"IPF/FO23-1-06170"	"IPF"	"IPF/FO23-1-06170"	1	1	4	0	0	0	0	"N4"
"IPF_FO23_1_06170__IPF_FO23_1_06170__N3C101"	"N4"	"IPF/FO23-1-06170"	"IPF"	"IPF/FO23-1-06170"	1	1	4	2	1	0.5	1	"N4"
"IPF_FO23_1_06170__IPF_FO23_1_06170__N3C101"	"N5"	"IPF/FO23-1-06170"	"IPF"	"IPF/FO23-1-06170"	1	1	4	1	1	0.25	1	"N4"
"IPF_FO23_1_06170__IPF_FO23_1_06170__N3C101"	"N6"	"IPF/FO23-1-06170"	"IPF"	"IPF/FO23-1-06170"	1	1	4	0	0	0	0	"N4"
"IPF_FO23_1_06170__IPF_FO23_1_06170__N3C101"	"N7"	"IPF/FO23-1-06170"	"IPF"	"IPF/FO23-1-06170"	1	1	4	0	0	0	0	"N4"
"IPF_FO23_1_06170__IPF_FO23_1_06170__N3C101"	"N8"	"IPF/FO23-1-06170"	"IPF"	"IPF/FO23-1-06170"	1	1	4	0	0	0	0	"N4"
"IPF_FO23_1_06170__IPF_FO23_1_06170__N3C102"	"N1"	"IPF/FO23-1-06170"	"IPF"	"IPF/FO23-1-06170"	1	1	8	1	1	0.125	1	"N8"
"IPF_FO23_1_06170__IPF_FO23_1_06170__N3C102"	"N2"	"IPF/FO23-1-06170"	"IPF"	"IPF/FO23-1-06170"	1	1	8	0	0	0	0	"N8"
"IPF_FO23_1_06170__IPF_FO23_1_06170__N3C102"	"N3"	"IPF/FO23-1-06170"	"IPF"	"IPF/FO23-1-06170"	1	1	8	0	0	0	0	"N8"
"IPF_FO23_1_06170__IPF_FO23_1_06170__N3C102"	"N4"	"IPF/FO23-1-06170"	"IPF"	"IPF/FO23-1-06170"	1	1	8	0	0	0	0	"N8"
"IPF_FO23_1_06170__IPF_FO23_1_06170__N3C102"	"N5"	"IPF/FO23-1-06170"	"IPF"	"IPF/FO23-1-06170"	1	1	8	3	1	0.375	1	"N8"
"IPF_FO23_1_06170__IPF_FO23_1_06170__N3C102"	"N6"	"IPF/FO23-1-06170"	"IPF"	"IPF/FO23-1-06170"	1	1	8	0	0	0	0	"N8"
"IPF_FO23_1_06170__IPF_FO23_1_06170__N3C102"	"N7"	"IPF/FO23-1-06170"	"IPF"	"IPF/FO23-1-06170"	1	1	8	0	0	0	0	"N8"
"IPF_FO23_1_06170__IPF_FO23_1_06170__N3C102"	"N8"	"IPF/FO23-1-06170"	"IPF"	"IPF/FO23-1-06170"	1	1	8	4	1	0.5	1	"N8"
"IPF_FO23_1_06170__IPF_FO23_1_06170__N3C103"	"N1"	"IPF/FO23-1-06170"	"IPF"	"IPF/FO23-1-06170"	1	1	8	4	1	0.5	1	"N1"
"IPF_FO23_1_06170__IPF_FO23_1_06170__N3C103"	"N2"	"IPF/FO23-1-06170"	"IPF"	"IPF/FO23-1-06170"	1	1	8	0	0	0	0	"N1"
"IPF_FO23_1_06170__IPF_FO23_1_06170__N3C103"	"N3"	"IPF/FO23-1-06170"	"IPF"	"IPF/FO23-1-06170"	1	1	8	0	0	0	0	"N1"
"IPF_FO23_1_06170__IPF_FO23_1_06170__N3C103"	"N4"	"IPF/FO23-1-06170"	"IPF"	"IPF/FO23-1-06170"	1	1	8	0	0	0	0	"N1"
"IPF_FO23_1_06170__IPF_FO23_1_06170__N3C103"	"N5"	"IPF/FO23-1-06170"	"IPF"	"IPF/FO23-1-06170"	1	1	8	2	1	0.25	1	"N1"
"IPF_FO23_1_06170__IPF_FO23_1_06170__N3C103"	"N6"	"IPF/FO23-1-06170"	"IPF"	"IPF/FO23-1-06170"	1	1	8	2	1	0.25	1	"N1"
"IPF_FO23_1_06170__IPF_FO23_1_06170__N3C103"	"N7"	"IPF/FO23-1-06170"	"IPF"	"IPF/FO23-1-06170"	1	1	8	0	0	0	0	"N1"
"IPF_FO23_1_06170__IPF_FO23_1_06170__N3C103"	"N8"	"IPF/FO23-1-06170"	"IPF"	"IPF/FO23-1-06170"	1	1	8	0	0	0	0	"N1"
"IPF_FO23_1_06170__IPF_FO23_1_06170__N3C104"	"N1"	"IPF/FO23-1-06170"	"IPF"	"IPF/FO23-1-06170"	14	14	50	8	5	0.16	0.357142857142857	"N5"
"IPF_FO23_1_06170__IPF_FO23_1_06170__N3C104"	"N2"	"IPF/FO23-1-06170"	"IPF"	"IPF/FO23-1-06170"	14	14	50	0	0	0	0	"N5"
"IPF_FO23_1_06170__IPF_FO23_1_06170__N3C104"	"N3"	"IPF/FO23-1-06170"	"IPF"	"IPF/FO23-1-06170"	14	14	50	0	0	0	0	"N5"
"IPF_FO23_1_06170__IPF_FO23_1_06170__N3C104"	"N4"	"IPF/FO23-1-06170"	"IPF"	"IPF/FO23-1-06170"	14	14	50	0	0	0	0	"N5"
"IPF_FO23_1_06170__IPF_FO23_1_06170__N3C104"	"N5"	"IPF/FO23-1-06170"	"IPF"	"IPF/FO23-1-06170"	14	14	50	37	14	0.74	1	"N5"
"IPF_FO23_1_06170__IPF_FO23_1_06170__N3C104"	"N6"	"IPF/FO23-1-06170"	"IPF"	"IPF/FO23-1-06170"	14	14	50	0	0	0	0	"N5"
"IPF_FO23_1_06170__IPF_FO23_1_06170__N3C104"	"N7"	"IPF/FO23-1-06170"	"IPF"	"IPF/FO23-1-06170"	14	14	50	4	3	0.08	0.214285714285714	"N5"
"IPF_FO23_1_06170__IPF_FO23_1_06170__N3C104"	"N8"	"IPF/FO23-1-06170"	"IPF"	"IPF/FO23-1-06170"	14	14	50	1	1	0.02	0.0714285714285714	"N5"
"IPF_FO23_1_06170__IPF_FO23_1_06170__N3C105"	"N1"	"IPF/FO23-1-06170"	"IPF"	"IPF/FO23-1-06170"	1	1	8	3	1	0.375	1	"N1"
"IPF_FO23_1_06170__IPF_FO23_1_06170__N3C105"	"N2"	"IPF/FO23-1-06170"	"IPF"	"IPF/FO23-1-06170"	1	1	8	0	0	0	0	"N1"
"IPF_FO23_1_06170__IPF_FO23_1_06170__N3C105"	"N3"	"IPF/FO23-1-06170"	"IPF"	"IPF/FO23-1-06170"	1	1	8	0	0	0	0	"N1"
"IPF_FO23_1_06170__IPF_FO23_1_06170__N3C105"	"N4"	"IPF/FO23-1-06170"	"IPF"	"IPF/FO23-1-06170"	1	1	8	0	0	0	0	"N1"
"IPF_FO23_1_06170__IPF_FO23_1_06170__N3C105"	"N5"	"IPF/FO23-1-06170"	"IPF"	"IPF/FO23-1-06170"	1	1	8	2	1	0.25	1	"N1"
"IPF_FO23_1_06170__IPF_FO23_1_06170__N3C105"	"N6"	"IPF/FO23-1-06170"	"IPF"	"IPF/FO23-1-06170"	1	1	8	1	1	0.125	1	"N1"
"IPF_FO23_1_06170__IPF_FO23_1_06170__N3C105"	"N7"	"IPF/FO23-1-06170"	"IPF"	"IPF/FO23-1-06170"	1	1	8	0	0	0	0	"N1"
"IPF_FO23_1_06170__IPF_FO23_1_06170__N3C105"	"N8"	"IPF/FO23-1-06170"	"IPF"	"IPF/FO23-1-06170"	1	1	8	2	1	0.25	1	"N1"
"IPF_FO23_1_06170__IPF_FO23_1_06170__N3C106"	"N1"	"IPF/FO23-1-06170"	"IPF"	"IPF/FO23-1-06170"	1	1	8	0	0	0	0	"N5"
"IPF_FO23_1_06170__IPF_FO23_1_06170__N3C106"	"N2"	"IPF/FO23-1-06170"	"IPF"	"IPF/FO23-1-06170"	1	1	8	0	0	0	0	"N5"
"IPF_FO23_1_06170__IPF_FO23_1_06170__N3C106"	"N3"	"IPF/FO23-1-06170"	"IPF"	"IPF/FO23-1-06170"	1	1	8	0	0	0	0	"N5"
"IPF_FO23_1_06170__IPF_FO23_1_06170__N3C106"	"N4"	"IPF/FO23-1-06170"	"IPF"	"IPF/FO23-1-06170"	1	1	8	0	0	0	0	"N5"
"IPF_FO23_1_06170__IPF_FO23_1_06170__N3C106"	"N5"	"IPF/FO23-1-06170"	"IPF"	"IPF/FO23-1-06170"	1	1	8	7	1	0.875	1	"N5"
"IPF_FO23_1_06170__IPF_FO23_1_06170__N3C106"	"N6"	"IPF/FO23-1-06170"	"IPF"	"IPF/FO23-1-06170"	1	1	8	1	1	0.125	1	"N5"
"IPF_FO23_1_06170__IPF_FO23_1_06170__N3C106"	"N7"	"IPF/FO23-1-06170"	"IPF"	"IPF/FO23-1-06170"	1	1	8	0	0	0	0	"N5"
"IPF_FO23_1_06170__IPF_FO23_1_06170__N3C106"	"N8"	"IPF/FO23-1-06170"	"IPF"	"IPF/FO23-1-06170"	1	1	8	0	0	0	0	"N5"
"IPF_FO23_1_06170__IPF_FO23_1_06170__N3C107"	"N1"	"IPF/FO23-1-06170"	"IPF"	"IPF/FO23-1-06170"	1	1	8	1	1	0.125	1	"N5"
"IPF_FO23_1_06170__IPF_FO23_1_06170__N3C107"	"N2"	"IPF/FO23-1-06170"	"IPF"	"IPF/FO23-1-06170"	1	1	8	0	0	0	0	"N5"
"IPF_FO23_1_06170__IPF_FO23_1_06170__N3C107"	"N3"	"IPF/FO23-1-06170"	"IPF"	"IPF/FO23-1-06170"	1	1	8	0	0	0	0	"N5"
"IPF_FO23_1_06170__IPF_FO23_1_06170__N3C107"	"N4"	"IPF/FO23-1-06170"	"IPF"	"IPF/FO23-1-06170"	1	1	8	0	0	0	0	"N5"
"IPF_FO23_1_06170__IPF_FO23_1_06170__N3C107"	"N5"	"IPF/FO23-1-06170"	"IPF"	"IPF/FO23-1-06170"	1	1	8	6	1	0.75	1	"N5"
"IPF_FO23_1_06170__IPF_FO23_1_06170__N3C107"	"N6"	"IPF/FO23-1-06170"	"IPF"	"IPF/FO23-1-06170"	1	1	8	0	0	0	0	"N5"
"IPF_FO23_1_06170__IPF_FO23_1_06170__N3C107"	"N7"	"IPF/FO23-1-06170"	"IPF"	"IPF/FO23-1-06170"	1	1	8	0	0	0	0	"N5"
"IPF_FO23_1_06170__IPF_FO23_1_06170__N3C107"	"N8"	"IPF/FO23-1-06170"	"IPF"	"IPF/FO23-1-06170"	1	1	8	1	1	0.125	1	"N5"
"IPF_FO23_1_06170__IPF_FO23_1_06170__N3C108"	"N1"	"IPF/FO23-1-06170"	"IPF"	"IPF/FO23-1-06170"	1	1	4	0	0	0	0	"N4"
"IPF_FO23_1_06170__IPF_FO23_1_06170__N3C108"	"N2"	"IPF/FO23-1-06170"	"IPF"	"IPF/FO23-1-06170"	1	1	4	0	0	0	0	"N4"
"IPF_FO23_1_06170__IPF_FO23_1_06170__N3C108"	"N3"	"IPF/FO23-1-06170"	"IPF"	"IPF/FO23-1-06170"	1	1	4	0	0	0	0	"N4"
"IPF_FO23_1_06170__IPF_FO23_1_06170__N3C108"	"N4"	"IPF/FO23-1-06170"	"IPF"	"IPF/FO23-1-06170"	1	1	4	2	1	0.5	1	"N4"
"IPF_FO23_1_06170__IPF_FO23_1_06170__N3C108"	"N5"	"IPF/FO23-1-06170"	"IPF"	"IPF/FO23-1-06170"	1	1	4	1	1	0.25	1	"N4"
"IPF_FO23_1_06170__IPF_FO23_1_06170__N3C108"	"N6"	"IPF/FO23-1-06170"	"IPF"	"IPF/FO23-1-06170"	1	1	4	1	1	0.25	1	"N4"
"IPF_FO23_1_06170__IPF_FO23_1_06170__N3C108"	"N7"	"IPF/FO23-1-06170"	"IPF"	"IPF/FO23-1-06170"	1	1	4	0	0	0	0	"N4"
"IPF_FO23_1_06170__IPF_FO23_1_06170__N3C108"	"N8"	"IPF/FO23-1-06170"	"IPF"	"IPF/FO23-1-06170"	1	1	4	0	0	0	0	"N4"
"IPF_FO23_1_06170__IPF_FO23_1_06170__N3C109"	"N1"	"IPF/FO23-1-06170"	"IPF"	"IPF/FO23-1-06170"	2	2	14	1	1	0.0714285714285714	0.5	"N5; N8"
"IPF_FO23_1_06170__IPF_FO23_1_06170__N3C109"	"N2"	"IPF/FO23-1-06170"	"IPF"	"IPF/FO23-1-06170"	2	2	14	0	0	0	0	"N5; N8"
"IPF_FO23_1_06170__IPF_FO23_1_06170__N3C109"	"N3"	"IPF/FO23-1-06170"	"IPF"	"IPF/FO23-1-06170"	2	2	14	0	0	0	0	"N5; N8"
"IPF_FO23_1_06170__IPF_FO23_1_06170__N3C109"	"N4"	"IPF/FO23-1-06170"	"IPF"	"IPF/FO23-1-06170"	2	2	14	1	1	0.0714285714285714	0.5	"N5; N8"
"IPF_FO23_1_06170__IPF_FO23_1_06170__N3C109"	"N5"	"IPF/FO23-1-06170"	"IPF"	"IPF/FO23-1-06170"	2	2	14	6	2	0.428571428571429	1	"N5; N8"
"IPF_FO23_1_06170__IPF_FO23_1_06170__N3C109"	"N6"	"IPF/FO23-1-06170"	"IPF"	"IPF/FO23-1-06170"	2	2	14	0	0	0	0	"N5; N8"
"IPF_FO23_1_06170__IPF_FO23_1_06170__N3C109"	"N7"	"IPF/FO23-1-06170"	"IPF"	"IPF/FO23-1-06170"	2	2	14	0	0	0	0	"N5; N8"
"IPF_FO23_1_06170__IPF_FO23_1_06170__N3C109"	"N8"	"IPF/FO23-1-06170"	"IPF"	"IPF/FO23-1-06170"	2	2	14	6	2	0.428571428571429	1	"N5; N8"
"IPF_FO23_1_06170__IPF_FO23_1_06170__N3C110"	"N1"	"IPF/FO23-1-06170"	"IPF"	"IPF/FO23-1-06170"	1	1	8	0	0	0	0	"N6; N8"
"IPF_FO23_1_06170__IPF_FO23_1_06170__N3C110"	"N2"	"IPF/FO23-1-06170"	"IPF"	"IPF/FO23-1-06170"	1	1	8	0	0	0	0	"N6; N8"
"IPF_FO23_1_06170__IPF_FO23_1_06170__N3C110"	"N3"	"IPF/FO23-1-06170"	"IPF"	"IPF/FO23-1-06170"	1	1	8	0	0	0	0	"N6; N8"
"IPF_FO23_1_06170__IPF_FO23_1_06170__N3C110"	"N4"	"IPF/FO23-1-06170"	"IPF"	"IPF/FO23-1-06170"	1	1	8	0	0	0	0	"N6; N8"
"IPF_FO23_1_06170__IPF_FO23_1_06170__N3C110"	"N5"	"IPF/FO23-1-06170"	"IPF"	"IPF/FO23-1-06170"	1	1	8	2	1	0.25	1	"N6; N8"
"IPF_FO23_1_06170__IPF_FO23_1_06170__N3C110"	"N6"	"IPF/FO23-1-06170"	"IPF"	"IPF/FO23-1-06170"	1	1	8	3	1	0.375	1	"N6; N8"
"IPF_FO23_1_06170__IPF_FO23_1_06170__N3C110"	"N7"	"IPF/FO23-1-06170"	"IPF"	"IPF/FO23-1-06170"	1	1	8	0	0	0	0	"N6; N8"
"IPF_FO23_1_06170__IPF_FO23_1_06170__N3C110"	"N8"	"IPF/FO23-1-06170"	"IPF"	"IPF/FO23-1-06170"	1	1	8	3	1	0.375	1	"N6; N8"
"IPF_FO23_1_06170__IPF_FO23_1_06170__N3C111"	"N1"	"IPF/FO23-1-06170"	"IPF"	"IPF/FO23-1-06170"	1	1	6	2	1	0.333333333333333	1	"N1"
"IPF_FO23_1_06170__IPF_FO23_1_06170__N3C111"	"N2"	"IPF/FO23-1-06170"	"IPF"	"IPF/FO23-1-06170"	1	1	6	1	1	0.166666666666667	1	"N1"
"IPF_FO23_1_06170__IPF_FO23_1_06170__N3C111"	"N3"	"IPF/FO23-1-06170"	"IPF"	"IPF/FO23-1-06170"	1	1	6	0	0	0	0	"N1"
"IPF_FO23_1_06170__IPF_FO23_1_06170__N3C111"	"N4"	"IPF/FO23-1-06170"	"IPF"	"IPF/FO23-1-06170"	1	1	6	1	1	0.166666666666667	1	"N1"
"IPF_FO23_1_06170__IPF_FO23_1_06170__N3C111"	"N5"	"IPF/FO23-1-06170"	"IPF"	"IPF/FO23-1-06170"	1	1	6	1	1	0.166666666666667	1	"N1"
"IPF_FO23_1_06170__IPF_FO23_1_06170__N3C111"	"N6"	"IPF/FO23-1-06170"	"IPF"	"IPF/FO23-1-06170"	1	1	6	0	0	0	0	"N1"
"IPF_FO23_1_06170__IPF_FO23_1_06170__N3C111"	"N7"	"IPF/FO23-1-06170"	"IPF"	"IPF/FO23-1-06170"	1	1	6	0	0	0	0	"N1"
"IPF_FO23_1_06170__IPF_FO23_1_06170__N3C111"	"N8"	"IPF/FO23-1-06170"	"IPF"	"IPF/FO23-1-06170"	1	1	6	1	1	0.166666666666667	1	"N1"
"IPF_FO23_1_06170__IPF_FO23_1_06170__N3C112"	"N1"	"IPF/FO23-1-06170"	"IPF"	"IPF/FO23-1-06170"	1	1	8	2	1	0.25	1	"N8"
"IPF_FO23_1_06170__IPF_FO23_1_06170__N3C112"	"N2"	"IPF/FO23-1-06170"	"IPF"	"IPF/FO23-1-06170"	1	1	8	0	0	0	0	"N8"
"IPF_FO23_1_06170__IPF_FO23_1_06170__N3C112"	"N3"	"IPF/FO23-1-06170"	"IPF"	"IPF/FO23-1-06170"	1	1	8	0	0	0	0	"N8"
"IPF_FO23_1_06170__IPF_FO23_1_06170__N3C112"	"N4"	"IPF/FO23-1-06170"	"IPF"	"IPF/FO23-1-06170"	1	1	8	0	0	0	0	"N8"
"IPF_FO23_1_06170__IPF_FO23_1_06170__N3C112"	"N5"	"IPF/FO23-1-06170"	"IPF"	"IPF/FO23-1-06170"	1	1	8	2	1	0.25	1	"N8"
"IPF_FO23_1_06170__IPF_FO23_1_06170__N3C112"	"N6"	"IPF/FO23-1-06170"	"IPF"	"IPF/FO23-1-06170"	1	1	8	0	0	0	0	"N8"
"IPF_FO23_1_06170__IPF_FO23_1_06170__N3C112"	"N7"	"IPF/FO23-1-06170"	"IPF"	"IPF/FO23-1-06170"	1	1	8	1	1	0.125	1	"N8"
"IPF_FO23_1_06170__IPF_FO23_1_06170__N3C112"	"N8"	"IPF/FO23-1-06170"	"IPF"	"IPF/FO23-1-06170"	1	1	8	3	1	0.375	1	"N8"
"IPF_FO23_1_06170__IPF_FO23_1_06170__N3C113"	"N1"	"IPF/FO23-1-06170"	"IPF"	"IPF/FO23-1-06170"	1	1	8	6	1	0.75	1	"N1"
"IPF_FO23_1_06170__IPF_FO23_1_06170__N3C113"	"N2"	"IPF/FO23-1-06170"	"IPF"	"IPF/FO23-1-06170"	1	1	8	0	0	0	0	"N1"
"IPF_FO23_1_06170__IPF_FO23_1_06170__N3C113"	"N3"	"IPF/FO23-1-06170"	"IPF"	"IPF/FO23-1-06170"	1	1	8	0	0	0	0	"N1"
"IPF_FO23_1_06170__IPF_FO23_1_06170__N3C113"	"N4"	"IPF/FO23-1-06170"	"IPF"	"IPF/FO23-1-06170"	1	1	8	0	0	0	0	"N1"
"IPF_FO23_1_06170__IPF_FO23_1_06170__N3C113"	"N5"	"IPF/FO23-1-06170"	"IPF"	"IPF/FO23-1-06170"	1	1	8	0	0	0	0	"N1"
"IPF_FO23_1_06170__IPF_FO23_1_06170__N3C113"	"N6"	"IPF/FO23-1-06170"	"IPF"	"IPF/FO23-1-06170"	1	1	8	0	0	0	0	"N1"
"IPF_FO23_1_06170__IPF_FO23_1_06170__N3C113"	"N7"	"IPF/FO23-1-06170"	"IPF"	"IPF/FO23-1-06170"	1	1	8	1	1	0.125	1	"N1"
"IPF_FO23_1_06170__IPF_FO23_1_06170__N3C113"	"N8"	"IPF/FO23-1-06170"	"IPF"	"IPF/FO23-1-06170"	1	1	8	1	1	0.125	1	"N1"
"IPF_FO23_1_06170__IPF_FO23_1_06170__N3C114"	"N1"	"IPF/FO23-1-06170"	"IPF"	"IPF/FO23-1-06170"	6	6	20	8	5	0.4	0.833333333333333	"N5"
"IPF_FO23_1_06170__IPF_FO23_1_06170__N3C114"	"N2"	"IPF/FO23-1-06170"	"IPF"	"IPF/FO23-1-06170"	6	6	20	0	0	0	0	"N5"
"IPF_FO23_1_06170__IPF_FO23_1_06170__N3C114"	"N3"	"IPF/FO23-1-06170"	"IPF"	"IPF/FO23-1-06170"	6	6	20	0	0	0	0	"N5"
"IPF_FO23_1_06170__IPF_FO23_1_06170__N3C114"	"N4"	"IPF/FO23-1-06170"	"IPF"	"IPF/FO23-1-06170"	6	6	20	0	0	0	0	"N5"
"IPF_FO23_1_06170__IPF_FO23_1_06170__N3C114"	"N5"	"IPF/FO23-1-06170"	"IPF"	"IPF/FO23-1-06170"	6	6	20	11	5	0.55	0.833333333333333	"N5"
"IPF_FO23_1_06170__IPF_FO23_1_06170__N3C114"	"N6"	"IPF/FO23-1-06170"	"IPF"	"IPF/FO23-1-06170"	6	6	20	0	0	0	0	"N5"
"IPF_FO23_1_06170__IPF_FO23_1_06170__N3C114"	"N7"	"IPF/FO23-1-06170"	"IPF"	"IPF/FO23-1-06170"	6	6	20	0	0	0	0	"N5"
"IPF_FO23_1_06170__IPF_FO23_1_06170__N3C114"	"N8"	"IPF/FO23-1-06170"	"IPF"	"IPF/FO23-1-06170"	6	6	20	1	1	0.05	0.166666666666667	"N5"
"IPF_FO23_1_06170__IPF_FO23_1_06170__N3C115"	"N1"	"IPF/FO23-1-06170"	"IPF"	"IPF/FO23-1-06170"	1	1	8	3	1	0.375	1	"N1; N8"
"IPF_FO23_1_06170__IPF_FO23_1_06170__N3C115"	"N2"	"IPF/FO23-1-06170"	"IPF"	"IPF/FO23-1-06170"	1	1	8	0	0	0	0	"N1; N8"
"IPF_FO23_1_06170__IPF_FO23_1_06170__N3C115"	"N3"	"IPF/FO23-1-06170"	"IPF"	"IPF/FO23-1-06170"	1	1	8	0	0	0	0	"N1; N8"
"IPF_FO23_1_06170__IPF_FO23_1_06170__N3C115"	"N4"	"IPF/FO23-1-06170"	"IPF"	"IPF/FO23-1-06170"	1	1	8	0	0	0	0	"N1; N8"
"IPF_FO23_1_06170__IPF_FO23_1_06170__N3C115"	"N5"	"IPF/FO23-1-06170"	"IPF"	"IPF/FO23-1-06170"	1	1	8	1	1	0.125	1	"N1; N8"
"IPF_FO23_1_06170__IPF_FO23_1_06170__N3C115"	"N6"	"IPF/FO23-1-06170"	"IPF"	"IPF/FO23-1-06170"	1	1	8	0	0	0	0	"N1; N8"
"IPF_FO23_1_06170__IPF_FO23_1_06170__N3C115"	"N7"	"IPF/FO23-1-06170"	"IPF"	"IPF/FO23-1-06170"	1	1	8	1	1	0.125	1	"N1; N8"
"IPF_FO23_1_06170__IPF_FO23_1_06170__N3C115"	"N8"	"IPF/FO23-1-06170"	"IPF"	"IPF/FO23-1-06170"	1	1	8	3	1	0.375	1	"N1; N8"
"IPF_FO23_1_06170__IPF_FO23_1_06170__N3C116"	"N1"	"IPF/FO23-1-06170"	"IPF"	"IPF/FO23-1-06170"	1	1	6	2	1	0.333333333333333	1	"N8"
"IPF_FO23_1_06170__IPF_FO23_1_06170__N3C116"	"N2"	"IPF/FO23-1-06170"	"IPF"	"IPF/FO23-1-06170"	1	1	6	0	0	0	0	"N8"
"IPF_FO23_1_06170__IPF_FO23_1_06170__N3C116"	"N3"	"IPF/FO23-1-06170"	"IPF"	"IPF/FO23-1-06170"	1	1	6	0	0	0	0	"N8"
"IPF_FO23_1_06170__IPF_FO23_1_06170__N3C116"	"N4"	"IPF/FO23-1-06170"	"IPF"	"IPF/FO23-1-06170"	1	1	6	0	0	0	0	"N8"
"IPF_FO23_1_06170__IPF_FO23_1_06170__N3C116"	"N5"	"IPF/FO23-1-06170"	"IPF"	"IPF/FO23-1-06170"	1	1	6	1	1	0.166666666666667	1	"N8"
"IPF_FO23_1_06170__IPF_FO23_1_06170__N3C116"	"N6"	"IPF/FO23-1-06170"	"IPF"	"IPF/FO23-1-06170"	1	1	6	0	0	0	0	"N8"
"IPF_FO23_1_06170__IPF_FO23_1_06170__N3C116"	"N7"	"IPF/FO23-1-06170"	"IPF"	"IPF/FO23-1-06170"	1	1	6	0	0	0	0	"N8"
"IPF_FO23_1_06170__IPF_FO23_1_06170__N3C116"	"N8"	"IPF/FO23-1-06170"	"IPF"	"IPF/FO23-1-06170"	1	1	6	3	1	0.5	1	"N8"
"IPF_FO23_1_06170__IPF_FO23_1_06170__N3C117"	"N1"	"IPF/FO23-1-06170"	"IPF"	"IPF/FO23-1-06170"	2	2	11	5	2	0.454545454545455	1	"N2"
"IPF_FO23_1_06170__IPF_FO23_1_06170__N3C117"	"N2"	"IPF/FO23-1-06170"	"IPF"	"IPF/FO23-1-06170"	2	2	11	6	2	0.545454545454545	1	"N2"
"IPF_FO23_1_06170__IPF_FO23_1_06170__N3C117"	"N3"	"IPF/FO23-1-06170"	"IPF"	"IPF/FO23-1-06170"	2	2	11	0	0	0	0	"N2"
"IPF_FO23_1_06170__IPF_FO23_1_06170__N3C117"	"N4"	"IPF/FO23-1-06170"	"IPF"	"IPF/FO23-1-06170"	2	2	11	0	0	0	0	"N2"
"IPF_FO23_1_06170__IPF_FO23_1_06170__N3C117"	"N5"	"IPF/FO23-1-06170"	"IPF"	"IPF/FO23-1-06170"	2	2	11	0	0	0	0	"N2"
"IPF_FO23_1_06170__IPF_FO23_1_06170__N3C117"	"N6"	"IPF/FO23-1-06170"	"IPF"	"IPF/FO23-1-06170"	2	2	11	0	0	0	0	"N2"
"IPF_FO23_1_06170__IPF_FO23_1_06170__N3C117"	"N7"	"IPF/FO23-1-06170"	"IPF"	"IPF/FO23-1-06170"	2	2	11	0	0	0	0	"N2"
"IPF_FO23_1_06170__IPF_FO23_1_06170__N3C117"	"N8"	"IPF/FO23-1-06170"	"IPF"	"IPF/FO23-1-06170"	2	2	11	0	0	0	0	"N2"
"IPF_FO23_1_06170__IPF_FO23_1_06170__N3C118"	"N1"	"IPF/FO23-1-06170"	"IPF"	"IPF/FO23-1-06170"	1	1	8	6	1	0.75	1	"N1"
"IPF_FO23_1_06170__IPF_FO23_1_06170__N3C118"	"N2"	"IPF/FO23-1-06170"	"IPF"	"IPF/FO23-1-06170"	1	1	8	0	0	0	0	"N1"
"IPF_FO23_1_06170__IPF_FO23_1_06170__N3C118"	"N3"	"IPF/FO23-1-06170"	"IPF"	"IPF/FO23-1-06170"	1	1	8	0	0	0	0	"N1"
"IPF_FO23_1_06170__IPF_FO23_1_06170__N3C118"	"N4"	"IPF/FO23-1-06170"	"IPF"	"IPF/FO23-1-06170"	1	1	8	0	0	0	0	"N1"
"IPF_FO23_1_06170__IPF_FO23_1_06170__N3C118"	"N5"	"IPF/FO23-1-06170"	"IPF"	"IPF/FO23-1-06170"	1	1	8	0	0	0	0	"N1"
"IPF_FO23_1_06170__IPF_FO23_1_06170__N3C118"	"N6"	"IPF/FO23-1-06170"	"IPF"	"IPF/FO23-1-06170"	1	1	8	0	0	0	0	"N1"
"IPF_FO23_1_06170__IPF_FO23_1_06170__N3C118"	"N7"	"IPF/FO23-1-06170"	"IPF"	"IPF/FO23-1-06170"	1	1	8	0	0	0	0	"N1"
"IPF_FO23_1_06170__IPF_FO23_1_06170__N3C118"	"N8"	"IPF/FO23-1-06170"	"IPF"	"IPF/FO23-1-06170"	1	1	8	2	1	0.25	1	"N1"
"IPF_FO23_1_06170__IPF_FO23_1_06170__N3C119"	"N1"	"IPF/FO23-1-06170"	"IPF"	"IPF/FO23-1-06170"	3	3	19	13	3	0.68421052631579	1	"N1"
"IPF_FO23_1_06170__IPF_FO23_1_06170__N3C119"	"N2"	"IPF/FO23-1-06170"	"IPF"	"IPF/FO23-1-06170"	3	3	19	0	0	0	0	"N1"
"IPF_FO23_1_06170__IPF_FO23_1_06170__N3C119"	"N3"	"IPF/FO23-1-06170"	"IPF"	"IPF/FO23-1-06170"	3	3	19	0	0	0	0	"N1"
"IPF_FO23_1_06170__IPF_FO23_1_06170__N3C119"	"N4"	"IPF/FO23-1-06170"	"IPF"	"IPF/FO23-1-06170"	3	3	19	0	0	0	0	"N1"
"IPF_FO23_1_06170__IPF_FO23_1_06170__N3C119"	"N5"	"IPF/FO23-1-06170"	"IPF"	"IPF/FO23-1-06170"	3	3	19	3	2	0.157894736842105	0.666666666666667	"N1"
"IPF_FO23_1_06170__IPF_FO23_1_06170__N3C119"	"N6"	"IPF/FO23-1-06170"	"IPF"	"IPF/FO23-1-06170"	3	3	19	1	1	0.0526315789473684	0.333333333333333	"N1"
"IPF_FO23_1_06170__IPF_FO23_1_06170__N3C119"	"N7"	"IPF/FO23-1-06170"	"IPF"	"IPF/FO23-1-06170"	3	3	19	0	0	0	0	"N1"
"IPF_FO23_1_06170__IPF_FO23_1_06170__N3C119"	"N8"	"IPF/FO23-1-06170"	"IPF"	"IPF/FO23-1-06170"	3	3	19	2	2	0.105263157894737	0.666666666666667	"N1"
"IPF_FO23_1_06170__IPF_FO23_1_06170__N3C120"	"N1"	"IPF/FO23-1-06170"	"IPF"	"IPF/FO23-1-06170"	1	1	5	0	0	0	0	"N5"
"IPF_FO23_1_06170__IPF_FO23_1_06170__N3C120"	"N2"	"IPF/FO23-1-06170"	"IPF"	"IPF/FO23-1-06170"	1	1	5	0	0	0	0	"N5"
"IPF_FO23_1_06170__IPF_FO23_1_06170__N3C120"	"N3"	"IPF/FO23-1-06170"	"IPF"	"IPF/FO23-1-06170"	1	1	5	0	0	0	0	"N5"
"IPF_FO23_1_06170__IPF_FO23_1_06170__N3C120"	"N4"	"IPF/FO23-1-06170"	"IPF"	"IPF/FO23-1-06170"	1	1	5	1	1	0.2	1	"N5"
"IPF_FO23_1_06170__IPF_FO23_1_06170__N3C120"	"N5"	"IPF/FO23-1-06170"	"IPF"	"IPF/FO23-1-06170"	1	1	5	4	1	0.8	1	"N5"
"IPF_FO23_1_06170__IPF_FO23_1_06170__N3C120"	"N6"	"IPF/FO23-1-06170"	"IPF"	"IPF/FO23-1-06170"	1	1	5	0	0	0	0	"N5"
"IPF_FO23_1_06170__IPF_FO23_1_06170__N3C120"	"N7"	"IPF/FO23-1-06170"	"IPF"	"IPF/FO23-1-06170"	1	1	5	0	0	0	0	"N5"
"IPF_FO23_1_06170__IPF_FO23_1_06170__N3C120"	"N8"	"IPF/FO23-1-06170"	"IPF"	"IPF/FO23-1-06170"	1	1	5	0	0	0	0	"N5"
"IPF_FO23_1_06170__IPF_FO23_1_06170__N3C121"	"N1"	"IPF/FO23-1-06170"	"IPF"	"IPF/FO23-1-06170"	1	1	3	3	1	1	1	"N1"
"IPF_FO23_1_06170__IPF_FO23_1_06170__N3C121"	"N2"	"IPF/FO23-1-06170"	"IPF"	"IPF/FO23-1-06170"	1	1	3	0	0	0	0	"N1"
"IPF_FO23_1_06170__IPF_FO23_1_06170__N3C121"	"N3"	"IPF/FO23-1-06170"	"IPF"	"IPF/FO23-1-06170"	1	1	3	0	0	0	0	"N1"
"IPF_FO23_1_06170__IPF_FO23_1_06170__N3C121"	"N4"	"IPF/FO23-1-06170"	"IPF"	"IPF/FO23-1-06170"	1	1	3	0	0	0	0	"N1"
"IPF_FO23_1_06170__IPF_FO23_1_06170__N3C121"	"N5"	"IPF/FO23-1-06170"	"IPF"	"IPF/FO23-1-06170"	1	1	3	0	0	0	0	"N1"
"IPF_FO23_1_06170__IPF_FO23_1_06170__N3C121"	"N6"	"IPF/FO23-1-06170"	"IPF"	"IPF/FO23-1-06170"	1	1	3	0	0	0	0	"N1"
"IPF_FO23_1_06170__IPF_FO23_1_06170__N3C121"	"N7"	"IPF/FO23-1-06170"	"IPF"	"IPF/FO23-1-06170"	1	1	3	0	0	0	0	"N1"
"IPF_FO23_1_06170__IPF_FO23_1_06170__N3C121"	"N8"	"IPF/FO23-1-06170"	"IPF"	"IPF/FO23-1-06170"	1	1	3	0	0	0	0	"N1"
"IPF_FO23_1_06170__IPF_FO23_1_06170__N3C122"	"N1"	"IPF/FO23-1-06170"	"IPF"	"IPF/FO23-1-06170"	4	4	13	4	3	0.307692307692308	0.75	"N2"
"IPF_FO23_1_06170__IPF_FO23_1_06170__N3C122"	"N2"	"IPF/FO23-1-06170"	"IPF"	"IPF/FO23-1-06170"	4	4	13	5	4	0.384615384615385	1	"N2"
"IPF_FO23_1_06170__IPF_FO23_1_06170__N3C122"	"N3"	"IPF/FO23-1-06170"	"IPF"	"IPF/FO23-1-06170"	4	4	13	0	0	0	0	"N2"
"IPF_FO23_1_06170__IPF_FO23_1_06170__N3C122"	"N4"	"IPF/FO23-1-06170"	"IPF"	"IPF/FO23-1-06170"	4	4	13	0	0	0	0	"N2"
"IPF_FO23_1_06170__IPF_FO23_1_06170__N3C122"	"N5"	"IPF/FO23-1-06170"	"IPF"	"IPF/FO23-1-06170"	4	4	13	0	0	0	0	"N2"
"IPF_FO23_1_06170__IPF_FO23_1_06170__N3C122"	"N6"	"IPF/FO23-1-06170"	"IPF"	"IPF/FO23-1-06170"	4	4	13	0	0	0	0	"N2"
"IPF_FO23_1_06170__IPF_FO23_1_06170__N3C122"	"N7"	"IPF/FO23-1-06170"	"IPF"	"IPF/FO23-1-06170"	4	4	13	0	0	0	0	"N2"
"IPF_FO23_1_06170__IPF_FO23_1_06170__N3C122"	"N8"	"IPF/FO23-1-06170"	"IPF"	"IPF/FO23-1-06170"	4	4	13	4	4	0.307692307692308	1	"N2"
"IPF_FO23_1_06170__IPF_FO23_1_06170__N3C123"	"N1"	"IPF/FO23-1-06170"	"IPF"	"IPF/FO23-1-06170"	1	0	0	0	0	NA	NA	"None"
"IPF_FO23_1_06170__IPF_FO23_1_06170__N3C123"	"N2"	"IPF/FO23-1-06170"	"IPF"	"IPF/FO23-1-06170"	1	0	0	0	0	NA	NA	"None"
"IPF_FO23_1_06170__IPF_FO23_1_06170__N3C123"	"N3"	"IPF/FO23-1-06170"	"IPF"	"IPF/FO23-1-06170"	1	0	0	0	0	NA	NA	"None"
"IPF_FO23_1_06170__IPF_FO23_1_06170__N3C123"	"N4"	"IPF/FO23-1-06170"	"IPF"	"IPF/FO23-1-06170"	1	0	0	0	0	NA	NA	"None"
"IPF_FO23_1_06170__IPF_FO23_1_06170__N3C123"	"N5"	"IPF/FO23-1-06170"	"IPF"	"IPF/FO23-1-06170"	1	0	0	0	0	NA	NA	"None"
"IPF_FO23_1_06170__IPF_FO23_1_06170__N3C123"	"N6"	"IPF/FO23-1-06170"	"IPF"	"IPF/FO23-1-06170"	1	0	0	0	0	NA	NA	"None"
"IPF_FO23_1_06170__IPF_FO23_1_06170__N3C123"	"N7"	"IPF/FO23-1-06170"	"IPF"	"IPF/FO23-1-06170"	1	0	0	0	0	NA	NA	"None"
"IPF_FO23_1_06170__IPF_FO23_1_06170__N3C123"	"N8"	"IPF/FO23-1-06170"	"IPF"	"IPF/FO23-1-06170"	1	0	0	0	0	NA	NA	"None"
"SSC_05957_17B__SSC_05957_17B__N3C001"	"N1"	"SSC/05957/17B"	"SSc-ILD"	"SSC/05957/17B"	1	1	2	0	0	0	0	"N8"
"SSC_05957_17B__SSC_05957_17B__N3C001"	"N2"	"SSC/05957/17B"	"SSc-ILD"	"SSC/05957/17B"	1	1	2	0	0	0	0	"N8"
"SSC_05957_17B__SSC_05957_17B__N3C001"	"N3"	"SSC/05957/17B"	"SSc-ILD"	"SSC/05957/17B"	1	1	2	0	0	0	0	"N8"
"SSC_05957_17B__SSC_05957_17B__N3C001"	"N4"	"SSC/05957/17B"	"SSc-ILD"	"SSC/05957/17B"	1	1	2	0	0	0	0	"N8"
"SSC_05957_17B__SSC_05957_17B__N3C001"	"N5"	"SSC/05957/17B"	"SSc-ILD"	"SSC/05957/17B"	1	1	2	0	0	0	0	"N8"
"SSC_05957_17B__SSC_05957_17B__N3C001"	"N6"	"SSC/05957/17B"	"SSc-ILD"	"SSC/05957/17B"	1	1	2	0	0	0	0	"N8"
"SSC_05957_17B__SSC_05957_17B__N3C001"	"N7"	"SSC/05957/17B"	"SSc-ILD"	"SSC/05957/17B"	1	1	2	0	0	0	0	"N8"
"SSC_05957_17B__SSC_05957_17B__N3C001"	"N8"	"SSC/05957/17B"	"SSc-ILD"	"SSC/05957/17B"	1	1	2	2	1	1	1	"N8"
"SSC_05957_17B__SSC_05957_17B__N3C002"	"N1"	"SSC/05957/17B"	"SSc-ILD"	"SSC/05957/17B"	2	2	3	0	0	0	0	"N4"
"SSC_05957_17B__SSC_05957_17B__N3C002"	"N2"	"SSC/05957/17B"	"SSc-ILD"	"SSC/05957/17B"	2	2	3	0	0	0	0	"N4"
"SSC_05957_17B__SSC_05957_17B__N3C002"	"N3"	"SSC/05957/17B"	"SSc-ILD"	"SSC/05957/17B"	2	2	3	0	0	0	0	"N4"
"SSC_05957_17B__SSC_05957_17B__N3C002"	"N4"	"SSC/05957/17B"	"SSc-ILD"	"SSC/05957/17B"	2	2	3	2	2	0.666666666666667	1	"N4"
"SSC_05957_17B__SSC_05957_17B__N3C002"	"N5"	"SSC/05957/17B"	"SSc-ILD"	"SSC/05957/17B"	2	2	3	0	0	0	0	"N4"
"SSC_05957_17B__SSC_05957_17B__N3C002"	"N6"	"SSC/05957/17B"	"SSc-ILD"	"SSC/05957/17B"	2	2	3	1	1	0.333333333333333	0.5	"N4"
"SSC_05957_17B__SSC_05957_17B__N3C002"	"N7"	"SSC/05957/17B"	"SSc-ILD"	"SSC/05957/17B"	2	2	3	0	0	0	0	"N4"
"SSC_05957_17B__SSC_05957_17B__N3C002"	"N8"	"SSC/05957/17B"	"SSc-ILD"	"SSC/05957/17B"	2	2	3	0	0	0	0	"N4"
"SSC_05957_17B__SSC_05957_17B__N3C003"	"N1"	"SSC/05957/17B"	"SSc-ILD"	"SSC/05957/17B"	1	1	1	0	0	0	0	"N8"
"SSC_05957_17B__SSC_05957_17B__N3C003"	"N2"	"SSC/05957/17B"	"SSc-ILD"	"SSC/05957/17B"	1	1	1	0	0	0	0	"N8"
"SSC_05957_17B__SSC_05957_17B__N3C003"	"N3"	"SSC/05957/17B"	"SSc-ILD"	"SSC/05957/17B"	1	1	1	0	0	0	0	"N8"
"SSC_05957_17B__SSC_05957_17B__N3C003"	"N4"	"SSC/05957/17B"	"SSc-ILD"	"SSC/05957/17B"	1	1	1	0	0	0	0	"N8"
"SSC_05957_17B__SSC_05957_17B__N3C003"	"N5"	"SSC/05957/17B"	"SSc-ILD"	"SSC/05957/17B"	1	1	1	0	0	0	0	"N8"
"SSC_05957_17B__SSC_05957_17B__N3C003"	"N6"	"SSC/05957/17B"	"SSc-ILD"	"SSC/05957/17B"	1	1	1	0	0	0	0	"N8"
"SSC_05957_17B__SSC_05957_17B__N3C003"	"N7"	"SSC/05957/17B"	"SSc-ILD"	"SSC/05957/17B"	1	1	1	0	0	0	0	"N8"
"SSC_05957_17B__SSC_05957_17B__N3C003"	"N8"	"SSC/05957/17B"	"SSc-ILD"	"SSC/05957/17B"	1	1	1	1	1	1	1	"N8"
"SSC_05957_17B__SSC_05957_17B__N3C004"	"N1"	"SSC/05957/17B"	"SSc-ILD"	"SSC/05957/17B"	1	1	1	0	0	0	0	"N4"
"SSC_05957_17B__SSC_05957_17B__N3C004"	"N2"	"SSC/05957/17B"	"SSc-ILD"	"SSC/05957/17B"	1	1	1	0	0	0	0	"N4"
"SSC_05957_17B__SSC_05957_17B__N3C004"	"N3"	"SSC/05957/17B"	"SSc-ILD"	"SSC/05957/17B"	1	1	1	0	0	0	0	"N4"
"SSC_05957_17B__SSC_05957_17B__N3C004"	"N4"	"SSC/05957/17B"	"SSc-ILD"	"SSC/05957/17B"	1	1	1	1	1	1	1	"N4"
"SSC_05957_17B__SSC_05957_17B__N3C004"	"N5"	"SSC/05957/17B"	"SSc-ILD"	"SSC/05957/17B"	1	1	1	0	0	0	0	"N4"
"SSC_05957_17B__SSC_05957_17B__N3C004"	"N6"	"SSC/05957/17B"	"SSc-ILD"	"SSC/05957/17B"	1	1	1	0	0	0	0	"N4"
"SSC_05957_17B__SSC_05957_17B__N3C004"	"N7"	"SSC/05957/17B"	"SSc-ILD"	"SSC/05957/17B"	1	1	1	0	0	0	0	"N4"
"SSC_05957_17B__SSC_05957_17B__N3C004"	"N8"	"SSC/05957/17B"	"SSc-ILD"	"SSC/05957/17B"	1	1	1	0	0	0	0	"N4"
"SSC_05957_17B__SSC_05957_17B__N3C005"	"N1"	"SSC/05957/17B"	"SSc-ILD"	"SSC/05957/17B"	1	1	3	0	0	0	0	"N6"
"SSC_05957_17B__SSC_05957_17B__N3C005"	"N2"	"SSC/05957/17B"	"SSc-ILD"	"SSC/05957/17B"	1	1	3	0	0	0	0	"N6"
"SSC_05957_17B__SSC_05957_17B__N3C005"	"N3"	"SSC/05957/17B"	"SSc-ILD"	"SSC/05957/17B"	1	1	3	0	0	0	0	"N6"
"SSC_05957_17B__SSC_05957_17B__N3C005"	"N4"	"SSC/05957/17B"	"SSc-ILD"	"SSC/05957/17B"	1	1	3	0	0	0	0	"N6"
"SSC_05957_17B__SSC_05957_17B__N3C005"	"N5"	"SSC/05957/17B"	"SSc-ILD"	"SSC/05957/17B"	1	1	3	0	0	0	0	"N6"
"SSC_05957_17B__SSC_05957_17B__N3C005"	"N6"	"SSC/05957/17B"	"SSc-ILD"	"SSC/05957/17B"	1	1	3	2	1	0.666666666666667	1	"N6"
"SSC_05957_17B__SSC_05957_17B__N3C005"	"N7"	"SSC/05957/17B"	"SSc-ILD"	"SSC/05957/17B"	1	1	3	0	0	0	0	"N6"
"SSC_05957_17B__SSC_05957_17B__N3C005"	"N8"	"SSC/05957/17B"	"SSc-ILD"	"SSC/05957/17B"	1	1	3	1	1	0.333333333333333	1	"N6"
"SSC_05957_17B__SSC_05957_17B__N3C006"	"N1"	"SSC/05957/17B"	"SSc-ILD"	"SSC/05957/17B"	1	1	1	0	0	0	0	"N5"
"SSC_05957_17B__SSC_05957_17B__N3C006"	"N2"	"SSC/05957/17B"	"SSc-ILD"	"SSC/05957/17B"	1	1	1	0	0	0	0	"N5"
"SSC_05957_17B__SSC_05957_17B__N3C006"	"N3"	"SSC/05957/17B"	"SSc-ILD"	"SSC/05957/17B"	1	1	1	0	0	0	0	"N5"
"SSC_05957_17B__SSC_05957_17B__N3C006"	"N4"	"SSC/05957/17B"	"SSc-ILD"	"SSC/05957/17B"	1	1	1	0	0	0	0	"N5"
"SSC_05957_17B__SSC_05957_17B__N3C006"	"N5"	"SSC/05957/17B"	"SSc-ILD"	"SSC/05957/17B"	1	1	1	1	1	1	1	"N5"
"SSC_05957_17B__SSC_05957_17B__N3C006"	"N6"	"SSC/05957/17B"	"SSc-ILD"	"SSC/05957/17B"	1	1	1	0	0	0	0	"N5"
"SSC_05957_17B__SSC_05957_17B__N3C006"	"N7"	"SSC/05957/17B"	"SSc-ILD"	"SSC/05957/17B"	1	1	1	0	0	0	0	"N5"
"SSC_05957_17B__SSC_05957_17B__N3C006"	"N8"	"SSC/05957/17B"	"SSc-ILD"	"SSC/05957/17B"	1	1	1	0	0	0	0	"N5"
"SSC_05957_17B__SSC_05957_17B__N3C007"	"N1"	"SSC/05957/17B"	"SSc-ILD"	"SSC/05957/17B"	1	1	2	2	1	1	1	"N1"
"SSC_05957_17B__SSC_05957_17B__N3C007"	"N2"	"SSC/05957/17B"	"SSc-ILD"	"SSC/05957/17B"	1	1	2	0	0	0	0	"N1"
"SSC_05957_17B__SSC_05957_17B__N3C007"	"N3"	"SSC/05957/17B"	"SSc-ILD"	"SSC/05957/17B"	1	1	2	0	0	0	0	"N1"
"SSC_05957_17B__SSC_05957_17B__N3C007"	"N4"	"SSC/05957/17B"	"SSc-ILD"	"SSC/05957/17B"	1	1	2	0	0	0	0	"N1"
"SSC_05957_17B__SSC_05957_17B__N3C007"	"N5"	"SSC/05957/17B"	"SSc-ILD"	"SSC/05957/17B"	1	1	2	0	0	0	0	"N1"
"SSC_05957_17B__SSC_05957_17B__N3C007"	"N6"	"SSC/05957/17B"	"SSc-ILD"	"SSC/05957/17B"	1	1	2	0	0	0	0	"N1"
"SSC_05957_17B__SSC_05957_17B__N3C007"	"N7"	"SSC/05957/17B"	"SSc-ILD"	"SSC/05957/17B"	1	1	2	0	0	0	0	"N1"
"SSC_05957_17B__SSC_05957_17B__N3C007"	"N8"	"SSC/05957/17B"	"SSc-ILD"	"SSC/05957/17B"	1	1	2	0	0	0	0	"N1"
"SSC_05957_17B__SSC_05957_17B__N3C008"	"N1"	"SSC/05957/17B"	"SSc-ILD"	"SSC/05957/17B"	1	1	7	5	1	0.714285714285714	1	"N1"
"SSC_05957_17B__SSC_05957_17B__N3C008"	"N2"	"SSC/05957/17B"	"SSc-ILD"	"SSC/05957/17B"	1	1	7	2	1	0.285714285714286	1	"N1"
"SSC_05957_17B__SSC_05957_17B__N3C008"	"N3"	"SSC/05957/17B"	"SSc-ILD"	"SSC/05957/17B"	1	1	7	0	0	0	0	"N1"
"SSC_05957_17B__SSC_05957_17B__N3C008"	"N4"	"SSC/05957/17B"	"SSc-ILD"	"SSC/05957/17B"	1	1	7	0	0	0	0	"N1"
"SSC_05957_17B__SSC_05957_17B__N3C008"	"N5"	"SSC/05957/17B"	"SSc-ILD"	"SSC/05957/17B"	1	1	7	0	0	0	0	"N1"
"SSC_05957_17B__SSC_05957_17B__N3C008"	"N6"	"SSC/05957/17B"	"SSc-ILD"	"SSC/05957/17B"	1	1	7	0	0	0	0	"N1"
"SSC_05957_17B__SSC_05957_17B__N3C008"	"N7"	"SSC/05957/17B"	"SSc-ILD"	"SSC/05957/17B"	1	1	7	0	0	0	0	"N1"
"SSC_05957_17B__SSC_05957_17B__N3C008"	"N8"	"SSC/05957/17B"	"SSc-ILD"	"SSC/05957/17B"	1	1	7	0	0	0	0	"N1"
"SSC_05957_17B__SSC_05957_17B__N3C009"	"N1"	"SSC/05957/17B"	"SSc-ILD"	"SSC/05957/17B"	1	1	2	0	0	0	0	"N4; N5"
"SSC_05957_17B__SSC_05957_17B__N3C009"	"N2"	"SSC/05957/17B"	"SSc-ILD"	"SSC/05957/17B"	1	1	2	0	0	0	0	"N4; N5"
"SSC_05957_17B__SSC_05957_17B__N3C009"	"N3"	"SSC/05957/17B"	"SSc-ILD"	"SSC/05957/17B"	1	1	2	0	0	0	0	"N4; N5"
"SSC_05957_17B__SSC_05957_17B__N3C009"	"N4"	"SSC/05957/17B"	"SSc-ILD"	"SSC/05957/17B"	1	1	2	1	1	0.5	1	"N4; N5"
"SSC_05957_17B__SSC_05957_17B__N3C009"	"N5"	"SSC/05957/17B"	"SSc-ILD"	"SSC/05957/17B"	1	1	2	1	1	0.5	1	"N4; N5"
"SSC_05957_17B__SSC_05957_17B__N3C009"	"N6"	"SSC/05957/17B"	"SSc-ILD"	"SSC/05957/17B"	1	1	2	0	0	0	0	"N4; N5"
"SSC_05957_17B__SSC_05957_17B__N3C009"	"N7"	"SSC/05957/17B"	"SSc-ILD"	"SSC/05957/17B"	1	1	2	0	0	0	0	"N4; N5"
"SSC_05957_17B__SSC_05957_17B__N3C009"	"N8"	"SSC/05957/17B"	"SSc-ILD"	"SSC/05957/17B"	1	1	2	0	0	0	0	"N4; N5"
"SSC_05957_17B__SSC_05957_17B__N3C010"	"N1"	"SSC/05957/17B"	"SSc-ILD"	"SSC/05957/17B"	1	1	3	0	0	0	0	"N7"
"SSC_05957_17B__SSC_05957_17B__N3C010"	"N2"	"SSC/05957/17B"	"SSc-ILD"	"SSC/05957/17B"	1	1	3	0	0	0	0	"N7"
"SSC_05957_17B__SSC_05957_17B__N3C010"	"N3"	"SSC/05957/17B"	"SSc-ILD"	"SSC/05957/17B"	1	1	3	0	0	0	0	"N7"
"SSC_05957_17B__SSC_05957_17B__N3C010"	"N4"	"SSC/05957/17B"	"SSc-ILD"	"SSC/05957/17B"	1	1	3	0	0	0	0	"N7"
"SSC_05957_17B__SSC_05957_17B__N3C010"	"N5"	"SSC/05957/17B"	"SSc-ILD"	"SSC/05957/17B"	1	1	3	0	0	0	0	"N7"
"SSC_05957_17B__SSC_05957_17B__N3C010"	"N6"	"SSC/05957/17B"	"SSc-ILD"	"SSC/05957/17B"	1	1	3	0	0	0	0	"N7"
"SSC_05957_17B__SSC_05957_17B__N3C010"	"N7"	"SSC/05957/17B"	"SSc-ILD"	"SSC/05957/17B"	1	1	3	2	1	0.666666666666667	1	"N7"
"SSC_05957_17B__SSC_05957_17B__N3C010"	"N8"	"SSC/05957/17B"	"SSc-ILD"	"SSC/05957/17B"	1	1	3	1	1	0.333333333333333	1	"N7"
"SSC_05957_17B__SSC_05957_17B__N3C011"	"N1"	"SSC/05957/17B"	"SSc-ILD"	"SSC/05957/17B"	1	1	2	2	1	1	1	"N1"
"SSC_05957_17B__SSC_05957_17B__N3C011"	"N2"	"SSC/05957/17B"	"SSc-ILD"	"SSC/05957/17B"	1	1	2	0	0	0	0	"N1"
"SSC_05957_17B__SSC_05957_17B__N3C011"	"N3"	"SSC/05957/17B"	"SSc-ILD"	"SSC/05957/17B"	1	1	2	0	0	0	0	"N1"
"SSC_05957_17B__SSC_05957_17B__N3C011"	"N4"	"SSC/05957/17B"	"SSc-ILD"	"SSC/05957/17B"	1	1	2	0	0	0	0	"N1"
"SSC_05957_17B__SSC_05957_17B__N3C011"	"N5"	"SSC/05957/17B"	"SSc-ILD"	"SSC/05957/17B"	1	1	2	0	0	0	0	"N1"
"SSC_05957_17B__SSC_05957_17B__N3C011"	"N6"	"SSC/05957/17B"	"SSc-ILD"	"SSC/05957/17B"	1	1	2	0	0	0	0	"N1"
"SSC_05957_17B__SSC_05957_17B__N3C011"	"N7"	"SSC/05957/17B"	"SSc-ILD"	"SSC/05957/17B"	1	1	2	0	0	0	0	"N1"
"SSC_05957_17B__SSC_05957_17B__N3C011"	"N8"	"SSC/05957/17B"	"SSc-ILD"	"SSC/05957/17B"	1	1	2	0	0	0	0	"N1"
"SSC_05957_17B__SSC_05957_17B__N3C012"	"N1"	"SSC/05957/17B"	"SSc-ILD"	"SSC/05957/17B"	1	1	2	1	1	0.5	1	"N1; N5"
"SSC_05957_17B__SSC_05957_17B__N3C012"	"N2"	"SSC/05957/17B"	"SSc-ILD"	"SSC/05957/17B"	1	1	2	0	0	0	0	"N1; N5"
"SSC_05957_17B__SSC_05957_17B__N3C012"	"N3"	"SSC/05957/17B"	"SSc-ILD"	"SSC/05957/17B"	1	1	2	0	0	0	0	"N1; N5"
"SSC_05957_17B__SSC_05957_17B__N3C012"	"N4"	"SSC/05957/17B"	"SSc-ILD"	"SSC/05957/17B"	1	1	2	0	0	0	0	"N1; N5"
"SSC_05957_17B__SSC_05957_17B__N3C012"	"N5"	"SSC/05957/17B"	"SSc-ILD"	"SSC/05957/17B"	1	1	2	1	1	0.5	1	"N1; N5"
"SSC_05957_17B__SSC_05957_17B__N3C012"	"N6"	"SSC/05957/17B"	"SSc-ILD"	"SSC/05957/17B"	1	1	2	0	0	0	0	"N1; N5"
"SSC_05957_17B__SSC_05957_17B__N3C012"	"N7"	"SSC/05957/17B"	"SSc-ILD"	"SSC/05957/17B"	1	1	2	0	0	0	0	"N1; N5"
"SSC_05957_17B__SSC_05957_17B__N3C012"	"N8"	"SSC/05957/17B"	"SSc-ILD"	"SSC/05957/17B"	1	1	2	0	0	0	0	"N1; N5"
"SSC_05957_17B__SSC_05957_17B__N3C013"	"N1"	"SSC/05957/17B"	"SSc-ILD"	"SSC/05957/17B"	4	3	3	0	0	0	0	"N8"
"SSC_05957_17B__SSC_05957_17B__N3C013"	"N2"	"SSC/05957/17B"	"SSc-ILD"	"SSC/05957/17B"	4	3	3	0	0	0	0	"N8"
"SSC_05957_17B__SSC_05957_17B__N3C013"	"N3"	"SSC/05957/17B"	"SSc-ILD"	"SSC/05957/17B"	4	3	3	0	0	0	0	"N8"
"SSC_05957_17B__SSC_05957_17B__N3C013"	"N4"	"SSC/05957/17B"	"SSc-ILD"	"SSC/05957/17B"	4	3	3	0	0	0	0	"N8"
"SSC_05957_17B__SSC_05957_17B__N3C013"	"N5"	"SSC/05957/17B"	"SSc-ILD"	"SSC/05957/17B"	4	3	3	0	0	0	0	"N8"
"SSC_05957_17B__SSC_05957_17B__N3C013"	"N6"	"SSC/05957/17B"	"SSc-ILD"	"SSC/05957/17B"	4	3	3	0	0	0	0	"N8"
"SSC_05957_17B__SSC_05957_17B__N3C013"	"N7"	"SSC/05957/17B"	"SSc-ILD"	"SSC/05957/17B"	4	3	3	0	0	0	0	"N8"
"SSC_05957_17B__SSC_05957_17B__N3C013"	"N8"	"SSC/05957/17B"	"SSc-ILD"	"SSC/05957/17B"	4	3	3	3	3	1	1	"N8"
"SSC_05957_17B__SSC_05957_17B__N3C014"	"N1"	"SSC/05957/17B"	"SSc-ILD"	"SSC/05957/17B"	1	1	3	0	0	0	0	"N2"
"SSC_05957_17B__SSC_05957_17B__N3C014"	"N2"	"SSC/05957/17B"	"SSc-ILD"	"SSC/05957/17B"	1	1	3	2	1	0.666666666666667	1	"N2"
"SSC_05957_17B__SSC_05957_17B__N3C014"	"N3"	"SSC/05957/17B"	"SSc-ILD"	"SSC/05957/17B"	1	1	3	0	0	0	0	"N2"
"SSC_05957_17B__SSC_05957_17B__N3C014"	"N4"	"SSC/05957/17B"	"SSc-ILD"	"SSC/05957/17B"	1	1	3	1	1	0.333333333333333	1	"N2"
"SSC_05957_17B__SSC_05957_17B__N3C014"	"N5"	"SSC/05957/17B"	"SSc-ILD"	"SSC/05957/17B"	1	1	3	0	0	0	0	"N2"
"SSC_05957_17B__SSC_05957_17B__N3C014"	"N6"	"SSC/05957/17B"	"SSc-ILD"	"SSC/05957/17B"	1	1	3	0	0	0	0	"N2"
"SSC_05957_17B__SSC_05957_17B__N3C014"	"N7"	"SSC/05957/17B"	"SSc-ILD"	"SSC/05957/17B"	1	1	3	0	0	0	0	"N2"
"SSC_05957_17B__SSC_05957_17B__N3C014"	"N8"	"SSC/05957/17B"	"SSc-ILD"	"SSC/05957/17B"	1	1	3	0	0	0	0	"N2"
"SSC_05957_17B__SSC_05957_17B__N3C015"	"N1"	"SSC/05957/17B"	"SSc-ILD"	"SSC/05957/17B"	1	1	2	0	0	0	0	"N4"
"SSC_05957_17B__SSC_05957_17B__N3C015"	"N2"	"SSC/05957/17B"	"SSc-ILD"	"SSC/05957/17B"	1	1	2	0	0	0	0	"N4"
"SSC_05957_17B__SSC_05957_17B__N3C015"	"N3"	"SSC/05957/17B"	"SSc-ILD"	"SSC/05957/17B"	1	1	2	0	0	0	0	"N4"
"SSC_05957_17B__SSC_05957_17B__N3C015"	"N4"	"SSC/05957/17B"	"SSc-ILD"	"SSC/05957/17B"	1	1	2	2	1	1	1	"N4"
"SSC_05957_17B__SSC_05957_17B__N3C015"	"N5"	"SSC/05957/17B"	"SSc-ILD"	"SSC/05957/17B"	1	1	2	0	0	0	0	"N4"
"SSC_05957_17B__SSC_05957_17B__N3C015"	"N6"	"SSC/05957/17B"	"SSc-ILD"	"SSC/05957/17B"	1	1	2	0	0	0	0	"N4"
"SSC_05957_17B__SSC_05957_17B__N3C015"	"N7"	"SSC/05957/17B"	"SSc-ILD"	"SSC/05957/17B"	1	1	2	0	0	0	0	"N4"
"SSC_05957_17B__SSC_05957_17B__N3C015"	"N8"	"SSC/05957/17B"	"SSc-ILD"	"SSC/05957/17B"	1	1	2	0	0	0	0	"N4"
"SSC_05957_17B__SSC_05957_17B__N3C016"	"N1"	"SSC/05957/17B"	"SSc-ILD"	"SSC/05957/17B"	1	1	2	0	0	0	0	"N8"
"SSC_05957_17B__SSC_05957_17B__N3C016"	"N2"	"SSC/05957/17B"	"SSc-ILD"	"SSC/05957/17B"	1	1	2	0	0	0	0	"N8"
"SSC_05957_17B__SSC_05957_17B__N3C016"	"N3"	"SSC/05957/17B"	"SSc-ILD"	"SSC/05957/17B"	1	1	2	0	0	0	0	"N8"
"SSC_05957_17B__SSC_05957_17B__N3C016"	"N4"	"SSC/05957/17B"	"SSc-ILD"	"SSC/05957/17B"	1	1	2	0	0	0	0	"N8"
"SSC_05957_17B__SSC_05957_17B__N3C016"	"N5"	"SSC/05957/17B"	"SSc-ILD"	"SSC/05957/17B"	1	1	2	0	0	0	0	"N8"
"SSC_05957_17B__SSC_05957_17B__N3C016"	"N6"	"SSC/05957/17B"	"SSc-ILD"	"SSC/05957/17B"	1	1	2	0	0	0	0	"N8"
"SSC_05957_17B__SSC_05957_17B__N3C016"	"N7"	"SSC/05957/17B"	"SSc-ILD"	"SSC/05957/17B"	1	1	2	0	0	0	0	"N8"
"SSC_05957_17B__SSC_05957_17B__N3C016"	"N8"	"SSC/05957/17B"	"SSc-ILD"	"SSC/05957/17B"	1	1	2	2	1	1	1	"N8"
"SSC_05957_17B__SSC_05957_17B__N3C017"	"N1"	"SSC/05957/17B"	"SSc-ILD"	"SSC/05957/17B"	1	0	0	0	0	NA	NA	"None"
"SSC_05957_17B__SSC_05957_17B__N3C017"	"N2"	"SSC/05957/17B"	"SSc-ILD"	"SSC/05957/17B"	1	0	0	0	0	NA	NA	"None"
"SSC_05957_17B__SSC_05957_17B__N3C017"	"N3"	"SSC/05957/17B"	"SSc-ILD"	"SSC/05957/17B"	1	0	0	0	0	NA	NA	"None"
"SSC_05957_17B__SSC_05957_17B__N3C017"	"N4"	"SSC/05957/17B"	"SSc-ILD"	"SSC/05957/17B"	1	0	0	0	0	NA	NA	"None"
"SSC_05957_17B__SSC_05957_17B__N3C017"	"N5"	"SSC/05957/17B"	"SSc-ILD"	"SSC/05957/17B"	1	0	0	0	0	NA	NA	"None"
"SSC_05957_17B__SSC_05957_17B__N3C017"	"N6"	"SSC/05957/17B"	"SSc-ILD"	"SSC/05957/17B"	1	0	0	0	0	NA	NA	"None"
"SSC_05957_17B__SSC_05957_17B__N3C017"	"N7"	"SSC/05957/17B"	"SSc-ILD"	"SSC/05957/17B"	1	0	0	0	0	NA	NA	"None"
"SSC_05957_17B__SSC_05957_17B__N3C017"	"N8"	"SSC/05957/17B"	"SSc-ILD"	"SSC/05957/17B"	1	0	0	0	0	NA	NA	"None"
"SSC_05957_17B__SSC_05957_17B__N3C018"	"N1"	"SSC/05957/17B"	"SSc-ILD"	"SSC/05957/17B"	2	1	1	0	0	0	0	"N8"
"SSC_05957_17B__SSC_05957_17B__N3C018"	"N2"	"SSC/05957/17B"	"SSc-ILD"	"SSC/05957/17B"	2	1	1	0	0	0	0	"N8"
"SSC_05957_17B__SSC_05957_17B__N3C018"	"N3"	"SSC/05957/17B"	"SSc-ILD"	"SSC/05957/17B"	2	1	1	0	0	0	0	"N8"
"SSC_05957_17B__SSC_05957_17B__N3C018"	"N4"	"SSC/05957/17B"	"SSc-ILD"	"SSC/05957/17B"	2	1	1	0	0	0	0	"N8"
"SSC_05957_17B__SSC_05957_17B__N3C018"	"N5"	"SSC/05957/17B"	"SSc-ILD"	"SSC/05957/17B"	2	1	1	0	0	0	0	"N8"
"SSC_05957_17B__SSC_05957_17B__N3C018"	"N6"	"SSC/05957/17B"	"SSc-ILD"	"SSC/05957/17B"	2	1	1	0	0	0	0	"N8"
"SSC_05957_17B__SSC_05957_17B__N3C018"	"N7"	"SSC/05957/17B"	"SSc-ILD"	"SSC/05957/17B"	2	1	1	0	0	0	0	"N8"
"SSC_05957_17B__SSC_05957_17B__N3C018"	"N8"	"SSC/05957/17B"	"SSc-ILD"	"SSC/05957/17B"	2	1	1	1	1	1	1	"N8"
"SSC_05957_17B__SSC_05957_17B__N3C019"	"N1"	"SSC/05957/17B"	"SSc-ILD"	"SSC/05957/17B"	1	1	2	0	0	0	0	"N2; N8"
"SSC_05957_17B__SSC_05957_17B__N3C019"	"N2"	"SSC/05957/17B"	"SSc-ILD"	"SSC/05957/17B"	1	1	2	1	1	0.5	1	"N2; N8"
"SSC_05957_17B__SSC_05957_17B__N3C019"	"N3"	"SSC/05957/17B"	"SSc-ILD"	"SSC/05957/17B"	1	1	2	0	0	0	0	"N2; N8"
"SSC_05957_17B__SSC_05957_17B__N3C019"	"N4"	"SSC/05957/17B"	"SSc-ILD"	"SSC/05957/17B"	1	1	2	0	0	0	0	"N2; N8"
"SSC_05957_17B__SSC_05957_17B__N3C019"	"N5"	"SSC/05957/17B"	"SSc-ILD"	"SSC/05957/17B"	1	1	2	0	0	0	0	"N2; N8"
"SSC_05957_17B__SSC_05957_17B__N3C019"	"N6"	"SSC/05957/17B"	"SSc-ILD"	"SSC/05957/17B"	1	1	2	0	0	0	0	"N2; N8"
"SSC_05957_17B__SSC_05957_17B__N3C019"	"N7"	"SSC/05957/17B"	"SSc-ILD"	"SSC/05957/17B"	1	1	2	0	0	0	0	"N2; N8"
"SSC_05957_17B__SSC_05957_17B__N3C019"	"N8"	"SSC/05957/17B"	"SSc-ILD"	"SSC/05957/17B"	1	1	2	1	1	0.5	1	"N2; N8"
"SSC_05957_17B__SSC_05957_17B__N3C020"	"N1"	"SSC/05957/17B"	"SSc-ILD"	"SSC/05957/17B"	1	1	3	0	0	0	0	"N4"
"SSC_05957_17B__SSC_05957_17B__N3C020"	"N2"	"SSC/05957/17B"	"SSc-ILD"	"SSC/05957/17B"	1	1	3	0	0	0	0	"N4"
"SSC_05957_17B__SSC_05957_17B__N3C020"	"N3"	"SSC/05957/17B"	"SSc-ILD"	"SSC/05957/17B"	1	1	3	0	0	0	0	"N4"
"SSC_05957_17B__SSC_05957_17B__N3C020"	"N4"	"SSC/05957/17B"	"SSc-ILD"	"SSC/05957/17B"	1	1	3	2	1	0.666666666666667	1	"N4"
"SSC_05957_17B__SSC_05957_17B__N3C020"	"N5"	"SSC/05957/17B"	"SSc-ILD"	"SSC/05957/17B"	1	1	3	0	0	0	0	"N4"
"SSC_05957_17B__SSC_05957_17B__N3C020"	"N6"	"SSC/05957/17B"	"SSc-ILD"	"SSC/05957/17B"	1	1	3	0	0	0	0	"N4"
"SSC_05957_17B__SSC_05957_17B__N3C020"	"N7"	"SSC/05957/17B"	"SSc-ILD"	"SSC/05957/17B"	1	1	3	0	0	0	0	"N4"
"SSC_05957_17B__SSC_05957_17B__N3C020"	"N8"	"SSC/05957/17B"	"SSc-ILD"	"SSC/05957/17B"	1	1	3	1	1	0.333333333333333	1	"N4"
"SSC_05957_17B__SSC_05957_17B__N3C021"	"N1"	"SSC/05957/17B"	"SSc-ILD"	"SSC/05957/17B"	1	1	1	0	0	0	0	"N6"
"SSC_05957_17B__SSC_05957_17B__N3C021"	"N2"	"SSC/05957/17B"	"SSc-ILD"	"SSC/05957/17B"	1	1	1	0	0	0	0	"N6"
"SSC_05957_17B__SSC_05957_17B__N3C021"	"N3"	"SSC/05957/17B"	"SSc-ILD"	"SSC/05957/17B"	1	1	1	0	0	0	0	"N6"
"SSC_05957_17B__SSC_05957_17B__N3C021"	"N4"	"SSC/05957/17B"	"SSc-ILD"	"SSC/05957/17B"	1	1	1	0	0	0	0	"N6"
"SSC_05957_17B__SSC_05957_17B__N3C021"	"N5"	"SSC/05957/17B"	"SSc-ILD"	"SSC/05957/17B"	1	1	1	0	0	0	0	"N6"
"SSC_05957_17B__SSC_05957_17B__N3C021"	"N6"	"SSC/05957/17B"	"SSc-ILD"	"SSC/05957/17B"	1	1	1	1	1	1	1	"N6"
"SSC_05957_17B__SSC_05957_17B__N3C021"	"N7"	"SSC/05957/17B"	"SSc-ILD"	"SSC/05957/17B"	1	1	1	0	0	0	0	"N6"
"SSC_05957_17B__SSC_05957_17B__N3C021"	"N8"	"SSC/05957/17B"	"SSc-ILD"	"SSC/05957/17B"	1	1	1	0	0	0	0	"N6"
"SSC_05957_17B__SSC_05957_17B__N3C022"	"N1"	"SSC/05957/17B"	"SSc-ILD"	"SSC/05957/17B"	2	2	6	0	0	0	0	"N2; N4; N8"
"SSC_05957_17B__SSC_05957_17B__N3C022"	"N2"	"SSC/05957/17B"	"SSc-ILD"	"SSC/05957/17B"	2	2	6	2	2	0.333333333333333	1	"N2; N4; N8"
"SSC_05957_17B__SSC_05957_17B__N3C022"	"N3"	"SSC/05957/17B"	"SSc-ILD"	"SSC/05957/17B"	2	2	6	0	0	0	0	"N2; N4; N8"
"SSC_05957_17B__SSC_05957_17B__N3C022"	"N4"	"SSC/05957/17B"	"SSc-ILD"	"SSC/05957/17B"	2	2	6	2	2	0.333333333333333	1	"N2; N4; N8"
"SSC_05957_17B__SSC_05957_17B__N3C022"	"N5"	"SSC/05957/17B"	"SSc-ILD"	"SSC/05957/17B"	2	2	6	0	0	0	0	"N2; N4; N8"
"SSC_05957_17B__SSC_05957_17B__N3C022"	"N6"	"SSC/05957/17B"	"SSc-ILD"	"SSC/05957/17B"	2	2	6	0	0	0	0	"N2; N4; N8"
"SSC_05957_17B__SSC_05957_17B__N3C022"	"N7"	"SSC/05957/17B"	"SSc-ILD"	"SSC/05957/17B"	2	2	6	0	0	0	0	"N2; N4; N8"
"SSC_05957_17B__SSC_05957_17B__N3C022"	"N8"	"SSC/05957/17B"	"SSc-ILD"	"SSC/05957/17B"	2	2	6	2	2	0.333333333333333	1	"N2; N4; N8"
"SSC_05957_17B__SSC_05957_17B__N3C023"	"N1"	"SSC/05957/17B"	"SSc-ILD"	"SSC/05957/17B"	1	1	8	0	0	0	0	"N5"
"SSC_05957_17B__SSC_05957_17B__N3C023"	"N2"	"SSC/05957/17B"	"SSc-ILD"	"SSC/05957/17B"	1	1	8	0	0	0	0	"N5"
"SSC_05957_17B__SSC_05957_17B__N3C023"	"N3"	"SSC/05957/17B"	"SSc-ILD"	"SSC/05957/17B"	1	1	8	0	0	0	0	"N5"
"SSC_05957_17B__SSC_05957_17B__N3C023"	"N4"	"SSC/05957/17B"	"SSc-ILD"	"SSC/05957/17B"	1	1	8	0	0	0	0	"N5"
"SSC_05957_17B__SSC_05957_17B__N3C023"	"N5"	"SSC/05957/17B"	"SSc-ILD"	"SSC/05957/17B"	1	1	8	4	1	0.5	1	"N5"
"SSC_05957_17B__SSC_05957_17B__N3C023"	"N6"	"SSC/05957/17B"	"SSc-ILD"	"SSC/05957/17B"	1	1	8	2	1	0.25	1	"N5"
"SSC_05957_17B__SSC_05957_17B__N3C023"	"N7"	"SSC/05957/17B"	"SSc-ILD"	"SSC/05957/17B"	1	1	8	1	1	0.125	1	"N5"
"SSC_05957_17B__SSC_05957_17B__N3C023"	"N8"	"SSC/05957/17B"	"SSc-ILD"	"SSC/05957/17B"	1	1	8	1	1	0.125	1	"N5"
"SSC_05957_17B__SSC_05957_17B__N3C024"	"N1"	"SSC/05957/17B"	"SSc-ILD"	"SSC/05957/17B"	1	1	8	0	0	0	0	"N6"
"SSC_05957_17B__SSC_05957_17B__N3C024"	"N2"	"SSC/05957/17B"	"SSc-ILD"	"SSC/05957/17B"	1	1	8	0	0	0	0	"N6"
"SSC_05957_17B__SSC_05957_17B__N3C024"	"N3"	"SSC/05957/17B"	"SSc-ILD"	"SSC/05957/17B"	1	1	8	0	0	0	0	"N6"
"SSC_05957_17B__SSC_05957_17B__N3C024"	"N4"	"SSC/05957/17B"	"SSc-ILD"	"SSC/05957/17B"	1	1	8	1	1	0.125	1	"N6"
"SSC_05957_17B__SSC_05957_17B__N3C024"	"N5"	"SSC/05957/17B"	"SSc-ILD"	"SSC/05957/17B"	1	1	8	1	1	0.125	1	"N6"
"SSC_05957_17B__SSC_05957_17B__N3C024"	"N6"	"SSC/05957/17B"	"SSc-ILD"	"SSC/05957/17B"	1	1	8	4	1	0.5	1	"N6"
"SSC_05957_17B__SSC_05957_17B__N3C024"	"N7"	"SSC/05957/17B"	"SSc-ILD"	"SSC/05957/17B"	1	1	8	0	0	0	0	"N6"
"SSC_05957_17B__SSC_05957_17B__N3C024"	"N8"	"SSC/05957/17B"	"SSc-ILD"	"SSC/05957/17B"	1	1	8	2	1	0.25	1	"N6"
"SSC_05957_17B__SSC_05957_17B__N3C025"	"N1"	"SSC/05957/17B"	"SSc-ILD"	"SSC/05957/17B"	1	1	4	0	0	0	0	"N4"
"SSC_05957_17B__SSC_05957_17B__N3C025"	"N2"	"SSC/05957/17B"	"SSc-ILD"	"SSC/05957/17B"	1	1	4	0	0	0	0	"N4"
"SSC_05957_17B__SSC_05957_17B__N3C025"	"N3"	"SSC/05957/17B"	"SSc-ILD"	"SSC/05957/17B"	1	1	4	0	0	0	0	"N4"
"SSC_05957_17B__SSC_05957_17B__N3C025"	"N4"	"SSC/05957/17B"	"SSc-ILD"	"SSC/05957/17B"	1	1	4	3	1	0.75	1	"N4"
"SSC_05957_17B__SSC_05957_17B__N3C025"	"N5"	"SSC/05957/17B"	"SSc-ILD"	"SSC/05957/17B"	1	1	4	0	0	0	0	"N4"
"SSC_05957_17B__SSC_05957_17B__N3C025"	"N6"	"SSC/05957/17B"	"SSc-ILD"	"SSC/05957/17B"	1	1	4	0	0	0	0	"N4"
"SSC_05957_17B__SSC_05957_17B__N3C025"	"N7"	"SSC/05957/17B"	"SSc-ILD"	"SSC/05957/17B"	1	1	4	0	0	0	0	"N4"
"SSC_05957_17B__SSC_05957_17B__N3C025"	"N8"	"SSC/05957/17B"	"SSc-ILD"	"SSC/05957/17B"	1	1	4	1	1	0.25	1	"N4"
"SSC_07998_15A__SSC_07998_15A__N3C001"	"N1"	"SSC/07998/15A"	"SSc-ILD"	"SSC/07998/15A"	7	7	34	8	5	0.235294117647059	0.714285714285714	"N8"
"SSC_07998_15A__SSC_07998_15A__N3C001"	"N2"	"SSC/07998/15A"	"SSc-ILD"	"SSC/07998/15A"	7	7	34	0	0	0	0	"N8"
"SSC_07998_15A__SSC_07998_15A__N3C001"	"N3"	"SSC/07998/15A"	"SSc-ILD"	"SSC/07998/15A"	7	7	34	0	0	0	0	"N8"
"SSC_07998_15A__SSC_07998_15A__N3C001"	"N4"	"SSC/07998/15A"	"SSc-ILD"	"SSC/07998/15A"	7	7	34	0	0	0	0	"N8"
"SSC_07998_15A__SSC_07998_15A__N3C001"	"N5"	"SSC/07998/15A"	"SSc-ILD"	"SSC/07998/15A"	7	7	34	7	6	0.205882352941176	0.857142857142857	"N8"
"SSC_07998_15A__SSC_07998_15A__N3C001"	"N6"	"SSC/07998/15A"	"SSc-ILD"	"SSC/07998/15A"	7	7	34	0	0	0	0	"N8"
"SSC_07998_15A__SSC_07998_15A__N3C001"	"N7"	"SSC/07998/15A"	"SSc-ILD"	"SSC/07998/15A"	7	7	34	0	0	0	0	"N8"
"SSC_07998_15A__SSC_07998_15A__N3C001"	"N8"	"SSC/07998/15A"	"SSc-ILD"	"SSC/07998/15A"	7	7	34	19	7	0.558823529411765	1	"N8"
"SSC_07998_15A__SSC_07998_15A__N3C002"	"N1"	"SSC/07998/15A"	"SSc-ILD"	"SSC/07998/15A"	27	27	108	11	7	0.101851851851852	0.259259259259259	"N8"
"SSC_07998_15A__SSC_07998_15A__N3C002"	"N2"	"SSC/07998/15A"	"SSc-ILD"	"SSC/07998/15A"	27	27	108	0	0	0	0	"N8"
"SSC_07998_15A__SSC_07998_15A__N3C002"	"N3"	"SSC/07998/15A"	"SSc-ILD"	"SSC/07998/15A"	27	27	108	0	0	0	0	"N8"
"SSC_07998_15A__SSC_07998_15A__N3C002"	"N4"	"SSC/07998/15A"	"SSc-ILD"	"SSC/07998/15A"	27	27	108	0	0	0	0	"N8"
"SSC_07998_15A__SSC_07998_15A__N3C002"	"N5"	"SSC/07998/15A"	"SSc-ILD"	"SSC/07998/15A"	27	27	108	28	18	0.259259259259259	0.666666666666667	"N8"
"SSC_07998_15A__SSC_07998_15A__N3C002"	"N6"	"SSC/07998/15A"	"SSc-ILD"	"SSC/07998/15A"	27	27	108	0	0	0	0	"N8"
"SSC_07998_15A__SSC_07998_15A__N3C002"	"N7"	"SSC/07998/15A"	"SSc-ILD"	"SSC/07998/15A"	27	27	108	0	0	0	0	"N8"
"SSC_07998_15A__SSC_07998_15A__N3C002"	"N8"	"SSC/07998/15A"	"SSc-ILD"	"SSC/07998/15A"	27	27	108	69	26	0.638888888888889	0.962962962962963	"N8"
"SSC_07998_15A__SSC_07998_15A__N3C003"	"N1"	"SSC/07998/15A"	"SSc-ILD"	"SSC/07998/15A"	1	1	5	0	0	0	0	"N8"
"SSC_07998_15A__SSC_07998_15A__N3C003"	"N2"	"SSC/07998/15A"	"SSc-ILD"	"SSC/07998/15A"	1	1	5	0	0	0	0	"N8"
"SSC_07998_15A__SSC_07998_15A__N3C003"	"N3"	"SSC/07998/15A"	"SSc-ILD"	"SSC/07998/15A"	1	1	5	0	0	0	0	"N8"
"SSC_07998_15A__SSC_07998_15A__N3C003"	"N4"	"SSC/07998/15A"	"SSc-ILD"	"SSC/07998/15A"	1	1	5	0	0	0	0	"N8"
"SSC_07998_15A__SSC_07998_15A__N3C003"	"N5"	"SSC/07998/15A"	"SSc-ILD"	"SSC/07998/15A"	1	1	5	1	1	0.2	1	"N8"
"SSC_07998_15A__SSC_07998_15A__N3C003"	"N6"	"SSC/07998/15A"	"SSc-ILD"	"SSC/07998/15A"	1	1	5	0	0	0	0	"N8"
"SSC_07998_15A__SSC_07998_15A__N3C003"	"N7"	"SSC/07998/15A"	"SSc-ILD"	"SSC/07998/15A"	1	1	5	0	0	0	0	"N8"
"SSC_07998_15A__SSC_07998_15A__N3C003"	"N8"	"SSC/07998/15A"	"SSc-ILD"	"SSC/07998/15A"	1	1	5	4	1	0.8	1	"N8"
"SSC_07998_15A__SSC_07998_15A__N3C004"	"N1"	"SSC/07998/15A"	"SSc-ILD"	"SSC/07998/15A"	37	37	128	74	32	0.578125	0.864864864864865	"N1"
"SSC_07998_15A__SSC_07998_15A__N3C004"	"N2"	"SSC/07998/15A"	"SSc-ILD"	"SSC/07998/15A"	37	37	128	0	0	0	0	"N1"
"SSC_07998_15A__SSC_07998_15A__N3C004"	"N3"	"SSC/07998/15A"	"SSc-ILD"	"SSC/07998/15A"	37	37	128	0	0	0	0	"N1"
"SSC_07998_15A__SSC_07998_15A__N3C004"	"N4"	"SSC/07998/15A"	"SSc-ILD"	"SSC/07998/15A"	37	37	128	0	0	0	0	"N1"
"SSC_07998_15A__SSC_07998_15A__N3C004"	"N5"	"SSC/07998/15A"	"SSc-ILD"	"SSC/07998/15A"	37	37	128	27	15	0.2109375	0.405405405405405	"N1"
"SSC_07998_15A__SSC_07998_15A__N3C004"	"N6"	"SSC/07998/15A"	"SSc-ILD"	"SSC/07998/15A"	37	37	128	0	0	0	0	"N1"
"SSC_07998_15A__SSC_07998_15A__N3C004"	"N7"	"SSC/07998/15A"	"SSc-ILD"	"SSC/07998/15A"	37	37	128	7	3	0.0546875	0.0810810810810811	"N1"
"SSC_07998_15A__SSC_07998_15A__N3C004"	"N8"	"SSC/07998/15A"	"SSc-ILD"	"SSC/07998/15A"	37	37	128	20	17	0.15625	0.45945945945946	"N1"
"SSC_07998_15A__SSC_07998_15A__N3C005"	"N1"	"SSC/07998/15A"	"SSc-ILD"	"SSC/07998/15A"	10	10	36	25	9	0.694444444444445	0.9	"N1"
"SSC_07998_15A__SSC_07998_15A__N3C005"	"N2"	"SSC/07998/15A"	"SSc-ILD"	"SSC/07998/15A"	10	10	36	0	0	0	0	"N1"
"SSC_07998_15A__SSC_07998_15A__N3C005"	"N3"	"SSC/07998/15A"	"SSc-ILD"	"SSC/07998/15A"	10	10	36	0	0	0	0	"N1"
"SSC_07998_15A__SSC_07998_15A__N3C005"	"N4"	"SSC/07998/15A"	"SSc-ILD"	"SSC/07998/15A"	10	10	36	0	0	0	0	"N1"
"SSC_07998_15A__SSC_07998_15A__N3C005"	"N5"	"SSC/07998/15A"	"SSc-ILD"	"SSC/07998/15A"	10	10	36	4	3	0.111111111111111	0.3	"N1"
"SSC_07998_15A__SSC_07998_15A__N3C005"	"N6"	"SSC/07998/15A"	"SSc-ILD"	"SSC/07998/15A"	10	10	36	0	0	0	0	"N1"
"SSC_07998_15A__SSC_07998_15A__N3C005"	"N7"	"SSC/07998/15A"	"SSc-ILD"	"SSC/07998/15A"	10	10	36	6	4	0.166666666666667	0.4	"N1"
"SSC_07998_15A__SSC_07998_15A__N3C005"	"N8"	"SSC/07998/15A"	"SSc-ILD"	"SSC/07998/15A"	10	10	36	1	1	0.0277777777777778	0.1	"N1"
"SSC_07998_15A__SSC_07998_15A__N3C006"	"N1"	"SSC/07998/15A"	"SSc-ILD"	"SSC/07998/15A"	10	10	52	3	2	0.0576923076923077	0.2	"N5"
"SSC_07998_15A__SSC_07998_15A__N3C006"	"N2"	"SSC/07998/15A"	"SSc-ILD"	"SSC/07998/15A"	10	10	52	0	0	0	0	"N5"
"SSC_07998_15A__SSC_07998_15A__N3C006"	"N3"	"SSC/07998/15A"	"SSc-ILD"	"SSC/07998/15A"	10	10	52	0	0	0	0	"N5"
"SSC_07998_15A__SSC_07998_15A__N3C006"	"N4"	"SSC/07998/15A"	"SSc-ILD"	"SSC/07998/15A"	10	10	52	0	0	0	0	"N5"
"SSC_07998_15A__SSC_07998_15A__N3C006"	"N5"	"SSC/07998/15A"	"SSc-ILD"	"SSC/07998/15A"	10	10	52	31	10	0.596153846153846	1	"N5"
"SSC_07998_15A__SSC_07998_15A__N3C006"	"N6"	"SSC/07998/15A"	"SSc-ILD"	"SSC/07998/15A"	10	10	52	1	1	0.0192307692307692	0.1	"N5"
"SSC_07998_15A__SSC_07998_15A__N3C006"	"N7"	"SSC/07998/15A"	"SSc-ILD"	"SSC/07998/15A"	10	10	52	10	6	0.192307692307692	0.6	"N5"
"SSC_07998_15A__SSC_07998_15A__N3C006"	"N8"	"SSC/07998/15A"	"SSc-ILD"	"SSC/07998/15A"	10	10	52	7	5	0.134615384615385	0.5	"N5"
"SSC_07998_15A__SSC_07998_15A__N3C007"	"N1"	"SSC/07998/15A"	"SSc-ILD"	"SSC/07998/15A"	1	1	8	3	1	0.375	1	"N8"
"SSC_07998_15A__SSC_07998_15A__N3C007"	"N2"	"SSC/07998/15A"	"SSc-ILD"	"SSC/07998/15A"	1	1	8	0	0	0	0	"N8"
"SSC_07998_15A__SSC_07998_15A__N3C007"	"N3"	"SSC/07998/15A"	"SSc-ILD"	"SSC/07998/15A"	1	1	8	0	0	0	0	"N8"
"SSC_07998_15A__SSC_07998_15A__N3C007"	"N4"	"SSC/07998/15A"	"SSc-ILD"	"SSC/07998/15A"	1	1	8	0	0	0	0	"N8"
"SSC_07998_15A__SSC_07998_15A__N3C007"	"N5"	"SSC/07998/15A"	"SSc-ILD"	"SSC/07998/15A"	1	1	8	1	1	0.125	1	"N8"
"SSC_07998_15A__SSC_07998_15A__N3C007"	"N6"	"SSC/07998/15A"	"SSc-ILD"	"SSC/07998/15A"	1	1	8	0	0	0	0	"N8"
"SSC_07998_15A__SSC_07998_15A__N3C007"	"N7"	"SSC/07998/15A"	"SSc-ILD"	"SSC/07998/15A"	1	1	8	0	0	0	0	"N8"
"SSC_07998_15A__SSC_07998_15A__N3C007"	"N8"	"SSC/07998/15A"	"SSc-ILD"	"SSC/07998/15A"	1	1	8	4	1	0.5	1	"N8"
"SSC_07998_15A__SSC_07998_15A__N3C008"	"N1"	"SSC/07998/15A"	"SSc-ILD"	"SSC/07998/15A"	1	1	4	0	0	0	0	"N5"
"SSC_07998_15A__SSC_07998_15A__N3C008"	"N2"	"SSC/07998/15A"	"SSc-ILD"	"SSC/07998/15A"	1	1	4	0	0	0	0	"N5"
"SSC_07998_15A__SSC_07998_15A__N3C008"	"N3"	"SSC/07998/15A"	"SSc-ILD"	"SSC/07998/15A"	1	1	4	0	0	0	0	"N5"
"SSC_07998_15A__SSC_07998_15A__N3C008"	"N4"	"SSC/07998/15A"	"SSc-ILD"	"SSC/07998/15A"	1	1	4	0	0	0	0	"N5"
"SSC_07998_15A__SSC_07998_15A__N3C008"	"N5"	"SSC/07998/15A"	"SSc-ILD"	"SSC/07998/15A"	1	1	4	4	1	1	1	"N5"
"SSC_07998_15A__SSC_07998_15A__N3C008"	"N6"	"SSC/07998/15A"	"SSc-ILD"	"SSC/07998/15A"	1	1	4	0	0	0	0	"N5"
"SSC_07998_15A__SSC_07998_15A__N3C008"	"N7"	"SSC/07998/15A"	"SSc-ILD"	"SSC/07998/15A"	1	1	4	0	0	0	0	"N5"
"SSC_07998_15A__SSC_07998_15A__N3C008"	"N8"	"SSC/07998/15A"	"SSc-ILD"	"SSC/07998/15A"	1	1	4	0	0	0	0	"N5"
"SSC_07998_15A__SSC_07998_15A__N3C009"	"N1"	"SSC/07998/15A"	"SSc-ILD"	"SSC/07998/15A"	4	4	15	2	2	0.133333333333333	0.5	"N7"
"SSC_07998_15A__SSC_07998_15A__N3C009"	"N2"	"SSC/07998/15A"	"SSc-ILD"	"SSC/07998/15A"	4	4	15	0	0	0	0	"N7"
"SSC_07998_15A__SSC_07998_15A__N3C009"	"N3"	"SSC/07998/15A"	"SSc-ILD"	"SSC/07998/15A"	4	4	15	0	0	0	0	"N7"
"SSC_07998_15A__SSC_07998_15A__N3C009"	"N4"	"SSC/07998/15A"	"SSc-ILD"	"SSC/07998/15A"	4	4	15	1	1	0.0666666666666667	0.25	"N7"
"SSC_07998_15A__SSC_07998_15A__N3C009"	"N5"	"SSC/07998/15A"	"SSc-ILD"	"SSC/07998/15A"	4	4	15	3	2	0.2	0.5	"N7"
"SSC_07998_15A__SSC_07998_15A__N3C009"	"N6"	"SSC/07998/15A"	"SSc-ILD"	"SSC/07998/15A"	4	4	15	2	2	0.133333333333333	0.5	"N7"
"SSC_07998_15A__SSC_07998_15A__N3C009"	"N7"	"SSC/07998/15A"	"SSc-ILD"	"SSC/07998/15A"	4	4	15	6	4	0.4	1	"N7"
"SSC_07998_15A__SSC_07998_15A__N3C009"	"N8"	"SSC/07998/15A"	"SSc-ILD"	"SSC/07998/15A"	4	4	15	1	1	0.0666666666666667	0.25	"N7"
"SSC_07998_15A__SSC_07998_15A__N3C010"	"N1"	"SSC/07998/15A"	"SSc-ILD"	"SSC/07998/15A"	5	5	30	7	4	0.233333333333333	0.8	"N8"
"SSC_07998_15A__SSC_07998_15A__N3C010"	"N2"	"SSC/07998/15A"	"SSc-ILD"	"SSC/07998/15A"	5	5	30	0	0	0	0	"N8"
"SSC_07998_15A__SSC_07998_15A__N3C010"	"N3"	"SSC/07998/15A"	"SSc-ILD"	"SSC/07998/15A"	5	5	30	0	0	0	0	"N8"
"SSC_07998_15A__SSC_07998_15A__N3C010"	"N4"	"SSC/07998/15A"	"SSc-ILD"	"SSC/07998/15A"	5	5	30	0	0	0	0	"N8"
"SSC_07998_15A__SSC_07998_15A__N3C010"	"N5"	"SSC/07998/15A"	"SSc-ILD"	"SSC/07998/15A"	5	5	30	8	5	0.266666666666667	1	"N8"
"SSC_07998_15A__SSC_07998_15A__N3C010"	"N6"	"SSC/07998/15A"	"SSc-ILD"	"SSC/07998/15A"	5	5	30	0	0	0	0	"N8"
"SSC_07998_15A__SSC_07998_15A__N3C010"	"N7"	"SSC/07998/15A"	"SSc-ILD"	"SSC/07998/15A"	5	5	30	0	0	0	0	"N8"
"SSC_07998_15A__SSC_07998_15A__N3C010"	"N8"	"SSC/07998/15A"	"SSc-ILD"	"SSC/07998/15A"	5	5	30	15	5	0.5	1	"N8"
"SSC_07998_15A__SSC_07998_15A__N3C011"	"N1"	"SSC/07998/15A"	"SSc-ILD"	"SSC/07998/15A"	1	1	8	0	0	0	0	"N8"
"SSC_07998_15A__SSC_07998_15A__N3C011"	"N2"	"SSC/07998/15A"	"SSc-ILD"	"SSC/07998/15A"	1	1	8	0	0	0	0	"N8"
"SSC_07998_15A__SSC_07998_15A__N3C011"	"N3"	"SSC/07998/15A"	"SSc-ILD"	"SSC/07998/15A"	1	1	8	0	0	0	0	"N8"
"SSC_07998_15A__SSC_07998_15A__N3C011"	"N4"	"SSC/07998/15A"	"SSc-ILD"	"SSC/07998/15A"	1	1	8	1	1	0.125	1	"N8"
"SSC_07998_15A__SSC_07998_15A__N3C011"	"N5"	"SSC/07998/15A"	"SSc-ILD"	"SSC/07998/15A"	1	1	8	3	1	0.375	1	"N8"
"SSC_07998_15A__SSC_07998_15A__N3C011"	"N6"	"SSC/07998/15A"	"SSc-ILD"	"SSC/07998/15A"	1	1	8	0	0	0	0	"N8"
"SSC_07998_15A__SSC_07998_15A__N3C011"	"N7"	"SSC/07998/15A"	"SSc-ILD"	"SSC/07998/15A"	1	1	8	0	0	0	0	"N8"
"SSC_07998_15A__SSC_07998_15A__N3C011"	"N8"	"SSC/07998/15A"	"SSc-ILD"	"SSC/07998/15A"	1	1	8	4	1	0.5	1	"N8"
"SSC_07998_15A__SSC_07998_15A__N3C012"	"N1"	"SSC/07998/15A"	"SSc-ILD"	"SSC/07998/15A"	1	1	4	3	1	0.75	1	"N1"
"SSC_07998_15A__SSC_07998_15A__N3C012"	"N2"	"SSC/07998/15A"	"SSc-ILD"	"SSC/07998/15A"	1	1	4	1	1	0.25	1	"N1"
"SSC_07998_15A__SSC_07998_15A__N3C012"	"N3"	"SSC/07998/15A"	"SSc-ILD"	"SSC/07998/15A"	1	1	4	0	0	0	0	"N1"
"SSC_07998_15A__SSC_07998_15A__N3C012"	"N4"	"SSC/07998/15A"	"SSc-ILD"	"SSC/07998/15A"	1	1	4	0	0	0	0	"N1"
"SSC_07998_15A__SSC_07998_15A__N3C012"	"N5"	"SSC/07998/15A"	"SSc-ILD"	"SSC/07998/15A"	1	1	4	0	0	0	0	"N1"
"SSC_07998_15A__SSC_07998_15A__N3C012"	"N6"	"SSC/07998/15A"	"SSc-ILD"	"SSC/07998/15A"	1	1	4	0	0	0	0	"N1"
"SSC_07998_15A__SSC_07998_15A__N3C012"	"N7"	"SSC/07998/15A"	"SSc-ILD"	"SSC/07998/15A"	1	1	4	0	0	0	0	"N1"
"SSC_07998_15A__SSC_07998_15A__N3C012"	"N8"	"SSC/07998/15A"	"SSc-ILD"	"SSC/07998/15A"	1	1	4	0	0	0	0	"N1"
"SSC_07998_15A__SSC_07998_15A__N3C013"	"N1"	"SSC/07998/15A"	"SSc-ILD"	"SSC/07998/15A"	1	1	8	4	1	0.5	1	"N1"
"SSC_07998_15A__SSC_07998_15A__N3C013"	"N2"	"SSC/07998/15A"	"SSc-ILD"	"SSC/07998/15A"	1	1	8	0	0	0	0	"N1"
"SSC_07998_15A__SSC_07998_15A__N3C013"	"N3"	"SSC/07998/15A"	"SSc-ILD"	"SSC/07998/15A"	1	1	8	0	0	0	0	"N1"
"SSC_07998_15A__SSC_07998_15A__N3C013"	"N4"	"SSC/07998/15A"	"SSc-ILD"	"SSC/07998/15A"	1	1	8	0	0	0	0	"N1"
"SSC_07998_15A__SSC_07998_15A__N3C013"	"N5"	"SSC/07998/15A"	"SSc-ILD"	"SSC/07998/15A"	1	1	8	2	1	0.25	1	"N1"
"SSC_07998_15A__SSC_07998_15A__N3C013"	"N6"	"SSC/07998/15A"	"SSc-ILD"	"SSC/07998/15A"	1	1	8	0	0	0	0	"N1"
"SSC_07998_15A__SSC_07998_15A__N3C013"	"N7"	"SSC/07998/15A"	"SSc-ILD"	"SSC/07998/15A"	1	1	8	2	1	0.25	1	"N1"
"SSC_07998_15A__SSC_07998_15A__N3C013"	"N8"	"SSC/07998/15A"	"SSc-ILD"	"SSC/07998/15A"	1	1	8	0	0	0	0	"N1"
"SSC_07998_15A__SSC_07998_15A__N3C014"	"N1"	"SSC/07998/15A"	"SSc-ILD"	"SSC/07998/15A"	1	1	8	1	1	0.125	1	"N8"
"SSC_07998_15A__SSC_07998_15A__N3C014"	"N2"	"SSC/07998/15A"	"SSc-ILD"	"SSC/07998/15A"	1	1	8	0	0	0	0	"N8"
"SSC_07998_15A__SSC_07998_15A__N3C014"	"N3"	"SSC/07998/15A"	"SSc-ILD"	"SSC/07998/15A"	1	1	8	0	0	0	0	"N8"
"SSC_07998_15A__SSC_07998_15A__N3C014"	"N4"	"SSC/07998/15A"	"SSc-ILD"	"SSC/07998/15A"	1	1	8	0	0	0	0	"N8"
"SSC_07998_15A__SSC_07998_15A__N3C014"	"N5"	"SSC/07998/15A"	"SSc-ILD"	"SSC/07998/15A"	1	1	8	1	1	0.125	1	"N8"
"SSC_07998_15A__SSC_07998_15A__N3C014"	"N6"	"SSC/07998/15A"	"SSc-ILD"	"SSC/07998/15A"	1	1	8	0	0	0	0	"N8"
"SSC_07998_15A__SSC_07998_15A__N3C014"	"N7"	"SSC/07998/15A"	"SSc-ILD"	"SSC/07998/15A"	1	1	8	1	1	0.125	1	"N8"
"SSC_07998_15A__SSC_07998_15A__N3C014"	"N8"	"SSC/07998/15A"	"SSc-ILD"	"SSC/07998/15A"	1	1	8	5	1	0.625	1	"N8"
"SSC_07998_15A__SSC_07998_15A__N3C015"	"N1"	"SSC/07998/15A"	"SSc-ILD"	"SSC/07998/15A"	6	6	32	13	6	0.40625	1	"N1; N5"
"SSC_07998_15A__SSC_07998_15A__N3C015"	"N2"	"SSC/07998/15A"	"SSc-ILD"	"SSC/07998/15A"	6	6	32	0	0	0	0	"N1; N5"
"SSC_07998_15A__SSC_07998_15A__N3C015"	"N3"	"SSC/07998/15A"	"SSc-ILD"	"SSC/07998/15A"	6	6	32	0	0	0	0	"N1; N5"
"SSC_07998_15A__SSC_07998_15A__N3C015"	"N4"	"SSC/07998/15A"	"SSc-ILD"	"SSC/07998/15A"	6	6	32	0	0	0	0	"N1; N5"
"SSC_07998_15A__SSC_07998_15A__N3C015"	"N5"	"SSC/07998/15A"	"SSc-ILD"	"SSC/07998/15A"	6	6	32	13	5	0.40625	0.833333333333333	"N1; N5"
"SSC_07998_15A__SSC_07998_15A__N3C015"	"N6"	"SSC/07998/15A"	"SSc-ILD"	"SSC/07998/15A"	6	6	32	0	0	0	0	"N1; N5"
"SSC_07998_15A__SSC_07998_15A__N3C015"	"N7"	"SSC/07998/15A"	"SSc-ILD"	"SSC/07998/15A"	6	6	32	0	0	0	0	"N1; N5"
"SSC_07998_15A__SSC_07998_15A__N3C015"	"N8"	"SSC/07998/15A"	"SSc-ILD"	"SSC/07998/15A"	6	6	32	6	4	0.1875	0.666666666666667	"N1; N5"
"SSC_07998_15A__SSC_07998_15A__N3C016"	"N1"	"SSC/07998/15A"	"SSc-ILD"	"SSC/07998/15A"	4	4	24	19	4	0.791666666666667	1	"N1"
"SSC_07998_15A__SSC_07998_15A__N3C016"	"N2"	"SSC/07998/15A"	"SSc-ILD"	"SSC/07998/15A"	4	4	24	0	0	0	0	"N1"
"SSC_07998_15A__SSC_07998_15A__N3C016"	"N3"	"SSC/07998/15A"	"SSc-ILD"	"SSC/07998/15A"	4	4	24	0	0	0	0	"N1"
"SSC_07998_15A__SSC_07998_15A__N3C016"	"N4"	"SSC/07998/15A"	"SSc-ILD"	"SSC/07998/15A"	4	4	24	0	0	0	0	"N1"
"SSC_07998_15A__SSC_07998_15A__N3C016"	"N5"	"SSC/07998/15A"	"SSc-ILD"	"SSC/07998/15A"	4	4	24	4	2	0.166666666666667	0.5	"N1"
"SSC_07998_15A__SSC_07998_15A__N3C016"	"N6"	"SSC/07998/15A"	"SSc-ILD"	"SSC/07998/15A"	4	4	24	0	0	0	0	"N1"
"SSC_07998_15A__SSC_07998_15A__N3C016"	"N7"	"SSC/07998/15A"	"SSc-ILD"	"SSC/07998/15A"	4	4	24	1	1	0.0416666666666667	0.25	"N1"
"SSC_07998_15A__SSC_07998_15A__N3C016"	"N8"	"SSC/07998/15A"	"SSc-ILD"	"SSC/07998/15A"	4	4	24	0	0	0	0	"N1"
"SSC_07998_15A__SSC_07998_15A__N3C017"	"N1"	"SSC/07998/15A"	"SSc-ILD"	"SSC/07998/15A"	1	1	8	2	1	0.25	1	"N5"
"SSC_07998_15A__SSC_07998_15A__N3C017"	"N2"	"SSC/07998/15A"	"SSc-ILD"	"SSC/07998/15A"	1	1	8	0	0	0	0	"N5"
"SSC_07998_15A__SSC_07998_15A__N3C017"	"N3"	"SSC/07998/15A"	"SSc-ILD"	"SSC/07998/15A"	1	1	8	0	0	0	0	"N5"
"SSC_07998_15A__SSC_07998_15A__N3C017"	"N4"	"SSC/07998/15A"	"SSc-ILD"	"SSC/07998/15A"	1	1	8	0	0	0	0	"N5"
"SSC_07998_15A__SSC_07998_15A__N3C017"	"N5"	"SSC/07998/15A"	"SSc-ILD"	"SSC/07998/15A"	1	1	8	3	1	0.375	1	"N5"
"SSC_07998_15A__SSC_07998_15A__N3C017"	"N6"	"SSC/07998/15A"	"SSc-ILD"	"SSC/07998/15A"	1	1	8	1	1	0.125	1	"N5"
"SSC_07998_15A__SSC_07998_15A__N3C017"	"N7"	"SSC/07998/15A"	"SSc-ILD"	"SSC/07998/15A"	1	1	8	0	0	0	0	"N5"
"SSC_07998_15A__SSC_07998_15A__N3C017"	"N8"	"SSC/07998/15A"	"SSc-ILD"	"SSC/07998/15A"	1	1	8	2	1	0.25	1	"N5"
"SSC_07998_15A__SSC_07998_15A__N3C018"	"N1"	"SSC/07998/15A"	"SSc-ILD"	"SSC/07998/15A"	11	11	45	5	3	0.111111111111111	0.272727272727273	"N8"
"SSC_07998_15A__SSC_07998_15A__N3C018"	"N2"	"SSC/07998/15A"	"SSc-ILD"	"SSC/07998/15A"	11	11	45	0	0	0	0	"N8"
"SSC_07998_15A__SSC_07998_15A__N3C018"	"N3"	"SSC/07998/15A"	"SSc-ILD"	"SSC/07998/15A"	11	11	45	0	0	0	0	"N8"
"SSC_07998_15A__SSC_07998_15A__N3C018"	"N4"	"SSC/07998/15A"	"SSc-ILD"	"SSC/07998/15A"	11	11	45	0	0	0	0	"N8"
"SSC_07998_15A__SSC_07998_15A__N3C018"	"N5"	"SSC/07998/15A"	"SSc-ILD"	"SSC/07998/15A"	11	11	45	16	8	0.355555555555556	0.727272727272727	"N8"
"SSC_07998_15A__SSC_07998_15A__N3C018"	"N6"	"SSC/07998/15A"	"SSc-ILD"	"SSC/07998/15A"	11	11	45	4	3	0.0888888888888889	0.272727272727273	"N8"
"SSC_07998_15A__SSC_07998_15A__N3C018"	"N7"	"SSC/07998/15A"	"SSc-ILD"	"SSC/07998/15A"	11	11	45	1	1	0.0222222222222222	0.0909090909090909	"N8"
"SSC_07998_15A__SSC_07998_15A__N3C018"	"N8"	"SSC/07998/15A"	"SSc-ILD"	"SSC/07998/15A"	11	11	45	19	7	0.422222222222222	0.636363636363636	"N8"
"SSC_07998_15A__SSC_07998_15A__N3C019"	"N1"	"SSC/07998/15A"	"SSc-ILD"	"SSC/07998/15A"	1	1	7	2	1	0.285714285714286	1	"N8"
"SSC_07998_15A__SSC_07998_15A__N3C019"	"N2"	"SSC/07998/15A"	"SSc-ILD"	"SSC/07998/15A"	1	1	7	0	0	0	0	"N8"
"SSC_07998_15A__SSC_07998_15A__N3C019"	"N3"	"SSC/07998/15A"	"SSc-ILD"	"SSC/07998/15A"	1	1	7	0	0	0	0	"N8"
"SSC_07998_15A__SSC_07998_15A__N3C019"	"N4"	"SSC/07998/15A"	"SSc-ILD"	"SSC/07998/15A"	1	1	7	0	0	0	0	"N8"
"SSC_07998_15A__SSC_07998_15A__N3C019"	"N5"	"SSC/07998/15A"	"SSc-ILD"	"SSC/07998/15A"	1	1	7	1	1	0.142857142857143	1	"N8"
"SSC_07998_15A__SSC_07998_15A__N3C019"	"N6"	"SSC/07998/15A"	"SSc-ILD"	"SSC/07998/15A"	1	1	7	0	0	0	0	"N8"
"SSC_07998_15A__SSC_07998_15A__N3C019"	"N7"	"SSC/07998/15A"	"SSc-ILD"	"SSC/07998/15A"	1	1	7	0	0	0	0	"N8"
"SSC_07998_15A__SSC_07998_15A__N3C019"	"N8"	"SSC/07998/15A"	"SSc-ILD"	"SSC/07998/15A"	1	1	7	4	1	0.571428571428571	1	"N8"
"SSC_07998_15A__SSC_07998_15A__N3C020"	"N1"	"SSC/07998/15A"	"SSc-ILD"	"SSC/07998/15A"	2	2	14	10	2	0.714285714285714	1	"N1"
"SSC_07998_15A__SSC_07998_15A__N3C020"	"N2"	"SSC/07998/15A"	"SSc-ILD"	"SSC/07998/15A"	2	2	14	0	0	0	0	"N1"
"SSC_07998_15A__SSC_07998_15A__N3C020"	"N3"	"SSC/07998/15A"	"SSc-ILD"	"SSC/07998/15A"	2	2	14	0	0	0	0	"N1"
"SSC_07998_15A__SSC_07998_15A__N3C020"	"N4"	"SSC/07998/15A"	"SSc-ILD"	"SSC/07998/15A"	2	2	14	0	0	0	0	"N1"
"SSC_07998_15A__SSC_07998_15A__N3C020"	"N5"	"SSC/07998/15A"	"SSc-ILD"	"SSC/07998/15A"	2	2	14	2	2	0.142857142857143	1	"N1"
"SSC_07998_15A__SSC_07998_15A__N3C020"	"N6"	"SSC/07998/15A"	"SSc-ILD"	"SSC/07998/15A"	2	2	14	0	0	0	0	"N1"
"SSC_07998_15A__SSC_07998_15A__N3C020"	"N7"	"SSC/07998/15A"	"SSc-ILD"	"SSC/07998/15A"	2	2	14	2	1	0.142857142857143	0.5	"N1"
"SSC_07998_15A__SSC_07998_15A__N3C020"	"N8"	"SSC/07998/15A"	"SSc-ILD"	"SSC/07998/15A"	2	2	14	0	0	0	0	"N1"
"SSC_07998_15A__SSC_07998_15A__N3C021"	"N1"	"SSC/07998/15A"	"SSc-ILD"	"SSC/07998/15A"	10	10	51	0	0	0	0	"N5"
"SSC_07998_15A__SSC_07998_15A__N3C021"	"N2"	"SSC/07998/15A"	"SSc-ILD"	"SSC/07998/15A"	10	10	51	0	0	0	0	"N5"
"SSC_07998_15A__SSC_07998_15A__N3C021"	"N3"	"SSC/07998/15A"	"SSc-ILD"	"SSC/07998/15A"	10	10	51	0	0	0	0	"N5"
"SSC_07998_15A__SSC_07998_15A__N3C021"	"N4"	"SSC/07998/15A"	"SSc-ILD"	"SSC/07998/15A"	10	10	51	1	1	0.0196078431372549	0.1	"N5"
"SSC_07998_15A__SSC_07998_15A__N3C021"	"N5"	"SSC/07998/15A"	"SSc-ILD"	"SSC/07998/15A"	10	10	51	23	9	0.450980392156863	0.9	"N5"
"SSC_07998_15A__SSC_07998_15A__N3C021"	"N6"	"SSC/07998/15A"	"SSc-ILD"	"SSC/07998/15A"	10	10	51	0	0	0	0	"N5"
"SSC_07998_15A__SSC_07998_15A__N3C021"	"N7"	"SSC/07998/15A"	"SSc-ILD"	"SSC/07998/15A"	10	10	51	7	6	0.137254901960784	0.6	"N5"
"SSC_07998_15A__SSC_07998_15A__N3C021"	"N8"	"SSC/07998/15A"	"SSc-ILD"	"SSC/07998/15A"	10	10	51	20	9	0.392156862745098	0.9	"N5"
"SSC_07998_15A__SSC_07998_15A__N3C022"	"N1"	"SSC/07998/15A"	"SSc-ILD"	"SSC/07998/15A"	1	1	3	0	0	0	0	"N5"
"SSC_07998_15A__SSC_07998_15A__N3C022"	"N2"	"SSC/07998/15A"	"SSc-ILD"	"SSC/07998/15A"	1	1	3	0	0	0	0	"N5"
"SSC_07998_15A__SSC_07998_15A__N3C022"	"N3"	"SSC/07998/15A"	"SSc-ILD"	"SSC/07998/15A"	1	1	3	0	0	0	0	"N5"
"SSC_07998_15A__SSC_07998_15A__N3C022"	"N4"	"SSC/07998/15A"	"SSc-ILD"	"SSC/07998/15A"	1	1	3	0	0	0	0	"N5"
"SSC_07998_15A__SSC_07998_15A__N3C022"	"N5"	"SSC/07998/15A"	"SSc-ILD"	"SSC/07998/15A"	1	1	3	2	1	0.666666666666667	1	"N5"
"SSC_07998_15A__SSC_07998_15A__N3C022"	"N6"	"SSC/07998/15A"	"SSc-ILD"	"SSC/07998/15A"	1	1	3	0	0	0	0	"N5"
"SSC_07998_15A__SSC_07998_15A__N3C022"	"N7"	"SSC/07998/15A"	"SSc-ILD"	"SSC/07998/15A"	1	1	3	0	0	0	0	"N5"
"SSC_07998_15A__SSC_07998_15A__N3C022"	"N8"	"SSC/07998/15A"	"SSc-ILD"	"SSC/07998/15A"	1	1	3	1	1	0.333333333333333	1	"N5"
"SSC_07998_15A__SSC_07998_15A__N3C023"	"N1"	"SSC/07998/15A"	"SSc-ILD"	"SSC/07998/15A"	1	1	8	0	0	0	0	"N6"
"SSC_07998_15A__SSC_07998_15A__N3C023"	"N2"	"SSC/07998/15A"	"SSc-ILD"	"SSC/07998/15A"	1	1	8	0	0	0	0	"N6"
"SSC_07998_15A__SSC_07998_15A__N3C023"	"N3"	"SSC/07998/15A"	"SSc-ILD"	"SSC/07998/15A"	1	1	8	0	0	0	0	"N6"
"SSC_07998_15A__SSC_07998_15A__N3C023"	"N4"	"SSC/07998/15A"	"SSc-ILD"	"SSC/07998/15A"	1	1	8	0	0	0	0	"N6"
"SSC_07998_15A__SSC_07998_15A__N3C023"	"N5"	"SSC/07998/15A"	"SSc-ILD"	"SSC/07998/15A"	1	1	8	2	1	0.25	1	"N6"
"SSC_07998_15A__SSC_07998_15A__N3C023"	"N6"	"SSC/07998/15A"	"SSc-ILD"	"SSC/07998/15A"	1	1	8	5	1	0.625	1	"N6"
"SSC_07998_15A__SSC_07998_15A__N3C023"	"N7"	"SSC/07998/15A"	"SSc-ILD"	"SSC/07998/15A"	1	1	8	0	0	0	0	"N6"
"SSC_07998_15A__SSC_07998_15A__N3C023"	"N8"	"SSC/07998/15A"	"SSc-ILD"	"SSC/07998/15A"	1	1	8	1	1	0.125	1	"N6"
"SSC_07998_15A__SSC_07998_15A__N3C024"	"N1"	"SSC/07998/15A"	"SSc-ILD"	"SSC/07998/15A"	7	7	44	15	5	0.340909090909091	0.714285714285714	"N5"
"SSC_07998_15A__SSC_07998_15A__N3C024"	"N2"	"SSC/07998/15A"	"SSc-ILD"	"SSC/07998/15A"	7	7	44	0	0	0	0	"N5"
"SSC_07998_15A__SSC_07998_15A__N3C024"	"N3"	"SSC/07998/15A"	"SSc-ILD"	"SSC/07998/15A"	7	7	44	0	0	0	0	"N5"
"SSC_07998_15A__SSC_07998_15A__N3C024"	"N4"	"SSC/07998/15A"	"SSc-ILD"	"SSC/07998/15A"	7	7	44	0	0	0	0	"N5"
"SSC_07998_15A__SSC_07998_15A__N3C024"	"N5"	"SSC/07998/15A"	"SSc-ILD"	"SSC/07998/15A"	7	7	44	21	6	0.477272727272727	0.857142857142857	"N5"
"SSC_07998_15A__SSC_07998_15A__N3C024"	"N6"	"SSC/07998/15A"	"SSc-ILD"	"SSC/07998/15A"	7	7	44	0	0	0	0	"N5"
"SSC_07998_15A__SSC_07998_15A__N3C024"	"N7"	"SSC/07998/15A"	"SSc-ILD"	"SSC/07998/15A"	7	7	44	4	3	0.0909090909090909	0.428571428571429	"N5"
"SSC_07998_15A__SSC_07998_15A__N3C024"	"N8"	"SSC/07998/15A"	"SSc-ILD"	"SSC/07998/15A"	7	7	44	4	3	0.0909090909090909	0.428571428571429	"N5"
"SSC_07998_15A__SSC_07998_15A__N3C025"	"N1"	"SSC/07998/15A"	"SSc-ILD"	"SSC/07998/15A"	8	8	44	22	6	0.5	0.75	"N1"
"SSC_07998_15A__SSC_07998_15A__N3C025"	"N2"	"SSC/07998/15A"	"SSc-ILD"	"SSC/07998/15A"	8	8	44	0	0	0	0	"N1"
"SSC_07998_15A__SSC_07998_15A__N3C025"	"N3"	"SSC/07998/15A"	"SSc-ILD"	"SSC/07998/15A"	8	8	44	0	0	0	0	"N1"
"SSC_07998_15A__SSC_07998_15A__N3C025"	"N4"	"SSC/07998/15A"	"SSc-ILD"	"SSC/07998/15A"	8	8	44	0	0	0	0	"N1"
"SSC_07998_15A__SSC_07998_15A__N3C025"	"N5"	"SSC/07998/15A"	"SSc-ILD"	"SSC/07998/15A"	8	8	44	11	6	0.25	0.75	"N1"
"SSC_07998_15A__SSC_07998_15A__N3C025"	"N6"	"SSC/07998/15A"	"SSc-ILD"	"SSC/07998/15A"	8	8	44	1	1	0.0227272727272727	0.125	"N1"
"SSC_07998_15A__SSC_07998_15A__N3C025"	"N7"	"SSC/07998/15A"	"SSc-ILD"	"SSC/07998/15A"	8	8	44	1	1	0.0227272727272727	0.125	"N1"
"SSC_07998_15A__SSC_07998_15A__N3C025"	"N8"	"SSC/07998/15A"	"SSc-ILD"	"SSC/07998/15A"	8	8	44	9	4	0.204545454545455	0.5	"N1"
"SSC_07998_15A__SSC_07998_15A__N3C026"	"N1"	"SSC/07998/15A"	"SSc-ILD"	"SSC/07998/15A"	2	2	14	2	2	0.142857142857143	1	"N8"
"SSC_07998_15A__SSC_07998_15A__N3C026"	"N2"	"SSC/07998/15A"	"SSc-ILD"	"SSC/07998/15A"	2	2	14	1	1	0.0714285714285714	0.5	"N8"
"SSC_07998_15A__SSC_07998_15A__N3C026"	"N3"	"SSC/07998/15A"	"SSc-ILD"	"SSC/07998/15A"	2	2	14	0	0	0	0	"N8"
"SSC_07998_15A__SSC_07998_15A__N3C026"	"N4"	"SSC/07998/15A"	"SSc-ILD"	"SSC/07998/15A"	2	2	14	0	0	0	0	"N8"
"SSC_07998_15A__SSC_07998_15A__N3C026"	"N5"	"SSC/07998/15A"	"SSc-ILD"	"SSC/07998/15A"	2	2	14	2	1	0.142857142857143	0.5	"N8"
"SSC_07998_15A__SSC_07998_15A__N3C026"	"N6"	"SSC/07998/15A"	"SSc-ILD"	"SSC/07998/15A"	2	2	14	0	0	0	0	"N8"
"SSC_07998_15A__SSC_07998_15A__N3C026"	"N7"	"SSC/07998/15A"	"SSc-ILD"	"SSC/07998/15A"	2	2	14	0	0	0	0	"N8"
"SSC_07998_15A__SSC_07998_15A__N3C026"	"N8"	"SSC/07998/15A"	"SSc-ILD"	"SSC/07998/15A"	2	2	14	9	2	0.642857142857143	1	"N8"
"SSC_07998_15A__SSC_07998_15A__N3C027"	"N1"	"SSC/07998/15A"	"SSc-ILD"	"SSC/07998/15A"	8	8	34	11	4	0.323529411764706	0.5	"N1; N5; N7"
"SSC_07998_15A__SSC_07998_15A__N3C027"	"N2"	"SSC/07998/15A"	"SSc-ILD"	"SSC/07998/15A"	8	8	34	0	0	0	0	"N1; N5; N7"
"SSC_07998_15A__SSC_07998_15A__N3C027"	"N3"	"SSC/07998/15A"	"SSc-ILD"	"SSC/07998/15A"	8	8	34	0	0	0	0	"N1; N5; N7"
"SSC_07998_15A__SSC_07998_15A__N3C027"	"N4"	"SSC/07998/15A"	"SSc-ILD"	"SSC/07998/15A"	8	8	34	0	0	0	0	"N1; N5; N7"
"SSC_07998_15A__SSC_07998_15A__N3C027"	"N5"	"SSC/07998/15A"	"SSc-ILD"	"SSC/07998/15A"	8	8	34	11	7	0.323529411764706	0.875	"N1; N5; N7"
"SSC_07998_15A__SSC_07998_15A__N3C027"	"N6"	"SSC/07998/15A"	"SSc-ILD"	"SSC/07998/15A"	8	8	34	0	0	0	0	"N1; N5; N7"
"SSC_07998_15A__SSC_07998_15A__N3C027"	"N7"	"SSC/07998/15A"	"SSc-ILD"	"SSC/07998/15A"	8	8	34	11	6	0.323529411764706	0.75	"N1; N5; N7"
"SSC_07998_15A__SSC_07998_15A__N3C027"	"N8"	"SSC/07998/15A"	"SSc-ILD"	"SSC/07998/15A"	8	8	34	1	1	0.0294117647058824	0.125	"N1; N5; N7"
"SSC_07998_15A__SSC_07998_15A__N3C028"	"N1"	"SSC/07998/15A"	"SSc-ILD"	"SSC/07998/15A"	1	1	5	0	0	0	0	"N5"
"SSC_07998_15A__SSC_07998_15A__N3C028"	"N2"	"SSC/07998/15A"	"SSc-ILD"	"SSC/07998/15A"	1	1	5	0	0	0	0	"N5"
"SSC_07998_15A__SSC_07998_15A__N3C028"	"N3"	"SSC/07998/15A"	"SSc-ILD"	"SSC/07998/15A"	1	1	5	0	0	0	0	"N5"
"SSC_07998_15A__SSC_07998_15A__N3C028"	"N4"	"SSC/07998/15A"	"SSc-ILD"	"SSC/07998/15A"	1	1	5	0	0	0	0	"N5"
"SSC_07998_15A__SSC_07998_15A__N3C028"	"N5"	"SSC/07998/15A"	"SSc-ILD"	"SSC/07998/15A"	1	1	5	5	1	1	1	"N5"
"SSC_07998_15A__SSC_07998_15A__N3C028"	"N6"	"SSC/07998/15A"	"SSc-ILD"	"SSC/07998/15A"	1	1	5	0	0	0	0	"N5"
"SSC_07998_15A__SSC_07998_15A__N3C028"	"N7"	"SSC/07998/15A"	"SSc-ILD"	"SSC/07998/15A"	1	1	5	0	0	0	0	"N5"
"SSC_07998_15A__SSC_07998_15A__N3C028"	"N8"	"SSC/07998/15A"	"SSc-ILD"	"SSC/07998/15A"	1	1	5	0	0	0	0	"N5"
"SSC_07998_15A__SSC_07998_15A__N3C029"	"N1"	"SSC/07998/15A"	"SSc-ILD"	"SSC/07998/15A"	1	1	3	1	1	0.333333333333333	1	"N1; N6; N8"
"SSC_07998_15A__SSC_07998_15A__N3C029"	"N2"	"SSC/07998/15A"	"SSc-ILD"	"SSC/07998/15A"	1	1	3	0	0	0	0	"N1; N6; N8"
"SSC_07998_15A__SSC_07998_15A__N3C029"	"N3"	"SSC/07998/15A"	"SSc-ILD"	"SSC/07998/15A"	1	1	3	0	0	0	0	"N1; N6; N8"
"SSC_07998_15A__SSC_07998_15A__N3C029"	"N4"	"SSC/07998/15A"	"SSc-ILD"	"SSC/07998/15A"	1	1	3	0	0	0	0	"N1; N6; N8"
"SSC_07998_15A__SSC_07998_15A__N3C029"	"N5"	"SSC/07998/15A"	"SSc-ILD"	"SSC/07998/15A"	1	1	3	0	0	0	0	"N1; N6; N8"
"SSC_07998_15A__SSC_07998_15A__N3C029"	"N6"	"SSC/07998/15A"	"SSc-ILD"	"SSC/07998/15A"	1	1	3	1	1	0.333333333333333	1	"N1; N6; N8"
"SSC_07998_15A__SSC_07998_15A__N3C029"	"N7"	"SSC/07998/15A"	"SSc-ILD"	"SSC/07998/15A"	1	1	3	0	0	0	0	"N1; N6; N8"
"SSC_07998_15A__SSC_07998_15A__N3C029"	"N8"	"SSC/07998/15A"	"SSc-ILD"	"SSC/07998/15A"	1	1	3	1	1	0.333333333333333	1	"N1; N6; N8"
"SSC_07998_15A__SSC_07998_15A__N3C030"	"N1"	"SSC/07998/15A"	"SSc-ILD"	"SSC/07998/15A"	1	1	7	1	1	0.142857142857143	1	"N5"
"SSC_07998_15A__SSC_07998_15A__N3C030"	"N2"	"SSC/07998/15A"	"SSc-ILD"	"SSC/07998/15A"	1	1	7	0	0	0	0	"N5"
"SSC_07998_15A__SSC_07998_15A__N3C030"	"N3"	"SSC/07998/15A"	"SSc-ILD"	"SSC/07998/15A"	1	1	7	0	0	0	0	"N5"
"SSC_07998_15A__SSC_07998_15A__N3C030"	"N4"	"SSC/07998/15A"	"SSc-ILD"	"SSC/07998/15A"	1	1	7	0	0	0	0	"N5"
"SSC_07998_15A__SSC_07998_15A__N3C030"	"N5"	"SSC/07998/15A"	"SSc-ILD"	"SSC/07998/15A"	1	1	7	4	1	0.571428571428571	1	"N5"
"SSC_07998_15A__SSC_07998_15A__N3C030"	"N6"	"SSC/07998/15A"	"SSc-ILD"	"SSC/07998/15A"	1	1	7	1	1	0.142857142857143	1	"N5"
"SSC_07998_15A__SSC_07998_15A__N3C030"	"N7"	"SSC/07998/15A"	"SSc-ILD"	"SSC/07998/15A"	1	1	7	0	0	0	0	"N5"
"SSC_07998_15A__SSC_07998_15A__N3C030"	"N8"	"SSC/07998/15A"	"SSc-ILD"	"SSC/07998/15A"	1	1	7	1	1	0.142857142857143	1	"N5"
"SSC_07998_15A__SSC_07998_15A__N3C031"	"N1"	"SSC/07998/15A"	"SSc-ILD"	"SSC/07998/15A"	5	5	30	13	5	0.433333333333333	1	"N1"
"SSC_07998_15A__SSC_07998_15A__N3C031"	"N2"	"SSC/07998/15A"	"SSc-ILD"	"SSC/07998/15A"	5	5	30	0	0	0	0	"N1"
"SSC_07998_15A__SSC_07998_15A__N3C031"	"N3"	"SSC/07998/15A"	"SSc-ILD"	"SSC/07998/15A"	5	5	30	0	0	0	0	"N1"
"SSC_07998_15A__SSC_07998_15A__N3C031"	"N4"	"SSC/07998/15A"	"SSc-ILD"	"SSC/07998/15A"	5	5	30	0	0	0	0	"N1"
"SSC_07998_15A__SSC_07998_15A__N3C031"	"N5"	"SSC/07998/15A"	"SSc-ILD"	"SSC/07998/15A"	5	5	30	11	4	0.366666666666667	0.8	"N1"
"SSC_07998_15A__SSC_07998_15A__N3C031"	"N6"	"SSC/07998/15A"	"SSc-ILD"	"SSC/07998/15A"	5	5	30	0	0	0	0	"N1"
"SSC_07998_15A__SSC_07998_15A__N3C031"	"N7"	"SSC/07998/15A"	"SSc-ILD"	"SSC/07998/15A"	5	5	30	5	4	0.166666666666667	0.8	"N1"
"SSC_07998_15A__SSC_07998_15A__N3C031"	"N8"	"SSC/07998/15A"	"SSc-ILD"	"SSC/07998/15A"	5	5	30	1	1	0.0333333333333333	0.2	"N1"
"SSC_07998_15A__SSC_07998_15A__N3C032"	"N1"	"SSC/07998/15A"	"SSc-ILD"	"SSC/07998/15A"	1	1	6	3	1	0.5	1	"N1"
"SSC_07998_15A__SSC_07998_15A__N3C032"	"N2"	"SSC/07998/15A"	"SSc-ILD"	"SSC/07998/15A"	1	1	6	0	0	0	0	"N1"
"SSC_07998_15A__SSC_07998_15A__N3C032"	"N3"	"SSC/07998/15A"	"SSc-ILD"	"SSC/07998/15A"	1	1	6	0	0	0	0	"N1"
"SSC_07998_15A__SSC_07998_15A__N3C032"	"N4"	"SSC/07998/15A"	"SSc-ILD"	"SSC/07998/15A"	1	1	6	0	0	0	0	"N1"
"SSC_07998_15A__SSC_07998_15A__N3C032"	"N5"	"SSC/07998/15A"	"SSc-ILD"	"SSC/07998/15A"	1	1	6	1	1	0.166666666666667	1	"N1"
"SSC_07998_15A__SSC_07998_15A__N3C032"	"N6"	"SSC/07998/15A"	"SSc-ILD"	"SSC/07998/15A"	1	1	6	0	0	0	0	"N1"
"SSC_07998_15A__SSC_07998_15A__N3C032"	"N7"	"SSC/07998/15A"	"SSc-ILD"	"SSC/07998/15A"	1	1	6	1	1	0.166666666666667	1	"N1"
"SSC_07998_15A__SSC_07998_15A__N3C032"	"N8"	"SSC/07998/15A"	"SSc-ILD"	"SSC/07998/15A"	1	1	6	1	1	0.166666666666667	1	"N1"
"SSC_07998_15A__SSC_07998_15A__N3C033"	"N1"	"SSC/07998/15A"	"SSc-ILD"	"SSC/07998/15A"	6	6	34	9	4	0.264705882352941	0.666666666666667	"N5"
"SSC_07998_15A__SSC_07998_15A__N3C033"	"N2"	"SSC/07998/15A"	"SSc-ILD"	"SSC/07998/15A"	6	6	34	0	0	0	0	"N5"
"SSC_07998_15A__SSC_07998_15A__N3C033"	"N3"	"SSC/07998/15A"	"SSc-ILD"	"SSC/07998/15A"	6	6	34	0	0	0	0	"N5"
"SSC_07998_15A__SSC_07998_15A__N3C033"	"N4"	"SSC/07998/15A"	"SSc-ILD"	"SSC/07998/15A"	6	6	34	0	0	0	0	"N5"
"SSC_07998_15A__SSC_07998_15A__N3C033"	"N5"	"SSC/07998/15A"	"SSc-ILD"	"SSC/07998/15A"	6	6	34	17	6	0.5	1	"N5"
"SSC_07998_15A__SSC_07998_15A__N3C033"	"N6"	"SSC/07998/15A"	"SSc-ILD"	"SSC/07998/15A"	6	6	34	3	2	0.0882352941176471	0.333333333333333	"N5"
"SSC_07998_15A__SSC_07998_15A__N3C033"	"N7"	"SSC/07998/15A"	"SSc-ILD"	"SSC/07998/15A"	6	6	34	2	2	0.0588235294117647	0.333333333333333	"N5"
"SSC_07998_15A__SSC_07998_15A__N3C033"	"N8"	"SSC/07998/15A"	"SSc-ILD"	"SSC/07998/15A"	6	6	34	3	3	0.0882352941176471	0.5	"N5"
"SSC_07998_15A__SSC_07998_15A__N3C034"	"N1"	"SSC/07998/15A"	"SSc-ILD"	"SSC/07998/15A"	2	2	11	1	1	0.0909090909090909	0.5	"N8"
"SSC_07998_15A__SSC_07998_15A__N3C034"	"N2"	"SSC/07998/15A"	"SSc-ILD"	"SSC/07998/15A"	2	2	11	1	1	0.0909090909090909	0.5	"N8"
"SSC_07998_15A__SSC_07998_15A__N3C034"	"N3"	"SSC/07998/15A"	"SSc-ILD"	"SSC/07998/15A"	2	2	11	0	0	0	0	"N8"
"SSC_07998_15A__SSC_07998_15A__N3C034"	"N4"	"SSC/07998/15A"	"SSc-ILD"	"SSC/07998/15A"	2	2	11	0	0	0	0	"N8"
"SSC_07998_15A__SSC_07998_15A__N3C034"	"N5"	"SSC/07998/15A"	"SSc-ILD"	"SSC/07998/15A"	2	2	11	3	2	0.272727272727273	1	"N8"
"SSC_07998_15A__SSC_07998_15A__N3C034"	"N6"	"SSC/07998/15A"	"SSc-ILD"	"SSC/07998/15A"	2	2	11	0	0	0	0	"N8"
"SSC_07998_15A__SSC_07998_15A__N3C034"	"N7"	"SSC/07998/15A"	"SSc-ILD"	"SSC/07998/15A"	2	2	11	0	0	0	0	"N8"
"SSC_07998_15A__SSC_07998_15A__N3C034"	"N8"	"SSC/07998/15A"	"SSc-ILD"	"SSC/07998/15A"	2	2	11	6	2	0.545454545454545	1	"N8"
"SSC_07998_15A__SSC_07998_15A__N3C035"	"N1"	"SSC/07998/15A"	"SSc-ILD"	"SSC/07998/15A"	2	2	11	1	1	0.0909090909090909	0.5	"N5"
"SSC_07998_15A__SSC_07998_15A__N3C035"	"N2"	"SSC/07998/15A"	"SSc-ILD"	"SSC/07998/15A"	2	2	11	0	0	0	0	"N5"
"SSC_07998_15A__SSC_07998_15A__N3C035"	"N3"	"SSC/07998/15A"	"SSc-ILD"	"SSC/07998/15A"	2	2	11	0	0	0	0	"N5"
"SSC_07998_15A__SSC_07998_15A__N3C035"	"N4"	"SSC/07998/15A"	"SSc-ILD"	"SSC/07998/15A"	2	2	11	0	0	0	0	"N5"
"SSC_07998_15A__SSC_07998_15A__N3C035"	"N5"	"SSC/07998/15A"	"SSc-ILD"	"SSC/07998/15A"	2	2	11	9	2	0.818181818181818	1	"N5"
"SSC_07998_15A__SSC_07998_15A__N3C035"	"N6"	"SSC/07998/15A"	"SSc-ILD"	"SSC/07998/15A"	2	2	11	0	0	0	0	"N5"
"SSC_07998_15A__SSC_07998_15A__N3C035"	"N7"	"SSC/07998/15A"	"SSc-ILD"	"SSC/07998/15A"	2	2	11	0	0	0	0	"N5"
"SSC_07998_15A__SSC_07998_15A__N3C035"	"N8"	"SSC/07998/15A"	"SSc-ILD"	"SSC/07998/15A"	2	2	11	1	1	0.0909090909090909	0.5	"N5"
"SSC_07998_15A__SSC_07998_15A__N3C036"	"N1"	"SSC/07998/15A"	"SSc-ILD"	"SSC/07998/15A"	1	1	8	3	1	0.375	1	"N8"
"SSC_07998_15A__SSC_07998_15A__N3C036"	"N2"	"SSC/07998/15A"	"SSc-ILD"	"SSC/07998/15A"	1	1	8	0	0	0	0	"N8"
"SSC_07998_15A__SSC_07998_15A__N3C036"	"N3"	"SSC/07998/15A"	"SSc-ILD"	"SSC/07998/15A"	1	1	8	0	0	0	0	"N8"
"SSC_07998_15A__SSC_07998_15A__N3C036"	"N4"	"SSC/07998/15A"	"SSc-ILD"	"SSC/07998/15A"	1	1	8	0	0	0	0	"N8"
"SSC_07998_15A__SSC_07998_15A__N3C036"	"N5"	"SSC/07998/15A"	"SSc-ILD"	"SSC/07998/15A"	1	1	8	0	0	0	0	"N8"
"SSC_07998_15A__SSC_07998_15A__N3C036"	"N6"	"SSC/07998/15A"	"SSc-ILD"	"SSC/07998/15A"	1	1	8	0	0	0	0	"N8"
"SSC_07998_15A__SSC_07998_15A__N3C036"	"N7"	"SSC/07998/15A"	"SSc-ILD"	"SSC/07998/15A"	1	1	8	0	0	0	0	"N8"
"SSC_07998_15A__SSC_07998_15A__N3C036"	"N8"	"SSC/07998/15A"	"SSc-ILD"	"SSC/07998/15A"	1	1	8	5	1	0.625	1	"N8"
"SSC_07998_15A__SSC_07998_15A__N3C037"	"N1"	"SSC/07998/15A"	"SSc-ILD"	"SSC/07998/15A"	2	2	14	2	1	0.142857142857143	0.5	"N5"
"SSC_07998_15A__SSC_07998_15A__N3C037"	"N2"	"SSC/07998/15A"	"SSc-ILD"	"SSC/07998/15A"	2	2	14	0	0	0	0	"N5"
"SSC_07998_15A__SSC_07998_15A__N3C037"	"N3"	"SSC/07998/15A"	"SSc-ILD"	"SSC/07998/15A"	2	2	14	0	0	0	0	"N5"
"SSC_07998_15A__SSC_07998_15A__N3C037"	"N4"	"SSC/07998/15A"	"SSc-ILD"	"SSC/07998/15A"	2	2	14	1	1	0.0714285714285714	0.5	"N5"
"SSC_07998_15A__SSC_07998_15A__N3C037"	"N5"	"SSC/07998/15A"	"SSc-ILD"	"SSC/07998/15A"	2	2	14	6	2	0.428571428571429	1	"N5"
"SSC_07998_15A__SSC_07998_15A__N3C037"	"N6"	"SSC/07998/15A"	"SSc-ILD"	"SSC/07998/15A"	2	2	14	0	0	0	0	"N5"
"SSC_07998_15A__SSC_07998_15A__N3C037"	"N7"	"SSC/07998/15A"	"SSc-ILD"	"SSC/07998/15A"	2	2	14	0	0	0	0	"N5"
"SSC_07998_15A__SSC_07998_15A__N3C037"	"N8"	"SSC/07998/15A"	"SSc-ILD"	"SSC/07998/15A"	2	2	14	5	2	0.357142857142857	1	"N5"
"SSC_07998_15A__SSC_07998_15A__N3C038"	"N1"	"SSC/07998/15A"	"SSc-ILD"	"SSC/07998/15A"	1	1	8	4	1	0.5	1	"N1"
"SSC_07998_15A__SSC_07998_15A__N3C038"	"N2"	"SSC/07998/15A"	"SSc-ILD"	"SSC/07998/15A"	1	1	8	0	0	0	0	"N1"
"SSC_07998_15A__SSC_07998_15A__N3C038"	"N3"	"SSC/07998/15A"	"SSc-ILD"	"SSC/07998/15A"	1	1	8	0	0	0	0	"N1"
"SSC_07998_15A__SSC_07998_15A__N3C038"	"N4"	"SSC/07998/15A"	"SSc-ILD"	"SSC/07998/15A"	1	1	8	0	0	0	0	"N1"
"SSC_07998_15A__SSC_07998_15A__N3C038"	"N5"	"SSC/07998/15A"	"SSc-ILD"	"SSC/07998/15A"	1	1	8	1	1	0.125	1	"N1"
"SSC_07998_15A__SSC_07998_15A__N3C038"	"N6"	"SSC/07998/15A"	"SSc-ILD"	"SSC/07998/15A"	1	1	8	0	0	0	0	"N1"
"SSC_07998_15A__SSC_07998_15A__N3C038"	"N7"	"SSC/07998/15A"	"SSc-ILD"	"SSC/07998/15A"	1	1	8	1	1	0.125	1	"N1"
"SSC_07998_15A__SSC_07998_15A__N3C038"	"N8"	"SSC/07998/15A"	"SSc-ILD"	"SSC/07998/15A"	1	1	8	2	1	0.25	1	"N1"
"SSC_07998_15A__SSC_07998_15A__N3C039"	"N1"	"SSC/07998/15A"	"SSc-ILD"	"SSC/07998/15A"	11	11	52	24	11	0.461538461538462	1	"N1"
"SSC_07998_15A__SSC_07998_15A__N3C039"	"N2"	"SSC/07998/15A"	"SSc-ILD"	"SSC/07998/15A"	11	11	52	0	0	0	0	"N1"
"SSC_07998_15A__SSC_07998_15A__N3C039"	"N3"	"SSC/07998/15A"	"SSc-ILD"	"SSC/07998/15A"	11	11	52	0	0	0	0	"N1"
"SSC_07998_15A__SSC_07998_15A__N3C039"	"N4"	"SSC/07998/15A"	"SSc-ILD"	"SSC/07998/15A"	11	11	52	0	0	0	0	"N1"
"SSC_07998_15A__SSC_07998_15A__N3C039"	"N5"	"SSC/07998/15A"	"SSc-ILD"	"SSC/07998/15A"	11	11	52	15	7	0.288461538461538	0.636363636363636	"N1"
"SSC_07998_15A__SSC_07998_15A__N3C039"	"N6"	"SSC/07998/15A"	"SSc-ILD"	"SSC/07998/15A"	11	11	52	2	2	0.0384615384615385	0.181818181818182	"N1"
"SSC_07998_15A__SSC_07998_15A__N3C039"	"N7"	"SSC/07998/15A"	"SSc-ILD"	"SSC/07998/15A"	11	11	52	11	7	0.211538461538462	0.636363636363636	"N1"
"SSC_07998_15A__SSC_07998_15A__N3C039"	"N8"	"SSC/07998/15A"	"SSc-ILD"	"SSC/07998/15A"	11	11	52	0	0	0	0	"N1"
"SSC_07998_15A__SSC_07998_15A__N3C040"	"N1"	"SSC/07998/15A"	"SSc-ILD"	"SSC/07998/15A"	1	1	8	2	1	0.25	1	"N7"
"SSC_07998_15A__SSC_07998_15A__N3C040"	"N2"	"SSC/07998/15A"	"SSc-ILD"	"SSC/07998/15A"	1	1	8	0	0	0	0	"N7"
"SSC_07998_15A__SSC_07998_15A__N3C040"	"N3"	"SSC/07998/15A"	"SSc-ILD"	"SSC/07998/15A"	1	1	8	0	0	0	0	"N7"
"SSC_07998_15A__SSC_07998_15A__N3C040"	"N4"	"SSC/07998/15A"	"SSc-ILD"	"SSC/07998/15A"	1	1	8	0	0	0	0	"N7"
"SSC_07998_15A__SSC_07998_15A__N3C040"	"N5"	"SSC/07998/15A"	"SSc-ILD"	"SSC/07998/15A"	1	1	8	2	1	0.25	1	"N7"
"SSC_07998_15A__SSC_07998_15A__N3C040"	"N6"	"SSC/07998/15A"	"SSc-ILD"	"SSC/07998/15A"	1	1	8	1	1	0.125	1	"N7"
"SSC_07998_15A__SSC_07998_15A__N3C040"	"N7"	"SSC/07998/15A"	"SSc-ILD"	"SSC/07998/15A"	1	1	8	3	1	0.375	1	"N7"
"SSC_07998_15A__SSC_07998_15A__N3C040"	"N8"	"SSC/07998/15A"	"SSc-ILD"	"SSC/07998/15A"	1	1	8	0	0	0	0	"N7"
"SSC_07998_15A__SSC_07998_15A__N3C041"	"N1"	"SSC/07998/15A"	"SSc-ILD"	"SSC/07998/15A"	1	1	5	2	1	0.4	1	"N5"
"SSC_07998_15A__SSC_07998_15A__N3C041"	"N2"	"SSC/07998/15A"	"SSc-ILD"	"SSC/07998/15A"	1	1	5	0	0	0	0	"N5"
"SSC_07998_15A__SSC_07998_15A__N3C041"	"N3"	"SSC/07998/15A"	"SSc-ILD"	"SSC/07998/15A"	1	1	5	0	0	0	0	"N5"
"SSC_07998_15A__SSC_07998_15A__N3C041"	"N4"	"SSC/07998/15A"	"SSc-ILD"	"SSC/07998/15A"	1	1	5	0	0	0	0	"N5"
"SSC_07998_15A__SSC_07998_15A__N3C041"	"N5"	"SSC/07998/15A"	"SSc-ILD"	"SSC/07998/15A"	1	1	5	3	1	0.6	1	"N5"
"SSC_07998_15A__SSC_07998_15A__N3C041"	"N6"	"SSC/07998/15A"	"SSc-ILD"	"SSC/07998/15A"	1	1	5	0	0	0	0	"N5"
"SSC_07998_15A__SSC_07998_15A__N3C041"	"N7"	"SSC/07998/15A"	"SSc-ILD"	"SSC/07998/15A"	1	1	5	0	0	0	0	"N5"
"SSC_07998_15A__SSC_07998_15A__N3C041"	"N8"	"SSC/07998/15A"	"SSc-ILD"	"SSC/07998/15A"	1	1	5	0	0	0	0	"N5"
"SSC_07998_15A__SSC_07998_15A__N3C042"	"N1"	"SSC/07998/15A"	"SSc-ILD"	"SSC/07998/15A"	1	1	6	3	1	0.5	1	"N1; N7"
"SSC_07998_15A__SSC_07998_15A__N3C042"	"N2"	"SSC/07998/15A"	"SSc-ILD"	"SSC/07998/15A"	1	1	6	0	0	0	0	"N1; N7"
"SSC_07998_15A__SSC_07998_15A__N3C042"	"N3"	"SSC/07998/15A"	"SSc-ILD"	"SSC/07998/15A"	1	1	6	0	0	0	0	"N1; N7"
"SSC_07998_15A__SSC_07998_15A__N3C042"	"N4"	"SSC/07998/15A"	"SSc-ILD"	"SSC/07998/15A"	1	1	6	0	0	0	0	"N1; N7"
"SSC_07998_15A__SSC_07998_15A__N3C042"	"N5"	"SSC/07998/15A"	"SSc-ILD"	"SSC/07998/15A"	1	1	6	0	0	0	0	"N1; N7"
"SSC_07998_15A__SSC_07998_15A__N3C042"	"N6"	"SSC/07998/15A"	"SSc-ILD"	"SSC/07998/15A"	1	1	6	0	0	0	0	"N1; N7"
"SSC_07998_15A__SSC_07998_15A__N3C042"	"N7"	"SSC/07998/15A"	"SSc-ILD"	"SSC/07998/15A"	1	1	6	3	1	0.5	1	"N1; N7"
"SSC_07998_15A__SSC_07998_15A__N3C042"	"N8"	"SSC/07998/15A"	"SSc-ILD"	"SSC/07998/15A"	1	1	6	0	0	0	0	"N1; N7"
"SSC_07998_15A__SSC_07998_15A__N3C043"	"N1"	"SSC/07998/15A"	"SSc-ILD"	"SSC/07998/15A"	4	4	24	10	4	0.416666666666667	1	"N1"
"SSC_07998_15A__SSC_07998_15A__N3C043"	"N2"	"SSC/07998/15A"	"SSc-ILD"	"SSC/07998/15A"	4	4	24	0	0	0	0	"N1"
"SSC_07998_15A__SSC_07998_15A__N3C043"	"N3"	"SSC/07998/15A"	"SSc-ILD"	"SSC/07998/15A"	4	4	24	0	0	0	0	"N1"
"SSC_07998_15A__SSC_07998_15A__N3C043"	"N4"	"SSC/07998/15A"	"SSc-ILD"	"SSC/07998/15A"	4	4	24	0	0	0	0	"N1"
"SSC_07998_15A__SSC_07998_15A__N3C043"	"N5"	"SSC/07998/15A"	"SSc-ILD"	"SSC/07998/15A"	4	4	24	8	4	0.333333333333333	1	"N1"
"SSC_07998_15A__SSC_07998_15A__N3C043"	"N6"	"SSC/07998/15A"	"SSc-ILD"	"SSC/07998/15A"	4	4	24	0	0	0	0	"N1"
"SSC_07998_15A__SSC_07998_15A__N3C043"	"N7"	"SSC/07998/15A"	"SSc-ILD"	"SSC/07998/15A"	4	4	24	5	3	0.208333333333333	0.75	"N1"
"SSC_07998_15A__SSC_07998_15A__N3C043"	"N8"	"SSC/07998/15A"	"SSc-ILD"	"SSC/07998/15A"	4	4	24	1	1	0.0416666666666667	0.25	"N1"
"SSC_07998_15A__SSC_07998_15A__N3C044"	"N1"	"SSC/07998/15A"	"SSc-ILD"	"SSC/07998/15A"	53	53	218	114	49	0.522935779816514	0.924528301886792	"N1"
"SSC_07998_15A__SSC_07998_15A__N3C044"	"N2"	"SSC/07998/15A"	"SSc-ILD"	"SSC/07998/15A"	53	53	218	1	1	0.00458715596330275	0.0188679245283019	"N1"
"SSC_07998_15A__SSC_07998_15A__N3C044"	"N3"	"SSC/07998/15A"	"SSc-ILD"	"SSC/07998/15A"	53	53	218	0	0	0	0	"N1"
"SSC_07998_15A__SSC_07998_15A__N3C044"	"N4"	"SSC/07998/15A"	"SSc-ILD"	"SSC/07998/15A"	53	53	218	0	0	0	0	"N1"
"SSC_07998_15A__SSC_07998_15A__N3C044"	"N5"	"SSC/07998/15A"	"SSc-ILD"	"SSC/07998/15A"	53	53	218	31	19	0.142201834862385	0.358490566037736	"N1"
"SSC_07998_15A__SSC_07998_15A__N3C044"	"N6"	"SSC/07998/15A"	"SSc-ILD"	"SSC/07998/15A"	53	53	218	0	0	0	0	"N1"
"SSC_07998_15A__SSC_07998_15A__N3C044"	"N7"	"SSC/07998/15A"	"SSc-ILD"	"SSC/07998/15A"	53	53	218	65	37	0.298165137614679	0.69811320754717	"N1"
"SSC_07998_15A__SSC_07998_15A__N3C044"	"N8"	"SSC/07998/15A"	"SSc-ILD"	"SSC/07998/15A"	53	53	218	7	7	0.0321100917431193	0.132075471698113	"N1"
"SSC_07998_15A__SSC_07998_15A__N3C045"	"N1"	"SSC/07998/15A"	"SSc-ILD"	"SSC/07998/15A"	4	4	19	12	4	0.631578947368421	1	"N1"
"SSC_07998_15A__SSC_07998_15A__N3C045"	"N2"	"SSC/07998/15A"	"SSc-ILD"	"SSC/07998/15A"	4	4	19	0	0	0	0	"N1"
"SSC_07998_15A__SSC_07998_15A__N3C045"	"N3"	"SSC/07998/15A"	"SSc-ILD"	"SSC/07998/15A"	4	4	19	0	0	0	0	"N1"
"SSC_07998_15A__SSC_07998_15A__N3C045"	"N4"	"SSC/07998/15A"	"SSc-ILD"	"SSC/07998/15A"	4	4	19	0	0	0	0	"N1"
"SSC_07998_15A__SSC_07998_15A__N3C045"	"N5"	"SSC/07998/15A"	"SSc-ILD"	"SSC/07998/15A"	4	4	19	6	4	0.315789473684211	1	"N1"
"SSC_07998_15A__SSC_07998_15A__N3C045"	"N6"	"SSC/07998/15A"	"SSc-ILD"	"SSC/07998/15A"	4	4	19	0	0	0	0	"N1"
"SSC_07998_15A__SSC_07998_15A__N3C045"	"N7"	"SSC/07998/15A"	"SSc-ILD"	"SSC/07998/15A"	4	4	19	0	0	0	0	"N1"
"SSC_07998_15A__SSC_07998_15A__N3C045"	"N8"	"SSC/07998/15A"	"SSc-ILD"	"SSC/07998/15A"	4	4	19	1	1	0.0526315789473684	0.25	"N1"
"SSC_07998_15A__SSC_07998_15A__N3C046"	"N1"	"SSC/07998/15A"	"SSc-ILD"	"SSC/07998/15A"	1	1	8	0	0	0	0	"N5"
"SSC_07998_15A__SSC_07998_15A__N3C046"	"N2"	"SSC/07998/15A"	"SSc-ILD"	"SSC/07998/15A"	1	1	8	0	0	0	0	"N5"
"SSC_07998_15A__SSC_07998_15A__N3C046"	"N3"	"SSC/07998/15A"	"SSc-ILD"	"SSC/07998/15A"	1	1	8	0	0	0	0	"N5"
"SSC_07998_15A__SSC_07998_15A__N3C046"	"N4"	"SSC/07998/15A"	"SSc-ILD"	"SSC/07998/15A"	1	1	8	0	0	0	0	"N5"
"SSC_07998_15A__SSC_07998_15A__N3C046"	"N5"	"SSC/07998/15A"	"SSc-ILD"	"SSC/07998/15A"	1	1	8	3	1	0.375	1	"N5"
"SSC_07998_15A__SSC_07998_15A__N3C046"	"N6"	"SSC/07998/15A"	"SSc-ILD"	"SSC/07998/15A"	1	1	8	2	1	0.25	1	"N5"
"SSC_07998_15A__SSC_07998_15A__N3C046"	"N7"	"SSC/07998/15A"	"SSc-ILD"	"SSC/07998/15A"	1	1	8	2	1	0.25	1	"N5"
"SSC_07998_15A__SSC_07998_15A__N3C046"	"N8"	"SSC/07998/15A"	"SSc-ILD"	"SSC/07998/15A"	1	1	8	1	1	0.125	1	"N5"
"SSC_07998_15A__SSC_07998_15A__N3C047"	"N1"	"SSC/07998/15A"	"SSc-ILD"	"SSC/07998/15A"	1	1	8	5	1	0.625	1	"N1"
"SSC_07998_15A__SSC_07998_15A__N3C047"	"N2"	"SSC/07998/15A"	"SSc-ILD"	"SSC/07998/15A"	1	1	8	0	0	0	0	"N1"
"SSC_07998_15A__SSC_07998_15A__N3C047"	"N3"	"SSC/07998/15A"	"SSc-ILD"	"SSC/07998/15A"	1	1	8	0	0	0	0	"N1"
"SSC_07998_15A__SSC_07998_15A__N3C047"	"N4"	"SSC/07998/15A"	"SSc-ILD"	"SSC/07998/15A"	1	1	8	0	0	0	0	"N1"
"SSC_07998_15A__SSC_07998_15A__N3C047"	"N5"	"SSC/07998/15A"	"SSc-ILD"	"SSC/07998/15A"	1	1	8	1	1	0.125	1	"N1"
"SSC_07998_15A__SSC_07998_15A__N3C047"	"N6"	"SSC/07998/15A"	"SSc-ILD"	"SSC/07998/15A"	1	1	8	0	0	0	0	"N1"
"SSC_07998_15A__SSC_07998_15A__N3C047"	"N7"	"SSC/07998/15A"	"SSc-ILD"	"SSC/07998/15A"	1	1	8	0	0	0	0	"N1"
"SSC_07998_15A__SSC_07998_15A__N3C047"	"N8"	"SSC/07998/15A"	"SSc-ILD"	"SSC/07998/15A"	1	1	8	2	1	0.25	1	"N1"
"SSC_07998_15A__SSC_07998_15A__N3C048"	"N1"	"SSC/07998/15A"	"SSc-ILD"	"SSC/07998/15A"	1	1	8	3	1	0.375	1	"N1"
"SSC_07998_15A__SSC_07998_15A__N3C048"	"N2"	"SSC/07998/15A"	"SSc-ILD"	"SSC/07998/15A"	1	1	8	0	0	0	0	"N1"
"SSC_07998_15A__SSC_07998_15A__N3C048"	"N3"	"SSC/07998/15A"	"SSc-ILD"	"SSC/07998/15A"	1	1	8	0	0	0	0	"N1"
"SSC_07998_15A__SSC_07998_15A__N3C048"	"N4"	"SSC/07998/15A"	"SSc-ILD"	"SSC/07998/15A"	1	1	8	0	0	0	0	"N1"
"SSC_07998_15A__SSC_07998_15A__N3C048"	"N5"	"SSC/07998/15A"	"SSc-ILD"	"SSC/07998/15A"	1	1	8	2	1	0.25	1	"N1"
"SSC_07998_15A__SSC_07998_15A__N3C048"	"N6"	"SSC/07998/15A"	"SSc-ILD"	"SSC/07998/15A"	1	1	8	0	0	0	0	"N1"
"SSC_07998_15A__SSC_07998_15A__N3C048"	"N7"	"SSC/07998/15A"	"SSc-ILD"	"SSC/07998/15A"	1	1	8	1	1	0.125	1	"N1"
"SSC_07998_15A__SSC_07998_15A__N3C048"	"N8"	"SSC/07998/15A"	"SSc-ILD"	"SSC/07998/15A"	1	1	8	2	1	0.25	1	"N1"
"SSC_07998_15A__SSC_07998_15A__N3C049"	"N1"	"SSC/07998/15A"	"SSc-ILD"	"SSC/07998/15A"	3	3	20	15	3	0.75	1	"N1"
"SSC_07998_15A__SSC_07998_15A__N3C049"	"N2"	"SSC/07998/15A"	"SSc-ILD"	"SSC/07998/15A"	3	3	20	0	0	0	0	"N1"
"SSC_07998_15A__SSC_07998_15A__N3C049"	"N3"	"SSC/07998/15A"	"SSc-ILD"	"SSC/07998/15A"	3	3	20	0	0	0	0	"N1"
"SSC_07998_15A__SSC_07998_15A__N3C049"	"N4"	"SSC/07998/15A"	"SSc-ILD"	"SSC/07998/15A"	3	3	20	0	0	0	0	"N1"
"SSC_07998_15A__SSC_07998_15A__N3C049"	"N5"	"SSC/07998/15A"	"SSc-ILD"	"SSC/07998/15A"	3	3	20	2	2	0.1	0.666666666666667	"N1"
"SSC_07998_15A__SSC_07998_15A__N3C049"	"N6"	"SSC/07998/15A"	"SSc-ILD"	"SSC/07998/15A"	3	3	20	1	1	0.05	0.333333333333333	"N1"
"SSC_07998_15A__SSC_07998_15A__N3C049"	"N7"	"SSC/07998/15A"	"SSc-ILD"	"SSC/07998/15A"	3	3	20	1	1	0.05	0.333333333333333	"N1"
"SSC_07998_15A__SSC_07998_15A__N3C049"	"N8"	"SSC/07998/15A"	"SSc-ILD"	"SSC/07998/15A"	3	3	20	1	1	0.05	0.333333333333333	"N1"
"SSC_07998_15A__SSC_07998_15A__N3C050"	"N1"	"SSC/07998/15A"	"SSc-ILD"	"SSC/07998/15A"	3	3	18	4	2	0.222222222222222	0.666666666666667	"N8"
"SSC_07998_15A__SSC_07998_15A__N3C050"	"N2"	"SSC/07998/15A"	"SSc-ILD"	"SSC/07998/15A"	3	3	18	0	0	0	0	"N8"
"SSC_07998_15A__SSC_07998_15A__N3C050"	"N3"	"SSC/07998/15A"	"SSc-ILD"	"SSC/07998/15A"	3	3	18	0	0	0	0	"N8"
"SSC_07998_15A__SSC_07998_15A__N3C050"	"N4"	"SSC/07998/15A"	"SSc-ILD"	"SSC/07998/15A"	3	3	18	0	0	0	0	"N8"
"SSC_07998_15A__SSC_07998_15A__N3C050"	"N5"	"SSC/07998/15A"	"SSc-ILD"	"SSC/07998/15A"	3	3	18	6	3	0.333333333333333	1	"N8"
"SSC_07998_15A__SSC_07998_15A__N3C050"	"N6"	"SSC/07998/15A"	"SSc-ILD"	"SSC/07998/15A"	3	3	18	0	0	0	0	"N8"
"SSC_07998_15A__SSC_07998_15A__N3C050"	"N7"	"SSC/07998/15A"	"SSc-ILD"	"SSC/07998/15A"	3	3	18	0	0	0	0	"N8"
"SSC_07998_15A__SSC_07998_15A__N3C050"	"N8"	"SSC/07998/15A"	"SSc-ILD"	"SSC/07998/15A"	3	3	18	8	3	0.444444444444444	1	"N8"
"SSC_07998_15A__SSC_07998_15A__N3C051"	"N1"	"SSC/07998/15A"	"SSc-ILD"	"SSC/07998/15A"	1	1	5	3	1	0.6	1	"N1"
"SSC_07998_15A__SSC_07998_15A__N3C051"	"N2"	"SSC/07998/15A"	"SSc-ILD"	"SSC/07998/15A"	1	1	5	0	0	0	0	"N1"
"SSC_07998_15A__SSC_07998_15A__N3C051"	"N3"	"SSC/07998/15A"	"SSc-ILD"	"SSC/07998/15A"	1	1	5	0	0	0	0	"N1"
"SSC_07998_15A__SSC_07998_15A__N3C051"	"N4"	"SSC/07998/15A"	"SSc-ILD"	"SSC/07998/15A"	1	1	5	0	0	0	0	"N1"
"SSC_07998_15A__SSC_07998_15A__N3C051"	"N5"	"SSC/07998/15A"	"SSc-ILD"	"SSC/07998/15A"	1	1	5	2	1	0.4	1	"N1"
"SSC_07998_15A__SSC_07998_15A__N3C051"	"N6"	"SSC/07998/15A"	"SSc-ILD"	"SSC/07998/15A"	1	1	5	0	0	0	0	"N1"
"SSC_07998_15A__SSC_07998_15A__N3C051"	"N7"	"SSC/07998/15A"	"SSc-ILD"	"SSC/07998/15A"	1	1	5	0	0	0	0	"N1"
"SSC_07998_15A__SSC_07998_15A__N3C051"	"N8"	"SSC/07998/15A"	"SSc-ILD"	"SSC/07998/15A"	1	1	5	0	0	0	0	"N1"
"SSC_07998_15A__SSC_07998_15A__N3C052"	"N1"	"SSC/07998/15A"	"SSc-ILD"	"SSC/07998/15A"	1	1	8	5	1	0.625	1	"N1"
"SSC_07998_15A__SSC_07998_15A__N3C052"	"N2"	"SSC/07998/15A"	"SSc-ILD"	"SSC/07998/15A"	1	1	8	0	0	0	0	"N1"
"SSC_07998_15A__SSC_07998_15A__N3C052"	"N3"	"SSC/07998/15A"	"SSc-ILD"	"SSC/07998/15A"	1	1	8	0	0	0	0	"N1"
"SSC_07998_15A__SSC_07998_15A__N3C052"	"N4"	"SSC/07998/15A"	"SSc-ILD"	"SSC/07998/15A"	1	1	8	0	0	0	0	"N1"
"SSC_07998_15A__SSC_07998_15A__N3C052"	"N5"	"SSC/07998/15A"	"SSc-ILD"	"SSC/07998/15A"	1	1	8	1	1	0.125	1	"N1"
"SSC_07998_15A__SSC_07998_15A__N3C052"	"N6"	"SSC/07998/15A"	"SSc-ILD"	"SSC/07998/15A"	1	1	8	0	0	0	0	"N1"
"SSC_07998_15A__SSC_07998_15A__N3C052"	"N7"	"SSC/07998/15A"	"SSc-ILD"	"SSC/07998/15A"	1	1	8	2	1	0.25	1	"N1"
"SSC_07998_15A__SSC_07998_15A__N3C052"	"N8"	"SSC/07998/15A"	"SSc-ILD"	"SSC/07998/15A"	1	1	8	0	0	0	0	"N1"
"SSC_07998_15A__SSC_07998_15A__N3C053"	"N1"	"SSC/07998/15A"	"SSc-ILD"	"SSC/07998/15A"	6	6	34	16	6	0.470588235294118	1	"N1"
"SSC_07998_15A__SSC_07998_15A__N3C053"	"N2"	"SSC/07998/15A"	"SSc-ILD"	"SSC/07998/15A"	6	6	34	0	0	0	0	"N1"
"SSC_07998_15A__SSC_07998_15A__N3C053"	"N3"	"SSC/07998/15A"	"SSc-ILD"	"SSC/07998/15A"	6	6	34	0	0	0	0	"N1"
"SSC_07998_15A__SSC_07998_15A__N3C053"	"N4"	"SSC/07998/15A"	"SSc-ILD"	"SSC/07998/15A"	6	6	34	0	0	0	0	"N1"
"SSC_07998_15A__SSC_07998_15A__N3C053"	"N5"	"SSC/07998/15A"	"SSc-ILD"	"SSC/07998/15A"	6	6	34	10	5	0.294117647058824	0.833333333333333	"N1"
"SSC_07998_15A__SSC_07998_15A__N3C053"	"N6"	"SSC/07998/15A"	"SSc-ILD"	"SSC/07998/15A"	6	6	34	1	1	0.0294117647058824	0.166666666666667	"N1"
"SSC_07998_15A__SSC_07998_15A__N3C053"	"N7"	"SSC/07998/15A"	"SSc-ILD"	"SSC/07998/15A"	6	6	34	1	1	0.0294117647058824	0.166666666666667	"N1"
"SSC_07998_15A__SSC_07998_15A__N3C053"	"N8"	"SSC/07998/15A"	"SSc-ILD"	"SSC/07998/15A"	6	6	34	6	4	0.176470588235294	0.666666666666667	"N1"
"SSC_07998_15A__SSC_07998_15A__N3C054"	"N1"	"SSC/07998/15A"	"SSc-ILD"	"SSC/07998/15A"	1	1	8	1	1	0.125	1	"N5"
"SSC_07998_15A__SSC_07998_15A__N3C054"	"N2"	"SSC/07998/15A"	"SSc-ILD"	"SSC/07998/15A"	1	1	8	0	0	0	0	"N5"
"SSC_07998_15A__SSC_07998_15A__N3C054"	"N3"	"SSC/07998/15A"	"SSc-ILD"	"SSC/07998/15A"	1	1	8	0	0	0	0	"N5"
"SSC_07998_15A__SSC_07998_15A__N3C054"	"N4"	"SSC/07998/15A"	"SSc-ILD"	"SSC/07998/15A"	1	1	8	1	1	0.125	1	"N5"
"SSC_07998_15A__SSC_07998_15A__N3C054"	"N5"	"SSC/07998/15A"	"SSc-ILD"	"SSC/07998/15A"	1	1	8	3	1	0.375	1	"N5"
"SSC_07998_15A__SSC_07998_15A__N3C054"	"N6"	"SSC/07998/15A"	"SSc-ILD"	"SSC/07998/15A"	1	1	8	1	1	0.125	1	"N5"
"SSC_07998_15A__SSC_07998_15A__N3C054"	"N7"	"SSC/07998/15A"	"SSc-ILD"	"SSC/07998/15A"	1	1	8	0	0	0	0	"N5"
"SSC_07998_15A__SSC_07998_15A__N3C054"	"N8"	"SSC/07998/15A"	"SSc-ILD"	"SSC/07998/15A"	1	1	8	2	1	0.25	1	"N5"
"SSC_07998_15A__SSC_07998_15A__N3C055"	"N1"	"SSC/07998/15A"	"SSc-ILD"	"SSC/07998/15A"	2	2	14	9	2	0.642857142857143	1	"N1"
"SSC_07998_15A__SSC_07998_15A__N3C055"	"N2"	"SSC/07998/15A"	"SSc-ILD"	"SSC/07998/15A"	2	2	14	0	0	0	0	"N1"
"SSC_07998_15A__SSC_07998_15A__N3C055"	"N3"	"SSC/07998/15A"	"SSc-ILD"	"SSC/07998/15A"	2	2	14	0	0	0	0	"N1"
"SSC_07998_15A__SSC_07998_15A__N3C055"	"N4"	"SSC/07998/15A"	"SSc-ILD"	"SSC/07998/15A"	2	2	14	0	0	0	0	"N1"
"SSC_07998_15A__SSC_07998_15A__N3C055"	"N5"	"SSC/07998/15A"	"SSc-ILD"	"SSC/07998/15A"	2	2	14	5	2	0.357142857142857	1	"N1"
"SSC_07998_15A__SSC_07998_15A__N3C055"	"N6"	"SSC/07998/15A"	"SSc-ILD"	"SSC/07998/15A"	2	2	14	0	0	0	0	"N1"
"SSC_07998_15A__SSC_07998_15A__N3C055"	"N7"	"SSC/07998/15A"	"SSc-ILD"	"SSC/07998/15A"	2	2	14	0	0	0	0	"N1"
"SSC_07998_15A__SSC_07998_15A__N3C055"	"N8"	"SSC/07998/15A"	"SSc-ILD"	"SSC/07998/15A"	2	2	14	0	0	0	0	"N1"
"SSC_07998_15A__SSC_07998_15A__N3C056"	"N1"	"SSC/07998/15A"	"SSc-ILD"	"SSC/07998/15A"	1	1	8	7	1	0.875	1	"N1"
"SSC_07998_15A__SSC_07998_15A__N3C056"	"N2"	"SSC/07998/15A"	"SSc-ILD"	"SSC/07998/15A"	1	1	8	0	0	0	0	"N1"
"SSC_07998_15A__SSC_07998_15A__N3C056"	"N3"	"SSC/07998/15A"	"SSc-ILD"	"SSC/07998/15A"	1	1	8	0	0	0	0	"N1"
"SSC_07998_15A__SSC_07998_15A__N3C056"	"N4"	"SSC/07998/15A"	"SSc-ILD"	"SSC/07998/15A"	1	1	8	0	0	0	0	"N1"
"SSC_07998_15A__SSC_07998_15A__N3C056"	"N5"	"SSC/07998/15A"	"SSc-ILD"	"SSC/07998/15A"	1	1	8	0	0	0	0	"N1"
"SSC_07998_15A__SSC_07998_15A__N3C056"	"N6"	"SSC/07998/15A"	"SSc-ILD"	"SSC/07998/15A"	1	1	8	0	0	0	0	"N1"
"SSC_07998_15A__SSC_07998_15A__N3C056"	"N7"	"SSC/07998/15A"	"SSc-ILD"	"SSC/07998/15A"	1	1	8	1	1	0.125	1	"N1"
"SSC_07998_15A__SSC_07998_15A__N3C056"	"N8"	"SSC/07998/15A"	"SSc-ILD"	"SSC/07998/15A"	1	1	8	0	0	0	0	"N1"
"SSC_07998_15A__SSC_07998_15A__N3C057"	"N1"	"SSC/07998/15A"	"SSc-ILD"	"SSC/07998/15A"	1	1	8	5	1	0.625	1	"N1"
"SSC_07998_15A__SSC_07998_15A__N3C057"	"N2"	"SSC/07998/15A"	"SSc-ILD"	"SSC/07998/15A"	1	1	8	0	0	0	0	"N1"
"SSC_07998_15A__SSC_07998_15A__N3C057"	"N3"	"SSC/07998/15A"	"SSc-ILD"	"SSC/07998/15A"	1	1	8	0	0	0	0	"N1"
"SSC_07998_15A__SSC_07998_15A__N3C057"	"N4"	"SSC/07998/15A"	"SSc-ILD"	"SSC/07998/15A"	1	1	8	0	0	0	0	"N1"
"SSC_07998_15A__SSC_07998_15A__N3C057"	"N5"	"SSC/07998/15A"	"SSc-ILD"	"SSC/07998/15A"	1	1	8	1	1	0.125	1	"N1"
"SSC_07998_15A__SSC_07998_15A__N3C057"	"N6"	"SSC/07998/15A"	"SSc-ILD"	"SSC/07998/15A"	1	1	8	0	0	0	0	"N1"
"SSC_07998_15A__SSC_07998_15A__N3C057"	"N7"	"SSC/07998/15A"	"SSc-ILD"	"SSC/07998/15A"	1	1	8	2	1	0.25	1	"N1"
"SSC_07998_15A__SSC_07998_15A__N3C057"	"N8"	"SSC/07998/15A"	"SSc-ILD"	"SSC/07998/15A"	1	1	8	0	0	0	0	"N1"
"SSC_07998_15A__SSC_07998_15A__N3C058"	"N1"	"SSC/07998/15A"	"SSc-ILD"	"SSC/07998/15A"	4	4	24	12	4	0.5	1	"N1"
"SSC_07998_15A__SSC_07998_15A__N3C058"	"N2"	"SSC/07998/15A"	"SSc-ILD"	"SSC/07998/15A"	4	4	24	0	0	0	0	"N1"
"SSC_07998_15A__SSC_07998_15A__N3C058"	"N3"	"SSC/07998/15A"	"SSc-ILD"	"SSC/07998/15A"	4	4	24	0	0	0	0	"N1"
"SSC_07998_15A__SSC_07998_15A__N3C058"	"N4"	"SSC/07998/15A"	"SSc-ILD"	"SSC/07998/15A"	4	4	24	1	1	0.0416666666666667	0.25	"N1"
"SSC_07998_15A__SSC_07998_15A__N3C058"	"N5"	"SSC/07998/15A"	"SSc-ILD"	"SSC/07998/15A"	4	4	24	1	1	0.0416666666666667	0.25	"N1"
"SSC_07998_15A__SSC_07998_15A__N3C058"	"N6"	"SSC/07998/15A"	"SSc-ILD"	"SSC/07998/15A"	4	4	24	4	2	0.166666666666667	0.5	"N1"
"SSC_07998_15A__SSC_07998_15A__N3C058"	"N7"	"SSC/07998/15A"	"SSc-ILD"	"SSC/07998/15A"	4	4	24	2	2	0.0833333333333333	0.5	"N1"
"SSC_07998_15A__SSC_07998_15A__N3C058"	"N8"	"SSC/07998/15A"	"SSc-ILD"	"SSC/07998/15A"	4	4	24	4	3	0.166666666666667	0.75	"N1"
"SSC_07998_15A__SSC_07998_15A__N3C059"	"N1"	"SSC/07998/15A"	"SSc-ILD"	"SSC/07998/15A"	1	1	8	0	0	0	0	"N8"
"SSC_07998_15A__SSC_07998_15A__N3C059"	"N2"	"SSC/07998/15A"	"SSc-ILD"	"SSC/07998/15A"	1	1	8	0	0	0	0	"N8"
"SSC_07998_15A__SSC_07998_15A__N3C059"	"N3"	"SSC/07998/15A"	"SSc-ILD"	"SSC/07998/15A"	1	1	8	0	0	0	0	"N8"
"SSC_07998_15A__SSC_07998_15A__N3C059"	"N4"	"SSC/07998/15A"	"SSc-ILD"	"SSC/07998/15A"	1	1	8	0	0	0	0	"N8"
"SSC_07998_15A__SSC_07998_15A__N3C059"	"N5"	"SSC/07998/15A"	"SSc-ILD"	"SSC/07998/15A"	1	1	8	1	1	0.125	1	"N8"
"SSC_07998_15A__SSC_07998_15A__N3C059"	"N6"	"SSC/07998/15A"	"SSc-ILD"	"SSC/07998/15A"	1	1	8	1	1	0.125	1	"N8"
"SSC_07998_15A__SSC_07998_15A__N3C059"	"N7"	"SSC/07998/15A"	"SSc-ILD"	"SSC/07998/15A"	1	1	8	0	0	0	0	"N8"
"SSC_07998_15A__SSC_07998_15A__N3C059"	"N8"	"SSC/07998/15A"	"SSc-ILD"	"SSC/07998/15A"	1	1	8	6	1	0.75	1	"N8"
"SSC_07998_15A__SSC_07998_15A__N3C060"	"N1"	"SSC/07998/15A"	"SSc-ILD"	"SSC/07998/15A"	1	1	8	5	1	0.625	1	"N1"
"SSC_07998_15A__SSC_07998_15A__N3C060"	"N2"	"SSC/07998/15A"	"SSc-ILD"	"SSC/07998/15A"	1	1	8	0	0	0	0	"N1"
"SSC_07998_15A__SSC_07998_15A__N3C060"	"N3"	"SSC/07998/15A"	"SSc-ILD"	"SSC/07998/15A"	1	1	8	0	0	0	0	"N1"
"SSC_07998_15A__SSC_07998_15A__N3C060"	"N4"	"SSC/07998/15A"	"SSc-ILD"	"SSC/07998/15A"	1	1	8	0	0	0	0	"N1"
"SSC_07998_15A__SSC_07998_15A__N3C060"	"N5"	"SSC/07998/15A"	"SSc-ILD"	"SSC/07998/15A"	1	1	8	2	1	0.25	1	"N1"
"SSC_07998_15A__SSC_07998_15A__N3C060"	"N6"	"SSC/07998/15A"	"SSc-ILD"	"SSC/07998/15A"	1	1	8	0	0	0	0	"N1"
"SSC_07998_15A__SSC_07998_15A__N3C060"	"N7"	"SSC/07998/15A"	"SSc-ILD"	"SSC/07998/15A"	1	1	8	0	0	0	0	"N1"
"SSC_07998_15A__SSC_07998_15A__N3C060"	"N8"	"SSC/07998/15A"	"SSc-ILD"	"SSC/07998/15A"	1	1	8	1	1	0.125	1	"N1"
"SSC_07998_15A__SSC_07998_15A__N3C061"	"N1"	"SSC/07998/15A"	"SSc-ILD"	"SSC/07998/15A"	4	4	26	10	4	0.384615384615385	1	"N8"
"SSC_07998_15A__SSC_07998_15A__N3C061"	"N2"	"SSC/07998/15A"	"SSc-ILD"	"SSC/07998/15A"	4	4	26	0	0	0	0	"N8"
"SSC_07998_15A__SSC_07998_15A__N3C061"	"N3"	"SSC/07998/15A"	"SSc-ILD"	"SSC/07998/15A"	4	4	26	0	0	0	0	"N8"
"SSC_07998_15A__SSC_07998_15A__N3C061"	"N4"	"SSC/07998/15A"	"SSc-ILD"	"SSC/07998/15A"	4	4	26	0	0	0	0	"N8"
"SSC_07998_15A__SSC_07998_15A__N3C061"	"N5"	"SSC/07998/15A"	"SSc-ILD"	"SSC/07998/15A"	4	4	26	3	3	0.115384615384615	0.75	"N8"
"SSC_07998_15A__SSC_07998_15A__N3C061"	"N6"	"SSC/07998/15A"	"SSc-ILD"	"SSC/07998/15A"	4	4	26	1	1	0.0384615384615385	0.25	"N8"
"SSC_07998_15A__SSC_07998_15A__N3C061"	"N7"	"SSC/07998/15A"	"SSc-ILD"	"SSC/07998/15A"	4	4	26	1	1	0.0384615384615385	0.25	"N8"
"SSC_07998_15A__SSC_07998_15A__N3C061"	"N8"	"SSC/07998/15A"	"SSc-ILD"	"SSC/07998/15A"	4	4	26	11	4	0.423076923076923	1	"N8"
"SSC_07998_15A__SSC_07998_15A__N3C062"	"N1"	"SSC/07998/15A"	"SSc-ILD"	"SSC/07998/15A"	1	1	4	3	1	0.75	1	"N1"
"SSC_07998_15A__SSC_07998_15A__N3C062"	"N2"	"SSC/07998/15A"	"SSc-ILD"	"SSC/07998/15A"	1	1	4	0	0	0	0	"N1"
"SSC_07998_15A__SSC_07998_15A__N3C062"	"N3"	"SSC/07998/15A"	"SSc-ILD"	"SSC/07998/15A"	1	1	4	0	0	0	0	"N1"
"SSC_07998_15A__SSC_07998_15A__N3C062"	"N4"	"SSC/07998/15A"	"SSc-ILD"	"SSC/07998/15A"	1	1	4	0	0	0	0	"N1"
"SSC_07998_15A__SSC_07998_15A__N3C062"	"N5"	"SSC/07998/15A"	"SSc-ILD"	"SSC/07998/15A"	1	1	4	0	0	0	0	"N1"
"SSC_07998_15A__SSC_07998_15A__N3C062"	"N6"	"SSC/07998/15A"	"SSc-ILD"	"SSC/07998/15A"	1	1	4	0	0	0	0	"N1"
"SSC_07998_15A__SSC_07998_15A__N3C062"	"N7"	"SSC/07998/15A"	"SSc-ILD"	"SSC/07998/15A"	1	1	4	0	0	0	0	"N1"
"SSC_07998_15A__SSC_07998_15A__N3C062"	"N8"	"SSC/07998/15A"	"SSc-ILD"	"SSC/07998/15A"	1	1	4	1	1	0.25	1	"N1"
"SSC_07998_15A__SSC_07998_15A__N3C063"	"N1"	"SSC/07998/15A"	"SSc-ILD"	"SSC/07998/15A"	2	2	14	9	2	0.642857142857143	1	"N1"
"SSC_07998_15A__SSC_07998_15A__N3C063"	"N2"	"SSC/07998/15A"	"SSc-ILD"	"SSC/07998/15A"	2	2	14	0	0	0	0	"N1"
"SSC_07998_15A__SSC_07998_15A__N3C063"	"N3"	"SSC/07998/15A"	"SSc-ILD"	"SSC/07998/15A"	2	2	14	0	0	0	0	"N1"
"SSC_07998_15A__SSC_07998_15A__N3C063"	"N4"	"SSC/07998/15A"	"SSc-ILD"	"SSC/07998/15A"	2	2	14	0	0	0	0	"N1"
"SSC_07998_15A__SSC_07998_15A__N3C063"	"N5"	"SSC/07998/15A"	"SSc-ILD"	"SSC/07998/15A"	2	2	14	3	1	0.214285714285714	0.5	"N1"
"SSC_07998_15A__SSC_07998_15A__N3C063"	"N6"	"SSC/07998/15A"	"SSc-ILD"	"SSC/07998/15A"	2	2	14	0	0	0	0	"N1"
"SSC_07998_15A__SSC_07998_15A__N3C063"	"N7"	"SSC/07998/15A"	"SSc-ILD"	"SSC/07998/15A"	2	2	14	2	1	0.142857142857143	0.5	"N1"
"SSC_07998_15A__SSC_07998_15A__N3C063"	"N8"	"SSC/07998/15A"	"SSc-ILD"	"SSC/07998/15A"	2	2	14	0	0	0	0	"N1"
"SSC_07998_15A__SSC_07998_15A__N3C064"	"N1"	"SSC/07998/15A"	"SSc-ILD"	"SSC/07998/15A"	33	33	154	65	28	0.422077922077922	0.848484848484848	"N7"
"SSC_07998_15A__SSC_07998_15A__N3C064"	"N2"	"SSC/07998/15A"	"SSc-ILD"	"SSC/07998/15A"	33	33	154	0	0	0	0	"N7"
"SSC_07998_15A__SSC_07998_15A__N3C064"	"N3"	"SSC/07998/15A"	"SSc-ILD"	"SSC/07998/15A"	33	33	154	0	0	0	0	"N7"
"SSC_07998_15A__SSC_07998_15A__N3C064"	"N4"	"SSC/07998/15A"	"SSc-ILD"	"SSC/07998/15A"	33	33	154	0	0	0	0	"N7"
"SSC_07998_15A__SSC_07998_15A__N3C064"	"N5"	"SSC/07998/15A"	"SSc-ILD"	"SSC/07998/15A"	33	33	154	11	9	0.0714285714285714	0.272727272727273	"N7"
"SSC_07998_15A__SSC_07998_15A__N3C064"	"N6"	"SSC/07998/15A"	"SSc-ILD"	"SSC/07998/15A"	33	33	154	0	0	0	0	"N7"
"SSC_07998_15A__SSC_07998_15A__N3C064"	"N7"	"SSC/07998/15A"	"SSc-ILD"	"SSC/07998/15A"	33	33	154	78	25	0.506493506493507	0.757575757575758	"N7"
"SSC_07998_15A__SSC_07998_15A__N3C064"	"N8"	"SSC/07998/15A"	"SSc-ILD"	"SSC/07998/15A"	33	33	154	0	0	0	0	"N7"
"SSC_07998_15A__SSC_07998_15A__N3C065"	"N1"	"SSC/07998/15A"	"SSc-ILD"	"SSC/07998/15A"	1	1	8	5	1	0.625	1	"N1"
"SSC_07998_15A__SSC_07998_15A__N3C065"	"N2"	"SSC/07998/15A"	"SSc-ILD"	"SSC/07998/15A"	1	1	8	0	0	0	0	"N1"
"SSC_07998_15A__SSC_07998_15A__N3C065"	"N3"	"SSC/07998/15A"	"SSc-ILD"	"SSC/07998/15A"	1	1	8	0	0	0	0	"N1"
"SSC_07998_15A__SSC_07998_15A__N3C065"	"N4"	"SSC/07998/15A"	"SSc-ILD"	"SSC/07998/15A"	1	1	8	0	0	0	0	"N1"
"SSC_07998_15A__SSC_07998_15A__N3C065"	"N5"	"SSC/07998/15A"	"SSc-ILD"	"SSC/07998/15A"	1	1	8	1	1	0.125	1	"N1"
"SSC_07998_15A__SSC_07998_15A__N3C065"	"N6"	"SSC/07998/15A"	"SSc-ILD"	"SSC/07998/15A"	1	1	8	0	0	0	0	"N1"
"SSC_07998_15A__SSC_07998_15A__N3C065"	"N7"	"SSC/07998/15A"	"SSc-ILD"	"SSC/07998/15A"	1	1	8	2	1	0.25	1	"N1"
"SSC_07998_15A__SSC_07998_15A__N3C065"	"N8"	"SSC/07998/15A"	"SSc-ILD"	"SSC/07998/15A"	1	1	8	0	0	0	0	"N1"
"SSC_07998_15A__SSC_07998_15A__N3C066"	"N1"	"SSC/07998/15A"	"SSc-ILD"	"SSC/07998/15A"	2	2	14	7	2	0.5	1	"N1"
"SSC_07998_15A__SSC_07998_15A__N3C066"	"N2"	"SSC/07998/15A"	"SSc-ILD"	"SSC/07998/15A"	2	2	14	0	0	0	0	"N1"
"SSC_07998_15A__SSC_07998_15A__N3C066"	"N3"	"SSC/07998/15A"	"SSc-ILD"	"SSC/07998/15A"	2	2	14	0	0	0	0	"N1"
"SSC_07998_15A__SSC_07998_15A__N3C066"	"N4"	"SSC/07998/15A"	"SSc-ILD"	"SSC/07998/15A"	2	2	14	0	0	0	0	"N1"
"SSC_07998_15A__SSC_07998_15A__N3C066"	"N5"	"SSC/07998/15A"	"SSc-ILD"	"SSC/07998/15A"	2	2	14	4	2	0.285714285714286	1	"N1"
"SSC_07998_15A__SSC_07998_15A__N3C066"	"N6"	"SSC/07998/15A"	"SSc-ILD"	"SSC/07998/15A"	2	2	14	0	0	0	0	"N1"
"SSC_07998_15A__SSC_07998_15A__N3C066"	"N7"	"SSC/07998/15A"	"SSc-ILD"	"SSC/07998/15A"	2	2	14	0	0	0	0	"N1"
"SSC_07998_15A__SSC_07998_15A__N3C066"	"N8"	"SSC/07998/15A"	"SSc-ILD"	"SSC/07998/15A"	2	2	14	3	1	0.214285714285714	0.5	"N1"
"SSC_07998_15A__SSC_07998_15A__N3C067"	"N1"	"SSC/07998/15A"	"SSc-ILD"	"SSC/07998/15A"	1	1	8	2	1	0.25	1	"N7"
"SSC_07998_15A__SSC_07998_15A__N3C067"	"N2"	"SSC/07998/15A"	"SSc-ILD"	"SSC/07998/15A"	1	1	8	0	0	0	0	"N7"
"SSC_07998_15A__SSC_07998_15A__N3C067"	"N3"	"SSC/07998/15A"	"SSc-ILD"	"SSC/07998/15A"	1	1	8	0	0	0	0	"N7"
"SSC_07998_15A__SSC_07998_15A__N3C067"	"N4"	"SSC/07998/15A"	"SSc-ILD"	"SSC/07998/15A"	1	1	8	0	0	0	0	"N7"
"SSC_07998_15A__SSC_07998_15A__N3C067"	"N5"	"SSC/07998/15A"	"SSc-ILD"	"SSC/07998/15A"	1	1	8	1	1	0.125	1	"N7"
"SSC_07998_15A__SSC_07998_15A__N3C067"	"N6"	"SSC/07998/15A"	"SSc-ILD"	"SSC/07998/15A"	1	1	8	2	1	0.25	1	"N7"
"SSC_07998_15A__SSC_07998_15A__N3C067"	"N7"	"SSC/07998/15A"	"SSc-ILD"	"SSC/07998/15A"	1	1	8	3	1	0.375	1	"N7"
"SSC_07998_15A__SSC_07998_15A__N3C067"	"N8"	"SSC/07998/15A"	"SSc-ILD"	"SSC/07998/15A"	1	1	8	0	0	0	0	"N7"
"SSC_07998_15A__SSC_07998_15A__N3C068"	"N1"	"SSC/07998/15A"	"SSc-ILD"	"SSC/07998/15A"	1	1	8	0	0	0	0	"N8"
"SSC_07998_15A__SSC_07998_15A__N3C068"	"N2"	"SSC/07998/15A"	"SSc-ILD"	"SSC/07998/15A"	1	1	8	0	0	0	0	"N8"
"SSC_07998_15A__SSC_07998_15A__N3C068"	"N3"	"SSC/07998/15A"	"SSc-ILD"	"SSC/07998/15A"	1	1	8	0	0	0	0	"N8"
"SSC_07998_15A__SSC_07998_15A__N3C068"	"N4"	"SSC/07998/15A"	"SSc-ILD"	"SSC/07998/15A"	1	1	8	0	0	0	0	"N8"
"SSC_07998_15A__SSC_07998_15A__N3C068"	"N5"	"SSC/07998/15A"	"SSc-ILD"	"SSC/07998/15A"	1	1	8	1	1	0.125	1	"N8"
"SSC_07998_15A__SSC_07998_15A__N3C068"	"N6"	"SSC/07998/15A"	"SSc-ILD"	"SSC/07998/15A"	1	1	8	0	0	0	0	"N8"
"SSC_07998_15A__SSC_07998_15A__N3C068"	"N7"	"SSC/07998/15A"	"SSc-ILD"	"SSC/07998/15A"	1	1	8	0	0	0	0	"N8"
"SSC_07998_15A__SSC_07998_15A__N3C068"	"N8"	"SSC/07998/15A"	"SSc-ILD"	"SSC/07998/15A"	1	1	8	7	1	0.875	1	"N8"
"SSC_07998_15A__SSC_07998_15A__N3C069"	"N1"	"SSC/07998/15A"	"SSc-ILD"	"SSC/07998/15A"	1	1	8	2	1	0.25	1	"N7"
"SSC_07998_15A__SSC_07998_15A__N3C069"	"N2"	"SSC/07998/15A"	"SSc-ILD"	"SSC/07998/15A"	1	1	8	0	0	0	0	"N7"
"SSC_07998_15A__SSC_07998_15A__N3C069"	"N3"	"SSC/07998/15A"	"SSc-ILD"	"SSC/07998/15A"	1	1	8	0	0	0	0	"N7"
"SSC_07998_15A__SSC_07998_15A__N3C069"	"N4"	"SSC/07998/15A"	"SSc-ILD"	"SSC/07998/15A"	1	1	8	0	0	0	0	"N7"
"SSC_07998_15A__SSC_07998_15A__N3C069"	"N5"	"SSC/07998/15A"	"SSc-ILD"	"SSC/07998/15A"	1	1	8	0	0	0	0	"N7"
"SSC_07998_15A__SSC_07998_15A__N3C069"	"N6"	"SSC/07998/15A"	"SSc-ILD"	"SSC/07998/15A"	1	1	8	1	1	0.125	1	"N7"
"SSC_07998_15A__SSC_07998_15A__N3C069"	"N7"	"SSC/07998/15A"	"SSc-ILD"	"SSC/07998/15A"	1	1	8	5	1	0.625	1	"N7"
"SSC_07998_15A__SSC_07998_15A__N3C069"	"N8"	"SSC/07998/15A"	"SSc-ILD"	"SSC/07998/15A"	1	1	8	0	0	0	0	"N7"
"SSC_07998_15A__SSC_07998_15A__N3C070"	"N1"	"SSC/07998/15A"	"SSc-ILD"	"SSC/07998/15A"	1	1	3	1	1	0.333333333333333	1	"N1; N5; N6"
"SSC_07998_15A__SSC_07998_15A__N3C070"	"N2"	"SSC/07998/15A"	"SSc-ILD"	"SSC/07998/15A"	1	1	3	0	0	0	0	"N1; N5; N6"
"SSC_07998_15A__SSC_07998_15A__N3C070"	"N3"	"SSC/07998/15A"	"SSc-ILD"	"SSC/07998/15A"	1	1	3	0	0	0	0	"N1; N5; N6"
"SSC_07998_15A__SSC_07998_15A__N3C070"	"N4"	"SSC/07998/15A"	"SSc-ILD"	"SSC/07998/15A"	1	1	3	0	0	0	0	"N1; N5; N6"
"SSC_07998_15A__SSC_07998_15A__N3C070"	"N5"	"SSC/07998/15A"	"SSc-ILD"	"SSC/07998/15A"	1	1	3	1	1	0.333333333333333	1	"N1; N5; N6"
"SSC_07998_15A__SSC_07998_15A__N3C070"	"N6"	"SSC/07998/15A"	"SSc-ILD"	"SSC/07998/15A"	1	1	3	1	1	0.333333333333333	1	"N1; N5; N6"
"SSC_07998_15A__SSC_07998_15A__N3C070"	"N7"	"SSC/07998/15A"	"SSc-ILD"	"SSC/07998/15A"	1	1	3	0	0	0	0	"N1; N5; N6"
"SSC_07998_15A__SSC_07998_15A__N3C070"	"N8"	"SSC/07998/15A"	"SSc-ILD"	"SSC/07998/15A"	1	1	3	0	0	0	0	"N1; N5; N6"
"SSC_07998_15A__SSC_07998_15A__N3C071"	"N1"	"SSC/07998/15A"	"SSc-ILD"	"SSC/07998/15A"	8	8	38	21	8	0.552631578947369	1	"N1"
"SSC_07998_15A__SSC_07998_15A__N3C071"	"N2"	"SSC/07998/15A"	"SSc-ILD"	"SSC/07998/15A"	8	8	38	0	0	0	0	"N1"
"SSC_07998_15A__SSC_07998_15A__N3C071"	"N3"	"SSC/07998/15A"	"SSc-ILD"	"SSC/07998/15A"	8	8	38	0	0	0	0	"N1"
"SSC_07998_15A__SSC_07998_15A__N3C071"	"N4"	"SSC/07998/15A"	"SSc-ILD"	"SSC/07998/15A"	8	8	38	0	0	0	0	"N1"
"SSC_07998_15A__SSC_07998_15A__N3C071"	"N5"	"SSC/07998/15A"	"SSc-ILD"	"SSC/07998/15A"	8	8	38	4	4	0.105263157894737	0.5	"N1"
"SSC_07998_15A__SSC_07998_15A__N3C071"	"N6"	"SSC/07998/15A"	"SSc-ILD"	"SSC/07998/15A"	8	8	38	0	0	0	0	"N1"
"SSC_07998_15A__SSC_07998_15A__N3C071"	"N7"	"SSC/07998/15A"	"SSc-ILD"	"SSC/07998/15A"	8	8	38	10	5	0.263157894736842	0.625	"N1"
"SSC_07998_15A__SSC_07998_15A__N3C071"	"N8"	"SSC/07998/15A"	"SSc-ILD"	"SSC/07998/15A"	8	8	38	3	3	0.0789473684210526	0.375	"N1"
"SSC_07998_15A__SSC_07998_15A__N3C072"	"N1"	"SSC/07998/15A"	"SSc-ILD"	"SSC/07998/15A"	3	3	20	15	3	0.75	1	"N1"
"SSC_07998_15A__SSC_07998_15A__N3C072"	"N2"	"SSC/07998/15A"	"SSc-ILD"	"SSC/07998/15A"	3	3	20	0	0	0	0	"N1"
"SSC_07998_15A__SSC_07998_15A__N3C072"	"N3"	"SSC/07998/15A"	"SSc-ILD"	"SSC/07998/15A"	3	3	20	0	0	0	0	"N1"
"SSC_07998_15A__SSC_07998_15A__N3C072"	"N4"	"SSC/07998/15A"	"SSc-ILD"	"SSC/07998/15A"	3	3	20	0	0	0	0	"N1"
"SSC_07998_15A__SSC_07998_15A__N3C072"	"N5"	"SSC/07998/15A"	"SSc-ILD"	"SSC/07998/15A"	3	3	20	2	1	0.1	0.333333333333333	"N1"
"SSC_07998_15A__SSC_07998_15A__N3C072"	"N6"	"SSC/07998/15A"	"SSc-ILD"	"SSC/07998/15A"	3	3	20	0	0	0	0	"N1"
"SSC_07998_15A__SSC_07998_15A__N3C072"	"N7"	"SSC/07998/15A"	"SSc-ILD"	"SSC/07998/15A"	3	3	20	0	0	0	0	"N1"
"SSC_07998_15A__SSC_07998_15A__N3C072"	"N8"	"SSC/07998/15A"	"SSc-ILD"	"SSC/07998/15A"	3	3	20	3	3	0.15	1	"N1"
"SSC_07998_15A__SSC_07998_15A__N3C073"	"N1"	"SSC/07998/15A"	"SSc-ILD"	"SSC/07998/15A"	1	1	8	2	1	0.25	1	"N5"
"SSC_07998_15A__SSC_07998_15A__N3C073"	"N2"	"SSC/07998/15A"	"SSc-ILD"	"SSC/07998/15A"	1	1	8	0	0	0	0	"N5"
"SSC_07998_15A__SSC_07998_15A__N3C073"	"N3"	"SSC/07998/15A"	"SSc-ILD"	"SSC/07998/15A"	1	1	8	0	0	0	0	"N5"
"SSC_07998_15A__SSC_07998_15A__N3C073"	"N4"	"SSC/07998/15A"	"SSc-ILD"	"SSC/07998/15A"	1	1	8	0	0	0	0	"N5"
"SSC_07998_15A__SSC_07998_15A__N3C073"	"N5"	"SSC/07998/15A"	"SSc-ILD"	"SSC/07998/15A"	1	1	8	3	1	0.375	1	"N5"
"SSC_07998_15A__SSC_07998_15A__N3C073"	"N6"	"SSC/07998/15A"	"SSc-ILD"	"SSC/07998/15A"	1	1	8	0	0	0	0	"N5"
"SSC_07998_15A__SSC_07998_15A__N3C073"	"N7"	"SSC/07998/15A"	"SSc-ILD"	"SSC/07998/15A"	1	1	8	1	1	0.125	1	"N5"
"SSC_07998_15A__SSC_07998_15A__N3C073"	"N8"	"SSC/07998/15A"	"SSc-ILD"	"SSC/07998/15A"	1	1	8	2	1	0.25	1	"N5"
"SSC_07998_15A__SSC_07998_15A__N3C074"	"N1"	"SSC/07998/15A"	"SSc-ILD"	"SSC/07998/15A"	1	1	8	1	1	0.125	1	"N7"
"SSC_07998_15A__SSC_07998_15A__N3C074"	"N2"	"SSC/07998/15A"	"SSc-ILD"	"SSC/07998/15A"	1	1	8	0	0	0	0	"N7"
"SSC_07998_15A__SSC_07998_15A__N3C074"	"N3"	"SSC/07998/15A"	"SSc-ILD"	"SSC/07998/15A"	1	1	8	0	0	0	0	"N7"
"SSC_07998_15A__SSC_07998_15A__N3C074"	"N4"	"SSC/07998/15A"	"SSc-ILD"	"SSC/07998/15A"	1	1	8	0	0	0	0	"N7"
"SSC_07998_15A__SSC_07998_15A__N3C074"	"N5"	"SSC/07998/15A"	"SSc-ILD"	"SSC/07998/15A"	1	1	8	1	1	0.125	1	"N7"
"SSC_07998_15A__SSC_07998_15A__N3C074"	"N6"	"SSC/07998/15A"	"SSc-ILD"	"SSC/07998/15A"	1	1	8	0	0	0	0	"N7"
"SSC_07998_15A__SSC_07998_15A__N3C074"	"N7"	"SSC/07998/15A"	"SSc-ILD"	"SSC/07998/15A"	1	1	8	6	1	0.75	1	"N7"
"SSC_07998_15A__SSC_07998_15A__N3C074"	"N8"	"SSC/07998/15A"	"SSc-ILD"	"SSC/07998/15A"	1	1	8	0	0	0	0	"N7"
"SSC_07998_15A__SSC_07998_15A__N3C075"	"N1"	"SSC/07998/15A"	"SSc-ILD"	"SSC/07998/15A"	2	2	14	8	2	0.571428571428571	1	"N1"
"SSC_07998_15A__SSC_07998_15A__N3C075"	"N2"	"SSC/07998/15A"	"SSc-ILD"	"SSC/07998/15A"	2	2	14	0	0	0	0	"N1"
"SSC_07998_15A__SSC_07998_15A__N3C075"	"N3"	"SSC/07998/15A"	"SSc-ILD"	"SSC/07998/15A"	2	2	14	0	0	0	0	"N1"
"SSC_07998_15A__SSC_07998_15A__N3C075"	"N4"	"SSC/07998/15A"	"SSc-ILD"	"SSC/07998/15A"	2	2	14	0	0	0	0	"N1"
"SSC_07998_15A__SSC_07998_15A__N3C075"	"N5"	"SSC/07998/15A"	"SSc-ILD"	"SSC/07998/15A"	2	2	14	0	0	0	0	"N1"
"SSC_07998_15A__SSC_07998_15A__N3C075"	"N6"	"SSC/07998/15A"	"SSc-ILD"	"SSC/07998/15A"	2	2	14	0	0	0	0	"N1"
"SSC_07998_15A__SSC_07998_15A__N3C075"	"N7"	"SSC/07998/15A"	"SSc-ILD"	"SSC/07998/15A"	2	2	14	6	2	0.428571428571429	1	"N1"
"SSC_07998_15A__SSC_07998_15A__N3C075"	"N8"	"SSC/07998/15A"	"SSc-ILD"	"SSC/07998/15A"	2	2	14	0	0	0	0	"N1"
"SSC_07998_15A__SSC_07998_15A__N3C076"	"N1"	"SSC/07998/15A"	"SSc-ILD"	"SSC/07998/15A"	1	1	8	2	1	0.25	1	"N8"
"SSC_07998_15A__SSC_07998_15A__N3C076"	"N2"	"SSC/07998/15A"	"SSc-ILD"	"SSC/07998/15A"	1	1	8	1	1	0.125	1	"N8"
"SSC_07998_15A__SSC_07998_15A__N3C076"	"N3"	"SSC/07998/15A"	"SSc-ILD"	"SSC/07998/15A"	1	1	8	0	0	0	0	"N8"
"SSC_07998_15A__SSC_07998_15A__N3C076"	"N4"	"SSC/07998/15A"	"SSc-ILD"	"SSC/07998/15A"	1	1	8	0	0	0	0	"N8"
"SSC_07998_15A__SSC_07998_15A__N3C076"	"N5"	"SSC/07998/15A"	"SSc-ILD"	"SSC/07998/15A"	1	1	8	0	0	0	0	"N8"
"SSC_07998_15A__SSC_07998_15A__N3C076"	"N6"	"SSC/07998/15A"	"SSc-ILD"	"SSC/07998/15A"	1	1	8	2	1	0.25	1	"N8"
"SSC_07998_15A__SSC_07998_15A__N3C076"	"N7"	"SSC/07998/15A"	"SSc-ILD"	"SSC/07998/15A"	1	1	8	0	0	0	0	"N8"
"SSC_07998_15A__SSC_07998_15A__N3C076"	"N8"	"SSC/07998/15A"	"SSc-ILD"	"SSC/07998/15A"	1	1	8	3	1	0.375	1	"N8"
"SSC_07998_15A__SSC_07998_15A__N3C077"	"N1"	"SSC/07998/15A"	"SSc-ILD"	"SSC/07998/15A"	1	1	5	1	1	0.2	1	"N2; N6"
"SSC_07998_15A__SSC_07998_15A__N3C077"	"N2"	"SSC/07998/15A"	"SSc-ILD"	"SSC/07998/15A"	1	1	5	2	1	0.4	1	"N2; N6"
"SSC_07998_15A__SSC_07998_15A__N3C077"	"N3"	"SSC/07998/15A"	"SSc-ILD"	"SSC/07998/15A"	1	1	5	0	0	0	0	"N2; N6"
"SSC_07998_15A__SSC_07998_15A__N3C077"	"N4"	"SSC/07998/15A"	"SSc-ILD"	"SSC/07998/15A"	1	1	5	0	0	0	0	"N2; N6"
"SSC_07998_15A__SSC_07998_15A__N3C077"	"N5"	"SSC/07998/15A"	"SSc-ILD"	"SSC/07998/15A"	1	1	5	0	0	0	0	"N2; N6"
"SSC_07998_15A__SSC_07998_15A__N3C077"	"N6"	"SSC/07998/15A"	"SSc-ILD"	"SSC/07998/15A"	1	1	5	2	1	0.4	1	"N2; N6"
"SSC_07998_15A__SSC_07998_15A__N3C077"	"N7"	"SSC/07998/15A"	"SSc-ILD"	"SSC/07998/15A"	1	1	5	0	0	0	0	"N2; N6"
"SSC_07998_15A__SSC_07998_15A__N3C077"	"N8"	"SSC/07998/15A"	"SSc-ILD"	"SSC/07998/15A"	1	1	5	0	0	0	0	"N2; N6"
"SSC_07998_15A__SSC_07998_15A__N3C078"	"N1"	"SSC/07998/15A"	"SSc-ILD"	"SSC/07998/15A"	1	1	4	0	0	0	0	"N7"
"SSC_07998_15A__SSC_07998_15A__N3C078"	"N2"	"SSC/07998/15A"	"SSc-ILD"	"SSC/07998/15A"	1	1	4	0	0	0	0	"N7"
"SSC_07998_15A__SSC_07998_15A__N3C078"	"N3"	"SSC/07998/15A"	"SSc-ILD"	"SSC/07998/15A"	1	1	4	0	0	0	0	"N7"
"SSC_07998_15A__SSC_07998_15A__N3C078"	"N4"	"SSC/07998/15A"	"SSc-ILD"	"SSC/07998/15A"	1	1	4	0	0	0	0	"N7"
"SSC_07998_15A__SSC_07998_15A__N3C078"	"N5"	"SSC/07998/15A"	"SSc-ILD"	"SSC/07998/15A"	1	1	4	1	1	0.25	1	"N7"
"SSC_07998_15A__SSC_07998_15A__N3C078"	"N6"	"SSC/07998/15A"	"SSc-ILD"	"SSC/07998/15A"	1	1	4	0	0	0	0	"N7"
"SSC_07998_15A__SSC_07998_15A__N3C078"	"N7"	"SSC/07998/15A"	"SSc-ILD"	"SSC/07998/15A"	1	1	4	3	1	0.75	1	"N7"
"SSC_07998_15A__SSC_07998_15A__N3C078"	"N8"	"SSC/07998/15A"	"SSc-ILD"	"SSC/07998/15A"	1	1	4	0	0	0	0	"N7"
"SSC_07998_15A__SSC_07998_15A__N3C079"	"N1"	"SSC/07998/15A"	"SSc-ILD"	"SSC/07998/15A"	1	1	8	5	1	0.625	1	"N1"
"SSC_07998_15A__SSC_07998_15A__N3C079"	"N2"	"SSC/07998/15A"	"SSc-ILD"	"SSC/07998/15A"	1	1	8	0	0	0	0	"N1"
"SSC_07998_15A__SSC_07998_15A__N3C079"	"N3"	"SSC/07998/15A"	"SSc-ILD"	"SSC/07998/15A"	1	1	8	0	0	0	0	"N1"
"SSC_07998_15A__SSC_07998_15A__N3C079"	"N4"	"SSC/07998/15A"	"SSc-ILD"	"SSC/07998/15A"	1	1	8	0	0	0	0	"N1"
"SSC_07998_15A__SSC_07998_15A__N3C079"	"N5"	"SSC/07998/15A"	"SSc-ILD"	"SSC/07998/15A"	1	1	8	0	0	0	0	"N1"
"SSC_07998_15A__SSC_07998_15A__N3C079"	"N6"	"SSC/07998/15A"	"SSc-ILD"	"SSC/07998/15A"	1	1	8	0	0	0	0	"N1"
"SSC_07998_15A__SSC_07998_15A__N3C079"	"N7"	"SSC/07998/15A"	"SSc-ILD"	"SSC/07998/15A"	1	1	8	3	1	0.375	1	"N1"
"SSC_07998_15A__SSC_07998_15A__N3C079"	"N8"	"SSC/07998/15A"	"SSc-ILD"	"SSC/07998/15A"	1	1	8	0	0	0	0	"N1"
"SSC_07998_15A__SSC_07998_15A__N3C080"	"N1"	"SSC/07998/15A"	"SSc-ILD"	"SSC/07998/15A"	9	9	36	2	2	0.0555555555555556	0.222222222222222	"N5"
"SSC_07998_15A__SSC_07998_15A__N3C080"	"N2"	"SSC/07998/15A"	"SSc-ILD"	"SSC/07998/15A"	9	9	36	0	0	0	0	"N5"
"SSC_07998_15A__SSC_07998_15A__N3C080"	"N3"	"SSC/07998/15A"	"SSc-ILD"	"SSC/07998/15A"	9	9	36	0	0	0	0	"N5"
"SSC_07998_15A__SSC_07998_15A__N3C080"	"N4"	"SSC/07998/15A"	"SSc-ILD"	"SSC/07998/15A"	9	9	36	0	0	0	0	"N5"
"SSC_07998_15A__SSC_07998_15A__N3C080"	"N5"	"SSC/07998/15A"	"SSc-ILD"	"SSC/07998/15A"	9	9	36	20	9	0.555555555555556	1	"N5"
"SSC_07998_15A__SSC_07998_15A__N3C080"	"N6"	"SSC/07998/15A"	"SSc-ILD"	"SSC/07998/15A"	9	9	36	0	0	0	0	"N5"
"SSC_07998_15A__SSC_07998_15A__N3C080"	"N7"	"SSC/07998/15A"	"SSc-ILD"	"SSC/07998/15A"	9	9	36	0	0	0	0	"N5"
"SSC_07998_15A__SSC_07998_15A__N3C080"	"N8"	"SSC/07998/15A"	"SSc-ILD"	"SSC/07998/15A"	9	9	36	14	7	0.388888888888889	0.777777777777778	"N5"
"SSC_07998_15A__SSC_07998_15A__N3C081"	"N1"	"SSC/07998/15A"	"SSc-ILD"	"SSC/07998/15A"	4	4	20	16	4	0.8	1	"N1"
"SSC_07998_15A__SSC_07998_15A__N3C081"	"N2"	"SSC/07998/15A"	"SSc-ILD"	"SSC/07998/15A"	4	4	20	0	0	0	0	"N1"
"SSC_07998_15A__SSC_07998_15A__N3C081"	"N3"	"SSC/07998/15A"	"SSc-ILD"	"SSC/07998/15A"	4	4	20	0	0	0	0	"N1"
"SSC_07998_15A__SSC_07998_15A__N3C081"	"N4"	"SSC/07998/15A"	"SSc-ILD"	"SSC/07998/15A"	4	4	20	0	0	0	0	"N1"
"SSC_07998_15A__SSC_07998_15A__N3C081"	"N5"	"SSC/07998/15A"	"SSc-ILD"	"SSC/07998/15A"	4	4	20	1	1	0.05	0.25	"N1"
"SSC_07998_15A__SSC_07998_15A__N3C081"	"N6"	"SSC/07998/15A"	"SSc-ILD"	"SSC/07998/15A"	4	4	20	0	0	0	0	"N1"
"SSC_07998_15A__SSC_07998_15A__N3C081"	"N7"	"SSC/07998/15A"	"SSc-ILD"	"SSC/07998/15A"	4	4	20	3	2	0.15	0.5	"N1"
"SSC_07998_15A__SSC_07998_15A__N3C081"	"N8"	"SSC/07998/15A"	"SSc-ILD"	"SSC/07998/15A"	4	4	20	0	0	0	0	"N1"
"SSC_07998_15A__SSC_07998_15A__N3C082"	"N1"	"SSC/07998/15A"	"SSc-ILD"	"SSC/07998/15A"	1	1	2	0	0	0	0	"N4; N5"
"SSC_07998_15A__SSC_07998_15A__N3C082"	"N2"	"SSC/07998/15A"	"SSc-ILD"	"SSC/07998/15A"	1	1	2	0	0	0	0	"N4; N5"
"SSC_07998_15A__SSC_07998_15A__N3C082"	"N3"	"SSC/07998/15A"	"SSc-ILD"	"SSC/07998/15A"	1	1	2	0	0	0	0	"N4; N5"
"SSC_07998_15A__SSC_07998_15A__N3C082"	"N4"	"SSC/07998/15A"	"SSc-ILD"	"SSC/07998/15A"	1	1	2	1	1	0.5	1	"N4; N5"
"SSC_07998_15A__SSC_07998_15A__N3C082"	"N5"	"SSC/07998/15A"	"SSc-ILD"	"SSC/07998/15A"	1	1	2	1	1	0.5	1	"N4; N5"
"SSC_07998_15A__SSC_07998_15A__N3C082"	"N6"	"SSC/07998/15A"	"SSc-ILD"	"SSC/07998/15A"	1	1	2	0	0	0	0	"N4; N5"
"SSC_07998_15A__SSC_07998_15A__N3C082"	"N7"	"SSC/07998/15A"	"SSc-ILD"	"SSC/07998/15A"	1	1	2	0	0	0	0	"N4; N5"
"SSC_07998_15A__SSC_07998_15A__N3C082"	"N8"	"SSC/07998/15A"	"SSc-ILD"	"SSC/07998/15A"	1	1	2	0	0	0	0	"N4; N5"
"SSC_07998_15A__SSC_07998_15A__N3C083"	"N1"	"SSC/07998/15A"	"SSc-ILD"	"SSC/07998/15A"	2	2	10	0	0	0	0	"N5"
"SSC_07998_15A__SSC_07998_15A__N3C083"	"N2"	"SSC/07998/15A"	"SSc-ILD"	"SSC/07998/15A"	2	2	10	0	0	0	0	"N5"
"SSC_07998_15A__SSC_07998_15A__N3C083"	"N3"	"SSC/07998/15A"	"SSc-ILD"	"SSC/07998/15A"	2	2	10	0	0	0	0	"N5"
"SSC_07998_15A__SSC_07998_15A__N3C083"	"N4"	"SSC/07998/15A"	"SSc-ILD"	"SSC/07998/15A"	2	2	10	1	1	0.1	0.5	"N5"
"SSC_07998_15A__SSC_07998_15A__N3C083"	"N5"	"SSC/07998/15A"	"SSc-ILD"	"SSC/07998/15A"	2	2	10	5	2	0.5	1	"N5"
"SSC_07998_15A__SSC_07998_15A__N3C083"	"N6"	"SSC/07998/15A"	"SSc-ILD"	"SSC/07998/15A"	2	2	10	0	0	0	0	"N5"
"SSC_07998_15A__SSC_07998_15A__N3C083"	"N7"	"SSC/07998/15A"	"SSc-ILD"	"SSC/07998/15A"	2	2	10	4	2	0.4	1	"N5"
"SSC_07998_15A__SSC_07998_15A__N3C083"	"N8"	"SSC/07998/15A"	"SSc-ILD"	"SSC/07998/15A"	2	2	10	0	0	0	0	"N5"
"SSC_07998_15A__SSC_07998_15A__N3C084"	"N1"	"SSC/07998/15A"	"SSc-ILD"	"SSC/07998/15A"	5	5	19	6	4	0.315789473684211	0.8	"N7"
"SSC_07998_15A__SSC_07998_15A__N3C084"	"N2"	"SSC/07998/15A"	"SSc-ILD"	"SSC/07998/15A"	5	5	19	0	0	0	0	"N7"
"SSC_07998_15A__SSC_07998_15A__N3C084"	"N3"	"SSC/07998/15A"	"SSc-ILD"	"SSC/07998/15A"	5	5	19	0	0	0	0	"N7"
"SSC_07998_15A__SSC_07998_15A__N3C084"	"N4"	"SSC/07998/15A"	"SSc-ILD"	"SSC/07998/15A"	5	5	19	1	1	0.0526315789473684	0.2	"N7"
"SSC_07998_15A__SSC_07998_15A__N3C084"	"N5"	"SSC/07998/15A"	"SSc-ILD"	"SSC/07998/15A"	5	5	19	2	2	0.105263157894737	0.4	"N7"
"SSC_07998_15A__SSC_07998_15A__N3C084"	"N6"	"SSC/07998/15A"	"SSc-ILD"	"SSC/07998/15A"	5	5	19	0	0	0	0	"N7"
"SSC_07998_15A__SSC_07998_15A__N3C084"	"N7"	"SSC/07998/15A"	"SSc-ILD"	"SSC/07998/15A"	5	5	19	7	4	0.368421052631579	0.8	"N7"
"SSC_07998_15A__SSC_07998_15A__N3C084"	"N8"	"SSC/07998/15A"	"SSc-ILD"	"SSC/07998/15A"	5	5	19	3	3	0.157894736842105	0.6	"N7"
"SSC_07998_15A__SSC_07998_15A__N3C085"	"N1"	"SSC/07998/15A"	"SSc-ILD"	"SSC/07998/15A"	1	1	8	4	1	0.5	1	"N1; N8"
"SSC_07998_15A__SSC_07998_15A__N3C085"	"N2"	"SSC/07998/15A"	"SSc-ILD"	"SSC/07998/15A"	1	1	8	0	0	0	0	"N1; N8"
"SSC_07998_15A__SSC_07998_15A__N3C085"	"N3"	"SSC/07998/15A"	"SSc-ILD"	"SSC/07998/15A"	1	1	8	0	0	0	0	"N1; N8"
"SSC_07998_15A__SSC_07998_15A__N3C085"	"N4"	"SSC/07998/15A"	"SSc-ILD"	"SSC/07998/15A"	1	1	8	0	0	0	0	"N1; N8"
"SSC_07998_15A__SSC_07998_15A__N3C085"	"N5"	"SSC/07998/15A"	"SSc-ILD"	"SSC/07998/15A"	1	1	8	0	0	0	0	"N1; N8"
"SSC_07998_15A__SSC_07998_15A__N3C085"	"N6"	"SSC/07998/15A"	"SSc-ILD"	"SSC/07998/15A"	1	1	8	0	0	0	0	"N1; N8"
"SSC_07998_15A__SSC_07998_15A__N3C085"	"N7"	"SSC/07998/15A"	"SSc-ILD"	"SSC/07998/15A"	1	1	8	0	0	0	0	"N1; N8"
"SSC_07998_15A__SSC_07998_15A__N3C085"	"N8"	"SSC/07998/15A"	"SSc-ILD"	"SSC/07998/15A"	1	1	8	4	1	0.5	1	"N1; N8"
"SSC_07998_15A__SSC_07998_15A__N3C086"	"N1"	"SSC/07998/15A"	"SSc-ILD"	"SSC/07998/15A"	2	2	14	2	1	0.142857142857143	0.5	"N6"
"SSC_07998_15A__SSC_07998_15A__N3C086"	"N2"	"SSC/07998/15A"	"SSc-ILD"	"SSC/07998/15A"	2	2	14	0	0	0	0	"N6"
"SSC_07998_15A__SSC_07998_15A__N3C086"	"N3"	"SSC/07998/15A"	"SSc-ILD"	"SSC/07998/15A"	2	2	14	0	0	0	0	"N6"
"SSC_07998_15A__SSC_07998_15A__N3C086"	"N4"	"SSC/07998/15A"	"SSc-ILD"	"SSC/07998/15A"	2	2	14	1	1	0.0714285714285714	0.5	"N6"
"SSC_07998_15A__SSC_07998_15A__N3C086"	"N5"	"SSC/07998/15A"	"SSc-ILD"	"SSC/07998/15A"	2	2	14	2	1	0.142857142857143	0.5	"N6"
"SSC_07998_15A__SSC_07998_15A__N3C086"	"N6"	"SSC/07998/15A"	"SSc-ILD"	"SSC/07998/15A"	2	2	14	6	2	0.428571428571429	1	"N6"
"SSC_07998_15A__SSC_07998_15A__N3C086"	"N7"	"SSC/07998/15A"	"SSc-ILD"	"SSC/07998/15A"	2	2	14	0	0	0	0	"N6"
"SSC_07998_15A__SSC_07998_15A__N3C086"	"N8"	"SSC/07998/15A"	"SSc-ILD"	"SSC/07998/15A"	2	2	14	3	2	0.214285714285714	1	"N6"
"SSC_07998_15A__SSC_07998_15A__N3C087"	"N1"	"SSC/07998/15A"	"SSc-ILD"	"SSC/07998/15A"	5	5	30	20	5	0.666666666666667	1	"N1"
"SSC_07998_15A__SSC_07998_15A__N3C087"	"N2"	"SSC/07998/15A"	"SSc-ILD"	"SSC/07998/15A"	5	5	30	0	0	0	0	"N1"
"SSC_07998_15A__SSC_07998_15A__N3C087"	"N3"	"SSC/07998/15A"	"SSc-ILD"	"SSC/07998/15A"	5	5	30	0	0	0	0	"N1"
"SSC_07998_15A__SSC_07998_15A__N3C087"	"N4"	"SSC/07998/15A"	"SSc-ILD"	"SSC/07998/15A"	5	5	30	0	0	0	0	"N1"
"SSC_07998_15A__SSC_07998_15A__N3C087"	"N5"	"SSC/07998/15A"	"SSc-ILD"	"SSC/07998/15A"	5	5	30	1	1	0.0333333333333333	0.2	"N1"
"SSC_07998_15A__SSC_07998_15A__N3C087"	"N6"	"SSC/07998/15A"	"SSc-ILD"	"SSC/07998/15A"	5	5	30	0	0	0	0	"N1"
"SSC_07998_15A__SSC_07998_15A__N3C087"	"N7"	"SSC/07998/15A"	"SSc-ILD"	"SSC/07998/15A"	5	5	30	9	4	0.3	0.8	"N1"
"SSC_07998_15A__SSC_07998_15A__N3C087"	"N8"	"SSC/07998/15A"	"SSc-ILD"	"SSC/07998/15A"	5	5	30	0	0	0	0	"N1"
"SSC_07998_15A__SSC_07998_15A__N3C088"	"N1"	"SSC/07998/15A"	"SSc-ILD"	"SSC/07998/15A"	1	1	8	1	1	0.125	1	"N5"
"SSC_07998_15A__SSC_07998_15A__N3C088"	"N2"	"SSC/07998/15A"	"SSc-ILD"	"SSC/07998/15A"	1	1	8	0	0	0	0	"N5"
"SSC_07998_15A__SSC_07998_15A__N3C088"	"N3"	"SSC/07998/15A"	"SSc-ILD"	"SSC/07998/15A"	1	1	8	0	0	0	0	"N5"
"SSC_07998_15A__SSC_07998_15A__N3C088"	"N4"	"SSC/07998/15A"	"SSc-ILD"	"SSC/07998/15A"	1	1	8	0	0	0	0	"N5"
"SSC_07998_15A__SSC_07998_15A__N3C088"	"N5"	"SSC/07998/15A"	"SSc-ILD"	"SSC/07998/15A"	1	1	8	4	1	0.5	1	"N5"
"SSC_07998_15A__SSC_07998_15A__N3C088"	"N6"	"SSC/07998/15A"	"SSc-ILD"	"SSC/07998/15A"	1	1	8	0	0	0	0	"N5"
"SSC_07998_15A__SSC_07998_15A__N3C088"	"N7"	"SSC/07998/15A"	"SSc-ILD"	"SSC/07998/15A"	1	1	8	3	1	0.375	1	"N5"
"SSC_07998_15A__SSC_07998_15A__N3C088"	"N8"	"SSC/07998/15A"	"SSc-ILD"	"SSC/07998/15A"	1	1	8	0	0	0	0	"N5"
"SSC_07998_15A__SSC_07998_15A__N3C089"	"N1"	"SSC/07998/15A"	"SSc-ILD"	"SSC/07998/15A"	1	1	4	1	1	0.25	1	"N5"
"SSC_07998_15A__SSC_07998_15A__N3C089"	"N2"	"SSC/07998/15A"	"SSc-ILD"	"SSC/07998/15A"	1	1	4	1	1	0.25	1	"N5"
"SSC_07998_15A__SSC_07998_15A__N3C089"	"N3"	"SSC/07998/15A"	"SSc-ILD"	"SSC/07998/15A"	1	1	4	0	0	0	0	"N5"
"SSC_07998_15A__SSC_07998_15A__N3C089"	"N4"	"SSC/07998/15A"	"SSc-ILD"	"SSC/07998/15A"	1	1	4	0	0	0	0	"N5"
"SSC_07998_15A__SSC_07998_15A__N3C089"	"N5"	"SSC/07998/15A"	"SSc-ILD"	"SSC/07998/15A"	1	1	4	2	1	0.5	1	"N5"
"SSC_07998_15A__SSC_07998_15A__N3C089"	"N6"	"SSC/07998/15A"	"SSc-ILD"	"SSC/07998/15A"	1	1	4	0	0	0	0	"N5"
"SSC_07998_15A__SSC_07998_15A__N3C089"	"N7"	"SSC/07998/15A"	"SSc-ILD"	"SSC/07998/15A"	1	1	4	0	0	0	0	"N5"
"SSC_07998_15A__SSC_07998_15A__N3C089"	"N8"	"SSC/07998/15A"	"SSc-ILD"	"SSC/07998/15A"	1	1	4	0	0	0	0	"N5"
"SSC_07998_15A__SSC_07998_15A__N3C090"	"N1"	"SSC/07998/15A"	"SSc-ILD"	"SSC/07998/15A"	1	1	8	3	1	0.375	1	"N1; N5"
"SSC_07998_15A__SSC_07998_15A__N3C090"	"N2"	"SSC/07998/15A"	"SSc-ILD"	"SSC/07998/15A"	1	1	8	0	0	0	0	"N1; N5"
"SSC_07998_15A__SSC_07998_15A__N3C090"	"N3"	"SSC/07998/15A"	"SSc-ILD"	"SSC/07998/15A"	1	1	8	0	0	0	0	"N1; N5"
"SSC_07998_15A__SSC_07998_15A__N3C090"	"N4"	"SSC/07998/15A"	"SSc-ILD"	"SSC/07998/15A"	1	1	8	0	0	0	0	"N1; N5"
"SSC_07998_15A__SSC_07998_15A__N3C090"	"N5"	"SSC/07998/15A"	"SSc-ILD"	"SSC/07998/15A"	1	1	8	3	1	0.375	1	"N1; N5"
"SSC_07998_15A__SSC_07998_15A__N3C090"	"N6"	"SSC/07998/15A"	"SSc-ILD"	"SSC/07998/15A"	1	1	8	0	0	0	0	"N1; N5"
"SSC_07998_15A__SSC_07998_15A__N3C090"	"N7"	"SSC/07998/15A"	"SSc-ILD"	"SSC/07998/15A"	1	1	8	0	0	0	0	"N1; N5"
"SSC_07998_15A__SSC_07998_15A__N3C090"	"N8"	"SSC/07998/15A"	"SSc-ILD"	"SSC/07998/15A"	1	1	8	2	1	0.25	1	"N1; N5"
"SSC_07998_15A__SSC_07998_15A__N3C091"	"N1"	"SSC/07998/15A"	"SSc-ILD"	"SSC/07998/15A"	8	8	46	30	8	0.652173913043478	1	"N1"
"SSC_07998_15A__SSC_07998_15A__N3C091"	"N2"	"SSC/07998/15A"	"SSc-ILD"	"SSC/07998/15A"	8	8	46	0	0	0	0	"N1"
"SSC_07998_15A__SSC_07998_15A__N3C091"	"N3"	"SSC/07998/15A"	"SSc-ILD"	"SSC/07998/15A"	8	8	46	0	0	0	0	"N1"
"SSC_07998_15A__SSC_07998_15A__N3C091"	"N4"	"SSC/07998/15A"	"SSc-ILD"	"SSC/07998/15A"	8	8	46	0	0	0	0	"N1"
"SSC_07998_15A__SSC_07998_15A__N3C091"	"N5"	"SSC/07998/15A"	"SSc-ILD"	"SSC/07998/15A"	8	8	46	13	6	0.282608695652174	0.75	"N1"
"SSC_07998_15A__SSC_07998_15A__N3C091"	"N6"	"SSC/07998/15A"	"SSc-ILD"	"SSC/07998/15A"	8	8	46	0	0	0	0	"N1"
"SSC_07998_15A__SSC_07998_15A__N3C091"	"N7"	"SSC/07998/15A"	"SSc-ILD"	"SSC/07998/15A"	8	8	46	3	3	0.0652173913043478	0.375	"N1"
"SSC_07998_15A__SSC_07998_15A__N3C091"	"N8"	"SSC/07998/15A"	"SSc-ILD"	"SSC/07998/15A"	8	8	46	0	0	0	0	"N1"
"SSC_07998_15A__SSC_07998_15A__N3C092"	"N1"	"SSC/07998/15A"	"SSc-ILD"	"SSC/07998/15A"	1	1	8	4	1	0.5	1	"N1"
"SSC_07998_15A__SSC_07998_15A__N3C092"	"N2"	"SSC/07998/15A"	"SSc-ILD"	"SSC/07998/15A"	1	1	8	0	0	0	0	"N1"
"SSC_07998_15A__SSC_07998_15A__N3C092"	"N3"	"SSC/07998/15A"	"SSc-ILD"	"SSC/07998/15A"	1	1	8	0	0	0	0	"N1"
"SSC_07998_15A__SSC_07998_15A__N3C092"	"N4"	"SSC/07998/15A"	"SSc-ILD"	"SSC/07998/15A"	1	1	8	0	0	0	0	"N1"
"SSC_07998_15A__SSC_07998_15A__N3C092"	"N5"	"SSC/07998/15A"	"SSc-ILD"	"SSC/07998/15A"	1	1	8	2	1	0.25	1	"N1"
"SSC_07998_15A__SSC_07998_15A__N3C092"	"N6"	"SSC/07998/15A"	"SSc-ILD"	"SSC/07998/15A"	1	1	8	0	0	0	0	"N1"
"SSC_07998_15A__SSC_07998_15A__N3C092"	"N7"	"SSC/07998/15A"	"SSc-ILD"	"SSC/07998/15A"	1	1	8	1	1	0.125	1	"N1"
"SSC_07998_15A__SSC_07998_15A__N3C092"	"N8"	"SSC/07998/15A"	"SSc-ILD"	"SSC/07998/15A"	1	1	8	1	1	0.125	1	"N1"
"SSC_07998_15A__SSC_07998_15A__N3C093"	"N1"	"SSC/07998/15A"	"SSc-ILD"	"SSC/07998/15A"	12	12	56	41	12	0.732142857142857	1	"N1"
"SSC_07998_15A__SSC_07998_15A__N3C093"	"N2"	"SSC/07998/15A"	"SSc-ILD"	"SSC/07998/15A"	12	12	56	0	0	0	0	"N1"
"SSC_07998_15A__SSC_07998_15A__N3C093"	"N3"	"SSC/07998/15A"	"SSc-ILD"	"SSC/07998/15A"	12	12	56	0	0	0	0	"N1"
"SSC_07998_15A__SSC_07998_15A__N3C093"	"N4"	"SSC/07998/15A"	"SSc-ILD"	"SSC/07998/15A"	12	12	56	0	0	0	0	"N1"
"SSC_07998_15A__SSC_07998_15A__N3C093"	"N5"	"SSC/07998/15A"	"SSc-ILD"	"SSC/07998/15A"	12	12	56	2	1	0.0357142857142857	0.0833333333333333	"N1"
"SSC_07998_15A__SSC_07998_15A__N3C093"	"N6"	"SSC/07998/15A"	"SSc-ILD"	"SSC/07998/15A"	12	12	56	0	0	0	0	"N1"
"SSC_07998_15A__SSC_07998_15A__N3C093"	"N7"	"SSC/07998/15A"	"SSc-ILD"	"SSC/07998/15A"	12	12	56	10	9	0.178571428571429	0.75	"N1"
"SSC_07998_15A__SSC_07998_15A__N3C093"	"N8"	"SSC/07998/15A"	"SSc-ILD"	"SSC/07998/15A"	12	12	56	3	3	0.0535714285714286	0.25	"N1"
"SSC_07998_15A__SSC_07998_15A__N3C094"	"N1"	"SSC/07998/15A"	"SSc-ILD"	"SSC/07998/15A"	1	1	8	4	1	0.5	1	"N1"
"SSC_07998_15A__SSC_07998_15A__N3C094"	"N2"	"SSC/07998/15A"	"SSc-ILD"	"SSC/07998/15A"	1	1	8	0	0	0	0	"N1"
"SSC_07998_15A__SSC_07998_15A__N3C094"	"N3"	"SSC/07998/15A"	"SSc-ILD"	"SSC/07998/15A"	1	1	8	0	0	0	0	"N1"
"SSC_07998_15A__SSC_07998_15A__N3C094"	"N4"	"SSC/07998/15A"	"SSc-ILD"	"SSC/07998/15A"	1	1	8	0	0	0	0	"N1"
"SSC_07998_15A__SSC_07998_15A__N3C094"	"N5"	"SSC/07998/15A"	"SSc-ILD"	"SSC/07998/15A"	1	1	8	1	1	0.125	1	"N1"
"SSC_07998_15A__SSC_07998_15A__N3C094"	"N6"	"SSC/07998/15A"	"SSc-ILD"	"SSC/07998/15A"	1	1	8	0	0	0	0	"N1"
"SSC_07998_15A__SSC_07998_15A__N3C094"	"N7"	"SSC/07998/15A"	"SSc-ILD"	"SSC/07998/15A"	1	1	8	2	1	0.25	1	"N1"
"SSC_07998_15A__SSC_07998_15A__N3C094"	"N8"	"SSC/07998/15A"	"SSc-ILD"	"SSC/07998/15A"	1	1	8	1	1	0.125	1	"N1"
"SSC_07998_15A__SSC_07998_15A__N3C095"	"N1"	"SSC/07998/15A"	"SSc-ILD"	"SSC/07998/15A"	1	1	8	0	0	0	0	"N5; N6"
"SSC_07998_15A__SSC_07998_15A__N3C095"	"N2"	"SSC/07998/15A"	"SSc-ILD"	"SSC/07998/15A"	1	1	8	0	0	0	0	"N5; N6"
"SSC_07998_15A__SSC_07998_15A__N3C095"	"N3"	"SSC/07998/15A"	"SSc-ILD"	"SSC/07998/15A"	1	1	8	0	0	0	0	"N5; N6"
"SSC_07998_15A__SSC_07998_15A__N3C095"	"N4"	"SSC/07998/15A"	"SSc-ILD"	"SSC/07998/15A"	1	1	8	0	0	0	0	"N5; N6"
"SSC_07998_15A__SSC_07998_15A__N3C095"	"N5"	"SSC/07998/15A"	"SSc-ILD"	"SSC/07998/15A"	1	1	8	3	1	0.375	1	"N5; N6"
"SSC_07998_15A__SSC_07998_15A__N3C095"	"N6"	"SSC/07998/15A"	"SSc-ILD"	"SSC/07998/15A"	1	1	8	3	1	0.375	1	"N5; N6"
"SSC_07998_15A__SSC_07998_15A__N3C095"	"N7"	"SSC/07998/15A"	"SSc-ILD"	"SSC/07998/15A"	1	1	8	1	1	0.125	1	"N5; N6"
"SSC_07998_15A__SSC_07998_15A__N3C095"	"N8"	"SSC/07998/15A"	"SSc-ILD"	"SSC/07998/15A"	1	1	8	1	1	0.125	1	"N5; N6"
"SSC_07998_15A__SSC_07998_15A__N3C096"	"N1"	"SSC/07998/15A"	"SSc-ILD"	"SSC/07998/15A"	9	9	40	24	9	0.6	1	"N1"
"SSC_07998_15A__SSC_07998_15A__N3C096"	"N2"	"SSC/07998/15A"	"SSc-ILD"	"SSC/07998/15A"	9	9	40	0	0	0	0	"N1"
"SSC_07998_15A__SSC_07998_15A__N3C096"	"N3"	"SSC/07998/15A"	"SSc-ILD"	"SSC/07998/15A"	9	9	40	0	0	0	0	"N1"
"SSC_07998_15A__SSC_07998_15A__N3C096"	"N4"	"SSC/07998/15A"	"SSc-ILD"	"SSC/07998/15A"	9	9	40	0	0	0	0	"N1"
"SSC_07998_15A__SSC_07998_15A__N3C096"	"N5"	"SSC/07998/15A"	"SSc-ILD"	"SSC/07998/15A"	9	9	40	8	5	0.2	0.555555555555556	"N1"
"SSC_07998_15A__SSC_07998_15A__N3C096"	"N6"	"SSC/07998/15A"	"SSc-ILD"	"SSC/07998/15A"	9	9	40	0	0	0	0	"N1"
"SSC_07998_15A__SSC_07998_15A__N3C096"	"N7"	"SSC/07998/15A"	"SSc-ILD"	"SSC/07998/15A"	9	9	40	8	7	0.2	0.777777777777778	"N1"
"SSC_07998_15A__SSC_07998_15A__N3C096"	"N8"	"SSC/07998/15A"	"SSc-ILD"	"SSC/07998/15A"	9	9	40	0	0	0	0	"N1"
"SSC_07998_15A__SSC_07998_15A__N3C097"	"N1"	"SSC/07998/15A"	"SSc-ILD"	"SSC/07998/15A"	3	3	20	12	3	0.6	1	"N1"
"SSC_07998_15A__SSC_07998_15A__N3C097"	"N2"	"SSC/07998/15A"	"SSc-ILD"	"SSC/07998/15A"	3	3	20	0	0	0	0	"N1"
"SSC_07998_15A__SSC_07998_15A__N3C097"	"N3"	"SSC/07998/15A"	"SSc-ILD"	"SSC/07998/15A"	3	3	20	0	0	0	0	"N1"
"SSC_07998_15A__SSC_07998_15A__N3C097"	"N4"	"SSC/07998/15A"	"SSc-ILD"	"SSC/07998/15A"	3	3	20	0	0	0	0	"N1"
"SSC_07998_15A__SSC_07998_15A__N3C097"	"N5"	"SSC/07998/15A"	"SSc-ILD"	"SSC/07998/15A"	3	3	20	3	2	0.15	0.666666666666667	"N1"
"SSC_07998_15A__SSC_07998_15A__N3C097"	"N6"	"SSC/07998/15A"	"SSc-ILD"	"SSC/07998/15A"	3	3	20	0	0	0	0	"N1"
"SSC_07998_15A__SSC_07998_15A__N3C097"	"N7"	"SSC/07998/15A"	"SSc-ILD"	"SSC/07998/15A"	3	3	20	5	3	0.25	1	"N1"
"SSC_07998_15A__SSC_07998_15A__N3C097"	"N8"	"SSC/07998/15A"	"SSc-ILD"	"SSC/07998/15A"	3	3	20	0	0	0	0	"N1"
"SSC_07998_15A__SSC_07998_15A__N3C098"	"N1"	"SSC/07998/15A"	"SSc-ILD"	"SSC/07998/15A"	1	1	8	6	1	0.75	1	"N1"
"SSC_07998_15A__SSC_07998_15A__N3C098"	"N2"	"SSC/07998/15A"	"SSc-ILD"	"SSC/07998/15A"	1	1	8	0	0	0	0	"N1"
"SSC_07998_15A__SSC_07998_15A__N3C098"	"N3"	"SSC/07998/15A"	"SSc-ILD"	"SSC/07998/15A"	1	1	8	0	0	0	0	"N1"
"SSC_07998_15A__SSC_07998_15A__N3C098"	"N4"	"SSC/07998/15A"	"SSc-ILD"	"SSC/07998/15A"	1	1	8	0	0	0	0	"N1"
"SSC_07998_15A__SSC_07998_15A__N3C098"	"N5"	"SSC/07998/15A"	"SSc-ILD"	"SSC/07998/15A"	1	1	8	2	1	0.25	1	"N1"
"SSC_07998_15A__SSC_07998_15A__N3C098"	"N6"	"SSC/07998/15A"	"SSc-ILD"	"SSC/07998/15A"	1	1	8	0	0	0	0	"N1"
"SSC_07998_15A__SSC_07998_15A__N3C098"	"N7"	"SSC/07998/15A"	"SSc-ILD"	"SSC/07998/15A"	1	1	8	0	0	0	0	"N1"
"SSC_07998_15A__SSC_07998_15A__N3C098"	"N8"	"SSC/07998/15A"	"SSc-ILD"	"SSC/07998/15A"	1	1	8	0	0	0	0	"N1"
"SSC_07998_15A__SSC_07998_15A__N3C099"	"N1"	"SSC/07998/15A"	"SSc-ILD"	"SSC/07998/15A"	1	1	8	8	1	1	1	"N1"
"SSC_07998_15A__SSC_07998_15A__N3C099"	"N2"	"SSC/07998/15A"	"SSc-ILD"	"SSC/07998/15A"	1	1	8	0	0	0	0	"N1"
"SSC_07998_15A__SSC_07998_15A__N3C099"	"N3"	"SSC/07998/15A"	"SSc-ILD"	"SSC/07998/15A"	1	1	8	0	0	0	0	"N1"
"SSC_07998_15A__SSC_07998_15A__N3C099"	"N4"	"SSC/07998/15A"	"SSc-ILD"	"SSC/07998/15A"	1	1	8	0	0	0	0	"N1"
"SSC_07998_15A__SSC_07998_15A__N3C099"	"N5"	"SSC/07998/15A"	"SSc-ILD"	"SSC/07998/15A"	1	1	8	0	0	0	0	"N1"
"SSC_07998_15A__SSC_07998_15A__N3C099"	"N6"	"SSC/07998/15A"	"SSc-ILD"	"SSC/07998/15A"	1	1	8	0	0	0	0	"N1"
"SSC_07998_15A__SSC_07998_15A__N3C099"	"N7"	"SSC/07998/15A"	"SSc-ILD"	"SSC/07998/15A"	1	1	8	0	0	0	0	"N1"
"SSC_07998_15A__SSC_07998_15A__N3C099"	"N8"	"SSC/07998/15A"	"SSc-ILD"	"SSC/07998/15A"	1	1	8	0	0	0	0	"N1"
"SSC_07998_15A__SSC_07998_15A__N3C100"	"N1"	"SSC/07998/15A"	"SSc-ILD"	"SSC/07998/15A"	1	1	8	4	1	0.5	1	"N1"
"SSC_07998_15A__SSC_07998_15A__N3C100"	"N2"	"SSC/07998/15A"	"SSc-ILD"	"SSC/07998/15A"	1	1	8	0	0	0	0	"N1"
"SSC_07998_15A__SSC_07998_15A__N3C100"	"N3"	"SSC/07998/15A"	"SSc-ILD"	"SSC/07998/15A"	1	1	8	0	0	0	0	"N1"
"SSC_07998_15A__SSC_07998_15A__N3C100"	"N4"	"SSC/07998/15A"	"SSc-ILD"	"SSC/07998/15A"	1	1	8	0	0	0	0	"N1"
"SSC_07998_15A__SSC_07998_15A__N3C100"	"N5"	"SSC/07998/15A"	"SSc-ILD"	"SSC/07998/15A"	1	1	8	1	1	0.125	1	"N1"
"SSC_07998_15A__SSC_07998_15A__N3C100"	"N6"	"SSC/07998/15A"	"SSc-ILD"	"SSC/07998/15A"	1	1	8	0	0	0	0	"N1"
"SSC_07998_15A__SSC_07998_15A__N3C100"	"N7"	"SSC/07998/15A"	"SSc-ILD"	"SSC/07998/15A"	1	1	8	3	1	0.375	1	"N1"
"SSC_07998_15A__SSC_07998_15A__N3C100"	"N8"	"SSC/07998/15A"	"SSc-ILD"	"SSC/07998/15A"	1	1	8	0	0	0	0	"N1"
"SSC_07998_15A__SSC_07998_15A__N3C101"	"N1"	"SSC/07998/15A"	"SSc-ILD"	"SSC/07998/15A"	4	4	24	3	2	0.125	0.5	"N5"
"SSC_07998_15A__SSC_07998_15A__N3C101"	"N2"	"SSC/07998/15A"	"SSc-ILD"	"SSC/07998/15A"	4	4	24	0	0	0	0	"N5"
"SSC_07998_15A__SSC_07998_15A__N3C101"	"N3"	"SSC/07998/15A"	"SSc-ILD"	"SSC/07998/15A"	4	4	24	0	0	0	0	"N5"
"SSC_07998_15A__SSC_07998_15A__N3C101"	"N4"	"SSC/07998/15A"	"SSc-ILD"	"SSC/07998/15A"	4	4	24	2	1	0.0833333333333333	0.25	"N5"
"SSC_07998_15A__SSC_07998_15A__N3C101"	"N5"	"SSC/07998/15A"	"SSc-ILD"	"SSC/07998/15A"	4	4	24	14	4	0.583333333333333	1	"N5"
"SSC_07998_15A__SSC_07998_15A__N3C101"	"N6"	"SSC/07998/15A"	"SSc-ILD"	"SSC/07998/15A"	4	4	24	0	0	0	0	"N5"
"SSC_07998_15A__SSC_07998_15A__N3C101"	"N7"	"SSC/07998/15A"	"SSc-ILD"	"SSC/07998/15A"	4	4	24	0	0	0	0	"N5"
"SSC_07998_15A__SSC_07998_15A__N3C101"	"N8"	"SSC/07998/15A"	"SSc-ILD"	"SSC/07998/15A"	4	4	24	5	4	0.208333333333333	1	"N5"
"SSC_07998_15A__SSC_07998_15A__N3C102"	"N1"	"SSC/07998/15A"	"SSc-ILD"	"SSC/07998/15A"	22	22	73	52	22	0.712328767123288	1	"N1"
"SSC_07998_15A__SSC_07998_15A__N3C102"	"N2"	"SSC/07998/15A"	"SSc-ILD"	"SSC/07998/15A"	22	22	73	0	0	0	0	"N1"
"SSC_07998_15A__SSC_07998_15A__N3C102"	"N3"	"SSC/07998/15A"	"SSc-ILD"	"SSC/07998/15A"	22	22	73	0	0	0	0	"N1"
"SSC_07998_15A__SSC_07998_15A__N3C102"	"N4"	"SSC/07998/15A"	"SSc-ILD"	"SSC/07998/15A"	22	22	73	0	0	0	0	"N1"
"SSC_07998_15A__SSC_07998_15A__N3C102"	"N5"	"SSC/07998/15A"	"SSc-ILD"	"SSC/07998/15A"	22	22	73	9	5	0.123287671232877	0.227272727272727	"N1"
"SSC_07998_15A__SSC_07998_15A__N3C102"	"N6"	"SSC/07998/15A"	"SSc-ILD"	"SSC/07998/15A"	22	22	73	0	0	0	0	"N1"
"SSC_07998_15A__SSC_07998_15A__N3C102"	"N7"	"SSC/07998/15A"	"SSc-ILD"	"SSC/07998/15A"	22	22	73	12	10	0.164383561643836	0.454545454545455	"N1"
"SSC_07998_15A__SSC_07998_15A__N3C102"	"N8"	"SSC/07998/15A"	"SSc-ILD"	"SSC/07998/15A"	22	22	73	0	0	0	0	"N1"
"SSC_07998_15A__SSC_07998_15A__N3C103"	"N1"	"SSC/07998/15A"	"SSc-ILD"	"SSC/07998/15A"	8	8	42	31	7	0.738095238095238	0.875	"N1"
"SSC_07998_15A__SSC_07998_15A__N3C103"	"N2"	"SSC/07998/15A"	"SSc-ILD"	"SSC/07998/15A"	8	8	42	0	0	0	0	"N1"
"SSC_07998_15A__SSC_07998_15A__N3C103"	"N3"	"SSC/07998/15A"	"SSc-ILD"	"SSC/07998/15A"	8	8	42	0	0	0	0	"N1"
"SSC_07998_15A__SSC_07998_15A__N3C103"	"N4"	"SSC/07998/15A"	"SSc-ILD"	"SSC/07998/15A"	8	8	42	0	0	0	0	"N1"
"SSC_07998_15A__SSC_07998_15A__N3C103"	"N5"	"SSC/07998/15A"	"SSc-ILD"	"SSC/07998/15A"	8	8	42	5	3	0.119047619047619	0.375	"N1"
"SSC_07998_15A__SSC_07998_15A__N3C103"	"N6"	"SSC/07998/15A"	"SSc-ILD"	"SSC/07998/15A"	8	8	42	4	3	0.0952380952380952	0.375	"N1"
"SSC_07998_15A__SSC_07998_15A__N3C103"	"N7"	"SSC/07998/15A"	"SSc-ILD"	"SSC/07998/15A"	8	8	42	2	2	0.0476190476190476	0.25	"N1"
"SSC_07998_15A__SSC_07998_15A__N3C103"	"N8"	"SSC/07998/15A"	"SSc-ILD"	"SSC/07998/15A"	8	8	42	0	0	0	0	"N1"
"SSC_07998_15A__SSC_07998_15A__N3C104"	"N1"	"SSC/07998/15A"	"SSc-ILD"	"SSC/07998/15A"	2	2	14	6	2	0.428571428571429	1	"N5"
"SSC_07998_15A__SSC_07998_15A__N3C104"	"N2"	"SSC/07998/15A"	"SSc-ILD"	"SSC/07998/15A"	2	2	14	0	0	0	0	"N5"
"SSC_07998_15A__SSC_07998_15A__N3C104"	"N3"	"SSC/07998/15A"	"SSc-ILD"	"SSC/07998/15A"	2	2	14	0	0	0	0	"N5"
"SSC_07998_15A__SSC_07998_15A__N3C104"	"N4"	"SSC/07998/15A"	"SSc-ILD"	"SSC/07998/15A"	2	2	14	0	0	0	0	"N5"
"SSC_07998_15A__SSC_07998_15A__N3C104"	"N5"	"SSC/07998/15A"	"SSc-ILD"	"SSC/07998/15A"	2	2	14	8	2	0.571428571428571	1	"N5"
"SSC_07998_15A__SSC_07998_15A__N3C104"	"N6"	"SSC/07998/15A"	"SSc-ILD"	"SSC/07998/15A"	2	2	14	0	0	0	0	"N5"
"SSC_07998_15A__SSC_07998_15A__N3C104"	"N7"	"SSC/07998/15A"	"SSc-ILD"	"SSC/07998/15A"	2	2	14	0	0	0	0	"N5"
"SSC_07998_15A__SSC_07998_15A__N3C104"	"N8"	"SSC/07998/15A"	"SSc-ILD"	"SSC/07998/15A"	2	2	14	0	0	0	0	"N5"
"SSC_07998_15A__SSC_07998_15A__N3C105"	"N1"	"SSC/07998/15A"	"SSc-ILD"	"SSC/07998/15A"	3	3	18	10	3	0.555555555555556	1	"N1"
"SSC_07998_15A__SSC_07998_15A__N3C105"	"N2"	"SSC/07998/15A"	"SSc-ILD"	"SSC/07998/15A"	3	3	18	0	0	0	0	"N1"
"SSC_07998_15A__SSC_07998_15A__N3C105"	"N3"	"SSC/07998/15A"	"SSc-ILD"	"SSC/07998/15A"	3	3	18	0	0	0	0	"N1"
"SSC_07998_15A__SSC_07998_15A__N3C105"	"N4"	"SSC/07998/15A"	"SSc-ILD"	"SSC/07998/15A"	3	3	18	0	0	0	0	"N1"
"SSC_07998_15A__SSC_07998_15A__N3C105"	"N5"	"SSC/07998/15A"	"SSc-ILD"	"SSC/07998/15A"	3	3	18	4	3	0.222222222222222	1	"N1"
"SSC_07998_15A__SSC_07998_15A__N3C105"	"N6"	"SSC/07998/15A"	"SSc-ILD"	"SSC/07998/15A"	3	3	18	0	0	0	0	"N1"
"SSC_07998_15A__SSC_07998_15A__N3C105"	"N7"	"SSC/07998/15A"	"SSc-ILD"	"SSC/07998/15A"	3	3	18	1	1	0.0555555555555556	0.333333333333333	"N1"
"SSC_07998_15A__SSC_07998_15A__N3C105"	"N8"	"SSC/07998/15A"	"SSc-ILD"	"SSC/07998/15A"	3	3	18	3	3	0.166666666666667	1	"N1"
"SSC_07998_15A__SSC_07998_15A__N3C106"	"N1"	"SSC/07998/15A"	"SSc-ILD"	"SSC/07998/15A"	2	2	14	0	0	0	0	"N8"
"SSC_07998_15A__SSC_07998_15A__N3C106"	"N2"	"SSC/07998/15A"	"SSc-ILD"	"SSC/07998/15A"	2	2	14	1	1	0.0714285714285714	0.5	"N8"
"SSC_07998_15A__SSC_07998_15A__N3C106"	"N3"	"SSC/07998/15A"	"SSc-ILD"	"SSC/07998/15A"	2	2	14	0	0	0	0	"N8"
"SSC_07998_15A__SSC_07998_15A__N3C106"	"N4"	"SSC/07998/15A"	"SSc-ILD"	"SSC/07998/15A"	2	2	14	1	1	0.0714285714285714	0.5	"N8"
"SSC_07998_15A__SSC_07998_15A__N3C106"	"N5"	"SSC/07998/15A"	"SSc-ILD"	"SSC/07998/15A"	2	2	14	3	2	0.214285714285714	1	"N8"
"SSC_07998_15A__SSC_07998_15A__N3C106"	"N6"	"SSC/07998/15A"	"SSc-ILD"	"SSC/07998/15A"	2	2	14	0	0	0	0	"N8"
"SSC_07998_15A__SSC_07998_15A__N3C106"	"N7"	"SSC/07998/15A"	"SSc-ILD"	"SSC/07998/15A"	2	2	14	0	0	0	0	"N8"
"SSC_07998_15A__SSC_07998_15A__N3C106"	"N8"	"SSC/07998/15A"	"SSc-ILD"	"SSC/07998/15A"	2	2	14	9	2	0.642857142857143	1	"N8"
"SSC_07998_15A__SSC_07998_15A__N3C107"	"N1"	"SSC/07998/15A"	"SSc-ILD"	"SSC/07998/15A"	1	1	8	1	1	0.125	1	"N5"
"SSC_07998_15A__SSC_07998_15A__N3C107"	"N2"	"SSC/07998/15A"	"SSc-ILD"	"SSC/07998/15A"	1	1	8	0	0	0	0	"N5"
"SSC_07998_15A__SSC_07998_15A__N3C107"	"N3"	"SSC/07998/15A"	"SSc-ILD"	"SSC/07998/15A"	1	1	8	0	0	0	0	"N5"
"SSC_07998_15A__SSC_07998_15A__N3C107"	"N4"	"SSC/07998/15A"	"SSc-ILD"	"SSC/07998/15A"	1	1	8	0	0	0	0	"N5"
"SSC_07998_15A__SSC_07998_15A__N3C107"	"N5"	"SSC/07998/15A"	"SSc-ILD"	"SSC/07998/15A"	1	1	8	3	1	0.375	1	"N5"
"SSC_07998_15A__SSC_07998_15A__N3C107"	"N6"	"SSC/07998/15A"	"SSc-ILD"	"SSC/07998/15A"	1	1	8	0	0	0	0	"N5"
"SSC_07998_15A__SSC_07998_15A__N3C107"	"N7"	"SSC/07998/15A"	"SSc-ILD"	"SSC/07998/15A"	1	1	8	2	1	0.25	1	"N5"
"SSC_07998_15A__SSC_07998_15A__N3C107"	"N8"	"SSC/07998/15A"	"SSc-ILD"	"SSC/07998/15A"	1	1	8	2	1	0.25	1	"N5"
"SSC_07998_15A__SSC_07998_15A__N3C108"	"N1"	"SSC/07998/15A"	"SSc-ILD"	"SSC/07998/15A"	1	1	8	4	1	0.5	1	"N1"
"SSC_07998_15A__SSC_07998_15A__N3C108"	"N2"	"SSC/07998/15A"	"SSc-ILD"	"SSC/07998/15A"	1	1	8	0	0	0	0	"N1"
"SSC_07998_15A__SSC_07998_15A__N3C108"	"N3"	"SSC/07998/15A"	"SSc-ILD"	"SSC/07998/15A"	1	1	8	0	0	0	0	"N1"
"SSC_07998_15A__SSC_07998_15A__N3C108"	"N4"	"SSC/07998/15A"	"SSc-ILD"	"SSC/07998/15A"	1	1	8	0	0	0	0	"N1"
"SSC_07998_15A__SSC_07998_15A__N3C108"	"N5"	"SSC/07998/15A"	"SSc-ILD"	"SSC/07998/15A"	1	1	8	2	1	0.25	1	"N1"
"SSC_07998_15A__SSC_07998_15A__N3C108"	"N6"	"SSC/07998/15A"	"SSc-ILD"	"SSC/07998/15A"	1	1	8	0	0	0	0	"N1"
"SSC_07998_15A__SSC_07998_15A__N3C108"	"N7"	"SSC/07998/15A"	"SSc-ILD"	"SSC/07998/15A"	1	1	8	2	1	0.25	1	"N1"
"SSC_07998_15A__SSC_07998_15A__N3C108"	"N8"	"SSC/07998/15A"	"SSc-ILD"	"SSC/07998/15A"	1	1	8	0	0	0	0	"N1"
"SSC_07998_15A__SSC_07998_15A__N3C109"	"N1"	"SSC/07998/15A"	"SSc-ILD"	"SSC/07998/15A"	9	9	36	19	7	0.527777777777778	0.777777777777778	"N1"
"SSC_07998_15A__SSC_07998_15A__N3C109"	"N2"	"SSC/07998/15A"	"SSc-ILD"	"SSC/07998/15A"	9	9	36	0	0	0	0	"N1"
"SSC_07998_15A__SSC_07998_15A__N3C109"	"N3"	"SSC/07998/15A"	"SSc-ILD"	"SSC/07998/15A"	9	9	36	0	0	0	0	"N1"
"SSC_07998_15A__SSC_07998_15A__N3C109"	"N4"	"SSC/07998/15A"	"SSc-ILD"	"SSC/07998/15A"	9	9	36	0	0	0	0	"N1"
"SSC_07998_15A__SSC_07998_15A__N3C109"	"N5"	"SSC/07998/15A"	"SSc-ILD"	"SSC/07998/15A"	9	9	36	10	6	0.277777777777778	0.666666666666667	"N1"
"SSC_07998_15A__SSC_07998_15A__N3C109"	"N6"	"SSC/07998/15A"	"SSc-ILD"	"SSC/07998/15A"	9	9	36	0	0	0	0	"N1"
"SSC_07998_15A__SSC_07998_15A__N3C109"	"N7"	"SSC/07998/15A"	"SSc-ILD"	"SSC/07998/15A"	9	9	36	2	2	0.0555555555555556	0.222222222222222	"N1"
"SSC_07998_15A__SSC_07998_15A__N3C109"	"N8"	"SSC/07998/15A"	"SSc-ILD"	"SSC/07998/15A"	9	9	36	5	4	0.138888888888889	0.444444444444444	"N1"
"SSC_07998_15A__SSC_07998_15A__N3C110"	"N1"	"SSC/07998/15A"	"SSc-ILD"	"SSC/07998/15A"	3	3	18	12	3	0.666666666666667	1	"N1"
"SSC_07998_15A__SSC_07998_15A__N3C110"	"N2"	"SSC/07998/15A"	"SSc-ILD"	"SSC/07998/15A"	3	3	18	0	0	0	0	"N1"
"SSC_07998_15A__SSC_07998_15A__N3C110"	"N3"	"SSC/07998/15A"	"SSc-ILD"	"SSC/07998/15A"	3	3	18	0	0	0	0	"N1"
"SSC_07998_15A__SSC_07998_15A__N3C110"	"N4"	"SSC/07998/15A"	"SSc-ILD"	"SSC/07998/15A"	3	3	18	0	0	0	0	"N1"
"SSC_07998_15A__SSC_07998_15A__N3C110"	"N5"	"SSC/07998/15A"	"SSc-ILD"	"SSC/07998/15A"	3	3	18	5	3	0.277777777777778	1	"N1"
"SSC_07998_15A__SSC_07998_15A__N3C110"	"N6"	"SSC/07998/15A"	"SSc-ILD"	"SSC/07998/15A"	3	3	18	0	0	0	0	"N1"
"SSC_07998_15A__SSC_07998_15A__N3C110"	"N7"	"SSC/07998/15A"	"SSc-ILD"	"SSC/07998/15A"	3	3	18	1	1	0.0555555555555556	0.333333333333333	"N1"
"SSC_07998_15A__SSC_07998_15A__N3C110"	"N8"	"SSC/07998/15A"	"SSc-ILD"	"SSC/07998/15A"	3	3	18	0	0	0	0	"N1"
"SSC_07998_15A__SSC_07998_15A__N3C111"	"N1"	"SSC/07998/15A"	"SSc-ILD"	"SSC/07998/15A"	6	6	38	23	6	0.605263157894737	1	"N1"
"SSC_07998_15A__SSC_07998_15A__N3C111"	"N2"	"SSC/07998/15A"	"SSc-ILD"	"SSC/07998/15A"	6	6	38	0	0	0	0	"N1"
"SSC_07998_15A__SSC_07998_15A__N3C111"	"N3"	"SSC/07998/15A"	"SSc-ILD"	"SSC/07998/15A"	6	6	38	0	0	0	0	"N1"
"SSC_07998_15A__SSC_07998_15A__N3C111"	"N4"	"SSC/07998/15A"	"SSc-ILD"	"SSC/07998/15A"	6	6	38	0	0	0	0	"N1"
"SSC_07998_15A__SSC_07998_15A__N3C111"	"N5"	"SSC/07998/15A"	"SSc-ILD"	"SSC/07998/15A"	6	6	38	5	4	0.131578947368421	0.666666666666667	"N1"
"SSC_07998_15A__SSC_07998_15A__N3C111"	"N6"	"SSC/07998/15A"	"SSc-ILD"	"SSC/07998/15A"	6	6	38	0	0	0	0	"N1"
"SSC_07998_15A__SSC_07998_15A__N3C111"	"N7"	"SSC/07998/15A"	"SSc-ILD"	"SSC/07998/15A"	6	6	38	9	5	0.236842105263158	0.833333333333333	"N1"
"SSC_07998_15A__SSC_07998_15A__N3C111"	"N8"	"SSC/07998/15A"	"SSc-ILD"	"SSC/07998/15A"	6	6	38	1	1	0.0263157894736842	0.166666666666667	"N1"
"SSC_07998_15A__SSC_07998_15A__N3C112"	"N1"	"SSC/07998/15A"	"SSc-ILD"	"SSC/07998/15A"	3	3	11	0	0	0	0	"N8"
"SSC_07998_15A__SSC_07998_15A__N3C112"	"N2"	"SSC/07998/15A"	"SSc-ILD"	"SSC/07998/15A"	3	3	11	1	1	0.0909090909090909	0.333333333333333	"N8"
"SSC_07998_15A__SSC_07998_15A__N3C112"	"N3"	"SSC/07998/15A"	"SSc-ILD"	"SSC/07998/15A"	3	3	11	0	0	0	0	"N8"
"SSC_07998_15A__SSC_07998_15A__N3C112"	"N4"	"SSC/07998/15A"	"SSc-ILD"	"SSC/07998/15A"	3	3	11	1	1	0.0909090909090909	0.333333333333333	"N8"
"SSC_07998_15A__SSC_07998_15A__N3C112"	"N5"	"SSC/07998/15A"	"SSc-ILD"	"SSC/07998/15A"	3	3	11	1	1	0.0909090909090909	0.333333333333333	"N8"
"SSC_07998_15A__SSC_07998_15A__N3C112"	"N6"	"SSC/07998/15A"	"SSc-ILD"	"SSC/07998/15A"	3	3	11	1	1	0.0909090909090909	0.333333333333333	"N8"
"SSC_07998_15A__SSC_07998_15A__N3C112"	"N7"	"SSC/07998/15A"	"SSc-ILD"	"SSC/07998/15A"	3	3	11	0	0	0	0	"N8"
"SSC_07998_15A__SSC_07998_15A__N3C112"	"N8"	"SSC/07998/15A"	"SSc-ILD"	"SSC/07998/15A"	3	3	11	7	3	0.636363636363636	1	"N8"
"SSC_07998_15A__SSC_07998_15A__N3C113"	"N1"	"SSC/07998/15A"	"SSc-ILD"	"SSC/07998/15A"	1	1	8	2	1	0.25	1	"N5; N8"
"SSC_07998_15A__SSC_07998_15A__N3C113"	"N2"	"SSC/07998/15A"	"SSc-ILD"	"SSC/07998/15A"	1	1	8	0	0	0	0	"N5; N8"
"SSC_07998_15A__SSC_07998_15A__N3C113"	"N3"	"SSC/07998/15A"	"SSc-ILD"	"SSC/07998/15A"	1	1	8	0	0	0	0	"N5; N8"
"SSC_07998_15A__SSC_07998_15A__N3C113"	"N4"	"SSC/07998/15A"	"SSc-ILD"	"SSC/07998/15A"	1	1	8	0	0	0	0	"N5; N8"
"SSC_07998_15A__SSC_07998_15A__N3C113"	"N5"	"SSC/07998/15A"	"SSc-ILD"	"SSC/07998/15A"	1	1	8	3	1	0.375	1	"N5; N8"
"SSC_07998_15A__SSC_07998_15A__N3C113"	"N6"	"SSC/07998/15A"	"SSc-ILD"	"SSC/07998/15A"	1	1	8	0	0	0	0	"N5; N8"
"SSC_07998_15A__SSC_07998_15A__N3C113"	"N7"	"SSC/07998/15A"	"SSc-ILD"	"SSC/07998/15A"	1	1	8	0	0	0	0	"N5; N8"
"SSC_07998_15A__SSC_07998_15A__N3C113"	"N8"	"SSC/07998/15A"	"SSc-ILD"	"SSC/07998/15A"	1	1	8	3	1	0.375	1	"N5; N8"
"SSC_07998_15A__SSC_07998_15A__N3C114"	"N1"	"SSC/07998/15A"	"SSc-ILD"	"SSC/07998/15A"	3	3	20	12	3	0.6	1	"N1"
"SSC_07998_15A__SSC_07998_15A__N3C114"	"N2"	"SSC/07998/15A"	"SSc-ILD"	"SSC/07998/15A"	3	3	20	0	0	0	0	"N1"
"SSC_07998_15A__SSC_07998_15A__N3C114"	"N3"	"SSC/07998/15A"	"SSc-ILD"	"SSC/07998/15A"	3	3	20	0	0	0	0	"N1"
"SSC_07998_15A__SSC_07998_15A__N3C114"	"N4"	"SSC/07998/15A"	"SSc-ILD"	"SSC/07998/15A"	3	3	20	0	0	0	0	"N1"
"SSC_07998_15A__SSC_07998_15A__N3C114"	"N5"	"SSC/07998/15A"	"SSc-ILD"	"SSC/07998/15A"	3	3	20	4	3	0.2	1	"N1"
"SSC_07998_15A__SSC_07998_15A__N3C114"	"N6"	"SSC/07998/15A"	"SSc-ILD"	"SSC/07998/15A"	3	3	20	0	0	0	0	"N1"
"SSC_07998_15A__SSC_07998_15A__N3C114"	"N7"	"SSC/07998/15A"	"SSc-ILD"	"SSC/07998/15A"	3	3	20	2	1	0.1	0.333333333333333	"N1"
"SSC_07998_15A__SSC_07998_15A__N3C114"	"N8"	"SSC/07998/15A"	"SSc-ILD"	"SSC/07998/15A"	3	3	20	2	2	0.1	0.666666666666667	"N1"
"SSC_07998_15A__SSC_07998_15A__N3C115"	"N1"	"SSC/07998/15A"	"SSc-ILD"	"SSC/07998/15A"	2	2	14	1	1	0.0714285714285714	0.5	"N5"
"SSC_07998_15A__SSC_07998_15A__N3C115"	"N2"	"SSC/07998/15A"	"SSc-ILD"	"SSC/07998/15A"	2	2	14	0	0	0	0	"N5"
"SSC_07998_15A__SSC_07998_15A__N3C115"	"N3"	"SSC/07998/15A"	"SSc-ILD"	"SSC/07998/15A"	2	2	14	0	0	0	0	"N5"
"SSC_07998_15A__SSC_07998_15A__N3C115"	"N4"	"SSC/07998/15A"	"SSc-ILD"	"SSC/07998/15A"	2	2	14	0	0	0	0	"N5"
"SSC_07998_15A__SSC_07998_15A__N3C115"	"N5"	"SSC/07998/15A"	"SSc-ILD"	"SSC/07998/15A"	2	2	14	10	2	0.714285714285714	1	"N5"
"SSC_07998_15A__SSC_07998_15A__N3C115"	"N6"	"SSC/07998/15A"	"SSc-ILD"	"SSC/07998/15A"	2	2	14	0	0	0	0	"N5"
"SSC_07998_15A__SSC_07998_15A__N3C115"	"N7"	"SSC/07998/15A"	"SSc-ILD"	"SSC/07998/15A"	2	2	14	3	2	0.214285714285714	1	"N5"
"SSC_07998_15A__SSC_07998_15A__N3C115"	"N8"	"SSC/07998/15A"	"SSc-ILD"	"SSC/07998/15A"	2	2	14	0	0	0	0	"N5"
"SSC_07998_15A__SSC_07998_15A__N3C116"	"N1"	"SSC/07998/15A"	"SSc-ILD"	"SSC/07998/15A"	2	2	14	4	2	0.285714285714286	1	"N5"
"SSC_07998_15A__SSC_07998_15A__N3C116"	"N2"	"SSC/07998/15A"	"SSc-ILD"	"SSC/07998/15A"	2	2	14	0	0	0	0	"N5"
"SSC_07998_15A__SSC_07998_15A__N3C116"	"N3"	"SSC/07998/15A"	"SSc-ILD"	"SSC/07998/15A"	2	2	14	0	0	0	0	"N5"
"SSC_07998_15A__SSC_07998_15A__N3C116"	"N4"	"SSC/07998/15A"	"SSc-ILD"	"SSC/07998/15A"	2	2	14	0	0	0	0	"N5"
"SSC_07998_15A__SSC_07998_15A__N3C116"	"N5"	"SSC/07998/15A"	"SSc-ILD"	"SSC/07998/15A"	2	2	14	9	2	0.642857142857143	1	"N5"
"SSC_07998_15A__SSC_07998_15A__N3C116"	"N6"	"SSC/07998/15A"	"SSc-ILD"	"SSC/07998/15A"	2	2	14	1	1	0.0714285714285714	0.5	"N5"
"SSC_07998_15A__SSC_07998_15A__N3C116"	"N7"	"SSC/07998/15A"	"SSc-ILD"	"SSC/07998/15A"	2	2	14	0	0	0	0	"N5"
"SSC_07998_15A__SSC_07998_15A__N3C116"	"N8"	"SSC/07998/15A"	"SSc-ILD"	"SSC/07998/15A"	2	2	14	0	0	0	0	"N5"
"SSC_07998_15A__SSC_07998_15A__N3C117"	"N1"	"SSC/07998/15A"	"SSc-ILD"	"SSC/07998/15A"	2	2	14	5	2	0.357142857142857	1	"N7"
"SSC_07998_15A__SSC_07998_15A__N3C117"	"N2"	"SSC/07998/15A"	"SSc-ILD"	"SSC/07998/15A"	2	2	14	0	0	0	0	"N7"
"SSC_07998_15A__SSC_07998_15A__N3C117"	"N3"	"SSC/07998/15A"	"SSc-ILD"	"SSC/07998/15A"	2	2	14	0	0	0	0	"N7"
"SSC_07998_15A__SSC_07998_15A__N3C117"	"N4"	"SSC/07998/15A"	"SSc-ILD"	"SSC/07998/15A"	2	2	14	0	0	0	0	"N7"
"SSC_07998_15A__SSC_07998_15A__N3C117"	"N5"	"SSC/07998/15A"	"SSc-ILD"	"SSC/07998/15A"	2	2	14	1	1	0.0714285714285714	0.5	"N7"
"SSC_07998_15A__SSC_07998_15A__N3C117"	"N6"	"SSC/07998/15A"	"SSc-ILD"	"SSC/07998/15A"	2	2	14	1	1	0.0714285714285714	0.5	"N7"
"SSC_07998_15A__SSC_07998_15A__N3C117"	"N7"	"SSC/07998/15A"	"SSc-ILD"	"SSC/07998/15A"	2	2	14	7	2	0.5	1	"N7"
"SSC_07998_15A__SSC_07998_15A__N3C117"	"N8"	"SSC/07998/15A"	"SSc-ILD"	"SSC/07998/15A"	2	2	14	0	0	0	0	"N7"
"SSC_07998_15A__SSC_07998_15A__N3C118"	"N1"	"SSC/07998/15A"	"SSc-ILD"	"SSC/07998/15A"	2	2	14	7	2	0.5	1	"N1"
"SSC_07998_15A__SSC_07998_15A__N3C118"	"N2"	"SSC/07998/15A"	"SSc-ILD"	"SSC/07998/15A"	2	2	14	0	0	0	0	"N1"
"SSC_07998_15A__SSC_07998_15A__N3C118"	"N3"	"SSC/07998/15A"	"SSc-ILD"	"SSC/07998/15A"	2	2	14	0	0	0	0	"N1"
"SSC_07998_15A__SSC_07998_15A__N3C118"	"N4"	"SSC/07998/15A"	"SSc-ILD"	"SSC/07998/15A"	2	2	14	0	0	0	0	"N1"
"SSC_07998_15A__SSC_07998_15A__N3C118"	"N5"	"SSC/07998/15A"	"SSc-ILD"	"SSC/07998/15A"	2	2	14	1	1	0.0714285714285714	0.5	"N1"
"SSC_07998_15A__SSC_07998_15A__N3C118"	"N6"	"SSC/07998/15A"	"SSc-ILD"	"SSC/07998/15A"	2	2	14	1	1	0.0714285714285714	0.5	"N1"
"SSC_07998_15A__SSC_07998_15A__N3C118"	"N7"	"SSC/07998/15A"	"SSc-ILD"	"SSC/07998/15A"	2	2	14	5	2	0.357142857142857	1	"N1"
"SSC_07998_15A__SSC_07998_15A__N3C118"	"N8"	"SSC/07998/15A"	"SSc-ILD"	"SSC/07998/15A"	2	2	14	0	0	0	0	"N1"
"SSC_07998_15A__SSC_07998_15A__N3C119"	"N1"	"SSC/07998/15A"	"SSc-ILD"	"SSC/07998/15A"	1	1	7	0	0	0	0	"N8"
"SSC_07998_15A__SSC_07998_15A__N3C119"	"N2"	"SSC/07998/15A"	"SSc-ILD"	"SSC/07998/15A"	1	1	7	2	1	0.285714285714286	1	"N8"
"SSC_07998_15A__SSC_07998_15A__N3C119"	"N3"	"SSC/07998/15A"	"SSc-ILD"	"SSC/07998/15A"	1	1	7	0	0	0	0	"N8"
"SSC_07998_15A__SSC_07998_15A__N3C119"	"N4"	"SSC/07998/15A"	"SSc-ILD"	"SSC/07998/15A"	1	1	7	0	0	0	0	"N8"
"SSC_07998_15A__SSC_07998_15A__N3C119"	"N5"	"SSC/07998/15A"	"SSc-ILD"	"SSC/07998/15A"	1	1	7	1	1	0.142857142857143	1	"N8"
"SSC_07998_15A__SSC_07998_15A__N3C119"	"N6"	"SSC/07998/15A"	"SSc-ILD"	"SSC/07998/15A"	1	1	7	0	0	0	0	"N8"
"SSC_07998_15A__SSC_07998_15A__N3C119"	"N7"	"SSC/07998/15A"	"SSc-ILD"	"SSC/07998/15A"	1	1	7	0	0	0	0	"N8"
"SSC_07998_15A__SSC_07998_15A__N3C119"	"N8"	"SSC/07998/15A"	"SSc-ILD"	"SSC/07998/15A"	1	1	7	4	1	0.571428571428571	1	"N8"
"SSC_07998_15A__SSC_07998_15A__N3C120"	"N1"	"SSC/07998/15A"	"SSc-ILD"	"SSC/07998/15A"	1	1	8	0	0	0	0	"N7"
"SSC_07998_15A__SSC_07998_15A__N3C120"	"N2"	"SSC/07998/15A"	"SSc-ILD"	"SSC/07998/15A"	1	1	8	0	0	0	0	"N7"
"SSC_07998_15A__SSC_07998_15A__N3C120"	"N3"	"SSC/07998/15A"	"SSc-ILD"	"SSC/07998/15A"	1	1	8	0	0	0	0	"N7"
"SSC_07998_15A__SSC_07998_15A__N3C120"	"N4"	"SSC/07998/15A"	"SSc-ILD"	"SSC/07998/15A"	1	1	8	0	0	0	0	"N7"
"SSC_07998_15A__SSC_07998_15A__N3C120"	"N5"	"SSC/07998/15A"	"SSc-ILD"	"SSC/07998/15A"	1	1	8	1	1	0.125	1	"N7"
"SSC_07998_15A__SSC_07998_15A__N3C120"	"N6"	"SSC/07998/15A"	"SSc-ILD"	"SSC/07998/15A"	1	1	8	2	1	0.25	1	"N7"
"SSC_07998_15A__SSC_07998_15A__N3C120"	"N7"	"SSC/07998/15A"	"SSc-ILD"	"SSC/07998/15A"	1	1	8	5	1	0.625	1	"N7"
"SSC_07998_15A__SSC_07998_15A__N3C120"	"N8"	"SSC/07998/15A"	"SSc-ILD"	"SSC/07998/15A"	1	1	8	0	0	0	0	"N7"
"SSC_07998_15A__SSC_07998_15A__N3C121"	"N1"	"SSC/07998/15A"	"SSc-ILD"	"SSC/07998/15A"	12	12	56	14	11	0.25	0.916666666666667	"N7"
"SSC_07998_15A__SSC_07998_15A__N3C121"	"N2"	"SSC/07998/15A"	"SSc-ILD"	"SSC/07998/15A"	12	12	56	0	0	0	0	"N7"
"SSC_07998_15A__SSC_07998_15A__N3C121"	"N3"	"SSC/07998/15A"	"SSc-ILD"	"SSC/07998/15A"	12	12	56	0	0	0	0	"N7"
"SSC_07998_15A__SSC_07998_15A__N3C121"	"N4"	"SSC/07998/15A"	"SSc-ILD"	"SSC/07998/15A"	12	12	56	0	0	0	0	"N7"
"SSC_07998_15A__SSC_07998_15A__N3C121"	"N5"	"SSC/07998/15A"	"SSc-ILD"	"SSC/07998/15A"	12	12	56	12	8	0.214285714285714	0.666666666666667	"N7"
"SSC_07998_15A__SSC_07998_15A__N3C121"	"N6"	"SSC/07998/15A"	"SSc-ILD"	"SSC/07998/15A"	12	12	56	3	3	0.0535714285714286	0.25	"N7"
"SSC_07998_15A__SSC_07998_15A__N3C121"	"N7"	"SSC/07998/15A"	"SSc-ILD"	"SSC/07998/15A"	12	12	56	17	8	0.303571428571429	0.666666666666667	"N7"
"SSC_07998_15A__SSC_07998_15A__N3C121"	"N8"	"SSC/07998/15A"	"SSc-ILD"	"SSC/07998/15A"	12	12	56	10	6	0.178571428571429	0.5	"N7"
"SSC_07998_15A__SSC_07998_15A__N3C122"	"N1"	"SSC/07998/15A"	"SSc-ILD"	"SSC/07998/15A"	4	4	18	7	4	0.388888888888889	1	"N1; N7"
"SSC_07998_15A__SSC_07998_15A__N3C122"	"N2"	"SSC/07998/15A"	"SSc-ILD"	"SSC/07998/15A"	4	4	18	0	0	0	0	"N1; N7"
"SSC_07998_15A__SSC_07998_15A__N3C122"	"N3"	"SSC/07998/15A"	"SSc-ILD"	"SSC/07998/15A"	4	4	18	0	0	0	0	"N1; N7"
"SSC_07998_15A__SSC_07998_15A__N3C122"	"N4"	"SSC/07998/15A"	"SSc-ILD"	"SSC/07998/15A"	4	4	18	0	0	0	0	"N1; N7"
"SSC_07998_15A__SSC_07998_15A__N3C122"	"N5"	"SSC/07998/15A"	"SSc-ILD"	"SSC/07998/15A"	4	4	18	4	3	0.222222222222222	0.75	"N1; N7"
"SSC_07998_15A__SSC_07998_15A__N3C122"	"N6"	"SSC/07998/15A"	"SSc-ILD"	"SSC/07998/15A"	4	4	18	0	0	0	0	"N1; N7"
"SSC_07998_15A__SSC_07998_15A__N3C122"	"N7"	"SSC/07998/15A"	"SSc-ILD"	"SSC/07998/15A"	4	4	18	7	3	0.388888888888889	0.75	"N1; N7"
"SSC_07998_15A__SSC_07998_15A__N3C122"	"N8"	"SSC/07998/15A"	"SSc-ILD"	"SSC/07998/15A"	4	4	18	0	0	0	0	"N1; N7"
"SSC_07998_15A__SSC_07998_15A__N3C123"	"N1"	"SSC/07998/15A"	"SSc-ILD"	"SSC/07998/15A"	5	5	32	4	2	0.125	0.4	"N5"
"SSC_07998_15A__SSC_07998_15A__N3C123"	"N2"	"SSC/07998/15A"	"SSc-ILD"	"SSC/07998/15A"	5	5	32	0	0	0	0	"N5"
"SSC_07998_15A__SSC_07998_15A__N3C123"	"N3"	"SSC/07998/15A"	"SSc-ILD"	"SSC/07998/15A"	5	5	32	0	0	0	0	"N5"
"SSC_07998_15A__SSC_07998_15A__N3C123"	"N4"	"SSC/07998/15A"	"SSc-ILD"	"SSC/07998/15A"	5	5	32	0	0	0	0	"N5"
"SSC_07998_15A__SSC_07998_15A__N3C123"	"N5"	"SSC/07998/15A"	"SSc-ILD"	"SSC/07998/15A"	5	5	32	14	5	0.4375	1	"N5"
"SSC_07998_15A__SSC_07998_15A__N3C123"	"N6"	"SSC/07998/15A"	"SSc-ILD"	"SSC/07998/15A"	5	5	32	2	1	0.0625	0.2	"N5"
"SSC_07998_15A__SSC_07998_15A__N3C123"	"N7"	"SSC/07998/15A"	"SSc-ILD"	"SSC/07998/15A"	5	5	32	12	5	0.375	1	"N5"
"SSC_07998_15A__SSC_07998_15A__N3C123"	"N8"	"SSC/07998/15A"	"SSc-ILD"	"SSC/07998/15A"	5	5	32	0	0	0	0	"N5"
"SSC_07998_15A__SSC_07998_15A__N3C124"	"N1"	"SSC/07998/15A"	"SSc-ILD"	"SSC/07998/15A"	1	1	8	0	0	0	0	"N5"
"SSC_07998_15A__SSC_07998_15A__N3C124"	"N2"	"SSC/07998/15A"	"SSc-ILD"	"SSC/07998/15A"	1	1	8	0	0	0	0	"N5"
"SSC_07998_15A__SSC_07998_15A__N3C124"	"N3"	"SSC/07998/15A"	"SSc-ILD"	"SSC/07998/15A"	1	1	8	0	0	0	0	"N5"
"SSC_07998_15A__SSC_07998_15A__N3C124"	"N4"	"SSC/07998/15A"	"SSc-ILD"	"SSC/07998/15A"	1	1	8	0	0	0	0	"N5"
"SSC_07998_15A__SSC_07998_15A__N3C124"	"N5"	"SSC/07998/15A"	"SSc-ILD"	"SSC/07998/15A"	1	1	8	6	1	0.75	1	"N5"
"SSC_07998_15A__SSC_07998_15A__N3C124"	"N6"	"SSC/07998/15A"	"SSc-ILD"	"SSC/07998/15A"	1	1	8	1	1	0.125	1	"N5"
"SSC_07998_15A__SSC_07998_15A__N3C124"	"N7"	"SSC/07998/15A"	"SSc-ILD"	"SSC/07998/15A"	1	1	8	0	0	0	0	"N5"
"SSC_07998_15A__SSC_07998_15A__N3C124"	"N8"	"SSC/07998/15A"	"SSc-ILD"	"SSC/07998/15A"	1	1	8	1	1	0.125	1	"N5"
"SSC_07998_15A__SSC_07998_15A__N3C125"	"N1"	"SSC/07998/15A"	"SSc-ILD"	"SSC/07998/15A"	30	29	136	67	25	0.492647058823529	0.862068965517241	"N1"
"SSC_07998_15A__SSC_07998_15A__N3C125"	"N2"	"SSC/07998/15A"	"SSc-ILD"	"SSC/07998/15A"	30	29	136	0	0	0	0	"N1"
"SSC_07998_15A__SSC_07998_15A__N3C125"	"N3"	"SSC/07998/15A"	"SSc-ILD"	"SSC/07998/15A"	30	29	136	0	0	0	0	"N1"
"SSC_07998_15A__SSC_07998_15A__N3C125"	"N4"	"SSC/07998/15A"	"SSc-ILD"	"SSC/07998/15A"	30	29	136	0	0	0	0	"N1"
"SSC_07998_15A__SSC_07998_15A__N3C125"	"N5"	"SSC/07998/15A"	"SSc-ILD"	"SSC/07998/15A"	30	29	136	22	12	0.161764705882353	0.413793103448276	"N1"
"SSC_07998_15A__SSC_07998_15A__N3C125"	"N6"	"SSC/07998/15A"	"SSc-ILD"	"SSC/07998/15A"	30	29	136	1	1	0.00735294117647059	0.0344827586206897	"N1"
"SSC_07998_15A__SSC_07998_15A__N3C125"	"N7"	"SSC/07998/15A"	"SSc-ILD"	"SSC/07998/15A"	30	29	136	44	23	0.323529411764706	0.793103448275862	"N1"
"SSC_07998_15A__SSC_07998_15A__N3C125"	"N8"	"SSC/07998/15A"	"SSc-ILD"	"SSC/07998/15A"	30	29	136	2	2	0.0147058823529412	0.0689655172413793	"N1"
"SSC_07998_15A__SSC_07998_15A__N3C126"	"N1"	"SSC/07998/15A"	"SSc-ILD"	"SSC/07998/15A"	2	2	14	0	0	0	0	"N5"
"SSC_07998_15A__SSC_07998_15A__N3C126"	"N2"	"SSC/07998/15A"	"SSc-ILD"	"SSC/07998/15A"	2	2	14	0	0	0	0	"N5"
"SSC_07998_15A__SSC_07998_15A__N3C126"	"N3"	"SSC/07998/15A"	"SSc-ILD"	"SSC/07998/15A"	2	2	14	0	0	0	0	"N5"
"SSC_07998_15A__SSC_07998_15A__N3C126"	"N4"	"SSC/07998/15A"	"SSc-ILD"	"SSC/07998/15A"	2	2	14	0	0	0	0	"N5"
"SSC_07998_15A__SSC_07998_15A__N3C126"	"N5"	"SSC/07998/15A"	"SSc-ILD"	"SSC/07998/15A"	2	2	14	8	2	0.571428571428571	1	"N5"
"SSC_07998_15A__SSC_07998_15A__N3C126"	"N6"	"SSC/07998/15A"	"SSc-ILD"	"SSC/07998/15A"	2	2	14	0	0	0	0	"N5"
"SSC_07998_15A__SSC_07998_15A__N3C126"	"N7"	"SSC/07998/15A"	"SSc-ILD"	"SSC/07998/15A"	2	2	14	6	2	0.428571428571429	1	"N5"
"SSC_07998_15A__SSC_07998_15A__N3C126"	"N8"	"SSC/07998/15A"	"SSc-ILD"	"SSC/07998/15A"	2	2	14	0	0	0	0	"N5"
"SSC_07998_15A__SSC_07998_15A__N3C127"	"N1"	"SSC/07998/15A"	"SSc-ILD"	"SSC/07998/15A"	1	1	8	2	1	0.25	1	"N5"
"SSC_07998_15A__SSC_07998_15A__N3C127"	"N2"	"SSC/07998/15A"	"SSc-ILD"	"SSC/07998/15A"	1	1	8	0	0	0	0	"N5"
"SSC_07998_15A__SSC_07998_15A__N3C127"	"N3"	"SSC/07998/15A"	"SSc-ILD"	"SSC/07998/15A"	1	1	8	0	0	0	0	"N5"
"SSC_07998_15A__SSC_07998_15A__N3C127"	"N4"	"SSC/07998/15A"	"SSc-ILD"	"SSC/07998/15A"	1	1	8	0	0	0	0	"N5"
"SSC_07998_15A__SSC_07998_15A__N3C127"	"N5"	"SSC/07998/15A"	"SSc-ILD"	"SSC/07998/15A"	1	1	8	4	1	0.5	1	"N5"
"SSC_07998_15A__SSC_07998_15A__N3C127"	"N6"	"SSC/07998/15A"	"SSc-ILD"	"SSC/07998/15A"	1	1	8	0	0	0	0	"N5"
"SSC_07998_15A__SSC_07998_15A__N3C127"	"N7"	"SSC/07998/15A"	"SSc-ILD"	"SSC/07998/15A"	1	1	8	0	0	0	0	"N5"
"SSC_07998_15A__SSC_07998_15A__N3C127"	"N8"	"SSC/07998/15A"	"SSc-ILD"	"SSC/07998/15A"	1	1	8	2	1	0.25	1	"N5"
"SSC_07998_15A__SSC_07998_15A__N3C128"	"N1"	"SSC/07998/15A"	"SSc-ILD"	"SSC/07998/15A"	3	3	18	7	3	0.388888888888889	1	"N1"
"SSC_07998_15A__SSC_07998_15A__N3C128"	"N2"	"SSC/07998/15A"	"SSc-ILD"	"SSC/07998/15A"	3	3	18	0	0	0	0	"N1"
"SSC_07998_15A__SSC_07998_15A__N3C128"	"N3"	"SSC/07998/15A"	"SSc-ILD"	"SSC/07998/15A"	3	3	18	0	0	0	0	"N1"
"SSC_07998_15A__SSC_07998_15A__N3C128"	"N4"	"SSC/07998/15A"	"SSc-ILD"	"SSC/07998/15A"	3	3	18	0	0	0	0	"N1"
"SSC_07998_15A__SSC_07998_15A__N3C128"	"N5"	"SSC/07998/15A"	"SSc-ILD"	"SSC/07998/15A"	3	3	18	5	3	0.277777777777778	1	"N1"
"SSC_07998_15A__SSC_07998_15A__N3C128"	"N6"	"SSC/07998/15A"	"SSc-ILD"	"SSC/07998/15A"	3	3	18	0	0	0	0	"N1"
"SSC_07998_15A__SSC_07998_15A__N3C128"	"N7"	"SSC/07998/15A"	"SSc-ILD"	"SSC/07998/15A"	3	3	18	6	3	0.333333333333333	1	"N1"
"SSC_07998_15A__SSC_07998_15A__N3C128"	"N8"	"SSC/07998/15A"	"SSc-ILD"	"SSC/07998/15A"	3	3	18	0	0	0	0	"N1"
"SSC_07998_15A__SSC_07998_15A__N3C129"	"N1"	"SSC/07998/15A"	"SSc-ILD"	"SSC/07998/15A"	1	1	5	1	1	0.2	1	"N8"
"SSC_07998_15A__SSC_07998_15A__N3C129"	"N2"	"SSC/07998/15A"	"SSc-ILD"	"SSC/07998/15A"	1	1	5	1	1	0.2	1	"N8"
"SSC_07998_15A__SSC_07998_15A__N3C129"	"N3"	"SSC/07998/15A"	"SSc-ILD"	"SSC/07998/15A"	1	1	5	0	0	0	0	"N8"
"SSC_07998_15A__SSC_07998_15A__N3C129"	"N4"	"SSC/07998/15A"	"SSc-ILD"	"SSC/07998/15A"	1	1	5	0	0	0	0	"N8"
"SSC_07998_15A__SSC_07998_15A__N3C129"	"N5"	"SSC/07998/15A"	"SSc-ILD"	"SSC/07998/15A"	1	1	5	0	0	0	0	"N8"
"SSC_07998_15A__SSC_07998_15A__N3C129"	"N6"	"SSC/07998/15A"	"SSc-ILD"	"SSC/07998/15A"	1	1	5	1	1	0.2	1	"N8"
"SSC_07998_15A__SSC_07998_15A__N3C129"	"N7"	"SSC/07998/15A"	"SSc-ILD"	"SSC/07998/15A"	1	1	5	0	0	0	0	"N8"
"SSC_07998_15A__SSC_07998_15A__N3C129"	"N8"	"SSC/07998/15A"	"SSc-ILD"	"SSC/07998/15A"	1	1	5	2	1	0.4	1	"N8"
"SSC_07998_15A__SSC_07998_15A__N3C130"	"N1"	"SSC/07998/15A"	"SSc-ILD"	"SSC/07998/15A"	1	1	3	0	0	0	0	"N8"
"SSC_07998_15A__SSC_07998_15A__N3C130"	"N2"	"SSC/07998/15A"	"SSc-ILD"	"SSC/07998/15A"	1	1	3	1	1	0.333333333333333	1	"N8"
"SSC_07998_15A__SSC_07998_15A__N3C130"	"N3"	"SSC/07998/15A"	"SSc-ILD"	"SSC/07998/15A"	1	1	3	0	0	0	0	"N8"
"SSC_07998_15A__SSC_07998_15A__N3C130"	"N4"	"SSC/07998/15A"	"SSc-ILD"	"SSC/07998/15A"	1	1	3	0	0	0	0	"N8"
"SSC_07998_15A__SSC_07998_15A__N3C130"	"N5"	"SSC/07998/15A"	"SSc-ILD"	"SSC/07998/15A"	1	1	3	0	0	0	0	"N8"
"SSC_07998_15A__SSC_07998_15A__N3C130"	"N6"	"SSC/07998/15A"	"SSc-ILD"	"SSC/07998/15A"	1	1	3	0	0	0	0	"N8"
"SSC_07998_15A__SSC_07998_15A__N3C130"	"N7"	"SSC/07998/15A"	"SSc-ILD"	"SSC/07998/15A"	1	1	3	0	0	0	0	"N8"
"SSC_07998_15A__SSC_07998_15A__N3C130"	"N8"	"SSC/07998/15A"	"SSc-ILD"	"SSC/07998/15A"	1	1	3	2	1	0.666666666666667	1	"N8"
"SSC_07998_15A__SSC_07998_15A__N3C131"	"N1"	"SSC/07998/15A"	"SSc-ILD"	"SSC/07998/15A"	1	1	8	5	1	0.625	1	"N1"
"SSC_07998_15A__SSC_07998_15A__N3C131"	"N2"	"SSC/07998/15A"	"SSc-ILD"	"SSC/07998/15A"	1	1	8	1	1	0.125	1	"N1"
"SSC_07998_15A__SSC_07998_15A__N3C131"	"N3"	"SSC/07998/15A"	"SSc-ILD"	"SSC/07998/15A"	1	1	8	0	0	0	0	"N1"
"SSC_07998_15A__SSC_07998_15A__N3C131"	"N4"	"SSC/07998/15A"	"SSc-ILD"	"SSC/07998/15A"	1	1	8	0	0	0	0	"N1"
"SSC_07998_15A__SSC_07998_15A__N3C131"	"N5"	"SSC/07998/15A"	"SSc-ILD"	"SSC/07998/15A"	1	1	8	0	0	0	0	"N1"
"SSC_07998_15A__SSC_07998_15A__N3C131"	"N6"	"SSC/07998/15A"	"SSc-ILD"	"SSC/07998/15A"	1	1	8	0	0	0	0	"N1"
"SSC_07998_15A__SSC_07998_15A__N3C131"	"N7"	"SSC/07998/15A"	"SSc-ILD"	"SSC/07998/15A"	1	1	8	2	1	0.25	1	"N1"
"SSC_07998_15A__SSC_07998_15A__N3C131"	"N8"	"SSC/07998/15A"	"SSc-ILD"	"SSC/07998/15A"	1	1	8	0	0	0	0	"N1"
"SSC_07998_15A__SSC_07998_15A__N3C132"	"N1"	"SSC/07998/15A"	"SSc-ILD"	"SSC/07998/15A"	1	1	8	3	1	0.375	1	"N8"
"SSC_07998_15A__SSC_07998_15A__N3C132"	"N2"	"SSC/07998/15A"	"SSc-ILD"	"SSC/07998/15A"	1	1	8	0	0	0	0	"N8"
"SSC_07998_15A__SSC_07998_15A__N3C132"	"N3"	"SSC/07998/15A"	"SSc-ILD"	"SSC/07998/15A"	1	1	8	0	0	0	0	"N8"
"SSC_07998_15A__SSC_07998_15A__N3C132"	"N4"	"SSC/07998/15A"	"SSc-ILD"	"SSC/07998/15A"	1	1	8	0	0	0	0	"N8"
"SSC_07998_15A__SSC_07998_15A__N3C132"	"N5"	"SSC/07998/15A"	"SSc-ILD"	"SSC/07998/15A"	1	1	8	1	1	0.125	1	"N8"
"SSC_07998_15A__SSC_07998_15A__N3C132"	"N6"	"SSC/07998/15A"	"SSc-ILD"	"SSC/07998/15A"	1	1	8	0	0	0	0	"N8"
"SSC_07998_15A__SSC_07998_15A__N3C132"	"N7"	"SSC/07998/15A"	"SSc-ILD"	"SSC/07998/15A"	1	1	8	0	0	0	0	"N8"
"SSC_07998_15A__SSC_07998_15A__N3C132"	"N8"	"SSC/07998/15A"	"SSc-ILD"	"SSC/07998/15A"	1	1	8	4	1	0.5	1	"N8"
"SSC_07998_15A__SSC_07998_15A__N3C133"	"N1"	"SSC/07998/15A"	"SSc-ILD"	"SSC/07998/15A"	1	1	8	4	1	0.5	1	"N1"
"SSC_07998_15A__SSC_07998_15A__N3C133"	"N2"	"SSC/07998/15A"	"SSc-ILD"	"SSC/07998/15A"	1	1	8	1	1	0.125	1	"N1"
"SSC_07998_15A__SSC_07998_15A__N3C133"	"N3"	"SSC/07998/15A"	"SSc-ILD"	"SSC/07998/15A"	1	1	8	0	0	0	0	"N1"
"SSC_07998_15A__SSC_07998_15A__N3C133"	"N4"	"SSC/07998/15A"	"SSc-ILD"	"SSC/07998/15A"	1	1	8	0	0	0	0	"N1"
"SSC_07998_15A__SSC_07998_15A__N3C133"	"N5"	"SSC/07998/15A"	"SSc-ILD"	"SSC/07998/15A"	1	1	8	1	1	0.125	1	"N1"
"SSC_07998_15A__SSC_07998_15A__N3C133"	"N6"	"SSC/07998/15A"	"SSc-ILD"	"SSC/07998/15A"	1	1	8	1	1	0.125	1	"N1"
"SSC_07998_15A__SSC_07998_15A__N3C133"	"N7"	"SSC/07998/15A"	"SSc-ILD"	"SSC/07998/15A"	1	1	8	0	0	0	0	"N1"
"SSC_07998_15A__SSC_07998_15A__N3C133"	"N8"	"SSC/07998/15A"	"SSc-ILD"	"SSC/07998/15A"	1	1	8	1	1	0.125	1	"N1"
"SSC_07998_15A__SSC_07998_15A__N3C134"	"N1"	"SSC/07998/15A"	"SSc-ILD"	"SSC/07998/15A"	1	1	8	1	1	0.125	1	"N7"
"SSC_07998_15A__SSC_07998_15A__N3C134"	"N2"	"SSC/07998/15A"	"SSc-ILD"	"SSC/07998/15A"	1	1	8	1	1	0.125	1	"N7"
"SSC_07998_15A__SSC_07998_15A__N3C134"	"N3"	"SSC/07998/15A"	"SSc-ILD"	"SSC/07998/15A"	1	1	8	0	0	0	0	"N7"
"SSC_07998_15A__SSC_07998_15A__N3C134"	"N4"	"SSC/07998/15A"	"SSc-ILD"	"SSC/07998/15A"	1	1	8	0	0	0	0	"N7"
"SSC_07998_15A__SSC_07998_15A__N3C134"	"N5"	"SSC/07998/15A"	"SSc-ILD"	"SSC/07998/15A"	1	1	8	2	1	0.25	1	"N7"
"SSC_07998_15A__SSC_07998_15A__N3C134"	"N6"	"SSC/07998/15A"	"SSc-ILD"	"SSC/07998/15A"	1	1	8	1	1	0.125	1	"N7"
"SSC_07998_15A__SSC_07998_15A__N3C134"	"N7"	"SSC/07998/15A"	"SSc-ILD"	"SSC/07998/15A"	1	1	8	3	1	0.375	1	"N7"
"SSC_07998_15A__SSC_07998_15A__N3C134"	"N8"	"SSC/07998/15A"	"SSc-ILD"	"SSC/07998/15A"	1	1	8	0	0	0	0	"N7"
"SSC_07998_15A__SSC_07998_15A__N3C135"	"N1"	"SSC/07998/15A"	"SSc-ILD"	"SSC/07998/15A"	14	14	66	33	14	0.5	1	"N1"
"SSC_07998_15A__SSC_07998_15A__N3C135"	"N2"	"SSC/07998/15A"	"SSc-ILD"	"SSC/07998/15A"	14	14	66	0	0	0	0	"N1"
"SSC_07998_15A__SSC_07998_15A__N3C135"	"N3"	"SSC/07998/15A"	"SSc-ILD"	"SSC/07998/15A"	14	14	66	0	0	0	0	"N1"
"SSC_07998_15A__SSC_07998_15A__N3C135"	"N4"	"SSC/07998/15A"	"SSc-ILD"	"SSC/07998/15A"	14	14	66	0	0	0	0	"N1"
"SSC_07998_15A__SSC_07998_15A__N3C135"	"N5"	"SSC/07998/15A"	"SSc-ILD"	"SSC/07998/15A"	14	14	66	13	7	0.196969696969697	0.5	"N1"
"SSC_07998_15A__SSC_07998_15A__N3C135"	"N6"	"SSC/07998/15A"	"SSc-ILD"	"SSC/07998/15A"	14	14	66	0	0	0	0	"N1"
"SSC_07998_15A__SSC_07998_15A__N3C135"	"N7"	"SSC/07998/15A"	"SSc-ILD"	"SSC/07998/15A"	14	14	66	18	9	0.272727272727273	0.642857142857143	"N1"
"SSC_07998_15A__SSC_07998_15A__N3C135"	"N8"	"SSC/07998/15A"	"SSc-ILD"	"SSC/07998/15A"	14	14	66	2	2	0.0303030303030303	0.142857142857143	"N1"
"SSC_07998_15A__SSC_07998_15A__N3C136"	"N1"	"SSC/07998/15A"	"SSc-ILD"	"SSC/07998/15A"	2	2	13	1	1	0.0769230769230769	0.5	"N5"
"SSC_07998_15A__SSC_07998_15A__N3C136"	"N2"	"SSC/07998/15A"	"SSc-ILD"	"SSC/07998/15A"	2	2	13	0	0	0	0	"N5"
"SSC_07998_15A__SSC_07998_15A__N3C136"	"N3"	"SSC/07998/15A"	"SSc-ILD"	"SSC/07998/15A"	2	2	13	0	0	0	0	"N5"
"SSC_07998_15A__SSC_07998_15A__N3C136"	"N4"	"SSC/07998/15A"	"SSc-ILD"	"SSC/07998/15A"	2	2	13	0	0	0	0	"N5"
"SSC_07998_15A__SSC_07998_15A__N3C136"	"N5"	"SSC/07998/15A"	"SSc-ILD"	"SSC/07998/15A"	2	2	13	5	2	0.384615384615385	1	"N5"
"SSC_07998_15A__SSC_07998_15A__N3C136"	"N6"	"SSC/07998/15A"	"SSc-ILD"	"SSC/07998/15A"	2	2	13	3	2	0.230769230769231	1	"N5"
"SSC_07998_15A__SSC_07998_15A__N3C136"	"N7"	"SSC/07998/15A"	"SSc-ILD"	"SSC/07998/15A"	2	2	13	2	2	0.153846153846154	1	"N5"
"SSC_07998_15A__SSC_07998_15A__N3C136"	"N8"	"SSC/07998/15A"	"SSc-ILD"	"SSC/07998/15A"	2	2	13	2	2	0.153846153846154	1	"N5"
"SSC_07998_15A__SSC_07998_15A__N3C137"	"N1"	"SSC/07998/15A"	"SSc-ILD"	"SSC/07998/15A"	1	1	8	6	1	0.75	1	"N1"
"SSC_07998_15A__SSC_07998_15A__N3C137"	"N2"	"SSC/07998/15A"	"SSc-ILD"	"SSC/07998/15A"	1	1	8	0	0	0	0	"N1"
"SSC_07998_15A__SSC_07998_15A__N3C137"	"N3"	"SSC/07998/15A"	"SSc-ILD"	"SSC/07998/15A"	1	1	8	0	0	0	0	"N1"
"SSC_07998_15A__SSC_07998_15A__N3C137"	"N4"	"SSC/07998/15A"	"SSc-ILD"	"SSC/07998/15A"	1	1	8	0	0	0	0	"N1"
"SSC_07998_15A__SSC_07998_15A__N3C137"	"N5"	"SSC/07998/15A"	"SSc-ILD"	"SSC/07998/15A"	1	1	8	0	0	0	0	"N1"
"SSC_07998_15A__SSC_07998_15A__N3C137"	"N6"	"SSC/07998/15A"	"SSc-ILD"	"SSC/07998/15A"	1	1	8	0	0	0	0	"N1"
"SSC_07998_15A__SSC_07998_15A__N3C137"	"N7"	"SSC/07998/15A"	"SSc-ILD"	"SSC/07998/15A"	1	1	8	2	1	0.25	1	"N1"
"SSC_07998_15A__SSC_07998_15A__N3C137"	"N8"	"SSC/07998/15A"	"SSc-ILD"	"SSC/07998/15A"	1	1	8	0	0	0	0	"N1"
"SSC_07998_15A__SSC_07998_15A__N3C138"	"N1"	"SSC/07998/15A"	"SSc-ILD"	"SSC/07998/15A"	2	2	14	3	2	0.214285714285714	1	"N5"
"SSC_07998_15A__SSC_07998_15A__N3C138"	"N2"	"SSC/07998/15A"	"SSc-ILD"	"SSC/07998/15A"	2	2	14	0	0	0	0	"N5"
"SSC_07998_15A__SSC_07998_15A__N3C138"	"N3"	"SSC/07998/15A"	"SSc-ILD"	"SSC/07998/15A"	2	2	14	0	0	0	0	"N5"
"SSC_07998_15A__SSC_07998_15A__N3C138"	"N4"	"SSC/07998/15A"	"SSc-ILD"	"SSC/07998/15A"	2	2	14	0	0	0	0	"N5"
"SSC_07998_15A__SSC_07998_15A__N3C138"	"N5"	"SSC/07998/15A"	"SSc-ILD"	"SSC/07998/15A"	2	2	14	8	2	0.571428571428571	1	"N5"
"SSC_07998_15A__SSC_07998_15A__N3C138"	"N6"	"SSC/07998/15A"	"SSc-ILD"	"SSC/07998/15A"	2	2	14	2	2	0.142857142857143	1	"N5"
"SSC_07998_15A__SSC_07998_15A__N3C138"	"N7"	"SSC/07998/15A"	"SSc-ILD"	"SSC/07998/15A"	2	2	14	0	0	0	0	"N5"
"SSC_07998_15A__SSC_07998_15A__N3C138"	"N8"	"SSC/07998/15A"	"SSc-ILD"	"SSC/07998/15A"	2	2	14	1	1	0.0714285714285714	0.5	"N5"
"SSC_07998_15A__SSC_07998_15A__N3C139"	"N1"	"SSC/07998/15A"	"SSc-ILD"	"SSC/07998/15A"	1	1	8	3	1	0.375	1	"N1; N8"
"SSC_07998_15A__SSC_07998_15A__N3C139"	"N2"	"SSC/07998/15A"	"SSc-ILD"	"SSC/07998/15A"	1	1	8	0	0	0	0	"N1; N8"
"SSC_07998_15A__SSC_07998_15A__N3C139"	"N3"	"SSC/07998/15A"	"SSc-ILD"	"SSC/07998/15A"	1	1	8	0	0	0	0	"N1; N8"
"SSC_07998_15A__SSC_07998_15A__N3C139"	"N4"	"SSC/07998/15A"	"SSc-ILD"	"SSC/07998/15A"	1	1	8	0	0	0	0	"N1; N8"
"SSC_07998_15A__SSC_07998_15A__N3C139"	"N5"	"SSC/07998/15A"	"SSc-ILD"	"SSC/07998/15A"	1	1	8	2	1	0.25	1	"N1; N8"
"SSC_07998_15A__SSC_07998_15A__N3C139"	"N6"	"SSC/07998/15A"	"SSc-ILD"	"SSC/07998/15A"	1	1	8	0	0	0	0	"N1; N8"
"SSC_07998_15A__SSC_07998_15A__N3C139"	"N7"	"SSC/07998/15A"	"SSc-ILD"	"SSC/07998/15A"	1	1	8	0	0	0	0	"N1; N8"
"SSC_07998_15A__SSC_07998_15A__N3C139"	"N8"	"SSC/07998/15A"	"SSc-ILD"	"SSC/07998/15A"	1	1	8	3	1	0.375	1	"N1; N8"
"SSC_07998_15A__SSC_07998_15A__N3C140"	"N1"	"SSC/07998/15A"	"SSc-ILD"	"SSC/07998/15A"	1	1	6	1	1	0.166666666666667	1	"N5"
"SSC_07998_15A__SSC_07998_15A__N3C140"	"N2"	"SSC/07998/15A"	"SSc-ILD"	"SSC/07998/15A"	1	1	6	0	0	0	0	"N5"
"SSC_07998_15A__SSC_07998_15A__N3C140"	"N3"	"SSC/07998/15A"	"SSc-ILD"	"SSC/07998/15A"	1	1	6	0	0	0	0	"N5"
"SSC_07998_15A__SSC_07998_15A__N3C140"	"N4"	"SSC/07998/15A"	"SSc-ILD"	"SSC/07998/15A"	1	1	6	0	0	0	0	"N5"
"SSC_07998_15A__SSC_07998_15A__N3C140"	"N5"	"SSC/07998/15A"	"SSc-ILD"	"SSC/07998/15A"	1	1	6	3	1	0.5	1	"N5"
"SSC_07998_15A__SSC_07998_15A__N3C140"	"N6"	"SSC/07998/15A"	"SSc-ILD"	"SSC/07998/15A"	1	1	6	0	0	0	0	"N5"
"SSC_07998_15A__SSC_07998_15A__N3C140"	"N7"	"SSC/07998/15A"	"SSc-ILD"	"SSC/07998/15A"	1	1	6	1	1	0.166666666666667	1	"N5"
"SSC_07998_15A__SSC_07998_15A__N3C140"	"N8"	"SSC/07998/15A"	"SSc-ILD"	"SSC/07998/15A"	1	1	6	1	1	0.166666666666667	1	"N5"
"SSC_07998_15A__SSC_07998_15A__N3C141"	"N1"	"SSC/07998/15A"	"SSc-ILD"	"SSC/07998/15A"	3	3	18	7	3	0.388888888888889	1	"N1; N8"
"SSC_07998_15A__SSC_07998_15A__N3C141"	"N2"	"SSC/07998/15A"	"SSc-ILD"	"SSC/07998/15A"	3	3	18	1	1	0.0555555555555556	0.333333333333333	"N1; N8"
"SSC_07998_15A__SSC_07998_15A__N3C141"	"N3"	"SSC/07998/15A"	"SSc-ILD"	"SSC/07998/15A"	3	3	18	0	0	0	0	"N1; N8"
"SSC_07998_15A__SSC_07998_15A__N3C141"	"N4"	"SSC/07998/15A"	"SSc-ILD"	"SSC/07998/15A"	3	3	18	0	0	0	0	"N1; N8"
"SSC_07998_15A__SSC_07998_15A__N3C141"	"N5"	"SSC/07998/15A"	"SSc-ILD"	"SSC/07998/15A"	3	3	18	2	2	0.111111111111111	0.666666666666667	"N1; N8"
"SSC_07998_15A__SSC_07998_15A__N3C141"	"N6"	"SSC/07998/15A"	"SSc-ILD"	"SSC/07998/15A"	3	3	18	1	1	0.0555555555555556	0.333333333333333	"N1; N8"
"SSC_07998_15A__SSC_07998_15A__N3C141"	"N7"	"SSC/07998/15A"	"SSc-ILD"	"SSC/07998/15A"	3	3	18	0	0	0	0	"N1; N8"
"SSC_07998_15A__SSC_07998_15A__N3C141"	"N8"	"SSC/07998/15A"	"SSc-ILD"	"SSC/07998/15A"	3	3	18	7	3	0.388888888888889	1	"N1; N8"
"SSC_07998_15A__SSC_07998_15A__N3C142"	"N1"	"SSC/07998/15A"	"SSc-ILD"	"SSC/07998/15A"	3	3	20	14	3	0.7	1	"N1"
"SSC_07998_15A__SSC_07998_15A__N3C142"	"N2"	"SSC/07998/15A"	"SSc-ILD"	"SSC/07998/15A"	3	3	20	0	0	0	0	"N1"
"SSC_07998_15A__SSC_07998_15A__N3C142"	"N3"	"SSC/07998/15A"	"SSc-ILD"	"SSC/07998/15A"	3	3	20	0	0	0	0	"N1"
"SSC_07998_15A__SSC_07998_15A__N3C142"	"N4"	"SSC/07998/15A"	"SSc-ILD"	"SSC/07998/15A"	3	3	20	0	0	0	0	"N1"
"SSC_07998_15A__SSC_07998_15A__N3C142"	"N5"	"SSC/07998/15A"	"SSc-ILD"	"SSC/07998/15A"	3	3	20	2	2	0.1	0.666666666666667	"N1"
"SSC_07998_15A__SSC_07998_15A__N3C142"	"N6"	"SSC/07998/15A"	"SSc-ILD"	"SSC/07998/15A"	3	3	20	0	0	0	0	"N1"
"SSC_07998_15A__SSC_07998_15A__N3C142"	"N7"	"SSC/07998/15A"	"SSc-ILD"	"SSC/07998/15A"	3	3	20	4	3	0.2	1	"N1"
"SSC_07998_15A__SSC_07998_15A__N3C142"	"N8"	"SSC/07998/15A"	"SSc-ILD"	"SSC/07998/15A"	3	3	20	0	0	0	0	"N1"
"SSC_07998_15A__SSC_07998_15A__N3C143"	"N1"	"SSC/07998/15A"	"SSc-ILD"	"SSC/07998/15A"	1	1	8	5	1	0.625	1	"N1"
"SSC_07998_15A__SSC_07998_15A__N3C143"	"N2"	"SSC/07998/15A"	"SSc-ILD"	"SSC/07998/15A"	1	1	8	0	0	0	0	"N1"
"SSC_07998_15A__SSC_07998_15A__N3C143"	"N3"	"SSC/07998/15A"	"SSc-ILD"	"SSC/07998/15A"	1	1	8	0	0	0	0	"N1"
"SSC_07998_15A__SSC_07998_15A__N3C143"	"N4"	"SSC/07998/15A"	"SSc-ILD"	"SSC/07998/15A"	1	1	8	0	0	0	0	"N1"
"SSC_07998_15A__SSC_07998_15A__N3C143"	"N5"	"SSC/07998/15A"	"SSc-ILD"	"SSC/07998/15A"	1	1	8	1	1	0.125	1	"N1"
"SSC_07998_15A__SSC_07998_15A__N3C143"	"N6"	"SSC/07998/15A"	"SSc-ILD"	"SSC/07998/15A"	1	1	8	1	1	0.125	1	"N1"
"SSC_07998_15A__SSC_07998_15A__N3C143"	"N7"	"SSC/07998/15A"	"SSc-ILD"	"SSC/07998/15A"	1	1	8	1	1	0.125	1	"N1"
"SSC_07998_15A__SSC_07998_15A__N3C143"	"N8"	"SSC/07998/15A"	"SSc-ILD"	"SSC/07998/15A"	1	1	8	0	0	0	0	"N1"
"SSC_07998_15A__SSC_07998_15A__N3C144"	"N1"	"SSC/07998/15A"	"SSc-ILD"	"SSC/07998/15A"	7	7	23	4	3	0.173913043478261	0.428571428571429	"N8"
"SSC_07998_15A__SSC_07998_15A__N3C144"	"N2"	"SSC/07998/15A"	"SSc-ILD"	"SSC/07998/15A"	7	7	23	1	1	0.0434782608695652	0.142857142857143	"N8"
"SSC_07998_15A__SSC_07998_15A__N3C144"	"N3"	"SSC/07998/15A"	"SSc-ILD"	"SSC/07998/15A"	7	7	23	0	0	0	0	"N8"
"SSC_07998_15A__SSC_07998_15A__N3C144"	"N4"	"SSC/07998/15A"	"SSc-ILD"	"SSC/07998/15A"	7	7	23	4	3	0.173913043478261	0.428571428571429	"N8"
"SSC_07998_15A__SSC_07998_15A__N3C144"	"N5"	"SSC/07998/15A"	"SSc-ILD"	"SSC/07998/15A"	7	7	23	0	0	0	0	"N8"
"SSC_07998_15A__SSC_07998_15A__N3C144"	"N6"	"SSC/07998/15A"	"SSc-ILD"	"SSC/07998/15A"	7	7	23	0	0	0	0	"N8"
"SSC_07998_15A__SSC_07998_15A__N3C144"	"N7"	"SSC/07998/15A"	"SSc-ILD"	"SSC/07998/15A"	7	7	23	1	1	0.0434782608695652	0.142857142857143	"N8"
"SSC_07998_15A__SSC_07998_15A__N3C144"	"N8"	"SSC/07998/15A"	"SSc-ILD"	"SSC/07998/15A"	7	7	23	13	5	0.565217391304348	0.714285714285714	"N8"
"SSC_07998_15A__SSC_07998_15A__N3C145"	"N1"	"SSC/07998/15A"	"SSc-ILD"	"SSC/07998/15A"	1	1	7	1	1	0.142857142857143	1	"N5; N8"
"SSC_07998_15A__SSC_07998_15A__N3C145"	"N2"	"SSC/07998/15A"	"SSc-ILD"	"SSC/07998/15A"	1	1	7	0	0	0	0	"N5; N8"
"SSC_07998_15A__SSC_07998_15A__N3C145"	"N3"	"SSC/07998/15A"	"SSc-ILD"	"SSC/07998/15A"	1	1	7	0	0	0	0	"N5; N8"
"SSC_07998_15A__SSC_07998_15A__N3C145"	"N4"	"SSC/07998/15A"	"SSc-ILD"	"SSC/07998/15A"	1	1	7	0	0	0	0	"N5; N8"
"SSC_07998_15A__SSC_07998_15A__N3C145"	"N5"	"SSC/07998/15A"	"SSc-ILD"	"SSC/07998/15A"	1	1	7	3	1	0.428571428571429	1	"N5; N8"
"SSC_07998_15A__SSC_07998_15A__N3C145"	"N6"	"SSC/07998/15A"	"SSc-ILD"	"SSC/07998/15A"	1	1	7	0	0	0	0	"N5; N8"
"SSC_07998_15A__SSC_07998_15A__N3C145"	"N7"	"SSC/07998/15A"	"SSc-ILD"	"SSC/07998/15A"	1	1	7	0	0	0	0	"N5; N8"
"SSC_07998_15A__SSC_07998_15A__N3C145"	"N8"	"SSC/07998/15A"	"SSc-ILD"	"SSC/07998/15A"	1	1	7	3	1	0.428571428571429	1	"N5; N8"
"SSC_07998_15A__SSC_07998_15A__N3C146"	"N1"	"SSC/07998/15A"	"SSc-ILD"	"SSC/07998/15A"	1	1	8	5	1	0.625	1	"N1"
"SSC_07998_15A__SSC_07998_15A__N3C146"	"N2"	"SSC/07998/15A"	"SSc-ILD"	"SSC/07998/15A"	1	1	8	0	0	0	0	"N1"
"SSC_07998_15A__SSC_07998_15A__N3C146"	"N3"	"SSC/07998/15A"	"SSc-ILD"	"SSC/07998/15A"	1	1	8	0	0	0	0	"N1"
"SSC_07998_15A__SSC_07998_15A__N3C146"	"N4"	"SSC/07998/15A"	"SSc-ILD"	"SSC/07998/15A"	1	1	8	0	0	0	0	"N1"
"SSC_07998_15A__SSC_07998_15A__N3C146"	"N5"	"SSC/07998/15A"	"SSc-ILD"	"SSC/07998/15A"	1	1	8	1	1	0.125	1	"N1"
"SSC_07998_15A__SSC_07998_15A__N3C146"	"N6"	"SSC/07998/15A"	"SSc-ILD"	"SSC/07998/15A"	1	1	8	1	1	0.125	1	"N1"
"SSC_07998_15A__SSC_07998_15A__N3C146"	"N7"	"SSC/07998/15A"	"SSc-ILD"	"SSC/07998/15A"	1	1	8	1	1	0.125	1	"N1"
"SSC_07998_15A__SSC_07998_15A__N3C146"	"N8"	"SSC/07998/15A"	"SSc-ILD"	"SSC/07998/15A"	1	1	8	0	0	0	0	"N1"
"SSC_07998_15A__SSC_07998_15A__N3C147"	"N1"	"SSC/07998/15A"	"SSc-ILD"	"SSC/07998/15A"	3	3	20	3	1	0.15	0.333333333333333	"N5"
"SSC_07998_15A__SSC_07998_15A__N3C147"	"N2"	"SSC/07998/15A"	"SSc-ILD"	"SSC/07998/15A"	3	3	20	0	0	0	0	"N5"
"SSC_07998_15A__SSC_07998_15A__N3C147"	"N3"	"SSC/07998/15A"	"SSc-ILD"	"SSC/07998/15A"	3	3	20	0	0	0	0	"N5"
"SSC_07998_15A__SSC_07998_15A__N3C147"	"N4"	"SSC/07998/15A"	"SSc-ILD"	"SSC/07998/15A"	3	3	20	0	0	0	0	"N5"
"SSC_07998_15A__SSC_07998_15A__N3C147"	"N5"	"SSC/07998/15A"	"SSc-ILD"	"SSC/07998/15A"	3	3	20	11	3	0.55	1	"N5"
"SSC_07998_15A__SSC_07998_15A__N3C147"	"N6"	"SSC/07998/15A"	"SSc-ILD"	"SSC/07998/15A"	3	3	20	0	0	0	0	"N5"
"SSC_07998_15A__SSC_07998_15A__N3C147"	"N7"	"SSC/07998/15A"	"SSc-ILD"	"SSC/07998/15A"	3	3	20	0	0	0	0	"N5"
"SSC_07998_15A__SSC_07998_15A__N3C147"	"N8"	"SSC/07998/15A"	"SSc-ILD"	"SSC/07998/15A"	3	3	20	6	3	0.3	1	"N5"
"SSC_07998_15A__SSC_07998_15A__N3C148"	"N1"	"SSC/07998/15A"	"SSc-ILD"	"SSC/07998/15A"	5	5	28	13	5	0.464285714285714	1	"N1"
"SSC_07998_15A__SSC_07998_15A__N3C148"	"N2"	"SSC/07998/15A"	"SSc-ILD"	"SSC/07998/15A"	5	5	28	0	0	0	0	"N1"
"SSC_07998_15A__SSC_07998_15A__N3C148"	"N3"	"SSC/07998/15A"	"SSc-ILD"	"SSC/07998/15A"	5	5	28	0	0	0	0	"N1"
"SSC_07998_15A__SSC_07998_15A__N3C148"	"N4"	"SSC/07998/15A"	"SSc-ILD"	"SSC/07998/15A"	5	5	28	0	0	0	0	"N1"
"SSC_07998_15A__SSC_07998_15A__N3C148"	"N5"	"SSC/07998/15A"	"SSc-ILD"	"SSC/07998/15A"	5	5	28	6	3	0.214285714285714	0.6	"N1"
"SSC_07998_15A__SSC_07998_15A__N3C148"	"N6"	"SSC/07998/15A"	"SSc-ILD"	"SSC/07998/15A"	5	5	28	1	1	0.0357142857142857	0.2	"N1"
"SSC_07998_15A__SSC_07998_15A__N3C148"	"N7"	"SSC/07998/15A"	"SSc-ILD"	"SSC/07998/15A"	5	5	28	0	0	0	0	"N1"
"SSC_07998_15A__SSC_07998_15A__N3C148"	"N8"	"SSC/07998/15A"	"SSc-ILD"	"SSC/07998/15A"	5	5	28	8	4	0.285714285714286	0.8	"N1"
"SSC_07998_15A__SSC_07998_15A__N3C149"	"N1"	"SSC/07998/15A"	"SSc-ILD"	"SSC/07998/15A"	8	8	48	17	7	0.354166666666667	0.875	"N5"
"SSC_07998_15A__SSC_07998_15A__N3C149"	"N2"	"SSC/07998/15A"	"SSc-ILD"	"SSC/07998/15A"	8	8	48	0	0	0	0	"N5"
"SSC_07998_15A__SSC_07998_15A__N3C149"	"N3"	"SSC/07998/15A"	"SSc-ILD"	"SSC/07998/15A"	8	8	48	0	0	0	0	"N5"
"SSC_07998_15A__SSC_07998_15A__N3C149"	"N4"	"SSC/07998/15A"	"SSc-ILD"	"SSC/07998/15A"	8	8	48	0	0	0	0	"N5"
"SSC_07998_15A__SSC_07998_15A__N3C149"	"N5"	"SSC/07998/15A"	"SSc-ILD"	"SSC/07998/15A"	8	8	48	22	7	0.458333333333333	0.875	"N5"
"SSC_07998_15A__SSC_07998_15A__N3C149"	"N6"	"SSC/07998/15A"	"SSc-ILD"	"SSC/07998/15A"	8	8	48	1	1	0.0208333333333333	0.125	"N5"
"SSC_07998_15A__SSC_07998_15A__N3C149"	"N7"	"SSC/07998/15A"	"SSc-ILD"	"SSC/07998/15A"	8	8	48	7	5	0.145833333333333	0.625	"N5"
"SSC_07998_15A__SSC_07998_15A__N3C149"	"N8"	"SSC/07998/15A"	"SSc-ILD"	"SSC/07998/15A"	8	8	48	1	1	0.0208333333333333	0.125	"N5"
"SSC_07998_15A__SSC_07998_15A__N3C150"	"N1"	"SSC/07998/15A"	"SSc-ILD"	"SSC/07998/15A"	17	17	96	38	17	0.395833333333333	1	"N7"
"SSC_07998_15A__SSC_07998_15A__N3C150"	"N2"	"SSC/07998/15A"	"SSc-ILD"	"SSC/07998/15A"	17	17	96	0	0	0	0	"N7"
"SSC_07998_15A__SSC_07998_15A__N3C150"	"N3"	"SSC/07998/15A"	"SSc-ILD"	"SSC/07998/15A"	17	17	96	0	0	0	0	"N7"
"SSC_07998_15A__SSC_07998_15A__N3C150"	"N4"	"SSC/07998/15A"	"SSc-ILD"	"SSC/07998/15A"	17	17	96	0	0	0	0	"N7"
"SSC_07998_15A__SSC_07998_15A__N3C150"	"N5"	"SSC/07998/15A"	"SSc-ILD"	"SSC/07998/15A"	17	17	96	14	10	0.145833333333333	0.588235294117647	"N7"
"SSC_07998_15A__SSC_07998_15A__N3C150"	"N6"	"SSC/07998/15A"	"SSc-ILD"	"SSC/07998/15A"	17	17	96	2	2	0.0208333333333333	0.117647058823529	"N7"
"SSC_07998_15A__SSC_07998_15A__N3C150"	"N7"	"SSC/07998/15A"	"SSc-ILD"	"SSC/07998/15A"	17	17	96	40	16	0.416666666666667	0.941176470588235	"N7"
"SSC_07998_15A__SSC_07998_15A__N3C150"	"N8"	"SSC/07998/15A"	"SSc-ILD"	"SSC/07998/15A"	17	17	96	2	1	0.0208333333333333	0.0588235294117647	"N7"
"SSC_07998_15A__SSC_07998_15A__N3C151"	"N1"	"SSC/07998/15A"	"SSc-ILD"	"SSC/07998/15A"	1	1	8	2	1	0.25	1	"N5"
"SSC_07998_15A__SSC_07998_15A__N3C151"	"N2"	"SSC/07998/15A"	"SSc-ILD"	"SSC/07998/15A"	1	1	8	0	0	0	0	"N5"
"SSC_07998_15A__SSC_07998_15A__N3C151"	"N3"	"SSC/07998/15A"	"SSc-ILD"	"SSC/07998/15A"	1	1	8	0	0	0	0	"N5"
"SSC_07998_15A__SSC_07998_15A__N3C151"	"N4"	"SSC/07998/15A"	"SSc-ILD"	"SSC/07998/15A"	1	1	8	0	0	0	0	"N5"
"SSC_07998_15A__SSC_07998_15A__N3C151"	"N5"	"SSC/07998/15A"	"SSc-ILD"	"SSC/07998/15A"	1	1	8	3	1	0.375	1	"N5"
"SSC_07998_15A__SSC_07998_15A__N3C151"	"N6"	"SSC/07998/15A"	"SSc-ILD"	"SSC/07998/15A"	1	1	8	1	1	0.125	1	"N5"
"SSC_07998_15A__SSC_07998_15A__N3C151"	"N7"	"SSC/07998/15A"	"SSc-ILD"	"SSC/07998/15A"	1	1	8	2	1	0.25	1	"N5"
"SSC_07998_15A__SSC_07998_15A__N3C151"	"N8"	"SSC/07998/15A"	"SSc-ILD"	"SSC/07998/15A"	1	1	8	0	0	0	0	"N5"
"SSC_07998_15A__SSC_07998_15A__N3C152"	"N1"	"SSC/07998/15A"	"SSc-ILD"	"SSC/07998/15A"	1	1	8	7	1	0.875	1	"N1"
"SSC_07998_15A__SSC_07998_15A__N3C152"	"N2"	"SSC/07998/15A"	"SSc-ILD"	"SSC/07998/15A"	1	1	8	0	0	0	0	"N1"
"SSC_07998_15A__SSC_07998_15A__N3C152"	"N3"	"SSC/07998/15A"	"SSc-ILD"	"SSC/07998/15A"	1	1	8	0	0	0	0	"N1"
"SSC_07998_15A__SSC_07998_15A__N3C152"	"N4"	"SSC/07998/15A"	"SSc-ILD"	"SSC/07998/15A"	1	1	8	0	0	0	0	"N1"
"SSC_07998_15A__SSC_07998_15A__N3C152"	"N5"	"SSC/07998/15A"	"SSc-ILD"	"SSC/07998/15A"	1	1	8	0	0	0	0	"N1"
"SSC_07998_15A__SSC_07998_15A__N3C152"	"N6"	"SSC/07998/15A"	"SSc-ILD"	"SSC/07998/15A"	1	1	8	0	0	0	0	"N1"
"SSC_07998_15A__SSC_07998_15A__N3C152"	"N7"	"SSC/07998/15A"	"SSc-ILD"	"SSC/07998/15A"	1	1	8	0	0	0	0	"N1"
"SSC_07998_15A__SSC_07998_15A__N3C152"	"N8"	"SSC/07998/15A"	"SSc-ILD"	"SSC/07998/15A"	1	1	8	1	1	0.125	1	"N1"
"SSC_07998_15A__SSC_07998_15A__N3C153"	"N1"	"SSC/07998/15A"	"SSc-ILD"	"SSC/07998/15A"	2	2	14	6	2	0.428571428571429	1	"N1"
"SSC_07998_15A__SSC_07998_15A__N3C153"	"N2"	"SSC/07998/15A"	"SSc-ILD"	"SSC/07998/15A"	2	2	14	0	0	0	0	"N1"
"SSC_07998_15A__SSC_07998_15A__N3C153"	"N3"	"SSC/07998/15A"	"SSc-ILD"	"SSC/07998/15A"	2	2	14	0	0	0	0	"N1"
"SSC_07998_15A__SSC_07998_15A__N3C153"	"N4"	"SSC/07998/15A"	"SSc-ILD"	"SSC/07998/15A"	2	2	14	0	0	0	0	"N1"
"SSC_07998_15A__SSC_07998_15A__N3C153"	"N5"	"SSC/07998/15A"	"SSc-ILD"	"SSC/07998/15A"	2	2	14	5	2	0.357142857142857	1	"N1"
"SSC_07998_15A__SSC_07998_15A__N3C153"	"N6"	"SSC/07998/15A"	"SSc-ILD"	"SSC/07998/15A"	2	2	14	0	0	0	0	"N1"
"SSC_07998_15A__SSC_07998_15A__N3C153"	"N7"	"SSC/07998/15A"	"SSc-ILD"	"SSC/07998/15A"	2	2	14	3	1	0.214285714285714	0.5	"N1"
"SSC_07998_15A__SSC_07998_15A__N3C153"	"N8"	"SSC/07998/15A"	"SSc-ILD"	"SSC/07998/15A"	2	2	14	0	0	0	0	"N1"
"SSC_07998_15A__SSC_07998_15A__N3C154"	"N1"	"SSC/07998/15A"	"SSc-ILD"	"SSC/07998/15A"	9	9	36	5	4	0.138888888888889	0.444444444444444	"N5; N8"
"SSC_07998_15A__SSC_07998_15A__N3C154"	"N2"	"SSC/07998/15A"	"SSc-ILD"	"SSC/07998/15A"	9	9	36	2	2	0.0555555555555556	0.222222222222222	"N5; N8"
"SSC_07998_15A__SSC_07998_15A__N3C154"	"N3"	"SSC/07998/15A"	"SSc-ILD"	"SSC/07998/15A"	9	9	36	0	0	0	0	"N5; N8"
"SSC_07998_15A__SSC_07998_15A__N3C154"	"N4"	"SSC/07998/15A"	"SSc-ILD"	"SSC/07998/15A"	9	9	36	0	0	0	0	"N5; N8"
"SSC_07998_15A__SSC_07998_15A__N3C154"	"N5"	"SSC/07998/15A"	"SSc-ILD"	"SSC/07998/15A"	9	9	36	10	8	0.277777777777778	0.888888888888889	"N5; N8"
"SSC_07998_15A__SSC_07998_15A__N3C154"	"N6"	"SSC/07998/15A"	"SSc-ILD"	"SSC/07998/15A"	9	9	36	0	0	0	0	"N5; N8"
"SSC_07998_15A__SSC_07998_15A__N3C154"	"N7"	"SSC/07998/15A"	"SSc-ILD"	"SSC/07998/15A"	9	9	36	9	6	0.25	0.666666666666667	"N5; N8"
"SSC_07998_15A__SSC_07998_15A__N3C154"	"N8"	"SSC/07998/15A"	"SSc-ILD"	"SSC/07998/15A"	9	9	36	10	6	0.277777777777778	0.666666666666667	"N5; N8"
"SSC_07998_15A__SSC_07998_15A__N3C155"	"N1"	"SSC/07998/15A"	"SSc-ILD"	"SSC/07998/15A"	16	15	52	26	13	0.5	0.866666666666667	"N1"
"SSC_07998_15A__SSC_07998_15A__N3C155"	"N2"	"SSC/07998/15A"	"SSc-ILD"	"SSC/07998/15A"	16	15	52	0	0	0	0	"N1"
"SSC_07998_15A__SSC_07998_15A__N3C155"	"N3"	"SSC/07998/15A"	"SSc-ILD"	"SSC/07998/15A"	16	15	52	0	0	0	0	"N1"
"SSC_07998_15A__SSC_07998_15A__N3C155"	"N4"	"SSC/07998/15A"	"SSc-ILD"	"SSC/07998/15A"	16	15	52	0	0	0	0	"N1"
"SSC_07998_15A__SSC_07998_15A__N3C155"	"N5"	"SSC/07998/15A"	"SSc-ILD"	"SSC/07998/15A"	16	15	52	5	3	0.0961538461538462	0.2	"N1"
"SSC_07998_15A__SSC_07998_15A__N3C155"	"N6"	"SSC/07998/15A"	"SSc-ILD"	"SSC/07998/15A"	16	15	52	0	0	0	0	"N1"
"SSC_07998_15A__SSC_07998_15A__N3C155"	"N7"	"SSC/07998/15A"	"SSc-ILD"	"SSC/07998/15A"	16	15	52	12	7	0.230769230769231	0.466666666666667	"N1"
"SSC_07998_15A__SSC_07998_15A__N3C155"	"N8"	"SSC/07998/15A"	"SSc-ILD"	"SSC/07998/15A"	16	15	52	9	4	0.173076923076923	0.266666666666667	"N1"
"SSC_07998_15A__SSC_07998_15A__N3C156"	"N1"	"SSC/07998/15A"	"SSc-ILD"	"SSC/07998/15A"	25	25	116	48	17	0.413793103448276	0.68	"N1"
"SSC_07998_15A__SSC_07998_15A__N3C156"	"N2"	"SSC/07998/15A"	"SSc-ILD"	"SSC/07998/15A"	25	25	116	1	1	0.00862068965517241	0.04	"N1"
"SSC_07998_15A__SSC_07998_15A__N3C156"	"N3"	"SSC/07998/15A"	"SSc-ILD"	"SSC/07998/15A"	25	25	116	0	0	0	0	"N1"
"SSC_07998_15A__SSC_07998_15A__N3C156"	"N4"	"SSC/07998/15A"	"SSc-ILD"	"SSC/07998/15A"	25	25	116	0	0	0	0	"N1"
"SSC_07998_15A__SSC_07998_15A__N3C156"	"N5"	"SSC/07998/15A"	"SSc-ILD"	"SSC/07998/15A"	25	25	116	40	17	0.344827586206897	0.68	"N1"
"SSC_07998_15A__SSC_07998_15A__N3C156"	"N6"	"SSC/07998/15A"	"SSc-ILD"	"SSC/07998/15A"	25	25	116	2	1	0.0172413793103448	0.04	"N1"
"SSC_07998_15A__SSC_07998_15A__N3C156"	"N7"	"SSC/07998/15A"	"SSc-ILD"	"SSC/07998/15A"	25	25	116	18	10	0.155172413793103	0.4	"N1"
"SSC_07998_15A__SSC_07998_15A__N3C156"	"N8"	"SSC/07998/15A"	"SSc-ILD"	"SSC/07998/15A"	25	25	116	7	3	0.0603448275862069	0.12	"N1"
"SSC_07998_15A__SSC_07998_15A__N3C157"	"N1"	"SSC/07998/15A"	"SSc-ILD"	"SSC/07998/15A"	1	1	8	0	0	0	0	"N5"
"SSC_07998_15A__SSC_07998_15A__N3C157"	"N2"	"SSC/07998/15A"	"SSc-ILD"	"SSC/07998/15A"	1	1	8	0	0	0	0	"N5"
"SSC_07998_15A__SSC_07998_15A__N3C157"	"N3"	"SSC/07998/15A"	"SSc-ILD"	"SSC/07998/15A"	1	1	8	0	0	0	0	"N5"
"SSC_07998_15A__SSC_07998_15A__N3C157"	"N4"	"SSC/07998/15A"	"SSc-ILD"	"SSC/07998/15A"	1	1	8	0	0	0	0	"N5"
"SSC_07998_15A__SSC_07998_15A__N3C157"	"N5"	"SSC/07998/15A"	"SSc-ILD"	"SSC/07998/15A"	1	1	8	6	1	0.75	1	"N5"
"SSC_07998_15A__SSC_07998_15A__N3C157"	"N6"	"SSC/07998/15A"	"SSc-ILD"	"SSC/07998/15A"	1	1	8	0	0	0	0	"N5"
"SSC_07998_15A__SSC_07998_15A__N3C157"	"N7"	"SSC/07998/15A"	"SSc-ILD"	"SSC/07998/15A"	1	1	8	0	0	0	0	"N5"
"SSC_07998_15A__SSC_07998_15A__N3C157"	"N8"	"SSC/07998/15A"	"SSc-ILD"	"SSC/07998/15A"	1	1	8	2	1	0.25	1	"N5"
"SSC_07998_15A__SSC_07998_15A__N3C158"	"N1"	"SSC/07998/15A"	"SSc-ILD"	"SSC/07998/15A"	1	1	8	5	1	0.625	1	"N1"
"SSC_07998_15A__SSC_07998_15A__N3C158"	"N2"	"SSC/07998/15A"	"SSc-ILD"	"SSC/07998/15A"	1	1	8	0	0	0	0	"N1"
"SSC_07998_15A__SSC_07998_15A__N3C158"	"N3"	"SSC/07998/15A"	"SSc-ILD"	"SSC/07998/15A"	1	1	8	0	0	0	0	"N1"
"SSC_07998_15A__SSC_07998_15A__N3C158"	"N4"	"SSC/07998/15A"	"SSc-ILD"	"SSC/07998/15A"	1	1	8	0	0	0	0	"N1"
"SSC_07998_15A__SSC_07998_15A__N3C158"	"N5"	"SSC/07998/15A"	"SSc-ILD"	"SSC/07998/15A"	1	1	8	0	0	0	0	"N1"
"SSC_07998_15A__SSC_07998_15A__N3C158"	"N6"	"SSC/07998/15A"	"SSc-ILD"	"SSC/07998/15A"	1	1	8	0	0	0	0	"N1"
"SSC_07998_15A__SSC_07998_15A__N3C158"	"N7"	"SSC/07998/15A"	"SSc-ILD"	"SSC/07998/15A"	1	1	8	0	0	0	0	"N1"
"SSC_07998_15A__SSC_07998_15A__N3C158"	"N8"	"SSC/07998/15A"	"SSc-ILD"	"SSC/07998/15A"	1	1	8	3	1	0.375	1	"N1"
"SSC_07998_15A__SSC_07998_15A__N3C159"	"N1"	"SSC/07998/15A"	"SSc-ILD"	"SSC/07998/15A"	3	3	20	6	3	0.3	1	"N8"
"SSC_07998_15A__SSC_07998_15A__N3C159"	"N2"	"SSC/07998/15A"	"SSc-ILD"	"SSC/07998/15A"	3	3	20	2	2	0.1	0.666666666666667	"N8"
"SSC_07998_15A__SSC_07998_15A__N3C159"	"N3"	"SSC/07998/15A"	"SSc-ILD"	"SSC/07998/15A"	3	3	20	0	0	0	0	"N8"
"SSC_07998_15A__SSC_07998_15A__N3C159"	"N4"	"SSC/07998/15A"	"SSc-ILD"	"SSC/07998/15A"	3	3	20	0	0	0	0	"N8"
"SSC_07998_15A__SSC_07998_15A__N3C159"	"N5"	"SSC/07998/15A"	"SSc-ILD"	"SSC/07998/15A"	3	3	20	2	2	0.1	0.666666666666667	"N8"
"SSC_07998_15A__SSC_07998_15A__N3C159"	"N6"	"SSC/07998/15A"	"SSc-ILD"	"SSC/07998/15A"	3	3	20	0	0	0	0	"N8"
"SSC_07998_15A__SSC_07998_15A__N3C159"	"N7"	"SSC/07998/15A"	"SSc-ILD"	"SSC/07998/15A"	3	3	20	1	1	0.05	0.333333333333333	"N8"
"SSC_07998_15A__SSC_07998_15A__N3C159"	"N8"	"SSC/07998/15A"	"SSc-ILD"	"SSC/07998/15A"	3	3	20	9	3	0.45	1	"N8"
"SSC_07998_15A__SSC_07998_15A__N3C160"	"N1"	"SSC/07998/15A"	"SSc-ILD"	"SSC/07998/15A"	1	1	8	0	0	0	0	"N6; N8"
"SSC_07998_15A__SSC_07998_15A__N3C160"	"N2"	"SSC/07998/15A"	"SSc-ILD"	"SSC/07998/15A"	1	1	8	0	0	0	0	"N6; N8"
"SSC_07998_15A__SSC_07998_15A__N3C160"	"N3"	"SSC/07998/15A"	"SSc-ILD"	"SSC/07998/15A"	1	1	8	0	0	0	0	"N6; N8"
"SSC_07998_15A__SSC_07998_15A__N3C160"	"N4"	"SSC/07998/15A"	"SSc-ILD"	"SSC/07998/15A"	1	1	8	0	0	0	0	"N6; N8"
"SSC_07998_15A__SSC_07998_15A__N3C160"	"N5"	"SSC/07998/15A"	"SSc-ILD"	"SSC/07998/15A"	1	1	8	1	1	0.125	1	"N6; N8"
"SSC_07998_15A__SSC_07998_15A__N3C160"	"N6"	"SSC/07998/15A"	"SSc-ILD"	"SSC/07998/15A"	1	1	8	3	1	0.375	1	"N6; N8"
"SSC_07998_15A__SSC_07998_15A__N3C160"	"N7"	"SSC/07998/15A"	"SSc-ILD"	"SSC/07998/15A"	1	1	8	1	1	0.125	1	"N6; N8"
"SSC_07998_15A__SSC_07998_15A__N3C160"	"N8"	"SSC/07998/15A"	"SSc-ILD"	"SSC/07998/15A"	1	1	8	3	1	0.375	1	"N6; N8"
"SSC_07998_15A__SSC_07998_15A__N3C161"	"N1"	"SSC/07998/15A"	"SSc-ILD"	"SSC/07998/15A"	1	1	8	2	1	0.25	1	"N5"
"SSC_07998_15A__SSC_07998_15A__N3C161"	"N2"	"SSC/07998/15A"	"SSc-ILD"	"SSC/07998/15A"	1	1	8	0	0	0	0	"N5"
"SSC_07998_15A__SSC_07998_15A__N3C161"	"N3"	"SSC/07998/15A"	"SSc-ILD"	"SSC/07998/15A"	1	1	8	0	0	0	0	"N5"
"SSC_07998_15A__SSC_07998_15A__N3C161"	"N4"	"SSC/07998/15A"	"SSc-ILD"	"SSC/07998/15A"	1	1	8	0	0	0	0	"N5"
"SSC_07998_15A__SSC_07998_15A__N3C161"	"N5"	"SSC/07998/15A"	"SSc-ILD"	"SSC/07998/15A"	1	1	8	4	1	0.5	1	"N5"
"SSC_07998_15A__SSC_07998_15A__N3C161"	"N6"	"SSC/07998/15A"	"SSc-ILD"	"SSC/07998/15A"	1	1	8	1	1	0.125	1	"N5"
"SSC_07998_15A__SSC_07998_15A__N3C161"	"N7"	"SSC/07998/15A"	"SSc-ILD"	"SSC/07998/15A"	1	1	8	1	1	0.125	1	"N5"
"SSC_07998_15A__SSC_07998_15A__N3C161"	"N8"	"SSC/07998/15A"	"SSc-ILD"	"SSC/07998/15A"	1	1	8	0	0	0	0	"N5"
"SSC_07998_15A__SSC_07998_15A__N3C162"	"N1"	"SSC/07998/15A"	"SSc-ILD"	"SSC/07998/15A"	1	1	8	5	1	0.625	1	"N1"
"SSC_07998_15A__SSC_07998_15A__N3C162"	"N2"	"SSC/07998/15A"	"SSc-ILD"	"SSC/07998/15A"	1	1	8	0	0	0	0	"N1"
"SSC_07998_15A__SSC_07998_15A__N3C162"	"N3"	"SSC/07998/15A"	"SSc-ILD"	"SSC/07998/15A"	1	1	8	0	0	0	0	"N1"
"SSC_07998_15A__SSC_07998_15A__N3C162"	"N4"	"SSC/07998/15A"	"SSc-ILD"	"SSC/07998/15A"	1	1	8	0	0	0	0	"N1"
"SSC_07998_15A__SSC_07998_15A__N3C162"	"N5"	"SSC/07998/15A"	"SSc-ILD"	"SSC/07998/15A"	1	1	8	2	1	0.25	1	"N1"
"SSC_07998_15A__SSC_07998_15A__N3C162"	"N6"	"SSC/07998/15A"	"SSc-ILD"	"SSC/07998/15A"	1	1	8	0	0	0	0	"N1"
"SSC_07998_15A__SSC_07998_15A__N3C162"	"N7"	"SSC/07998/15A"	"SSc-ILD"	"SSC/07998/15A"	1	1	8	0	0	0	0	"N1"
"SSC_07998_15A__SSC_07998_15A__N3C162"	"N8"	"SSC/07998/15A"	"SSc-ILD"	"SSC/07998/15A"	1	1	8	1	1	0.125	1	"N1"
"SSC_07998_15A__SSC_07998_15A__N3C163"	"N1"	"SSC/07998/15A"	"SSc-ILD"	"SSC/07998/15A"	1	1	8	6	1	0.75	1	"N1"
"SSC_07998_15A__SSC_07998_15A__N3C163"	"N2"	"SSC/07998/15A"	"SSc-ILD"	"SSC/07998/15A"	1	1	8	1	1	0.125	1	"N1"
"SSC_07998_15A__SSC_07998_15A__N3C163"	"N3"	"SSC/07998/15A"	"SSc-ILD"	"SSC/07998/15A"	1	1	8	0	0	0	0	"N1"
"SSC_07998_15A__SSC_07998_15A__N3C163"	"N4"	"SSC/07998/15A"	"SSc-ILD"	"SSC/07998/15A"	1	1	8	0	0	0	0	"N1"
"SSC_07998_15A__SSC_07998_15A__N3C163"	"N5"	"SSC/07998/15A"	"SSc-ILD"	"SSC/07998/15A"	1	1	8	0	0	0	0	"N1"
"SSC_07998_15A__SSC_07998_15A__N3C163"	"N6"	"SSC/07998/15A"	"SSc-ILD"	"SSC/07998/15A"	1	1	8	0	0	0	0	"N1"
"SSC_07998_15A__SSC_07998_15A__N3C163"	"N7"	"SSC/07998/15A"	"SSc-ILD"	"SSC/07998/15A"	1	1	8	1	1	0.125	1	"N1"
"SSC_07998_15A__SSC_07998_15A__N3C163"	"N8"	"SSC/07998/15A"	"SSc-ILD"	"SSC/07998/15A"	1	1	8	0	0	0	0	"N1"
"SSC_07998_15A__SSC_07998_15A__N3C164"	"N1"	"SSC/07998/15A"	"SSc-ILD"	"SSC/07998/15A"	3	3	17	11	3	0.647058823529412	1	"N1"
"SSC_07998_15A__SSC_07998_15A__N3C164"	"N2"	"SSC/07998/15A"	"SSc-ILD"	"SSC/07998/15A"	3	3	17	0	0	0	0	"N1"
"SSC_07998_15A__SSC_07998_15A__N3C164"	"N3"	"SSC/07998/15A"	"SSc-ILD"	"SSC/07998/15A"	3	3	17	0	0	0	0	"N1"
"SSC_07998_15A__SSC_07998_15A__N3C164"	"N4"	"SSC/07998/15A"	"SSc-ILD"	"SSC/07998/15A"	3	3	17	0	0	0	0	"N1"
"SSC_07998_15A__SSC_07998_15A__N3C164"	"N5"	"SSC/07998/15A"	"SSc-ILD"	"SSC/07998/15A"	3	3	17	2	1	0.117647058823529	0.333333333333333	"N1"
"SSC_07998_15A__SSC_07998_15A__N3C164"	"N6"	"SSC/07998/15A"	"SSc-ILD"	"SSC/07998/15A"	3	3	17	0	0	0	0	"N1"
"SSC_07998_15A__SSC_07998_15A__N3C164"	"N7"	"SSC/07998/15A"	"SSc-ILD"	"SSC/07998/15A"	3	3	17	0	0	0	0	"N1"
"SSC_07998_15A__SSC_07998_15A__N3C164"	"N8"	"SSC/07998/15A"	"SSc-ILD"	"SSC/07998/15A"	3	3	17	4	3	0.235294117647059	1	"N1"
"SSC_07998_15A__SSC_07998_15A__N3C165"	"N1"	"SSC/07998/15A"	"SSc-ILD"	"SSC/07998/15A"	2	2	12	0	0	0	0	"N5"
"SSC_07998_15A__SSC_07998_15A__N3C165"	"N2"	"SSC/07998/15A"	"SSc-ILD"	"SSC/07998/15A"	2	2	12	0	0	0	0	"N5"
"SSC_07998_15A__SSC_07998_15A__N3C165"	"N3"	"SSC/07998/15A"	"SSc-ILD"	"SSC/07998/15A"	2	2	12	0	0	0	0	"N5"
"SSC_07998_15A__SSC_07998_15A__N3C165"	"N4"	"SSC/07998/15A"	"SSc-ILD"	"SSC/07998/15A"	2	2	12	0	0	0	0	"N5"
"SSC_07998_15A__SSC_07998_15A__N3C165"	"N5"	"SSC/07998/15A"	"SSc-ILD"	"SSC/07998/15A"	2	2	12	9	2	0.75	1	"N5"
"SSC_07998_15A__SSC_07998_15A__N3C165"	"N6"	"SSC/07998/15A"	"SSc-ILD"	"SSC/07998/15A"	2	2	12	0	0	0	0	"N5"
"SSC_07998_15A__SSC_07998_15A__N3C165"	"N7"	"SSC/07998/15A"	"SSc-ILD"	"SSC/07998/15A"	2	2	12	0	0	0	0	"N5"
"SSC_07998_15A__SSC_07998_15A__N3C165"	"N8"	"SSC/07998/15A"	"SSc-ILD"	"SSC/07998/15A"	2	2	12	3	2	0.25	1	"N5"
"SSC_07998_15A__SSC_07998_15A__N3C166"	"N1"	"SSC/07998/15A"	"SSc-ILD"	"SSC/07998/15A"	1	1	7	1	1	0.142857142857143	1	"N5; N8"
"SSC_07998_15A__SSC_07998_15A__N3C166"	"N2"	"SSC/07998/15A"	"SSc-ILD"	"SSC/07998/15A"	1	1	7	0	0	0	0	"N5; N8"
"SSC_07998_15A__SSC_07998_15A__N3C166"	"N3"	"SSC/07998/15A"	"SSc-ILD"	"SSC/07998/15A"	1	1	7	0	0	0	0	"N5; N8"
"SSC_07998_15A__SSC_07998_15A__N3C166"	"N4"	"SSC/07998/15A"	"SSc-ILD"	"SSC/07998/15A"	1	1	7	0	0	0	0	"N5; N8"
"SSC_07998_15A__SSC_07998_15A__N3C166"	"N5"	"SSC/07998/15A"	"SSc-ILD"	"SSC/07998/15A"	1	1	7	3	1	0.428571428571429	1	"N5; N8"
"SSC_07998_15A__SSC_07998_15A__N3C166"	"N6"	"SSC/07998/15A"	"SSc-ILD"	"SSC/07998/15A"	1	1	7	0	0	0	0	"N5; N8"
"SSC_07998_15A__SSC_07998_15A__N3C166"	"N7"	"SSC/07998/15A"	"SSc-ILD"	"SSC/07998/15A"	1	1	7	0	0	0	0	"N5; N8"
"SSC_07998_15A__SSC_07998_15A__N3C166"	"N8"	"SSC/07998/15A"	"SSc-ILD"	"SSC/07998/15A"	1	1	7	3	1	0.428571428571429	1	"N5; N8"
"SSC_07998_15A__SSC_07998_15A__N3C167"	"N1"	"SSC/07998/15A"	"SSc-ILD"	"SSC/07998/15A"	1	1	8	1	1	0.125	1	"N8"
"SSC_07998_15A__SSC_07998_15A__N3C167"	"N2"	"SSC/07998/15A"	"SSc-ILD"	"SSC/07998/15A"	1	1	8	0	0	0	0	"N8"
"SSC_07998_15A__SSC_07998_15A__N3C167"	"N3"	"SSC/07998/15A"	"SSc-ILD"	"SSC/07998/15A"	1	1	8	0	0	0	0	"N8"
"SSC_07998_15A__SSC_07998_15A__N3C167"	"N4"	"SSC/07998/15A"	"SSc-ILD"	"SSC/07998/15A"	1	1	8	0	0	0	0	"N8"
"SSC_07998_15A__SSC_07998_15A__N3C167"	"N5"	"SSC/07998/15A"	"SSc-ILD"	"SSC/07998/15A"	1	1	8	1	1	0.125	1	"N8"
"SSC_07998_15A__SSC_07998_15A__N3C167"	"N6"	"SSC/07998/15A"	"SSc-ILD"	"SSC/07998/15A"	1	1	8	1	1	0.125	1	"N8"
"SSC_07998_15A__SSC_07998_15A__N3C167"	"N7"	"SSC/07998/15A"	"SSc-ILD"	"SSC/07998/15A"	1	1	8	0	0	0	0	"N8"
"SSC_07998_15A__SSC_07998_15A__N3C167"	"N8"	"SSC/07998/15A"	"SSc-ILD"	"SSC/07998/15A"	1	1	8	5	1	0.625	1	"N8"
"SSC_07998_15A__SSC_07998_15A__N3C168"	"N1"	"SSC/07998/15A"	"SSc-ILD"	"SSC/07998/15A"	1	1	8	0	0	0	0	"N8"
"SSC_07998_15A__SSC_07998_15A__N3C168"	"N2"	"SSC/07998/15A"	"SSc-ILD"	"SSC/07998/15A"	1	1	8	0	0	0	0	"N8"
"SSC_07998_15A__SSC_07998_15A__N3C168"	"N3"	"SSC/07998/15A"	"SSc-ILD"	"SSC/07998/15A"	1	1	8	0	0	0	0	"N8"
"SSC_07998_15A__SSC_07998_15A__N3C168"	"N4"	"SSC/07998/15A"	"SSc-ILD"	"SSC/07998/15A"	1	1	8	0	0	0	0	"N8"
"SSC_07998_15A__SSC_07998_15A__N3C168"	"N5"	"SSC/07998/15A"	"SSc-ILD"	"SSC/07998/15A"	1	1	8	0	0	0	0	"N8"
"SSC_07998_15A__SSC_07998_15A__N3C168"	"N6"	"SSC/07998/15A"	"SSc-ILD"	"SSC/07998/15A"	1	1	8	0	0	0	0	"N8"
"SSC_07998_15A__SSC_07998_15A__N3C168"	"N7"	"SSC/07998/15A"	"SSc-ILD"	"SSC/07998/15A"	1	1	8	0	0	0	0	"N8"
"SSC_07998_15A__SSC_07998_15A__N3C168"	"N8"	"SSC/07998/15A"	"SSc-ILD"	"SSC/07998/15A"	1	1	8	8	1	1	1	"N8"
"SSC_07998_15A__SSC_07998_15A__N3C169"	"N1"	"SSC/07998/15A"	"SSc-ILD"	"SSC/07998/15A"	1	1	8	3	1	0.375	1	"N1; N8"
"SSC_07998_15A__SSC_07998_15A__N3C169"	"N2"	"SSC/07998/15A"	"SSc-ILD"	"SSC/07998/15A"	1	1	8	1	1	0.125	1	"N1; N8"
"SSC_07998_15A__SSC_07998_15A__N3C169"	"N3"	"SSC/07998/15A"	"SSc-ILD"	"SSC/07998/15A"	1	1	8	0	0	0	0	"N1; N8"
"SSC_07998_15A__SSC_07998_15A__N3C169"	"N4"	"SSC/07998/15A"	"SSc-ILD"	"SSC/07998/15A"	1	1	8	0	0	0	0	"N1; N8"
"SSC_07998_15A__SSC_07998_15A__N3C169"	"N5"	"SSC/07998/15A"	"SSc-ILD"	"SSC/07998/15A"	1	1	8	1	1	0.125	1	"N1; N8"
"SSC_07998_15A__SSC_07998_15A__N3C169"	"N6"	"SSC/07998/15A"	"SSc-ILD"	"SSC/07998/15A"	1	1	8	0	0	0	0	"N1; N8"
"SSC_07998_15A__SSC_07998_15A__N3C169"	"N7"	"SSC/07998/15A"	"SSc-ILD"	"SSC/07998/15A"	1	1	8	0	0	0	0	"N1; N8"
"SSC_07998_15A__SSC_07998_15A__N3C169"	"N8"	"SSC/07998/15A"	"SSc-ILD"	"SSC/07998/15A"	1	1	8	3	1	0.375	1	"N1; N8"
"SSC_07998_15A__SSC_07998_15A__N3C170"	"N1"	"SSC/07998/15A"	"SSc-ILD"	"SSC/07998/15A"	2	2	8	2	2	0.25	1	"N1; N5; N6"
"SSC_07998_15A__SSC_07998_15A__N3C170"	"N2"	"SSC/07998/15A"	"SSc-ILD"	"SSC/07998/15A"	2	2	8	1	1	0.125	0.5	"N1; N5; N6"
"SSC_07998_15A__SSC_07998_15A__N3C170"	"N3"	"SSC/07998/15A"	"SSc-ILD"	"SSC/07998/15A"	2	2	8	0	0	0	0	"N1; N5; N6"
"SSC_07998_15A__SSC_07998_15A__N3C170"	"N4"	"SSC/07998/15A"	"SSc-ILD"	"SSC/07998/15A"	2	2	8	0	0	0	0	"N1; N5; N6"
"SSC_07998_15A__SSC_07998_15A__N3C170"	"N5"	"SSC/07998/15A"	"SSc-ILD"	"SSC/07998/15A"	2	2	8	2	1	0.25	0.5	"N1; N5; N6"
"SSC_07998_15A__SSC_07998_15A__N3C170"	"N6"	"SSC/07998/15A"	"SSc-ILD"	"SSC/07998/15A"	2	2	8	2	2	0.25	1	"N1; N5; N6"
"SSC_07998_15A__SSC_07998_15A__N3C170"	"N7"	"SSC/07998/15A"	"SSc-ILD"	"SSC/07998/15A"	2	2	8	1	1	0.125	0.5	"N1; N5; N6"
"SSC_07998_15A__SSC_07998_15A__N3C170"	"N8"	"SSC/07998/15A"	"SSc-ILD"	"SSC/07998/15A"	2	2	8	0	0	0	0	"N1; N5; N6"
"SSC_07998_15A__SSC_07998_15A__N3C171"	"N1"	"SSC/07998/15A"	"SSc-ILD"	"SSC/07998/15A"	12	12	46	10	6	0.217391304347826	0.5	"N5"
"SSC_07998_15A__SSC_07998_15A__N3C171"	"N2"	"SSC/07998/15A"	"SSc-ILD"	"SSC/07998/15A"	12	12	46	0	0	0	0	"N5"
"SSC_07998_15A__SSC_07998_15A__N3C171"	"N3"	"SSC/07998/15A"	"SSc-ILD"	"SSC/07998/15A"	12	12	46	0	0	0	0	"N5"
"SSC_07998_15A__SSC_07998_15A__N3C171"	"N4"	"SSC/07998/15A"	"SSc-ILD"	"SSC/07998/15A"	12	12	46	4	3	0.0869565217391304	0.25	"N5"
"SSC_07998_15A__SSC_07998_15A__N3C171"	"N5"	"SSC/07998/15A"	"SSc-ILD"	"SSC/07998/15A"	12	12	46	18	9	0.391304347826087	0.75	"N5"
"SSC_07998_15A__SSC_07998_15A__N3C171"	"N6"	"SSC/07998/15A"	"SSc-ILD"	"SSC/07998/15A"	12	12	46	3	3	0.0652173913043478	0.25	"N5"
"SSC_07998_15A__SSC_07998_15A__N3C171"	"N7"	"SSC/07998/15A"	"SSc-ILD"	"SSC/07998/15A"	12	12	46	0	0	0	0	"N5"
"SSC_07998_15A__SSC_07998_15A__N3C171"	"N8"	"SSC/07998/15A"	"SSc-ILD"	"SSC/07998/15A"	12	12	46	11	8	0.239130434782609	0.666666666666667	"N5"
"SSC_07998_15A__SSC_07998_15A__N3C172"	"N1"	"SSC/07998/15A"	"SSc-ILD"	"SSC/07998/15A"	1	1	6	2	1	0.333333333333333	1	"N1; N8"
"SSC_07998_15A__SSC_07998_15A__N3C172"	"N2"	"SSC/07998/15A"	"SSc-ILD"	"SSC/07998/15A"	1	1	6	0	0	0	0	"N1; N8"
"SSC_07998_15A__SSC_07998_15A__N3C172"	"N3"	"SSC/07998/15A"	"SSc-ILD"	"SSC/07998/15A"	1	1	6	0	0	0	0	"N1; N8"
"SSC_07998_15A__SSC_07998_15A__N3C172"	"N4"	"SSC/07998/15A"	"SSc-ILD"	"SSC/07998/15A"	1	1	6	0	0	0	0	"N1; N8"
"SSC_07998_15A__SSC_07998_15A__N3C172"	"N5"	"SSC/07998/15A"	"SSc-ILD"	"SSC/07998/15A"	1	1	6	1	1	0.166666666666667	1	"N1; N8"
"SSC_07998_15A__SSC_07998_15A__N3C172"	"N6"	"SSC/07998/15A"	"SSc-ILD"	"SSC/07998/15A"	1	1	6	1	1	0.166666666666667	1	"N1; N8"
"SSC_07998_15A__SSC_07998_15A__N3C172"	"N7"	"SSC/07998/15A"	"SSc-ILD"	"SSC/07998/15A"	1	1	6	0	0	0	0	"N1; N8"
"SSC_07998_15A__SSC_07998_15A__N3C172"	"N8"	"SSC/07998/15A"	"SSc-ILD"	"SSC/07998/15A"	1	1	6	2	1	0.333333333333333	1	"N1; N8"
"SSC_07998_15A__SSC_07998_15A__N3C173"	"N1"	"SSC/07998/15A"	"SSc-ILD"	"SSC/07998/15A"	36	35	129	18	9	0.13953488372093	0.257142857142857	"N8"
"SSC_07998_15A__SSC_07998_15A__N3C173"	"N2"	"SSC/07998/15A"	"SSc-ILD"	"SSC/07998/15A"	36	35	129	0	0	0	0	"N8"
"SSC_07998_15A__SSC_07998_15A__N3C173"	"N3"	"SSC/07998/15A"	"SSc-ILD"	"SSC/07998/15A"	36	35	129	0	0	0	0	"N8"
"SSC_07998_15A__SSC_07998_15A__N3C173"	"N4"	"SSC/07998/15A"	"SSc-ILD"	"SSC/07998/15A"	36	35	129	1	1	0.00775193798449612	0.0285714285714286	"N8"
"SSC_07998_15A__SSC_07998_15A__N3C173"	"N5"	"SSC/07998/15A"	"SSc-ILD"	"SSC/07998/15A"	36	35	129	28	20	0.217054263565891	0.571428571428571	"N8"
"SSC_07998_15A__SSC_07998_15A__N3C173"	"N6"	"SSC/07998/15A"	"SSc-ILD"	"SSC/07998/15A"	36	35	129	0	0	0	0	"N8"
"SSC_07998_15A__SSC_07998_15A__N3C173"	"N7"	"SSC/07998/15A"	"SSc-ILD"	"SSC/07998/15A"	36	35	129	19	10	0.147286821705426	0.285714285714286	"N8"
"SSC_07998_15A__SSC_07998_15A__N3C173"	"N8"	"SSC/07998/15A"	"SSc-ILD"	"SSC/07998/15A"	36	35	129	63	28	0.488372093023256	0.8	"N8"
"SSC_07998_15A__SSC_07998_15A__N3C174"	"N1"	"SSC/07998/15A"	"SSc-ILD"	"SSC/07998/15A"	1	1	8	0	0	0	0	"N8"
"SSC_07998_15A__SSC_07998_15A__N3C174"	"N2"	"SSC/07998/15A"	"SSc-ILD"	"SSC/07998/15A"	1	1	8	0	0	0	0	"N8"
"SSC_07998_15A__SSC_07998_15A__N3C174"	"N3"	"SSC/07998/15A"	"SSc-ILD"	"SSC/07998/15A"	1	1	8	0	0	0	0	"N8"
"SSC_07998_15A__SSC_07998_15A__N3C174"	"N4"	"SSC/07998/15A"	"SSc-ILD"	"SSC/07998/15A"	1	1	8	0	0	0	0	"N8"
"SSC_07998_15A__SSC_07998_15A__N3C174"	"N5"	"SSC/07998/15A"	"SSc-ILD"	"SSC/07998/15A"	1	1	8	0	0	0	0	"N8"
"SSC_07998_15A__SSC_07998_15A__N3C174"	"N6"	"SSC/07998/15A"	"SSc-ILD"	"SSC/07998/15A"	1	1	8	1	1	0.125	1	"N8"
"SSC_07998_15A__SSC_07998_15A__N3C174"	"N7"	"SSC/07998/15A"	"SSc-ILD"	"SSC/07998/15A"	1	1	8	0	0	0	0	"N8"
"SSC_07998_15A__SSC_07998_15A__N3C174"	"N8"	"SSC/07998/15A"	"SSc-ILD"	"SSC/07998/15A"	1	1	8	7	1	0.875	1	"N8"
"SSC_07998_15A__SSC_07998_15A__N3C175"	"N1"	"SSC/07998/15A"	"SSc-ILD"	"SSC/07998/15A"	1	1	8	4	1	0.5	1	"N1"
"SSC_07998_15A__SSC_07998_15A__N3C175"	"N2"	"SSC/07998/15A"	"SSc-ILD"	"SSC/07998/15A"	1	1	8	0	0	0	0	"N1"
"SSC_07998_15A__SSC_07998_15A__N3C175"	"N3"	"SSC/07998/15A"	"SSc-ILD"	"SSC/07998/15A"	1	1	8	0	0	0	0	"N1"
"SSC_07998_15A__SSC_07998_15A__N3C175"	"N4"	"SSC/07998/15A"	"SSc-ILD"	"SSC/07998/15A"	1	1	8	0	0	0	0	"N1"
"SSC_07998_15A__SSC_07998_15A__N3C175"	"N5"	"SSC/07998/15A"	"SSc-ILD"	"SSC/07998/15A"	1	1	8	2	1	0.25	1	"N1"
"SSC_07998_15A__SSC_07998_15A__N3C175"	"N6"	"SSC/07998/15A"	"SSc-ILD"	"SSC/07998/15A"	1	1	8	0	0	0	0	"N1"
"SSC_07998_15A__SSC_07998_15A__N3C175"	"N7"	"SSC/07998/15A"	"SSc-ILD"	"SSC/07998/15A"	1	1	8	2	1	0.25	1	"N1"
"SSC_07998_15A__SSC_07998_15A__N3C175"	"N8"	"SSC/07998/15A"	"SSc-ILD"	"SSC/07998/15A"	1	1	8	0	0	0	0	"N1"
"SSC_07998_15A__SSC_07998_15A__N3C176"	"N1"	"SSC/07998/15A"	"SSc-ILD"	"SSC/07998/15A"	1	1	6	0	0	0	0	"N8"
"SSC_07998_15A__SSC_07998_15A__N3C176"	"N2"	"SSC/07998/15A"	"SSc-ILD"	"SSC/07998/15A"	1	1	6	0	0	0	0	"N8"
"SSC_07998_15A__SSC_07998_15A__N3C176"	"N3"	"SSC/07998/15A"	"SSc-ILD"	"SSC/07998/15A"	1	1	6	0	0	0	0	"N8"
"SSC_07998_15A__SSC_07998_15A__N3C176"	"N4"	"SSC/07998/15A"	"SSc-ILD"	"SSC/07998/15A"	1	1	6	0	0	0	0	"N8"
"SSC_07998_15A__SSC_07998_15A__N3C176"	"N5"	"SSC/07998/15A"	"SSc-ILD"	"SSC/07998/15A"	1	1	6	0	0	0	0	"N8"
"SSC_07998_15A__SSC_07998_15A__N3C176"	"N6"	"SSC/07998/15A"	"SSc-ILD"	"SSC/07998/15A"	1	1	6	0	0	0	0	"N8"
"SSC_07998_15A__SSC_07998_15A__N3C176"	"N7"	"SSC/07998/15A"	"SSc-ILD"	"SSC/07998/15A"	1	1	6	1	1	0.166666666666667	1	"N8"
"SSC_07998_15A__SSC_07998_15A__N3C176"	"N8"	"SSC/07998/15A"	"SSc-ILD"	"SSC/07998/15A"	1	1	6	5	1	0.833333333333333	1	"N8"
"SSC_07998_15A__SSC_07998_15A__N3C177"	"N1"	"SSC/07998/15A"	"SSc-ILD"	"SSC/07998/15A"	2	2	14	5	2	0.357142857142857	1	"N7"
"SSC_07998_15A__SSC_07998_15A__N3C177"	"N2"	"SSC/07998/15A"	"SSc-ILD"	"SSC/07998/15A"	2	2	14	0	0	0	0	"N7"
"SSC_07998_15A__SSC_07998_15A__N3C177"	"N3"	"SSC/07998/15A"	"SSc-ILD"	"SSC/07998/15A"	2	2	14	0	0	0	0	"N7"
"SSC_07998_15A__SSC_07998_15A__N3C177"	"N4"	"SSC/07998/15A"	"SSc-ILD"	"SSC/07998/15A"	2	2	14	0	0	0	0	"N7"
"SSC_07998_15A__SSC_07998_15A__N3C177"	"N5"	"SSC/07998/15A"	"SSc-ILD"	"SSC/07998/15A"	2	2	14	1	1	0.0714285714285714	0.5	"N7"
"SSC_07998_15A__SSC_07998_15A__N3C177"	"N6"	"SSC/07998/15A"	"SSc-ILD"	"SSC/07998/15A"	2	2	14	1	1	0.0714285714285714	0.5	"N7"
"SSC_07998_15A__SSC_07998_15A__N3C177"	"N7"	"SSC/07998/15A"	"SSc-ILD"	"SSC/07998/15A"	2	2	14	7	2	0.5	1	"N7"
"SSC_07998_15A__SSC_07998_15A__N3C177"	"N8"	"SSC/07998/15A"	"SSc-ILD"	"SSC/07998/15A"	2	2	14	0	0	0	0	"N7"
"SSC_07998_15A__SSC_07998_15A__N3C178"	"N1"	"SSC/07998/15A"	"SSc-ILD"	"SSC/07998/15A"	1	1	8	2	1	0.25	1	"N7"
"SSC_07998_15A__SSC_07998_15A__N3C178"	"N2"	"SSC/07998/15A"	"SSc-ILD"	"SSC/07998/15A"	1	1	8	0	0	0	0	"N7"
"SSC_07998_15A__SSC_07998_15A__N3C178"	"N3"	"SSC/07998/15A"	"SSc-ILD"	"SSC/07998/15A"	1	1	8	0	0	0	0	"N7"
"SSC_07998_15A__SSC_07998_15A__N3C178"	"N4"	"SSC/07998/15A"	"SSc-ILD"	"SSC/07998/15A"	1	1	8	0	0	0	0	"N7"
"SSC_07998_15A__SSC_07998_15A__N3C178"	"N5"	"SSC/07998/15A"	"SSc-ILD"	"SSC/07998/15A"	1	1	8	0	0	0	0	"N7"
"SSC_07998_15A__SSC_07998_15A__N3C178"	"N6"	"SSC/07998/15A"	"SSc-ILD"	"SSC/07998/15A"	1	1	8	0	0	0	0	"N7"
"SSC_07998_15A__SSC_07998_15A__N3C178"	"N7"	"SSC/07998/15A"	"SSc-ILD"	"SSC/07998/15A"	1	1	8	6	1	0.75	1	"N7"
"SSC_07998_15A__SSC_07998_15A__N3C178"	"N8"	"SSC/07998/15A"	"SSc-ILD"	"SSC/07998/15A"	1	1	8	0	0	0	0	"N7"
"SSC_07998_15A__SSC_07998_15A__N3C179"	"N1"	"SSC/07998/15A"	"SSc-ILD"	"SSC/07998/15A"	1	1	8	2	1	0.25	1	"N5"
"SSC_07998_15A__SSC_07998_15A__N3C179"	"N2"	"SSC/07998/15A"	"SSc-ILD"	"SSC/07998/15A"	1	1	8	0	0	0	0	"N5"
"SSC_07998_15A__SSC_07998_15A__N3C179"	"N3"	"SSC/07998/15A"	"SSc-ILD"	"SSC/07998/15A"	1	1	8	0	0	0	0	"N5"
"SSC_07998_15A__SSC_07998_15A__N3C179"	"N4"	"SSC/07998/15A"	"SSc-ILD"	"SSC/07998/15A"	1	1	8	0	0	0	0	"N5"
"SSC_07998_15A__SSC_07998_15A__N3C179"	"N5"	"SSC/07998/15A"	"SSc-ILD"	"SSC/07998/15A"	1	1	8	4	1	0.5	1	"N5"
"SSC_07998_15A__SSC_07998_15A__N3C179"	"N6"	"SSC/07998/15A"	"SSc-ILD"	"SSC/07998/15A"	1	1	8	0	0	0	0	"N5"
"SSC_07998_15A__SSC_07998_15A__N3C179"	"N7"	"SSC/07998/15A"	"SSc-ILD"	"SSC/07998/15A"	1	1	8	2	1	0.25	1	"N5"
"SSC_07998_15A__SSC_07998_15A__N3C179"	"N8"	"SSC/07998/15A"	"SSc-ILD"	"SSC/07998/15A"	1	1	8	0	0	0	0	"N5"
"SSC_07998_15A__SSC_07998_15A__N3C180"	"N1"	"SSC/07998/15A"	"SSc-ILD"	"SSC/07998/15A"	6	6	16	0	0	0	0	"N5"
"SSC_07998_15A__SSC_07998_15A__N3C180"	"N2"	"SSC/07998/15A"	"SSc-ILD"	"SSC/07998/15A"	6	6	16	0	0	0	0	"N5"
"SSC_07998_15A__SSC_07998_15A__N3C180"	"N3"	"SSC/07998/15A"	"SSc-ILD"	"SSC/07998/15A"	6	6	16	0	0	0	0	"N5"
"SSC_07998_15A__SSC_07998_15A__N3C180"	"N4"	"SSC/07998/15A"	"SSc-ILD"	"SSC/07998/15A"	6	6	16	0	0	0	0	"N5"
"SSC_07998_15A__SSC_07998_15A__N3C180"	"N5"	"SSC/07998/15A"	"SSc-ILD"	"SSC/07998/15A"	6	6	16	7	5	0.4375	0.833333333333333	"N5"
"SSC_07998_15A__SSC_07998_15A__N3C180"	"N6"	"SSC/07998/15A"	"SSc-ILD"	"SSC/07998/15A"	6	6	16	0	0	0	0	"N5"
"SSC_07998_15A__SSC_07998_15A__N3C180"	"N7"	"SSC/07998/15A"	"SSc-ILD"	"SSC/07998/15A"	6	6	16	3	3	0.1875	0.5	"N5"
"SSC_07998_15A__SSC_07998_15A__N3C180"	"N8"	"SSC/07998/15A"	"SSc-ILD"	"SSC/07998/15A"	6	6	16	6	5	0.375	0.833333333333333	"N5"
"SSC_07998_15A__SSC_07998_15A__N3C181"	"N1"	"SSC/07998/15A"	"SSc-ILD"	"SSC/07998/15A"	1	1	8	0	0	0	0	"N5; N8"
"SSC_07998_15A__SSC_07998_15A__N3C181"	"N2"	"SSC/07998/15A"	"SSc-ILD"	"SSC/07998/15A"	1	1	8	0	0	0	0	"N5; N8"
"SSC_07998_15A__SSC_07998_15A__N3C181"	"N3"	"SSC/07998/15A"	"SSc-ILD"	"SSC/07998/15A"	1	1	8	0	0	0	0	"N5; N8"
"SSC_07998_15A__SSC_07998_15A__N3C181"	"N4"	"SSC/07998/15A"	"SSc-ILD"	"SSC/07998/15A"	1	1	8	0	0	0	0	"N5; N8"
"SSC_07998_15A__SSC_07998_15A__N3C181"	"N5"	"SSC/07998/15A"	"SSc-ILD"	"SSC/07998/15A"	1	1	8	3	1	0.375	1	"N5; N8"
"SSC_07998_15A__SSC_07998_15A__N3C181"	"N6"	"SSC/07998/15A"	"SSc-ILD"	"SSC/07998/15A"	1	1	8	2	1	0.25	1	"N5; N8"
"SSC_07998_15A__SSC_07998_15A__N3C181"	"N7"	"SSC/07998/15A"	"SSc-ILD"	"SSC/07998/15A"	1	1	8	0	0	0	0	"N5; N8"
"SSC_07998_15A__SSC_07998_15A__N3C181"	"N8"	"SSC/07998/15A"	"SSc-ILD"	"SSC/07998/15A"	1	1	8	3	1	0.375	1	"N5; N8"
"SSC_07998_15A__SSC_07998_15A__N3C182"	"N1"	"SSC/07998/15A"	"SSc-ILD"	"SSC/07998/15A"	1	1	3	0	0	0	0	"N2"
"SSC_07998_15A__SSC_07998_15A__N3C182"	"N2"	"SSC/07998/15A"	"SSc-ILD"	"SSC/07998/15A"	1	1	3	2	1	0.666666666666667	1	"N2"
"SSC_07998_15A__SSC_07998_15A__N3C182"	"N3"	"SSC/07998/15A"	"SSc-ILD"	"SSC/07998/15A"	1	1	3	0	0	0	0	"N2"
"SSC_07998_15A__SSC_07998_15A__N3C182"	"N4"	"SSC/07998/15A"	"SSc-ILD"	"SSC/07998/15A"	1	1	3	0	0	0	0	"N2"
"SSC_07998_15A__SSC_07998_15A__N3C182"	"N5"	"SSC/07998/15A"	"SSc-ILD"	"SSC/07998/15A"	1	1	3	0	0	0	0	"N2"
"SSC_07998_15A__SSC_07998_15A__N3C182"	"N6"	"SSC/07998/15A"	"SSc-ILD"	"SSC/07998/15A"	1	1	3	0	0	0	0	"N2"
"SSC_07998_15A__SSC_07998_15A__N3C182"	"N7"	"SSC/07998/15A"	"SSc-ILD"	"SSC/07998/15A"	1	1	3	0	0	0	0	"N2"
"SSC_07998_15A__SSC_07998_15A__N3C182"	"N8"	"SSC/07998/15A"	"SSc-ILD"	"SSC/07998/15A"	1	1	3	1	1	0.333333333333333	1	"N2"
"SSC_07998_15A__SSC_07998_15A__N3C183"	"N1"	"SSC/07998/15A"	"SSc-ILD"	"SSC/07998/15A"	2	2	6	0	0	0	0	"N8"
"SSC_07998_15A__SSC_07998_15A__N3C183"	"N2"	"SSC/07998/15A"	"SSc-ILD"	"SSC/07998/15A"	2	2	6	0	0	0	0	"N8"
"SSC_07998_15A__SSC_07998_15A__N3C183"	"N3"	"SSC/07998/15A"	"SSc-ILD"	"SSC/07998/15A"	2	2	6	0	0	0	0	"N8"
"SSC_07998_15A__SSC_07998_15A__N3C183"	"N4"	"SSC/07998/15A"	"SSc-ILD"	"SSC/07998/15A"	2	2	6	0	0	0	0	"N8"
"SSC_07998_15A__SSC_07998_15A__N3C183"	"N5"	"SSC/07998/15A"	"SSc-ILD"	"SSC/07998/15A"	2	2	6	0	0	0	0	"N8"
"SSC_07998_15A__SSC_07998_15A__N3C183"	"N6"	"SSC/07998/15A"	"SSc-ILD"	"SSC/07998/15A"	2	2	6	0	0	0	0	"N8"
"SSC_07998_15A__SSC_07998_15A__N3C183"	"N7"	"SSC/07998/15A"	"SSc-ILD"	"SSC/07998/15A"	2	2	6	1	1	0.166666666666667	0.5	"N8"
"SSC_07998_15A__SSC_07998_15A__N3C183"	"N8"	"SSC/07998/15A"	"SSc-ILD"	"SSC/07998/15A"	2	2	6	5	2	0.833333333333333	1	"N8"
"SSC_07998_15A__SSC_07998_15A__N3C184"	"N1"	"SSC/07998/15A"	"SSc-ILD"	"SSC/07998/15A"	4	4	22	5	3	0.227272727272727	0.75	"N5"
"SSC_07998_15A__SSC_07998_15A__N3C184"	"N2"	"SSC/07998/15A"	"SSc-ILD"	"SSC/07998/15A"	4	4	22	0	0	0	0	"N5"
"SSC_07998_15A__SSC_07998_15A__N3C184"	"N3"	"SSC/07998/15A"	"SSc-ILD"	"SSC/07998/15A"	4	4	22	0	0	0	0	"N5"
"SSC_07998_15A__SSC_07998_15A__N3C184"	"N4"	"SSC/07998/15A"	"SSc-ILD"	"SSC/07998/15A"	4	4	22	0	0	0	0	"N5"
"SSC_07998_15A__SSC_07998_15A__N3C184"	"N5"	"SSC/07998/15A"	"SSc-ILD"	"SSC/07998/15A"	4	4	22	8	3	0.363636363636364	0.75	"N5"
"SSC_07998_15A__SSC_07998_15A__N3C184"	"N6"	"SSC/07998/15A"	"SSc-ILD"	"SSC/07998/15A"	4	4	22	3	3	0.136363636363636	0.75	"N5"
"SSC_07998_15A__SSC_07998_15A__N3C184"	"N7"	"SSC/07998/15A"	"SSc-ILD"	"SSC/07998/15A"	4	4	22	0	0	0	0	"N5"
"SSC_07998_15A__SSC_07998_15A__N3C184"	"N8"	"SSC/07998/15A"	"SSc-ILD"	"SSC/07998/15A"	4	4	22	6	3	0.272727272727273	0.75	"N5"
"SSC_07998_15A__SSC_07998_15A__N3C185"	"N1"	"SSC/07998/15A"	"SSc-ILD"	"SSC/07998/15A"	5	3	5	0	0	0	0	"N7"
"SSC_07998_15A__SSC_07998_15A__N3C185"	"N2"	"SSC/07998/15A"	"SSc-ILD"	"SSC/07998/15A"	5	3	5	0	0	0	0	"N7"
"SSC_07998_15A__SSC_07998_15A__N3C185"	"N3"	"SSC/07998/15A"	"SSc-ILD"	"SSC/07998/15A"	5	3	5	0	0	0	0	"N7"
"SSC_07998_15A__SSC_07998_15A__N3C185"	"N4"	"SSC/07998/15A"	"SSc-ILD"	"SSC/07998/15A"	5	3	5	0	0	0	0	"N7"
"SSC_07998_15A__SSC_07998_15A__N3C185"	"N5"	"SSC/07998/15A"	"SSc-ILD"	"SSC/07998/15A"	5	3	5	0	0	0	0	"N7"
"SSC_07998_15A__SSC_07998_15A__N3C185"	"N6"	"SSC/07998/15A"	"SSc-ILD"	"SSC/07998/15A"	5	3	5	0	0	0	0	"N7"
"SSC_07998_15A__SSC_07998_15A__N3C185"	"N7"	"SSC/07998/15A"	"SSc-ILD"	"SSC/07998/15A"	5	3	5	4	3	0.8	1	"N7"
"SSC_07998_15A__SSC_07998_15A__N3C185"	"N8"	"SSC/07998/15A"	"SSc-ILD"	"SSC/07998/15A"	5	3	5	1	1	0.2	0.333333333333333	"N7"
"SSC_07998_15A__SSC_07998_15A__N3C186"	"N1"	"SSC/07998/15A"	"SSc-ILD"	"SSC/07998/15A"	6	6	33	4	3	0.121212121212121	0.5	"N7"
"SSC_07998_15A__SSC_07998_15A__N3C186"	"N2"	"SSC/07998/15A"	"SSc-ILD"	"SSC/07998/15A"	6	6	33	0	0	0	0	"N7"
"SSC_07998_15A__SSC_07998_15A__N3C186"	"N3"	"SSC/07998/15A"	"SSc-ILD"	"SSC/07998/15A"	6	6	33	0	0	0	0	"N7"
"SSC_07998_15A__SSC_07998_15A__N3C186"	"N4"	"SSC/07998/15A"	"SSc-ILD"	"SSC/07998/15A"	6	6	33	0	0	0	0	"N7"
"SSC_07998_15A__SSC_07998_15A__N3C186"	"N5"	"SSC/07998/15A"	"SSc-ILD"	"SSC/07998/15A"	6	6	33	1	1	0.0303030303030303	0.166666666666667	"N7"
"SSC_07998_15A__SSC_07998_15A__N3C186"	"N6"	"SSC/07998/15A"	"SSc-ILD"	"SSC/07998/15A"	6	6	33	1	1	0.0303030303030303	0.166666666666667	"N7"
"SSC_07998_15A__SSC_07998_15A__N3C186"	"N7"	"SSC/07998/15A"	"SSc-ILD"	"SSC/07998/15A"	6	6	33	27	6	0.818181818181818	1	"N7"
"SSC_07998_15A__SSC_07998_15A__N3C186"	"N8"	"SSC/07998/15A"	"SSc-ILD"	"SSC/07998/15A"	6	6	33	0	0	0	0	"N7"
"SSC_07998_15A__SSC_07998_15A__N3C187"	"N1"	"SSC/07998/15A"	"SSc-ILD"	"SSC/07998/15A"	4	3	8	3	3	0.375	1	"N8"
"SSC_07998_15A__SSC_07998_15A__N3C187"	"N2"	"SSC/07998/15A"	"SSc-ILD"	"SSC/07998/15A"	4	3	8	0	0	0	0	"N8"
"SSC_07998_15A__SSC_07998_15A__N3C187"	"N3"	"SSC/07998/15A"	"SSc-ILD"	"SSC/07998/15A"	4	3	8	0	0	0	0	"N8"
"SSC_07998_15A__SSC_07998_15A__N3C187"	"N4"	"SSC/07998/15A"	"SSc-ILD"	"SSC/07998/15A"	4	3	8	0	0	0	0	"N8"
"SSC_07998_15A__SSC_07998_15A__N3C187"	"N5"	"SSC/07998/15A"	"SSc-ILD"	"SSC/07998/15A"	4	3	8	0	0	0	0	"N8"
"SSC_07998_15A__SSC_07998_15A__N3C187"	"N6"	"SSC/07998/15A"	"SSc-ILD"	"SSC/07998/15A"	4	3	8	0	0	0	0	"N8"
"SSC_07998_15A__SSC_07998_15A__N3C187"	"N7"	"SSC/07998/15A"	"SSc-ILD"	"SSC/07998/15A"	4	3	8	1	1	0.125	0.333333333333333	"N8"
"SSC_07998_15A__SSC_07998_15A__N3C187"	"N8"	"SSC/07998/15A"	"SSc-ILD"	"SSC/07998/15A"	4	3	8	4	3	0.5	1	"N8"
"SSC_07998_15A__SSC_07998_15A__N3C188"	"N1"	"SSC/07998/15A"	"SSc-ILD"	"SSC/07998/15A"	1	1	3	1	1	0.333333333333333	1	"N7"
"SSC_07998_15A__SSC_07998_15A__N3C188"	"N2"	"SSC/07998/15A"	"SSc-ILD"	"SSC/07998/15A"	1	1	3	0	0	0	0	"N7"
"SSC_07998_15A__SSC_07998_15A__N3C188"	"N3"	"SSC/07998/15A"	"SSc-ILD"	"SSC/07998/15A"	1	1	3	0	0	0	0	"N7"
"SSC_07998_15A__SSC_07998_15A__N3C188"	"N4"	"SSC/07998/15A"	"SSc-ILD"	"SSC/07998/15A"	1	1	3	0	0	0	0	"N7"
"SSC_07998_15A__SSC_07998_15A__N3C188"	"N5"	"SSC/07998/15A"	"SSc-ILD"	"SSC/07998/15A"	1	1	3	0	0	0	0	"N7"
"SSC_07998_15A__SSC_07998_15A__N3C188"	"N6"	"SSC/07998/15A"	"SSc-ILD"	"SSC/07998/15A"	1	1	3	0	0	0	0	"N7"
"SSC_07998_15A__SSC_07998_15A__N3C188"	"N7"	"SSC/07998/15A"	"SSc-ILD"	"SSC/07998/15A"	1	1	3	2	1	0.666666666666667	1	"N7"
"SSC_07998_15A__SSC_07998_15A__N3C188"	"N8"	"SSC/07998/15A"	"SSc-ILD"	"SSC/07998/15A"	1	1	3	0	0	0	0	"N7"
"SSC_07998_15A__SSC_07998_15A__N3C189"	"N1"	"SSC/07998/15A"	"SSc-ILD"	"SSC/07998/15A"	1	1	8	2	1	0.25	1	"N8"
"SSC_07998_15A__SSC_07998_15A__N3C189"	"N2"	"SSC/07998/15A"	"SSc-ILD"	"SSC/07998/15A"	1	1	8	0	0	0	0	"N8"
"SSC_07998_15A__SSC_07998_15A__N3C189"	"N3"	"SSC/07998/15A"	"SSc-ILD"	"SSC/07998/15A"	1	1	8	0	0	0	0	"N8"
"SSC_07998_15A__SSC_07998_15A__N3C189"	"N4"	"SSC/07998/15A"	"SSc-ILD"	"SSC/07998/15A"	1	1	8	0	0	0	0	"N8"
"SSC_07998_15A__SSC_07998_15A__N3C189"	"N5"	"SSC/07998/15A"	"SSc-ILD"	"SSC/07998/15A"	1	1	8	0	0	0	0	"N8"
"SSC_07998_15A__SSC_07998_15A__N3C189"	"N6"	"SSC/07998/15A"	"SSc-ILD"	"SSC/07998/15A"	1	1	8	0	0	0	0	"N8"
"SSC_07998_15A__SSC_07998_15A__N3C189"	"N7"	"SSC/07998/15A"	"SSc-ILD"	"SSC/07998/15A"	1	1	8	0	0	0	0	"N8"
"SSC_07998_15A__SSC_07998_15A__N3C189"	"N8"	"SSC/07998/15A"	"SSc-ILD"	"SSC/07998/15A"	1	1	8	6	1	0.75	1	"N8"
"SSC_07998_15A__SSC_07998_15A__N3C190"	"N1"	"SSC/07998/15A"	"SSc-ILD"	"SSC/07998/15A"	1	1	8	1	1	0.125	1	"N5; N7"
"SSC_07998_15A__SSC_07998_15A__N3C190"	"N2"	"SSC/07998/15A"	"SSc-ILD"	"SSC/07998/15A"	1	1	8	0	0	0	0	"N5; N7"
"SSC_07998_15A__SSC_07998_15A__N3C190"	"N3"	"SSC/07998/15A"	"SSc-ILD"	"SSC/07998/15A"	1	1	8	0	0	0	0	"N5; N7"
"SSC_07998_15A__SSC_07998_15A__N3C190"	"N4"	"SSC/07998/15A"	"SSc-ILD"	"SSC/07998/15A"	1	1	8	0	0	0	0	"N5; N7"
"SSC_07998_15A__SSC_07998_15A__N3C190"	"N5"	"SSC/07998/15A"	"SSc-ILD"	"SSC/07998/15A"	1	1	8	3	1	0.375	1	"N5; N7"
"SSC_07998_15A__SSC_07998_15A__N3C190"	"N6"	"SSC/07998/15A"	"SSc-ILD"	"SSC/07998/15A"	1	1	8	1	1	0.125	1	"N5; N7"
"SSC_07998_15A__SSC_07998_15A__N3C190"	"N7"	"SSC/07998/15A"	"SSc-ILD"	"SSC/07998/15A"	1	1	8	3	1	0.375	1	"N5; N7"
"SSC_07998_15A__SSC_07998_15A__N3C190"	"N8"	"SSC/07998/15A"	"SSc-ILD"	"SSC/07998/15A"	1	1	8	0	0	0	0	"N5; N7"
"SSC_07998_15A__SSC_07998_15A__N3C191"	"N1"	"SSC/07998/15A"	"SSc-ILD"	"SSC/07998/15A"	1	1	5	4	1	0.8	1	"N1"
"SSC_07998_15A__SSC_07998_15A__N3C191"	"N2"	"SSC/07998/15A"	"SSc-ILD"	"SSC/07998/15A"	1	1	5	0	0	0	0	"N1"
"SSC_07998_15A__SSC_07998_15A__N3C191"	"N3"	"SSC/07998/15A"	"SSc-ILD"	"SSC/07998/15A"	1	1	5	0	0	0	0	"N1"
"SSC_07998_15A__SSC_07998_15A__N3C191"	"N4"	"SSC/07998/15A"	"SSc-ILD"	"SSC/07998/15A"	1	1	5	0	0	0	0	"N1"
"SSC_07998_15A__SSC_07998_15A__N3C191"	"N5"	"SSC/07998/15A"	"SSc-ILD"	"SSC/07998/15A"	1	1	5	0	0	0	0	"N1"
"SSC_07998_15A__SSC_07998_15A__N3C191"	"N6"	"SSC/07998/15A"	"SSc-ILD"	"SSC/07998/15A"	1	1	5	0	0	0	0	"N1"
"SSC_07998_15A__SSC_07998_15A__N3C191"	"N7"	"SSC/07998/15A"	"SSc-ILD"	"SSC/07998/15A"	1	1	5	0	0	0	0	"N1"
"SSC_07998_15A__SSC_07998_15A__N3C191"	"N8"	"SSC/07998/15A"	"SSc-ILD"	"SSC/07998/15A"	1	1	5	1	1	0.2	1	"N1"
"SSC_07998_15A__SSC_07998_15A__N3C192"	"N1"	"SSC/07998/15A"	"SSc-ILD"	"SSC/07998/15A"	3	3	12	1	1	0.0833333333333333	0.333333333333333	"N7"
"SSC_07998_15A__SSC_07998_15A__N3C192"	"N2"	"SSC/07998/15A"	"SSc-ILD"	"SSC/07998/15A"	3	3	12	0	0	0	0	"N7"
"SSC_07998_15A__SSC_07998_15A__N3C192"	"N3"	"SSC/07998/15A"	"SSc-ILD"	"SSC/07998/15A"	3	3	12	0	0	0	0	"N7"
"SSC_07998_15A__SSC_07998_15A__N3C192"	"N4"	"SSC/07998/15A"	"SSc-ILD"	"SSC/07998/15A"	3	3	12	0	0	0	0	"N7"
"SSC_07998_15A__SSC_07998_15A__N3C192"	"N5"	"SSC/07998/15A"	"SSc-ILD"	"SSC/07998/15A"	3	3	12	3	2	0.25	0.666666666666667	"N7"
"SSC_07998_15A__SSC_07998_15A__N3C192"	"N6"	"SSC/07998/15A"	"SSc-ILD"	"SSC/07998/15A"	3	3	12	2	2	0.166666666666667	0.666666666666667	"N7"
"SSC_07998_15A__SSC_07998_15A__N3C192"	"N7"	"SSC/07998/15A"	"SSc-ILD"	"SSC/07998/15A"	3	3	12	6	3	0.5	1	"N7"
"SSC_07998_15A__SSC_07998_15A__N3C192"	"N8"	"SSC/07998/15A"	"SSc-ILD"	"SSC/07998/15A"	3	3	12	0	0	0	0	"N7"
"SSC_07998_15A__SSC_07998_15A__N3C193"	"N1"	"SSC/07998/15A"	"SSc-ILD"	"SSC/07998/15A"	3	3	16	0	0	0	0	"N5"
"SSC_07998_15A__SSC_07998_15A__N3C193"	"N2"	"SSC/07998/15A"	"SSc-ILD"	"SSC/07998/15A"	3	3	16	0	0	0	0	"N5"
"SSC_07998_15A__SSC_07998_15A__N3C193"	"N3"	"SSC/07998/15A"	"SSc-ILD"	"SSC/07998/15A"	3	3	16	0	0	0	0	"N5"
"SSC_07998_15A__SSC_07998_15A__N3C193"	"N4"	"SSC/07998/15A"	"SSc-ILD"	"SSC/07998/15A"	3	3	16	0	0	0	0	"N5"
"SSC_07998_15A__SSC_07998_15A__N3C193"	"N5"	"SSC/07998/15A"	"SSc-ILD"	"SSC/07998/15A"	3	3	16	11	3	0.6875	1	"N5"
"SSC_07998_15A__SSC_07998_15A__N3C193"	"N6"	"SSC/07998/15A"	"SSc-ILD"	"SSC/07998/15A"	3	3	16	2	2	0.125	0.666666666666667	"N5"
"SSC_07998_15A__SSC_07998_15A__N3C193"	"N7"	"SSC/07998/15A"	"SSc-ILD"	"SSC/07998/15A"	3	3	16	0	0	0	0	"N5"
"SSC_07998_15A__SSC_07998_15A__N3C193"	"N8"	"SSC/07998/15A"	"SSc-ILD"	"SSC/07998/15A"	3	3	16	3	3	0.1875	1	"N5"
"SSC_07998_15A__SSC_07998_15A__N3C194"	"N1"	"SSC/07998/15A"	"SSc-ILD"	"SSC/07998/15A"	1	1	4	0	0	0	0	"N8"
"SSC_07998_15A__SSC_07998_15A__N3C194"	"N2"	"SSC/07998/15A"	"SSc-ILD"	"SSC/07998/15A"	1	1	4	1	1	0.25	1	"N8"
"SSC_07998_15A__SSC_07998_15A__N3C194"	"N3"	"SSC/07998/15A"	"SSc-ILD"	"SSC/07998/15A"	1	1	4	0	0	0	0	"N8"
"SSC_07998_15A__SSC_07998_15A__N3C194"	"N4"	"SSC/07998/15A"	"SSc-ILD"	"SSC/07998/15A"	1	1	4	0	0	0	0	"N8"
"SSC_07998_15A__SSC_07998_15A__N3C194"	"N5"	"SSC/07998/15A"	"SSc-ILD"	"SSC/07998/15A"	1	1	4	1	1	0.25	1	"N8"
"SSC_07998_15A__SSC_07998_15A__N3C194"	"N6"	"SSC/07998/15A"	"SSc-ILD"	"SSC/07998/15A"	1	1	4	0	0	0	0	"N8"
"SSC_07998_15A__SSC_07998_15A__N3C194"	"N7"	"SSC/07998/15A"	"SSc-ILD"	"SSC/07998/15A"	1	1	4	0	0	0	0	"N8"
"SSC_07998_15A__SSC_07998_15A__N3C194"	"N8"	"SSC/07998/15A"	"SSc-ILD"	"SSC/07998/15A"	1	1	4	2	1	0.5	1	"N8"
"SSC_07998_15A__SSC_07998_15A__N3C195"	"N1"	"SSC/07998/15A"	"SSc-ILD"	"SSC/07998/15A"	1	1	7	1	1	0.142857142857143	1	"N8"
"SSC_07998_15A__SSC_07998_15A__N3C195"	"N2"	"SSC/07998/15A"	"SSc-ILD"	"SSC/07998/15A"	1	1	7	0	0	0	0	"N8"
"SSC_07998_15A__SSC_07998_15A__N3C195"	"N3"	"SSC/07998/15A"	"SSc-ILD"	"SSC/07998/15A"	1	1	7	0	0	0	0	"N8"
"SSC_07998_15A__SSC_07998_15A__N3C195"	"N4"	"SSC/07998/15A"	"SSc-ILD"	"SSC/07998/15A"	1	1	7	1	1	0.142857142857143	1	"N8"
"SSC_07998_15A__SSC_07998_15A__N3C195"	"N5"	"SSC/07998/15A"	"SSc-ILD"	"SSC/07998/15A"	1	1	7	1	1	0.142857142857143	1	"N8"
"SSC_07998_15A__SSC_07998_15A__N3C195"	"N6"	"SSC/07998/15A"	"SSc-ILD"	"SSC/07998/15A"	1	1	7	0	0	0	0	"N8"
"SSC_07998_15A__SSC_07998_15A__N3C195"	"N7"	"SSC/07998/15A"	"SSc-ILD"	"SSC/07998/15A"	1	1	7	0	0	0	0	"N8"
"SSC_07998_15A__SSC_07998_15A__N3C195"	"N8"	"SSC/07998/15A"	"SSc-ILD"	"SSC/07998/15A"	1	1	7	4	1	0.571428571428571	1	"N8"
"SSC_15491_14__SSC_15491_14__N3C001"	"N1"	"SSC/15491/14"	"SSc-ILD"	"SSC/15491/14"	15	15	64	15	9	0.234375	0.6	"N8"
"SSC_15491_14__SSC_15491_14__N3C001"	"N2"	"SSC/15491/14"	"SSc-ILD"	"SSC/15491/14"	15	15	64	0	0	0	0	"N8"
"SSC_15491_14__SSC_15491_14__N3C001"	"N3"	"SSC/15491/14"	"SSc-ILD"	"SSC/15491/14"	15	15	64	0	0	0	0	"N8"
"SSC_15491_14__SSC_15491_14__N3C001"	"N4"	"SSC/15491/14"	"SSc-ILD"	"SSC/15491/14"	15	15	64	0	0	0	0	"N8"
"SSC_15491_14__SSC_15491_14__N3C001"	"N5"	"SSC/15491/14"	"SSc-ILD"	"SSC/15491/14"	15	15	64	11	9	0.171875	0.6	"N8"
"SSC_15491_14__SSC_15491_14__N3C001"	"N6"	"SSC/15491/14"	"SSc-ILD"	"SSC/15491/14"	15	15	64	9	7	0.140625	0.466666666666667	"N8"
"SSC_15491_14__SSC_15491_14__N3C001"	"N7"	"SSC/15491/14"	"SSc-ILD"	"SSC/15491/14"	15	15	64	7	5	0.109375	0.333333333333333	"N8"
"SSC_15491_14__SSC_15491_14__N3C001"	"N8"	"SSC/15491/14"	"SSc-ILD"	"SSC/15491/14"	15	15	64	22	11	0.34375	0.733333333333333	"N8"
"SSC_15491_14__SSC_15491_14__N3C002"	"N1"	"SSC/15491/14"	"SSc-ILD"	"SSC/15491/14"	1	1	8	0	0	0	0	"N5; N8"
"SSC_15491_14__SSC_15491_14__N3C002"	"N2"	"SSC/15491/14"	"SSc-ILD"	"SSC/15491/14"	1	1	8	0	0	0	0	"N5; N8"
"SSC_15491_14__SSC_15491_14__N3C002"	"N3"	"SSC/15491/14"	"SSc-ILD"	"SSC/15491/14"	1	1	8	0	0	0	0	"N5; N8"
"SSC_15491_14__SSC_15491_14__N3C002"	"N4"	"SSC/15491/14"	"SSc-ILD"	"SSC/15491/14"	1	1	8	0	0	0	0	"N5; N8"
"SSC_15491_14__SSC_15491_14__N3C002"	"N5"	"SSC/15491/14"	"SSc-ILD"	"SSC/15491/14"	1	1	8	4	1	0.5	1	"N5; N8"
"SSC_15491_14__SSC_15491_14__N3C002"	"N6"	"SSC/15491/14"	"SSc-ILD"	"SSC/15491/14"	1	1	8	0	0	0	0	"N5; N8"
"SSC_15491_14__SSC_15491_14__N3C002"	"N7"	"SSC/15491/14"	"SSc-ILD"	"SSC/15491/14"	1	1	8	0	0	0	0	"N5; N8"
"SSC_15491_14__SSC_15491_14__N3C002"	"N8"	"SSC/15491/14"	"SSc-ILD"	"SSC/15491/14"	1	1	8	4	1	0.5	1	"N5; N8"
"SSC_15491_14__SSC_15491_14__N3C003"	"N1"	"SSC/15491/14"	"SSc-ILD"	"SSC/15491/14"	1	1	8	1	1	0.125	1	"N5; N8"
"SSC_15491_14__SSC_15491_14__N3C003"	"N2"	"SSC/15491/14"	"SSc-ILD"	"SSC/15491/14"	1	1	8	0	0	0	0	"N5; N8"
"SSC_15491_14__SSC_15491_14__N3C003"	"N3"	"SSC/15491/14"	"SSc-ILD"	"SSC/15491/14"	1	1	8	0	0	0	0	"N5; N8"
"SSC_15491_14__SSC_15491_14__N3C003"	"N4"	"SSC/15491/14"	"SSc-ILD"	"SSC/15491/14"	1	1	8	0	0	0	0	"N5; N8"
"SSC_15491_14__SSC_15491_14__N3C003"	"N5"	"SSC/15491/14"	"SSc-ILD"	"SSC/15491/14"	1	1	8	3	1	0.375	1	"N5; N8"
"SSC_15491_14__SSC_15491_14__N3C003"	"N6"	"SSC/15491/14"	"SSc-ILD"	"SSC/15491/14"	1	1	8	0	0	0	0	"N5; N8"
"SSC_15491_14__SSC_15491_14__N3C003"	"N7"	"SSC/15491/14"	"SSc-ILD"	"SSC/15491/14"	1	1	8	1	1	0.125	1	"N5; N8"
"SSC_15491_14__SSC_15491_14__N3C003"	"N8"	"SSC/15491/14"	"SSc-ILD"	"SSC/15491/14"	1	1	8	3	1	0.375	1	"N5; N8"
"SSC_15491_14__SSC_15491_14__N3C004"	"N1"	"SSC/15491/14"	"SSc-ILD"	"SSC/15491/14"	3	3	20	0	0	0	0	"N5"
"SSC_15491_14__SSC_15491_14__N3C004"	"N2"	"SSC/15491/14"	"SSc-ILD"	"SSC/15491/14"	3	3	20	0	0	0	0	"N5"
"SSC_15491_14__SSC_15491_14__N3C004"	"N3"	"SSC/15491/14"	"SSc-ILD"	"SSC/15491/14"	3	3	20	0	0	0	0	"N5"
"SSC_15491_14__SSC_15491_14__N3C004"	"N4"	"SSC/15491/14"	"SSc-ILD"	"SSC/15491/14"	3	3	20	1	1	0.05	0.333333333333333	"N5"
"SSC_15491_14__SSC_15491_14__N3C004"	"N5"	"SSC/15491/14"	"SSc-ILD"	"SSC/15491/14"	3	3	20	11	3	0.55	1	"N5"
"SSC_15491_14__SSC_15491_14__N3C004"	"N6"	"SSC/15491/14"	"SSc-ILD"	"SSC/15491/14"	3	3	20	0	0	0	0	"N5"
"SSC_15491_14__SSC_15491_14__N3C004"	"N7"	"SSC/15491/14"	"SSc-ILD"	"SSC/15491/14"	3	3	20	3	3	0.15	1	"N5"
"SSC_15491_14__SSC_15491_14__N3C004"	"N8"	"SSC/15491/14"	"SSc-ILD"	"SSC/15491/14"	3	3	20	5	2	0.25	0.666666666666667	"N5"
"SSC_15491_14__SSC_15491_14__N3C005"	"N1"	"SSC/15491/14"	"SSc-ILD"	"SSC/15491/14"	8	8	43	3	2	0.0697674418604651	0.25	"N5"
"SSC_15491_14__SSC_15491_14__N3C005"	"N2"	"SSC/15491/14"	"SSc-ILD"	"SSC/15491/14"	8	8	43	0	0	0	0	"N5"
"SSC_15491_14__SSC_15491_14__N3C005"	"N3"	"SSC/15491/14"	"SSc-ILD"	"SSC/15491/14"	8	8	43	0	0	0	0	"N5"
"SSC_15491_14__SSC_15491_14__N3C005"	"N4"	"SSC/15491/14"	"SSc-ILD"	"SSC/15491/14"	8	8	43	0	0	0	0	"N5"
"SSC_15491_14__SSC_15491_14__N3C005"	"N5"	"SSC/15491/14"	"SSc-ILD"	"SSC/15491/14"	8	8	43	31	8	0.72093023255814	1	"N5"
"SSC_15491_14__SSC_15491_14__N3C005"	"N6"	"SSC/15491/14"	"SSc-ILD"	"SSC/15491/14"	8	8	43	1	1	0.0232558139534884	0.125	"N5"
"SSC_15491_14__SSC_15491_14__N3C005"	"N7"	"SSC/15491/14"	"SSc-ILD"	"SSC/15491/14"	8	8	43	5	3	0.116279069767442	0.375	"N5"
"SSC_15491_14__SSC_15491_14__N3C005"	"N8"	"SSC/15491/14"	"SSc-ILD"	"SSC/15491/14"	8	8	43	3	3	0.0697674418604651	0.375	"N5"
"SSC_15491_14__SSC_15491_14__N3C006"	"N1"	"SSC/15491/14"	"SSc-ILD"	"SSC/15491/14"	1	1	8	1	1	0.125	1	"N7"
"SSC_15491_14__SSC_15491_14__N3C006"	"N2"	"SSC/15491/14"	"SSc-ILD"	"SSC/15491/14"	1	1	8	0	0	0	0	"N7"
"SSC_15491_14__SSC_15491_14__N3C006"	"N3"	"SSC/15491/14"	"SSc-ILD"	"SSC/15491/14"	1	1	8	0	0	0	0	"N7"
"SSC_15491_14__SSC_15491_14__N3C006"	"N4"	"SSC/15491/14"	"SSc-ILD"	"SSC/15491/14"	1	1	8	0	0	0	0	"N7"
"SSC_15491_14__SSC_15491_14__N3C006"	"N5"	"SSC/15491/14"	"SSc-ILD"	"SSC/15491/14"	1	1	8	0	0	0	0	"N7"
"SSC_15491_14__SSC_15491_14__N3C006"	"N6"	"SSC/15491/14"	"SSc-ILD"	"SSC/15491/14"	1	1	8	0	0	0	0	"N7"
"SSC_15491_14__SSC_15491_14__N3C006"	"N7"	"SSC/15491/14"	"SSc-ILD"	"SSC/15491/14"	1	1	8	6	1	0.75	1	"N7"
"SSC_15491_14__SSC_15491_14__N3C006"	"N8"	"SSC/15491/14"	"SSc-ILD"	"SSC/15491/14"	1	1	8	1	1	0.125	1	"N7"
"SSC_15491_14__SSC_15491_14__N3C007"	"N1"	"SSC/15491/14"	"SSc-ILD"	"SSC/15491/14"	1	1	3	0	0	0	0	"N5"
"SSC_15491_14__SSC_15491_14__N3C007"	"N2"	"SSC/15491/14"	"SSc-ILD"	"SSC/15491/14"	1	1	3	0	0	0	0	"N5"
"SSC_15491_14__SSC_15491_14__N3C007"	"N3"	"SSC/15491/14"	"SSc-ILD"	"SSC/15491/14"	1	1	3	0	0	0	0	"N5"
"SSC_15491_14__SSC_15491_14__N3C007"	"N4"	"SSC/15491/14"	"SSc-ILD"	"SSC/15491/14"	1	1	3	0	0	0	0	"N5"
"SSC_15491_14__SSC_15491_14__N3C007"	"N5"	"SSC/15491/14"	"SSc-ILD"	"SSC/15491/14"	1	1	3	2	1	0.666666666666667	1	"N5"
"SSC_15491_14__SSC_15491_14__N3C007"	"N6"	"SSC/15491/14"	"SSc-ILD"	"SSC/15491/14"	1	1	3	0	0	0	0	"N5"
"SSC_15491_14__SSC_15491_14__N3C007"	"N7"	"SSC/15491/14"	"SSc-ILD"	"SSC/15491/14"	1	1	3	0	0	0	0	"N5"
"SSC_15491_14__SSC_15491_14__N3C007"	"N8"	"SSC/15491/14"	"SSc-ILD"	"SSC/15491/14"	1	1	3	1	1	0.333333333333333	1	"N5"
"SSC_15491_14__SSC_15491_14__N3C008"	"N1"	"SSC/15491/14"	"SSc-ILD"	"SSC/15491/14"	43	42	129	26	19	0.201550387596899	0.452380952380952	"N8"
"SSC_15491_14__SSC_15491_14__N3C008"	"N2"	"SSC/15491/14"	"SSc-ILD"	"SSC/15491/14"	43	42	129	3	3	0.0232558139534884	0.0714285714285714	"N8"
"SSC_15491_14__SSC_15491_14__N3C008"	"N3"	"SSC/15491/14"	"SSc-ILD"	"SSC/15491/14"	43	42	129	0	0	0	0	"N8"
"SSC_15491_14__SSC_15491_14__N3C008"	"N4"	"SSC/15491/14"	"SSc-ILD"	"SSC/15491/14"	43	42	129	0	0	0	0	"N8"
"SSC_15491_14__SSC_15491_14__N3C008"	"N5"	"SSC/15491/14"	"SSc-ILD"	"SSC/15491/14"	43	42	129	26	18	0.201550387596899	0.428571428571429	"N8"
"SSC_15491_14__SSC_15491_14__N3C008"	"N6"	"SSC/15491/14"	"SSc-ILD"	"SSC/15491/14"	43	42	129	6	6	0.0465116279069768	0.142857142857143	"N8"
"SSC_15491_14__SSC_15491_14__N3C008"	"N7"	"SSC/15491/14"	"SSc-ILD"	"SSC/15491/14"	43	42	129	14	11	0.108527131782946	0.261904761904762	"N8"
"SSC_15491_14__SSC_15491_14__N3C008"	"N8"	"SSC/15491/14"	"SSc-ILD"	"SSC/15491/14"	43	42	129	54	30	0.418604651162791	0.714285714285714	"N8"
"SSC_15491_14__SSC_15491_14__N3C009"	"N1"	"SSC/15491/14"	"SSc-ILD"	"SSC/15491/14"	6	6	26	6	3	0.230769230769231	0.5	"N5"
"SSC_15491_14__SSC_15491_14__N3C009"	"N2"	"SSC/15491/14"	"SSc-ILD"	"SSC/15491/14"	6	6	26	0	0	0	0	"N5"
"SSC_15491_14__SSC_15491_14__N3C009"	"N3"	"SSC/15491/14"	"SSc-ILD"	"SSC/15491/14"	6	6	26	0	0	0	0	"N5"
"SSC_15491_14__SSC_15491_14__N3C009"	"N4"	"SSC/15491/14"	"SSc-ILD"	"SSC/15491/14"	6	6	26	2	2	0.0769230769230769	0.333333333333333	"N5"
"SSC_15491_14__SSC_15491_14__N3C009"	"N5"	"SSC/15491/14"	"SSc-ILD"	"SSC/15491/14"	6	6	26	9	5	0.346153846153846	0.833333333333333	"N5"
"SSC_15491_14__SSC_15491_14__N3C009"	"N6"	"SSC/15491/14"	"SSc-ILD"	"SSC/15491/14"	6	6	26	4	3	0.153846153846154	0.5	"N5"
"SSC_15491_14__SSC_15491_14__N3C009"	"N7"	"SSC/15491/14"	"SSc-ILD"	"SSC/15491/14"	6	6	26	0	0	0	0	"N5"
"SSC_15491_14__SSC_15491_14__N3C009"	"N8"	"SSC/15491/14"	"SSc-ILD"	"SSC/15491/14"	6	6	26	5	3	0.192307692307692	0.5	"N5"
"SSC_15491_14__SSC_15491_14__N3C010"	"N1"	"SSC/15491/14"	"SSc-ILD"	"SSC/15491/14"	9	9	50	6	3	0.12	0.333333333333333	"N8"
"SSC_15491_14__SSC_15491_14__N3C010"	"N2"	"SSC/15491/14"	"SSc-ILD"	"SSC/15491/14"	9	9	50	0	0	0	0	"N8"
"SSC_15491_14__SSC_15491_14__N3C010"	"N3"	"SSC/15491/14"	"SSc-ILD"	"SSC/15491/14"	9	9	50	0	0	0	0	"N8"
"SSC_15491_14__SSC_15491_14__N3C010"	"N4"	"SSC/15491/14"	"SSc-ILD"	"SSC/15491/14"	9	9	50	0	0	0	0	"N8"
"SSC_15491_14__SSC_15491_14__N3C010"	"N5"	"SSC/15491/14"	"SSc-ILD"	"SSC/15491/14"	9	9	50	9	6	0.18	0.666666666666667	"N8"
"SSC_15491_14__SSC_15491_14__N3C010"	"N6"	"SSC/15491/14"	"SSc-ILD"	"SSC/15491/14"	9	9	50	0	0	0	0	"N8"
"SSC_15491_14__SSC_15491_14__N3C010"	"N7"	"SSC/15491/14"	"SSc-ILD"	"SSC/15491/14"	9	9	50	15	7	0.3	0.777777777777778	"N8"
"SSC_15491_14__SSC_15491_14__N3C010"	"N8"	"SSC/15491/14"	"SSc-ILD"	"SSC/15491/14"	9	9	50	20	8	0.4	0.888888888888889	"N8"
"SSC_15491_14__SSC_15491_14__N3C011"	"N1"	"SSC/15491/14"	"SSc-ILD"	"SSC/15491/14"	1	1	5	0	0	0	0	"N5"
"SSC_15491_14__SSC_15491_14__N3C011"	"N2"	"SSC/15491/14"	"SSc-ILD"	"SSC/15491/14"	1	1	5	0	0	0	0	"N5"
"SSC_15491_14__SSC_15491_14__N3C011"	"N3"	"SSC/15491/14"	"SSc-ILD"	"SSC/15491/14"	1	1	5	0	0	0	0	"N5"
"SSC_15491_14__SSC_15491_14__N3C011"	"N4"	"SSC/15491/14"	"SSc-ILD"	"SSC/15491/14"	1	1	5	0	0	0	0	"N5"
"SSC_15491_14__SSC_15491_14__N3C011"	"N5"	"SSC/15491/14"	"SSc-ILD"	"SSC/15491/14"	1	1	5	3	1	0.6	1	"N5"
"SSC_15491_14__SSC_15491_14__N3C011"	"N6"	"SSC/15491/14"	"SSc-ILD"	"SSC/15491/14"	1	1	5	0	0	0	0	"N5"
"SSC_15491_14__SSC_15491_14__N3C011"	"N7"	"SSC/15491/14"	"SSc-ILD"	"SSC/15491/14"	1	1	5	1	1	0.2	1	"N5"
"SSC_15491_14__SSC_15491_14__N3C011"	"N8"	"SSC/15491/14"	"SSc-ILD"	"SSC/15491/14"	1	1	5	1	1	0.2	1	"N5"
"SSC_15491_14__SSC_15491_14__N3C012"	"N1"	"SSC/15491/14"	"SSc-ILD"	"SSC/15491/14"	20	20	109	14	10	0.128440366972477	0.5	"N5"
"SSC_15491_14__SSC_15491_14__N3C012"	"N2"	"SSC/15491/14"	"SSc-ILD"	"SSC/15491/14"	20	20	109	0	0	0	0	"N5"
"SSC_15491_14__SSC_15491_14__N3C012"	"N3"	"SSC/15491/14"	"SSc-ILD"	"SSC/15491/14"	20	20	109	0	0	0	0	"N5"
"SSC_15491_14__SSC_15491_14__N3C012"	"N4"	"SSC/15491/14"	"SSc-ILD"	"SSC/15491/14"	20	20	109	2	1	0.018348623853211	0.05	"N5"
"SSC_15491_14__SSC_15491_14__N3C012"	"N5"	"SSC/15491/14"	"SSc-ILD"	"SSC/15491/14"	20	20	109	49	19	0.44954128440367	0.95	"N5"
"SSC_15491_14__SSC_15491_14__N3C012"	"N6"	"SSC/15491/14"	"SSc-ILD"	"SSC/15491/14"	20	20	109	6	6	0.055045871559633	0.3	"N5"
"SSC_15491_14__SSC_15491_14__N3C012"	"N7"	"SSC/15491/14"	"SSc-ILD"	"SSC/15491/14"	20	20	109	12	7	0.110091743119266	0.35	"N5"
"SSC_15491_14__SSC_15491_14__N3C012"	"N8"	"SSC/15491/14"	"SSc-ILD"	"SSC/15491/14"	20	20	109	26	12	0.238532110091743	0.6	"N5"
"SSC_15491_14__SSC_15491_14__N3C013"	"N1"	"SSC/15491/14"	"SSc-ILD"	"SSC/15491/14"	4	3	9	5	3	0.555555555555556	1	"N1"
"SSC_15491_14__SSC_15491_14__N3C013"	"N2"	"SSC/15491/14"	"SSc-ILD"	"SSC/15491/14"	4	3	9	0	0	0	0	"N1"
"SSC_15491_14__SSC_15491_14__N3C013"	"N3"	"SSC/15491/14"	"SSc-ILD"	"SSC/15491/14"	4	3	9	0	0	0	0	"N1"
"SSC_15491_14__SSC_15491_14__N3C013"	"N4"	"SSC/15491/14"	"SSc-ILD"	"SSC/15491/14"	4	3	9	0	0	0	0	"N1"
"SSC_15491_14__SSC_15491_14__N3C013"	"N5"	"SSC/15491/14"	"SSc-ILD"	"SSC/15491/14"	4	3	9	0	0	0	0	"N1"
"SSC_15491_14__SSC_15491_14__N3C013"	"N6"	"SSC/15491/14"	"SSc-ILD"	"SSC/15491/14"	4	3	9	0	0	0	0	"N1"
"SSC_15491_14__SSC_15491_14__N3C013"	"N7"	"SSC/15491/14"	"SSc-ILD"	"SSC/15491/14"	4	3	9	1	1	0.111111111111111	0.333333333333333	"N1"
"SSC_15491_14__SSC_15491_14__N3C013"	"N8"	"SSC/15491/14"	"SSc-ILD"	"SSC/15491/14"	4	3	9	3	3	0.333333333333333	1	"N1"
"SSC_15491_14__SSC_15491_14__N3C014"	"N1"	"SSC/15491/14"	"SSc-ILD"	"SSC/15491/14"	7	7	38	4	4	0.105263157894737	0.571428571428571	"N8"
"SSC_15491_14__SSC_15491_14__N3C014"	"N2"	"SSC/15491/14"	"SSc-ILD"	"SSC/15491/14"	7	7	38	3	2	0.0789473684210526	0.285714285714286	"N8"
"SSC_15491_14__SSC_15491_14__N3C014"	"N3"	"SSC/15491/14"	"SSc-ILD"	"SSC/15491/14"	7	7	38	0	0	0	0	"N8"
"SSC_15491_14__SSC_15491_14__N3C014"	"N4"	"SSC/15491/14"	"SSc-ILD"	"SSC/15491/14"	7	7	38	1	1	0.0263157894736842	0.142857142857143	"N8"
"SSC_15491_14__SSC_15491_14__N3C014"	"N5"	"SSC/15491/14"	"SSc-ILD"	"SSC/15491/14"	7	7	38	9	6	0.236842105263158	0.857142857142857	"N8"
"SSC_15491_14__SSC_15491_14__N3C014"	"N6"	"SSC/15491/14"	"SSc-ILD"	"SSC/15491/14"	7	7	38	3	2	0.0789473684210526	0.285714285714286	"N8"
"SSC_15491_14__SSC_15491_14__N3C014"	"N7"	"SSC/15491/14"	"SSc-ILD"	"SSC/15491/14"	7	7	38	5	5	0.131578947368421	0.714285714285714	"N8"
"SSC_15491_14__SSC_15491_14__N3C014"	"N8"	"SSC/15491/14"	"SSc-ILD"	"SSC/15491/14"	7	7	38	13	7	0.342105263157895	1	"N8"
"SSC_15491_14__SSC_15491_14__N3C015"	"N1"	"SSC/15491/14"	"SSc-ILD"	"SSC/15491/14"	1	1	8	3	1	0.375	1	"N1"
"SSC_15491_14__SSC_15491_14__N3C015"	"N2"	"SSC/15491/14"	"SSc-ILD"	"SSC/15491/14"	1	1	8	0	0	0	0	"N1"
"SSC_15491_14__SSC_15491_14__N3C015"	"N3"	"SSC/15491/14"	"SSc-ILD"	"SSC/15491/14"	1	1	8	0	0	0	0	"N1"
"SSC_15491_14__SSC_15491_14__N3C015"	"N4"	"SSC/15491/14"	"SSc-ILD"	"SSC/15491/14"	1	1	8	0	0	0	0	"N1"
"SSC_15491_14__SSC_15491_14__N3C015"	"N5"	"SSC/15491/14"	"SSc-ILD"	"SSC/15491/14"	1	1	8	1	1	0.125	1	"N1"
"SSC_15491_14__SSC_15491_14__N3C015"	"N6"	"SSC/15491/14"	"SSc-ILD"	"SSC/15491/14"	1	1	8	2	1	0.25	1	"N1"
"SSC_15491_14__SSC_15491_14__N3C015"	"N7"	"SSC/15491/14"	"SSc-ILD"	"SSC/15491/14"	1	1	8	2	1	0.25	1	"N1"
"SSC_15491_14__SSC_15491_14__N3C015"	"N8"	"SSC/15491/14"	"SSc-ILD"	"SSC/15491/14"	1	1	8	0	0	0	0	"N1"
"SSC_15491_14__SSC_15491_14__N3C016"	"N1"	"SSC/15491/14"	"SSc-ILD"	"SSC/15491/14"	1	1	8	4	1	0.5	1	"N1"
"SSC_15491_14__SSC_15491_14__N3C016"	"N2"	"SSC/15491/14"	"SSc-ILD"	"SSC/15491/14"	1	1	8	0	0	0	0	"N1"
"SSC_15491_14__SSC_15491_14__N3C016"	"N3"	"SSC/15491/14"	"SSc-ILD"	"SSC/15491/14"	1	1	8	0	0	0	0	"N1"
"SSC_15491_14__SSC_15491_14__N3C016"	"N4"	"SSC/15491/14"	"SSc-ILD"	"SSC/15491/14"	1	1	8	0	0	0	0	"N1"
"SSC_15491_14__SSC_15491_14__N3C016"	"N5"	"SSC/15491/14"	"SSc-ILD"	"SSC/15491/14"	1	1	8	2	1	0.25	1	"N1"
"SSC_15491_14__SSC_15491_14__N3C016"	"N6"	"SSC/15491/14"	"SSc-ILD"	"SSC/15491/14"	1	1	8	1	1	0.125	1	"N1"
"SSC_15491_14__SSC_15491_14__N3C016"	"N7"	"SSC/15491/14"	"SSc-ILD"	"SSC/15491/14"	1	1	8	1	1	0.125	1	"N1"
"SSC_15491_14__SSC_15491_14__N3C016"	"N8"	"SSC/15491/14"	"SSc-ILD"	"SSC/15491/14"	1	1	8	0	0	0	0	"N1"
"SSC_15491_14__SSC_15491_14__N3C017"	"N1"	"SSC/15491/14"	"SSc-ILD"	"SSC/15491/14"	1	1	7	0	0	0	0	"N7"
"SSC_15491_14__SSC_15491_14__N3C017"	"N2"	"SSC/15491/14"	"SSc-ILD"	"SSC/15491/14"	1	1	7	0	0	0	0	"N7"
"SSC_15491_14__SSC_15491_14__N3C017"	"N3"	"SSC/15491/14"	"SSc-ILD"	"SSC/15491/14"	1	1	7	0	0	0	0	"N7"
"SSC_15491_14__SSC_15491_14__N3C017"	"N4"	"SSC/15491/14"	"SSc-ILD"	"SSC/15491/14"	1	1	7	0	0	0	0	"N7"
"SSC_15491_14__SSC_15491_14__N3C017"	"N5"	"SSC/15491/14"	"SSc-ILD"	"SSC/15491/14"	1	1	7	0	0	0	0	"N7"
"SSC_15491_14__SSC_15491_14__N3C017"	"N6"	"SSC/15491/14"	"SSc-ILD"	"SSC/15491/14"	1	1	7	0	0	0	0	"N7"
"SSC_15491_14__SSC_15491_14__N3C017"	"N7"	"SSC/15491/14"	"SSc-ILD"	"SSC/15491/14"	1	1	7	7	1	1	1	"N7"
"SSC_15491_14__SSC_15491_14__N3C017"	"N8"	"SSC/15491/14"	"SSc-ILD"	"SSC/15491/14"	1	1	7	0	0	0	0	"N7"
"SSC_15491_14__SSC_15491_14__N3C018"	"N1"	"SSC/15491/14"	"SSc-ILD"	"SSC/15491/14"	20	18	60	13	8	0.216666666666667	0.444444444444444	"N5"
"SSC_15491_14__SSC_15491_14__N3C018"	"N2"	"SSC/15491/14"	"SSc-ILD"	"SSC/15491/14"	20	18	60	0	0	0	0	"N5"
"SSC_15491_14__SSC_15491_14__N3C018"	"N3"	"SSC/15491/14"	"SSc-ILD"	"SSC/15491/14"	20	18	60	0	0	0	0	"N5"
"SSC_15491_14__SSC_15491_14__N3C018"	"N4"	"SSC/15491/14"	"SSc-ILD"	"SSC/15491/14"	20	18	60	0	0	0	0	"N5"
"SSC_15491_14__SSC_15491_14__N3C018"	"N5"	"SSC/15491/14"	"SSc-ILD"	"SSC/15491/14"	20	18	60	35	15	0.583333333333333	0.833333333333333	"N5"
"SSC_15491_14__SSC_15491_14__N3C018"	"N6"	"SSC/15491/14"	"SSc-ILD"	"SSC/15491/14"	20	18	60	5	4	0.0833333333333333	0.222222222222222	"N5"
"SSC_15491_14__SSC_15491_14__N3C018"	"N7"	"SSC/15491/14"	"SSc-ILD"	"SSC/15491/14"	20	18	60	0	0	0	0	"N5"
"SSC_15491_14__SSC_15491_14__N3C018"	"N8"	"SSC/15491/14"	"SSc-ILD"	"SSC/15491/14"	20	18	60	7	4	0.116666666666667	0.222222222222222	"N5"
"SSC_15491_14__SSC_15491_14__N3C019"	"N1"	"SSC/15491/14"	"SSc-ILD"	"SSC/15491/14"	2	2	14	0	0	0	0	"N5"
"SSC_15491_14__SSC_15491_14__N3C019"	"N2"	"SSC/15491/14"	"SSc-ILD"	"SSC/15491/14"	2	2	14	0	0	0	0	"N5"
"SSC_15491_14__SSC_15491_14__N3C019"	"N3"	"SSC/15491/14"	"SSc-ILD"	"SSC/15491/14"	2	2	14	0	0	0	0	"N5"
"SSC_15491_14__SSC_15491_14__N3C019"	"N4"	"SSC/15491/14"	"SSc-ILD"	"SSC/15491/14"	2	2	14	0	0	0	0	"N5"
"SSC_15491_14__SSC_15491_14__N3C019"	"N5"	"SSC/15491/14"	"SSc-ILD"	"SSC/15491/14"	2	2	14	5	2	0.357142857142857	1	"N5"
"SSC_15491_14__SSC_15491_14__N3C019"	"N6"	"SSC/15491/14"	"SSc-ILD"	"SSC/15491/14"	2	2	14	4	2	0.285714285714286	1	"N5"
"SSC_15491_14__SSC_15491_14__N3C019"	"N7"	"SSC/15491/14"	"SSc-ILD"	"SSC/15491/14"	2	2	14	4	2	0.285714285714286	1	"N5"
"SSC_15491_14__SSC_15491_14__N3C019"	"N8"	"SSC/15491/14"	"SSc-ILD"	"SSC/15491/14"	2	2	14	1	1	0.0714285714285714	0.5	"N5"
"SSC_15491_14__SSC_15491_14__N3C020"	"N1"	"SSC/15491/14"	"SSc-ILD"	"SSC/15491/14"	1	1	8	5	1	0.625	1	"N1"
"SSC_15491_14__SSC_15491_14__N3C020"	"N2"	"SSC/15491/14"	"SSc-ILD"	"SSC/15491/14"	1	1	8	0	0	0	0	"N1"
"SSC_15491_14__SSC_15491_14__N3C020"	"N3"	"SSC/15491/14"	"SSc-ILD"	"SSC/15491/14"	1	1	8	0	0	0	0	"N1"
"SSC_15491_14__SSC_15491_14__N3C020"	"N4"	"SSC/15491/14"	"SSc-ILD"	"SSC/15491/14"	1	1	8	0	0	0	0	"N1"
"SSC_15491_14__SSC_15491_14__N3C020"	"N5"	"SSC/15491/14"	"SSc-ILD"	"SSC/15491/14"	1	1	8	0	0	0	0	"N1"
"SSC_15491_14__SSC_15491_14__N3C020"	"N6"	"SSC/15491/14"	"SSc-ILD"	"SSC/15491/14"	1	1	8	0	0	0	0	"N1"
"SSC_15491_14__SSC_15491_14__N3C020"	"N7"	"SSC/15491/14"	"SSc-ILD"	"SSC/15491/14"	1	1	8	0	0	0	0	"N1"
"SSC_15491_14__SSC_15491_14__N3C020"	"N8"	"SSC/15491/14"	"SSc-ILD"	"SSC/15491/14"	1	1	8	3	1	0.375	1	"N1"
"SSC_15491_14__SSC_15491_14__N3C021"	"N1"	"SSC/15491/14"	"SSc-ILD"	"SSC/15491/14"	1	1	8	5	1	0.625	1	"N1"
"SSC_15491_14__SSC_15491_14__N3C021"	"N2"	"SSC/15491/14"	"SSc-ILD"	"SSC/15491/14"	1	1	8	0	0	0	0	"N1"
"SSC_15491_14__SSC_15491_14__N3C021"	"N3"	"SSC/15491/14"	"SSc-ILD"	"SSC/15491/14"	1	1	8	0	0	0	0	"N1"
"SSC_15491_14__SSC_15491_14__N3C021"	"N4"	"SSC/15491/14"	"SSc-ILD"	"SSC/15491/14"	1	1	8	0	0	0	0	"N1"
"SSC_15491_14__SSC_15491_14__N3C021"	"N5"	"SSC/15491/14"	"SSc-ILD"	"SSC/15491/14"	1	1	8	1	1	0.125	1	"N1"
"SSC_15491_14__SSC_15491_14__N3C021"	"N6"	"SSC/15491/14"	"SSc-ILD"	"SSC/15491/14"	1	1	8	0	0	0	0	"N1"
"SSC_15491_14__SSC_15491_14__N3C021"	"N7"	"SSC/15491/14"	"SSc-ILD"	"SSC/15491/14"	1	1	8	1	1	0.125	1	"N1"
"SSC_15491_14__SSC_15491_14__N3C021"	"N8"	"SSC/15491/14"	"SSc-ILD"	"SSC/15491/14"	1	1	8	1	1	0.125	1	"N1"
"SSC_15491_14__SSC_15491_14__N3C022"	"N1"	"SSC/15491/14"	"SSc-ILD"	"SSC/15491/14"	1	1	8	3	1	0.375	1	"N1"
"SSC_15491_14__SSC_15491_14__N3C022"	"N2"	"SSC/15491/14"	"SSc-ILD"	"SSC/15491/14"	1	1	8	0	0	0	0	"N1"
"SSC_15491_14__SSC_15491_14__N3C022"	"N3"	"SSC/15491/14"	"SSc-ILD"	"SSC/15491/14"	1	1	8	0	0	0	0	"N1"
"SSC_15491_14__SSC_15491_14__N3C022"	"N4"	"SSC/15491/14"	"SSc-ILD"	"SSC/15491/14"	1	1	8	0	0	0	0	"N1"
"SSC_15491_14__SSC_15491_14__N3C022"	"N5"	"SSC/15491/14"	"SSc-ILD"	"SSC/15491/14"	1	1	8	2	1	0.25	1	"N1"
"SSC_15491_14__SSC_15491_14__N3C022"	"N6"	"SSC/15491/14"	"SSc-ILD"	"SSC/15491/14"	1	1	8	0	0	0	0	"N1"
"SSC_15491_14__SSC_15491_14__N3C022"	"N7"	"SSC/15491/14"	"SSc-ILD"	"SSC/15491/14"	1	1	8	1	1	0.125	1	"N1"
"SSC_15491_14__SSC_15491_14__N3C022"	"N8"	"SSC/15491/14"	"SSc-ILD"	"SSC/15491/14"	1	1	8	2	1	0.25	1	"N1"
"SSC_15491_14__SSC_15491_14__N3C023"	"N1"	"SSC/15491/14"	"SSc-ILD"	"SSC/15491/14"	3	3	20	0	0	0	0	"N5"
"SSC_15491_14__SSC_15491_14__N3C023"	"N2"	"SSC/15491/14"	"SSc-ILD"	"SSC/15491/14"	3	3	20	0	0	0	0	"N5"
"SSC_15491_14__SSC_15491_14__N3C023"	"N3"	"SSC/15491/14"	"SSc-ILD"	"SSC/15491/14"	3	3	20	0	0	0	0	"N5"
"SSC_15491_14__SSC_15491_14__N3C023"	"N4"	"SSC/15491/14"	"SSc-ILD"	"SSC/15491/14"	3	3	20	0	0	0	0	"N5"
"SSC_15491_14__SSC_15491_14__N3C023"	"N5"	"SSC/15491/14"	"SSc-ILD"	"SSC/15491/14"	3	3	20	18	3	0.9	1	"N5"
"SSC_15491_14__SSC_15491_14__N3C023"	"N6"	"SSC/15491/14"	"SSc-ILD"	"SSC/15491/14"	3	3	20	0	0	0	0	"N5"
"SSC_15491_14__SSC_15491_14__N3C023"	"N7"	"SSC/15491/14"	"SSc-ILD"	"SSC/15491/14"	3	3	20	0	0	0	0	"N5"
"SSC_15491_14__SSC_15491_14__N3C023"	"N8"	"SSC/15491/14"	"SSc-ILD"	"SSC/15491/14"	3	3	20	2	2	0.1	0.666666666666667	"N5"
"SSC_15491_14__SSC_15491_14__N3C024"	"N1"	"SSC/15491/14"	"SSc-ILD"	"SSC/15491/14"	49	48	224	50	30	0.223214285714286	0.625	"N5"
"SSC_15491_14__SSC_15491_14__N3C024"	"N2"	"SSC/15491/14"	"SSc-ILD"	"SSC/15491/14"	49	48	224	1	1	0.00446428571428571	0.0208333333333333	"N5"
"SSC_15491_14__SSC_15491_14__N3C024"	"N3"	"SSC/15491/14"	"SSc-ILD"	"SSC/15491/14"	49	48	224	0	0	0	0	"N5"
"SSC_15491_14__SSC_15491_14__N3C024"	"N4"	"SSC/15491/14"	"SSc-ILD"	"SSC/15491/14"	49	48	224	0	0	0	0	"N5"
"SSC_15491_14__SSC_15491_14__N3C024"	"N5"	"SSC/15491/14"	"SSc-ILD"	"SSC/15491/14"	49	48	224	66	30	0.294642857142857	0.625	"N5"
"SSC_15491_14__SSC_15491_14__N3C024"	"N6"	"SSC/15491/14"	"SSc-ILD"	"SSC/15491/14"	49	48	224	8	7	0.0357142857142857	0.145833333333333	"N5"
"SSC_15491_14__SSC_15491_14__N3C024"	"N7"	"SSC/15491/14"	"SSc-ILD"	"SSC/15491/14"	49	48	224	52	30	0.232142857142857	0.625	"N5"
"SSC_15491_14__SSC_15491_14__N3C024"	"N8"	"SSC/15491/14"	"SSc-ILD"	"SSC/15491/14"	49	48	224	47	24	0.209821428571429	0.5	"N5"
"SSC_15491_14__SSC_15491_14__N3C025"	"N1"	"SSC/15491/14"	"SSc-ILD"	"SSC/15491/14"	8	8	40	5	2	0.125	0.25	"N5"
"SSC_15491_14__SSC_15491_14__N3C025"	"N2"	"SSC/15491/14"	"SSc-ILD"	"SSC/15491/14"	8	8	40	0	0	0	0	"N5"
"SSC_15491_14__SSC_15491_14__N3C025"	"N3"	"SSC/15491/14"	"SSc-ILD"	"SSC/15491/14"	8	8	40	0	0	0	0	"N5"
"SSC_15491_14__SSC_15491_14__N3C025"	"N4"	"SSC/15491/14"	"SSc-ILD"	"SSC/15491/14"	8	8	40	0	0	0	0	"N5"
"SSC_15491_14__SSC_15491_14__N3C025"	"N5"	"SSC/15491/14"	"SSc-ILD"	"SSC/15491/14"	8	8	40	20	8	0.5	1	"N5"
"SSC_15491_14__SSC_15491_14__N3C025"	"N6"	"SSC/15491/14"	"SSc-ILD"	"SSC/15491/14"	8	8	40	1	1	0.025	0.125	"N5"
"SSC_15491_14__SSC_15491_14__N3C025"	"N7"	"SSC/15491/14"	"SSc-ILD"	"SSC/15491/14"	8	8	40	5	3	0.125	0.375	"N5"
"SSC_15491_14__SSC_15491_14__N3C025"	"N8"	"SSC/15491/14"	"SSc-ILD"	"SSC/15491/14"	8	8	40	9	4	0.225	0.5	"N5"
"SSC_15491_14__SSC_15491_14__N3C026"	"N1"	"SSC/15491/14"	"SSc-ILD"	"SSC/15491/14"	6	6	28	3	3	0.107142857142857	0.5	"N5"
"SSC_15491_14__SSC_15491_14__N3C026"	"N2"	"SSC/15491/14"	"SSc-ILD"	"SSC/15491/14"	6	6	28	0	0	0	0	"N5"
"SSC_15491_14__SSC_15491_14__N3C026"	"N3"	"SSC/15491/14"	"SSc-ILD"	"SSC/15491/14"	6	6	28	0	0	0	0	"N5"
"SSC_15491_14__SSC_15491_14__N3C026"	"N4"	"SSC/15491/14"	"SSc-ILD"	"SSC/15491/14"	6	6	28	0	0	0	0	"N5"
"SSC_15491_14__SSC_15491_14__N3C026"	"N5"	"SSC/15491/14"	"SSc-ILD"	"SSC/15491/14"	6	6	28	15	6	0.535714285714286	1	"N5"
"SSC_15491_14__SSC_15491_14__N3C026"	"N6"	"SSC/15491/14"	"SSc-ILD"	"SSC/15491/14"	6	6	28	1	1	0.0357142857142857	0.166666666666667	"N5"
"SSC_15491_14__SSC_15491_14__N3C026"	"N7"	"SSC/15491/14"	"SSc-ILD"	"SSC/15491/14"	6	6	28	0	0	0	0	"N5"
"SSC_15491_14__SSC_15491_14__N3C026"	"N8"	"SSC/15491/14"	"SSc-ILD"	"SSC/15491/14"	6	6	28	9	5	0.321428571428571	0.833333333333333	"N5"
"SSC_15491_14__SSC_15491_14__N3C027"	"N1"	"SSC/15491/14"	"SSc-ILD"	"SSC/15491/14"	2	2	14	2	2	0.142857142857143	1	"N5"
"SSC_15491_14__SSC_15491_14__N3C027"	"N2"	"SSC/15491/14"	"SSc-ILD"	"SSC/15491/14"	2	2	14	1	1	0.0714285714285714	0.5	"N5"
"SSC_15491_14__SSC_15491_14__N3C027"	"N3"	"SSC/15491/14"	"SSc-ILD"	"SSC/15491/14"	2	2	14	0	0	0	0	"N5"
"SSC_15491_14__SSC_15491_14__N3C027"	"N4"	"SSC/15491/14"	"SSc-ILD"	"SSC/15491/14"	2	2	14	0	0	0	0	"N5"
"SSC_15491_14__SSC_15491_14__N3C027"	"N5"	"SSC/15491/14"	"SSc-ILD"	"SSC/15491/14"	2	2	14	8	2	0.571428571428571	1	"N5"
"SSC_15491_14__SSC_15491_14__N3C027"	"N6"	"SSC/15491/14"	"SSc-ILD"	"SSC/15491/14"	2	2	14	0	0	0	0	"N5"
"SSC_15491_14__SSC_15491_14__N3C027"	"N7"	"SSC/15491/14"	"SSc-ILD"	"SSC/15491/14"	2	2	14	0	0	0	0	"N5"
"SSC_15491_14__SSC_15491_14__N3C027"	"N8"	"SSC/15491/14"	"SSc-ILD"	"SSC/15491/14"	2	2	14	3	2	0.214285714285714	1	"N5"
"SSC_15491_14__SSC_15491_14__N3C028"	"N1"	"SSC/15491/14"	"SSc-ILD"	"SSC/15491/14"	1	1	8	2	1	0.25	1	"N8"
"SSC_15491_14__SSC_15491_14__N3C028"	"N2"	"SSC/15491/14"	"SSc-ILD"	"SSC/15491/14"	1	1	8	0	0	0	0	"N8"
"SSC_15491_14__SSC_15491_14__N3C028"	"N3"	"SSC/15491/14"	"SSc-ILD"	"SSC/15491/14"	1	1	8	0	0	0	0	"N8"
"SSC_15491_14__SSC_15491_14__N3C028"	"N4"	"SSC/15491/14"	"SSc-ILD"	"SSC/15491/14"	1	1	8	0	0	0	0	"N8"
"SSC_15491_14__SSC_15491_14__N3C028"	"N5"	"SSC/15491/14"	"SSc-ILD"	"SSC/15491/14"	1	1	8	1	1	0.125	1	"N8"
"SSC_15491_14__SSC_15491_14__N3C028"	"N6"	"SSC/15491/14"	"SSc-ILD"	"SSC/15491/14"	1	1	8	0	0	0	0	"N8"
"SSC_15491_14__SSC_15491_14__N3C028"	"N7"	"SSC/15491/14"	"SSc-ILD"	"SSC/15491/14"	1	1	8	0	0	0	0	"N8"
"SSC_15491_14__SSC_15491_14__N3C028"	"N8"	"SSC/15491/14"	"SSc-ILD"	"SSC/15491/14"	1	1	8	5	1	0.625	1	"N8"
"SSC_15491_14__SSC_15491_14__N3C029"	"N1"	"SSC/15491/14"	"SSc-ILD"	"SSC/15491/14"	1	1	8	1	1	0.125	1	"N5"
"SSC_15491_14__SSC_15491_14__N3C029"	"N2"	"SSC/15491/14"	"SSc-ILD"	"SSC/15491/14"	1	1	8	0	0	0	0	"N5"
"SSC_15491_14__SSC_15491_14__N3C029"	"N3"	"SSC/15491/14"	"SSc-ILD"	"SSC/15491/14"	1	1	8	0	0	0	0	"N5"
"SSC_15491_14__SSC_15491_14__N3C029"	"N4"	"SSC/15491/14"	"SSc-ILD"	"SSC/15491/14"	1	1	8	0	0	0	0	"N5"
"SSC_15491_14__SSC_15491_14__N3C029"	"N5"	"SSC/15491/14"	"SSc-ILD"	"SSC/15491/14"	1	1	8	4	1	0.5	1	"N5"
"SSC_15491_14__SSC_15491_14__N3C029"	"N6"	"SSC/15491/14"	"SSc-ILD"	"SSC/15491/14"	1	1	8	0	0	0	0	"N5"
"SSC_15491_14__SSC_15491_14__N3C029"	"N7"	"SSC/15491/14"	"SSc-ILD"	"SSC/15491/14"	1	1	8	0	0	0	0	"N5"
"SSC_15491_14__SSC_15491_14__N3C029"	"N8"	"SSC/15491/14"	"SSc-ILD"	"SSC/15491/14"	1	1	8	3	1	0.375	1	"N5"
"SSC_15491_14__SSC_15491_14__N3C030"	"N1"	"SSC/15491/14"	"SSc-ILD"	"SSC/15491/14"	3	3	20	0	0	0	0	"N5"
"SSC_15491_14__SSC_15491_14__N3C030"	"N2"	"SSC/15491/14"	"SSc-ILD"	"SSC/15491/14"	3	3	20	0	0	0	0	"N5"
"SSC_15491_14__SSC_15491_14__N3C030"	"N3"	"SSC/15491/14"	"SSc-ILD"	"SSC/15491/14"	3	3	20	0	0	0	0	"N5"
"SSC_15491_14__SSC_15491_14__N3C030"	"N4"	"SSC/15491/14"	"SSc-ILD"	"SSC/15491/14"	3	3	20	0	0	0	0	"N5"
"SSC_15491_14__SSC_15491_14__N3C030"	"N5"	"SSC/15491/14"	"SSc-ILD"	"SSC/15491/14"	3	3	20	15	3	0.75	1	"N5"
"SSC_15491_14__SSC_15491_14__N3C030"	"N6"	"SSC/15491/14"	"SSc-ILD"	"SSC/15491/14"	3	3	20	0	0	0	0	"N5"
"SSC_15491_14__SSC_15491_14__N3C030"	"N7"	"SSC/15491/14"	"SSc-ILD"	"SSC/15491/14"	3	3	20	3	3	0.15	1	"N5"
"SSC_15491_14__SSC_15491_14__N3C030"	"N8"	"SSC/15491/14"	"SSc-ILD"	"SSC/15491/14"	3	3	20	2	1	0.1	0.333333333333333	"N5"
"SSC_15491_14__SSC_15491_14__N3C031"	"N1"	"SSC/15491/14"	"SSc-ILD"	"SSC/15491/14"	105	102	342	73	46	0.213450292397661	0.450980392156863	"N5"
"SSC_15491_14__SSC_15491_14__N3C031"	"N2"	"SSC/15491/14"	"SSc-ILD"	"SSC/15491/14"	105	102	342	0	0	0	0	"N5"
"SSC_15491_14__SSC_15491_14__N3C031"	"N3"	"SSC/15491/14"	"SSc-ILD"	"SSC/15491/14"	105	102	342	0	0	0	0	"N5"
"SSC_15491_14__SSC_15491_14__N3C031"	"N4"	"SSC/15491/14"	"SSc-ILD"	"SSC/15491/14"	105	102	342	0	0	0	0	"N5"
"SSC_15491_14__SSC_15491_14__N3C031"	"N5"	"SSC/15491/14"	"SSc-ILD"	"SSC/15491/14"	105	102	342	153	83	0.447368421052632	0.813725490196078	"N5"
"SSC_15491_14__SSC_15491_14__N3C031"	"N6"	"SSC/15491/14"	"SSc-ILD"	"SSC/15491/14"	105	102	342	8	7	0.0233918128654971	0.0686274509803922	"N5"
"SSC_15491_14__SSC_15491_14__N3C031"	"N7"	"SSC/15491/14"	"SSc-ILD"	"SSC/15491/14"	105	102	342	26	18	0.0760233918128655	0.176470588235294	"N5"
"SSC_15491_14__SSC_15491_14__N3C031"	"N8"	"SSC/15491/14"	"SSc-ILD"	"SSC/15491/14"	105	102	342	82	48	0.239766081871345	0.470588235294118	"N5"
"SSC_15491_14__SSC_15491_14__N3C032"	"N1"	"SSC/15491/14"	"SSc-ILD"	"SSC/15491/14"	4	4	26	6	3	0.230769230769231	0.75	"N5"
"SSC_15491_14__SSC_15491_14__N3C032"	"N2"	"SSC/15491/14"	"SSc-ILD"	"SSC/15491/14"	4	4	26	0	0	0	0	"N5"
"SSC_15491_14__SSC_15491_14__N3C032"	"N3"	"SSC/15491/14"	"SSc-ILD"	"SSC/15491/14"	4	4	26	0	0	0	0	"N5"
"SSC_15491_14__SSC_15491_14__N3C032"	"N4"	"SSC/15491/14"	"SSc-ILD"	"SSC/15491/14"	4	4	26	0	0	0	0	"N5"
"SSC_15491_14__SSC_15491_14__N3C032"	"N5"	"SSC/15491/14"	"SSc-ILD"	"SSC/15491/14"	4	4	26	15	4	0.576923076923077	1	"N5"
"SSC_15491_14__SSC_15491_14__N3C032"	"N6"	"SSC/15491/14"	"SSc-ILD"	"SSC/15491/14"	4	4	26	3	1	0.115384615384615	0.25	"N5"
"SSC_15491_14__SSC_15491_14__N3C032"	"N7"	"SSC/15491/14"	"SSc-ILD"	"SSC/15491/14"	4	4	26	2	2	0.0769230769230769	0.5	"N5"
"SSC_15491_14__SSC_15491_14__N3C032"	"N8"	"SSC/15491/14"	"SSc-ILD"	"SSC/15491/14"	4	4	26	0	0	0	0	"N5"
"SSC_15491_14__SSC_15491_14__N3C033"	"N1"	"SSC/15491/14"	"SSc-ILD"	"SSC/15491/14"	1	1	8	0	0	0	0	"N5"
"SSC_15491_14__SSC_15491_14__N3C033"	"N2"	"SSC/15491/14"	"SSc-ILD"	"SSC/15491/14"	1	1	8	0	0	0	0	"N5"
"SSC_15491_14__SSC_15491_14__N3C033"	"N3"	"SSC/15491/14"	"SSc-ILD"	"SSC/15491/14"	1	1	8	0	0	0	0	"N5"
"SSC_15491_14__SSC_15491_14__N3C033"	"N4"	"SSC/15491/14"	"SSc-ILD"	"SSC/15491/14"	1	1	8	0	0	0	0	"N5"
"SSC_15491_14__SSC_15491_14__N3C033"	"N5"	"SSC/15491/14"	"SSc-ILD"	"SSC/15491/14"	1	1	8	6	1	0.75	1	"N5"
"SSC_15491_14__SSC_15491_14__N3C033"	"N6"	"SSC/15491/14"	"SSc-ILD"	"SSC/15491/14"	1	1	8	0	0	0	0	"N5"
"SSC_15491_14__SSC_15491_14__N3C033"	"N7"	"SSC/15491/14"	"SSc-ILD"	"SSC/15491/14"	1	1	8	1	1	0.125	1	"N5"
"SSC_15491_14__SSC_15491_14__N3C033"	"N8"	"SSC/15491/14"	"SSc-ILD"	"SSC/15491/14"	1	1	8	1	1	0.125	1	"N5"
"SSC_15491_14__SSC_15491_14__N3C034"	"N1"	"SSC/15491/14"	"SSc-ILD"	"SSC/15491/14"	3	3	20	1	1	0.05	0.333333333333333	"N5"
"SSC_15491_14__SSC_15491_14__N3C034"	"N2"	"SSC/15491/14"	"SSc-ILD"	"SSC/15491/14"	3	3	20	0	0	0	0	"N5"
"SSC_15491_14__SSC_15491_14__N3C034"	"N3"	"SSC/15491/14"	"SSc-ILD"	"SSC/15491/14"	3	3	20	0	0	0	0	"N5"
"SSC_15491_14__SSC_15491_14__N3C034"	"N4"	"SSC/15491/14"	"SSc-ILD"	"SSC/15491/14"	3	3	20	0	0	0	0	"N5"
"SSC_15491_14__SSC_15491_14__N3C034"	"N5"	"SSC/15491/14"	"SSc-ILD"	"SSC/15491/14"	3	3	20	8	3	0.4	1	"N5"
"SSC_15491_14__SSC_15491_14__N3C034"	"N6"	"SSC/15491/14"	"SSc-ILD"	"SSC/15491/14"	3	3	20	4	2	0.2	0.666666666666667	"N5"
"SSC_15491_14__SSC_15491_14__N3C034"	"N7"	"SSC/15491/14"	"SSc-ILD"	"SSC/15491/14"	3	3	20	3	3	0.15	1	"N5"
"SSC_15491_14__SSC_15491_14__N3C034"	"N8"	"SSC/15491/14"	"SSc-ILD"	"SSC/15491/14"	3	3	20	4	2	0.2	0.666666666666667	"N5"
"SSC_15491_14__SSC_15491_14__N3C035"	"N1"	"SSC/15491/14"	"SSc-ILD"	"SSC/15491/14"	1	1	8	1	1	0.125	1	"N5"
"SSC_15491_14__SSC_15491_14__N3C035"	"N2"	"SSC/15491/14"	"SSc-ILD"	"SSC/15491/14"	1	1	8	0	0	0	0	"N5"
"SSC_15491_14__SSC_15491_14__N3C035"	"N3"	"SSC/15491/14"	"SSc-ILD"	"SSC/15491/14"	1	1	8	0	0	0	0	"N5"
"SSC_15491_14__SSC_15491_14__N3C035"	"N4"	"SSC/15491/14"	"SSc-ILD"	"SSC/15491/14"	1	1	8	0	0	0	0	"N5"
"SSC_15491_14__SSC_15491_14__N3C035"	"N5"	"SSC/15491/14"	"SSc-ILD"	"SSC/15491/14"	1	1	8	7	1	0.875	1	"N5"
"SSC_15491_14__SSC_15491_14__N3C035"	"N6"	"SSC/15491/14"	"SSc-ILD"	"SSC/15491/14"	1	1	8	0	0	0	0	"N5"
"SSC_15491_14__SSC_15491_14__N3C035"	"N7"	"SSC/15491/14"	"SSc-ILD"	"SSC/15491/14"	1	1	8	0	0	0	0	"N5"
"SSC_15491_14__SSC_15491_14__N3C035"	"N8"	"SSC/15491/14"	"SSc-ILD"	"SSC/15491/14"	1	1	8	0	0	0	0	"N5"
"SSC_15491_14__SSC_15491_14__N3C036"	"N1"	"SSC/15491/14"	"SSc-ILD"	"SSC/15491/14"	1	1	8	5	1	0.625	1	"N1"
"SSC_15491_14__SSC_15491_14__N3C036"	"N2"	"SSC/15491/14"	"SSc-ILD"	"SSC/15491/14"	1	1	8	0	0	0	0	"N1"
"SSC_15491_14__SSC_15491_14__N3C036"	"N3"	"SSC/15491/14"	"SSc-ILD"	"SSC/15491/14"	1	1	8	0	0	0	0	"N1"
"SSC_15491_14__SSC_15491_14__N3C036"	"N4"	"SSC/15491/14"	"SSc-ILD"	"SSC/15491/14"	1	1	8	0	0	0	0	"N1"
"SSC_15491_14__SSC_15491_14__N3C036"	"N5"	"SSC/15491/14"	"SSc-ILD"	"SSC/15491/14"	1	1	8	0	0	0	0	"N1"
"SSC_15491_14__SSC_15491_14__N3C036"	"N6"	"SSC/15491/14"	"SSc-ILD"	"SSC/15491/14"	1	1	8	1	1	0.125	1	"N1"
"SSC_15491_14__SSC_15491_14__N3C036"	"N7"	"SSC/15491/14"	"SSc-ILD"	"SSC/15491/14"	1	1	8	0	0	0	0	"N1"
"SSC_15491_14__SSC_15491_14__N3C036"	"N8"	"SSC/15491/14"	"SSc-ILD"	"SSC/15491/14"	1	1	8	2	1	0.25	1	"N1"
"SSC_15491_14__SSC_15491_14__N3C037"	"N1"	"SSC/15491/14"	"SSc-ILD"	"SSC/15491/14"	38	37	128	22	13	0.171875	0.351351351351351	"N5"
"SSC_15491_14__SSC_15491_14__N3C037"	"N2"	"SSC/15491/14"	"SSc-ILD"	"SSC/15491/14"	38	37	128	1	1	0.0078125	0.027027027027027	"N5"
"SSC_15491_14__SSC_15491_14__N3C037"	"N3"	"SSC/15491/14"	"SSc-ILD"	"SSC/15491/14"	38	37	128	0	0	0	0	"N5"
"SSC_15491_14__SSC_15491_14__N3C037"	"N4"	"SSC/15491/14"	"SSc-ILD"	"SSC/15491/14"	38	37	128	0	0	0	0	"N5"
"SSC_15491_14__SSC_15491_14__N3C037"	"N5"	"SSC/15491/14"	"SSc-ILD"	"SSC/15491/14"	38	37	128	52	28	0.40625	0.756756756756757	"N5"
"SSC_15491_14__SSC_15491_14__N3C037"	"N6"	"SSC/15491/14"	"SSc-ILD"	"SSC/15491/14"	38	37	128	1	1	0.0078125	0.027027027027027	"N5"
"SSC_15491_14__SSC_15491_14__N3C037"	"N7"	"SSC/15491/14"	"SSc-ILD"	"SSC/15491/14"	38	37	128	11	9	0.0859375	0.243243243243243	"N5"
"SSC_15491_14__SSC_15491_14__N3C037"	"N8"	"SSC/15491/14"	"SSc-ILD"	"SSC/15491/14"	38	37	128	41	25	0.3203125	0.675675675675676	"N5"
"SSC_15491_14__SSC_15491_14__N3C038"	"N1"	"SSC/15491/14"	"SSc-ILD"	"SSC/15491/14"	1	1	8	0	0	0	0	"N5"
"SSC_15491_14__SSC_15491_14__N3C038"	"N2"	"SSC/15491/14"	"SSc-ILD"	"SSC/15491/14"	1	1	8	0	0	0	0	"N5"
"SSC_15491_14__SSC_15491_14__N3C038"	"N3"	"SSC/15491/14"	"SSc-ILD"	"SSC/15491/14"	1	1	8	0	0	0	0	"N5"
"SSC_15491_14__SSC_15491_14__N3C038"	"N4"	"SSC/15491/14"	"SSc-ILD"	"SSC/15491/14"	1	1	8	0	0	0	0	"N5"
"SSC_15491_14__SSC_15491_14__N3C038"	"N5"	"SSC/15491/14"	"SSc-ILD"	"SSC/15491/14"	1	1	8	7	1	0.875	1	"N5"
"SSC_15491_14__SSC_15491_14__N3C038"	"N6"	"SSC/15491/14"	"SSc-ILD"	"SSC/15491/14"	1	1	8	0	0	0	0	"N5"
"SSC_15491_14__SSC_15491_14__N3C038"	"N7"	"SSC/15491/14"	"SSc-ILD"	"SSC/15491/14"	1	1	8	0	0	0	0	"N5"
"SSC_15491_14__SSC_15491_14__N3C038"	"N8"	"SSC/15491/14"	"SSc-ILD"	"SSC/15491/14"	1	1	8	1	1	0.125	1	"N5"
"SSC_15491_14__SSC_15491_14__N3C039"	"N1"	"SSC/15491/14"	"SSc-ILD"	"SSC/15491/14"	1	1	7	0	0	0	0	"N5"
"SSC_15491_14__SSC_15491_14__N3C039"	"N2"	"SSC/15491/14"	"SSc-ILD"	"SSC/15491/14"	1	1	7	0	0	0	0	"N5"
"SSC_15491_14__SSC_15491_14__N3C039"	"N3"	"SSC/15491/14"	"SSc-ILD"	"SSC/15491/14"	1	1	7	0	0	0	0	"N5"
"SSC_15491_14__SSC_15491_14__N3C039"	"N4"	"SSC/15491/14"	"SSc-ILD"	"SSC/15491/14"	1	1	7	0	0	0	0	"N5"
"SSC_15491_14__SSC_15491_14__N3C039"	"N5"	"SSC/15491/14"	"SSc-ILD"	"SSC/15491/14"	1	1	7	4	1	0.571428571428571	1	"N5"
"SSC_15491_14__SSC_15491_14__N3C039"	"N6"	"SSC/15491/14"	"SSc-ILD"	"SSC/15491/14"	1	1	7	0	0	0	0	"N5"
"SSC_15491_14__SSC_15491_14__N3C039"	"N7"	"SSC/15491/14"	"SSc-ILD"	"SSC/15491/14"	1	1	7	0	0	0	0	"N5"
"SSC_15491_14__SSC_15491_14__N3C039"	"N8"	"SSC/15491/14"	"SSc-ILD"	"SSC/15491/14"	1	1	7	3	1	0.428571428571429	1	"N5"
"SSC_15491_14__SSC_15491_14__N3C040"	"N1"	"SSC/15491/14"	"SSc-ILD"	"SSC/15491/14"	1	1	4	0	0	0	0	"N5"
"SSC_15491_14__SSC_15491_14__N3C040"	"N2"	"SSC/15491/14"	"SSc-ILD"	"SSC/15491/14"	1	1	4	0	0	0	0	"N5"
"SSC_15491_14__SSC_15491_14__N3C040"	"N3"	"SSC/15491/14"	"SSc-ILD"	"SSC/15491/14"	1	1	4	0	0	0	0	"N5"
"SSC_15491_14__SSC_15491_14__N3C040"	"N4"	"SSC/15491/14"	"SSc-ILD"	"SSC/15491/14"	1	1	4	0	0	0	0	"N5"
"SSC_15491_14__SSC_15491_14__N3C040"	"N5"	"SSC/15491/14"	"SSc-ILD"	"SSC/15491/14"	1	1	4	4	1	1	1	"N5"
"SSC_15491_14__SSC_15491_14__N3C040"	"N6"	"SSC/15491/14"	"SSc-ILD"	"SSC/15491/14"	1	1	4	0	0	0	0	"N5"
"SSC_15491_14__SSC_15491_14__N3C040"	"N7"	"SSC/15491/14"	"SSc-ILD"	"SSC/15491/14"	1	1	4	0	0	0	0	"N5"
"SSC_15491_14__SSC_15491_14__N3C040"	"N8"	"SSC/15491/14"	"SSc-ILD"	"SSC/15491/14"	1	1	4	0	0	0	0	"N5"
"SSC_15491_14__SSC_15491_14__N3C041"	"N1"	"SSC/15491/14"	"SSc-ILD"	"SSC/15491/14"	1	1	8	4	1	0.5	1	"N1"
"SSC_15491_14__SSC_15491_14__N3C041"	"N2"	"SSC/15491/14"	"SSc-ILD"	"SSC/15491/14"	1	1	8	0	0	0	0	"N1"
"SSC_15491_14__SSC_15491_14__N3C041"	"N3"	"SSC/15491/14"	"SSc-ILD"	"SSC/15491/14"	1	1	8	0	0	0	0	"N1"
"SSC_15491_14__SSC_15491_14__N3C041"	"N4"	"SSC/15491/14"	"SSc-ILD"	"SSC/15491/14"	1	1	8	0	0	0	0	"N1"
"SSC_15491_14__SSC_15491_14__N3C041"	"N5"	"SSC/15491/14"	"SSc-ILD"	"SSC/15491/14"	1	1	8	2	1	0.25	1	"N1"
"SSC_15491_14__SSC_15491_14__N3C041"	"N6"	"SSC/15491/14"	"SSc-ILD"	"SSC/15491/14"	1	1	8	1	1	0.125	1	"N1"
"SSC_15491_14__SSC_15491_14__N3C041"	"N7"	"SSC/15491/14"	"SSc-ILD"	"SSC/15491/14"	1	1	8	1	1	0.125	1	"N1"
"SSC_15491_14__SSC_15491_14__N3C041"	"N8"	"SSC/15491/14"	"SSc-ILD"	"SSC/15491/14"	1	1	8	0	0	0	0	"N1"
"SSC_15491_14__SSC_15491_14__N3C042"	"N1"	"SSC/15491/14"	"SSc-ILD"	"SSC/15491/14"	1	1	7	0	0	0	0	"N8"
"SSC_15491_14__SSC_15491_14__N3C042"	"N2"	"SSC/15491/14"	"SSc-ILD"	"SSC/15491/14"	1	1	7	0	0	0	0	"N8"
"SSC_15491_14__SSC_15491_14__N3C042"	"N3"	"SSC/15491/14"	"SSc-ILD"	"SSC/15491/14"	1	1	7	0	0	0	0	"N8"
"SSC_15491_14__SSC_15491_14__N3C042"	"N4"	"SSC/15491/14"	"SSc-ILD"	"SSC/15491/14"	1	1	7	0	0	0	0	"N8"
"SSC_15491_14__SSC_15491_14__N3C042"	"N5"	"SSC/15491/14"	"SSc-ILD"	"SSC/15491/14"	1	1	7	1	1	0.142857142857143	1	"N8"
"SSC_15491_14__SSC_15491_14__N3C042"	"N6"	"SSC/15491/14"	"SSc-ILD"	"SSC/15491/14"	1	1	7	0	0	0	0	"N8"
"SSC_15491_14__SSC_15491_14__N3C042"	"N7"	"SSC/15491/14"	"SSc-ILD"	"SSC/15491/14"	1	1	7	0	0	0	0	"N8"
"SSC_15491_14__SSC_15491_14__N3C042"	"N8"	"SSC/15491/14"	"SSc-ILD"	"SSC/15491/14"	1	1	7	6	1	0.857142857142857	1	"N8"
"SSC_15491_14__SSC_15491_14__N3C043"	"N1"	"SSC/15491/14"	"SSc-ILD"	"SSC/15491/14"	1	1	4	0	0	0	0	"N8"
"SSC_15491_14__SSC_15491_14__N3C043"	"N2"	"SSC/15491/14"	"SSc-ILD"	"SSC/15491/14"	1	1	4	0	0	0	0	"N8"
"SSC_15491_14__SSC_15491_14__N3C043"	"N3"	"SSC/15491/14"	"SSc-ILD"	"SSC/15491/14"	1	1	4	0	0	0	0	"N8"
"SSC_15491_14__SSC_15491_14__N3C043"	"N4"	"SSC/15491/14"	"SSc-ILD"	"SSC/15491/14"	1	1	4	0	0	0	0	"N8"
"SSC_15491_14__SSC_15491_14__N3C043"	"N5"	"SSC/15491/14"	"SSc-ILD"	"SSC/15491/14"	1	1	4	0	0	0	0	"N8"
"SSC_15491_14__SSC_15491_14__N3C043"	"N6"	"SSC/15491/14"	"SSc-ILD"	"SSC/15491/14"	1	1	4	0	0	0	0	"N8"
"SSC_15491_14__SSC_15491_14__N3C043"	"N7"	"SSC/15491/14"	"SSc-ILD"	"SSC/15491/14"	1	1	4	0	0	0	0	"N8"
"SSC_15491_14__SSC_15491_14__N3C043"	"N8"	"SSC/15491/14"	"SSc-ILD"	"SSC/15491/14"	1	1	4	4	1	1	1	"N8"
"SSC_15491_14__SSC_15491_14__N3C044"	"N1"	"SSC/15491/14"	"SSc-ILD"	"SSC/15491/14"	1	1	8	2	1	0.25	1	"N5"
"SSC_15491_14__SSC_15491_14__N3C044"	"N2"	"SSC/15491/14"	"SSc-ILD"	"SSC/15491/14"	1	1	8	0	0	0	0	"N5"
"SSC_15491_14__SSC_15491_14__N3C044"	"N3"	"SSC/15491/14"	"SSc-ILD"	"SSC/15491/14"	1	1	8	0	0	0	0	"N5"
"SSC_15491_14__SSC_15491_14__N3C044"	"N4"	"SSC/15491/14"	"SSc-ILD"	"SSC/15491/14"	1	1	8	0	0	0	0	"N5"
"SSC_15491_14__SSC_15491_14__N3C044"	"N5"	"SSC/15491/14"	"SSc-ILD"	"SSC/15491/14"	1	1	8	4	1	0.5	1	"N5"
"SSC_15491_14__SSC_15491_14__N3C044"	"N6"	"SSC/15491/14"	"SSc-ILD"	"SSC/15491/14"	1	1	8	0	0	0	0	"N5"
"SSC_15491_14__SSC_15491_14__N3C044"	"N7"	"SSC/15491/14"	"SSc-ILD"	"SSC/15491/14"	1	1	8	1	1	0.125	1	"N5"
"SSC_15491_14__SSC_15491_14__N3C044"	"N8"	"SSC/15491/14"	"SSc-ILD"	"SSC/15491/14"	1	1	8	1	1	0.125	1	"N5"
"SSC_15491_14__SSC_15491_14__N3C045"	"N1"	"SSC/15491/14"	"SSc-ILD"	"SSC/15491/14"	1	1	8	0	0	0	0	"N8"
"SSC_15491_14__SSC_15491_14__N3C045"	"N2"	"SSC/15491/14"	"SSc-ILD"	"SSC/15491/14"	1	1	8	0	0	0	0	"N8"
"SSC_15491_14__SSC_15491_14__N3C045"	"N3"	"SSC/15491/14"	"SSc-ILD"	"SSC/15491/14"	1	1	8	0	0	0	0	"N8"
"SSC_15491_14__SSC_15491_14__N3C045"	"N4"	"SSC/15491/14"	"SSc-ILD"	"SSC/15491/14"	1	1	8	1	1	0.125	1	"N8"
"SSC_15491_14__SSC_15491_14__N3C045"	"N5"	"SSC/15491/14"	"SSc-ILD"	"SSC/15491/14"	1	1	8	2	1	0.25	1	"N8"
"SSC_15491_14__SSC_15491_14__N3C045"	"N6"	"SSC/15491/14"	"SSc-ILD"	"SSC/15491/14"	1	1	8	1	1	0.125	1	"N8"
"SSC_15491_14__SSC_15491_14__N3C045"	"N7"	"SSC/15491/14"	"SSc-ILD"	"SSC/15491/14"	1	1	8	0	0	0	0	"N8"
"SSC_15491_14__SSC_15491_14__N3C045"	"N8"	"SSC/15491/14"	"SSc-ILD"	"SSC/15491/14"	1	1	8	4	1	0.5	1	"N8"
"SSC_15491_14__SSC_15491_14__N3C046"	"N1"	"SSC/15491/14"	"SSc-ILD"	"SSC/15491/14"	2	2	10	3	2	0.3	1	"N1; N5; N8"
"SSC_15491_14__SSC_15491_14__N3C046"	"N2"	"SSC/15491/14"	"SSc-ILD"	"SSC/15491/14"	2	2	10	0	0	0	0	"N1; N5; N8"
"SSC_15491_14__SSC_15491_14__N3C046"	"N3"	"SSC/15491/14"	"SSc-ILD"	"SSC/15491/14"	2	2	10	0	0	0	0	"N1; N5; N8"
"SSC_15491_14__SSC_15491_14__N3C046"	"N4"	"SSC/15491/14"	"SSc-ILD"	"SSC/15491/14"	2	2	10	0	0	0	0	"N1; N5; N8"
"SSC_15491_14__SSC_15491_14__N3C046"	"N5"	"SSC/15491/14"	"SSc-ILD"	"SSC/15491/14"	2	2	10	3	2	0.3	1	"N1; N5; N8"
"SSC_15491_14__SSC_15491_14__N3C046"	"N6"	"SSC/15491/14"	"SSc-ILD"	"SSC/15491/14"	2	2	10	0	0	0	0	"N1; N5; N8"
"SSC_15491_14__SSC_15491_14__N3C046"	"N7"	"SSC/15491/14"	"SSc-ILD"	"SSC/15491/14"	2	2	10	1	1	0.1	0.5	"N1; N5; N8"
"SSC_15491_14__SSC_15491_14__N3C046"	"N8"	"SSC/15491/14"	"SSc-ILD"	"SSC/15491/14"	2	2	10	3	2	0.3	1	"N1; N5; N8"
"SSC_15491_14__SSC_15491_14__N3C047"	"N1"	"SSC/15491/14"	"SSc-ILD"	"SSC/15491/14"	2	2	12	2	1	0.166666666666667	0.5	"N8"
"SSC_15491_14__SSC_15491_14__N3C047"	"N2"	"SSC/15491/14"	"SSc-ILD"	"SSC/15491/14"	2	2	12	0	0	0	0	"N8"
"SSC_15491_14__SSC_15491_14__N3C047"	"N3"	"SSC/15491/14"	"SSc-ILD"	"SSC/15491/14"	2	2	12	0	0	0	0	"N8"
"SSC_15491_14__SSC_15491_14__N3C047"	"N4"	"SSC/15491/14"	"SSc-ILD"	"SSC/15491/14"	2	2	12	0	0	0	0	"N8"
"SSC_15491_14__SSC_15491_14__N3C047"	"N5"	"SSC/15491/14"	"SSc-ILD"	"SSC/15491/14"	2	2	12	4	2	0.333333333333333	1	"N8"
"SSC_15491_14__SSC_15491_14__N3C047"	"N6"	"SSC/15491/14"	"SSc-ILD"	"SSC/15491/14"	2	2	12	0	0	0	0	"N8"
"SSC_15491_14__SSC_15491_14__N3C047"	"N7"	"SSC/15491/14"	"SSc-ILD"	"SSC/15491/14"	2	2	12	0	0	0	0	"N8"
"SSC_15491_14__SSC_15491_14__N3C047"	"N8"	"SSC/15491/14"	"SSc-ILD"	"SSC/15491/14"	2	2	12	6	2	0.5	1	"N8"
"SSC_15491_14__SSC_15491_14__N3C048"	"N1"	"SSC/15491/14"	"SSc-ILD"	"SSC/15491/14"	1	1	8	3	1	0.375	1	"N1; N8"
"SSC_15491_14__SSC_15491_14__N3C048"	"N2"	"SSC/15491/14"	"SSc-ILD"	"SSC/15491/14"	1	1	8	0	0	0	0	"N1; N8"
"SSC_15491_14__SSC_15491_14__N3C048"	"N3"	"SSC/15491/14"	"SSc-ILD"	"SSC/15491/14"	1	1	8	0	0	0	0	"N1; N8"
"SSC_15491_14__SSC_15491_14__N3C048"	"N4"	"SSC/15491/14"	"SSc-ILD"	"SSC/15491/14"	1	1	8	0	0	0	0	"N1; N8"
"SSC_15491_14__SSC_15491_14__N3C048"	"N5"	"SSC/15491/14"	"SSc-ILD"	"SSC/15491/14"	1	1	8	1	1	0.125	1	"N1; N8"
"SSC_15491_14__SSC_15491_14__N3C048"	"N6"	"SSC/15491/14"	"SSc-ILD"	"SSC/15491/14"	1	1	8	0	0	0	0	"N1; N8"
"SSC_15491_14__SSC_15491_14__N3C048"	"N7"	"SSC/15491/14"	"SSc-ILD"	"SSC/15491/14"	1	1	8	1	1	0.125	1	"N1; N8"
"SSC_15491_14__SSC_15491_14__N3C048"	"N8"	"SSC/15491/14"	"SSc-ILD"	"SSC/15491/14"	1	1	8	3	1	0.375	1	"N1; N8"
"SSC_15491_14__SSC_15491_14__N3C049"	"N1"	"SSC/15491/14"	"SSc-ILD"	"SSC/15491/14"	34	34	172	59	30	0.343023255813954	0.882352941176471	"N1"
"SSC_15491_14__SSC_15491_14__N3C049"	"N2"	"SSC/15491/14"	"SSc-ILD"	"SSC/15491/14"	34	34	172	1	1	0.00581395348837209	0.0294117647058824	"N1"
"SSC_15491_14__SSC_15491_14__N3C049"	"N3"	"SSC/15491/14"	"SSc-ILD"	"SSC/15491/14"	34	34	172	0	0	0	0	"N1"
"SSC_15491_14__SSC_15491_14__N3C049"	"N4"	"SSC/15491/14"	"SSc-ILD"	"SSC/15491/14"	34	34	172	2	2	0.0116279069767442	0.0588235294117647	"N1"
"SSC_15491_14__SSC_15491_14__N3C049"	"N5"	"SSC/15491/14"	"SSc-ILD"	"SSC/15491/14"	34	34	172	41	24	0.238372093023256	0.705882352941177	"N1"
"SSC_15491_14__SSC_15491_14__N3C049"	"N6"	"SSC/15491/14"	"SSc-ILD"	"SSC/15491/14"	34	34	172	3	3	0.0174418604651163	0.0882352941176471	"N1"
"SSC_15491_14__SSC_15491_14__N3C049"	"N7"	"SSC/15491/14"	"SSc-ILD"	"SSC/15491/14"	34	34	172	31	20	0.180232558139535	0.588235294117647	"N1"
"SSC_15491_14__SSC_15491_14__N3C049"	"N8"	"SSC/15491/14"	"SSc-ILD"	"SSC/15491/14"	34	34	172	35	21	0.203488372093023	0.617647058823529	"N1"
"SSC_15491_14__SSC_15491_14__N3C050"	"N1"	"SSC/15491/14"	"SSc-ILD"	"SSC/15491/14"	1	1	4	0	0	0	0	"N7"
"SSC_15491_14__SSC_15491_14__N3C050"	"N2"	"SSC/15491/14"	"SSc-ILD"	"SSC/15491/14"	1	1	4	0	0	0	0	"N7"
"SSC_15491_14__SSC_15491_14__N3C050"	"N3"	"SSC/15491/14"	"SSc-ILD"	"SSC/15491/14"	1	1	4	0	0	0	0	"N7"
"SSC_15491_14__SSC_15491_14__N3C050"	"N4"	"SSC/15491/14"	"SSc-ILD"	"SSC/15491/14"	1	1	4	0	0	0	0	"N7"
"SSC_15491_14__SSC_15491_14__N3C050"	"N5"	"SSC/15491/14"	"SSc-ILD"	"SSC/15491/14"	1	1	4	1	1	0.25	1	"N7"
"SSC_15491_14__SSC_15491_14__N3C050"	"N6"	"SSC/15491/14"	"SSc-ILD"	"SSC/15491/14"	1	1	4	1	1	0.25	1	"N7"
"SSC_15491_14__SSC_15491_14__N3C050"	"N7"	"SSC/15491/14"	"SSc-ILD"	"SSC/15491/14"	1	1	4	2	1	0.5	1	"N7"
"SSC_15491_14__SSC_15491_14__N3C050"	"N8"	"SSC/15491/14"	"SSc-ILD"	"SSC/15491/14"	1	1	4	0	0	0	0	"N7"
"SSC_15491_14__SSC_15491_14__N3C051"	"N1"	"SSC/15491/14"	"SSc-ILD"	"SSC/15491/14"	31	30	106	23	15	0.216981132075472	0.5	"N7"
"SSC_15491_14__SSC_15491_14__N3C051"	"N2"	"SSC/15491/14"	"SSc-ILD"	"SSC/15491/14"	31	30	106	1	1	0.00943396226415094	0.0333333333333333	"N7"
"SSC_15491_14__SSC_15491_14__N3C051"	"N3"	"SSC/15491/14"	"SSc-ILD"	"SSC/15491/14"	31	30	106	0	0	0	0	"N7"
"SSC_15491_14__SSC_15491_14__N3C051"	"N4"	"SSC/15491/14"	"SSc-ILD"	"SSC/15491/14"	31	30	106	0	0	0	0	"N7"
"SSC_15491_14__SSC_15491_14__N3C051"	"N5"	"SSC/15491/14"	"SSc-ILD"	"SSC/15491/14"	31	30	106	20	12	0.188679245283019	0.4	"N7"
"SSC_15491_14__SSC_15491_14__N3C051"	"N6"	"SSC/15491/14"	"SSc-ILD"	"SSC/15491/14"	31	30	106	7	7	0.0660377358490566	0.233333333333333	"N7"
"SSC_15491_14__SSC_15491_14__N3C051"	"N7"	"SSC/15491/14"	"SSc-ILD"	"SSC/15491/14"	31	30	106	36	20	0.339622641509434	0.666666666666667	"N7"
"SSC_15491_14__SSC_15491_14__N3C051"	"N8"	"SSC/15491/14"	"SSc-ILD"	"SSC/15491/14"	31	30	106	19	11	0.179245283018868	0.366666666666667	"N7"
"SSC_15491_14__SSC_15491_14__N3C052"	"N1"	"SSC/15491/14"	"SSc-ILD"	"SSC/15491/14"	1	1	8	1	1	0.125	1	"N8"
"SSC_15491_14__SSC_15491_14__N3C052"	"N2"	"SSC/15491/14"	"SSc-ILD"	"SSC/15491/14"	1	1	8	0	0	0	0	"N8"
"SSC_15491_14__SSC_15491_14__N3C052"	"N3"	"SSC/15491/14"	"SSc-ILD"	"SSC/15491/14"	1	1	8	0	0	0	0	"N8"
"SSC_15491_14__SSC_15491_14__N3C052"	"N4"	"SSC/15491/14"	"SSc-ILD"	"SSC/15491/14"	1	1	8	0	0	0	0	"N8"
"SSC_15491_14__SSC_15491_14__N3C052"	"N5"	"SSC/15491/14"	"SSc-ILD"	"SSC/15491/14"	1	1	8	2	1	0.25	1	"N8"
"SSC_15491_14__SSC_15491_14__N3C052"	"N6"	"SSC/15491/14"	"SSc-ILD"	"SSC/15491/14"	1	1	8	2	1	0.25	1	"N8"
"SSC_15491_14__SSC_15491_14__N3C052"	"N7"	"SSC/15491/14"	"SSc-ILD"	"SSC/15491/14"	1	1	8	0	0	0	0	"N8"
"SSC_15491_14__SSC_15491_14__N3C052"	"N8"	"SSC/15491/14"	"SSc-ILD"	"SSC/15491/14"	1	1	8	3	1	0.375	1	"N8"
"SSC_15491_14__SSC_15491_14__N3C053"	"N1"	"SSC/15491/14"	"SSc-ILD"	"SSC/15491/14"	1	1	8	1	1	0.125	1	"N5"
"SSC_15491_14__SSC_15491_14__N3C053"	"N2"	"SSC/15491/14"	"SSc-ILD"	"SSC/15491/14"	1	1	8	0	0	0	0	"N5"
"SSC_15491_14__SSC_15491_14__N3C053"	"N3"	"SSC/15491/14"	"SSc-ILD"	"SSC/15491/14"	1	1	8	0	0	0	0	"N5"
"SSC_15491_14__SSC_15491_14__N3C053"	"N4"	"SSC/15491/14"	"SSc-ILD"	"SSC/15491/14"	1	1	8	0	0	0	0	"N5"
"SSC_15491_14__SSC_15491_14__N3C053"	"N5"	"SSC/15491/14"	"SSc-ILD"	"SSC/15491/14"	1	1	8	5	1	0.625	1	"N5"
"SSC_15491_14__SSC_15491_14__N3C053"	"N6"	"SSC/15491/14"	"SSc-ILD"	"SSC/15491/14"	1	1	8	0	0	0	0	"N5"
"SSC_15491_14__SSC_15491_14__N3C053"	"N7"	"SSC/15491/14"	"SSc-ILD"	"SSC/15491/14"	1	1	8	1	1	0.125	1	"N5"
"SSC_15491_14__SSC_15491_14__N3C053"	"N8"	"SSC/15491/14"	"SSc-ILD"	"SSC/15491/14"	1	1	8	1	1	0.125	1	"N5"
"SSC_15491_14__SSC_15491_14__N3C054"	"N1"	"SSC/15491/14"	"SSc-ILD"	"SSC/15491/14"	4	4	26	1	1	0.0384615384615385	0.25	"N5"
"SSC_15491_14__SSC_15491_14__N3C054"	"N2"	"SSC/15491/14"	"SSc-ILD"	"SSC/15491/14"	4	4	26	0	0	0	0	"N5"
"SSC_15491_14__SSC_15491_14__N3C054"	"N3"	"SSC/15491/14"	"SSc-ILD"	"SSC/15491/14"	4	4	26	0	0	0	0	"N5"
"SSC_15491_14__SSC_15491_14__N3C054"	"N4"	"SSC/15491/14"	"SSc-ILD"	"SSC/15491/14"	4	4	26	0	0	0	0	"N5"
"SSC_15491_14__SSC_15491_14__N3C054"	"N5"	"SSC/15491/14"	"SSc-ILD"	"SSC/15491/14"	4	4	26	16	4	0.615384615384615	1	"N5"
"SSC_15491_14__SSC_15491_14__N3C054"	"N6"	"SSC/15491/14"	"SSc-ILD"	"SSC/15491/14"	4	4	26	3	3	0.115384615384615	0.75	"N5"
"SSC_15491_14__SSC_15491_14__N3C054"	"N7"	"SSC/15491/14"	"SSc-ILD"	"SSC/15491/14"	4	4	26	4	3	0.153846153846154	0.75	"N5"
"SSC_15491_14__SSC_15491_14__N3C054"	"N8"	"SSC/15491/14"	"SSc-ILD"	"SSC/15491/14"	4	4	26	2	1	0.0769230769230769	0.25	"N5"
"SSC_15491_14__SSC_15491_14__N3C055"	"N1"	"SSC/15491/14"	"SSc-ILD"	"SSC/15491/14"	1	1	8	1	1	0.125	1	"N5; N7"
"SSC_15491_14__SSC_15491_14__N3C055"	"N2"	"SSC/15491/14"	"SSc-ILD"	"SSC/15491/14"	1	1	8	0	0	0	0	"N5; N7"
"SSC_15491_14__SSC_15491_14__N3C055"	"N3"	"SSC/15491/14"	"SSc-ILD"	"SSC/15491/14"	1	1	8	0	0	0	0	"N5; N7"
"SSC_15491_14__SSC_15491_14__N3C055"	"N4"	"SSC/15491/14"	"SSc-ILD"	"SSC/15491/14"	1	1	8	1	1	0.125	1	"N5; N7"
"SSC_15491_14__SSC_15491_14__N3C055"	"N5"	"SSC/15491/14"	"SSc-ILD"	"SSC/15491/14"	1	1	8	2	1	0.25	1	"N5; N7"
"SSC_15491_14__SSC_15491_14__N3C055"	"N6"	"SSC/15491/14"	"SSc-ILD"	"SSC/15491/14"	1	1	8	1	1	0.125	1	"N5; N7"
"SSC_15491_14__SSC_15491_14__N3C055"	"N7"	"SSC/15491/14"	"SSc-ILD"	"SSC/15491/14"	1	1	8	2	1	0.25	1	"N5; N7"
"SSC_15491_14__SSC_15491_14__N3C055"	"N8"	"SSC/15491/14"	"SSc-ILD"	"SSC/15491/14"	1	1	8	1	1	0.125	1	"N5; N7"
"SSC_15491_14__SSC_15491_14__N3C056"	"N1"	"SSC/15491/14"	"SSc-ILD"	"SSC/15491/14"	1	1	8	2	1	0.25	1	"N7"
"SSC_15491_14__SSC_15491_14__N3C056"	"N2"	"SSC/15491/14"	"SSc-ILD"	"SSC/15491/14"	1	1	8	1	1	0.125	1	"N7"
"SSC_15491_14__SSC_15491_14__N3C056"	"N3"	"SSC/15491/14"	"SSc-ILD"	"SSC/15491/14"	1	1	8	0	0	0	0	"N7"
"SSC_15491_14__SSC_15491_14__N3C056"	"N4"	"SSC/15491/14"	"SSc-ILD"	"SSC/15491/14"	1	1	8	0	0	0	0	"N7"
"SSC_15491_14__SSC_15491_14__N3C056"	"N5"	"SSC/15491/14"	"SSc-ILD"	"SSC/15491/14"	1	1	8	2	1	0.25	1	"N7"
"SSC_15491_14__SSC_15491_14__N3C056"	"N6"	"SSC/15491/14"	"SSc-ILD"	"SSC/15491/14"	1	1	8	0	0	0	0	"N7"
"SSC_15491_14__SSC_15491_14__N3C056"	"N7"	"SSC/15491/14"	"SSc-ILD"	"SSC/15491/14"	1	1	8	3	1	0.375	1	"N7"
"SSC_15491_14__SSC_15491_14__N3C056"	"N8"	"SSC/15491/14"	"SSc-ILD"	"SSC/15491/14"	1	1	8	0	0	0	0	"N7"
"SSC_15491_14__SSC_15491_14__N3C057"	"N1"	"SSC/15491/14"	"SSc-ILD"	"SSC/15491/14"	1	1	8	2	1	0.25	1	"N6"
"SSC_15491_14__SSC_15491_14__N3C057"	"N2"	"SSC/15491/14"	"SSc-ILD"	"SSC/15491/14"	1	1	8	0	0	0	0	"N6"
"SSC_15491_14__SSC_15491_14__N3C057"	"N3"	"SSC/15491/14"	"SSc-ILD"	"SSC/15491/14"	1	1	8	0	0	0	0	"N6"
"SSC_15491_14__SSC_15491_14__N3C057"	"N4"	"SSC/15491/14"	"SSc-ILD"	"SSC/15491/14"	1	1	8	0	0	0	0	"N6"
"SSC_15491_14__SSC_15491_14__N3C057"	"N5"	"SSC/15491/14"	"SSc-ILD"	"SSC/15491/14"	1	1	8	2	1	0.25	1	"N6"
"SSC_15491_14__SSC_15491_14__N3C057"	"N6"	"SSC/15491/14"	"SSc-ILD"	"SSC/15491/14"	1	1	8	3	1	0.375	1	"N6"
"SSC_15491_14__SSC_15491_14__N3C057"	"N7"	"SSC/15491/14"	"SSc-ILD"	"SSC/15491/14"	1	1	8	1	1	0.125	1	"N6"
"SSC_15491_14__SSC_15491_14__N3C057"	"N8"	"SSC/15491/14"	"SSc-ILD"	"SSC/15491/14"	1	1	8	0	0	0	0	"N6"
"SSC_15491_14__SSC_15491_14__N3C058"	"N1"	"SSC/15491/14"	"SSc-ILD"	"SSC/15491/14"	1	1	4	0	0	0	0	"N5"
"SSC_15491_14__SSC_15491_14__N3C058"	"N2"	"SSC/15491/14"	"SSc-ILD"	"SSC/15491/14"	1	1	4	0	0	0	0	"N5"
"SSC_15491_14__SSC_15491_14__N3C058"	"N3"	"SSC/15491/14"	"SSc-ILD"	"SSC/15491/14"	1	1	4	0	0	0	0	"N5"
"SSC_15491_14__SSC_15491_14__N3C058"	"N4"	"SSC/15491/14"	"SSc-ILD"	"SSC/15491/14"	1	1	4	0	0	0	0	"N5"
"SSC_15491_14__SSC_15491_14__N3C058"	"N5"	"SSC/15491/14"	"SSc-ILD"	"SSC/15491/14"	1	1	4	2	1	0.5	1	"N5"
"SSC_15491_14__SSC_15491_14__N3C058"	"N6"	"SSC/15491/14"	"SSc-ILD"	"SSC/15491/14"	1	1	4	0	0	0	0	"N5"
"SSC_15491_14__SSC_15491_14__N3C058"	"N7"	"SSC/15491/14"	"SSc-ILD"	"SSC/15491/14"	1	1	4	1	1	0.25	1	"N5"
"SSC_15491_14__SSC_15491_14__N3C058"	"N8"	"SSC/15491/14"	"SSc-ILD"	"SSC/15491/14"	1	1	4	1	1	0.25	1	"N5"
"SSC_15491_14__SSC_15491_14__N3C059"	"N1"	"SSC/15491/14"	"SSc-ILD"	"SSC/15491/14"	4	4	21	1	1	0.0476190476190476	0.25	"N5"
"SSC_15491_14__SSC_15491_14__N3C059"	"N2"	"SSC/15491/14"	"SSc-ILD"	"SSC/15491/14"	4	4	21	0	0	0	0	"N5"
"SSC_15491_14__SSC_15491_14__N3C059"	"N3"	"SSC/15491/14"	"SSc-ILD"	"SSC/15491/14"	4	4	21	0	0	0	0	"N5"
"SSC_15491_14__SSC_15491_14__N3C059"	"N4"	"SSC/15491/14"	"SSc-ILD"	"SSC/15491/14"	4	4	21	0	0	0	0	"N5"
"SSC_15491_14__SSC_15491_14__N3C059"	"N5"	"SSC/15491/14"	"SSc-ILD"	"SSC/15491/14"	4	4	21	15	4	0.714285714285714	1	"N5"
"SSC_15491_14__SSC_15491_14__N3C059"	"N6"	"SSC/15491/14"	"SSc-ILD"	"SSC/15491/14"	4	4	21	1	1	0.0476190476190476	0.25	"N5"
"SSC_15491_14__SSC_15491_14__N3C059"	"N7"	"SSC/15491/14"	"SSc-ILD"	"SSC/15491/14"	4	4	21	1	1	0.0476190476190476	0.25	"N5"
"SSC_15491_14__SSC_15491_14__N3C059"	"N8"	"SSC/15491/14"	"SSc-ILD"	"SSC/15491/14"	4	4	21	3	2	0.142857142857143	0.5	"N5"
"SSC_15491_14__SSC_15491_14__N3C060"	"N1"	"SSC/15491/14"	"SSc-ILD"	"SSC/15491/14"	20	20	89	19	10	0.213483146067416	0.5	"N8"
"SSC_15491_14__SSC_15491_14__N3C060"	"N2"	"SSC/15491/14"	"SSc-ILD"	"SSC/15491/14"	20	20	89	0	0	0	0	"N8"
"SSC_15491_14__SSC_15491_14__N3C060"	"N3"	"SSC/15491/14"	"SSc-ILD"	"SSC/15491/14"	20	20	89	0	0	0	0	"N8"
"SSC_15491_14__SSC_15491_14__N3C060"	"N4"	"SSC/15491/14"	"SSc-ILD"	"SSC/15491/14"	20	20	89	0	0	0	0	"N8"
"SSC_15491_14__SSC_15491_14__N3C060"	"N5"	"SSC/15491/14"	"SSc-ILD"	"SSC/15491/14"	20	20	89	27	14	0.303370786516854	0.7	"N8"
"SSC_15491_14__SSC_15491_14__N3C060"	"N6"	"SSC/15491/14"	"SSc-ILD"	"SSC/15491/14"	20	20	89	0	0	0	0	"N8"
"SSC_15491_14__SSC_15491_14__N3C060"	"N7"	"SSC/15491/14"	"SSc-ILD"	"SSC/15491/14"	20	20	89	7	6	0.0786516853932584	0.3	"N8"
"SSC_15491_14__SSC_15491_14__N3C060"	"N8"	"SSC/15491/14"	"SSc-ILD"	"SSC/15491/14"	20	20	89	36	16	0.404494382022472	0.8	"N8"
"SSC_15491_14__SSC_15491_14__N3C061"	"N1"	"SSC/15491/14"	"SSc-ILD"	"SSC/15491/14"	5	5	30	11	3	0.366666666666667	0.6	"N5"
"SSC_15491_14__SSC_15491_14__N3C061"	"N2"	"SSC/15491/14"	"SSc-ILD"	"SSC/15491/14"	5	5	30	0	0	0	0	"N5"
"SSC_15491_14__SSC_15491_14__N3C061"	"N3"	"SSC/15491/14"	"SSc-ILD"	"SSC/15491/14"	5	5	30	0	0	0	0	"N5"
"SSC_15491_14__SSC_15491_14__N3C061"	"N4"	"SSC/15491/14"	"SSc-ILD"	"SSC/15491/14"	5	5	30	0	0	0	0	"N5"
"SSC_15491_14__SSC_15491_14__N3C061"	"N5"	"SSC/15491/14"	"SSc-ILD"	"SSC/15491/14"	5	5	30	12	4	0.4	0.8	"N5"
"SSC_15491_14__SSC_15491_14__N3C061"	"N6"	"SSC/15491/14"	"SSc-ILD"	"SSC/15491/14"	5	5	30	1	1	0.0333333333333333	0.2	"N5"
"SSC_15491_14__SSC_15491_14__N3C061"	"N7"	"SSC/15491/14"	"SSc-ILD"	"SSC/15491/14"	5	5	30	6	3	0.2	0.6	"N5"
"SSC_15491_14__SSC_15491_14__N3C061"	"N8"	"SSC/15491/14"	"SSc-ILD"	"SSC/15491/14"	5	5	30	0	0	0	0	"N5"
"SSC_15491_14__SSC_15491_14__N3C062"	"N1"	"SSC/15491/14"	"SSc-ILD"	"SSC/15491/14"	6	6	36	11	4	0.305555555555556	0.666666666666667	"N5"
"SSC_15491_14__SSC_15491_14__N3C062"	"N2"	"SSC/15491/14"	"SSc-ILD"	"SSC/15491/14"	6	6	36	0	0	0	0	"N5"
"SSC_15491_14__SSC_15491_14__N3C062"	"N3"	"SSC/15491/14"	"SSc-ILD"	"SSC/15491/14"	6	6	36	0	0	0	0	"N5"
"SSC_15491_14__SSC_15491_14__N3C062"	"N4"	"SSC/15491/14"	"SSc-ILD"	"SSC/15491/14"	6	6	36	0	0	0	0	"N5"
"SSC_15491_14__SSC_15491_14__N3C062"	"N5"	"SSC/15491/14"	"SSc-ILD"	"SSC/15491/14"	6	6	36	18	6	0.5	1	"N5"
"SSC_15491_14__SSC_15491_14__N3C062"	"N6"	"SSC/15491/14"	"SSc-ILD"	"SSC/15491/14"	6	6	36	0	0	0	0	"N5"
"SSC_15491_14__SSC_15491_14__N3C062"	"N7"	"SSC/15491/14"	"SSc-ILD"	"SSC/15491/14"	6	6	36	6	3	0.166666666666667	0.5	"N5"
"SSC_15491_14__SSC_15491_14__N3C062"	"N8"	"SSC/15491/14"	"SSc-ILD"	"SSC/15491/14"	6	6	36	1	1	0.0277777777777778	0.166666666666667	"N5"
"SSC_15491_14__SSC_15491_14__N3C063"	"N1"	"SSC/15491/14"	"SSc-ILD"	"SSC/15491/14"	1	1	8	7	1	0.875	1	"N1"
"SSC_15491_14__SSC_15491_14__N3C063"	"N2"	"SSC/15491/14"	"SSc-ILD"	"SSC/15491/14"	1	1	8	0	0	0	0	"N1"
"SSC_15491_14__SSC_15491_14__N3C063"	"N3"	"SSC/15491/14"	"SSc-ILD"	"SSC/15491/14"	1	1	8	0	0	0	0	"N1"
"SSC_15491_14__SSC_15491_14__N3C063"	"N4"	"SSC/15491/14"	"SSc-ILD"	"SSC/15491/14"	1	1	8	0	0	0	0	"N1"
"SSC_15491_14__SSC_15491_14__N3C063"	"N5"	"SSC/15491/14"	"SSc-ILD"	"SSC/15491/14"	1	1	8	0	0	0	0	"N1"
"SSC_15491_14__SSC_15491_14__N3C063"	"N6"	"SSC/15491/14"	"SSc-ILD"	"SSC/15491/14"	1	1	8	1	1	0.125	1	"N1"
"SSC_15491_14__SSC_15491_14__N3C063"	"N7"	"SSC/15491/14"	"SSc-ILD"	"SSC/15491/14"	1	1	8	0	0	0	0	"N1"
"SSC_15491_14__SSC_15491_14__N3C063"	"N8"	"SSC/15491/14"	"SSc-ILD"	"SSC/15491/14"	1	1	8	0	0	0	0	"N1"
"SSC_15491_14__SSC_15491_14__N3C064"	"N1"	"SSC/15491/14"	"SSc-ILD"	"SSC/15491/14"	1	1	7	3	1	0.428571428571429	1	"N1; N5"
"SSC_15491_14__SSC_15491_14__N3C064"	"N2"	"SSC/15491/14"	"SSc-ILD"	"SSC/15491/14"	1	1	7	0	0	0	0	"N1; N5"
"SSC_15491_14__SSC_15491_14__N3C064"	"N3"	"SSC/15491/14"	"SSc-ILD"	"SSC/15491/14"	1	1	7	0	0	0	0	"N1; N5"
"SSC_15491_14__SSC_15491_14__N3C064"	"N4"	"SSC/15491/14"	"SSc-ILD"	"SSC/15491/14"	1	1	7	0	0	0	0	"N1; N5"
"SSC_15491_14__SSC_15491_14__N3C064"	"N5"	"SSC/15491/14"	"SSc-ILD"	"SSC/15491/14"	1	1	7	3	1	0.428571428571429	1	"N1; N5"
"SSC_15491_14__SSC_15491_14__N3C064"	"N6"	"SSC/15491/14"	"SSc-ILD"	"SSC/15491/14"	1	1	7	0	0	0	0	"N1; N5"
"SSC_15491_14__SSC_15491_14__N3C064"	"N7"	"SSC/15491/14"	"SSc-ILD"	"SSC/15491/14"	1	1	7	0	0	0	0	"N1; N5"
"SSC_15491_14__SSC_15491_14__N3C064"	"N8"	"SSC/15491/14"	"SSc-ILD"	"SSC/15491/14"	1	1	7	1	1	0.142857142857143	1	"N1; N5"
"SSC_15491_14__SSC_15491_14__N3C065"	"N1"	"SSC/15491/14"	"SSc-ILD"	"SSC/15491/14"	2	2	14	6	2	0.428571428571429	1	"N1; N5"
"SSC_15491_14__SSC_15491_14__N3C065"	"N2"	"SSC/15491/14"	"SSc-ILD"	"SSC/15491/14"	2	2	14	0	0	0	0	"N1; N5"
"SSC_15491_14__SSC_15491_14__N3C065"	"N3"	"SSC/15491/14"	"SSc-ILD"	"SSC/15491/14"	2	2	14	0	0	0	0	"N1; N5"
"SSC_15491_14__SSC_15491_14__N3C065"	"N4"	"SSC/15491/14"	"SSc-ILD"	"SSC/15491/14"	2	2	14	0	0	0	0	"N1; N5"
"SSC_15491_14__SSC_15491_14__N3C065"	"N5"	"SSC/15491/14"	"SSc-ILD"	"SSC/15491/14"	2	2	14	6	2	0.428571428571429	1	"N1; N5"
"SSC_15491_14__SSC_15491_14__N3C065"	"N6"	"SSC/15491/14"	"SSc-ILD"	"SSC/15491/14"	2	2	14	0	0	0	0	"N1; N5"
"SSC_15491_14__SSC_15491_14__N3C065"	"N7"	"SSC/15491/14"	"SSc-ILD"	"SSC/15491/14"	2	2	14	2	2	0.142857142857143	1	"N1; N5"
"SSC_15491_14__SSC_15491_14__N3C065"	"N8"	"SSC/15491/14"	"SSc-ILD"	"SSC/15491/14"	2	2	14	0	0	0	0	"N1; N5"
"SSC_15491_14__SSC_15491_14__N3C066"	"N1"	"SSC/15491/14"	"SSc-ILD"	"SSC/15491/14"	1	1	8	0	0	0	0	"N5; N6; N8"
"SSC_15491_14__SSC_15491_14__N3C066"	"N2"	"SSC/15491/14"	"SSc-ILD"	"SSC/15491/14"	1	1	8	1	1	0.125	1	"N5; N6; N8"
"SSC_15491_14__SSC_15491_14__N3C066"	"N3"	"SSC/15491/14"	"SSc-ILD"	"SSC/15491/14"	1	1	8	0	0	0	0	"N5; N6; N8"
"SSC_15491_14__SSC_15491_14__N3C066"	"N4"	"SSC/15491/14"	"SSc-ILD"	"SSC/15491/14"	1	1	8	0	0	0	0	"N5; N6; N8"
"SSC_15491_14__SSC_15491_14__N3C066"	"N5"	"SSC/15491/14"	"SSc-ILD"	"SSC/15491/14"	1	1	8	2	1	0.25	1	"N5; N6; N8"
"SSC_15491_14__SSC_15491_14__N3C066"	"N6"	"SSC/15491/14"	"SSc-ILD"	"SSC/15491/14"	1	1	8	2	1	0.25	1	"N5; N6; N8"
"SSC_15491_14__SSC_15491_14__N3C066"	"N7"	"SSC/15491/14"	"SSc-ILD"	"SSC/15491/14"	1	1	8	1	1	0.125	1	"N5; N6; N8"
"SSC_15491_14__SSC_15491_14__N3C066"	"N8"	"SSC/15491/14"	"SSc-ILD"	"SSC/15491/14"	1	1	8	2	1	0.25	1	"N5; N6; N8"
"SSC_15491_14__SSC_15491_14__N3C067"	"N1"	"SSC/15491/14"	"SSc-ILD"	"SSC/15491/14"	1	1	8	3	1	0.375	1	"N5"
"SSC_15491_14__SSC_15491_14__N3C067"	"N2"	"SSC/15491/14"	"SSc-ILD"	"SSC/15491/14"	1	1	8	0	0	0	0	"N5"
"SSC_15491_14__SSC_15491_14__N3C067"	"N3"	"SSC/15491/14"	"SSc-ILD"	"SSC/15491/14"	1	1	8	0	0	0	0	"N5"
"SSC_15491_14__SSC_15491_14__N3C067"	"N4"	"SSC/15491/14"	"SSc-ILD"	"SSC/15491/14"	1	1	8	0	0	0	0	"N5"
"SSC_15491_14__SSC_15491_14__N3C067"	"N5"	"SSC/15491/14"	"SSc-ILD"	"SSC/15491/14"	1	1	8	4	1	0.5	1	"N5"
"SSC_15491_14__SSC_15491_14__N3C067"	"N6"	"SSC/15491/14"	"SSc-ILD"	"SSC/15491/14"	1	1	8	0	0	0	0	"N5"
"SSC_15491_14__SSC_15491_14__N3C067"	"N7"	"SSC/15491/14"	"SSc-ILD"	"SSC/15491/14"	1	1	8	1	1	0.125	1	"N5"
"SSC_15491_14__SSC_15491_14__N3C067"	"N8"	"SSC/15491/14"	"SSc-ILD"	"SSC/15491/14"	1	1	8	0	0	0	0	"N5"
"SSC_15491_14__SSC_15491_14__N3C068"	"N1"	"SSC/15491/14"	"SSc-ILD"	"SSC/15491/14"	5	5	30	1	1	0.0333333333333333	0.2	"N5"
"SSC_15491_14__SSC_15491_14__N3C068"	"N2"	"SSC/15491/14"	"SSc-ILD"	"SSC/15491/14"	5	5	30	0	0	0	0	"N5"
"SSC_15491_14__SSC_15491_14__N3C068"	"N3"	"SSC/15491/14"	"SSc-ILD"	"SSC/15491/14"	5	5	30	0	0	0	0	"N5"
"SSC_15491_14__SSC_15491_14__N3C068"	"N4"	"SSC/15491/14"	"SSc-ILD"	"SSC/15491/14"	5	5	30	0	0	0	0	"N5"
"SSC_15491_14__SSC_15491_14__N3C068"	"N5"	"SSC/15491/14"	"SSc-ILD"	"SSC/15491/14"	5	5	30	21	5	0.7	1	"N5"
"SSC_15491_14__SSC_15491_14__N3C068"	"N6"	"SSC/15491/14"	"SSc-ILD"	"SSC/15491/14"	5	5	30	1	1	0.0333333333333333	0.2	"N5"
"SSC_15491_14__SSC_15491_14__N3C068"	"N7"	"SSC/15491/14"	"SSc-ILD"	"SSC/15491/14"	5	5	30	3	2	0.1	0.4	"N5"
"SSC_15491_14__SSC_15491_14__N3C068"	"N8"	"SSC/15491/14"	"SSc-ILD"	"SSC/15491/14"	5	5	30	4	2	0.133333333333333	0.4	"N5"
"SSC_15491_14__SSC_15491_14__N3C069"	"N1"	"SSC/15491/14"	"SSc-ILD"	"SSC/15491/14"	2	2	14	9	2	0.642857142857143	1	"N1"
"SSC_15491_14__SSC_15491_14__N3C069"	"N2"	"SSC/15491/14"	"SSc-ILD"	"SSC/15491/14"	2	2	14	0	0	0	0	"N1"
"SSC_15491_14__SSC_15491_14__N3C069"	"N3"	"SSC/15491/14"	"SSc-ILD"	"SSC/15491/14"	2	2	14	0	0	0	0	"N1"
"SSC_15491_14__SSC_15491_14__N3C069"	"N4"	"SSC/15491/14"	"SSc-ILD"	"SSC/15491/14"	2	2	14	0	0	0	0	"N1"
"SSC_15491_14__SSC_15491_14__N3C069"	"N5"	"SSC/15491/14"	"SSc-ILD"	"SSC/15491/14"	2	2	14	3	2	0.214285714285714	1	"N1"
"SSC_15491_14__SSC_15491_14__N3C069"	"N6"	"SSC/15491/14"	"SSc-ILD"	"SSC/15491/14"	2	2	14	0	0	0	0	"N1"
"SSC_15491_14__SSC_15491_14__N3C069"	"N7"	"SSC/15491/14"	"SSc-ILD"	"SSC/15491/14"	2	2	14	2	1	0.142857142857143	0.5	"N1"
"SSC_15491_14__SSC_15491_14__N3C069"	"N8"	"SSC/15491/14"	"SSc-ILD"	"SSC/15491/14"	2	2	14	0	0	0	0	"N1"
"SSC_15491_14__SSC_15491_14__N3C070"	"N1"	"SSC/15491/14"	"SSc-ILD"	"SSC/15491/14"	3	3	20	9	3	0.45	1	"N1"
"SSC_15491_14__SSC_15491_14__N3C070"	"N2"	"SSC/15491/14"	"SSc-ILD"	"SSC/15491/14"	3	3	20	0	0	0	0	"N1"
"SSC_15491_14__SSC_15491_14__N3C070"	"N3"	"SSC/15491/14"	"SSc-ILD"	"SSC/15491/14"	3	3	20	0	0	0	0	"N1"
"SSC_15491_14__SSC_15491_14__N3C070"	"N4"	"SSC/15491/14"	"SSc-ILD"	"SSC/15491/14"	3	3	20	0	0	0	0	"N1"
"SSC_15491_14__SSC_15491_14__N3C070"	"N5"	"SSC/15491/14"	"SSc-ILD"	"SSC/15491/14"	3	3	20	4	2	0.2	0.666666666666667	"N1"
"SSC_15491_14__SSC_15491_14__N3C070"	"N6"	"SSC/15491/14"	"SSc-ILD"	"SSC/15491/14"	3	3	20	0	0	0	0	"N1"
"SSC_15491_14__SSC_15491_14__N3C070"	"N7"	"SSC/15491/14"	"SSc-ILD"	"SSC/15491/14"	3	3	20	2	2	0.1	0.666666666666667	"N1"
"SSC_15491_14__SSC_15491_14__N3C070"	"N8"	"SSC/15491/14"	"SSc-ILD"	"SSC/15491/14"	3	3	20	5	2	0.25	0.666666666666667	"N1"
"SSC_15491_14__SSC_15491_14__N3C071"	"N1"	"SSC/15491/14"	"SSc-ILD"	"SSC/15491/14"	1	1	8	6	1	0.75	1	"N1"
"SSC_15491_14__SSC_15491_14__N3C071"	"N2"	"SSC/15491/14"	"SSc-ILD"	"SSC/15491/14"	1	1	8	0	0	0	0	"N1"
"SSC_15491_14__SSC_15491_14__N3C071"	"N3"	"SSC/15491/14"	"SSc-ILD"	"SSC/15491/14"	1	1	8	0	0	0	0	"N1"
"SSC_15491_14__SSC_15491_14__N3C071"	"N4"	"SSC/15491/14"	"SSc-ILD"	"SSC/15491/14"	1	1	8	0	0	0	0	"N1"
"SSC_15491_14__SSC_15491_14__N3C071"	"N5"	"SSC/15491/14"	"SSc-ILD"	"SSC/15491/14"	1	1	8	2	1	0.25	1	"N1"
"SSC_15491_14__SSC_15491_14__N3C071"	"N6"	"SSC/15491/14"	"SSc-ILD"	"SSC/15491/14"	1	1	8	0	0	0	0	"N1"
"SSC_15491_14__SSC_15491_14__N3C071"	"N7"	"SSC/15491/14"	"SSc-ILD"	"SSC/15491/14"	1	1	8	0	0	0	0	"N1"
"SSC_15491_14__SSC_15491_14__N3C071"	"N8"	"SSC/15491/14"	"SSc-ILD"	"SSC/15491/14"	1	1	8	0	0	0	0	"N1"
"SSC_15491_14__SSC_15491_14__N3C072"	"N1"	"SSC/15491/14"	"SSc-ILD"	"SSC/15491/14"	1	1	4	0	0	0	0	"N8"
"SSC_15491_14__SSC_15491_14__N3C072"	"N2"	"SSC/15491/14"	"SSc-ILD"	"SSC/15491/14"	1	1	4	0	0	0	0	"N8"
"SSC_15491_14__SSC_15491_14__N3C072"	"N3"	"SSC/15491/14"	"SSc-ILD"	"SSC/15491/14"	1	1	4	0	0	0	0	"N8"
"SSC_15491_14__SSC_15491_14__N3C072"	"N4"	"SSC/15491/14"	"SSc-ILD"	"SSC/15491/14"	1	1	4	0	0	0	0	"N8"
"SSC_15491_14__SSC_15491_14__N3C072"	"N5"	"SSC/15491/14"	"SSc-ILD"	"SSC/15491/14"	1	1	4	1	1	0.25	1	"N8"
"SSC_15491_14__SSC_15491_14__N3C072"	"N6"	"SSC/15491/14"	"SSc-ILD"	"SSC/15491/14"	1	1	4	1	1	0.25	1	"N8"
"SSC_15491_14__SSC_15491_14__N3C072"	"N7"	"SSC/15491/14"	"SSc-ILD"	"SSC/15491/14"	1	1	4	0	0	0	0	"N8"
"SSC_15491_14__SSC_15491_14__N3C072"	"N8"	"SSC/15491/14"	"SSc-ILD"	"SSC/15491/14"	1	1	4	2	1	0.5	1	"N8"
"SSC_15491_14__SSC_15491_14__N3C073"	"N1"	"SSC/15491/14"	"SSc-ILD"	"SSC/15491/14"	1	1	8	0	0	0	0	"N8"
"SSC_15491_14__SSC_15491_14__N3C073"	"N2"	"SSC/15491/14"	"SSc-ILD"	"SSC/15491/14"	1	1	8	0	0	0	0	"N8"
"SSC_15491_14__SSC_15491_14__N3C073"	"N3"	"SSC/15491/14"	"SSc-ILD"	"SSC/15491/14"	1	1	8	0	0	0	0	"N8"
"SSC_15491_14__SSC_15491_14__N3C073"	"N4"	"SSC/15491/14"	"SSc-ILD"	"SSC/15491/14"	1	1	8	0	0	0	0	"N8"
"SSC_15491_14__SSC_15491_14__N3C073"	"N5"	"SSC/15491/14"	"SSc-ILD"	"SSC/15491/14"	1	1	8	3	1	0.375	1	"N8"
"SSC_15491_14__SSC_15491_14__N3C073"	"N6"	"SSC/15491/14"	"SSc-ILD"	"SSC/15491/14"	1	1	8	0	0	0	0	"N8"
"SSC_15491_14__SSC_15491_14__N3C073"	"N7"	"SSC/15491/14"	"SSc-ILD"	"SSC/15491/14"	1	1	8	0	0	0	0	"N8"
"SSC_15491_14__SSC_15491_14__N3C073"	"N8"	"SSC/15491/14"	"SSc-ILD"	"SSC/15491/14"	1	1	8	5	1	0.625	1	"N8"
"SSC_15491_14__SSC_15491_14__N3C074"	"N1"	"SSC/15491/14"	"SSc-ILD"	"SSC/15491/14"	1	1	8	4	1	0.5	1	"N1"
"SSC_15491_14__SSC_15491_14__N3C074"	"N2"	"SSC/15491/14"	"SSc-ILD"	"SSC/15491/14"	1	1	8	0	0	0	0	"N1"
"SSC_15491_14__SSC_15491_14__N3C074"	"N3"	"SSC/15491/14"	"SSc-ILD"	"SSC/15491/14"	1	1	8	0	0	0	0	"N1"
"SSC_15491_14__SSC_15491_14__N3C074"	"N4"	"SSC/15491/14"	"SSc-ILD"	"SSC/15491/14"	1	1	8	0	0	0	0	"N1"
"SSC_15491_14__SSC_15491_14__N3C074"	"N5"	"SSC/15491/14"	"SSc-ILD"	"SSC/15491/14"	1	1	8	2	1	0.25	1	"N1"
"SSC_15491_14__SSC_15491_14__N3C074"	"N6"	"SSC/15491/14"	"SSc-ILD"	"SSC/15491/14"	1	1	8	0	0	0	0	"N1"
"SSC_15491_14__SSC_15491_14__N3C074"	"N7"	"SSC/15491/14"	"SSc-ILD"	"SSC/15491/14"	1	1	8	0	0	0	0	"N1"
"SSC_15491_14__SSC_15491_14__N3C074"	"N8"	"SSC/15491/14"	"SSc-ILD"	"SSC/15491/14"	1	1	8	2	1	0.25	1	"N1"
"SSC_15491_14__SSC_15491_14__N3C075"	"N1"	"SSC/15491/14"	"SSc-ILD"	"SSC/15491/14"	3	3	20	6	3	0.3	1	"N5"
"SSC_15491_14__SSC_15491_14__N3C075"	"N2"	"SSC/15491/14"	"SSc-ILD"	"SSC/15491/14"	3	3	20	0	0	0	0	"N5"
"SSC_15491_14__SSC_15491_14__N3C075"	"N3"	"SSC/15491/14"	"SSc-ILD"	"SSC/15491/14"	3	3	20	0	0	0	0	"N5"
"SSC_15491_14__SSC_15491_14__N3C075"	"N4"	"SSC/15491/14"	"SSc-ILD"	"SSC/15491/14"	3	3	20	0	0	0	0	"N5"
"SSC_15491_14__SSC_15491_14__N3C075"	"N5"	"SSC/15491/14"	"SSc-ILD"	"SSC/15491/14"	3	3	20	8	3	0.4	1	"N5"
"SSC_15491_14__SSC_15491_14__N3C075"	"N6"	"SSC/15491/14"	"SSc-ILD"	"SSC/15491/14"	3	3	20	1	1	0.05	0.333333333333333	"N5"
"SSC_15491_14__SSC_15491_14__N3C075"	"N7"	"SSC/15491/14"	"SSc-ILD"	"SSC/15491/14"	3	3	20	1	1	0.05	0.333333333333333	"N5"
"SSC_15491_14__SSC_15491_14__N3C075"	"N8"	"SSC/15491/14"	"SSc-ILD"	"SSC/15491/14"	3	3	20	4	2	0.2	0.666666666666667	"N5"
"SSC_15491_14__SSC_15491_14__N3C076"	"N1"	"SSC/15491/14"	"SSc-ILD"	"SSC/15491/14"	1	1	8	3	1	0.375	1	"N1; N8"
"SSC_15491_14__SSC_15491_14__N3C076"	"N2"	"SSC/15491/14"	"SSc-ILD"	"SSC/15491/14"	1	1	8	0	0	0	0	"N1; N8"
"SSC_15491_14__SSC_15491_14__N3C076"	"N3"	"SSC/15491/14"	"SSc-ILD"	"SSC/15491/14"	1	1	8	0	0	0	0	"N1; N8"
"SSC_15491_14__SSC_15491_14__N3C076"	"N4"	"SSC/15491/14"	"SSc-ILD"	"SSC/15491/14"	1	1	8	0	0	0	0	"N1; N8"
"SSC_15491_14__SSC_15491_14__N3C076"	"N5"	"SSC/15491/14"	"SSc-ILD"	"SSC/15491/14"	1	1	8	1	1	0.125	1	"N1; N8"
"SSC_15491_14__SSC_15491_14__N3C076"	"N6"	"SSC/15491/14"	"SSc-ILD"	"SSC/15491/14"	1	1	8	1	1	0.125	1	"N1; N8"
"SSC_15491_14__SSC_15491_14__N3C076"	"N7"	"SSC/15491/14"	"SSc-ILD"	"SSC/15491/14"	1	1	8	0	0	0	0	"N1; N8"
"SSC_15491_14__SSC_15491_14__N3C076"	"N8"	"SSC/15491/14"	"SSc-ILD"	"SSC/15491/14"	1	1	8	3	1	0.375	1	"N1; N8"
"SSC_15491_14__SSC_15491_14__N3C077"	"N1"	"SSC/15491/14"	"SSc-ILD"	"SSC/15491/14"	1	1	8	0	0	0	0	"N5"
"SSC_15491_14__SSC_15491_14__N3C077"	"N2"	"SSC/15491/14"	"SSc-ILD"	"SSC/15491/14"	1	1	8	0	0	0	0	"N5"
"SSC_15491_14__SSC_15491_14__N3C077"	"N3"	"SSC/15491/14"	"SSc-ILD"	"SSC/15491/14"	1	1	8	0	0	0	0	"N5"
"SSC_15491_14__SSC_15491_14__N3C077"	"N4"	"SSC/15491/14"	"SSc-ILD"	"SSC/15491/14"	1	1	8	0	0	0	0	"N5"
"SSC_15491_14__SSC_15491_14__N3C077"	"N5"	"SSC/15491/14"	"SSc-ILD"	"SSC/15491/14"	1	1	8	4	1	0.5	1	"N5"
"SSC_15491_14__SSC_15491_14__N3C077"	"N6"	"SSC/15491/14"	"SSc-ILD"	"SSC/15491/14"	1	1	8	1	1	0.125	1	"N5"
"SSC_15491_14__SSC_15491_14__N3C077"	"N7"	"SSC/15491/14"	"SSc-ILD"	"SSC/15491/14"	1	1	8	3	1	0.375	1	"N5"
"SSC_15491_14__SSC_15491_14__N3C077"	"N8"	"SSC/15491/14"	"SSc-ILD"	"SSC/15491/14"	1	1	8	0	0	0	0	"N5"
"SSC_15491_14__SSC_15491_14__N3C078"	"N1"	"SSC/15491/14"	"SSc-ILD"	"SSC/15491/14"	1	1	8	2	1	0.25	1	"N5"
"SSC_15491_14__SSC_15491_14__N3C078"	"N2"	"SSC/15491/14"	"SSc-ILD"	"SSC/15491/14"	1	1	8	0	0	0	0	"N5"
"SSC_15491_14__SSC_15491_14__N3C078"	"N3"	"SSC/15491/14"	"SSc-ILD"	"SSC/15491/14"	1	1	8	0	0	0	0	"N5"
"SSC_15491_14__SSC_15491_14__N3C078"	"N4"	"SSC/15491/14"	"SSc-ILD"	"SSC/15491/14"	1	1	8	0	0	0	0	"N5"
"SSC_15491_14__SSC_15491_14__N3C078"	"N5"	"SSC/15491/14"	"SSc-ILD"	"SSC/15491/14"	1	1	8	6	1	0.75	1	"N5"
"SSC_15491_14__SSC_15491_14__N3C078"	"N6"	"SSC/15491/14"	"SSc-ILD"	"SSC/15491/14"	1	1	8	0	0	0	0	"N5"
"SSC_15491_14__SSC_15491_14__N3C078"	"N7"	"SSC/15491/14"	"SSc-ILD"	"SSC/15491/14"	1	1	8	0	0	0	0	"N5"
"SSC_15491_14__SSC_15491_14__N3C078"	"N8"	"SSC/15491/14"	"SSc-ILD"	"SSC/15491/14"	1	1	8	0	0	0	0	"N5"
"SSC_15491_14__SSC_15491_14__N3C079"	"N1"	"SSC/15491/14"	"SSc-ILD"	"SSC/15491/14"	1	1	8	1	1	0.125	1	"N5"
"SSC_15491_14__SSC_15491_14__N3C079"	"N2"	"SSC/15491/14"	"SSc-ILD"	"SSC/15491/14"	1	1	8	0	0	0	0	"N5"
"SSC_15491_14__SSC_15491_14__N3C079"	"N3"	"SSC/15491/14"	"SSc-ILD"	"SSC/15491/14"	1	1	8	0	0	0	0	"N5"
"SSC_15491_14__SSC_15491_14__N3C079"	"N4"	"SSC/15491/14"	"SSc-ILD"	"SSC/15491/14"	1	1	8	0	0	0	0	"N5"
"SSC_15491_14__SSC_15491_14__N3C079"	"N5"	"SSC/15491/14"	"SSc-ILD"	"SSC/15491/14"	1	1	8	7	1	0.875	1	"N5"
"SSC_15491_14__SSC_15491_14__N3C079"	"N6"	"SSC/15491/14"	"SSc-ILD"	"SSC/15491/14"	1	1	8	0	0	0	0	"N5"
"SSC_15491_14__SSC_15491_14__N3C079"	"N7"	"SSC/15491/14"	"SSc-ILD"	"SSC/15491/14"	1	1	8	0	0	0	0	"N5"
"SSC_15491_14__SSC_15491_14__N3C079"	"N8"	"SSC/15491/14"	"SSc-ILD"	"SSC/15491/14"	1	1	8	0	0	0	0	"N5"
"SSC_15491_14__SSC_15491_14__N3C080"	"N1"	"SSC/15491/14"	"SSc-ILD"	"SSC/15491/14"	1	1	8	3	1	0.375	1	"N1; N8"
"SSC_15491_14__SSC_15491_14__N3C080"	"N2"	"SSC/15491/14"	"SSc-ILD"	"SSC/15491/14"	1	1	8	0	0	0	0	"N1; N8"
"SSC_15491_14__SSC_15491_14__N3C080"	"N3"	"SSC/15491/14"	"SSc-ILD"	"SSC/15491/14"	1	1	8	0	0	0	0	"N1; N8"
"SSC_15491_14__SSC_15491_14__N3C080"	"N4"	"SSC/15491/14"	"SSc-ILD"	"SSC/15491/14"	1	1	8	0	0	0	0	"N1; N8"
"SSC_15491_14__SSC_15491_14__N3C080"	"N5"	"SSC/15491/14"	"SSc-ILD"	"SSC/15491/14"	1	1	8	2	1	0.25	1	"N1; N8"
"SSC_15491_14__SSC_15491_14__N3C080"	"N6"	"SSC/15491/14"	"SSc-ILD"	"SSC/15491/14"	1	1	8	0	0	0	0	"N1; N8"
"SSC_15491_14__SSC_15491_14__N3C080"	"N7"	"SSC/15491/14"	"SSc-ILD"	"SSC/15491/14"	1	1	8	0	0	0	0	"N1; N8"
"SSC_15491_14__SSC_15491_14__N3C080"	"N8"	"SSC/15491/14"	"SSc-ILD"	"SSC/15491/14"	1	1	8	3	1	0.375	1	"N1; N8"
"SSC_15491_14__SSC_15491_14__N3C081"	"N1"	"SSC/15491/14"	"SSc-ILD"	"SSC/15491/14"	1	1	8	0	0	0	0	"N5"
"SSC_15491_14__SSC_15491_14__N3C081"	"N2"	"SSC/15491/14"	"SSc-ILD"	"SSC/15491/14"	1	1	8	0	0	0	0	"N5"
"SSC_15491_14__SSC_15491_14__N3C081"	"N3"	"SSC/15491/14"	"SSc-ILD"	"SSC/15491/14"	1	1	8	0	0	0	0	"N5"
"SSC_15491_14__SSC_15491_14__N3C081"	"N4"	"SSC/15491/14"	"SSc-ILD"	"SSC/15491/14"	1	1	8	0	0	0	0	"N5"
"SSC_15491_14__SSC_15491_14__N3C081"	"N5"	"SSC/15491/14"	"SSc-ILD"	"SSC/15491/14"	1	1	8	5	1	0.625	1	"N5"
"SSC_15491_14__SSC_15491_14__N3C081"	"N6"	"SSC/15491/14"	"SSc-ILD"	"SSC/15491/14"	1	1	8	1	1	0.125	1	"N5"
"SSC_15491_14__SSC_15491_14__N3C081"	"N7"	"SSC/15491/14"	"SSc-ILD"	"SSC/15491/14"	1	1	8	2	1	0.25	1	"N5"
"SSC_15491_14__SSC_15491_14__N3C081"	"N8"	"SSC/15491/14"	"SSc-ILD"	"SSC/15491/14"	1	1	8	0	0	0	0	"N5"
"SSC_15491_14__SSC_15491_14__N3C082"	"N1"	"SSC/15491/14"	"SSc-ILD"	"SSC/15491/14"	1	1	8	0	0	0	0	"N8"
"SSC_15491_14__SSC_15491_14__N3C082"	"N2"	"SSC/15491/14"	"SSc-ILD"	"SSC/15491/14"	1	1	8	0	0	0	0	"N8"
"SSC_15491_14__SSC_15491_14__N3C082"	"N3"	"SSC/15491/14"	"SSc-ILD"	"SSC/15491/14"	1	1	8	0	0	0	0	"N8"
"SSC_15491_14__SSC_15491_14__N3C082"	"N4"	"SSC/15491/14"	"SSc-ILD"	"SSC/15491/14"	1	1	8	2	1	0.25	1	"N8"
"SSC_15491_14__SSC_15491_14__N3C082"	"N5"	"SSC/15491/14"	"SSc-ILD"	"SSC/15491/14"	1	1	8	2	1	0.25	1	"N8"
"SSC_15491_14__SSC_15491_14__N3C082"	"N6"	"SSC/15491/14"	"SSc-ILD"	"SSC/15491/14"	1	1	8	0	0	0	0	"N8"
"SSC_15491_14__SSC_15491_14__N3C082"	"N7"	"SSC/15491/14"	"SSc-ILD"	"SSC/15491/14"	1	1	8	0	0	0	0	"N8"
"SSC_15491_14__SSC_15491_14__N3C082"	"N8"	"SSC/15491/14"	"SSc-ILD"	"SSC/15491/14"	1	1	8	4	1	0.5	1	"N8"
"SSC_15491_14__SSC_15491_14__N3C083"	"N1"	"SSC/15491/14"	"SSc-ILD"	"SSC/15491/14"	1	1	4	0	0	0	0	"N7"
"SSC_15491_14__SSC_15491_14__N3C083"	"N2"	"SSC/15491/14"	"SSc-ILD"	"SSC/15491/14"	1	1	4	0	0	0	0	"N7"
"SSC_15491_14__SSC_15491_14__N3C083"	"N3"	"SSC/15491/14"	"SSc-ILD"	"SSC/15491/14"	1	1	4	0	0	0	0	"N7"
"SSC_15491_14__SSC_15491_14__N3C083"	"N4"	"SSC/15491/14"	"SSc-ILD"	"SSC/15491/14"	1	1	4	0	0	0	0	"N7"
"SSC_15491_14__SSC_15491_14__N3C083"	"N5"	"SSC/15491/14"	"SSc-ILD"	"SSC/15491/14"	1	1	4	1	1	0.25	1	"N7"
"SSC_15491_14__SSC_15491_14__N3C083"	"N6"	"SSC/15491/14"	"SSc-ILD"	"SSC/15491/14"	1	1	4	1	1	0.25	1	"N7"
"SSC_15491_14__SSC_15491_14__N3C083"	"N7"	"SSC/15491/14"	"SSc-ILD"	"SSC/15491/14"	1	1	4	2	1	0.5	1	"N7"
"SSC_15491_14__SSC_15491_14__N3C083"	"N8"	"SSC/15491/14"	"SSc-ILD"	"SSC/15491/14"	1	1	4	0	0	0	0	"N7"
"SSC_15491_14__SSC_15491_14__N3C084"	"N1"	"SSC/15491/14"	"SSc-ILD"	"SSC/15491/14"	1	1	8	1	1	0.125	1	"N8"
"SSC_15491_14__SSC_15491_14__N3C084"	"N2"	"SSC/15491/14"	"SSc-ILD"	"SSC/15491/14"	1	1	8	0	0	0	0	"N8"
"SSC_15491_14__SSC_15491_14__N3C084"	"N3"	"SSC/15491/14"	"SSc-ILD"	"SSC/15491/14"	1	1	8	0	0	0	0	"N8"
"SSC_15491_14__SSC_15491_14__N3C084"	"N4"	"SSC/15491/14"	"SSc-ILD"	"SSC/15491/14"	1	1	8	0	0	0	0	"N8"
"SSC_15491_14__SSC_15491_14__N3C084"	"N5"	"SSC/15491/14"	"SSc-ILD"	"SSC/15491/14"	1	1	8	1	1	0.125	1	"N8"
"SSC_15491_14__SSC_15491_14__N3C084"	"N6"	"SSC/15491/14"	"SSc-ILD"	"SSC/15491/14"	1	1	8	1	1	0.125	1	"N8"
"SSC_15491_14__SSC_15491_14__N3C084"	"N7"	"SSC/15491/14"	"SSc-ILD"	"SSC/15491/14"	1	1	8	0	0	0	0	"N8"
"SSC_15491_14__SSC_15491_14__N3C084"	"N8"	"SSC/15491/14"	"SSc-ILD"	"SSC/15491/14"	1	1	8	5	1	0.625	1	"N8"
"SSC_15491_14__SSC_15491_14__N3C085"	"N1"	"SSC/15491/14"	"SSc-ILD"	"SSC/15491/14"	1	1	8	2	1	0.25	1	"N5"
"SSC_15491_14__SSC_15491_14__N3C085"	"N2"	"SSC/15491/14"	"SSc-ILD"	"SSC/15491/14"	1	1	8	0	0	0	0	"N5"
"SSC_15491_14__SSC_15491_14__N3C085"	"N3"	"SSC/15491/14"	"SSc-ILD"	"SSC/15491/14"	1	1	8	0	0	0	0	"N5"
"SSC_15491_14__SSC_15491_14__N3C085"	"N4"	"SSC/15491/14"	"SSc-ILD"	"SSC/15491/14"	1	1	8	0	0	0	0	"N5"
"SSC_15491_14__SSC_15491_14__N3C085"	"N5"	"SSC/15491/14"	"SSc-ILD"	"SSC/15491/14"	1	1	8	4	1	0.5	1	"N5"
"SSC_15491_14__SSC_15491_14__N3C085"	"N6"	"SSC/15491/14"	"SSc-ILD"	"SSC/15491/14"	1	1	8	0	0	0	0	"N5"
"SSC_15491_14__SSC_15491_14__N3C085"	"N7"	"SSC/15491/14"	"SSc-ILD"	"SSC/15491/14"	1	1	8	2	1	0.25	1	"N5"
"SSC_15491_14__SSC_15491_14__N3C085"	"N8"	"SSC/15491/14"	"SSc-ILD"	"SSC/15491/14"	1	1	8	0	0	0	0	"N5"
"SSC_15491_14__SSC_15491_14__N3C086"	"N1"	"SSC/15491/14"	"SSc-ILD"	"SSC/15491/14"	1	1	8	3	1	0.375	1	"N1"
"SSC_15491_14__SSC_15491_14__N3C086"	"N2"	"SSC/15491/14"	"SSc-ILD"	"SSC/15491/14"	1	1	8	0	0	0	0	"N1"
"SSC_15491_14__SSC_15491_14__N3C086"	"N3"	"SSC/15491/14"	"SSc-ILD"	"SSC/15491/14"	1	1	8	0	0	0	0	"N1"
"SSC_15491_14__SSC_15491_14__N3C086"	"N4"	"SSC/15491/14"	"SSc-ILD"	"SSC/15491/14"	1	1	8	0	0	0	0	"N1"
"SSC_15491_14__SSC_15491_14__N3C086"	"N5"	"SSC/15491/14"	"SSc-ILD"	"SSC/15491/14"	1	1	8	2	1	0.25	1	"N1"
"SSC_15491_14__SSC_15491_14__N3C086"	"N6"	"SSC/15491/14"	"SSc-ILD"	"SSC/15491/14"	1	1	8	0	0	0	0	"N1"
"SSC_15491_14__SSC_15491_14__N3C086"	"N7"	"SSC/15491/14"	"SSc-ILD"	"SSC/15491/14"	1	1	8	2	1	0.25	1	"N1"
"SSC_15491_14__SSC_15491_14__N3C086"	"N8"	"SSC/15491/14"	"SSc-ILD"	"SSC/15491/14"	1	1	8	1	1	0.125	1	"N1"
"SSC_15491_14__SSC_15491_14__N3C087"	"N1"	"SSC/15491/14"	"SSc-ILD"	"SSC/15491/14"	1	1	8	5	1	0.625	1	"N1"
"SSC_15491_14__SSC_15491_14__N3C087"	"N2"	"SSC/15491/14"	"SSc-ILD"	"SSC/15491/14"	1	1	8	1	1	0.125	1	"N1"
"SSC_15491_14__SSC_15491_14__N3C087"	"N3"	"SSC/15491/14"	"SSc-ILD"	"SSC/15491/14"	1	1	8	0	0	0	0	"N1"
"SSC_15491_14__SSC_15491_14__N3C087"	"N4"	"SSC/15491/14"	"SSc-ILD"	"SSC/15491/14"	1	1	8	0	0	0	0	"N1"
"SSC_15491_14__SSC_15491_14__N3C087"	"N5"	"SSC/15491/14"	"SSc-ILD"	"SSC/15491/14"	1	1	8	1	1	0.125	1	"N1"
"SSC_15491_14__SSC_15491_14__N3C087"	"N6"	"SSC/15491/14"	"SSc-ILD"	"SSC/15491/14"	1	1	8	0	0	0	0	"N1"
"SSC_15491_14__SSC_15491_14__N3C087"	"N7"	"SSC/15491/14"	"SSc-ILD"	"SSC/15491/14"	1	1	8	0	0	0	0	"N1"
"SSC_15491_14__SSC_15491_14__N3C087"	"N8"	"SSC/15491/14"	"SSc-ILD"	"SSC/15491/14"	1	1	8	1	1	0.125	1	"N1"
"SSC_15491_14__SSC_15491_14__N3C088"	"N1"	"SSC/15491/14"	"SSc-ILD"	"SSC/15491/14"	50	48	173	53	36	0.30635838150289	0.75	"N8"
"SSC_15491_14__SSC_15491_14__N3C088"	"N2"	"SSC/15491/14"	"SSc-ILD"	"SSC/15491/14"	50	48	173	0	0	0	0	"N8"
"SSC_15491_14__SSC_15491_14__N3C088"	"N3"	"SSC/15491/14"	"SSc-ILD"	"SSC/15491/14"	50	48	173	0	0	0	0	"N8"
"SSC_15491_14__SSC_15491_14__N3C088"	"N4"	"SSC/15491/14"	"SSc-ILD"	"SSC/15491/14"	50	48	173	0	0	0	0	"N8"
"SSC_15491_14__SSC_15491_14__N3C088"	"N5"	"SSC/15491/14"	"SSc-ILD"	"SSC/15491/14"	50	48	173	43	28	0.248554913294798	0.583333333333333	"N8"
"SSC_15491_14__SSC_15491_14__N3C088"	"N6"	"SSC/15491/14"	"SSc-ILD"	"SSC/15491/14"	50	48	173	2	2	0.0115606936416185	0.0416666666666667	"N8"
"SSC_15491_14__SSC_15491_14__N3C088"	"N7"	"SSC/15491/14"	"SSc-ILD"	"SSC/15491/14"	50	48	173	21	13	0.121387283236994	0.270833333333333	"N8"
"SSC_15491_14__SSC_15491_14__N3C088"	"N8"	"SSC/15491/14"	"SSc-ILD"	"SSC/15491/14"	50	48	173	54	28	0.312138728323699	0.583333333333333	"N8"
"SSC_15491_14__SSC_15491_14__N3C089"	"N1"	"SSC/15491/14"	"SSc-ILD"	"SSC/15491/14"	3	3	20	0	0	0	0	"N5"
"SSC_15491_14__SSC_15491_14__N3C089"	"N2"	"SSC/15491/14"	"SSc-ILD"	"SSC/15491/14"	3	3	20	0	0	0	0	"N5"
"SSC_15491_14__SSC_15491_14__N3C089"	"N3"	"SSC/15491/14"	"SSc-ILD"	"SSC/15491/14"	3	3	20	0	0	0	0	"N5"
"SSC_15491_14__SSC_15491_14__N3C089"	"N4"	"SSC/15491/14"	"SSc-ILD"	"SSC/15491/14"	3	3	20	0	0	0	0	"N5"
"SSC_15491_14__SSC_15491_14__N3C089"	"N5"	"SSC/15491/14"	"SSc-ILD"	"SSC/15491/14"	3	3	20	13	3	0.65	1	"N5"
"SSC_15491_14__SSC_15491_14__N3C089"	"N6"	"SSC/15491/14"	"SSc-ILD"	"SSC/15491/14"	3	3	20	0	0	0	0	"N5"
"SSC_15491_14__SSC_15491_14__N3C089"	"N7"	"SSC/15491/14"	"SSc-ILD"	"SSC/15491/14"	3	3	20	0	0	0	0	"N5"
"SSC_15491_14__SSC_15491_14__N3C089"	"N8"	"SSC/15491/14"	"SSc-ILD"	"SSC/15491/14"	3	3	20	7	3	0.35	1	"N5"
"SSC_15491_14__SSC_15491_14__N3C090"	"N1"	"SSC/15491/14"	"SSc-ILD"	"SSC/15491/14"	3	3	18	1	1	0.0555555555555556	0.333333333333333	"N8"
"SSC_15491_14__SSC_15491_14__N3C090"	"N2"	"SSC/15491/14"	"SSc-ILD"	"SSC/15491/14"	3	3	18	0	0	0	0	"N8"
"SSC_15491_14__SSC_15491_14__N3C090"	"N3"	"SSC/15491/14"	"SSc-ILD"	"SSC/15491/14"	3	3	18	0	0	0	0	"N8"
"SSC_15491_14__SSC_15491_14__N3C090"	"N4"	"SSC/15491/14"	"SSc-ILD"	"SSC/15491/14"	3	3	18	0	0	0	0	"N8"
"SSC_15491_14__SSC_15491_14__N3C090"	"N5"	"SSC/15491/14"	"SSc-ILD"	"SSC/15491/14"	3	3	18	6	3	0.333333333333333	1	"N8"
"SSC_15491_14__SSC_15491_14__N3C090"	"N6"	"SSC/15491/14"	"SSc-ILD"	"SSC/15491/14"	3	3	18	0	0	0	0	"N8"
"SSC_15491_14__SSC_15491_14__N3C090"	"N7"	"SSC/15491/14"	"SSc-ILD"	"SSC/15491/14"	3	3	18	1	1	0.0555555555555556	0.333333333333333	"N8"
"SSC_15491_14__SSC_15491_14__N3C090"	"N8"	"SSC/15491/14"	"SSc-ILD"	"SSC/15491/14"	3	3	18	10	3	0.555555555555556	1	"N8"
"SSC_15491_14__SSC_15491_14__N3C091"	"N1"	"SSC/15491/14"	"SSc-ILD"	"SSC/15491/14"	1	1	8	2	1	0.25	1	"N5; N8"
"SSC_15491_14__SSC_15491_14__N3C091"	"N2"	"SSC/15491/14"	"SSc-ILD"	"SSC/15491/14"	1	1	8	0	0	0	0	"N5; N8"
"SSC_15491_14__SSC_15491_14__N3C091"	"N3"	"SSC/15491/14"	"SSc-ILD"	"SSC/15491/14"	1	1	8	0	0	0	0	"N5; N8"
"SSC_15491_14__SSC_15491_14__N3C091"	"N4"	"SSC/15491/14"	"SSc-ILD"	"SSC/15491/14"	1	1	8	0	0	0	0	"N5; N8"
"SSC_15491_14__SSC_15491_14__N3C091"	"N5"	"SSC/15491/14"	"SSc-ILD"	"SSC/15491/14"	1	1	8	3	1	0.375	1	"N5; N8"
"SSC_15491_14__SSC_15491_14__N3C091"	"N6"	"SSC/15491/14"	"SSc-ILD"	"SSC/15491/14"	1	1	8	0	0	0	0	"N5; N8"
"SSC_15491_14__SSC_15491_14__N3C091"	"N7"	"SSC/15491/14"	"SSc-ILD"	"SSC/15491/14"	1	1	8	0	0	0	0	"N5; N8"
"SSC_15491_14__SSC_15491_14__N3C091"	"N8"	"SSC/15491/14"	"SSc-ILD"	"SSC/15491/14"	1	1	8	3	1	0.375	1	"N5; N8"
"SSC_15491_14__SSC_15491_14__N3C092"	"N1"	"SSC/15491/14"	"SSc-ILD"	"SSC/15491/14"	1	1	8	0	0	0	0	"N7"
"SSC_15491_14__SSC_15491_14__N3C092"	"N2"	"SSC/15491/14"	"SSc-ILD"	"SSC/15491/14"	1	1	8	0	0	0	0	"N7"
"SSC_15491_14__SSC_15491_14__N3C092"	"N3"	"SSC/15491/14"	"SSc-ILD"	"SSC/15491/14"	1	1	8	0	0	0	0	"N7"
"SSC_15491_14__SSC_15491_14__N3C092"	"N4"	"SSC/15491/14"	"SSc-ILD"	"SSC/15491/14"	1	1	8	0	0	0	0	"N7"
"SSC_15491_14__SSC_15491_14__N3C092"	"N5"	"SSC/15491/14"	"SSc-ILD"	"SSC/15491/14"	1	1	8	3	1	0.375	1	"N7"
"SSC_15491_14__SSC_15491_14__N3C092"	"N6"	"SSC/15491/14"	"SSc-ILD"	"SSC/15491/14"	1	1	8	0	0	0	0	"N7"
"SSC_15491_14__SSC_15491_14__N3C092"	"N7"	"SSC/15491/14"	"SSc-ILD"	"SSC/15491/14"	1	1	8	5	1	0.625	1	"N7"
"SSC_15491_14__SSC_15491_14__N3C092"	"N8"	"SSC/15491/14"	"SSc-ILD"	"SSC/15491/14"	1	1	8	0	0	0	0	"N7"
"SSC_15491_14__SSC_15491_14__N3C093"	"N1"	"SSC/15491/14"	"SSc-ILD"	"SSC/15491/14"	1	1	8	1	1	0.125	1	"N5"
"SSC_15491_14__SSC_15491_14__N3C093"	"N2"	"SSC/15491/14"	"SSc-ILD"	"SSC/15491/14"	1	1	8	0	0	0	0	"N5"
"SSC_15491_14__SSC_15491_14__N3C093"	"N3"	"SSC/15491/14"	"SSc-ILD"	"SSC/15491/14"	1	1	8	0	0	0	0	"N5"
"SSC_15491_14__SSC_15491_14__N3C093"	"N4"	"SSC/15491/14"	"SSc-ILD"	"SSC/15491/14"	1	1	8	0	0	0	0	"N5"
"SSC_15491_14__SSC_15491_14__N3C093"	"N5"	"SSC/15491/14"	"SSc-ILD"	"SSC/15491/14"	1	1	8	4	1	0.5	1	"N5"
"SSC_15491_14__SSC_15491_14__N3C093"	"N6"	"SSC/15491/14"	"SSc-ILD"	"SSC/15491/14"	1	1	8	0	0	0	0	"N5"
"SSC_15491_14__SSC_15491_14__N3C093"	"N7"	"SSC/15491/14"	"SSc-ILD"	"SSC/15491/14"	1	1	8	3	1	0.375	1	"N5"
"SSC_15491_14__SSC_15491_14__N3C093"	"N8"	"SSC/15491/14"	"SSc-ILD"	"SSC/15491/14"	1	1	8	0	0	0	0	"N5"
"SSC_15491_14__SSC_15491_14__N3C094"	"N1"	"SSC/15491/14"	"SSc-ILD"	"SSC/15491/14"	2	2	14	9	2	0.642857142857143	1	"N1"
"SSC_15491_14__SSC_15491_14__N3C094"	"N2"	"SSC/15491/14"	"SSc-ILD"	"SSC/15491/14"	2	2	14	0	0	0	0	"N1"
"SSC_15491_14__SSC_15491_14__N3C094"	"N3"	"SSC/15491/14"	"SSc-ILD"	"SSC/15491/14"	2	2	14	0	0	0	0	"N1"
"SSC_15491_14__SSC_15491_14__N3C094"	"N4"	"SSC/15491/14"	"SSc-ILD"	"SSC/15491/14"	2	2	14	0	0	0	0	"N1"
"SSC_15491_14__SSC_15491_14__N3C094"	"N5"	"SSC/15491/14"	"SSc-ILD"	"SSC/15491/14"	2	2	14	3	2	0.214285714285714	1	"N1"
"SSC_15491_14__SSC_15491_14__N3C094"	"N6"	"SSC/15491/14"	"SSc-ILD"	"SSC/15491/14"	2	2	14	0	0	0	0	"N1"
"SSC_15491_14__SSC_15491_14__N3C094"	"N7"	"SSC/15491/14"	"SSc-ILD"	"SSC/15491/14"	2	2	14	2	1	0.142857142857143	0.5	"N1"
"SSC_15491_14__SSC_15491_14__N3C094"	"N8"	"SSC/15491/14"	"SSc-ILD"	"SSC/15491/14"	2	2	14	0	0	0	0	"N1"
"SSC_15491_14__SSC_15491_14__N3C095"	"N1"	"SSC/15491/14"	"SSc-ILD"	"SSC/15491/14"	3	3	14	0	0	0	0	"N8"
"SSC_15491_14__SSC_15491_14__N3C095"	"N2"	"SSC/15491/14"	"SSc-ILD"	"SSC/15491/14"	3	3	14	2	2	0.142857142857143	0.666666666666667	"N8"
"SSC_15491_14__SSC_15491_14__N3C095"	"N3"	"SSC/15491/14"	"SSc-ILD"	"SSC/15491/14"	3	3	14	0	0	0	0	"N8"
"SSC_15491_14__SSC_15491_14__N3C095"	"N4"	"SSC/15491/14"	"SSc-ILD"	"SSC/15491/14"	3	3	14	0	0	0	0	"N8"
"SSC_15491_14__SSC_15491_14__N3C095"	"N5"	"SSC/15491/14"	"SSc-ILD"	"SSC/15491/14"	3	3	14	1	1	0.0714285714285714	0.333333333333333	"N8"
"SSC_15491_14__SSC_15491_14__N3C095"	"N6"	"SSC/15491/14"	"SSc-ILD"	"SSC/15491/14"	3	3	14	2	2	0.142857142857143	0.666666666666667	"N8"
"SSC_15491_14__SSC_15491_14__N3C095"	"N7"	"SSC/15491/14"	"SSc-ILD"	"SSC/15491/14"	3	3	14	4	2	0.285714285714286	0.666666666666667	"N8"
"SSC_15491_14__SSC_15491_14__N3C095"	"N8"	"SSC/15491/14"	"SSc-ILD"	"SSC/15491/14"	3	3	14	5	3	0.357142857142857	1	"N8"
"SSC_15491_14__SSC_15491_14__N3C096"	"N1"	"SSC/15491/14"	"SSc-ILD"	"SSC/15491/14"	1	1	8	0	0	0	0	"N5; N8"
"SSC_15491_14__SSC_15491_14__N3C096"	"N2"	"SSC/15491/14"	"SSc-ILD"	"SSC/15491/14"	1	1	8	0	0	0	0	"N5; N8"
"SSC_15491_14__SSC_15491_14__N3C096"	"N3"	"SSC/15491/14"	"SSc-ILD"	"SSC/15491/14"	1	1	8	0	0	0	0	"N5; N8"
"SSC_15491_14__SSC_15491_14__N3C096"	"N4"	"SSC/15491/14"	"SSc-ILD"	"SSC/15491/14"	1	1	8	0	0	0	0	"N5; N8"
"SSC_15491_14__SSC_15491_14__N3C096"	"N5"	"SSC/15491/14"	"SSc-ILD"	"SSC/15491/14"	1	1	8	4	1	0.5	1	"N5; N8"
"SSC_15491_14__SSC_15491_14__N3C096"	"N6"	"SSC/15491/14"	"SSc-ILD"	"SSC/15491/14"	1	1	8	0	0	0	0	"N5; N8"
"SSC_15491_14__SSC_15491_14__N3C096"	"N7"	"SSC/15491/14"	"SSc-ILD"	"SSC/15491/14"	1	1	8	0	0	0	0	"N5; N8"
"SSC_15491_14__SSC_15491_14__N3C096"	"N8"	"SSC/15491/14"	"SSc-ILD"	"SSC/15491/14"	1	1	8	4	1	0.5	1	"N5; N8"
"SSC_15491_14__SSC_15491_14__N3C097"	"N1"	"SSC/15491/14"	"SSc-ILD"	"SSC/15491/14"	9	9	52	5	3	0.0961538461538462	0.333333333333333	"N5"
"SSC_15491_14__SSC_15491_14__N3C097"	"N2"	"SSC/15491/14"	"SSc-ILD"	"SSC/15491/14"	9	9	52	0	0	0	0	"N5"
"SSC_15491_14__SSC_15491_14__N3C097"	"N3"	"SSC/15491/14"	"SSc-ILD"	"SSC/15491/14"	9	9	52	0	0	0	0	"N5"
"SSC_15491_14__SSC_15491_14__N3C097"	"N4"	"SSC/15491/14"	"SSc-ILD"	"SSC/15491/14"	9	9	52	0	0	0	0	"N5"
"SSC_15491_14__SSC_15491_14__N3C097"	"N5"	"SSC/15491/14"	"SSc-ILD"	"SSC/15491/14"	9	9	52	28	9	0.538461538461538	1	"N5"
"SSC_15491_14__SSC_15491_14__N3C097"	"N6"	"SSC/15491/14"	"SSc-ILD"	"SSC/15491/14"	9	9	52	2	2	0.0384615384615385	0.222222222222222	"N5"
"SSC_15491_14__SSC_15491_14__N3C097"	"N7"	"SSC/15491/14"	"SSc-ILD"	"SSC/15491/14"	9	9	52	12	7	0.230769230769231	0.777777777777778	"N5"
"SSC_15491_14__SSC_15491_14__N3C097"	"N8"	"SSC/15491/14"	"SSc-ILD"	"SSC/15491/14"	9	9	52	5	4	0.0961538461538462	0.444444444444444	"N5"
"SSC_15491_14__SSC_15491_14__N3C098"	"N1"	"SSC/15491/14"	"SSc-ILD"	"SSC/15491/14"	26	25	86	18	13	0.209302325581395	0.52	"N5"
"SSC_15491_14__SSC_15491_14__N3C098"	"N2"	"SSC/15491/14"	"SSc-ILD"	"SSC/15491/14"	26	25	86	0	0	0	0	"N5"
"SSC_15491_14__SSC_15491_14__N3C098"	"N3"	"SSC/15491/14"	"SSc-ILD"	"SSC/15491/14"	26	25	86	0	0	0	0	"N5"
"SSC_15491_14__SSC_15491_14__N3C098"	"N4"	"SSC/15491/14"	"SSc-ILD"	"SSC/15491/14"	26	25	86	0	0	0	0	"N5"
"SSC_15491_14__SSC_15491_14__N3C098"	"N5"	"SSC/15491/14"	"SSc-ILD"	"SSC/15491/14"	26	25	86	31	16	0.36046511627907	0.64	"N5"
"SSC_15491_14__SSC_15491_14__N3C098"	"N6"	"SSC/15491/14"	"SSc-ILD"	"SSC/15491/14"	26	25	86	4	4	0.0465116279069768	0.16	"N5"
"SSC_15491_14__SSC_15491_14__N3C098"	"N7"	"SSC/15491/14"	"SSc-ILD"	"SSC/15491/14"	26	25	86	22	14	0.255813953488372	0.56	"N5"
"SSC_15491_14__SSC_15491_14__N3C098"	"N8"	"SSC/15491/14"	"SSc-ILD"	"SSC/15491/14"	26	25	86	11	9	0.127906976744186	0.36	"N5"
"SSC_15491_14__SSC_15491_14__N3C099"	"N1"	"SSC/15491/14"	"SSc-ILD"	"SSC/15491/14"	5	5	30	2	1	0.0666666666666667	0.2	"N5"
"SSC_15491_14__SSC_15491_14__N3C099"	"N2"	"SSC/15491/14"	"SSc-ILD"	"SSC/15491/14"	5	5	30	0	0	0	0	"N5"
"SSC_15491_14__SSC_15491_14__N3C099"	"N3"	"SSC/15491/14"	"SSc-ILD"	"SSC/15491/14"	5	5	30	0	0	0	0	"N5"
"SSC_15491_14__SSC_15491_14__N3C099"	"N4"	"SSC/15491/14"	"SSc-ILD"	"SSC/15491/14"	5	5	30	0	0	0	0	"N5"
"SSC_15491_14__SSC_15491_14__N3C099"	"N5"	"SSC/15491/14"	"SSc-ILD"	"SSC/15491/14"	5	5	30	22	5	0.733333333333333	1	"N5"
"SSC_15491_14__SSC_15491_14__N3C099"	"N6"	"SSC/15491/14"	"SSc-ILD"	"SSC/15491/14"	5	5	30	1	1	0.0333333333333333	0.2	"N5"
"SSC_15491_14__SSC_15491_14__N3C099"	"N7"	"SSC/15491/14"	"SSc-ILD"	"SSC/15491/14"	5	5	30	3	2	0.1	0.4	"N5"
"SSC_15491_14__SSC_15491_14__N3C099"	"N8"	"SSC/15491/14"	"SSc-ILD"	"SSC/15491/14"	5	5	30	2	2	0.0666666666666667	0.4	"N5"
"SSC_15491_14__SSC_15491_14__N3C100"	"N1"	"SSC/15491/14"	"SSc-ILD"	"SSC/15491/14"	8	8	24	11	7	0.458333333333333	0.875	"N1"
"SSC_15491_14__SSC_15491_14__N3C100"	"N2"	"SSC/15491/14"	"SSc-ILD"	"SSC/15491/14"	8	8	24	0	0	0	0	"N1"
"SSC_15491_14__SSC_15491_14__N3C100"	"N3"	"SSC/15491/14"	"SSc-ILD"	"SSC/15491/14"	8	8	24	0	0	0	0	"N1"
"SSC_15491_14__SSC_15491_14__N3C100"	"N4"	"SSC/15491/14"	"SSc-ILD"	"SSC/15491/14"	8	8	24	0	0	0	0	"N1"
"SSC_15491_14__SSC_15491_14__N3C100"	"N5"	"SSC/15491/14"	"SSc-ILD"	"SSC/15491/14"	8	8	24	10	6	0.416666666666667	0.75	"N1"
"SSC_15491_14__SSC_15491_14__N3C100"	"N6"	"SSC/15491/14"	"SSc-ILD"	"SSC/15491/14"	8	8	24	0	0	0	0	"N1"
"SSC_15491_14__SSC_15491_14__N3C100"	"N7"	"SSC/15491/14"	"SSc-ILD"	"SSC/15491/14"	8	8	24	1	1	0.0416666666666667	0.125	"N1"
"SSC_15491_14__SSC_15491_14__N3C100"	"N8"	"SSC/15491/14"	"SSc-ILD"	"SSC/15491/14"	8	8	24	2	2	0.0833333333333333	0.25	"N1"
"SSC_15491_14__SSC_15491_14__N3C101"	"N1"	"SSC/15491/14"	"SSc-ILD"	"SSC/15491/14"	3	3	18	0	0	0	0	"N5"
"SSC_15491_14__SSC_15491_14__N3C101"	"N2"	"SSC/15491/14"	"SSc-ILD"	"SSC/15491/14"	3	3	18	0	0	0	0	"N5"
"SSC_15491_14__SSC_15491_14__N3C101"	"N3"	"SSC/15491/14"	"SSc-ILD"	"SSC/15491/14"	3	3	18	0	0	0	0	"N5"
"SSC_15491_14__SSC_15491_14__N3C101"	"N4"	"SSC/15491/14"	"SSc-ILD"	"SSC/15491/14"	3	3	18	2	2	0.111111111111111	0.666666666666667	"N5"
"SSC_15491_14__SSC_15491_14__N3C101"	"N5"	"SSC/15491/14"	"SSc-ILD"	"SSC/15491/14"	3	3	18	12	3	0.666666666666667	1	"N5"
"SSC_15491_14__SSC_15491_14__N3C101"	"N6"	"SSC/15491/14"	"SSc-ILD"	"SSC/15491/14"	3	3	18	2	1	0.111111111111111	0.333333333333333	"N5"
"SSC_15491_14__SSC_15491_14__N3C101"	"N7"	"SSC/15491/14"	"SSc-ILD"	"SSC/15491/14"	3	3	18	1	1	0.0555555555555556	0.333333333333333	"N5"
"SSC_15491_14__SSC_15491_14__N3C101"	"N8"	"SSC/15491/14"	"SSc-ILD"	"SSC/15491/14"	3	3	18	1	1	0.0555555555555556	0.333333333333333	"N5"
"SSC_15491_14__SSC_15491_14__N3C102"	"N1"	"SSC/15491/14"	"SSc-ILD"	"SSC/15491/14"	6	6	36	5	2	0.138888888888889	0.333333333333333	"N5"
"SSC_15491_14__SSC_15491_14__N3C102"	"N2"	"SSC/15491/14"	"SSc-ILD"	"SSC/15491/14"	6	6	36	0	0	0	0	"N5"
"SSC_15491_14__SSC_15491_14__N3C102"	"N3"	"SSC/15491/14"	"SSc-ILD"	"SSC/15491/14"	6	6	36	0	0	0	0	"N5"
"SSC_15491_14__SSC_15491_14__N3C102"	"N4"	"SSC/15491/14"	"SSc-ILD"	"SSC/15491/14"	6	6	36	0	0	0	0	"N5"
"SSC_15491_14__SSC_15491_14__N3C102"	"N5"	"SSC/15491/14"	"SSc-ILD"	"SSC/15491/14"	6	6	36	21	5	0.583333333333333	0.833333333333333	"N5"
"SSC_15491_14__SSC_15491_14__N3C102"	"N6"	"SSC/15491/14"	"SSc-ILD"	"SSC/15491/14"	6	6	36	0	0	0	0	"N5"
"SSC_15491_14__SSC_15491_14__N3C102"	"N7"	"SSC/15491/14"	"SSc-ILD"	"SSC/15491/14"	6	6	36	3	3	0.0833333333333333	0.5	"N5"
"SSC_15491_14__SSC_15491_14__N3C102"	"N8"	"SSC/15491/14"	"SSc-ILD"	"SSC/15491/14"	6	6	36	7	3	0.194444444444444	0.5	"N5"
"SSC_15491_14__SSC_15491_14__N3C103"	"N1"	"SSC/15491/14"	"SSc-ILD"	"SSC/15491/14"	2	2	14	2	2	0.142857142857143	1	"N5"
"SSC_15491_14__SSC_15491_14__N3C103"	"N2"	"SSC/15491/14"	"SSc-ILD"	"SSC/15491/14"	2	2	14	0	0	0	0	"N5"
"SSC_15491_14__SSC_15491_14__N3C103"	"N3"	"SSC/15491/14"	"SSc-ILD"	"SSC/15491/14"	2	2	14	0	0	0	0	"N5"
"SSC_15491_14__SSC_15491_14__N3C103"	"N4"	"SSC/15491/14"	"SSc-ILD"	"SSC/15491/14"	2	2	14	0	0	0	0	"N5"
"SSC_15491_14__SSC_15491_14__N3C103"	"N5"	"SSC/15491/14"	"SSc-ILD"	"SSC/15491/14"	2	2	14	5	2	0.357142857142857	1	"N5"
"SSC_15491_14__SSC_15491_14__N3C103"	"N6"	"SSC/15491/14"	"SSc-ILD"	"SSC/15491/14"	2	2	14	2	2	0.142857142857143	1	"N5"
"SSC_15491_14__SSC_15491_14__N3C103"	"N7"	"SSC/15491/14"	"SSc-ILD"	"SSC/15491/14"	2	2	14	2	2	0.142857142857143	1	"N5"
"SSC_15491_14__SSC_15491_14__N3C103"	"N8"	"SSC/15491/14"	"SSc-ILD"	"SSC/15491/14"	2	2	14	3	2	0.214285714285714	1	"N5"
"SSC_15491_14__SSC_15491_14__N3C104"	"N1"	"SSC/15491/14"	"SSc-ILD"	"SSC/15491/14"	2	2	14	8	2	0.571428571428571	1	"N1"
"SSC_15491_14__SSC_15491_14__N3C104"	"N2"	"SSC/15491/14"	"SSc-ILD"	"SSC/15491/14"	2	2	14	0	0	0	0	"N1"
"SSC_15491_14__SSC_15491_14__N3C104"	"N3"	"SSC/15491/14"	"SSc-ILD"	"SSC/15491/14"	2	2	14	0	0	0	0	"N1"
"SSC_15491_14__SSC_15491_14__N3C104"	"N4"	"SSC/15491/14"	"SSc-ILD"	"SSC/15491/14"	2	2	14	0	0	0	0	"N1"
"SSC_15491_14__SSC_15491_14__N3C104"	"N5"	"SSC/15491/14"	"SSc-ILD"	"SSC/15491/14"	2	2	14	2	1	0.142857142857143	0.5	"N1"
"SSC_15491_14__SSC_15491_14__N3C104"	"N6"	"SSC/15491/14"	"SSc-ILD"	"SSC/15491/14"	2	2	14	0	0	0	0	"N1"
"SSC_15491_14__SSC_15491_14__N3C104"	"N7"	"SSC/15491/14"	"SSc-ILD"	"SSC/15491/14"	2	2	14	2	2	0.142857142857143	1	"N1"
"SSC_15491_14__SSC_15491_14__N3C104"	"N8"	"SSC/15491/14"	"SSc-ILD"	"SSC/15491/14"	2	2	14	2	2	0.142857142857143	1	"N1"
"SSC_15491_14__SSC_15491_14__N3C105"	"N1"	"SSC/15491/14"	"SSc-ILD"	"SSC/15491/14"	2	2	14	5	2	0.357142857142857	1	"N1; N8"
"SSC_15491_14__SSC_15491_14__N3C105"	"N2"	"SSC/15491/14"	"SSc-ILD"	"SSC/15491/14"	2	2	14	0	0	0	0	"N1; N8"
"SSC_15491_14__SSC_15491_14__N3C105"	"N3"	"SSC/15491/14"	"SSc-ILD"	"SSC/15491/14"	2	2	14	0	0	0	0	"N1; N8"
"SSC_15491_14__SSC_15491_14__N3C105"	"N4"	"SSC/15491/14"	"SSc-ILD"	"SSC/15491/14"	2	2	14	0	0	0	0	"N1; N8"
"SSC_15491_14__SSC_15491_14__N3C105"	"N5"	"SSC/15491/14"	"SSc-ILD"	"SSC/15491/14"	2	2	14	2	2	0.142857142857143	1	"N1; N8"
"SSC_15491_14__SSC_15491_14__N3C105"	"N6"	"SSC/15491/14"	"SSc-ILD"	"SSC/15491/14"	2	2	14	0	0	0	0	"N1; N8"
"SSC_15491_14__SSC_15491_14__N3C105"	"N7"	"SSC/15491/14"	"SSc-ILD"	"SSC/15491/14"	2	2	14	2	2	0.142857142857143	1	"N1; N8"
"SSC_15491_14__SSC_15491_14__N3C105"	"N8"	"SSC/15491/14"	"SSc-ILD"	"SSC/15491/14"	2	2	14	5	2	0.357142857142857	1	"N1; N8"
"SSC_15491_14__SSC_15491_14__N3C106"	"N1"	"SSC/15491/14"	"SSc-ILD"	"SSC/15491/14"	22	21	84	14	9	0.166666666666667	0.428571428571429	"N5"
"SSC_15491_14__SSC_15491_14__N3C106"	"N2"	"SSC/15491/14"	"SSc-ILD"	"SSC/15491/14"	22	21	84	0	0	0	0	"N5"
"SSC_15491_14__SSC_15491_14__N3C106"	"N3"	"SSC/15491/14"	"SSc-ILD"	"SSC/15491/14"	22	21	84	0	0	0	0	"N5"
"SSC_15491_14__SSC_15491_14__N3C106"	"N4"	"SSC/15491/14"	"SSc-ILD"	"SSC/15491/14"	22	21	84	0	0	0	0	"N5"
"SSC_15491_14__SSC_15491_14__N3C106"	"N5"	"SSC/15491/14"	"SSc-ILD"	"SSC/15491/14"	22	21	84	34	14	0.404761904761905	0.666666666666667	"N5"
"SSC_15491_14__SSC_15491_14__N3C106"	"N6"	"SSC/15491/14"	"SSc-ILD"	"SSC/15491/14"	22	21	84	3	2	0.0357142857142857	0.0952380952380952	"N5"
"SSC_15491_14__SSC_15491_14__N3C106"	"N7"	"SSC/15491/14"	"SSc-ILD"	"SSC/15491/14"	22	21	84	4	4	0.0476190476190476	0.19047619047619	"N5"
"SSC_15491_14__SSC_15491_14__N3C106"	"N8"	"SSC/15491/14"	"SSc-ILD"	"SSC/15491/14"	22	21	84	29	14	0.345238095238095	0.666666666666667	"N5"
"SSC_15491_14__SSC_15491_14__N3C107"	"N1"	"SSC/15491/14"	"SSc-ILD"	"SSC/15491/14"	3	3	20	0	0	0	0	"N5"
"SSC_15491_14__SSC_15491_14__N3C107"	"N2"	"SSC/15491/14"	"SSc-ILD"	"SSC/15491/14"	3	3	20	0	0	0	0	"N5"
"SSC_15491_14__SSC_15491_14__N3C107"	"N3"	"SSC/15491/14"	"SSc-ILD"	"SSC/15491/14"	3	3	20	0	0	0	0	"N5"
"SSC_15491_14__SSC_15491_14__N3C107"	"N4"	"SSC/15491/14"	"SSc-ILD"	"SSC/15491/14"	3	3	20	0	0	0	0	"N5"
"SSC_15491_14__SSC_15491_14__N3C107"	"N5"	"SSC/15491/14"	"SSc-ILD"	"SSC/15491/14"	3	3	20	11	3	0.55	1	"N5"
"SSC_15491_14__SSC_15491_14__N3C107"	"N6"	"SSC/15491/14"	"SSc-ILD"	"SSC/15491/14"	3	3	20	0	0	0	0	"N5"
"SSC_15491_14__SSC_15491_14__N3C107"	"N7"	"SSC/15491/14"	"SSc-ILD"	"SSC/15491/14"	3	3	20	1	1	0.05	0.333333333333333	"N5"
"SSC_15491_14__SSC_15491_14__N3C107"	"N8"	"SSC/15491/14"	"SSc-ILD"	"SSC/15491/14"	3	3	20	8	3	0.4	1	"N5"
"SSC_15491_14__SSC_15491_14__N3C108"	"N1"	"SSC/15491/14"	"SSc-ILD"	"SSC/15491/14"	1	1	8	3	1	0.375	1	"N1; N7"
"SSC_15491_14__SSC_15491_14__N3C108"	"N2"	"SSC/15491/14"	"SSc-ILD"	"SSC/15491/14"	1	1	8	0	0	0	0	"N1; N7"
"SSC_15491_14__SSC_15491_14__N3C108"	"N3"	"SSC/15491/14"	"SSc-ILD"	"SSC/15491/14"	1	1	8	0	0	0	0	"N1; N7"
"SSC_15491_14__SSC_15491_14__N3C108"	"N4"	"SSC/15491/14"	"SSc-ILD"	"SSC/15491/14"	1	1	8	0	0	0	0	"N1; N7"
"SSC_15491_14__SSC_15491_14__N3C108"	"N5"	"SSC/15491/14"	"SSc-ILD"	"SSC/15491/14"	1	1	8	1	1	0.125	1	"N1; N7"
"SSC_15491_14__SSC_15491_14__N3C108"	"N6"	"SSC/15491/14"	"SSc-ILD"	"SSC/15491/14"	1	1	8	1	1	0.125	1	"N1; N7"
"SSC_15491_14__SSC_15491_14__N3C108"	"N7"	"SSC/15491/14"	"SSc-ILD"	"SSC/15491/14"	1	1	8	3	1	0.375	1	"N1; N7"
"SSC_15491_14__SSC_15491_14__N3C108"	"N8"	"SSC/15491/14"	"SSc-ILD"	"SSC/15491/14"	1	1	8	0	0	0	0	"N1; N7"
"SSC_15491_14__SSC_15491_14__N3C109"	"N1"	"SSC/15491/14"	"SSc-ILD"	"SSC/15491/14"	9	9	44	9	6	0.204545454545455	0.666666666666667	"N5; N8"
"SSC_15491_14__SSC_15491_14__N3C109"	"N2"	"SSC/15491/14"	"SSc-ILD"	"SSC/15491/14"	9	9	44	0	0	0	0	"N5; N8"
"SSC_15491_14__SSC_15491_14__N3C109"	"N3"	"SSC/15491/14"	"SSc-ILD"	"SSC/15491/14"	9	9	44	0	0	0	0	"N5; N8"
"SSC_15491_14__SSC_15491_14__N3C109"	"N4"	"SSC/15491/14"	"SSc-ILD"	"SSC/15491/14"	9	9	44	0	0	0	0	"N5; N8"
"SSC_15491_14__SSC_15491_14__N3C109"	"N5"	"SSC/15491/14"	"SSc-ILD"	"SSC/15491/14"	9	9	44	13	6	0.295454545454545	0.666666666666667	"N5; N8"
"SSC_15491_14__SSC_15491_14__N3C109"	"N6"	"SSC/15491/14"	"SSc-ILD"	"SSC/15491/14"	9	9	44	0	0	0	0	"N5; N8"
"SSC_15491_14__SSC_15491_14__N3C109"	"N7"	"SSC/15491/14"	"SSc-ILD"	"SSC/15491/14"	9	9	44	9	4	0.204545454545455	0.444444444444444	"N5; N8"
"SSC_15491_14__SSC_15491_14__N3C109"	"N8"	"SSC/15491/14"	"SSc-ILD"	"SSC/15491/14"	9	9	44	13	9	0.295454545454545	1	"N5; N8"
"SSC_15491_14__SSC_15491_14__N3C110"	"N1"	"SSC/15491/14"	"SSc-ILD"	"SSC/15491/14"	2	2	14	0	0	0	0	"N5"
"SSC_15491_14__SSC_15491_14__N3C110"	"N2"	"SSC/15491/14"	"SSc-ILD"	"SSC/15491/14"	2	2	14	0	0	0	0	"N5"
"SSC_15491_14__SSC_15491_14__N3C110"	"N3"	"SSC/15491/14"	"SSc-ILD"	"SSC/15491/14"	2	2	14	0	0	0	0	"N5"
"SSC_15491_14__SSC_15491_14__N3C110"	"N4"	"SSC/15491/14"	"SSc-ILD"	"SSC/15491/14"	2	2	14	0	0	0	0	"N5"
"SSC_15491_14__SSC_15491_14__N3C110"	"N5"	"SSC/15491/14"	"SSc-ILD"	"SSC/15491/14"	2	2	14	8	2	0.571428571428571	1	"N5"
"SSC_15491_14__SSC_15491_14__N3C110"	"N6"	"SSC/15491/14"	"SSc-ILD"	"SSC/15491/14"	2	2	14	0	0	0	0	"N5"
"SSC_15491_14__SSC_15491_14__N3C110"	"N7"	"SSC/15491/14"	"SSc-ILD"	"SSC/15491/14"	2	2	14	2	1	0.142857142857143	0.5	"N5"
"SSC_15491_14__SSC_15491_14__N3C110"	"N8"	"SSC/15491/14"	"SSc-ILD"	"SSC/15491/14"	2	2	14	4	2	0.285714285714286	1	"N5"
"SSC_15491_14__SSC_15491_14__N3C111"	"N1"	"SSC/15491/14"	"SSc-ILD"	"SSC/15491/14"	1	1	8	5	1	0.625	1	"N1"
"SSC_15491_14__SSC_15491_14__N3C111"	"N2"	"SSC/15491/14"	"SSc-ILD"	"SSC/15491/14"	1	1	8	0	0	0	0	"N1"
"SSC_15491_14__SSC_15491_14__N3C111"	"N3"	"SSC/15491/14"	"SSc-ILD"	"SSC/15491/14"	1	1	8	0	0	0	0	"N1"
"SSC_15491_14__SSC_15491_14__N3C111"	"N4"	"SSC/15491/14"	"SSc-ILD"	"SSC/15491/14"	1	1	8	0	0	0	0	"N1"
"SSC_15491_14__SSC_15491_14__N3C111"	"N5"	"SSC/15491/14"	"SSc-ILD"	"SSC/15491/14"	1	1	8	0	0	0	0	"N1"
"SSC_15491_14__SSC_15491_14__N3C111"	"N6"	"SSC/15491/14"	"SSc-ILD"	"SSC/15491/14"	1	1	8	0	0	0	0	"N1"
"SSC_15491_14__SSC_15491_14__N3C111"	"N7"	"SSC/15491/14"	"SSc-ILD"	"SSC/15491/14"	1	1	8	1	1	0.125	1	"N1"
"SSC_15491_14__SSC_15491_14__N3C111"	"N8"	"SSC/15491/14"	"SSc-ILD"	"SSC/15491/14"	1	1	8	2	1	0.25	1	"N1"
"SSC_15491_14__SSC_15491_14__N3C112"	"N1"	"SSC/15491/14"	"SSc-ILD"	"SSC/15491/14"	14	14	62	8	7	0.129032258064516	0.5	"N5; N8"
"SSC_15491_14__SSC_15491_14__N3C112"	"N2"	"SSC/15491/14"	"SSc-ILD"	"SSC/15491/14"	14	14	62	0	0	0	0	"N5; N8"
"SSC_15491_14__SSC_15491_14__N3C112"	"N3"	"SSC/15491/14"	"SSc-ILD"	"SSC/15491/14"	14	14	62	0	0	0	0	"N5; N8"
"SSC_15491_14__SSC_15491_14__N3C112"	"N4"	"SSC/15491/14"	"SSc-ILD"	"SSC/15491/14"	14	14	62	0	0	0	0	"N5; N8"
"SSC_15491_14__SSC_15491_14__N3C112"	"N5"	"SSC/15491/14"	"SSc-ILD"	"SSC/15491/14"	14	14	62	23	12	0.370967741935484	0.857142857142857	"N5; N8"
"SSC_15491_14__SSC_15491_14__N3C112"	"N6"	"SSC/15491/14"	"SSc-ILD"	"SSC/15491/14"	14	14	62	1	1	0.0161290322580645	0.0714285714285714	"N5; N8"
"SSC_15491_14__SSC_15491_14__N3C112"	"N7"	"SSC/15491/14"	"SSc-ILD"	"SSC/15491/14"	14	14	62	7	5	0.112903225806452	0.357142857142857	"N5; N8"
"SSC_15491_14__SSC_15491_14__N3C112"	"N8"	"SSC/15491/14"	"SSc-ILD"	"SSC/15491/14"	14	14	62	23	12	0.370967741935484	0.857142857142857	"N5; N8"
"SSC_15491_14__SSC_15491_14__N3C113"	"N1"	"SSC/15491/14"	"SSc-ILD"	"SSC/15491/14"	1	1	5	2	1	0.4	1	"N1"
"SSC_15491_14__SSC_15491_14__N3C113"	"N2"	"SSC/15491/14"	"SSc-ILD"	"SSC/15491/14"	1	1	5	1	1	0.2	1	"N1"
"SSC_15491_14__SSC_15491_14__N3C113"	"N3"	"SSC/15491/14"	"SSc-ILD"	"SSC/15491/14"	1	1	5	0	0	0	0	"N1"
"SSC_15491_14__SSC_15491_14__N3C113"	"N4"	"SSC/15491/14"	"SSc-ILD"	"SSC/15491/14"	1	1	5	0	0	0	0	"N1"
"SSC_15491_14__SSC_15491_14__N3C113"	"N5"	"SSC/15491/14"	"SSc-ILD"	"SSC/15491/14"	1	1	5	1	1	0.2	1	"N1"
"SSC_15491_14__SSC_15491_14__N3C113"	"N6"	"SSC/15491/14"	"SSc-ILD"	"SSC/15491/14"	1	1	5	1	1	0.2	1	"N1"
"SSC_15491_14__SSC_15491_14__N3C113"	"N7"	"SSC/15491/14"	"SSc-ILD"	"SSC/15491/14"	1	1	5	0	0	0	0	"N1"
"SSC_15491_14__SSC_15491_14__N3C113"	"N8"	"SSC/15491/14"	"SSc-ILD"	"SSC/15491/14"	1	1	5	0	0	0	0	"N1"
"SSC_15491_14__SSC_15491_14__N3C114"	"N1"	"SSC/15491/14"	"SSc-ILD"	"SSC/15491/14"	2	2	14	3	2	0.214285714285714	1	"N8"
"SSC_15491_14__SSC_15491_14__N3C114"	"N2"	"SSC/15491/14"	"SSc-ILD"	"SSC/15491/14"	2	2	14	0	0	0	0	"N8"
"SSC_15491_14__SSC_15491_14__N3C114"	"N3"	"SSC/15491/14"	"SSc-ILD"	"SSC/15491/14"	2	2	14	0	0	0	0	"N8"
"SSC_15491_14__SSC_15491_14__N3C114"	"N4"	"SSC/15491/14"	"SSc-ILD"	"SSC/15491/14"	2	2	14	0	0	0	0	"N8"
"SSC_15491_14__SSC_15491_14__N3C114"	"N5"	"SSC/15491/14"	"SSc-ILD"	"SSC/15491/14"	2	2	14	1	1	0.0714285714285714	0.5	"N8"
"SSC_15491_14__SSC_15491_14__N3C114"	"N6"	"SSC/15491/14"	"SSc-ILD"	"SSC/15491/14"	2	2	14	1	1	0.0714285714285714	0.5	"N8"
"SSC_15491_14__SSC_15491_14__N3C114"	"N7"	"SSC/15491/14"	"SSc-ILD"	"SSC/15491/14"	2	2	14	0	0	0	0	"N8"
"SSC_15491_14__SSC_15491_14__N3C114"	"N8"	"SSC/15491/14"	"SSc-ILD"	"SSC/15491/14"	2	2	14	9	2	0.642857142857143	1	"N8"
"SSC_15491_14__SSC_15491_14__N3C115"	"N1"	"SSC/15491/14"	"SSc-ILD"	"SSC/15491/14"	24	24	84	21	12	0.25	0.5	"N5"
"SSC_15491_14__SSC_15491_14__N3C115"	"N2"	"SSC/15491/14"	"SSc-ILD"	"SSC/15491/14"	24	24	84	0	0	0	0	"N5"
"SSC_15491_14__SSC_15491_14__N3C115"	"N3"	"SSC/15491/14"	"SSc-ILD"	"SSC/15491/14"	24	24	84	0	0	0	0	"N5"
"SSC_15491_14__SSC_15491_14__N3C115"	"N4"	"SSC/15491/14"	"SSc-ILD"	"SSC/15491/14"	24	24	84	0	0	0	0	"N5"
"SSC_15491_14__SSC_15491_14__N3C115"	"N5"	"SSC/15491/14"	"SSc-ILD"	"SSC/15491/14"	24	24	84	33	16	0.392857142857143	0.666666666666667	"N5"
"SSC_15491_14__SSC_15491_14__N3C115"	"N6"	"SSC/15491/14"	"SSc-ILD"	"SSC/15491/14"	24	24	84	0	0	0	0	"N5"
"SSC_15491_14__SSC_15491_14__N3C115"	"N7"	"SSC/15491/14"	"SSc-ILD"	"SSC/15491/14"	24	24	84	26	15	0.30952380952381	0.625	"N5"
"SSC_15491_14__SSC_15491_14__N3C115"	"N8"	"SSC/15491/14"	"SSc-ILD"	"SSC/15491/14"	24	24	84	4	4	0.0476190476190476	0.166666666666667	"N5"
"SSC_15491_14__SSC_15491_14__N3C116"	"N1"	"SSC/15491/14"	"SSc-ILD"	"SSC/15491/14"	1	1	8	1	1	0.125	1	"N5"
"SSC_15491_14__SSC_15491_14__N3C116"	"N2"	"SSC/15491/14"	"SSc-ILD"	"SSC/15491/14"	1	1	8	0	0	0	0	"N5"
"SSC_15491_14__SSC_15491_14__N3C116"	"N3"	"SSC/15491/14"	"SSc-ILD"	"SSC/15491/14"	1	1	8	0	0	0	0	"N5"
"SSC_15491_14__SSC_15491_14__N3C116"	"N4"	"SSC/15491/14"	"SSc-ILD"	"SSC/15491/14"	1	1	8	0	0	0	0	"N5"
"SSC_15491_14__SSC_15491_14__N3C116"	"N5"	"SSC/15491/14"	"SSc-ILD"	"SSC/15491/14"	1	1	8	6	1	0.75	1	"N5"
"SSC_15491_14__SSC_15491_14__N3C116"	"N6"	"SSC/15491/14"	"SSc-ILD"	"SSC/15491/14"	1	1	8	0	0	0	0	"N5"
"SSC_15491_14__SSC_15491_14__N3C116"	"N7"	"SSC/15491/14"	"SSc-ILD"	"SSC/15491/14"	1	1	8	0	0	0	0	"N5"
"SSC_15491_14__SSC_15491_14__N3C116"	"N8"	"SSC/15491/14"	"SSc-ILD"	"SSC/15491/14"	1	1	8	1	1	0.125	1	"N5"
"SSC_15491_14__SSC_15491_14__N3C117"	"N1"	"SSC/15491/14"	"SSc-ILD"	"SSC/15491/14"	1	1	8	3	1	0.375	1	"N1"
"SSC_15491_14__SSC_15491_14__N3C117"	"N2"	"SSC/15491/14"	"SSc-ILD"	"SSC/15491/14"	1	1	8	0	0	0	0	"N1"
"SSC_15491_14__SSC_15491_14__N3C117"	"N3"	"SSC/15491/14"	"SSc-ILD"	"SSC/15491/14"	1	1	8	0	0	0	0	"N1"
"SSC_15491_14__SSC_15491_14__N3C117"	"N4"	"SSC/15491/14"	"SSc-ILD"	"SSC/15491/14"	1	1	8	0	0	0	0	"N1"
"SSC_15491_14__SSC_15491_14__N3C117"	"N5"	"SSC/15491/14"	"SSc-ILD"	"SSC/15491/14"	1	1	8	2	1	0.25	1	"N1"
"SSC_15491_14__SSC_15491_14__N3C117"	"N6"	"SSC/15491/14"	"SSc-ILD"	"SSC/15491/14"	1	1	8	0	0	0	0	"N1"
"SSC_15491_14__SSC_15491_14__N3C117"	"N7"	"SSC/15491/14"	"SSc-ILD"	"SSC/15491/14"	1	1	8	1	1	0.125	1	"N1"
"SSC_15491_14__SSC_15491_14__N3C117"	"N8"	"SSC/15491/14"	"SSc-ILD"	"SSC/15491/14"	1	1	8	2	1	0.25	1	"N1"
"SSC_15491_14__SSC_15491_14__N3C118"	"N1"	"SSC/15491/14"	"SSc-ILD"	"SSC/15491/14"	2	2	13	6	2	0.461538461538462	1	"N1"
"SSC_15491_14__SSC_15491_14__N3C118"	"N2"	"SSC/15491/14"	"SSc-ILD"	"SSC/15491/14"	2	2	13	0	0	0	0	"N1"
"SSC_15491_14__SSC_15491_14__N3C118"	"N3"	"SSC/15491/14"	"SSc-ILD"	"SSC/15491/14"	2	2	13	0	0	0	0	"N1"
"SSC_15491_14__SSC_15491_14__N3C118"	"N4"	"SSC/15491/14"	"SSc-ILD"	"SSC/15491/14"	2	2	13	0	0	0	0	"N1"
"SSC_15491_14__SSC_15491_14__N3C118"	"N5"	"SSC/15491/14"	"SSc-ILD"	"SSC/15491/14"	2	2	13	3	2	0.230769230769231	1	"N1"
"SSC_15491_14__SSC_15491_14__N3C118"	"N6"	"SSC/15491/14"	"SSc-ILD"	"SSC/15491/14"	2	2	13	0	0	0	0	"N1"
"SSC_15491_14__SSC_15491_14__N3C118"	"N7"	"SSC/15491/14"	"SSc-ILD"	"SSC/15491/14"	2	2	13	0	0	0	0	"N1"
"SSC_15491_14__SSC_15491_14__N3C118"	"N8"	"SSC/15491/14"	"SSc-ILD"	"SSC/15491/14"	2	2	13	4	2	0.307692307692308	1	"N1"
"SSC_15491_14__SSC_15491_14__N3C119"	"N1"	"SSC/15491/14"	"SSc-ILD"	"SSC/15491/14"	1	1	8	4	1	0.5	1	"N1"
"SSC_15491_14__SSC_15491_14__N3C119"	"N2"	"SSC/15491/14"	"SSc-ILD"	"SSC/15491/14"	1	1	8	1	1	0.125	1	"N1"
"SSC_15491_14__SSC_15491_14__N3C119"	"N3"	"SSC/15491/14"	"SSc-ILD"	"SSC/15491/14"	1	1	8	0	0	0	0	"N1"
"SSC_15491_14__SSC_15491_14__N3C119"	"N4"	"SSC/15491/14"	"SSc-ILD"	"SSC/15491/14"	1	1	8	0	0	0	0	"N1"
"SSC_15491_14__SSC_15491_14__N3C119"	"N5"	"SSC/15491/14"	"SSc-ILD"	"SSC/15491/14"	1	1	8	1	1	0.125	1	"N1"
"SSC_15491_14__SSC_15491_14__N3C119"	"N6"	"SSC/15491/14"	"SSc-ILD"	"SSC/15491/14"	1	1	8	0	0	0	0	"N1"
"SSC_15491_14__SSC_15491_14__N3C119"	"N7"	"SSC/15491/14"	"SSc-ILD"	"SSC/15491/14"	1	1	8	0	0	0	0	"N1"
"SSC_15491_14__SSC_15491_14__N3C119"	"N8"	"SSC/15491/14"	"SSc-ILD"	"SSC/15491/14"	1	1	8	2	1	0.25	1	"N1"
"SSC_15491_14__SSC_15491_14__N3C120"	"N1"	"SSC/15491/14"	"SSc-ILD"	"SSC/15491/14"	1	1	8	1	1	0.125	1	"N5"
"SSC_15491_14__SSC_15491_14__N3C120"	"N2"	"SSC/15491/14"	"SSc-ILD"	"SSC/15491/14"	1	1	8	0	0	0	0	"N5"
"SSC_15491_14__SSC_15491_14__N3C120"	"N3"	"SSC/15491/14"	"SSc-ILD"	"SSC/15491/14"	1	1	8	0	0	0	0	"N5"
"SSC_15491_14__SSC_15491_14__N3C120"	"N4"	"SSC/15491/14"	"SSc-ILD"	"SSC/15491/14"	1	1	8	0	0	0	0	"N5"
"SSC_15491_14__SSC_15491_14__N3C120"	"N5"	"SSC/15491/14"	"SSc-ILD"	"SSC/15491/14"	1	1	8	3	1	0.375	1	"N5"
"SSC_15491_14__SSC_15491_14__N3C120"	"N6"	"SSC/15491/14"	"SSc-ILD"	"SSC/15491/14"	1	1	8	0	0	0	0	"N5"
"SSC_15491_14__SSC_15491_14__N3C120"	"N7"	"SSC/15491/14"	"SSc-ILD"	"SSC/15491/14"	1	1	8	2	1	0.25	1	"N5"
"SSC_15491_14__SSC_15491_14__N3C120"	"N8"	"SSC/15491/14"	"SSc-ILD"	"SSC/15491/14"	1	1	8	2	1	0.25	1	"N5"
"SSC_15491_14__SSC_15491_14__N3C121"	"N1"	"SSC/15491/14"	"SSc-ILD"	"SSC/15491/14"	1	1	8	0	0	0	0	"N5"
"SSC_15491_14__SSC_15491_14__N3C121"	"N2"	"SSC/15491/14"	"SSc-ILD"	"SSC/15491/14"	1	1	8	0	0	0	0	"N5"
"SSC_15491_14__SSC_15491_14__N3C121"	"N3"	"SSC/15491/14"	"SSc-ILD"	"SSC/15491/14"	1	1	8	0	0	0	0	"N5"
"SSC_15491_14__SSC_15491_14__N3C121"	"N4"	"SSC/15491/14"	"SSc-ILD"	"SSC/15491/14"	1	1	8	0	0	0	0	"N5"
"SSC_15491_14__SSC_15491_14__N3C121"	"N5"	"SSC/15491/14"	"SSc-ILD"	"SSC/15491/14"	1	1	8	6	1	0.75	1	"N5"
"SSC_15491_14__SSC_15491_14__N3C121"	"N6"	"SSC/15491/14"	"SSc-ILD"	"SSC/15491/14"	1	1	8	0	0	0	0	"N5"
"SSC_15491_14__SSC_15491_14__N3C121"	"N7"	"SSC/15491/14"	"SSc-ILD"	"SSC/15491/14"	1	1	8	2	1	0.25	1	"N5"
"SSC_15491_14__SSC_15491_14__N3C121"	"N8"	"SSC/15491/14"	"SSc-ILD"	"SSC/15491/14"	1	1	8	0	0	0	0	"N5"
"SSC_15491_14__SSC_15491_14__N3C122"	"N1"	"SSC/15491/14"	"SSc-ILD"	"SSC/15491/14"	1	1	8	1	1	0.125	1	"N7"
"SSC_15491_14__SSC_15491_14__N3C122"	"N2"	"SSC/15491/14"	"SSc-ILD"	"SSC/15491/14"	1	1	8	0	0	0	0	"N7"
"SSC_15491_14__SSC_15491_14__N3C122"	"N3"	"SSC/15491/14"	"SSc-ILD"	"SSC/15491/14"	1	1	8	0	0	0	0	"N7"
"SSC_15491_14__SSC_15491_14__N3C122"	"N4"	"SSC/15491/14"	"SSc-ILD"	"SSC/15491/14"	1	1	8	0	0	0	0	"N7"
"SSC_15491_14__SSC_15491_14__N3C122"	"N5"	"SSC/15491/14"	"SSc-ILD"	"SSC/15491/14"	1	1	8	1	1	0.125	1	"N7"
"SSC_15491_14__SSC_15491_14__N3C122"	"N6"	"SSC/15491/14"	"SSc-ILD"	"SSC/15491/14"	1	1	8	0	0	0	0	"N7"
"SSC_15491_14__SSC_15491_14__N3C122"	"N7"	"SSC/15491/14"	"SSc-ILD"	"SSC/15491/14"	1	1	8	6	1	0.75	1	"N7"
"SSC_15491_14__SSC_15491_14__N3C122"	"N8"	"SSC/15491/14"	"SSc-ILD"	"SSC/15491/14"	1	1	8	0	0	0	0	"N7"
"SSC_15491_14__SSC_15491_14__N3C123"	"N1"	"SSC/15491/14"	"SSc-ILD"	"SSC/15491/14"	1	1	5	2	1	0.4	1	"N8"
"SSC_15491_14__SSC_15491_14__N3C123"	"N2"	"SSC/15491/14"	"SSc-ILD"	"SSC/15491/14"	1	1	5	0	0	0	0	"N8"
"SSC_15491_14__SSC_15491_14__N3C123"	"N3"	"SSC/15491/14"	"SSc-ILD"	"SSC/15491/14"	1	1	5	0	0	0	0	"N8"
"SSC_15491_14__SSC_15491_14__N3C123"	"N4"	"SSC/15491/14"	"SSc-ILD"	"SSC/15491/14"	1	1	5	0	0	0	0	"N8"
"SSC_15491_14__SSC_15491_14__N3C123"	"N5"	"SSC/15491/14"	"SSc-ILD"	"SSC/15491/14"	1	1	5	0	0	0	0	"N8"
"SSC_15491_14__SSC_15491_14__N3C123"	"N6"	"SSC/15491/14"	"SSc-ILD"	"SSC/15491/14"	1	1	5	0	0	0	0	"N8"
"SSC_15491_14__SSC_15491_14__N3C123"	"N7"	"SSC/15491/14"	"SSc-ILD"	"SSC/15491/14"	1	1	5	0	0	0	0	"N8"
"SSC_15491_14__SSC_15491_14__N3C123"	"N8"	"SSC/15491/14"	"SSc-ILD"	"SSC/15491/14"	1	1	5	3	1	0.6	1	"N8"
"SSC_15491_14__SSC_15491_14__N3C124"	"N1"	"SSC/15491/14"	"SSc-ILD"	"SSC/15491/14"	6	6	28	9	3	0.321428571428571	0.5	"N5"
"SSC_15491_14__SSC_15491_14__N3C124"	"N2"	"SSC/15491/14"	"SSc-ILD"	"SSC/15491/14"	6	6	28	0	0	0	0	"N5"
"SSC_15491_14__SSC_15491_14__N3C124"	"N3"	"SSC/15491/14"	"SSc-ILD"	"SSC/15491/14"	6	6	28	0	0	0	0	"N5"
"SSC_15491_14__SSC_15491_14__N3C124"	"N4"	"SSC/15491/14"	"SSc-ILD"	"SSC/15491/14"	6	6	28	0	0	0	0	"N5"
"SSC_15491_14__SSC_15491_14__N3C124"	"N5"	"SSC/15491/14"	"SSc-ILD"	"SSC/15491/14"	6	6	28	13	6	0.464285714285714	1	"N5"
"SSC_15491_14__SSC_15491_14__N3C124"	"N6"	"SSC/15491/14"	"SSc-ILD"	"SSC/15491/14"	6	6	28	3	3	0.107142857142857	0.5	"N5"
"SSC_15491_14__SSC_15491_14__N3C124"	"N7"	"SSC/15491/14"	"SSc-ILD"	"SSC/15491/14"	6	6	28	0	0	0	0	"N5"
"SSC_15491_14__SSC_15491_14__N3C124"	"N8"	"SSC/15491/14"	"SSc-ILD"	"SSC/15491/14"	6	6	28	3	2	0.107142857142857	0.333333333333333	"N5"
"SSC_15491_14__SSC_15491_14__N3C125"	"N1"	"SSC/15491/14"	"SSc-ILD"	"SSC/15491/14"	1	1	8	0	0	0	0	"N8"
"SSC_15491_14__SSC_15491_14__N3C125"	"N2"	"SSC/15491/14"	"SSc-ILD"	"SSC/15491/14"	1	1	8	0	0	0	0	"N8"
"SSC_15491_14__SSC_15491_14__N3C125"	"N3"	"SSC/15491/14"	"SSc-ILD"	"SSC/15491/14"	1	1	8	0	0	0	0	"N8"
"SSC_15491_14__SSC_15491_14__N3C125"	"N4"	"SSC/15491/14"	"SSc-ILD"	"SSC/15491/14"	1	1	8	0	0	0	0	"N8"
"SSC_15491_14__SSC_15491_14__N3C125"	"N5"	"SSC/15491/14"	"SSc-ILD"	"SSC/15491/14"	1	1	8	3	1	0.375	1	"N8"
"SSC_15491_14__SSC_15491_14__N3C125"	"N6"	"SSC/15491/14"	"SSc-ILD"	"SSC/15491/14"	1	1	8	1	1	0.125	1	"N8"
"SSC_15491_14__SSC_15491_14__N3C125"	"N7"	"SSC/15491/14"	"SSc-ILD"	"SSC/15491/14"	1	1	8	0	0	0	0	"N8"
"SSC_15491_14__SSC_15491_14__N3C125"	"N8"	"SSC/15491/14"	"SSc-ILD"	"SSC/15491/14"	1	1	8	4	1	0.5	1	"N8"
"SSC_15491_14__SSC_15491_14__N3C126"	"N1"	"SSC/15491/14"	"SSc-ILD"	"SSC/15491/14"	29	29	126	38	17	0.301587301587302	0.586206896551724	"N1"
"SSC_15491_14__SSC_15491_14__N3C126"	"N2"	"SSC/15491/14"	"SSc-ILD"	"SSC/15491/14"	29	29	126	0	0	0	0	"N1"
"SSC_15491_14__SSC_15491_14__N3C126"	"N3"	"SSC/15491/14"	"SSc-ILD"	"SSC/15491/14"	29	29	126	0	0	0	0	"N1"
"SSC_15491_14__SSC_15491_14__N3C126"	"N4"	"SSC/15491/14"	"SSc-ILD"	"SSC/15491/14"	29	29	126	0	0	0	0	"N1"
"SSC_15491_14__SSC_15491_14__N3C126"	"N5"	"SSC/15491/14"	"SSc-ILD"	"SSC/15491/14"	29	29	126	27	18	0.214285714285714	0.620689655172414	"N1"
"SSC_15491_14__SSC_15491_14__N3C126"	"N6"	"SSC/15491/14"	"SSc-ILD"	"SSC/15491/14"	29	29	126	1	1	0.00793650793650794	0.0344827586206897	"N1"
"SSC_15491_14__SSC_15491_14__N3C126"	"N7"	"SSC/15491/14"	"SSc-ILD"	"SSC/15491/14"	29	29	126	23	14	0.182539682539683	0.482758620689655	"N1"
"SSC_15491_14__SSC_15491_14__N3C126"	"N8"	"SSC/15491/14"	"SSc-ILD"	"SSC/15491/14"	29	29	126	37	21	0.293650793650794	0.724137931034483	"N1"
"SSC_15491_14__SSC_15491_14__N3C127"	"N1"	"SSC/15491/14"	"SSc-ILD"	"SSC/15491/14"	738	425	1053	509	293	0.48338081671415	0.689411764705882	"N1"
"SSC_15491_14__SSC_15491_14__N3C127"	"N2"	"SSC/15491/14"	"SSc-ILD"	"SSC/15491/14"	738	425	1053	0	0	0	0	"N1"
"SSC_15491_14__SSC_15491_14__N3C127"	"N3"	"SSC/15491/14"	"SSc-ILD"	"SSC/15491/14"	738	425	1053	0	0	0	0	"N1"
"SSC_15491_14__SSC_15491_14__N3C127"	"N4"	"SSC/15491/14"	"SSc-ILD"	"SSC/15491/14"	738	425	1053	0	0	0	0	"N1"
"SSC_15491_14__SSC_15491_14__N3C127"	"N5"	"SSC/15491/14"	"SSc-ILD"	"SSC/15491/14"	738	425	1053	80	60	0.0759734093067426	0.141176470588235	"N1"
"SSC_15491_14__SSC_15491_14__N3C127"	"N6"	"SSC/15491/14"	"SSc-ILD"	"SSC/15491/14"	738	425	1053	0	0	0	0	"N1"
"SSC_15491_14__SSC_15491_14__N3C127"	"N7"	"SSC/15491/14"	"SSc-ILD"	"SSC/15491/14"	738	425	1053	308	166	0.292497625830959	0.390588235294118	"N1"
"SSC_15491_14__SSC_15491_14__N3C127"	"N8"	"SSC/15491/14"	"SSc-ILD"	"SSC/15491/14"	738	425	1053	156	91	0.148148148148148	0.214117647058824	"N1"
"SSC_15491_14__SSC_15491_14__N3C128"	"N1"	"SSC/15491/14"	"SSc-ILD"	"SSC/15491/14"	2	2	14	2	1	0.142857142857143	0.5	"N8"
"SSC_15491_14__SSC_15491_14__N3C128"	"N2"	"SSC/15491/14"	"SSc-ILD"	"SSC/15491/14"	2	2	14	0	0	0	0	"N8"
"SSC_15491_14__SSC_15491_14__N3C128"	"N3"	"SSC/15491/14"	"SSc-ILD"	"SSC/15491/14"	2	2	14	0	0	0	0	"N8"
"SSC_15491_14__SSC_15491_14__N3C128"	"N4"	"SSC/15491/14"	"SSc-ILD"	"SSC/15491/14"	2	2	14	0	0	0	0	"N8"
"SSC_15491_14__SSC_15491_14__N3C128"	"N5"	"SSC/15491/14"	"SSc-ILD"	"SSC/15491/14"	2	2	14	3	2	0.214285714285714	1	"N8"
"SSC_15491_14__SSC_15491_14__N3C128"	"N6"	"SSC/15491/14"	"SSc-ILD"	"SSC/15491/14"	2	2	14	0	0	0	0	"N8"
"SSC_15491_14__SSC_15491_14__N3C128"	"N7"	"SSC/15491/14"	"SSc-ILD"	"SSC/15491/14"	2	2	14	0	0	0	0	"N8"
"SSC_15491_14__SSC_15491_14__N3C128"	"N8"	"SSC/15491/14"	"SSc-ILD"	"SSC/15491/14"	2	2	14	9	2	0.642857142857143	1	"N8"
"SSC_15491_14__SSC_15491_14__N3C129"	"N1"	"SSC/15491/14"	"SSc-ILD"	"SSC/15491/14"	1	1	8	1	1	0.125	1	"N8"
"SSC_15491_14__SSC_15491_14__N3C129"	"N2"	"SSC/15491/14"	"SSc-ILD"	"SSC/15491/14"	1	1	8	0	0	0	0	"N8"
"SSC_15491_14__SSC_15491_14__N3C129"	"N3"	"SSC/15491/14"	"SSc-ILD"	"SSC/15491/14"	1	1	8	0	0	0	0	"N8"
"SSC_15491_14__SSC_15491_14__N3C129"	"N4"	"SSC/15491/14"	"SSc-ILD"	"SSC/15491/14"	1	1	8	0	0	0	0	"N8"
"SSC_15491_14__SSC_15491_14__N3C129"	"N5"	"SSC/15491/14"	"SSc-ILD"	"SSC/15491/14"	1	1	8	2	1	0.25	1	"N8"
"SSC_15491_14__SSC_15491_14__N3C129"	"N6"	"SSC/15491/14"	"SSc-ILD"	"SSC/15491/14"	1	1	8	1	1	0.125	1	"N8"
"SSC_15491_14__SSC_15491_14__N3C129"	"N7"	"SSC/15491/14"	"SSc-ILD"	"SSC/15491/14"	1	1	8	0	0	0	0	"N8"
"SSC_15491_14__SSC_15491_14__N3C129"	"N8"	"SSC/15491/14"	"SSc-ILD"	"SSC/15491/14"	1	1	8	4	1	0.5	1	"N8"
"SSC_15491_14__SSC_15491_14__N3C130"	"N1"	"SSC/15491/14"	"SSc-ILD"	"SSC/15491/14"	1	1	8	1	1	0.125	1	"N8"
"SSC_15491_14__SSC_15491_14__N3C130"	"N2"	"SSC/15491/14"	"SSc-ILD"	"SSC/15491/14"	1	1	8	0	0	0	0	"N8"
"SSC_15491_14__SSC_15491_14__N3C130"	"N3"	"SSC/15491/14"	"SSc-ILD"	"SSC/15491/14"	1	1	8	0	0	0	0	"N8"
"SSC_15491_14__SSC_15491_14__N3C130"	"N4"	"SSC/15491/14"	"SSc-ILD"	"SSC/15491/14"	1	1	8	1	1	0.125	1	"N8"
"SSC_15491_14__SSC_15491_14__N3C130"	"N5"	"SSC/15491/14"	"SSc-ILD"	"SSC/15491/14"	1	1	8	0	0	0	0	"N8"
"SSC_15491_14__SSC_15491_14__N3C130"	"N6"	"SSC/15491/14"	"SSc-ILD"	"SSC/15491/14"	1	1	8	0	0	0	0	"N8"
"SSC_15491_14__SSC_15491_14__N3C130"	"N7"	"SSC/15491/14"	"SSc-ILD"	"SSC/15491/14"	1	1	8	0	0	0	0	"N8"
"SSC_15491_14__SSC_15491_14__N3C130"	"N8"	"SSC/15491/14"	"SSc-ILD"	"SSC/15491/14"	1	1	8	6	1	0.75	1	"N8"
"SSC_15491_14__SSC_15491_14__N3C131"	"N1"	"SSC/15491/14"	"SSc-ILD"	"SSC/15491/14"	1	1	8	0	0	0	0	"N5; N8"
"SSC_15491_14__SSC_15491_14__N3C131"	"N2"	"SSC/15491/14"	"SSc-ILD"	"SSC/15491/14"	1	1	8	0	0	0	0	"N5; N8"
"SSC_15491_14__SSC_15491_14__N3C131"	"N3"	"SSC/15491/14"	"SSc-ILD"	"SSC/15491/14"	1	1	8	0	0	0	0	"N5; N8"
"SSC_15491_14__SSC_15491_14__N3C131"	"N4"	"SSC/15491/14"	"SSc-ILD"	"SSC/15491/14"	1	1	8	0	0	0	0	"N5; N8"
"SSC_15491_14__SSC_15491_14__N3C131"	"N5"	"SSC/15491/14"	"SSc-ILD"	"SSC/15491/14"	1	1	8	3	1	0.375	1	"N5; N8"
"SSC_15491_14__SSC_15491_14__N3C131"	"N6"	"SSC/15491/14"	"SSc-ILD"	"SSC/15491/14"	1	1	8	1	1	0.125	1	"N5; N8"
"SSC_15491_14__SSC_15491_14__N3C131"	"N7"	"SSC/15491/14"	"SSc-ILD"	"SSC/15491/14"	1	1	8	1	1	0.125	1	"N5; N8"
"SSC_15491_14__SSC_15491_14__N3C131"	"N8"	"SSC/15491/14"	"SSc-ILD"	"SSC/15491/14"	1	1	8	3	1	0.375	1	"N5; N8"
"SSC_15491_14__SSC_15491_14__N3C132"	"N1"	"SSC/15491/14"	"SSc-ILD"	"SSC/15491/14"	1	1	8	2	1	0.25	1	"N7"
"SSC_15491_14__SSC_15491_14__N3C132"	"N2"	"SSC/15491/14"	"SSc-ILD"	"SSC/15491/14"	1	1	8	0	0	0	0	"N7"
"SSC_15491_14__SSC_15491_14__N3C132"	"N3"	"SSC/15491/14"	"SSc-ILD"	"SSC/15491/14"	1	1	8	0	0	0	0	"N7"
"SSC_15491_14__SSC_15491_14__N3C132"	"N4"	"SSC/15491/14"	"SSc-ILD"	"SSC/15491/14"	1	1	8	0	0	0	0	"N7"
"SSC_15491_14__SSC_15491_14__N3C132"	"N5"	"SSC/15491/14"	"SSc-ILD"	"SSC/15491/14"	1	1	8	2	1	0.25	1	"N7"
"SSC_15491_14__SSC_15491_14__N3C132"	"N6"	"SSC/15491/14"	"SSc-ILD"	"SSC/15491/14"	1	1	8	0	0	0	0	"N7"
"SSC_15491_14__SSC_15491_14__N3C132"	"N7"	"SSC/15491/14"	"SSc-ILD"	"SSC/15491/14"	1	1	8	3	1	0.375	1	"N7"
"SSC_15491_14__SSC_15491_14__N3C132"	"N8"	"SSC/15491/14"	"SSc-ILD"	"SSC/15491/14"	1	1	8	1	1	0.125	1	"N7"
"SSC_15491_14__SSC_15491_14__N3C133"	"N1"	"SSC/15491/14"	"SSc-ILD"	"SSC/15491/14"	2	2	9	0	0	0	0	"N5"
"SSC_15491_14__SSC_15491_14__N3C133"	"N2"	"SSC/15491/14"	"SSc-ILD"	"SSC/15491/14"	2	2	9	0	0	0	0	"N5"
"SSC_15491_14__SSC_15491_14__N3C133"	"N3"	"SSC/15491/14"	"SSc-ILD"	"SSC/15491/14"	2	2	9	0	0	0	0	"N5"
"SSC_15491_14__SSC_15491_14__N3C133"	"N4"	"SSC/15491/14"	"SSc-ILD"	"SSC/15491/14"	2	2	9	0	0	0	0	"N5"
"SSC_15491_14__SSC_15491_14__N3C133"	"N5"	"SSC/15491/14"	"SSc-ILD"	"SSC/15491/14"	2	2	9	5	2	0.555555555555556	1	"N5"
"SSC_15491_14__SSC_15491_14__N3C133"	"N6"	"SSC/15491/14"	"SSc-ILD"	"SSC/15491/14"	2	2	9	0	0	0	0	"N5"
"SSC_15491_14__SSC_15491_14__N3C133"	"N7"	"SSC/15491/14"	"SSc-ILD"	"SSC/15491/14"	2	2	9	0	0	0	0	"N5"
"SSC_15491_14__SSC_15491_14__N3C133"	"N8"	"SSC/15491/14"	"SSc-ILD"	"SSC/15491/14"	2	2	9	4	2	0.444444444444444	1	"N5"
"SSC_15491_14__SSC_15491_14__N3C134"	"N1"	"SSC/15491/14"	"SSc-ILD"	"SSC/15491/14"	1	1	4	0	0	0	0	"N5"
"SSC_15491_14__SSC_15491_14__N3C134"	"N2"	"SSC/15491/14"	"SSc-ILD"	"SSC/15491/14"	1	1	4	0	0	0	0	"N5"
"SSC_15491_14__SSC_15491_14__N3C134"	"N3"	"SSC/15491/14"	"SSc-ILD"	"SSC/15491/14"	1	1	4	0	0	0	0	"N5"
"SSC_15491_14__SSC_15491_14__N3C134"	"N4"	"SSC/15491/14"	"SSc-ILD"	"SSC/15491/14"	1	1	4	0	0	0	0	"N5"
"SSC_15491_14__SSC_15491_14__N3C134"	"N5"	"SSC/15491/14"	"SSc-ILD"	"SSC/15491/14"	1	1	4	2	1	0.5	1	"N5"
"SSC_15491_14__SSC_15491_14__N3C134"	"N6"	"SSC/15491/14"	"SSc-ILD"	"SSC/15491/14"	1	1	4	1	1	0.25	1	"N5"
"SSC_15491_14__SSC_15491_14__N3C134"	"N7"	"SSC/15491/14"	"SSc-ILD"	"SSC/15491/14"	1	1	4	1	1	0.25	1	"N5"
"SSC_15491_14__SSC_15491_14__N3C134"	"N8"	"SSC/15491/14"	"SSc-ILD"	"SSC/15491/14"	1	1	4	0	0	0	0	"N5"
"SSC_15491_14__SSC_15491_14__N3C135"	"N1"	"SSC/15491/14"	"SSc-ILD"	"SSC/15491/14"	3	3	20	2	1	0.1	0.333333333333333	"N5; N8"
"SSC_15491_14__SSC_15491_14__N3C135"	"N2"	"SSC/15491/14"	"SSc-ILD"	"SSC/15491/14"	3	3	20	0	0	0	0	"N5; N8"
"SSC_15491_14__SSC_15491_14__N3C135"	"N3"	"SSC/15491/14"	"SSc-ILD"	"SSC/15491/14"	3	3	20	0	0	0	0	"N5; N8"
"SSC_15491_14__SSC_15491_14__N3C135"	"N4"	"SSC/15491/14"	"SSc-ILD"	"SSC/15491/14"	3	3	20	0	0	0	0	"N5; N8"
"SSC_15491_14__SSC_15491_14__N3C135"	"N5"	"SSC/15491/14"	"SSc-ILD"	"SSC/15491/14"	3	3	20	9	3	0.45	1	"N5; N8"
"SSC_15491_14__SSC_15491_14__N3C135"	"N6"	"SSC/15491/14"	"SSc-ILD"	"SSC/15491/14"	3	3	20	0	0	0	0	"N5; N8"
"SSC_15491_14__SSC_15491_14__N3C135"	"N7"	"SSC/15491/14"	"SSc-ILD"	"SSC/15491/14"	3	3	20	0	0	0	0	"N5; N8"
"SSC_15491_14__SSC_15491_14__N3C135"	"N8"	"SSC/15491/14"	"SSc-ILD"	"SSC/15491/14"	3	3	20	9	3	0.45	1	"N5; N8"
"SSC_15491_14__SSC_15491_14__N3C136"	"N1"	"SSC/15491/14"	"SSc-ILD"	"SSC/15491/14"	4	4	26	7	4	0.269230769230769	1	"N5"
"SSC_15491_14__SSC_15491_14__N3C136"	"N2"	"SSC/15491/14"	"SSc-ILD"	"SSC/15491/14"	4	4	26	0	0	0	0	"N5"
"SSC_15491_14__SSC_15491_14__N3C136"	"N3"	"SSC/15491/14"	"SSc-ILD"	"SSC/15491/14"	4	4	26	0	0	0	0	"N5"
"SSC_15491_14__SSC_15491_14__N3C136"	"N4"	"SSC/15491/14"	"SSc-ILD"	"SSC/15491/14"	4	4	26	0	0	0	0	"N5"
"SSC_15491_14__SSC_15491_14__N3C136"	"N5"	"SSC/15491/14"	"SSc-ILD"	"SSC/15491/14"	4	4	26	9	4	0.346153846153846	1	"N5"
"SSC_15491_14__SSC_15491_14__N3C136"	"N6"	"SSC/15491/14"	"SSc-ILD"	"SSC/15491/14"	4	4	26	1	1	0.0384615384615385	0.25	"N5"
"SSC_15491_14__SSC_15491_14__N3C136"	"N7"	"SSC/15491/14"	"SSc-ILD"	"SSC/15491/14"	4	4	26	5	3	0.192307692307692	0.75	"N5"
"SSC_15491_14__SSC_15491_14__N3C136"	"N8"	"SSC/15491/14"	"SSc-ILD"	"SSC/15491/14"	4	4	26	4	4	0.153846153846154	1	"N5"
"SSC_15491_14__SSC_15491_14__N3C137"	"N1"	"SSC/15491/14"	"SSc-ILD"	"SSC/15491/14"	1	1	8	5	1	0.625	1	"N1"
"SSC_15491_14__SSC_15491_14__N3C137"	"N2"	"SSC/15491/14"	"SSc-ILD"	"SSC/15491/14"	1	1	8	0	0	0	0	"N1"
"SSC_15491_14__SSC_15491_14__N3C137"	"N3"	"SSC/15491/14"	"SSc-ILD"	"SSC/15491/14"	1	1	8	0	0	0	0	"N1"
"SSC_15491_14__SSC_15491_14__N3C137"	"N4"	"SSC/15491/14"	"SSc-ILD"	"SSC/15491/14"	1	1	8	0	0	0	0	"N1"
"SSC_15491_14__SSC_15491_14__N3C137"	"N5"	"SSC/15491/14"	"SSc-ILD"	"SSC/15491/14"	1	1	8	1	1	0.125	1	"N1"
"SSC_15491_14__SSC_15491_14__N3C137"	"N6"	"SSC/15491/14"	"SSc-ILD"	"SSC/15491/14"	1	1	8	0	0	0	0	"N1"
"SSC_15491_14__SSC_15491_14__N3C137"	"N7"	"SSC/15491/14"	"SSc-ILD"	"SSC/15491/14"	1	1	8	2	1	0.25	1	"N1"
"SSC_15491_14__SSC_15491_14__N3C137"	"N8"	"SSC/15491/14"	"SSc-ILD"	"SSC/15491/14"	1	1	8	0	0	0	0	"N1"
"SSC_15491_14__SSC_15491_14__N3C138"	"N1"	"SSC/15491/14"	"SSc-ILD"	"SSC/15491/14"	2	2	14	4	2	0.285714285714286	1	"N5"
"SSC_15491_14__SSC_15491_14__N3C138"	"N2"	"SSC/15491/14"	"SSc-ILD"	"SSC/15491/14"	2	2	14	0	0	0	0	"N5"
"SSC_15491_14__SSC_15491_14__N3C138"	"N3"	"SSC/15491/14"	"SSc-ILD"	"SSC/15491/14"	2	2	14	0	0	0	0	"N5"
"SSC_15491_14__SSC_15491_14__N3C138"	"N4"	"SSC/15491/14"	"SSc-ILD"	"SSC/15491/14"	2	2	14	0	0	0	0	"N5"
"SSC_15491_14__SSC_15491_14__N3C138"	"N5"	"SSC/15491/14"	"SSc-ILD"	"SSC/15491/14"	2	2	14	8	2	0.571428571428571	1	"N5"
"SSC_15491_14__SSC_15491_14__N3C138"	"N6"	"SSC/15491/14"	"SSc-ILD"	"SSC/15491/14"	2	2	14	0	0	0	0	"N5"
"SSC_15491_14__SSC_15491_14__N3C138"	"N7"	"SSC/15491/14"	"SSc-ILD"	"SSC/15491/14"	2	2	14	1	1	0.0714285714285714	0.5	"N5"
"SSC_15491_14__SSC_15491_14__N3C138"	"N8"	"SSC/15491/14"	"SSc-ILD"	"SSC/15491/14"	2	2	14	1	1	0.0714285714285714	0.5	"N5"
"SSC_15491_14__SSC_15491_14__N3C139"	"N1"	"SSC/15491/14"	"SSc-ILD"	"SSC/15491/14"	1	1	8	1	1	0.125	1	"N8"
"SSC_15491_14__SSC_15491_14__N3C139"	"N2"	"SSC/15491/14"	"SSc-ILD"	"SSC/15491/14"	1	1	8	0	0	0	0	"N8"
"SSC_15491_14__SSC_15491_14__N3C139"	"N3"	"SSC/15491/14"	"SSc-ILD"	"SSC/15491/14"	1	1	8	0	0	0	0	"N8"
"SSC_15491_14__SSC_15491_14__N3C139"	"N4"	"SSC/15491/14"	"SSc-ILD"	"SSC/15491/14"	1	1	8	0	0	0	0	"N8"
"SSC_15491_14__SSC_15491_14__N3C139"	"N5"	"SSC/15491/14"	"SSc-ILD"	"SSC/15491/14"	1	1	8	1	1	0.125	1	"N8"
"SSC_15491_14__SSC_15491_14__N3C139"	"N6"	"SSC/15491/14"	"SSc-ILD"	"SSC/15491/14"	1	1	8	0	0	0	0	"N8"
"SSC_15491_14__SSC_15491_14__N3C139"	"N7"	"SSC/15491/14"	"SSc-ILD"	"SSC/15491/14"	1	1	8	0	0	0	0	"N8"
"SSC_15491_14__SSC_15491_14__N3C139"	"N8"	"SSC/15491/14"	"SSc-ILD"	"SSC/15491/14"	1	1	8	6	1	0.75	1	"N8"
"SSC_15491_14__SSC_15491_14__N3C140"	"N1"	"SSC/15491/14"	"SSc-ILD"	"SSC/15491/14"	1	1	8	3	1	0.375	1	"N1; N8"
"SSC_15491_14__SSC_15491_14__N3C140"	"N2"	"SSC/15491/14"	"SSc-ILD"	"SSC/15491/14"	1	1	8	0	0	0	0	"N1; N8"
"SSC_15491_14__SSC_15491_14__N3C140"	"N3"	"SSC/15491/14"	"SSc-ILD"	"SSC/15491/14"	1	1	8	0	0	0	0	"N1; N8"
"SSC_15491_14__SSC_15491_14__N3C140"	"N4"	"SSC/15491/14"	"SSc-ILD"	"SSC/15491/14"	1	1	8	0	0	0	0	"N1; N8"
"SSC_15491_14__SSC_15491_14__N3C140"	"N5"	"SSC/15491/14"	"SSc-ILD"	"SSC/15491/14"	1	1	8	0	0	0	0	"N1; N8"
"SSC_15491_14__SSC_15491_14__N3C140"	"N6"	"SSC/15491/14"	"SSc-ILD"	"SSC/15491/14"	1	1	8	1	1	0.125	1	"N1; N8"
"SSC_15491_14__SSC_15491_14__N3C140"	"N7"	"SSC/15491/14"	"SSc-ILD"	"SSC/15491/14"	1	1	8	1	1	0.125	1	"N1; N8"
"SSC_15491_14__SSC_15491_14__N3C140"	"N8"	"SSC/15491/14"	"SSc-ILD"	"SSC/15491/14"	1	1	8	3	1	0.375	1	"N1; N8"
"SSC_15491_14__SSC_15491_14__N3C141"	"N1"	"SSC/15491/14"	"SSc-ILD"	"SSC/15491/14"	2	2	14	3	2	0.214285714285714	1	"N5"
"SSC_15491_14__SSC_15491_14__N3C141"	"N2"	"SSC/15491/14"	"SSc-ILD"	"SSC/15491/14"	2	2	14	0	0	0	0	"N5"
"SSC_15491_14__SSC_15491_14__N3C141"	"N3"	"SSC/15491/14"	"SSc-ILD"	"SSC/15491/14"	2	2	14	0	0	0	0	"N5"
"SSC_15491_14__SSC_15491_14__N3C141"	"N4"	"SSC/15491/14"	"SSc-ILD"	"SSC/15491/14"	2	2	14	0	0	0	0	"N5"
"SSC_15491_14__SSC_15491_14__N3C141"	"N5"	"SSC/15491/14"	"SSc-ILD"	"SSC/15491/14"	2	2	14	7	2	0.5	1	"N5"
"SSC_15491_14__SSC_15491_14__N3C141"	"N6"	"SSC/15491/14"	"SSc-ILD"	"SSC/15491/14"	2	2	14	0	0	0	0	"N5"
"SSC_15491_14__SSC_15491_14__N3C141"	"N7"	"SSC/15491/14"	"SSc-ILD"	"SSC/15491/14"	2	2	14	3	2	0.214285714285714	1	"N5"
"SSC_15491_14__SSC_15491_14__N3C141"	"N8"	"SSC/15491/14"	"SSc-ILD"	"SSC/15491/14"	2	2	14	1	1	0.0714285714285714	0.5	"N5"
"SSC_15491_14__SSC_15491_14__N3C142"	"N1"	"SSC/15491/14"	"SSc-ILD"	"SSC/15491/14"	1	1	8	0	0	0	0	"N5"
"SSC_15491_14__SSC_15491_14__N3C142"	"N2"	"SSC/15491/14"	"SSc-ILD"	"SSC/15491/14"	1	1	8	1	1	0.125	1	"N5"
"SSC_15491_14__SSC_15491_14__N3C142"	"N3"	"SSC/15491/14"	"SSc-ILD"	"SSC/15491/14"	1	1	8	0	0	0	0	"N5"
"SSC_15491_14__SSC_15491_14__N3C142"	"N4"	"SSC/15491/14"	"SSc-ILD"	"SSC/15491/14"	1	1	8	0	0	0	0	"N5"
"SSC_15491_14__SSC_15491_14__N3C142"	"N5"	"SSC/15491/14"	"SSc-ILD"	"SSC/15491/14"	1	1	8	6	1	0.75	1	"N5"
"SSC_15491_14__SSC_15491_14__N3C142"	"N6"	"SSC/15491/14"	"SSc-ILD"	"SSC/15491/14"	1	1	8	1	1	0.125	1	"N5"
"SSC_15491_14__SSC_15491_14__N3C142"	"N7"	"SSC/15491/14"	"SSc-ILD"	"SSC/15491/14"	1	1	8	0	0	0	0	"N5"
"SSC_15491_14__SSC_15491_14__N3C142"	"N8"	"SSC/15491/14"	"SSc-ILD"	"SSC/15491/14"	1	1	8	0	0	0	0	"N5"
"SSC_15491_14__SSC_15491_14__N3C143"	"N1"	"SSC/15491/14"	"SSc-ILD"	"SSC/15491/14"	1	1	5	2	1	0.4	1	"N1; N5"
"SSC_15491_14__SSC_15491_14__N3C143"	"N2"	"SSC/15491/14"	"SSc-ILD"	"SSC/15491/14"	1	1	5	0	0	0	0	"N1; N5"
"SSC_15491_14__SSC_15491_14__N3C143"	"N3"	"SSC/15491/14"	"SSc-ILD"	"SSC/15491/14"	1	1	5	0	0	0	0	"N1; N5"
"SSC_15491_14__SSC_15491_14__N3C143"	"N4"	"SSC/15491/14"	"SSc-ILD"	"SSC/15491/14"	1	1	5	0	0	0	0	"N1; N5"
"SSC_15491_14__SSC_15491_14__N3C143"	"N5"	"SSC/15491/14"	"SSc-ILD"	"SSC/15491/14"	1	1	5	2	1	0.4	1	"N1; N5"
"SSC_15491_14__SSC_15491_14__N3C143"	"N6"	"SSC/15491/14"	"SSc-ILD"	"SSC/15491/14"	1	1	5	0	0	0	0	"N1; N5"
"SSC_15491_14__SSC_15491_14__N3C143"	"N7"	"SSC/15491/14"	"SSc-ILD"	"SSC/15491/14"	1	1	5	1	1	0.2	1	"N1; N5"
"SSC_15491_14__SSC_15491_14__N3C143"	"N8"	"SSC/15491/14"	"SSc-ILD"	"SSC/15491/14"	1	1	5	0	0	0	0	"N1; N5"
"SSC_15491_14__SSC_15491_14__N3C144"	"N1"	"SSC/15491/14"	"SSc-ILD"	"SSC/15491/14"	7	7	39	19	7	0.487179487179487	1	"N1"
"SSC_15491_14__SSC_15491_14__N3C144"	"N2"	"SSC/15491/14"	"SSc-ILD"	"SSC/15491/14"	7	7	39	0	0	0	0	"N1"
"SSC_15491_14__SSC_15491_14__N3C144"	"N3"	"SSC/15491/14"	"SSc-ILD"	"SSC/15491/14"	7	7	39	0	0	0	0	"N1"
"SSC_15491_14__SSC_15491_14__N3C144"	"N4"	"SSC/15491/14"	"SSc-ILD"	"SSC/15491/14"	7	7	39	0	0	0	0	"N1"
"SSC_15491_14__SSC_15491_14__N3C144"	"N5"	"SSC/15491/14"	"SSc-ILD"	"SSC/15491/14"	7	7	39	7	5	0.17948717948718	0.714285714285714	"N1"
"SSC_15491_14__SSC_15491_14__N3C144"	"N6"	"SSC/15491/14"	"SSc-ILD"	"SSC/15491/14"	7	7	39	3	3	0.0769230769230769	0.428571428571429	"N1"
"SSC_15491_14__SSC_15491_14__N3C144"	"N7"	"SSC/15491/14"	"SSc-ILD"	"SSC/15491/14"	7	7	39	3	3	0.0769230769230769	0.428571428571429	"N1"
"SSC_15491_14__SSC_15491_14__N3C144"	"N8"	"SSC/15491/14"	"SSc-ILD"	"SSC/15491/14"	7	7	39	7	4	0.17948717948718	0.571428571428571	"N1"
"SSC_15491_14__SSC_15491_14__N3C145"	"N1"	"SSC/15491/14"	"SSc-ILD"	"SSC/15491/14"	1	1	8	4	1	0.5	1	"N1"
"SSC_15491_14__SSC_15491_14__N3C145"	"N2"	"SSC/15491/14"	"SSc-ILD"	"SSC/15491/14"	1	1	8	0	0	0	0	"N1"
"SSC_15491_14__SSC_15491_14__N3C145"	"N3"	"SSC/15491/14"	"SSc-ILD"	"SSC/15491/14"	1	1	8	0	0	0	0	"N1"
"SSC_15491_14__SSC_15491_14__N3C145"	"N4"	"SSC/15491/14"	"SSc-ILD"	"SSC/15491/14"	1	1	8	0	0	0	0	"N1"
"SSC_15491_14__SSC_15491_14__N3C145"	"N5"	"SSC/15491/14"	"SSc-ILD"	"SSC/15491/14"	1	1	8	0	0	0	0	"N1"
"SSC_15491_14__SSC_15491_14__N3C145"	"N6"	"SSC/15491/14"	"SSc-ILD"	"SSC/15491/14"	1	1	8	1	1	0.125	1	"N1"
"SSC_15491_14__SSC_15491_14__N3C145"	"N7"	"SSC/15491/14"	"SSc-ILD"	"SSC/15491/14"	1	1	8	1	1	0.125	1	"N1"
"SSC_15491_14__SSC_15491_14__N3C145"	"N8"	"SSC/15491/14"	"SSc-ILD"	"SSC/15491/14"	1	1	8	2	1	0.25	1	"N1"
"SSC_15491_14__SSC_15491_14__N3C146"	"N1"	"SSC/15491/14"	"SSc-ILD"	"SSC/15491/14"	3	3	20	6	3	0.3	1	"N7"
"SSC_15491_14__SSC_15491_14__N3C146"	"N2"	"SSC/15491/14"	"SSc-ILD"	"SSC/15491/14"	3	3	20	0	0	0	0	"N7"
"SSC_15491_14__SSC_15491_14__N3C146"	"N3"	"SSC/15491/14"	"SSc-ILD"	"SSC/15491/14"	3	3	20	0	0	0	0	"N7"
"SSC_15491_14__SSC_15491_14__N3C146"	"N4"	"SSC/15491/14"	"SSc-ILD"	"SSC/15491/14"	3	3	20	0	0	0	0	"N7"
"SSC_15491_14__SSC_15491_14__N3C146"	"N5"	"SSC/15491/14"	"SSc-ILD"	"SSC/15491/14"	3	3	20	1	1	0.05	0.333333333333333	"N7"
"SSC_15491_14__SSC_15491_14__N3C146"	"N6"	"SSC/15491/14"	"SSc-ILD"	"SSC/15491/14"	3	3	20	0	0	0	0	"N7"
"SSC_15491_14__SSC_15491_14__N3C146"	"N7"	"SSC/15491/14"	"SSc-ILD"	"SSC/15491/14"	3	3	20	12	3	0.6	1	"N7"
"SSC_15491_14__SSC_15491_14__N3C146"	"N8"	"SSC/15491/14"	"SSc-ILD"	"SSC/15491/14"	3	3	20	1	1	0.05	0.333333333333333	"N7"
"SSC_15491_14__SSC_15491_14__N3C147"	"N1"	"SSC/15491/14"	"SSc-ILD"	"SSC/15491/14"	1	1	8	0	0	0	0	"N8"
"SSC_15491_14__SSC_15491_14__N3C147"	"N2"	"SSC/15491/14"	"SSc-ILD"	"SSC/15491/14"	1	1	8	0	0	0	0	"N8"
"SSC_15491_14__SSC_15491_14__N3C147"	"N3"	"SSC/15491/14"	"SSc-ILD"	"SSC/15491/14"	1	1	8	0	0	0	0	"N8"
"SSC_15491_14__SSC_15491_14__N3C147"	"N4"	"SSC/15491/14"	"SSc-ILD"	"SSC/15491/14"	1	1	8	0	0	0	0	"N8"
"SSC_15491_14__SSC_15491_14__N3C147"	"N5"	"SSC/15491/14"	"SSc-ILD"	"SSC/15491/14"	1	1	8	3	1	0.375	1	"N8"
"SSC_15491_14__SSC_15491_14__N3C147"	"N6"	"SSC/15491/14"	"SSc-ILD"	"SSC/15491/14"	1	1	8	0	0	0	0	"N8"
"SSC_15491_14__SSC_15491_14__N3C147"	"N7"	"SSC/15491/14"	"SSc-ILD"	"SSC/15491/14"	1	1	8	0	0	0	0	"N8"
"SSC_15491_14__SSC_15491_14__N3C147"	"N8"	"SSC/15491/14"	"SSc-ILD"	"SSC/15491/14"	1	1	8	5	1	0.625	1	"N8"
"SSC_15491_14__SSC_15491_14__N3C148"	"N1"	"SSC/15491/14"	"SSc-ILD"	"SSC/15491/14"	10	10	35	9	6	0.257142857142857	0.6	"N8"
"SSC_15491_14__SSC_15491_14__N3C148"	"N2"	"SSC/15491/14"	"SSc-ILD"	"SSC/15491/14"	10	10	35	0	0	0	0	"N8"
"SSC_15491_14__SSC_15491_14__N3C148"	"N3"	"SSC/15491/14"	"SSc-ILD"	"SSC/15491/14"	10	10	35	0	0	0	0	"N8"
"SSC_15491_14__SSC_15491_14__N3C148"	"N4"	"SSC/15491/14"	"SSc-ILD"	"SSC/15491/14"	10	10	35	0	0	0	0	"N8"
"SSC_15491_14__SSC_15491_14__N3C148"	"N5"	"SSC/15491/14"	"SSc-ILD"	"SSC/15491/14"	10	10	35	8	6	0.228571428571429	0.6	"N8"
"SSC_15491_14__SSC_15491_14__N3C148"	"N6"	"SSC/15491/14"	"SSc-ILD"	"SSC/15491/14"	10	10	35	0	0	0	0	"N8"
"SSC_15491_14__SSC_15491_14__N3C148"	"N7"	"SSC/15491/14"	"SSc-ILD"	"SSC/15491/14"	10	10	35	7	6	0.2	0.6	"N8"
"SSC_15491_14__SSC_15491_14__N3C148"	"N8"	"SSC/15491/14"	"SSc-ILD"	"SSC/15491/14"	10	10	35	11	4	0.314285714285714	0.4	"N8"
"SSC_15491_14__SSC_15491_14__N3C149"	"N1"	"SSC/15491/14"	"SSc-ILD"	"SSC/15491/14"	3	3	17	6	2	0.352941176470588	0.666666666666667	"N1"
"SSC_15491_14__SSC_15491_14__N3C149"	"N2"	"SSC/15491/14"	"SSc-ILD"	"SSC/15491/14"	3	3	17	0	0	0	0	"N1"
"SSC_15491_14__SSC_15491_14__N3C149"	"N3"	"SSC/15491/14"	"SSc-ILD"	"SSC/15491/14"	3	3	17	0	0	0	0	"N1"
"SSC_15491_14__SSC_15491_14__N3C149"	"N4"	"SSC/15491/14"	"SSc-ILD"	"SSC/15491/14"	3	3	17	1	1	0.0588235294117647	0.333333333333333	"N1"
"SSC_15491_14__SSC_15491_14__N3C149"	"N5"	"SSC/15491/14"	"SSc-ILD"	"SSC/15491/14"	3	3	17	5	3	0.294117647058824	1	"N1"
"SSC_15491_14__SSC_15491_14__N3C149"	"N6"	"SSC/15491/14"	"SSc-ILD"	"SSC/15491/14"	3	3	17	1	1	0.0588235294117647	0.333333333333333	"N1"
"SSC_15491_14__SSC_15491_14__N3C149"	"N7"	"SSC/15491/14"	"SSc-ILD"	"SSC/15491/14"	3	3	17	1	1	0.0588235294117647	0.333333333333333	"N1"
"SSC_15491_14__SSC_15491_14__N3C149"	"N8"	"SSC/15491/14"	"SSc-ILD"	"SSC/15491/14"	3	3	17	3	2	0.176470588235294	0.666666666666667	"N1"
"SSC_15491_14__SSC_15491_14__N3C150"	"N1"	"SSC/15491/14"	"SSc-ILD"	"SSC/15491/14"	12	12	58	5	3	0.0862068965517242	0.25	"N8"
"SSC_15491_14__SSC_15491_14__N3C150"	"N2"	"SSC/15491/14"	"SSc-ILD"	"SSC/15491/14"	12	12	58	1	1	0.0172413793103448	0.0833333333333333	"N8"
"SSC_15491_14__SSC_15491_14__N3C150"	"N3"	"SSC/15491/14"	"SSc-ILD"	"SSC/15491/14"	12	12	58	0	0	0	0	"N8"
"SSC_15491_14__SSC_15491_14__N3C150"	"N4"	"SSC/15491/14"	"SSc-ILD"	"SSC/15491/14"	12	12	58	0	0	0	0	"N8"
"SSC_15491_14__SSC_15491_14__N3C150"	"N5"	"SSC/15491/14"	"SSc-ILD"	"SSC/15491/14"	12	12	58	13	8	0.224137931034483	0.666666666666667	"N8"
"SSC_15491_14__SSC_15491_14__N3C150"	"N6"	"SSC/15491/14"	"SSc-ILD"	"SSC/15491/14"	12	12	58	5	4	0.0862068965517242	0.333333333333333	"N8"
"SSC_15491_14__SSC_15491_14__N3C150"	"N7"	"SSC/15491/14"	"SSc-ILD"	"SSC/15491/14"	12	12	58	0	0	0	0	"N8"
"SSC_15491_14__SSC_15491_14__N3C150"	"N8"	"SSC/15491/14"	"SSc-ILD"	"SSC/15491/14"	12	12	58	34	12	0.586206896551724	1	"N8"
"SSC_15491_14__SSC_15491_14__N3C151"	"N1"	"SSC/15491/14"	"SSc-ILD"	"SSC/15491/14"	1	1	7	0	0	0	0	"N5; N7"
"SSC_15491_14__SSC_15491_14__N3C151"	"N2"	"SSC/15491/14"	"SSc-ILD"	"SSC/15491/14"	1	1	7	0	0	0	0	"N5; N7"
"SSC_15491_14__SSC_15491_14__N3C151"	"N3"	"SSC/15491/14"	"SSc-ILD"	"SSC/15491/14"	1	1	7	0	0	0	0	"N5; N7"
"SSC_15491_14__SSC_15491_14__N3C151"	"N4"	"SSC/15491/14"	"SSc-ILD"	"SSC/15491/14"	1	1	7	0	0	0	0	"N5; N7"
"SSC_15491_14__SSC_15491_14__N3C151"	"N5"	"SSC/15491/14"	"SSc-ILD"	"SSC/15491/14"	1	1	7	3	1	0.428571428571429	1	"N5; N7"
"SSC_15491_14__SSC_15491_14__N3C151"	"N6"	"SSC/15491/14"	"SSc-ILD"	"SSC/15491/14"	1	1	7	0	0	0	0	"N5; N7"
"SSC_15491_14__SSC_15491_14__N3C151"	"N7"	"SSC/15491/14"	"SSc-ILD"	"SSC/15491/14"	1	1	7	3	1	0.428571428571429	1	"N5; N7"
"SSC_15491_14__SSC_15491_14__N3C151"	"N8"	"SSC/15491/14"	"SSc-ILD"	"SSC/15491/14"	1	1	7	1	1	0.142857142857143	1	"N5; N7"
"SSC_15491_14__SSC_15491_14__N3C152"	"N1"	"SSC/15491/14"	"SSc-ILD"	"SSC/15491/14"	1	1	8	0	0	0	0	"N8"
"SSC_15491_14__SSC_15491_14__N3C152"	"N2"	"SSC/15491/14"	"SSc-ILD"	"SSC/15491/14"	1	1	8	0	0	0	0	"N8"
"SSC_15491_14__SSC_15491_14__N3C152"	"N3"	"SSC/15491/14"	"SSc-ILD"	"SSC/15491/14"	1	1	8	0	0	0	0	"N8"
"SSC_15491_14__SSC_15491_14__N3C152"	"N4"	"SSC/15491/14"	"SSc-ILD"	"SSC/15491/14"	1	1	8	0	0	0	0	"N8"
"SSC_15491_14__SSC_15491_14__N3C152"	"N5"	"SSC/15491/14"	"SSc-ILD"	"SSC/15491/14"	1	1	8	3	1	0.375	1	"N8"
"SSC_15491_14__SSC_15491_14__N3C152"	"N6"	"SSC/15491/14"	"SSc-ILD"	"SSC/15491/14"	1	1	8	0	0	0	0	"N8"
"SSC_15491_14__SSC_15491_14__N3C152"	"N7"	"SSC/15491/14"	"SSc-ILD"	"SSC/15491/14"	1	1	8	0	0	0	0	"N8"
"SSC_15491_14__SSC_15491_14__N3C152"	"N8"	"SSC/15491/14"	"SSc-ILD"	"SSC/15491/14"	1	1	8	5	1	0.625	1	"N8"
"SSC_15491_14__SSC_15491_14__N3C153"	"N1"	"SSC/15491/14"	"SSc-ILD"	"SSC/15491/14"	1	1	8	0	0	0	0	"N8"
"SSC_15491_14__SSC_15491_14__N3C153"	"N2"	"SSC/15491/14"	"SSc-ILD"	"SSC/15491/14"	1	1	8	0	0	0	0	"N8"
"SSC_15491_14__SSC_15491_14__N3C153"	"N3"	"SSC/15491/14"	"SSc-ILD"	"SSC/15491/14"	1	1	8	0	0	0	0	"N8"
"SSC_15491_14__SSC_15491_14__N3C153"	"N4"	"SSC/15491/14"	"SSc-ILD"	"SSC/15491/14"	1	1	8	0	0	0	0	"N8"
"SSC_15491_14__SSC_15491_14__N3C153"	"N5"	"SSC/15491/14"	"SSc-ILD"	"SSC/15491/14"	1	1	8	2	1	0.25	1	"N8"
"SSC_15491_14__SSC_15491_14__N3C153"	"N6"	"SSC/15491/14"	"SSc-ILD"	"SSC/15491/14"	1	1	8	0	0	0	0	"N8"
"SSC_15491_14__SSC_15491_14__N3C153"	"N7"	"SSC/15491/14"	"SSc-ILD"	"SSC/15491/14"	1	1	8	0	0	0	0	"N8"
"SSC_15491_14__SSC_15491_14__N3C153"	"N8"	"SSC/15491/14"	"SSc-ILD"	"SSC/15491/14"	1	1	8	6	1	0.75	1	"N8"
"SSC_15491_14__SSC_15491_14__N3C154"	"N1"	"SSC/15491/14"	"SSc-ILD"	"SSC/15491/14"	9	9	46	2	2	0.0434782608695652	0.222222222222222	"N5"
"SSC_15491_14__SSC_15491_14__N3C154"	"N2"	"SSC/15491/14"	"SSc-ILD"	"SSC/15491/14"	9	9	46	0	0	0	0	"N5"
"SSC_15491_14__SSC_15491_14__N3C154"	"N3"	"SSC/15491/14"	"SSc-ILD"	"SSC/15491/14"	9	9	46	0	0	0	0	"N5"
"SSC_15491_14__SSC_15491_14__N3C154"	"N4"	"SSC/15491/14"	"SSc-ILD"	"SSC/15491/14"	9	9	46	0	0	0	0	"N5"
"SSC_15491_14__SSC_15491_14__N3C154"	"N5"	"SSC/15491/14"	"SSc-ILD"	"SSC/15491/14"	9	9	46	20	9	0.434782608695652	1	"N5"
"SSC_15491_14__SSC_15491_14__N3C154"	"N6"	"SSC/15491/14"	"SSc-ILD"	"SSC/15491/14"	9	9	46	7	5	0.152173913043478	0.555555555555556	"N5"
"SSC_15491_14__SSC_15491_14__N3C154"	"N7"	"SSC/15491/14"	"SSc-ILD"	"SSC/15491/14"	9	9	46	1	1	0.0217391304347826	0.111111111111111	"N5"
"SSC_15491_14__SSC_15491_14__N3C154"	"N8"	"SSC/15491/14"	"SSc-ILD"	"SSC/15491/14"	9	9	46	16	6	0.347826086956522	0.666666666666667	"N5"
"SSC_15491_14__SSC_15491_14__N3C155"	"N1"	"SSC/15491/14"	"SSc-ILD"	"SSC/15491/14"	88	78	266	51	30	0.191729323308271	0.384615384615385	"N5"
"SSC_15491_14__SSC_15491_14__N3C155"	"N2"	"SSC/15491/14"	"SSc-ILD"	"SSC/15491/14"	88	78	266	0	0	0	0	"N5"
"SSC_15491_14__SSC_15491_14__N3C155"	"N3"	"SSC/15491/14"	"SSc-ILD"	"SSC/15491/14"	88	78	266	0	0	0	0	"N5"
"SSC_15491_14__SSC_15491_14__N3C155"	"N4"	"SSC/15491/14"	"SSc-ILD"	"SSC/15491/14"	88	78	266	0	0	0	0	"N5"
"SSC_15491_14__SSC_15491_14__N3C155"	"N5"	"SSC/15491/14"	"SSc-ILD"	"SSC/15491/14"	88	78	266	133	63	0.5	0.807692307692308	"N5"
"SSC_15491_14__SSC_15491_14__N3C155"	"N6"	"SSC/15491/14"	"SSc-ILD"	"SSC/15491/14"	88	78	266	4	4	0.0150375939849624	0.0512820512820513	"N5"
"SSC_15491_14__SSC_15491_14__N3C155"	"N7"	"SSC/15491/14"	"SSc-ILD"	"SSC/15491/14"	88	78	266	38	24	0.142857142857143	0.307692307692308	"N5"
"SSC_15491_14__SSC_15491_14__N3C155"	"N8"	"SSC/15491/14"	"SSc-ILD"	"SSC/15491/14"	88	78	266	40	31	0.150375939849624	0.397435897435897	"N5"
"SSC_15491_14__SSC_15491_14__N3C156"	"N1"	"SSC/15491/14"	"SSc-ILD"	"SSC/15491/14"	1	1	6	0	0	0	0	"N8"
"SSC_15491_14__SSC_15491_14__N3C156"	"N2"	"SSC/15491/14"	"SSc-ILD"	"SSC/15491/14"	1	1	6	0	0	0	0	"N8"
"SSC_15491_14__SSC_15491_14__N3C156"	"N3"	"SSC/15491/14"	"SSc-ILD"	"SSC/15491/14"	1	1	6	0	0	0	0	"N8"
"SSC_15491_14__SSC_15491_14__N3C156"	"N4"	"SSC/15491/14"	"SSc-ILD"	"SSC/15491/14"	1	1	6	0	0	0	0	"N8"
"SSC_15491_14__SSC_15491_14__N3C156"	"N5"	"SSC/15491/14"	"SSc-ILD"	"SSC/15491/14"	1	1	6	2	1	0.333333333333333	1	"N8"
"SSC_15491_14__SSC_15491_14__N3C156"	"N6"	"SSC/15491/14"	"SSc-ILD"	"SSC/15491/14"	1	1	6	0	0	0	0	"N8"
"SSC_15491_14__SSC_15491_14__N3C156"	"N7"	"SSC/15491/14"	"SSc-ILD"	"SSC/15491/14"	1	1	6	1	1	0.166666666666667	1	"N8"
"SSC_15491_14__SSC_15491_14__N3C156"	"N8"	"SSC/15491/14"	"SSc-ILD"	"SSC/15491/14"	1	1	6	3	1	0.5	1	"N8"
"SSC_15491_14__SSC_15491_14__N3C157"	"N1"	"SSC/15491/14"	"SSc-ILD"	"SSC/15491/14"	1	1	8	4	1	0.5	1	"N1"
"SSC_15491_14__SSC_15491_14__N3C157"	"N2"	"SSC/15491/14"	"SSc-ILD"	"SSC/15491/14"	1	1	8	0	0	0	0	"N1"
"SSC_15491_14__SSC_15491_14__N3C157"	"N3"	"SSC/15491/14"	"SSc-ILD"	"SSC/15491/14"	1	1	8	0	0	0	0	"N1"
"SSC_15491_14__SSC_15491_14__N3C157"	"N4"	"SSC/15491/14"	"SSc-ILD"	"SSC/15491/14"	1	1	8	0	0	0	0	"N1"
"SSC_15491_14__SSC_15491_14__N3C157"	"N5"	"SSC/15491/14"	"SSc-ILD"	"SSC/15491/14"	1	1	8	0	0	0	0	"N1"
"SSC_15491_14__SSC_15491_14__N3C157"	"N6"	"SSC/15491/14"	"SSc-ILD"	"SSC/15491/14"	1	1	8	0	0	0	0	"N1"
"SSC_15491_14__SSC_15491_14__N3C157"	"N7"	"SSC/15491/14"	"SSc-ILD"	"SSC/15491/14"	1	1	8	3	1	0.375	1	"N1"
"SSC_15491_14__SSC_15491_14__N3C157"	"N8"	"SSC/15491/14"	"SSc-ILD"	"SSC/15491/14"	1	1	8	1	1	0.125	1	"N1"
"SSC_15491_14__SSC_15491_14__N3C158"	"N1"	"SSC/15491/14"	"SSc-ILD"	"SSC/15491/14"	14	14	56	10	8	0.178571428571429	0.571428571428571	"N5"
"SSC_15491_14__SSC_15491_14__N3C158"	"N2"	"SSC/15491/14"	"SSc-ILD"	"SSC/15491/14"	14	14	56	0	0	0	0	"N5"
"SSC_15491_14__SSC_15491_14__N3C158"	"N3"	"SSC/15491/14"	"SSc-ILD"	"SSC/15491/14"	14	14	56	0	0	0	0	"N5"
"SSC_15491_14__SSC_15491_14__N3C158"	"N4"	"SSC/15491/14"	"SSc-ILD"	"SSC/15491/14"	14	14	56	0	0	0	0	"N5"
"SSC_15491_14__SSC_15491_14__N3C158"	"N5"	"SSC/15491/14"	"SSc-ILD"	"SSC/15491/14"	14	14	56	23	10	0.410714285714286	0.714285714285714	"N5"
"SSC_15491_14__SSC_15491_14__N3C158"	"N6"	"SSC/15491/14"	"SSc-ILD"	"SSC/15491/14"	14	14	56	0	0	0	0	"N5"
"SSC_15491_14__SSC_15491_14__N3C158"	"N7"	"SSC/15491/14"	"SSc-ILD"	"SSC/15491/14"	14	14	56	7	4	0.125	0.285714285714286	"N5"
"SSC_15491_14__SSC_15491_14__N3C158"	"N8"	"SSC/15491/14"	"SSc-ILD"	"SSC/15491/14"	14	14	56	16	8	0.285714285714286	0.571428571428571	"N5"
"SSC_15491_14__SSC_15491_14__N3C159"	"N1"	"SSC/15491/14"	"SSc-ILD"	"SSC/15491/14"	2	2	14	7	2	0.5	1	"N1"
"SSC_15491_14__SSC_15491_14__N3C159"	"N2"	"SSC/15491/14"	"SSc-ILD"	"SSC/15491/14"	2	2	14	0	0	0	0	"N1"
"SSC_15491_14__SSC_15491_14__N3C159"	"N3"	"SSC/15491/14"	"SSc-ILD"	"SSC/15491/14"	2	2	14	0	0	0	0	"N1"
"SSC_15491_14__SSC_15491_14__N3C159"	"N4"	"SSC/15491/14"	"SSc-ILD"	"SSC/15491/14"	2	2	14	0	0	0	0	"N1"
"SSC_15491_14__SSC_15491_14__N3C159"	"N5"	"SSC/15491/14"	"SSc-ILD"	"SSC/15491/14"	2	2	14	0	0	0	0	"N1"
"SSC_15491_14__SSC_15491_14__N3C159"	"N6"	"SSC/15491/14"	"SSc-ILD"	"SSC/15491/14"	2	2	14	0	0	0	0	"N1"
"SSC_15491_14__SSC_15491_14__N3C159"	"N7"	"SSC/15491/14"	"SSc-ILD"	"SSC/15491/14"	2	2	14	4	2	0.285714285714286	1	"N1"
"SSC_15491_14__SSC_15491_14__N3C159"	"N8"	"SSC/15491/14"	"SSc-ILD"	"SSC/15491/14"	2	2	14	3	1	0.214285714285714	0.5	"N1"
"SSC_15491_14__SSC_15491_14__N3C160"	"N1"	"SSC/15491/14"	"SSc-ILD"	"SSC/15491/14"	1	1	5	0	0	0	0	"N8"
"SSC_15491_14__SSC_15491_14__N3C160"	"N2"	"SSC/15491/14"	"SSc-ILD"	"SSC/15491/14"	1	1	5	0	0	0	0	"N8"
"SSC_15491_14__SSC_15491_14__N3C160"	"N3"	"SSC/15491/14"	"SSc-ILD"	"SSC/15491/14"	1	1	5	0	0	0	0	"N8"
"SSC_15491_14__SSC_15491_14__N3C160"	"N4"	"SSC/15491/14"	"SSc-ILD"	"SSC/15491/14"	1	1	5	0	0	0	0	"N8"
"SSC_15491_14__SSC_15491_14__N3C160"	"N5"	"SSC/15491/14"	"SSc-ILD"	"SSC/15491/14"	1	1	5	0	0	0	0	"N8"
"SSC_15491_14__SSC_15491_14__N3C160"	"N6"	"SSC/15491/14"	"SSc-ILD"	"SSC/15491/14"	1	1	5	0	0	0	0	"N8"
"SSC_15491_14__SSC_15491_14__N3C160"	"N7"	"SSC/15491/14"	"SSc-ILD"	"SSC/15491/14"	1	1	5	0	0	0	0	"N8"
"SSC_15491_14__SSC_15491_14__N3C160"	"N8"	"SSC/15491/14"	"SSc-ILD"	"SSC/15491/14"	1	1	5	5	1	1	1	"N8"
"SSC_15491_14__SSC_15491_14__N3C161"	"N1"	"SSC/15491/14"	"SSc-ILD"	"SSC/15491/14"	1	1	7	0	0	0	0	"N8"
"SSC_15491_14__SSC_15491_14__N3C161"	"N2"	"SSC/15491/14"	"SSc-ILD"	"SSC/15491/14"	1	1	7	0	0	0	0	"N8"
"SSC_15491_14__SSC_15491_14__N3C161"	"N3"	"SSC/15491/14"	"SSc-ILD"	"SSC/15491/14"	1	1	7	0	0	0	0	"N8"
"SSC_15491_14__SSC_15491_14__N3C161"	"N4"	"SSC/15491/14"	"SSc-ILD"	"SSC/15491/14"	1	1	7	0	0	0	0	"N8"
"SSC_15491_14__SSC_15491_14__N3C161"	"N5"	"SSC/15491/14"	"SSc-ILD"	"SSC/15491/14"	1	1	7	3	1	0.428571428571429	1	"N8"
"SSC_15491_14__SSC_15491_14__N3C161"	"N6"	"SSC/15491/14"	"SSc-ILD"	"SSC/15491/14"	1	1	7	0	0	0	0	"N8"
"SSC_15491_14__SSC_15491_14__N3C161"	"N7"	"SSC/15491/14"	"SSc-ILD"	"SSC/15491/14"	1	1	7	0	0	0	0	"N8"
"SSC_15491_14__SSC_15491_14__N3C161"	"N8"	"SSC/15491/14"	"SSc-ILD"	"SSC/15491/14"	1	1	7	4	1	0.571428571428571	1	"N8"
"SSC_15491_14__SSC_15491_14__N3C162"	"N1"	"SSC/15491/14"	"SSc-ILD"	"SSC/15491/14"	1	1	8	5	1	0.625	1	"N1"
"SSC_15491_14__SSC_15491_14__N3C162"	"N2"	"SSC/15491/14"	"SSc-ILD"	"SSC/15491/14"	1	1	8	0	0	0	0	"N1"
"SSC_15491_14__SSC_15491_14__N3C162"	"N3"	"SSC/15491/14"	"SSc-ILD"	"SSC/15491/14"	1	1	8	0	0	0	0	"N1"
"SSC_15491_14__SSC_15491_14__N3C162"	"N4"	"SSC/15491/14"	"SSc-ILD"	"SSC/15491/14"	1	1	8	0	0	0	0	"N1"
"SSC_15491_14__SSC_15491_14__N3C162"	"N5"	"SSC/15491/14"	"SSc-ILD"	"SSC/15491/14"	1	1	8	1	1	0.125	1	"N1"
"SSC_15491_14__SSC_15491_14__N3C162"	"N6"	"SSC/15491/14"	"SSc-ILD"	"SSC/15491/14"	1	1	8	0	0	0	0	"N1"
"SSC_15491_14__SSC_15491_14__N3C162"	"N7"	"SSC/15491/14"	"SSc-ILD"	"SSC/15491/14"	1	1	8	1	1	0.125	1	"N1"
"SSC_15491_14__SSC_15491_14__N3C162"	"N8"	"SSC/15491/14"	"SSc-ILD"	"SSC/15491/14"	1	1	8	1	1	0.125	1	"N1"
"SSC_15491_14__SSC_15491_14__N3C163"	"N1"	"SSC/15491/14"	"SSc-ILD"	"SSC/15491/14"	1	1	8	0	0	0	0	"N8"
"SSC_15491_14__SSC_15491_14__N3C163"	"N2"	"SSC/15491/14"	"SSc-ILD"	"SSC/15491/14"	1	1	8	0	0	0	0	"N8"
"SSC_15491_14__SSC_15491_14__N3C163"	"N3"	"SSC/15491/14"	"SSc-ILD"	"SSC/15491/14"	1	1	8	0	0	0	0	"N8"
"SSC_15491_14__SSC_15491_14__N3C163"	"N4"	"SSC/15491/14"	"SSc-ILD"	"SSC/15491/14"	1	1	8	0	0	0	0	"N8"
"SSC_15491_14__SSC_15491_14__N3C163"	"N5"	"SSC/15491/14"	"SSc-ILD"	"SSC/15491/14"	1	1	8	3	1	0.375	1	"N8"
"SSC_15491_14__SSC_15491_14__N3C163"	"N6"	"SSC/15491/14"	"SSc-ILD"	"SSC/15491/14"	1	1	8	0	0	0	0	"N8"
"SSC_15491_14__SSC_15491_14__N3C163"	"N7"	"SSC/15491/14"	"SSc-ILD"	"SSC/15491/14"	1	1	8	0	0	0	0	"N8"
"SSC_15491_14__SSC_15491_14__N3C163"	"N8"	"SSC/15491/14"	"SSc-ILD"	"SSC/15491/14"	1	1	8	5	1	0.625	1	"N8"
"SSC_15491_14__SSC_15491_14__N3C164"	"N1"	"SSC/15491/14"	"SSc-ILD"	"SSC/15491/14"	6	6	34	1	1	0.0294117647058824	0.166666666666667	"N5"
"SSC_15491_14__SSC_15491_14__N3C164"	"N2"	"SSC/15491/14"	"SSc-ILD"	"SSC/15491/14"	6	6	34	0	0	0	0	"N5"
"SSC_15491_14__SSC_15491_14__N3C164"	"N3"	"SSC/15491/14"	"SSc-ILD"	"SSC/15491/14"	6	6	34	0	0	0	0	"N5"
"SSC_15491_14__SSC_15491_14__N3C164"	"N4"	"SSC/15491/14"	"SSc-ILD"	"SSC/15491/14"	6	6	34	0	0	0	0	"N5"
"SSC_15491_14__SSC_15491_14__N3C164"	"N5"	"SSC/15491/14"	"SSc-ILD"	"SSC/15491/14"	6	6	34	13	6	0.382352941176471	1	"N5"
"SSC_15491_14__SSC_15491_14__N3C164"	"N6"	"SSC/15491/14"	"SSc-ILD"	"SSC/15491/14"	6	6	34	0	0	0	0	"N5"
"SSC_15491_14__SSC_15491_14__N3C164"	"N7"	"SSC/15491/14"	"SSc-ILD"	"SSC/15491/14"	6	6	34	12	4	0.352941176470588	0.666666666666667	"N5"
"SSC_15491_14__SSC_15491_14__N3C164"	"N8"	"SSC/15491/14"	"SSc-ILD"	"SSC/15491/14"	6	6	34	8	3	0.235294117647059	0.5	"N5"
"SSC_15491_14__SSC_15491_14__N3C165"	"N1"	"SSC/15491/14"	"SSc-ILD"	"SSC/15491/14"	1	1	8	5	1	0.625	1	"N1"
"SSC_15491_14__SSC_15491_14__N3C165"	"N2"	"SSC/15491/14"	"SSc-ILD"	"SSC/15491/14"	1	1	8	0	0	0	0	"N1"
"SSC_15491_14__SSC_15491_14__N3C165"	"N3"	"SSC/15491/14"	"SSc-ILD"	"SSC/15491/14"	1	1	8	0	0	0	0	"N1"
"SSC_15491_14__SSC_15491_14__N3C165"	"N4"	"SSC/15491/14"	"SSc-ILD"	"SSC/15491/14"	1	1	8	0	0	0	0	"N1"
"SSC_15491_14__SSC_15491_14__N3C165"	"N5"	"SSC/15491/14"	"SSc-ILD"	"SSC/15491/14"	1	1	8	1	1	0.125	1	"N1"
"SSC_15491_14__SSC_15491_14__N3C165"	"N6"	"SSC/15491/14"	"SSc-ILD"	"SSC/15491/14"	1	1	8	0	0	0	0	"N1"
"SSC_15491_14__SSC_15491_14__N3C165"	"N7"	"SSC/15491/14"	"SSc-ILD"	"SSC/15491/14"	1	1	8	0	0	0	0	"N1"
"SSC_15491_14__SSC_15491_14__N3C165"	"N8"	"SSC/15491/14"	"SSc-ILD"	"SSC/15491/14"	1	1	8	2	1	0.25	1	"N1"
"SSC_15491_14__SSC_15491_14__N3C166"	"N1"	"SSC/15491/14"	"SSc-ILD"	"SSC/15491/14"	1	1	5	0	0	0	0	"N5"
"SSC_15491_14__SSC_15491_14__N3C166"	"N2"	"SSC/15491/14"	"SSc-ILD"	"SSC/15491/14"	1	1	5	0	0	0	0	"N5"
"SSC_15491_14__SSC_15491_14__N3C166"	"N3"	"SSC/15491/14"	"SSc-ILD"	"SSC/15491/14"	1	1	5	0	0	0	0	"N5"
"SSC_15491_14__SSC_15491_14__N3C166"	"N4"	"SSC/15491/14"	"SSc-ILD"	"SSC/15491/14"	1	1	5	0	0	0	0	"N5"
"SSC_15491_14__SSC_15491_14__N3C166"	"N5"	"SSC/15491/14"	"SSc-ILD"	"SSC/15491/14"	1	1	5	5	1	1	1	"N5"
"SSC_15491_14__SSC_15491_14__N3C166"	"N6"	"SSC/15491/14"	"SSc-ILD"	"SSC/15491/14"	1	1	5	0	0	0	0	"N5"
"SSC_15491_14__SSC_15491_14__N3C166"	"N7"	"SSC/15491/14"	"SSc-ILD"	"SSC/15491/14"	1	1	5	0	0	0	0	"N5"
"SSC_15491_14__SSC_15491_14__N3C166"	"N8"	"SSC/15491/14"	"SSc-ILD"	"SSC/15491/14"	1	1	5	0	0	0	0	"N5"
"SSC_15491_14__SSC_15491_14__N3C167"	"N1"	"SSC/15491/14"	"SSc-ILD"	"SSC/15491/14"	1	1	8	3	1	0.375	1	"N1; N5"
"SSC_15491_14__SSC_15491_14__N3C167"	"N2"	"SSC/15491/14"	"SSc-ILD"	"SSC/15491/14"	1	1	8	0	0	0	0	"N1; N5"
"SSC_15491_14__SSC_15491_14__N3C167"	"N3"	"SSC/15491/14"	"SSc-ILD"	"SSC/15491/14"	1	1	8	0	0	0	0	"N1; N5"
"SSC_15491_14__SSC_15491_14__N3C167"	"N4"	"SSC/15491/14"	"SSc-ILD"	"SSC/15491/14"	1	1	8	0	0	0	0	"N1; N5"
"SSC_15491_14__SSC_15491_14__N3C167"	"N5"	"SSC/15491/14"	"SSc-ILD"	"SSC/15491/14"	1	1	8	3	1	0.375	1	"N1; N5"
"SSC_15491_14__SSC_15491_14__N3C167"	"N6"	"SSC/15491/14"	"SSc-ILD"	"SSC/15491/14"	1	1	8	0	0	0	0	"N1; N5"
"SSC_15491_14__SSC_15491_14__N3C167"	"N7"	"SSC/15491/14"	"SSc-ILD"	"SSC/15491/14"	1	1	8	0	0	0	0	"N1; N5"
"SSC_15491_14__SSC_15491_14__N3C167"	"N8"	"SSC/15491/14"	"SSc-ILD"	"SSC/15491/14"	1	1	8	2	1	0.25	1	"N1; N5"
"SSC_15491_14__SSC_15491_14__N3C168"	"N1"	"SSC/15491/14"	"SSc-ILD"	"SSC/15491/14"	8	8	38	18	8	0.473684210526316	1	"N1"
"SSC_15491_14__SSC_15491_14__N3C168"	"N2"	"SSC/15491/14"	"SSc-ILD"	"SSC/15491/14"	8	8	38	0	0	0	0	"N1"
"SSC_15491_14__SSC_15491_14__N3C168"	"N3"	"SSC/15491/14"	"SSc-ILD"	"SSC/15491/14"	8	8	38	0	0	0	0	"N1"
"SSC_15491_14__SSC_15491_14__N3C168"	"N4"	"SSC/15491/14"	"SSc-ILD"	"SSC/15491/14"	8	8	38	0	0	0	0	"N1"
"SSC_15491_14__SSC_15491_14__N3C168"	"N5"	"SSC/15491/14"	"SSc-ILD"	"SSC/15491/14"	8	8	38	4	3	0.105263157894737	0.375	"N1"
"SSC_15491_14__SSC_15491_14__N3C168"	"N6"	"SSC/15491/14"	"SSc-ILD"	"SSC/15491/14"	8	8	38	2	1	0.0526315789473684	0.125	"N1"
"SSC_15491_14__SSC_15491_14__N3C168"	"N7"	"SSC/15491/14"	"SSc-ILD"	"SSC/15491/14"	8	8	38	12	6	0.315789473684211	0.75	"N1"
"SSC_15491_14__SSC_15491_14__N3C168"	"N8"	"SSC/15491/14"	"SSc-ILD"	"SSC/15491/14"	8	8	38	2	2	0.0526315789473684	0.25	"N1"
"SSC_15491_14__SSC_15491_14__N3C169"	"N1"	"SSC/15491/14"	"SSc-ILD"	"SSC/15491/14"	1	1	8	1	1	0.125	1	"N8"
"SSC_15491_14__SSC_15491_14__N3C169"	"N2"	"SSC/15491/14"	"SSc-ILD"	"SSC/15491/14"	1	1	8	0	0	0	0	"N8"
"SSC_15491_14__SSC_15491_14__N3C169"	"N3"	"SSC/15491/14"	"SSc-ILD"	"SSC/15491/14"	1	1	8	0	0	0	0	"N8"
"SSC_15491_14__SSC_15491_14__N3C169"	"N4"	"SSC/15491/14"	"SSc-ILD"	"SSC/15491/14"	1	1	8	0	0	0	0	"N8"
"SSC_15491_14__SSC_15491_14__N3C169"	"N5"	"SSC/15491/14"	"SSc-ILD"	"SSC/15491/14"	1	1	8	0	0	0	0	"N8"
"SSC_15491_14__SSC_15491_14__N3C169"	"N6"	"SSC/15491/14"	"SSc-ILD"	"SSC/15491/14"	1	1	8	0	0	0	0	"N8"
"SSC_15491_14__SSC_15491_14__N3C169"	"N7"	"SSC/15491/14"	"SSc-ILD"	"SSC/15491/14"	1	1	8	1	1	0.125	1	"N8"
"SSC_15491_14__SSC_15491_14__N3C169"	"N8"	"SSC/15491/14"	"SSc-ILD"	"SSC/15491/14"	1	1	8	6	1	0.75	1	"N8"
"SSC_15491_14__SSC_15491_14__N3C170"	"N1"	"SSC/15491/14"	"SSc-ILD"	"SSC/15491/14"	1	1	2	1	1	0.5	1	"N1; N8"
"SSC_15491_14__SSC_15491_14__N3C170"	"N2"	"SSC/15491/14"	"SSc-ILD"	"SSC/15491/14"	1	1	2	0	0	0	0	"N1; N8"
"SSC_15491_14__SSC_15491_14__N3C170"	"N3"	"SSC/15491/14"	"SSc-ILD"	"SSC/15491/14"	1	1	2	0	0	0	0	"N1; N8"
"SSC_15491_14__SSC_15491_14__N3C170"	"N4"	"SSC/15491/14"	"SSc-ILD"	"SSC/15491/14"	1	1	2	0	0	0	0	"N1; N8"
"SSC_15491_14__SSC_15491_14__N3C170"	"N5"	"SSC/15491/14"	"SSc-ILD"	"SSC/15491/14"	1	1	2	0	0	0	0	"N1; N8"
"SSC_15491_14__SSC_15491_14__N3C170"	"N6"	"SSC/15491/14"	"SSc-ILD"	"SSC/15491/14"	1	1	2	0	0	0	0	"N1; N8"
"SSC_15491_14__SSC_15491_14__N3C170"	"N7"	"SSC/15491/14"	"SSc-ILD"	"SSC/15491/14"	1	1	2	0	0	0	0	"N1; N8"
"SSC_15491_14__SSC_15491_14__N3C170"	"N8"	"SSC/15491/14"	"SSc-ILD"	"SSC/15491/14"	1	1	2	1	1	0.5	1	"N1; N8"
"SSC_15491_14__SSC_15491_14__N3C171"	"N1"	"SSC/15491/14"	"SSc-ILD"	"SSC/15491/14"	1	1	8	3	1	0.375	1	"N8"
"SSC_15491_14__SSC_15491_14__N3C171"	"N2"	"SSC/15491/14"	"SSc-ILD"	"SSC/15491/14"	1	1	8	0	0	0	0	"N8"
"SSC_15491_14__SSC_15491_14__N3C171"	"N3"	"SSC/15491/14"	"SSc-ILD"	"SSC/15491/14"	1	1	8	0	0	0	0	"N8"
"SSC_15491_14__SSC_15491_14__N3C171"	"N4"	"SSC/15491/14"	"SSc-ILD"	"SSC/15491/14"	1	1	8	0	0	0	0	"N8"
"SSC_15491_14__SSC_15491_14__N3C171"	"N5"	"SSC/15491/14"	"SSc-ILD"	"SSC/15491/14"	1	1	8	0	0	0	0	"N8"
"SSC_15491_14__SSC_15491_14__N3C171"	"N6"	"SSC/15491/14"	"SSc-ILD"	"SSC/15491/14"	1	1	8	0	0	0	0	"N8"
"SSC_15491_14__SSC_15491_14__N3C171"	"N7"	"SSC/15491/14"	"SSc-ILD"	"SSC/15491/14"	1	1	8	0	0	0	0	"N8"
"SSC_15491_14__SSC_15491_14__N3C171"	"N8"	"SSC/15491/14"	"SSc-ILD"	"SSC/15491/14"	1	1	8	5	1	0.625	1	"N8"
"SSC_15491_14__SSC_15491_14__N3C172"	"N1"	"SSC/15491/14"	"SSc-ILD"	"SSC/15491/14"	4	4	24	11	4	0.458333333333333	1	"N1"
"SSC_15491_14__SSC_15491_14__N3C172"	"N2"	"SSC/15491/14"	"SSc-ILD"	"SSC/15491/14"	4	4	24	0	0	0	0	"N1"
"SSC_15491_14__SSC_15491_14__N3C172"	"N3"	"SSC/15491/14"	"SSc-ILD"	"SSC/15491/14"	4	4	24	0	0	0	0	"N1"
"SSC_15491_14__SSC_15491_14__N3C172"	"N4"	"SSC/15491/14"	"SSc-ILD"	"SSC/15491/14"	4	4	24	0	0	0	0	"N1"
"SSC_15491_14__SSC_15491_14__N3C172"	"N5"	"SSC/15491/14"	"SSc-ILD"	"SSC/15491/14"	4	4	24	1	1	0.0416666666666667	0.25	"N1"
"SSC_15491_14__SSC_15491_14__N3C172"	"N6"	"SSC/15491/14"	"SSc-ILD"	"SSC/15491/14"	4	4	24	1	1	0.0416666666666667	0.25	"N1"
"SSC_15491_14__SSC_15491_14__N3C172"	"N7"	"SSC/15491/14"	"SSc-ILD"	"SSC/15491/14"	4	4	24	8	4	0.333333333333333	1	"N1"
"SSC_15491_14__SSC_15491_14__N3C172"	"N8"	"SSC/15491/14"	"SSc-ILD"	"SSC/15491/14"	4	4	24	3	2	0.125	0.5	"N1"
"SSC_15491_14__SSC_15491_14__N3C173"	"N1"	"SSC/15491/14"	"SSc-ILD"	"SSC/15491/14"	1	1	8	6	1	0.75	1	"N1"
"SSC_15491_14__SSC_15491_14__N3C173"	"N2"	"SSC/15491/14"	"SSc-ILD"	"SSC/15491/14"	1	1	8	0	0	0	0	"N1"
"SSC_15491_14__SSC_15491_14__N3C173"	"N3"	"SSC/15491/14"	"SSc-ILD"	"SSC/15491/14"	1	1	8	0	0	0	0	"N1"
"SSC_15491_14__SSC_15491_14__N3C173"	"N4"	"SSC/15491/14"	"SSc-ILD"	"SSC/15491/14"	1	1	8	0	0	0	0	"N1"
"SSC_15491_14__SSC_15491_14__N3C173"	"N5"	"SSC/15491/14"	"SSc-ILD"	"SSC/15491/14"	1	1	8	0	0	0	0	"N1"
"SSC_15491_14__SSC_15491_14__N3C173"	"N6"	"SSC/15491/14"	"SSc-ILD"	"SSC/15491/14"	1	1	8	0	0	0	0	"N1"
"SSC_15491_14__SSC_15491_14__N3C173"	"N7"	"SSC/15491/14"	"SSc-ILD"	"SSC/15491/14"	1	1	8	2	1	0.25	1	"N1"
"SSC_15491_14__SSC_15491_14__N3C173"	"N8"	"SSC/15491/14"	"SSc-ILD"	"SSC/15491/14"	1	1	8	0	0	0	0	"N1"
"SSC_15491_14__SSC_15491_14__N3C174"	"N1"	"SSC/15491/14"	"SSc-ILD"	"SSC/15491/14"	1	1	8	6	1	0.75	1	"N1"
"SSC_15491_14__SSC_15491_14__N3C174"	"N2"	"SSC/15491/14"	"SSc-ILD"	"SSC/15491/14"	1	1	8	0	0	0	0	"N1"
"SSC_15491_14__SSC_15491_14__N3C174"	"N3"	"SSC/15491/14"	"SSc-ILD"	"SSC/15491/14"	1	1	8	0	0	0	0	"N1"
"SSC_15491_14__SSC_15491_14__N3C174"	"N4"	"SSC/15491/14"	"SSc-ILD"	"SSC/15491/14"	1	1	8	0	0	0	0	"N1"
"SSC_15491_14__SSC_15491_14__N3C174"	"N5"	"SSC/15491/14"	"SSc-ILD"	"SSC/15491/14"	1	1	8	0	0	0	0	"N1"
"SSC_15491_14__SSC_15491_14__N3C174"	"N6"	"SSC/15491/14"	"SSc-ILD"	"SSC/15491/14"	1	1	8	0	0	0	0	"N1"
"SSC_15491_14__SSC_15491_14__N3C174"	"N7"	"SSC/15491/14"	"SSc-ILD"	"SSC/15491/14"	1	1	8	0	0	0	0	"N1"
"SSC_15491_14__SSC_15491_14__N3C174"	"N8"	"SSC/15491/14"	"SSc-ILD"	"SSC/15491/14"	1	1	8	2	1	0.25	1	"N1"
"SSC_15491_14__SSC_15491_14__N3C175"	"N1"	"SSC/15491/14"	"SSc-ILD"	"SSC/15491/14"	2	2	14	10	2	0.714285714285714	1	"N1"
"SSC_15491_14__SSC_15491_14__N3C175"	"N2"	"SSC/15491/14"	"SSc-ILD"	"SSC/15491/14"	2	2	14	0	0	0	0	"N1"
"SSC_15491_14__SSC_15491_14__N3C175"	"N3"	"SSC/15491/14"	"SSc-ILD"	"SSC/15491/14"	2	2	14	0	0	0	0	"N1"
"SSC_15491_14__SSC_15491_14__N3C175"	"N4"	"SSC/15491/14"	"SSc-ILD"	"SSC/15491/14"	2	2	14	0	0	0	0	"N1"
"SSC_15491_14__SSC_15491_14__N3C175"	"N5"	"SSC/15491/14"	"SSc-ILD"	"SSC/15491/14"	2	2	14	0	0	0	0	"N1"
"SSC_15491_14__SSC_15491_14__N3C175"	"N6"	"SSC/15491/14"	"SSc-ILD"	"SSC/15491/14"	2	2	14	0	0	0	0	"N1"
"SSC_15491_14__SSC_15491_14__N3C175"	"N7"	"SSC/15491/14"	"SSc-ILD"	"SSC/15491/14"	2	2	14	2	2	0.142857142857143	1	"N1"
"SSC_15491_14__SSC_15491_14__N3C175"	"N8"	"SSC/15491/14"	"SSc-ILD"	"SSC/15491/14"	2	2	14	2	1	0.142857142857143	0.5	"N1"
"SSC_15491_14__SSC_15491_14__N3C176"	"N1"	"SSC/15491/14"	"SSc-ILD"	"SSC/15491/14"	1	1	8	1	1	0.125	1	"N5"
"SSC_15491_14__SSC_15491_14__N3C176"	"N2"	"SSC/15491/14"	"SSc-ILD"	"SSC/15491/14"	1	1	8	0	0	0	0	"N5"
"SSC_15491_14__SSC_15491_14__N3C176"	"N3"	"SSC/15491/14"	"SSc-ILD"	"SSC/15491/14"	1	1	8	0	0	0	0	"N5"
"SSC_15491_14__SSC_15491_14__N3C176"	"N4"	"SSC/15491/14"	"SSc-ILD"	"SSC/15491/14"	1	1	8	0	0	0	0	"N5"
"SSC_15491_14__SSC_15491_14__N3C176"	"N5"	"SSC/15491/14"	"SSc-ILD"	"SSC/15491/14"	1	1	8	3	1	0.375	1	"N5"
"SSC_15491_14__SSC_15491_14__N3C176"	"N6"	"SSC/15491/14"	"SSc-ILD"	"SSC/15491/14"	1	1	8	0	0	0	0	"N5"
"SSC_15491_14__SSC_15491_14__N3C176"	"N7"	"SSC/15491/14"	"SSc-ILD"	"SSC/15491/14"	1	1	8	2	1	0.25	1	"N5"
"SSC_15491_14__SSC_15491_14__N3C176"	"N8"	"SSC/15491/14"	"SSc-ILD"	"SSC/15491/14"	1	1	8	2	1	0.25	1	"N5"
"SSC_15491_14__SSC_15491_14__N3C177"	"N1"	"SSC/15491/14"	"SSc-ILD"	"SSC/15491/14"	3	3	20	6	3	0.3	1	"N1; N7"
"SSC_15491_14__SSC_15491_14__N3C177"	"N2"	"SSC/15491/14"	"SSc-ILD"	"SSC/15491/14"	3	3	20	1	1	0.05	0.333333333333333	"N1; N7"
"SSC_15491_14__SSC_15491_14__N3C177"	"N3"	"SSC/15491/14"	"SSc-ILD"	"SSC/15491/14"	3	3	20	0	0	0	0	"N1; N7"
"SSC_15491_14__SSC_15491_14__N3C177"	"N4"	"SSC/15491/14"	"SSc-ILD"	"SSC/15491/14"	3	3	20	0	0	0	0	"N1; N7"
"SSC_15491_14__SSC_15491_14__N3C177"	"N5"	"SSC/15491/14"	"SSc-ILD"	"SSC/15491/14"	3	3	20	5	3	0.25	1	"N1; N7"
"SSC_15491_14__SSC_15491_14__N3C177"	"N6"	"SSC/15491/14"	"SSc-ILD"	"SSC/15491/14"	3	3	20	0	0	0	0	"N1; N7"
"SSC_15491_14__SSC_15491_14__N3C177"	"N7"	"SSC/15491/14"	"SSc-ILD"	"SSC/15491/14"	3	3	20	6	3	0.3	1	"N1; N7"
"SSC_15491_14__SSC_15491_14__N3C177"	"N8"	"SSC/15491/14"	"SSc-ILD"	"SSC/15491/14"	3	3	20	2	1	0.1	0.333333333333333	"N1; N7"
"SSC_15491_14__SSC_15491_14__N3C178"	"N1"	"SSC/15491/14"	"SSc-ILD"	"SSC/15491/14"	1	1	8	0	0	0	0	"N5"
"SSC_15491_14__SSC_15491_14__N3C178"	"N2"	"SSC/15491/14"	"SSc-ILD"	"SSC/15491/14"	1	1	8	0	0	0	0	"N5"
"SSC_15491_14__SSC_15491_14__N3C178"	"N3"	"SSC/15491/14"	"SSc-ILD"	"SSC/15491/14"	1	1	8	0	0	0	0	"N5"
"SSC_15491_14__SSC_15491_14__N3C178"	"N4"	"SSC/15491/14"	"SSc-ILD"	"SSC/15491/14"	1	1	8	0	0	0	0	"N5"
"SSC_15491_14__SSC_15491_14__N3C178"	"N5"	"SSC/15491/14"	"SSc-ILD"	"SSC/15491/14"	1	1	8	5	1	0.625	1	"N5"
"SSC_15491_14__SSC_15491_14__N3C178"	"N6"	"SSC/15491/14"	"SSc-ILD"	"SSC/15491/14"	1	1	8	0	0	0	0	"N5"
"SSC_15491_14__SSC_15491_14__N3C178"	"N7"	"SSC/15491/14"	"SSc-ILD"	"SSC/15491/14"	1	1	8	3	1	0.375	1	"N5"
"SSC_15491_14__SSC_15491_14__N3C178"	"N8"	"SSC/15491/14"	"SSc-ILD"	"SSC/15491/14"	1	1	8	0	0	0	0	"N5"
"SSC_15491_14__SSC_15491_14__N3C179"	"N1"	"SSC/15491/14"	"SSc-ILD"	"SSC/15491/14"	3	3	20	5	2	0.25	0.666666666666667	"N5"
"SSC_15491_14__SSC_15491_14__N3C179"	"N2"	"SSC/15491/14"	"SSc-ILD"	"SSC/15491/14"	3	3	20	0	0	0	0	"N5"
"SSC_15491_14__SSC_15491_14__N3C179"	"N3"	"SSC/15491/14"	"SSc-ILD"	"SSC/15491/14"	3	3	20	0	0	0	0	"N5"
"SSC_15491_14__SSC_15491_14__N3C179"	"N4"	"SSC/15491/14"	"SSc-ILD"	"SSC/15491/14"	3	3	20	0	0	0	0	"N5"
"SSC_15491_14__SSC_15491_14__N3C179"	"N5"	"SSC/15491/14"	"SSc-ILD"	"SSC/15491/14"	3	3	20	9	3	0.45	1	"N5"
"SSC_15491_14__SSC_15491_14__N3C179"	"N6"	"SSC/15491/14"	"SSc-ILD"	"SSC/15491/14"	3	3	20	0	0	0	0	"N5"
"SSC_15491_14__SSC_15491_14__N3C179"	"N7"	"SSC/15491/14"	"SSc-ILD"	"SSC/15491/14"	3	3	20	3	1	0.15	0.333333333333333	"N5"
"SSC_15491_14__SSC_15491_14__N3C179"	"N8"	"SSC/15491/14"	"SSc-ILD"	"SSC/15491/14"	3	3	20	3	2	0.15	0.666666666666667	"N5"
"SSC_15491_14__SSC_15491_14__N3C180"	"N1"	"SSC/15491/14"	"SSc-ILD"	"SSC/15491/14"	1	1	8	3	1	0.375	1	"N7"
"SSC_15491_14__SSC_15491_14__N3C180"	"N2"	"SSC/15491/14"	"SSc-ILD"	"SSC/15491/14"	1	1	8	0	0	0	0	"N7"
"SSC_15491_14__SSC_15491_14__N3C180"	"N3"	"SSC/15491/14"	"SSc-ILD"	"SSC/15491/14"	1	1	8	0	0	0	0	"N7"
"SSC_15491_14__SSC_15491_14__N3C180"	"N4"	"SSC/15491/14"	"SSc-ILD"	"SSC/15491/14"	1	1	8	0	0	0	0	"N7"
"SSC_15491_14__SSC_15491_14__N3C180"	"N5"	"SSC/15491/14"	"SSc-ILD"	"SSC/15491/14"	1	1	8	0	0	0	0	"N7"
"SSC_15491_14__SSC_15491_14__N3C180"	"N6"	"SSC/15491/14"	"SSc-ILD"	"SSC/15491/14"	1	1	8	0	0	0	0	"N7"
"SSC_15491_14__SSC_15491_14__N3C180"	"N7"	"SSC/15491/14"	"SSc-ILD"	"SSC/15491/14"	1	1	8	5	1	0.625	1	"N7"
"SSC_15491_14__SSC_15491_14__N3C180"	"N8"	"SSC/15491/14"	"SSc-ILD"	"SSC/15491/14"	1	1	8	0	0	0	0	"N7"
"SSC_15491_14__SSC_15491_14__N3C181"	"N1"	"SSC/15491/14"	"SSc-ILD"	"SSC/15491/14"	1	1	8	6	1	0.75	1	"N1"
"SSC_15491_14__SSC_15491_14__N3C181"	"N2"	"SSC/15491/14"	"SSc-ILD"	"SSC/15491/14"	1	1	8	0	0	0	0	"N1"
"SSC_15491_14__SSC_15491_14__N3C181"	"N3"	"SSC/15491/14"	"SSc-ILD"	"SSC/15491/14"	1	1	8	0	0	0	0	"N1"
"SSC_15491_14__SSC_15491_14__N3C181"	"N4"	"SSC/15491/14"	"SSc-ILD"	"SSC/15491/14"	1	1	8	0	0	0	0	"N1"
"SSC_15491_14__SSC_15491_14__N3C181"	"N5"	"SSC/15491/14"	"SSc-ILD"	"SSC/15491/14"	1	1	8	1	1	0.125	1	"N1"
"SSC_15491_14__SSC_15491_14__N3C181"	"N6"	"SSC/15491/14"	"SSc-ILD"	"SSC/15491/14"	1	1	8	0	0	0	0	"N1"
"SSC_15491_14__SSC_15491_14__N3C181"	"N7"	"SSC/15491/14"	"SSc-ILD"	"SSC/15491/14"	1	1	8	1	1	0.125	1	"N1"
"SSC_15491_14__SSC_15491_14__N3C181"	"N8"	"SSC/15491/14"	"SSc-ILD"	"SSC/15491/14"	1	1	8	0	0	0	0	"N1"
"SSC_15491_14__SSC_15491_14__N3C182"	"N1"	"SSC/15491/14"	"SSc-ILD"	"SSC/15491/14"	1	1	8	3	1	0.375	1	"N1; N8"
"SSC_15491_14__SSC_15491_14__N3C182"	"N2"	"SSC/15491/14"	"SSc-ILD"	"SSC/15491/14"	1	1	8	0	0	0	0	"N1; N8"
"SSC_15491_14__SSC_15491_14__N3C182"	"N3"	"SSC/15491/14"	"SSc-ILD"	"SSC/15491/14"	1	1	8	0	0	0	0	"N1; N8"
"SSC_15491_14__SSC_15491_14__N3C182"	"N4"	"SSC/15491/14"	"SSc-ILD"	"SSC/15491/14"	1	1	8	0	0	0	0	"N1; N8"
"SSC_15491_14__SSC_15491_14__N3C182"	"N5"	"SSC/15491/14"	"SSc-ILD"	"SSC/15491/14"	1	1	8	2	1	0.25	1	"N1; N8"
"SSC_15491_14__SSC_15491_14__N3C182"	"N6"	"SSC/15491/14"	"SSc-ILD"	"SSC/15491/14"	1	1	8	0	0	0	0	"N1; N8"
"SSC_15491_14__SSC_15491_14__N3C182"	"N7"	"SSC/15491/14"	"SSc-ILD"	"SSC/15491/14"	1	1	8	0	0	0	0	"N1; N8"
"SSC_15491_14__SSC_15491_14__N3C182"	"N8"	"SSC/15491/14"	"SSc-ILD"	"SSC/15491/14"	1	1	8	3	1	0.375	1	"N1; N8"
"SSC_15491_14__SSC_15491_14__N3C183"	"N1"	"SSC/15491/14"	"SSc-ILD"	"SSC/15491/14"	1	1	8	4	1	0.5	1	"N1; N8"
"SSC_15491_14__SSC_15491_14__N3C183"	"N2"	"SSC/15491/14"	"SSc-ILD"	"SSC/15491/14"	1	1	8	0	0	0	0	"N1; N8"
"SSC_15491_14__SSC_15491_14__N3C183"	"N3"	"SSC/15491/14"	"SSc-ILD"	"SSC/15491/14"	1	1	8	0	0	0	0	"N1; N8"
"SSC_15491_14__SSC_15491_14__N3C183"	"N4"	"SSC/15491/14"	"SSc-ILD"	"SSC/15491/14"	1	1	8	0	0	0	0	"N1; N8"
"SSC_15491_14__SSC_15491_14__N3C183"	"N5"	"SSC/15491/14"	"SSc-ILD"	"SSC/15491/14"	1	1	8	0	0	0	0	"N1; N8"
"SSC_15491_14__SSC_15491_14__N3C183"	"N6"	"SSC/15491/14"	"SSc-ILD"	"SSC/15491/14"	1	1	8	0	0	0	0	"N1; N8"
"SSC_15491_14__SSC_15491_14__N3C183"	"N7"	"SSC/15491/14"	"SSc-ILD"	"SSC/15491/14"	1	1	8	0	0	0	0	"N1; N8"
"SSC_15491_14__SSC_15491_14__N3C183"	"N8"	"SSC/15491/14"	"SSc-ILD"	"SSC/15491/14"	1	1	8	4	1	0.5	1	"N1; N8"
"SSC_15491_14__SSC_15491_14__N3C184"	"N1"	"SSC/15491/14"	"SSc-ILD"	"SSC/15491/14"	1	1	8	5	1	0.625	1	"N1"
"SSC_15491_14__SSC_15491_14__N3C184"	"N2"	"SSC/15491/14"	"SSc-ILD"	"SSC/15491/14"	1	1	8	0	0	0	0	"N1"
"SSC_15491_14__SSC_15491_14__N3C184"	"N3"	"SSC/15491/14"	"SSc-ILD"	"SSC/15491/14"	1	1	8	0	0	0	0	"N1"
"SSC_15491_14__SSC_15491_14__N3C184"	"N4"	"SSC/15491/14"	"SSc-ILD"	"SSC/15491/14"	1	1	8	0	0	0	0	"N1"
"SSC_15491_14__SSC_15491_14__N3C184"	"N5"	"SSC/15491/14"	"SSc-ILD"	"SSC/15491/14"	1	1	8	1	1	0.125	1	"N1"
"SSC_15491_14__SSC_15491_14__N3C184"	"N6"	"SSC/15491/14"	"SSc-ILD"	"SSC/15491/14"	1	1	8	0	0	0	0	"N1"
"SSC_15491_14__SSC_15491_14__N3C184"	"N7"	"SSC/15491/14"	"SSc-ILD"	"SSC/15491/14"	1	1	8	1	1	0.125	1	"N1"
"SSC_15491_14__SSC_15491_14__N3C184"	"N8"	"SSC/15491/14"	"SSc-ILD"	"SSC/15491/14"	1	1	8	1	1	0.125	1	"N1"
"SSC_15491_14__SSC_15491_14__N3C185"	"N1"	"SSC/15491/14"	"SSc-ILD"	"SSC/15491/14"	37	37	162	55	27	0.339506172839506	0.72972972972973	"N1"
"SSC_15491_14__SSC_15491_14__N3C185"	"N2"	"SSC/15491/14"	"SSc-ILD"	"SSC/15491/14"	37	37	162	0	0	0	0	"N1"
"SSC_15491_14__SSC_15491_14__N3C185"	"N3"	"SSC/15491/14"	"SSc-ILD"	"SSC/15491/14"	37	37	162	0	0	0	0	"N1"
"SSC_15491_14__SSC_15491_14__N3C185"	"N4"	"SSC/15491/14"	"SSc-ILD"	"SSC/15491/14"	37	37	162	0	0	0	0	"N1"
"SSC_15491_14__SSC_15491_14__N3C185"	"N5"	"SSC/15491/14"	"SSc-ILD"	"SSC/15491/14"	37	37	162	27	21	0.166666666666667	0.567567567567568	"N1"
"SSC_15491_14__SSC_15491_14__N3C185"	"N6"	"SSC/15491/14"	"SSc-ILD"	"SSC/15491/14"	37	37	162	8	6	0.0493827160493827	0.162162162162162	"N1"
"SSC_15491_14__SSC_15491_14__N3C185"	"N7"	"SSC/15491/14"	"SSc-ILD"	"SSC/15491/14"	37	37	162	33	18	0.203703703703704	0.486486486486487	"N1"
"SSC_15491_14__SSC_15491_14__N3C185"	"N8"	"SSC/15491/14"	"SSc-ILD"	"SSC/15491/14"	37	37	162	39	21	0.240740740740741	0.567567567567568	"N1"
"SSC_15491_14__SSC_15491_14__N3C186"	"N1"	"SSC/15491/14"	"SSc-ILD"	"SSC/15491/14"	9	9	48	11	5	0.229166666666667	0.555555555555556	"N7"
"SSC_15491_14__SSC_15491_14__N3C186"	"N2"	"SSC/15491/14"	"SSc-ILD"	"SSC/15491/14"	9	9	48	0	0	0	0	"N7"
"SSC_15491_14__SSC_15491_14__N3C186"	"N3"	"SSC/15491/14"	"SSc-ILD"	"SSC/15491/14"	9	9	48	0	0	0	0	"N7"
"SSC_15491_14__SSC_15491_14__N3C186"	"N4"	"SSC/15491/14"	"SSc-ILD"	"SSC/15491/14"	9	9	48	0	0	0	0	"N7"
"SSC_15491_14__SSC_15491_14__N3C186"	"N5"	"SSC/15491/14"	"SSc-ILD"	"SSC/15491/14"	9	9	48	11	5	0.229166666666667	0.555555555555556	"N7"
"SSC_15491_14__SSC_15491_14__N3C186"	"N6"	"SSC/15491/14"	"SSc-ILD"	"SSC/15491/14"	9	9	48	0	0	0	0	"N7"
"SSC_15491_14__SSC_15491_14__N3C186"	"N7"	"SSC/15491/14"	"SSc-ILD"	"SSC/15491/14"	9	9	48	26	9	0.541666666666667	1	"N7"
"SSC_15491_14__SSC_15491_14__N3C186"	"N8"	"SSC/15491/14"	"SSc-ILD"	"SSC/15491/14"	9	9	48	0	0	0	0	"N7"
"SSC_15491_14__SSC_15491_14__N3C187"	"N1"	"SSC/15491/14"	"SSc-ILD"	"SSC/15491/14"	2	2	14	4	2	0.285714285714286	1	"N5"
"SSC_15491_14__SSC_15491_14__N3C187"	"N2"	"SSC/15491/14"	"SSc-ILD"	"SSC/15491/14"	2	2	14	0	0	0	0	"N5"
"SSC_15491_14__SSC_15491_14__N3C187"	"N3"	"SSC/15491/14"	"SSc-ILD"	"SSC/15491/14"	2	2	14	0	0	0	0	"N5"
"SSC_15491_14__SSC_15491_14__N3C187"	"N4"	"SSC/15491/14"	"SSc-ILD"	"SSC/15491/14"	2	2	14	0	0	0	0	"N5"
"SSC_15491_14__SSC_15491_14__N3C187"	"N5"	"SSC/15491/14"	"SSc-ILD"	"SSC/15491/14"	2	2	14	7	2	0.5	1	"N5"
"SSC_15491_14__SSC_15491_14__N3C187"	"N6"	"SSC/15491/14"	"SSc-ILD"	"SSC/15491/14"	2	2	14	1	1	0.0714285714285714	0.5	"N5"
"SSC_15491_14__SSC_15491_14__N3C187"	"N7"	"SSC/15491/14"	"SSc-ILD"	"SSC/15491/14"	2	2	14	2	2	0.142857142857143	1	"N5"
"SSC_15491_14__SSC_15491_14__N3C187"	"N8"	"SSC/15491/14"	"SSc-ILD"	"SSC/15491/14"	2	2	14	0	0	0	0	"N5"
"SSC_15491_14__SSC_15491_14__N3C188"	"N1"	"SSC/15491/14"	"SSc-ILD"	"SSC/15491/14"	7	7	38	5	4	0.131578947368421	0.571428571428571	"N8"
"SSC_15491_14__SSC_15491_14__N3C188"	"N2"	"SSC/15491/14"	"SSc-ILD"	"SSC/15491/14"	7	7	38	0	0	0	0	"N8"
"SSC_15491_14__SSC_15491_14__N3C188"	"N3"	"SSC/15491/14"	"SSc-ILD"	"SSC/15491/14"	7	7	38	0	0	0	0	"N8"
"SSC_15491_14__SSC_15491_14__N3C188"	"N4"	"SSC/15491/14"	"SSc-ILD"	"SSC/15491/14"	7	7	38	0	0	0	0	"N8"
"SSC_15491_14__SSC_15491_14__N3C188"	"N5"	"SSC/15491/14"	"SSc-ILD"	"SSC/15491/14"	7	7	38	5	3	0.131578947368421	0.428571428571429	"N8"
"SSC_15491_14__SSC_15491_14__N3C188"	"N6"	"SSC/15491/14"	"SSc-ILD"	"SSC/15491/14"	7	7	38	2	2	0.0526315789473684	0.285714285714286	"N8"
"SSC_15491_14__SSC_15491_14__N3C188"	"N7"	"SSC/15491/14"	"SSc-ILD"	"SSC/15491/14"	7	7	38	9	4	0.236842105263158	0.571428571428571	"N8"
"SSC_15491_14__SSC_15491_14__N3C188"	"N8"	"SSC/15491/14"	"SSc-ILD"	"SSC/15491/14"	7	7	38	17	7	0.447368421052632	1	"N8"
"SSC_15491_14__SSC_15491_14__N3C189"	"N1"	"SSC/15491/14"	"SSc-ILD"	"SSC/15491/14"	2	2	10	0	0	0	0	"N7"
"SSC_15491_14__SSC_15491_14__N3C189"	"N2"	"SSC/15491/14"	"SSc-ILD"	"SSC/15491/14"	2	2	10	0	0	0	0	"N7"
"SSC_15491_14__SSC_15491_14__N3C189"	"N3"	"SSC/15491/14"	"SSc-ILD"	"SSC/15491/14"	2	2	10	0	0	0	0	"N7"
"SSC_15491_14__SSC_15491_14__N3C189"	"N4"	"SSC/15491/14"	"SSc-ILD"	"SSC/15491/14"	2	2	10	0	0	0	0	"N7"
"SSC_15491_14__SSC_15491_14__N3C189"	"N5"	"SSC/15491/14"	"SSc-ILD"	"SSC/15491/14"	2	2	10	1	1	0.1	0.5	"N7"
"SSC_15491_14__SSC_15491_14__N3C189"	"N6"	"SSC/15491/14"	"SSc-ILD"	"SSC/15491/14"	2	2	10	0	0	0	0	"N7"
"SSC_15491_14__SSC_15491_14__N3C189"	"N7"	"SSC/15491/14"	"SSc-ILD"	"SSC/15491/14"	2	2	10	9	2	0.9	1	"N7"
"SSC_15491_14__SSC_15491_14__N3C189"	"N8"	"SSC/15491/14"	"SSc-ILD"	"SSC/15491/14"	2	2	10	0	0	0	0	"N7"
"SSC_15491_14__SSC_15491_14__N3C190"	"N1"	"SSC/15491/14"	"SSc-ILD"	"SSC/15491/14"	1	1	8	8	1	1	1	"N1"
"SSC_15491_14__SSC_15491_14__N3C190"	"N2"	"SSC/15491/14"	"SSc-ILD"	"SSC/15491/14"	1	1	8	0	0	0	0	"N1"
"SSC_15491_14__SSC_15491_14__N3C190"	"N3"	"SSC/15491/14"	"SSc-ILD"	"SSC/15491/14"	1	1	8	0	0	0	0	"N1"
"SSC_15491_14__SSC_15491_14__N3C190"	"N4"	"SSC/15491/14"	"SSc-ILD"	"SSC/15491/14"	1	1	8	0	0	0	0	"N1"
"SSC_15491_14__SSC_15491_14__N3C190"	"N5"	"SSC/15491/14"	"SSc-ILD"	"SSC/15491/14"	1	1	8	0	0	0	0	"N1"
"SSC_15491_14__SSC_15491_14__N3C190"	"N6"	"SSC/15491/14"	"SSc-ILD"	"SSC/15491/14"	1	1	8	0	0	0	0	"N1"
"SSC_15491_14__SSC_15491_14__N3C190"	"N7"	"SSC/15491/14"	"SSc-ILD"	"SSC/15491/14"	1	1	8	0	0	0	0	"N1"
"SSC_15491_14__SSC_15491_14__N3C190"	"N8"	"SSC/15491/14"	"SSc-ILD"	"SSC/15491/14"	1	1	8	0	0	0	0	"N1"
"SSC_15491_14__SSC_15491_14__N3C191"	"N1"	"SSC/15491/14"	"SSc-ILD"	"SSC/15491/14"	2	2	14	11	2	0.785714285714286	1	"N1"
"SSC_15491_14__SSC_15491_14__N3C191"	"N2"	"SSC/15491/14"	"SSc-ILD"	"SSC/15491/14"	2	2	14	1	1	0.0714285714285714	0.5	"N1"
"SSC_15491_14__SSC_15491_14__N3C191"	"N3"	"SSC/15491/14"	"SSc-ILD"	"SSC/15491/14"	2	2	14	0	0	0	0	"N1"
"SSC_15491_14__SSC_15491_14__N3C191"	"N4"	"SSC/15491/14"	"SSc-ILD"	"SSC/15491/14"	2	2	14	0	0	0	0	"N1"
"SSC_15491_14__SSC_15491_14__N3C191"	"N5"	"SSC/15491/14"	"SSc-ILD"	"SSC/15491/14"	2	2	14	0	0	0	0	"N1"
"SSC_15491_14__SSC_15491_14__N3C191"	"N6"	"SSC/15491/14"	"SSc-ILD"	"SSC/15491/14"	2	2	14	0	0	0	0	"N1"
"SSC_15491_14__SSC_15491_14__N3C191"	"N7"	"SSC/15491/14"	"SSc-ILD"	"SSC/15491/14"	2	2	14	0	0	0	0	"N1"
"SSC_15491_14__SSC_15491_14__N3C191"	"N8"	"SSC/15491/14"	"SSc-ILD"	"SSC/15491/14"	2	2	14	2	2	0.142857142857143	1	"N1"
"SSC_15491_14__SSC_15491_14__N3C192"	"N1"	"SSC/15491/14"	"SSc-ILD"	"SSC/15491/14"	5	5	32	7	3	0.21875	0.6	"N8"
"SSC_15491_14__SSC_15491_14__N3C192"	"N2"	"SSC/15491/14"	"SSc-ILD"	"SSC/15491/14"	5	5	32	0	0	0	0	"N8"
"SSC_15491_14__SSC_15491_14__N3C192"	"N3"	"SSC/15491/14"	"SSc-ILD"	"SSC/15491/14"	5	5	32	0	0	0	0	"N8"
"SSC_15491_14__SSC_15491_14__N3C192"	"N4"	"SSC/15491/14"	"SSc-ILD"	"SSC/15491/14"	5	5	32	0	0	0	0	"N8"
"SSC_15491_14__SSC_15491_14__N3C192"	"N5"	"SSC/15491/14"	"SSc-ILD"	"SSC/15491/14"	5	5	32	8	3	0.25	0.6	"N8"
"SSC_15491_14__SSC_15491_14__N3C192"	"N6"	"SSC/15491/14"	"SSc-ILD"	"SSC/15491/14"	5	5	32	2	2	0.0625	0.4	"N8"
"SSC_15491_14__SSC_15491_14__N3C192"	"N7"	"SSC/15491/14"	"SSc-ILD"	"SSC/15491/14"	5	5	32	3	2	0.09375	0.4	"N8"
"SSC_15491_14__SSC_15491_14__N3C192"	"N8"	"SSC/15491/14"	"SSc-ILD"	"SSC/15491/14"	5	5	32	12	5	0.375	1	"N8"
"SSC_15491_14__SSC_15491_14__N3C193"	"N1"	"SSC/15491/14"	"SSc-ILD"	"SSC/15491/14"	1	1	8	1	1	0.125	1	"N7"
"SSC_15491_14__SSC_15491_14__N3C193"	"N2"	"SSC/15491/14"	"SSc-ILD"	"SSC/15491/14"	1	1	8	0	0	0	0	"N7"
"SSC_15491_14__SSC_15491_14__N3C193"	"N3"	"SSC/15491/14"	"SSc-ILD"	"SSC/15491/14"	1	1	8	0	0	0	0	"N7"
"SSC_15491_14__SSC_15491_14__N3C193"	"N4"	"SSC/15491/14"	"SSc-ILD"	"SSC/15491/14"	1	1	8	0	0	0	0	"N7"
"SSC_15491_14__SSC_15491_14__N3C193"	"N5"	"SSC/15491/14"	"SSc-ILD"	"SSC/15491/14"	1	1	8	0	0	0	0	"N7"
"SSC_15491_14__SSC_15491_14__N3C193"	"N6"	"SSC/15491/14"	"SSc-ILD"	"SSC/15491/14"	1	1	8	0	0	0	0	"N7"
"SSC_15491_14__SSC_15491_14__N3C193"	"N7"	"SSC/15491/14"	"SSc-ILD"	"SSC/15491/14"	1	1	8	7	1	0.875	1	"N7"
"SSC_15491_14__SSC_15491_14__N3C193"	"N8"	"SSC/15491/14"	"SSc-ILD"	"SSC/15491/14"	1	1	8	0	0	0	0	"N7"
"SSC_15491_14__SSC_15491_14__N3C194"	"N1"	"SSC/15491/14"	"SSc-ILD"	"SSC/15491/14"	1	1	5	1	1	0.2	1	"N5; N7"
"SSC_15491_14__SSC_15491_14__N3C194"	"N2"	"SSC/15491/14"	"SSc-ILD"	"SSC/15491/14"	1	1	5	0	0	0	0	"N5; N7"
"SSC_15491_14__SSC_15491_14__N3C194"	"N3"	"SSC/15491/14"	"SSc-ILD"	"SSC/15491/14"	1	1	5	0	0	0	0	"N5; N7"
"SSC_15491_14__SSC_15491_14__N3C194"	"N4"	"SSC/15491/14"	"SSc-ILD"	"SSC/15491/14"	1	1	5	0	0	0	0	"N5; N7"
"SSC_15491_14__SSC_15491_14__N3C194"	"N5"	"SSC/15491/14"	"SSc-ILD"	"SSC/15491/14"	1	1	5	2	1	0.4	1	"N5; N7"
"SSC_15491_14__SSC_15491_14__N3C194"	"N6"	"SSC/15491/14"	"SSc-ILD"	"SSC/15491/14"	1	1	5	0	0	0	0	"N5; N7"
"SSC_15491_14__SSC_15491_14__N3C194"	"N7"	"SSC/15491/14"	"SSc-ILD"	"SSC/15491/14"	1	1	5	2	1	0.4	1	"N5; N7"
"SSC_15491_14__SSC_15491_14__N3C194"	"N8"	"SSC/15491/14"	"SSc-ILD"	"SSC/15491/14"	1	1	5	0	0	0	0	"N5; N7"
"SSC_15491_14__SSC_15491_14__N3C195"	"N1"	"SSC/15491/14"	"SSc-ILD"	"SSC/15491/14"	1	1	5	0	0	0	0	"N7"
"SSC_15491_14__SSC_15491_14__N3C195"	"N2"	"SSC/15491/14"	"SSc-ILD"	"SSC/15491/14"	1	1	5	0	0	0	0	"N7"
"SSC_15491_14__SSC_15491_14__N3C195"	"N3"	"SSC/15491/14"	"SSc-ILD"	"SSC/15491/14"	1	1	5	0	0	0	0	"N7"
"SSC_15491_14__SSC_15491_14__N3C195"	"N4"	"SSC/15491/14"	"SSc-ILD"	"SSC/15491/14"	1	1	5	0	0	0	0	"N7"
"SSC_15491_14__SSC_15491_14__N3C195"	"N5"	"SSC/15491/14"	"SSc-ILD"	"SSC/15491/14"	1	1	5	1	1	0.2	1	"N7"
"SSC_15491_14__SSC_15491_14__N3C195"	"N6"	"SSC/15491/14"	"SSc-ILD"	"SSC/15491/14"	1	1	5	0	0	0	0	"N7"
"SSC_15491_14__SSC_15491_14__N3C195"	"N7"	"SSC/15491/14"	"SSc-ILD"	"SSC/15491/14"	1	1	5	4	1	0.8	1	"N7"
"SSC_15491_14__SSC_15491_14__N3C195"	"N8"	"SSC/15491/14"	"SSc-ILD"	"SSC/15491/14"	1	1	5	0	0	0	0	"N7"
"SSC_15491_14__SSC_15491_14__N3C196"	"N1"	"SSC/15491/14"	"SSc-ILD"	"SSC/15491/14"	1	1	8	2	1	0.25	1	"N5"
"SSC_15491_14__SSC_15491_14__N3C196"	"N2"	"SSC/15491/14"	"SSc-ILD"	"SSC/15491/14"	1	1	8	0	0	0	0	"N5"
"SSC_15491_14__SSC_15491_14__N3C196"	"N3"	"SSC/15491/14"	"SSc-ILD"	"SSC/15491/14"	1	1	8	0	0	0	0	"N5"
"SSC_15491_14__SSC_15491_14__N3C196"	"N4"	"SSC/15491/14"	"SSc-ILD"	"SSC/15491/14"	1	1	8	0	0	0	0	"N5"
"SSC_15491_14__SSC_15491_14__N3C196"	"N5"	"SSC/15491/14"	"SSc-ILD"	"SSC/15491/14"	1	1	8	4	1	0.5	1	"N5"
"SSC_15491_14__SSC_15491_14__N3C196"	"N6"	"SSC/15491/14"	"SSc-ILD"	"SSC/15491/14"	1	1	8	1	1	0.125	1	"N5"
"SSC_15491_14__SSC_15491_14__N3C196"	"N7"	"SSC/15491/14"	"SSc-ILD"	"SSC/15491/14"	1	1	8	0	0	0	0	"N5"
"SSC_15491_14__SSC_15491_14__N3C196"	"N8"	"SSC/15491/14"	"SSc-ILD"	"SSC/15491/14"	1	1	8	1	1	0.125	1	"N5"
"SSC_15491_14__SSC_15491_14__N3C197"	"N1"	"SSC/15491/14"	"SSc-ILD"	"SSC/15491/14"	18	16	41	5	3	0.121951219512195	0.1875	"N5"
"SSC_15491_14__SSC_15491_14__N3C197"	"N2"	"SSC/15491/14"	"SSc-ILD"	"SSC/15491/14"	18	16	41	0	0	0	0	"N5"
"SSC_15491_14__SSC_15491_14__N3C197"	"N3"	"SSC/15491/14"	"SSc-ILD"	"SSC/15491/14"	18	16	41	0	0	0	0	"N5"
"SSC_15491_14__SSC_15491_14__N3C197"	"N4"	"SSC/15491/14"	"SSc-ILD"	"SSC/15491/14"	18	16	41	0	0	0	0	"N5"
"SSC_15491_14__SSC_15491_14__N3C197"	"N5"	"SSC/15491/14"	"SSc-ILD"	"SSC/15491/14"	18	16	41	16	10	0.390243902439024	0.625	"N5"
"SSC_15491_14__SSC_15491_14__N3C197"	"N6"	"SSC/15491/14"	"SSc-ILD"	"SSC/15491/14"	18	16	41	0	0	0	0	"N5"
"SSC_15491_14__SSC_15491_14__N3C197"	"N7"	"SSC/15491/14"	"SSc-ILD"	"SSC/15491/14"	18	16	41	5	4	0.121951219512195	0.25	"N5"
"SSC_15491_14__SSC_15491_14__N3C197"	"N8"	"SSC/15491/14"	"SSc-ILD"	"SSC/15491/14"	18	16	41	15	8	0.365853658536585	0.5	"N5"
"SSC_15491_14__SSC_15491_14__N3C198"	"N1"	"SSC/15491/14"	"SSc-ILD"	"SSC/15491/14"	2	2	14	7	2	0.5	1	"N1"
"SSC_15491_14__SSC_15491_14__N3C198"	"N2"	"SSC/15491/14"	"SSc-ILD"	"SSC/15491/14"	2	2	14	0	0	0	0	"N1"
"SSC_15491_14__SSC_15491_14__N3C198"	"N3"	"SSC/15491/14"	"SSc-ILD"	"SSC/15491/14"	2	2	14	0	0	0	0	"N1"
"SSC_15491_14__SSC_15491_14__N3C198"	"N4"	"SSC/15491/14"	"SSc-ILD"	"SSC/15491/14"	2	2	14	0	0	0	0	"N1"
"SSC_15491_14__SSC_15491_14__N3C198"	"N5"	"SSC/15491/14"	"SSc-ILD"	"SSC/15491/14"	2	2	14	0	0	0	0	"N1"
"SSC_15491_14__SSC_15491_14__N3C198"	"N6"	"SSC/15491/14"	"SSc-ILD"	"SSC/15491/14"	2	2	14	0	0	0	0	"N1"
"SSC_15491_14__SSC_15491_14__N3C198"	"N7"	"SSC/15491/14"	"SSc-ILD"	"SSC/15491/14"	2	2	14	2	1	0.142857142857143	0.5	"N1"
"SSC_15491_14__SSC_15491_14__N3C198"	"N8"	"SSC/15491/14"	"SSc-ILD"	"SSC/15491/14"	2	2	14	5	2	0.357142857142857	1	"N1"
"SSC_15491_14__SSC_15491_14__N3C199"	"N1"	"SSC/15491/14"	"SSc-ILD"	"SSC/15491/14"	1	1	8	4	1	0.5	1	"N1"
"SSC_15491_14__SSC_15491_14__N3C199"	"N2"	"SSC/15491/14"	"SSc-ILD"	"SSC/15491/14"	1	1	8	0	0	0	0	"N1"
"SSC_15491_14__SSC_15491_14__N3C199"	"N3"	"SSC/15491/14"	"SSc-ILD"	"SSC/15491/14"	1	1	8	0	0	0	0	"N1"
"SSC_15491_14__SSC_15491_14__N3C199"	"N4"	"SSC/15491/14"	"SSc-ILD"	"SSC/15491/14"	1	1	8	0	0	0	0	"N1"
"SSC_15491_14__SSC_15491_14__N3C199"	"N5"	"SSC/15491/14"	"SSc-ILD"	"SSC/15491/14"	1	1	8	0	0	0	0	"N1"
"SSC_15491_14__SSC_15491_14__N3C199"	"N6"	"SSC/15491/14"	"SSc-ILD"	"SSC/15491/14"	1	1	8	0	0	0	0	"N1"
"SSC_15491_14__SSC_15491_14__N3C199"	"N7"	"SSC/15491/14"	"SSc-ILD"	"SSC/15491/14"	1	1	8	2	1	0.25	1	"N1"
"SSC_15491_14__SSC_15491_14__N3C199"	"N8"	"SSC/15491/14"	"SSc-ILD"	"SSC/15491/14"	1	1	8	2	1	0.25	1	"N1"
"SSC_15491_14__SSC_15491_14__N3C200"	"N1"	"SSC/15491/14"	"SSc-ILD"	"SSC/15491/14"	7	7	34	15	7	0.441176470588235	1	"N1"
"SSC_15491_14__SSC_15491_14__N3C200"	"N2"	"SSC/15491/14"	"SSc-ILD"	"SSC/15491/14"	7	7	34	0	0	0	0	"N1"
"SSC_15491_14__SSC_15491_14__N3C200"	"N3"	"SSC/15491/14"	"SSc-ILD"	"SSC/15491/14"	7	7	34	0	0	0	0	"N1"
"SSC_15491_14__SSC_15491_14__N3C200"	"N4"	"SSC/15491/14"	"SSc-ILD"	"SSC/15491/14"	7	7	34	0	0	0	0	"N1"
"SSC_15491_14__SSC_15491_14__N3C200"	"N5"	"SSC/15491/14"	"SSc-ILD"	"SSC/15491/14"	7	7	34	7	3	0.205882352941176	0.428571428571429	"N1"
"SSC_15491_14__SSC_15491_14__N3C200"	"N6"	"SSC/15491/14"	"SSc-ILD"	"SSC/15491/14"	7	7	34	0	0	0	0	"N1"
"SSC_15491_14__SSC_15491_14__N3C200"	"N7"	"SSC/15491/14"	"SSc-ILD"	"SSC/15491/14"	7	7	34	0	0	0	0	"N1"
"SSC_15491_14__SSC_15491_14__N3C200"	"N8"	"SSC/15491/14"	"SSc-ILD"	"SSC/15491/14"	7	7	34	12	5	0.352941176470588	0.714285714285714	"N1"
"SSC_15491_14__SSC_15491_14__N3C201"	"N1"	"SSC/15491/14"	"SSc-ILD"	"SSC/15491/14"	1	1	7	2	1	0.285714285714286	1	"N1; N7; N8"
"SSC_15491_14__SSC_15491_14__N3C201"	"N2"	"SSC/15491/14"	"SSc-ILD"	"SSC/15491/14"	1	1	7	0	0	0	0	"N1; N7; N8"
"SSC_15491_14__SSC_15491_14__N3C201"	"N3"	"SSC/15491/14"	"SSc-ILD"	"SSC/15491/14"	1	1	7	0	0	0	0	"N1; N7; N8"
"SSC_15491_14__SSC_15491_14__N3C201"	"N4"	"SSC/15491/14"	"SSc-ILD"	"SSC/15491/14"	1	1	7	0	0	0	0	"N1; N7; N8"
"SSC_15491_14__SSC_15491_14__N3C201"	"N5"	"SSC/15491/14"	"SSc-ILD"	"SSC/15491/14"	1	1	7	0	0	0	0	"N1; N7; N8"
"SSC_15491_14__SSC_15491_14__N3C201"	"N6"	"SSC/15491/14"	"SSc-ILD"	"SSC/15491/14"	1	1	7	1	1	0.142857142857143	1	"N1; N7; N8"
"SSC_15491_14__SSC_15491_14__N3C201"	"N7"	"SSC/15491/14"	"SSc-ILD"	"SSC/15491/14"	1	1	7	2	1	0.285714285714286	1	"N1; N7; N8"
"SSC_15491_14__SSC_15491_14__N3C201"	"N8"	"SSC/15491/14"	"SSc-ILD"	"SSC/15491/14"	1	1	7	2	1	0.285714285714286	1	"N1; N7; N8"
"SSC_15491_14__SSC_15491_14__N3C202"	"N1"	"SSC/15491/14"	"SSc-ILD"	"SSC/15491/14"	1	1	8	0	0	0	0	"N7"
"SSC_15491_14__SSC_15491_14__N3C202"	"N2"	"SSC/15491/14"	"SSc-ILD"	"SSC/15491/14"	1	1	8	0	0	0	0	"N7"
"SSC_15491_14__SSC_15491_14__N3C202"	"N3"	"SSC/15491/14"	"SSc-ILD"	"SSC/15491/14"	1	1	8	0	0	0	0	"N7"
"SSC_15491_14__SSC_15491_14__N3C202"	"N4"	"SSC/15491/14"	"SSc-ILD"	"SSC/15491/14"	1	1	8	0	0	0	0	"N7"
"SSC_15491_14__SSC_15491_14__N3C202"	"N5"	"SSC/15491/14"	"SSc-ILD"	"SSC/15491/14"	1	1	8	0	0	0	0	"N7"
"SSC_15491_14__SSC_15491_14__N3C202"	"N6"	"SSC/15491/14"	"SSc-ILD"	"SSC/15491/14"	1	1	8	0	0	0	0	"N7"
"SSC_15491_14__SSC_15491_14__N3C202"	"N7"	"SSC/15491/14"	"SSc-ILD"	"SSC/15491/14"	1	1	8	8	1	1	1	"N7"
"SSC_15491_14__SSC_15491_14__N3C202"	"N8"	"SSC/15491/14"	"SSc-ILD"	"SSC/15491/14"	1	1	8	0	0	0	0	"N7"
"SSC_15491_14__SSC_15491_14__N3C203"	"N1"	"SSC/15491/14"	"SSc-ILD"	"SSC/15491/14"	1	1	5	5	1	1	1	"N1"
"SSC_15491_14__SSC_15491_14__N3C203"	"N2"	"SSC/15491/14"	"SSc-ILD"	"SSC/15491/14"	1	1	5	0	0	0	0	"N1"
"SSC_15491_14__SSC_15491_14__N3C203"	"N3"	"SSC/15491/14"	"SSc-ILD"	"SSC/15491/14"	1	1	5	0	0	0	0	"N1"
"SSC_15491_14__SSC_15491_14__N3C203"	"N4"	"SSC/15491/14"	"SSc-ILD"	"SSC/15491/14"	1	1	5	0	0	0	0	"N1"
"SSC_15491_14__SSC_15491_14__N3C203"	"N5"	"SSC/15491/14"	"SSc-ILD"	"SSC/15491/14"	1	1	5	0	0	0	0	"N1"
"SSC_15491_14__SSC_15491_14__N3C203"	"N6"	"SSC/15491/14"	"SSc-ILD"	"SSC/15491/14"	1	1	5	0	0	0	0	"N1"
"SSC_15491_14__SSC_15491_14__N3C203"	"N7"	"SSC/15491/14"	"SSc-ILD"	"SSC/15491/14"	1	1	5	0	0	0	0	"N1"
"SSC_15491_14__SSC_15491_14__N3C203"	"N8"	"SSC/15491/14"	"SSc-ILD"	"SSC/15491/14"	1	1	5	0	0	0	0	"N1"
"SSC_15491_14__SSC_15491_14__N3C204"	"N1"	"SSC/15491/14"	"SSc-ILD"	"SSC/15491/14"	7	7	38	8	4	0.210526315789474	0.571428571428571	"N7"
"SSC_15491_14__SSC_15491_14__N3C204"	"N2"	"SSC/15491/14"	"SSc-ILD"	"SSC/15491/14"	7	7	38	0	0	0	0	"N7"
"SSC_15491_14__SSC_15491_14__N3C204"	"N3"	"SSC/15491/14"	"SSc-ILD"	"SSC/15491/14"	7	7	38	0	0	0	0	"N7"
"SSC_15491_14__SSC_15491_14__N3C204"	"N4"	"SSC/15491/14"	"SSc-ILD"	"SSC/15491/14"	7	7	38	0	0	0	0	"N7"
"SSC_15491_14__SSC_15491_14__N3C204"	"N5"	"SSC/15491/14"	"SSc-ILD"	"SSC/15491/14"	7	7	38	8	5	0.210526315789474	0.714285714285714	"N7"
"SSC_15491_14__SSC_15491_14__N3C204"	"N6"	"SSC/15491/14"	"SSc-ILD"	"SSC/15491/14"	7	7	38	0	0	0	0	"N7"
"SSC_15491_14__SSC_15491_14__N3C204"	"N7"	"SSC/15491/14"	"SSc-ILD"	"SSC/15491/14"	7	7	38	22	7	0.578947368421053	1	"N7"
"SSC_15491_14__SSC_15491_14__N3C204"	"N8"	"SSC/15491/14"	"SSc-ILD"	"SSC/15491/14"	7	7	38	0	0	0	0	"N7"
"SSC_15491_14__SSC_15491_14__N3C205"	"N1"	"SSC/15491/14"	"SSc-ILD"	"SSC/15491/14"	7	7	36	9	5	0.25	0.714285714285714	"N5"
"SSC_15491_14__SSC_15491_14__N3C205"	"N2"	"SSC/15491/14"	"SSc-ILD"	"SSC/15491/14"	7	7	36	0	0	0	0	"N5"
"SSC_15491_14__SSC_15491_14__N3C205"	"N3"	"SSC/15491/14"	"SSc-ILD"	"SSC/15491/14"	7	7	36	0	0	0	0	"N5"
"SSC_15491_14__SSC_15491_14__N3C205"	"N4"	"SSC/15491/14"	"SSc-ILD"	"SSC/15491/14"	7	7	36	0	0	0	0	"N5"
"SSC_15491_14__SSC_15491_14__N3C205"	"N5"	"SSC/15491/14"	"SSc-ILD"	"SSC/15491/14"	7	7	36	18	7	0.5	1	"N5"
"SSC_15491_14__SSC_15491_14__N3C205"	"N6"	"SSC/15491/14"	"SSc-ILD"	"SSC/15491/14"	7	7	36	1	1	0.0277777777777778	0.142857142857143	"N5"
"SSC_15491_14__SSC_15491_14__N3C205"	"N7"	"SSC/15491/14"	"SSc-ILD"	"SSC/15491/14"	7	7	36	2	1	0.0555555555555556	0.142857142857143	"N5"
"SSC_15491_14__SSC_15491_14__N3C205"	"N8"	"SSC/15491/14"	"SSc-ILD"	"SSC/15491/14"	7	7	36	6	4	0.166666666666667	0.571428571428571	"N5"
"SSC_15491_14__SSC_15491_14__N3C206"	"N1"	"SSC/15491/14"	"SSc-ILD"	"SSC/15491/14"	2	2	14	0	0	0	0	"N7"
"SSC_15491_14__SSC_15491_14__N3C206"	"N2"	"SSC/15491/14"	"SSc-ILD"	"SSC/15491/14"	2	2	14	0	0	0	0	"N7"
"SSC_15491_14__SSC_15491_14__N3C206"	"N3"	"SSC/15491/14"	"SSc-ILD"	"SSC/15491/14"	2	2	14	0	0	0	0	"N7"
"SSC_15491_14__SSC_15491_14__N3C206"	"N4"	"SSC/15491/14"	"SSc-ILD"	"SSC/15491/14"	2	2	14	0	0	0	0	"N7"
"SSC_15491_14__SSC_15491_14__N3C206"	"N5"	"SSC/15491/14"	"SSc-ILD"	"SSC/15491/14"	2	2	14	0	0	0	0	"N7"
"SSC_15491_14__SSC_15491_14__N3C206"	"N6"	"SSC/15491/14"	"SSc-ILD"	"SSC/15491/14"	2	2	14	0	0	0	0	"N7"
"SSC_15491_14__SSC_15491_14__N3C206"	"N7"	"SSC/15491/14"	"SSc-ILD"	"SSC/15491/14"	2	2	14	14	2	1	1	"N7"
"SSC_15491_14__SSC_15491_14__N3C206"	"N8"	"SSC/15491/14"	"SSc-ILD"	"SSC/15491/14"	2	2	14	0	0	0	0	"N7"
"SSC_15491_14__SSC_15491_14__N3C207"	"N1"	"SSC/15491/14"	"SSc-ILD"	"SSC/15491/14"	1	1	8	0	0	0	0	"N7"
"SSC_15491_14__SSC_15491_14__N3C207"	"N2"	"SSC/15491/14"	"SSc-ILD"	"SSC/15491/14"	1	1	8	0	0	0	0	"N7"
"SSC_15491_14__SSC_15491_14__N3C207"	"N3"	"SSC/15491/14"	"SSc-ILD"	"SSC/15491/14"	1	1	8	0	0	0	0	"N7"
"SSC_15491_14__SSC_15491_14__N3C207"	"N4"	"SSC/15491/14"	"SSc-ILD"	"SSC/15491/14"	1	1	8	0	0	0	0	"N7"
"SSC_15491_14__SSC_15491_14__N3C207"	"N5"	"SSC/15491/14"	"SSc-ILD"	"SSC/15491/14"	1	1	8	1	1	0.125	1	"N7"
"SSC_15491_14__SSC_15491_14__N3C207"	"N6"	"SSC/15491/14"	"SSc-ILD"	"SSC/15491/14"	1	1	8	0	0	0	0	"N7"
"SSC_15491_14__SSC_15491_14__N3C207"	"N7"	"SSC/15491/14"	"SSc-ILD"	"SSC/15491/14"	1	1	8	7	1	0.875	1	"N7"
"SSC_15491_14__SSC_15491_14__N3C207"	"N8"	"SSC/15491/14"	"SSc-ILD"	"SSC/15491/14"	1	1	8	0	0	0	0	"N7"
"SSC_15491_14__SSC_15491_14__N3C208"	"N1"	"SSC/15491/14"	"SSc-ILD"	"SSC/15491/14"	1	1	8	1	1	0.125	1	"N5"
"SSC_15491_14__SSC_15491_14__N3C208"	"N2"	"SSC/15491/14"	"SSc-ILD"	"SSC/15491/14"	1	1	8	0	0	0	0	"N5"
"SSC_15491_14__SSC_15491_14__N3C208"	"N3"	"SSC/15491/14"	"SSc-ILD"	"SSC/15491/14"	1	1	8	0	0	0	0	"N5"
"SSC_15491_14__SSC_15491_14__N3C208"	"N4"	"SSC/15491/14"	"SSc-ILD"	"SSC/15491/14"	1	1	8	0	0	0	0	"N5"
"SSC_15491_14__SSC_15491_14__N3C208"	"N5"	"SSC/15491/14"	"SSc-ILD"	"SSC/15491/14"	1	1	8	4	1	0.5	1	"N5"
"SSC_15491_14__SSC_15491_14__N3C208"	"N6"	"SSC/15491/14"	"SSc-ILD"	"SSC/15491/14"	1	1	8	0	0	0	0	"N5"
"SSC_15491_14__SSC_15491_14__N3C208"	"N7"	"SSC/15491/14"	"SSc-ILD"	"SSC/15491/14"	1	1	8	3	1	0.375	1	"N5"
"SSC_15491_14__SSC_15491_14__N3C208"	"N8"	"SSC/15491/14"	"SSc-ILD"	"SSC/15491/14"	1	1	8	0	0	0	0	"N5"
"SSC_15491_14__SSC_15491_14__N3C209"	"N1"	"SSC/15491/14"	"SSc-ILD"	"SSC/15491/14"	12	12	56	11	6	0.196428571428571	0.5	"N7"
"SSC_15491_14__SSC_15491_14__N3C209"	"N2"	"SSC/15491/14"	"SSc-ILD"	"SSC/15491/14"	12	12	56	0	0	0	0	"N7"
"SSC_15491_14__SSC_15491_14__N3C209"	"N3"	"SSC/15491/14"	"SSc-ILD"	"SSC/15491/14"	12	12	56	0	0	0	0	"N7"
"SSC_15491_14__SSC_15491_14__N3C209"	"N4"	"SSC/15491/14"	"SSc-ILD"	"SSC/15491/14"	12	12	56	0	0	0	0	"N7"
"SSC_15491_14__SSC_15491_14__N3C209"	"N5"	"SSC/15491/14"	"SSc-ILD"	"SSC/15491/14"	12	12	56	8	7	0.142857142857143	0.583333333333333	"N7"
"SSC_15491_14__SSC_15491_14__N3C209"	"N6"	"SSC/15491/14"	"SSc-ILD"	"SSC/15491/14"	12	12	56	0	0	0	0	"N7"
"SSC_15491_14__SSC_15491_14__N3C209"	"N7"	"SSC/15491/14"	"SSc-ILD"	"SSC/15491/14"	12	12	56	35	12	0.625	1	"N7"
"SSC_15491_14__SSC_15491_14__N3C209"	"N8"	"SSC/15491/14"	"SSc-ILD"	"SSC/15491/14"	12	12	56	2	2	0.0357142857142857	0.166666666666667	"N7"
"SSC_15491_14__SSC_15491_14__N3C210"	"N1"	"SSC/15491/14"	"SSc-ILD"	"SSC/15491/14"	7	7	38	0	0	0	0	"N7"
"SSC_15491_14__SSC_15491_14__N3C210"	"N2"	"SSC/15491/14"	"SSc-ILD"	"SSC/15491/14"	7	7	38	0	0	0	0	"N7"
"SSC_15491_14__SSC_15491_14__N3C210"	"N3"	"SSC/15491/14"	"SSc-ILD"	"SSC/15491/14"	7	7	38	0	0	0	0	"N7"
"SSC_15491_14__SSC_15491_14__N3C210"	"N4"	"SSC/15491/14"	"SSc-ILD"	"SSC/15491/14"	7	7	38	0	0	0	0	"N7"
"SSC_15491_14__SSC_15491_14__N3C210"	"N5"	"SSC/15491/14"	"SSc-ILD"	"SSC/15491/14"	7	7	38	1	1	0.0263157894736842	0.142857142857143	"N7"
"SSC_15491_14__SSC_15491_14__N3C210"	"N6"	"SSC/15491/14"	"SSc-ILD"	"SSC/15491/14"	7	7	38	0	0	0	0	"N7"
"SSC_15491_14__SSC_15491_14__N3C210"	"N7"	"SSC/15491/14"	"SSc-ILD"	"SSC/15491/14"	7	7	38	37	7	0.973684210526316	1	"N7"
"SSC_15491_14__SSC_15491_14__N3C210"	"N8"	"SSC/15491/14"	"SSc-ILD"	"SSC/15491/14"	7	7	38	0	0	0	0	"N7"
"SSC_15491_14__SSC_15491_14__N3C211"	"N1"	"SSC/15491/14"	"SSc-ILD"	"SSC/15491/14"	3	3	18	1	1	0.0555555555555556	0.333333333333333	"N7"
"SSC_15491_14__SSC_15491_14__N3C211"	"N2"	"SSC/15491/14"	"SSc-ILD"	"SSC/15491/14"	3	3	18	0	0	0	0	"N7"
"SSC_15491_14__SSC_15491_14__N3C211"	"N3"	"SSC/15491/14"	"SSc-ILD"	"SSC/15491/14"	3	3	18	0	0	0	0	"N7"
"SSC_15491_14__SSC_15491_14__N3C211"	"N4"	"SSC/15491/14"	"SSc-ILD"	"SSC/15491/14"	3	3	18	0	0	0	0	"N7"
"SSC_15491_14__SSC_15491_14__N3C211"	"N5"	"SSC/15491/14"	"SSc-ILD"	"SSC/15491/14"	3	3	18	4	3	0.222222222222222	1	"N7"
"SSC_15491_14__SSC_15491_14__N3C211"	"N6"	"SSC/15491/14"	"SSc-ILD"	"SSC/15491/14"	3	3	18	0	0	0	0	"N7"
"SSC_15491_14__SSC_15491_14__N3C211"	"N7"	"SSC/15491/14"	"SSc-ILD"	"SSC/15491/14"	3	3	18	12	3	0.666666666666667	1	"N7"
"SSC_15491_14__SSC_15491_14__N3C211"	"N8"	"SSC/15491/14"	"SSc-ILD"	"SSC/15491/14"	3	3	18	1	1	0.0555555555555556	0.333333333333333	"N7"
"SSC_15491_14__SSC_15491_14__N3C212"	"N1"	"SSC/15491/14"	"SSc-ILD"	"SSC/15491/14"	29	29	126	38	18	0.301587301587302	0.620689655172414	"N5"
"SSC_15491_14__SSC_15491_14__N3C212"	"N2"	"SSC/15491/14"	"SSc-ILD"	"SSC/15491/14"	29	29	126	0	0	0	0	"N5"
"SSC_15491_14__SSC_15491_14__N3C212"	"N3"	"SSC/15491/14"	"SSc-ILD"	"SSC/15491/14"	29	29	126	0	0	0	0	"N5"
"SSC_15491_14__SSC_15491_14__N3C212"	"N4"	"SSC/15491/14"	"SSc-ILD"	"SSC/15491/14"	29	29	126	0	0	0	0	"N5"
"SSC_15491_14__SSC_15491_14__N3C212"	"N5"	"SSC/15491/14"	"SSc-ILD"	"SSC/15491/14"	29	29	126	51	21	0.404761904761905	0.724137931034483	"N5"
"SSC_15491_14__SSC_15491_14__N3C212"	"N6"	"SSC/15491/14"	"SSc-ILD"	"SSC/15491/14"	29	29	126	8	7	0.0634920634920635	0.241379310344828	"N5"
"SSC_15491_14__SSC_15491_14__N3C212"	"N7"	"SSC/15491/14"	"SSc-ILD"	"SSC/15491/14"	29	29	126	22	14	0.174603174603175	0.482758620689655	"N5"
"SSC_15491_14__SSC_15491_14__N3C212"	"N8"	"SSC/15491/14"	"SSc-ILD"	"SSC/15491/14"	29	29	126	7	5	0.0555555555555556	0.172413793103448	"N5"
"SSC_15491_14__SSC_15491_14__N3C213"	"N1"	"SSC/15491/14"	"SSc-ILD"	"SSC/15491/14"	4	4	24	4	2	0.166666666666667	0.5	"N7"
"SSC_15491_14__SSC_15491_14__N3C213"	"N2"	"SSC/15491/14"	"SSc-ILD"	"SSC/15491/14"	4	4	24	0	0	0	0	"N7"
"SSC_15491_14__SSC_15491_14__N3C213"	"N3"	"SSC/15491/14"	"SSc-ILD"	"SSC/15491/14"	4	4	24	0	0	0	0	"N7"
"SSC_15491_14__SSC_15491_14__N3C213"	"N4"	"SSC/15491/14"	"SSc-ILD"	"SSC/15491/14"	4	4	24	0	0	0	0	"N7"
"SSC_15491_14__SSC_15491_14__N3C213"	"N5"	"SSC/15491/14"	"SSc-ILD"	"SSC/15491/14"	4	4	24	1	1	0.0416666666666667	0.25	"N7"
"SSC_15491_14__SSC_15491_14__N3C213"	"N6"	"SSC/15491/14"	"SSc-ILD"	"SSC/15491/14"	4	4	24	0	0	0	0	"N7"
"SSC_15491_14__SSC_15491_14__N3C213"	"N7"	"SSC/15491/14"	"SSc-ILD"	"SSC/15491/14"	4	4	24	19	4	0.791666666666667	1	"N7"
"SSC_15491_14__SSC_15491_14__N3C213"	"N8"	"SSC/15491/14"	"SSc-ILD"	"SSC/15491/14"	4	4	24	0	0	0	0	"N7"
"SSC_15491_14__SSC_15491_14__N3C214"	"N1"	"SSC/15491/14"	"SSc-ILD"	"SSC/15491/14"	23	23	92	8	7	0.0869565217391304	0.304347826086957	"N7"
"SSC_15491_14__SSC_15491_14__N3C214"	"N2"	"SSC/15491/14"	"SSc-ILD"	"SSC/15491/14"	23	23	92	0	0	0	0	"N7"
"SSC_15491_14__SSC_15491_14__N3C214"	"N3"	"SSC/15491/14"	"SSc-ILD"	"SSC/15491/14"	23	23	92	0	0	0	0	"N7"
"SSC_15491_14__SSC_15491_14__N3C214"	"N4"	"SSC/15491/14"	"SSc-ILD"	"SSC/15491/14"	23	23	92	0	0	0	0	"N7"
"SSC_15491_14__SSC_15491_14__N3C214"	"N5"	"SSC/15491/14"	"SSc-ILD"	"SSC/15491/14"	23	23	92	34	16	0.369565217391304	0.695652173913044	"N7"
"SSC_15491_14__SSC_15491_14__N3C214"	"N6"	"SSC/15491/14"	"SSc-ILD"	"SSC/15491/14"	23	23	92	0	0	0	0	"N7"
"SSC_15491_14__SSC_15491_14__N3C214"	"N7"	"SSC/15491/14"	"SSc-ILD"	"SSC/15491/14"	23	23	92	49	21	0.532608695652174	0.91304347826087	"N7"
"SSC_15491_14__SSC_15491_14__N3C214"	"N8"	"SSC/15491/14"	"SSc-ILD"	"SSC/15491/14"	23	23	92	1	1	0.0108695652173913	0.0434782608695652	"N7"
"SSC_15491_14__SSC_15491_14__N3C215"	"N1"	"SSC/15491/14"	"SSc-ILD"	"SSC/15491/14"	1	1	8	0	0	0	0	"N5"
"SSC_15491_14__SSC_15491_14__N3C215"	"N2"	"SSC/15491/14"	"SSc-ILD"	"SSC/15491/14"	1	1	8	0	0	0	0	"N5"
"SSC_15491_14__SSC_15491_14__N3C215"	"N3"	"SSC/15491/14"	"SSc-ILD"	"SSC/15491/14"	1	1	8	0	0	0	0	"N5"
"SSC_15491_14__SSC_15491_14__N3C215"	"N4"	"SSC/15491/14"	"SSc-ILD"	"SSC/15491/14"	1	1	8	0	0	0	0	"N5"
"SSC_15491_14__SSC_15491_14__N3C215"	"N5"	"SSC/15491/14"	"SSc-ILD"	"SSC/15491/14"	1	1	8	7	1	0.875	1	"N5"
"SSC_15491_14__SSC_15491_14__N3C215"	"N6"	"SSC/15491/14"	"SSc-ILD"	"SSC/15491/14"	1	1	8	1	1	0.125	1	"N5"
"SSC_15491_14__SSC_15491_14__N3C215"	"N7"	"SSC/15491/14"	"SSc-ILD"	"SSC/15491/14"	1	1	8	0	0	0	0	"N5"
"SSC_15491_14__SSC_15491_14__N3C215"	"N8"	"SSC/15491/14"	"SSc-ILD"	"SSC/15491/14"	1	1	8	0	0	0	0	"N5"
"SSC_15491_14__SSC_15491_14__N3C216"	"N1"	"SSC/15491/14"	"SSc-ILD"	"SSC/15491/14"	45	45	160	53	24	0.33125	0.533333333333333	"N7"
"SSC_15491_14__SSC_15491_14__N3C216"	"N2"	"SSC/15491/14"	"SSc-ILD"	"SSC/15491/14"	45	45	160	0	0	0	0	"N7"
"SSC_15491_14__SSC_15491_14__N3C216"	"N3"	"SSC/15491/14"	"SSc-ILD"	"SSC/15491/14"	45	45	160	0	0	0	0	"N7"
"SSC_15491_14__SSC_15491_14__N3C216"	"N4"	"SSC/15491/14"	"SSc-ILD"	"SSC/15491/14"	45	45	160	0	0	0	0	"N7"
"SSC_15491_14__SSC_15491_14__N3C216"	"N5"	"SSC/15491/14"	"SSc-ILD"	"SSC/15491/14"	45	45	160	14	10	0.0875	0.222222222222222	"N7"
"SSC_15491_14__SSC_15491_14__N3C216"	"N6"	"SSC/15491/14"	"SSc-ILD"	"SSC/15491/14"	45	45	160	0	0	0	0	"N7"
"SSC_15491_14__SSC_15491_14__N3C216"	"N7"	"SSC/15491/14"	"SSc-ILD"	"SSC/15491/14"	45	45	160	93	42	0.58125	0.933333333333333	"N7"
"SSC_15491_14__SSC_15491_14__N3C216"	"N8"	"SSC/15491/14"	"SSc-ILD"	"SSC/15491/14"	45	45	160	0	0	0	0	"N7"
"SSC_15491_14__SSC_15491_14__N3C217"	"N1"	"SSC/15491/14"	"SSc-ILD"	"SSC/15491/14"	1	1	8	0	0	0	0	"N7"
"SSC_15491_14__SSC_15491_14__N3C217"	"N2"	"SSC/15491/14"	"SSc-ILD"	"SSC/15491/14"	1	1	8	0	0	0	0	"N7"
"SSC_15491_14__SSC_15491_14__N3C217"	"N3"	"SSC/15491/14"	"SSc-ILD"	"SSC/15491/14"	1	1	8	0	0	0	0	"N7"
"SSC_15491_14__SSC_15491_14__N3C217"	"N4"	"SSC/15491/14"	"SSc-ILD"	"SSC/15491/14"	1	1	8	0	0	0	0	"N7"
"SSC_15491_14__SSC_15491_14__N3C217"	"N5"	"SSC/15491/14"	"SSc-ILD"	"SSC/15491/14"	1	1	8	0	0	0	0	"N7"
"SSC_15491_14__SSC_15491_14__N3C217"	"N6"	"SSC/15491/14"	"SSc-ILD"	"SSC/15491/14"	1	1	8	0	0	0	0	"N7"
"SSC_15491_14__SSC_15491_14__N3C217"	"N7"	"SSC/15491/14"	"SSc-ILD"	"SSC/15491/14"	1	1	8	8	1	1	1	"N7"
"SSC_15491_14__SSC_15491_14__N3C217"	"N8"	"SSC/15491/14"	"SSc-ILD"	"SSC/15491/14"	1	1	8	0	0	0	0	"N7"
"SSC_15491_14__SSC_15491_14__N3C218"	"N1"	"SSC/15491/14"	"SSc-ILD"	"SSC/15491/14"	1	1	8	1	1	0.125	1	"N5"
"SSC_15491_14__SSC_15491_14__N3C218"	"N2"	"SSC/15491/14"	"SSc-ILD"	"SSC/15491/14"	1	1	8	0	0	0	0	"N5"
"SSC_15491_14__SSC_15491_14__N3C218"	"N3"	"SSC/15491/14"	"SSc-ILD"	"SSC/15491/14"	1	1	8	0	0	0	0	"N5"
"SSC_15491_14__SSC_15491_14__N3C218"	"N4"	"SSC/15491/14"	"SSc-ILD"	"SSC/15491/14"	1	1	8	1	1	0.125	1	"N5"
"SSC_15491_14__SSC_15491_14__N3C218"	"N5"	"SSC/15491/14"	"SSc-ILD"	"SSC/15491/14"	1	1	8	5	1	0.625	1	"N5"
"SSC_15491_14__SSC_15491_14__N3C218"	"N6"	"SSC/15491/14"	"SSc-ILD"	"SSC/15491/14"	1	1	8	0	0	0	0	"N5"
"SSC_15491_14__SSC_15491_14__N3C218"	"N7"	"SSC/15491/14"	"SSc-ILD"	"SSC/15491/14"	1	1	8	0	0	0	0	"N5"
"SSC_15491_14__SSC_15491_14__N3C218"	"N8"	"SSC/15491/14"	"SSc-ILD"	"SSC/15491/14"	1	1	8	1	1	0.125	1	"N5"
"SSC_15491_14__SSC_15491_14__N3C219"	"N1"	"SSC/15491/14"	"SSc-ILD"	"SSC/15491/14"	1	1	8	2	1	0.25	1	"N5"
"SSC_15491_14__SSC_15491_14__N3C219"	"N2"	"SSC/15491/14"	"SSc-ILD"	"SSC/15491/14"	1	1	8	0	0	0	0	"N5"
"SSC_15491_14__SSC_15491_14__N3C219"	"N3"	"SSC/15491/14"	"SSc-ILD"	"SSC/15491/14"	1	1	8	0	0	0	0	"N5"
"SSC_15491_14__SSC_15491_14__N3C219"	"N4"	"SSC/15491/14"	"SSc-ILD"	"SSC/15491/14"	1	1	8	0	0	0	0	"N5"
"SSC_15491_14__SSC_15491_14__N3C219"	"N5"	"SSC/15491/14"	"SSc-ILD"	"SSC/15491/14"	1	1	8	5	1	0.625	1	"N5"
"SSC_15491_14__SSC_15491_14__N3C219"	"N6"	"SSC/15491/14"	"SSc-ILD"	"SSC/15491/14"	1	1	8	0	0	0	0	"N5"
"SSC_15491_14__SSC_15491_14__N3C219"	"N7"	"SSC/15491/14"	"SSc-ILD"	"SSC/15491/14"	1	1	8	1	1	0.125	1	"N5"
"SSC_15491_14__SSC_15491_14__N3C219"	"N8"	"SSC/15491/14"	"SSc-ILD"	"SSC/15491/14"	1	1	8	0	0	0	0	"N5"
"SSC_15491_14__SSC_15491_14__N3C220"	"N1"	"SSC/15491/14"	"SSc-ILD"	"SSC/15491/14"	1	1	8	4	1	0.5	1	"N1"
"SSC_15491_14__SSC_15491_14__N3C220"	"N2"	"SSC/15491/14"	"SSc-ILD"	"SSC/15491/14"	1	1	8	0	0	0	0	"N1"
"SSC_15491_14__SSC_15491_14__N3C220"	"N3"	"SSC/15491/14"	"SSc-ILD"	"SSC/15491/14"	1	1	8	0	0	0	0	"N1"
"SSC_15491_14__SSC_15491_14__N3C220"	"N4"	"SSC/15491/14"	"SSc-ILD"	"SSC/15491/14"	1	1	8	0	0	0	0	"N1"
"SSC_15491_14__SSC_15491_14__N3C220"	"N5"	"SSC/15491/14"	"SSc-ILD"	"SSC/15491/14"	1	1	8	1	1	0.125	1	"N1"
"SSC_15491_14__SSC_15491_14__N3C220"	"N6"	"SSC/15491/14"	"SSc-ILD"	"SSC/15491/14"	1	1	8	0	0	0	0	"N1"
"SSC_15491_14__SSC_15491_14__N3C220"	"N7"	"SSC/15491/14"	"SSc-ILD"	"SSC/15491/14"	1	1	8	0	0	0	0	"N1"
"SSC_15491_14__SSC_15491_14__N3C220"	"N8"	"SSC/15491/14"	"SSc-ILD"	"SSC/15491/14"	1	1	8	3	1	0.375	1	"N1"
"SSC_15491_14__SSC_15491_14__N3C221"	"N1"	"SSC/15491/14"	"SSc-ILD"	"SSC/15491/14"	1	1	8	0	0	0	0	"N7"
"SSC_15491_14__SSC_15491_14__N3C221"	"N2"	"SSC/15491/14"	"SSc-ILD"	"SSC/15491/14"	1	1	8	0	0	0	0	"N7"
"SSC_15491_14__SSC_15491_14__N3C221"	"N3"	"SSC/15491/14"	"SSc-ILD"	"SSC/15491/14"	1	1	8	0	0	0	0	"N7"
"SSC_15491_14__SSC_15491_14__N3C221"	"N4"	"SSC/15491/14"	"SSc-ILD"	"SSC/15491/14"	1	1	8	0	0	0	0	"N7"
"SSC_15491_14__SSC_15491_14__N3C221"	"N5"	"SSC/15491/14"	"SSc-ILD"	"SSC/15491/14"	1	1	8	1	1	0.125	1	"N7"
"SSC_15491_14__SSC_15491_14__N3C221"	"N6"	"SSC/15491/14"	"SSc-ILD"	"SSC/15491/14"	1	1	8	0	0	0	0	"N7"
"SSC_15491_14__SSC_15491_14__N3C221"	"N7"	"SSC/15491/14"	"SSc-ILD"	"SSC/15491/14"	1	1	8	7	1	0.875	1	"N7"
"SSC_15491_14__SSC_15491_14__N3C221"	"N8"	"SSC/15491/14"	"SSc-ILD"	"SSC/15491/14"	1	1	8	0	0	0	0	"N7"
"SSC_15491_14__SSC_15491_14__N3C222"	"N1"	"SSC/15491/14"	"SSc-ILD"	"SSC/15491/14"	7	7	42	13	5	0.30952380952381	0.714285714285714	"N7"
"SSC_15491_14__SSC_15491_14__N3C222"	"N2"	"SSC/15491/14"	"SSc-ILD"	"SSC/15491/14"	7	7	42	0	0	0	0	"N7"
"SSC_15491_14__SSC_15491_14__N3C222"	"N3"	"SSC/15491/14"	"SSc-ILD"	"SSC/15491/14"	7	7	42	0	0	0	0	"N7"
"SSC_15491_14__SSC_15491_14__N3C222"	"N4"	"SSC/15491/14"	"SSc-ILD"	"SSC/15491/14"	7	7	42	0	0	0	0	"N7"
"SSC_15491_14__SSC_15491_14__N3C222"	"N5"	"SSC/15491/14"	"SSc-ILD"	"SSC/15491/14"	7	7	42	12	5	0.285714285714286	0.714285714285714	"N7"
"SSC_15491_14__SSC_15491_14__N3C222"	"N6"	"SSC/15491/14"	"SSc-ILD"	"SSC/15491/14"	7	7	42	1	1	0.0238095238095238	0.142857142857143	"N7"
"SSC_15491_14__SSC_15491_14__N3C222"	"N7"	"SSC/15491/14"	"SSc-ILD"	"SSC/15491/14"	7	7	42	14	5	0.333333333333333	0.714285714285714	"N7"
"SSC_15491_14__SSC_15491_14__N3C222"	"N8"	"SSC/15491/14"	"SSc-ILD"	"SSC/15491/14"	7	7	42	2	2	0.0476190476190476	0.285714285714286	"N7"
"SSC_15491_14__SSC_15491_14__N3C223"	"N1"	"SSC/15491/14"	"SSc-ILD"	"SSC/15491/14"	2	2	14	12	2	0.857142857142857	1	"N1"
"SSC_15491_14__SSC_15491_14__N3C223"	"N2"	"SSC/15491/14"	"SSc-ILD"	"SSC/15491/14"	2	2	14	0	0	0	0	"N1"
"SSC_15491_14__SSC_15491_14__N3C223"	"N3"	"SSC/15491/14"	"SSc-ILD"	"SSC/15491/14"	2	2	14	0	0	0	0	"N1"
"SSC_15491_14__SSC_15491_14__N3C223"	"N4"	"SSC/15491/14"	"SSc-ILD"	"SSC/15491/14"	2	2	14	0	0	0	0	"N1"
"SSC_15491_14__SSC_15491_14__N3C223"	"N5"	"SSC/15491/14"	"SSc-ILD"	"SSC/15491/14"	2	2	14	1	1	0.0714285714285714	0.5	"N1"
"SSC_15491_14__SSC_15491_14__N3C223"	"N6"	"SSC/15491/14"	"SSc-ILD"	"SSC/15491/14"	2	2	14	0	0	0	0	"N1"
"SSC_15491_14__SSC_15491_14__N3C223"	"N7"	"SSC/15491/14"	"SSc-ILD"	"SSC/15491/14"	2	2	14	0	0	0	0	"N1"
"SSC_15491_14__SSC_15491_14__N3C223"	"N8"	"SSC/15491/14"	"SSc-ILD"	"SSC/15491/14"	2	2	14	1	1	0.0714285714285714	0.5	"N1"
"SSC_15491_14__SSC_15491_14__N3C224"	"N1"	"SSC/15491/14"	"SSc-ILD"	"SSC/15491/14"	1	1	8	1	1	0.125	1	"N7"
"SSC_15491_14__SSC_15491_14__N3C224"	"N2"	"SSC/15491/14"	"SSc-ILD"	"SSC/15491/14"	1	1	8	0	0	0	0	"N7"
"SSC_15491_14__SSC_15491_14__N3C224"	"N3"	"SSC/15491/14"	"SSc-ILD"	"SSC/15491/14"	1	1	8	0	0	0	0	"N7"
"SSC_15491_14__SSC_15491_14__N3C224"	"N4"	"SSC/15491/14"	"SSc-ILD"	"SSC/15491/14"	1	1	8	0	0	0	0	"N7"
"SSC_15491_14__SSC_15491_14__N3C224"	"N5"	"SSC/15491/14"	"SSc-ILD"	"SSC/15491/14"	1	1	8	1	1	0.125	1	"N7"
"SSC_15491_14__SSC_15491_14__N3C224"	"N6"	"SSC/15491/14"	"SSc-ILD"	"SSC/15491/14"	1	1	8	0	0	0	0	"N7"
"SSC_15491_14__SSC_15491_14__N3C224"	"N7"	"SSC/15491/14"	"SSc-ILD"	"SSC/15491/14"	1	1	8	6	1	0.75	1	"N7"
"SSC_15491_14__SSC_15491_14__N3C224"	"N8"	"SSC/15491/14"	"SSc-ILD"	"SSC/15491/14"	1	1	8	0	0	0	0	"N7"
"SSC_15491_14__SSC_15491_14__N3C225"	"N1"	"SSC/15491/14"	"SSc-ILD"	"SSC/15491/14"	2	2	14	7	2	0.5	1	"N1"
"SSC_15491_14__SSC_15491_14__N3C225"	"N2"	"SSC/15491/14"	"SSc-ILD"	"SSC/15491/14"	2	2	14	0	0	0	0	"N1"
"SSC_15491_14__SSC_15491_14__N3C225"	"N3"	"SSC/15491/14"	"SSc-ILD"	"SSC/15491/14"	2	2	14	0	0	0	0	"N1"
"SSC_15491_14__SSC_15491_14__N3C225"	"N4"	"SSC/15491/14"	"SSc-ILD"	"SSC/15491/14"	2	2	14	0	0	0	0	"N1"
"SSC_15491_14__SSC_15491_14__N3C225"	"N5"	"SSC/15491/14"	"SSc-ILD"	"SSC/15491/14"	2	2	14	6	2	0.428571428571429	1	"N1"
"SSC_15491_14__SSC_15491_14__N3C225"	"N6"	"SSC/15491/14"	"SSc-ILD"	"SSC/15491/14"	2	2	14	0	0	0	0	"N1"
"SSC_15491_14__SSC_15491_14__N3C225"	"N7"	"SSC/15491/14"	"SSc-ILD"	"SSC/15491/14"	2	2	14	1	1	0.0714285714285714	0.5	"N1"
"SSC_15491_14__SSC_15491_14__N3C225"	"N8"	"SSC/15491/14"	"SSc-ILD"	"SSC/15491/14"	2	2	14	0	0	0	0	"N1"
"SSC_15491_14__SSC_15491_14__N3C226"	"N1"	"SSC/15491/14"	"SSc-ILD"	"SSC/15491/14"	2	2	14	10	2	0.714285714285714	1	"N1"
"SSC_15491_14__SSC_15491_14__N3C226"	"N2"	"SSC/15491/14"	"SSc-ILD"	"SSC/15491/14"	2	2	14	0	0	0	0	"N1"
"SSC_15491_14__SSC_15491_14__N3C226"	"N3"	"SSC/15491/14"	"SSc-ILD"	"SSC/15491/14"	2	2	14	0	0	0	0	"N1"
"SSC_15491_14__SSC_15491_14__N3C226"	"N4"	"SSC/15491/14"	"SSc-ILD"	"SSC/15491/14"	2	2	14	0	0	0	0	"N1"
"SSC_15491_14__SSC_15491_14__N3C226"	"N5"	"SSC/15491/14"	"SSc-ILD"	"SSC/15491/14"	2	2	14	0	0	0	0	"N1"
"SSC_15491_14__SSC_15491_14__N3C226"	"N6"	"SSC/15491/14"	"SSc-ILD"	"SSC/15491/14"	2	2	14	0	0	0	0	"N1"
"SSC_15491_14__SSC_15491_14__N3C226"	"N7"	"SSC/15491/14"	"SSc-ILD"	"SSC/15491/14"	2	2	14	1	1	0.0714285714285714	0.5	"N1"
"SSC_15491_14__SSC_15491_14__N3C226"	"N8"	"SSC/15491/14"	"SSc-ILD"	"SSC/15491/14"	2	2	14	3	2	0.214285714285714	1	"N1"
"SSC_15491_14__SSC_15491_14__N3C227"	"N1"	"SSC/15491/14"	"SSc-ILD"	"SSC/15491/14"	1	1	8	3	1	0.375	1	"N1; N7"
"SSC_15491_14__SSC_15491_14__N3C227"	"N2"	"SSC/15491/14"	"SSc-ILD"	"SSC/15491/14"	1	1	8	0	0	0	0	"N1; N7"
"SSC_15491_14__SSC_15491_14__N3C227"	"N3"	"SSC/15491/14"	"SSc-ILD"	"SSC/15491/14"	1	1	8	0	0	0	0	"N1; N7"
"SSC_15491_14__SSC_15491_14__N3C227"	"N4"	"SSC/15491/14"	"SSc-ILD"	"SSC/15491/14"	1	1	8	0	0	0	0	"N1; N7"
"SSC_15491_14__SSC_15491_14__N3C227"	"N5"	"SSC/15491/14"	"SSc-ILD"	"SSC/15491/14"	1	1	8	1	1	0.125	1	"N1; N7"
"SSC_15491_14__SSC_15491_14__N3C227"	"N6"	"SSC/15491/14"	"SSc-ILD"	"SSC/15491/14"	1	1	8	1	1	0.125	1	"N1; N7"
"SSC_15491_14__SSC_15491_14__N3C227"	"N7"	"SSC/15491/14"	"SSc-ILD"	"SSC/15491/14"	1	1	8	3	1	0.375	1	"N1; N7"
"SSC_15491_14__SSC_15491_14__N3C227"	"N8"	"SSC/15491/14"	"SSc-ILD"	"SSC/15491/14"	1	1	8	0	0	0	0	"N1; N7"
"SSC_15491_14__SSC_15491_14__N3C228"	"N1"	"SSC/15491/14"	"SSc-ILD"	"SSC/15491/14"	1	1	8	0	0	0	0	"N7"
"SSC_15491_14__SSC_15491_14__N3C228"	"N2"	"SSC/15491/14"	"SSc-ILD"	"SSC/15491/14"	1	1	8	0	0	0	0	"N7"
"SSC_15491_14__SSC_15491_14__N3C228"	"N3"	"SSC/15491/14"	"SSc-ILD"	"SSC/15491/14"	1	1	8	0	0	0	0	"N7"
"SSC_15491_14__SSC_15491_14__N3C228"	"N4"	"SSC/15491/14"	"SSc-ILD"	"SSC/15491/14"	1	1	8	0	0	0	0	"N7"
"SSC_15491_14__SSC_15491_14__N3C228"	"N5"	"SSC/15491/14"	"SSc-ILD"	"SSC/15491/14"	1	1	8	0	0	0	0	"N7"
"SSC_15491_14__SSC_15491_14__N3C228"	"N6"	"SSC/15491/14"	"SSc-ILD"	"SSC/15491/14"	1	1	8	0	0	0	0	"N7"
"SSC_15491_14__SSC_15491_14__N3C228"	"N7"	"SSC/15491/14"	"SSc-ILD"	"SSC/15491/14"	1	1	8	8	1	1	1	"N7"
"SSC_15491_14__SSC_15491_14__N3C228"	"N8"	"SSC/15491/14"	"SSc-ILD"	"SSC/15491/14"	1	1	8	0	0	0	0	"N7"
"SSC_15491_14__SSC_15491_14__N3C229"	"N1"	"SSC/15491/14"	"SSc-ILD"	"SSC/15491/14"	3	3	18	2	2	0.111111111111111	0.666666666666667	"N7"
"SSC_15491_14__SSC_15491_14__N3C229"	"N2"	"SSC/15491/14"	"SSc-ILD"	"SSC/15491/14"	3	3	18	0	0	0	0	"N7"
"SSC_15491_14__SSC_15491_14__N3C229"	"N3"	"SSC/15491/14"	"SSc-ILD"	"SSC/15491/14"	3	3	18	0	0	0	0	"N7"
"SSC_15491_14__SSC_15491_14__N3C229"	"N4"	"SSC/15491/14"	"SSc-ILD"	"SSC/15491/14"	3	3	18	0	0	0	0	"N7"
"SSC_15491_14__SSC_15491_14__N3C229"	"N5"	"SSC/15491/14"	"SSc-ILD"	"SSC/15491/14"	3	3	18	0	0	0	0	"N7"
"SSC_15491_14__SSC_15491_14__N3C229"	"N6"	"SSC/15491/14"	"SSc-ILD"	"SSC/15491/14"	3	3	18	0	0	0	0	"N7"
"SSC_15491_14__SSC_15491_14__N3C229"	"N7"	"SSC/15491/14"	"SSc-ILD"	"SSC/15491/14"	3	3	18	16	3	0.888888888888889	1	"N7"
"SSC_15491_14__SSC_15491_14__N3C229"	"N8"	"SSC/15491/14"	"SSc-ILD"	"SSC/15491/14"	3	3	18	0	0	0	0	"N7"
"SSC_15491_14__SSC_15491_14__N3C230"	"N1"	"SSC/15491/14"	"SSc-ILD"	"SSC/15491/14"	4	4	24	9	4	0.375	1	"N7"
"SSC_15491_14__SSC_15491_14__N3C230"	"N2"	"SSC/15491/14"	"SSc-ILD"	"SSC/15491/14"	4	4	24	0	0	0	0	"N7"
"SSC_15491_14__SSC_15491_14__N3C230"	"N3"	"SSC/15491/14"	"SSc-ILD"	"SSC/15491/14"	4	4	24	0	0	0	0	"N7"
"SSC_15491_14__SSC_15491_14__N3C230"	"N4"	"SSC/15491/14"	"SSc-ILD"	"SSC/15491/14"	4	4	24	0	0	0	0	"N7"
"SSC_15491_14__SSC_15491_14__N3C230"	"N5"	"SSC/15491/14"	"SSc-ILD"	"SSC/15491/14"	4	4	24	3	2	0.125	0.5	"N7"
"SSC_15491_14__SSC_15491_14__N3C230"	"N6"	"SSC/15491/14"	"SSc-ILD"	"SSC/15491/14"	4	4	24	0	0	0	0	"N7"
"SSC_15491_14__SSC_15491_14__N3C230"	"N7"	"SSC/15491/14"	"SSc-ILD"	"SSC/15491/14"	4	4	24	12	4	0.5	1	"N7"
"SSC_15491_14__SSC_15491_14__N3C230"	"N8"	"SSC/15491/14"	"SSc-ILD"	"SSC/15491/14"	4	4	24	0	0	0	0	"N7"
"SSC_15491_14__SSC_15491_14__N3C231"	"N1"	"SSC/15491/14"	"SSc-ILD"	"SSC/15491/14"	1	1	8	2	1	0.25	1	"N7"
"SSC_15491_14__SSC_15491_14__N3C231"	"N2"	"SSC/15491/14"	"SSc-ILD"	"SSC/15491/14"	1	1	8	0	0	0	0	"N7"
"SSC_15491_14__SSC_15491_14__N3C231"	"N3"	"SSC/15491/14"	"SSc-ILD"	"SSC/15491/14"	1	1	8	0	0	0	0	"N7"
"SSC_15491_14__SSC_15491_14__N3C231"	"N4"	"SSC/15491/14"	"SSc-ILD"	"SSC/15491/14"	1	1	8	0	0	0	0	"N7"
"SSC_15491_14__SSC_15491_14__N3C231"	"N5"	"SSC/15491/14"	"SSc-ILD"	"SSC/15491/14"	1	1	8	2	1	0.25	1	"N7"
"SSC_15491_14__SSC_15491_14__N3C231"	"N6"	"SSC/15491/14"	"SSc-ILD"	"SSC/15491/14"	1	1	8	0	0	0	0	"N7"
"SSC_15491_14__SSC_15491_14__N3C231"	"N7"	"SSC/15491/14"	"SSc-ILD"	"SSC/15491/14"	1	1	8	4	1	0.5	1	"N7"
"SSC_15491_14__SSC_15491_14__N3C231"	"N8"	"SSC/15491/14"	"SSc-ILD"	"SSC/15491/14"	1	1	8	0	0	0	0	"N7"
"SSC_15491_14__SSC_15491_14__N3C232"	"N1"	"SSC/15491/14"	"SSc-ILD"	"SSC/15491/14"	42	42	155	87	34	0.561290322580645	0.80952380952381	"N1"
"SSC_15491_14__SSC_15491_14__N3C232"	"N2"	"SSC/15491/14"	"SSc-ILD"	"SSC/15491/14"	42	42	155	0	0	0	0	"N1"
"SSC_15491_14__SSC_15491_14__N3C232"	"N3"	"SSC/15491/14"	"SSc-ILD"	"SSC/15491/14"	42	42	155	0	0	0	0	"N1"
"SSC_15491_14__SSC_15491_14__N3C232"	"N4"	"SSC/15491/14"	"SSc-ILD"	"SSC/15491/14"	42	42	155	0	0	0	0	"N1"
"SSC_15491_14__SSC_15491_14__N3C232"	"N5"	"SSC/15491/14"	"SSc-ILD"	"SSC/15491/14"	42	42	155	1	1	0.00645161290322581	0.0238095238095238	"N1"
"SSC_15491_14__SSC_15491_14__N3C232"	"N6"	"SSC/15491/14"	"SSc-ILD"	"SSC/15491/14"	42	42	155	0	0	0	0	"N1"
"SSC_15491_14__SSC_15491_14__N3C232"	"N7"	"SSC/15491/14"	"SSc-ILD"	"SSC/15491/14"	42	42	155	66	26	0.425806451612903	0.619047619047619	"N1"
"SSC_15491_14__SSC_15491_14__N3C232"	"N8"	"SSC/15491/14"	"SSc-ILD"	"SSC/15491/14"	42	42	155	1	1	0.00645161290322581	0.0238095238095238	"N1"
"SSC_15491_14__SSC_15491_14__N3C233"	"N1"	"SSC/15491/14"	"SSc-ILD"	"SSC/15491/14"	1	1	8	7	1	0.875	1	"N1"
"SSC_15491_14__SSC_15491_14__N3C233"	"N2"	"SSC/15491/14"	"SSc-ILD"	"SSC/15491/14"	1	1	8	0	0	0	0	"N1"
"SSC_15491_14__SSC_15491_14__N3C233"	"N3"	"SSC/15491/14"	"SSc-ILD"	"SSC/15491/14"	1	1	8	0	0	0	0	"N1"
"SSC_15491_14__SSC_15491_14__N3C233"	"N4"	"SSC/15491/14"	"SSc-ILD"	"SSC/15491/14"	1	1	8	0	0	0	0	"N1"
"SSC_15491_14__SSC_15491_14__N3C233"	"N5"	"SSC/15491/14"	"SSc-ILD"	"SSC/15491/14"	1	1	8	0	0	0	0	"N1"
"SSC_15491_14__SSC_15491_14__N3C233"	"N6"	"SSC/15491/14"	"SSc-ILD"	"SSC/15491/14"	1	1	8	0	0	0	0	"N1"
"SSC_15491_14__SSC_15491_14__N3C233"	"N7"	"SSC/15491/14"	"SSc-ILD"	"SSC/15491/14"	1	1	8	1	1	0.125	1	"N1"
"SSC_15491_14__SSC_15491_14__N3C233"	"N8"	"SSC/15491/14"	"SSc-ILD"	"SSC/15491/14"	1	1	8	0	0	0	0	"N1"
"SSC_15491_14__SSC_15491_14__N3C234"	"N1"	"SSC/15491/14"	"SSc-ILD"	"SSC/15491/14"	1	1	8	3	1	0.375	1	"N6"
"SSC_15491_14__SSC_15491_14__N3C234"	"N2"	"SSC/15491/14"	"SSc-ILD"	"SSC/15491/14"	1	1	8	0	0	0	0	"N6"
"SSC_15491_14__SSC_15491_14__N3C234"	"N3"	"SSC/15491/14"	"SSc-ILD"	"SSC/15491/14"	1	1	8	0	0	0	0	"N6"
"SSC_15491_14__SSC_15491_14__N3C234"	"N4"	"SSC/15491/14"	"SSc-ILD"	"SSC/15491/14"	1	1	8	0	0	0	0	"N6"
"SSC_15491_14__SSC_15491_14__N3C234"	"N5"	"SSC/15491/14"	"SSc-ILD"	"SSC/15491/14"	1	1	8	1	1	0.125	1	"N6"
"SSC_15491_14__SSC_15491_14__N3C234"	"N6"	"SSC/15491/14"	"SSc-ILD"	"SSC/15491/14"	1	1	8	4	1	0.5	1	"N6"
"SSC_15491_14__SSC_15491_14__N3C234"	"N7"	"SSC/15491/14"	"SSc-ILD"	"SSC/15491/14"	1	1	8	0	0	0	0	"N6"
"SSC_15491_14__SSC_15491_14__N3C234"	"N8"	"SSC/15491/14"	"SSc-ILD"	"SSC/15491/14"	1	1	8	0	0	0	0	"N6"
"SSC_15491_14__SSC_15491_14__N3C235"	"N1"	"SSC/15491/14"	"SSc-ILD"	"SSC/15491/14"	4	4	26	17	4	0.653846153846154	1	"N1"
"SSC_15491_14__SSC_15491_14__N3C235"	"N2"	"SSC/15491/14"	"SSc-ILD"	"SSC/15491/14"	4	4	26	0	0	0	0	"N1"
"SSC_15491_14__SSC_15491_14__N3C235"	"N3"	"SSC/15491/14"	"SSc-ILD"	"SSC/15491/14"	4	4	26	0	0	0	0	"N1"
"SSC_15491_14__SSC_15491_14__N3C235"	"N4"	"SSC/15491/14"	"SSc-ILD"	"SSC/15491/14"	4	4	26	0	0	0	0	"N1"
"SSC_15491_14__SSC_15491_14__N3C235"	"N5"	"SSC/15491/14"	"SSc-ILD"	"SSC/15491/14"	4	4	26	0	0	0	0	"N1"
"SSC_15491_14__SSC_15491_14__N3C235"	"N6"	"SSC/15491/14"	"SSc-ILD"	"SSC/15491/14"	4	4	26	0	0	0	0	"N1"
"SSC_15491_14__SSC_15491_14__N3C235"	"N7"	"SSC/15491/14"	"SSc-ILD"	"SSC/15491/14"	4	4	26	9	2	0.346153846153846	0.5	"N1"
"SSC_15491_14__SSC_15491_14__N3C235"	"N8"	"SSC/15491/14"	"SSc-ILD"	"SSC/15491/14"	4	4	26	0	0	0	0	"N1"
"SSC_15491_14__SSC_15491_14__N3C236"	"N1"	"SSC/15491/14"	"SSc-ILD"	"SSC/15491/14"	18	17	68	25	13	0.367647058823529	0.764705882352941	"N7"
"SSC_15491_14__SSC_15491_14__N3C236"	"N2"	"SSC/15491/14"	"SSc-ILD"	"SSC/15491/14"	18	17	68	0	0	0	0	"N7"
"SSC_15491_14__SSC_15491_14__N3C236"	"N3"	"SSC/15491/14"	"SSc-ILD"	"SSC/15491/14"	18	17	68	0	0	0	0	"N7"
"SSC_15491_14__SSC_15491_14__N3C236"	"N4"	"SSC/15491/14"	"SSc-ILD"	"SSC/15491/14"	18	17	68	0	0	0	0	"N7"
"SSC_15491_14__SSC_15491_14__N3C236"	"N5"	"SSC/15491/14"	"SSc-ILD"	"SSC/15491/14"	18	17	68	7	6	0.102941176470588	0.352941176470588	"N7"
"SSC_15491_14__SSC_15491_14__N3C236"	"N6"	"SSC/15491/14"	"SSc-ILD"	"SSC/15491/14"	18	17	68	0	0	0	0	"N7"
"SSC_15491_14__SSC_15491_14__N3C236"	"N7"	"SSC/15491/14"	"SSc-ILD"	"SSC/15491/14"	18	17	68	36	15	0.529411764705882	0.882352941176471	"N7"
"SSC_15491_14__SSC_15491_14__N3C236"	"N8"	"SSC/15491/14"	"SSc-ILD"	"SSC/15491/14"	18	17	68	0	0	0	0	"N7"
"SSC_15491_14__SSC_15491_14__N3C237"	"N1"	"SSC/15491/14"	"SSc-ILD"	"SSC/15491/14"	1	1	8	1	1	0.125	1	"N7"
"SSC_15491_14__SSC_15491_14__N3C237"	"N2"	"SSC/15491/14"	"SSc-ILD"	"SSC/15491/14"	1	1	8	0	0	0	0	"N7"
"SSC_15491_14__SSC_15491_14__N3C237"	"N3"	"SSC/15491/14"	"SSc-ILD"	"SSC/15491/14"	1	1	8	0	0	0	0	"N7"
"SSC_15491_14__SSC_15491_14__N3C237"	"N4"	"SSC/15491/14"	"SSc-ILD"	"SSC/15491/14"	1	1	8	0	0	0	0	"N7"
"SSC_15491_14__SSC_15491_14__N3C237"	"N5"	"SSC/15491/14"	"SSc-ILD"	"SSC/15491/14"	1	1	8	1	1	0.125	1	"N7"
"SSC_15491_14__SSC_15491_14__N3C237"	"N6"	"SSC/15491/14"	"SSc-ILD"	"SSC/15491/14"	1	1	8	0	0	0	0	"N7"
"SSC_15491_14__SSC_15491_14__N3C237"	"N7"	"SSC/15491/14"	"SSc-ILD"	"SSC/15491/14"	1	1	8	6	1	0.75	1	"N7"
"SSC_15491_14__SSC_15491_14__N3C237"	"N8"	"SSC/15491/14"	"SSc-ILD"	"SSC/15491/14"	1	1	8	0	0	0	0	"N7"
"SSC_15491_14__SSC_15491_14__N3C238"	"N1"	"SSC/15491/14"	"SSc-ILD"	"SSC/15491/14"	4	4	26	5	3	0.192307692307692	0.75	"N7"
"SSC_15491_14__SSC_15491_14__N3C238"	"N2"	"SSC/15491/14"	"SSc-ILD"	"SSC/15491/14"	4	4	26	0	0	0	0	"N7"
"SSC_15491_14__SSC_15491_14__N3C238"	"N3"	"SSC/15491/14"	"SSc-ILD"	"SSC/15491/14"	4	4	26	0	0	0	0	"N7"
"SSC_15491_14__SSC_15491_14__N3C238"	"N4"	"SSC/15491/14"	"SSc-ILD"	"SSC/15491/14"	4	4	26	0	0	0	0	"N7"
"SSC_15491_14__SSC_15491_14__N3C238"	"N5"	"SSC/15491/14"	"SSc-ILD"	"SSC/15491/14"	4	4	26	0	0	0	0	"N7"
"SSC_15491_14__SSC_15491_14__N3C238"	"N6"	"SSC/15491/14"	"SSc-ILD"	"SSC/15491/14"	4	4	26	0	0	0	0	"N7"
"SSC_15491_14__SSC_15491_14__N3C238"	"N7"	"SSC/15491/14"	"SSc-ILD"	"SSC/15491/14"	4	4	26	21	4	0.807692307692308	1	"N7"
"SSC_15491_14__SSC_15491_14__N3C238"	"N8"	"SSC/15491/14"	"SSc-ILD"	"SSC/15491/14"	4	4	26	0	0	0	0	"N7"
"SSC_15491_14__SSC_15491_14__N3C239"	"N1"	"SSC/15491/14"	"SSc-ILD"	"SSC/15491/14"	18	18	84	50	18	0.595238095238095	1	"N1"
"SSC_15491_14__SSC_15491_14__N3C239"	"N2"	"SSC/15491/14"	"SSc-ILD"	"SSC/15491/14"	18	18	84	0	0	0	0	"N1"
"SSC_15491_14__SSC_15491_14__N3C239"	"N3"	"SSC/15491/14"	"SSc-ILD"	"SSC/15491/14"	18	18	84	0	0	0	0	"N1"
"SSC_15491_14__SSC_15491_14__N3C239"	"N4"	"SSC/15491/14"	"SSc-ILD"	"SSC/15491/14"	18	18	84	0	0	0	0	"N1"
"SSC_15491_14__SSC_15491_14__N3C239"	"N5"	"SSC/15491/14"	"SSc-ILD"	"SSC/15491/14"	18	18	84	4	3	0.0476190476190476	0.166666666666667	"N1"
"SSC_15491_14__SSC_15491_14__N3C239"	"N6"	"SSC/15491/14"	"SSc-ILD"	"SSC/15491/14"	18	18	84	0	0	0	0	"N1"
"SSC_15491_14__SSC_15491_14__N3C239"	"N7"	"SSC/15491/14"	"SSc-ILD"	"SSC/15491/14"	18	18	84	30	9	0.357142857142857	0.5	"N1"
"SSC_15491_14__SSC_15491_14__N3C239"	"N8"	"SSC/15491/14"	"SSc-ILD"	"SSC/15491/14"	18	18	84	0	0	0	0	"N1"
"SSC_15491_14__SSC_15491_14__N3C240"	"N1"	"SSC/15491/14"	"SSc-ILD"	"SSC/15491/14"	2	2	14	0	0	0	0	"N7"
"SSC_15491_14__SSC_15491_14__N3C240"	"N2"	"SSC/15491/14"	"SSc-ILD"	"SSC/15491/14"	2	2	14	0	0	0	0	"N7"
"SSC_15491_14__SSC_15491_14__N3C240"	"N3"	"SSC/15491/14"	"SSc-ILD"	"SSC/15491/14"	2	2	14	0	0	0	0	"N7"
"SSC_15491_14__SSC_15491_14__N3C240"	"N4"	"SSC/15491/14"	"SSc-ILD"	"SSC/15491/14"	2	2	14	0	0	0	0	"N7"
"SSC_15491_14__SSC_15491_14__N3C240"	"N5"	"SSC/15491/14"	"SSc-ILD"	"SSC/15491/14"	2	2	14	1	1	0.0714285714285714	0.5	"N7"
"SSC_15491_14__SSC_15491_14__N3C240"	"N6"	"SSC/15491/14"	"SSc-ILD"	"SSC/15491/14"	2	2	14	0	0	0	0	"N7"
"SSC_15491_14__SSC_15491_14__N3C240"	"N7"	"SSC/15491/14"	"SSc-ILD"	"SSC/15491/14"	2	2	14	13	2	0.928571428571429	1	"N7"
"SSC_15491_14__SSC_15491_14__N3C240"	"N8"	"SSC/15491/14"	"SSc-ILD"	"SSC/15491/14"	2	2	14	0	0	0	0	"N7"
"SSC_15491_14__SSC_15491_14__N3C241"	"N1"	"SSC/15491/14"	"SSc-ILD"	"SSC/15491/14"	2	2	14	3	2	0.214285714285714	1	"N7"
"SSC_15491_14__SSC_15491_14__N3C241"	"N2"	"SSC/15491/14"	"SSc-ILD"	"SSC/15491/14"	2	2	14	0	0	0	0	"N7"
"SSC_15491_14__SSC_15491_14__N3C241"	"N3"	"SSC/15491/14"	"SSc-ILD"	"SSC/15491/14"	2	2	14	0	0	0	0	"N7"
"SSC_15491_14__SSC_15491_14__N3C241"	"N4"	"SSC/15491/14"	"SSc-ILD"	"SSC/15491/14"	2	2	14	0	0	0	0	"N7"
"SSC_15491_14__SSC_15491_14__N3C241"	"N5"	"SSC/15491/14"	"SSc-ILD"	"SSC/15491/14"	2	2	14	0	0	0	0	"N7"
"SSC_15491_14__SSC_15491_14__N3C241"	"N6"	"SSC/15491/14"	"SSc-ILD"	"SSC/15491/14"	2	2	14	0	0	0	0	"N7"
"SSC_15491_14__SSC_15491_14__N3C241"	"N7"	"SSC/15491/14"	"SSc-ILD"	"SSC/15491/14"	2	2	14	11	2	0.785714285714286	1	"N7"
"SSC_15491_14__SSC_15491_14__N3C241"	"N8"	"SSC/15491/14"	"SSc-ILD"	"SSC/15491/14"	2	2	14	0	0	0	0	"N7"
"SSC_15491_14__SSC_15491_14__N3C242"	"N1"	"SSC/15491/14"	"SSc-ILD"	"SSC/15491/14"	11	11	40	10	6	0.25	0.545454545454545	"N7"
"SSC_15491_14__SSC_15491_14__N3C242"	"N2"	"SSC/15491/14"	"SSc-ILD"	"SSC/15491/14"	11	11	40	0	0	0	0	"N7"
"SSC_15491_14__SSC_15491_14__N3C242"	"N3"	"SSC/15491/14"	"SSc-ILD"	"SSC/15491/14"	11	11	40	0	0	0	0	"N7"
"SSC_15491_14__SSC_15491_14__N3C242"	"N4"	"SSC/15491/14"	"SSc-ILD"	"SSC/15491/14"	11	11	40	0	0	0	0	"N7"
"SSC_15491_14__SSC_15491_14__N3C242"	"N5"	"SSC/15491/14"	"SSc-ILD"	"SSC/15491/14"	11	11	40	13	9	0.325	0.818181818181818	"N7"
"SSC_15491_14__SSC_15491_14__N3C242"	"N6"	"SSC/15491/14"	"SSc-ILD"	"SSC/15491/14"	11	11	40	0	0	0	0	"N7"
"SSC_15491_14__SSC_15491_14__N3C242"	"N7"	"SSC/15491/14"	"SSc-ILD"	"SSC/15491/14"	11	11	40	17	9	0.425	0.818181818181818	"N7"
"SSC_15491_14__SSC_15491_14__N3C242"	"N8"	"SSC/15491/14"	"SSc-ILD"	"SSC/15491/14"	11	11	40	0	0	0	0	"N7"
"SSC_15491_14__SSC_15491_14__N3C243"	"N1"	"SSC/15491/14"	"SSc-ILD"	"SSC/15491/14"	1	1	8	0	0	0	0	"N7"
"SSC_15491_14__SSC_15491_14__N3C243"	"N2"	"SSC/15491/14"	"SSc-ILD"	"SSC/15491/14"	1	1	8	0	0	0	0	"N7"
"SSC_15491_14__SSC_15491_14__N3C243"	"N3"	"SSC/15491/14"	"SSc-ILD"	"SSC/15491/14"	1	1	8	0	0	0	0	"N7"
"SSC_15491_14__SSC_15491_14__N3C243"	"N4"	"SSC/15491/14"	"SSc-ILD"	"SSC/15491/14"	1	1	8	0	0	0	0	"N7"
"SSC_15491_14__SSC_15491_14__N3C243"	"N5"	"SSC/15491/14"	"SSc-ILD"	"SSC/15491/14"	1	1	8	0	0	0	0	"N7"
"SSC_15491_14__SSC_15491_14__N3C243"	"N6"	"SSC/15491/14"	"SSc-ILD"	"SSC/15491/14"	1	1	8	0	0	0	0	"N7"
"SSC_15491_14__SSC_15491_14__N3C243"	"N7"	"SSC/15491/14"	"SSc-ILD"	"SSC/15491/14"	1	1	8	8	1	1	1	"N7"
"SSC_15491_14__SSC_15491_14__N3C243"	"N8"	"SSC/15491/14"	"SSc-ILD"	"SSC/15491/14"	1	1	8	0	0	0	0	"N7"
"SSC_15491_14__SSC_15491_14__N3C244"	"N1"	"SSC/15491/14"	"SSc-ILD"	"SSC/15491/14"	5	5	30	5	3	0.166666666666667	0.6	"N7"
"SSC_15491_14__SSC_15491_14__N3C244"	"N2"	"SSC/15491/14"	"SSc-ILD"	"SSC/15491/14"	5	5	30	0	0	0	0	"N7"
"SSC_15491_14__SSC_15491_14__N3C244"	"N3"	"SSC/15491/14"	"SSc-ILD"	"SSC/15491/14"	5	5	30	0	0	0	0	"N7"
"SSC_15491_14__SSC_15491_14__N3C244"	"N4"	"SSC/15491/14"	"SSc-ILD"	"SSC/15491/14"	5	5	30	0	0	0	0	"N7"
"SSC_15491_14__SSC_15491_14__N3C244"	"N5"	"SSC/15491/14"	"SSc-ILD"	"SSC/15491/14"	5	5	30	0	0	0	0	"N7"
"SSC_15491_14__SSC_15491_14__N3C244"	"N6"	"SSC/15491/14"	"SSc-ILD"	"SSC/15491/14"	5	5	30	0	0	0	0	"N7"
"SSC_15491_14__SSC_15491_14__N3C244"	"N7"	"SSC/15491/14"	"SSc-ILD"	"SSC/15491/14"	5	5	30	25	5	0.833333333333333	1	"N7"
"SSC_15491_14__SSC_15491_14__N3C244"	"N8"	"SSC/15491/14"	"SSc-ILD"	"SSC/15491/14"	5	5	30	0	0	0	0	"N7"
"SSC_15491_14__SSC_15491_14__N3C245"	"N1"	"SSC/15491/14"	"SSc-ILD"	"SSC/15491/14"	2	2	14	12	2	0.857142857142857	1	"N1"
"SSC_15491_14__SSC_15491_14__N3C245"	"N2"	"SSC/15491/14"	"SSc-ILD"	"SSC/15491/14"	2	2	14	0	0	0	0	"N1"
"SSC_15491_14__SSC_15491_14__N3C245"	"N3"	"SSC/15491/14"	"SSc-ILD"	"SSC/15491/14"	2	2	14	0	0	0	0	"N1"
"SSC_15491_14__SSC_15491_14__N3C245"	"N4"	"SSC/15491/14"	"SSc-ILD"	"SSC/15491/14"	2	2	14	0	0	0	0	"N1"
"SSC_15491_14__SSC_15491_14__N3C245"	"N5"	"SSC/15491/14"	"SSc-ILD"	"SSC/15491/14"	2	2	14	0	0	0	0	"N1"
"SSC_15491_14__SSC_15491_14__N3C245"	"N6"	"SSC/15491/14"	"SSc-ILD"	"SSC/15491/14"	2	2	14	0	0	0	0	"N1"
"SSC_15491_14__SSC_15491_14__N3C245"	"N7"	"SSC/15491/14"	"SSc-ILD"	"SSC/15491/14"	2	2	14	2	2	0.142857142857143	1	"N1"
"SSC_15491_14__SSC_15491_14__N3C245"	"N8"	"SSC/15491/14"	"SSc-ILD"	"SSC/15491/14"	2	2	14	0	0	0	0	"N1"
"SSC_15491_14__SSC_15491_14__N3C246"	"N1"	"SSC/15491/14"	"SSc-ILD"	"SSC/15491/14"	6	6	30	10	5	0.333333333333333	0.833333333333333	"N7"
"SSC_15491_14__SSC_15491_14__N3C246"	"N2"	"SSC/15491/14"	"SSc-ILD"	"SSC/15491/14"	6	6	30	0	0	0	0	"N7"
"SSC_15491_14__SSC_15491_14__N3C246"	"N3"	"SSC/15491/14"	"SSc-ILD"	"SSC/15491/14"	6	6	30	0	0	0	0	"N7"
"SSC_15491_14__SSC_15491_14__N3C246"	"N4"	"SSC/15491/14"	"SSc-ILD"	"SSC/15491/14"	6	6	30	0	0	0	0	"N7"
"SSC_15491_14__SSC_15491_14__N3C246"	"N5"	"SSC/15491/14"	"SSc-ILD"	"SSC/15491/14"	6	6	30	0	0	0	0	"N7"
"SSC_15491_14__SSC_15491_14__N3C246"	"N6"	"SSC/15491/14"	"SSc-ILD"	"SSC/15491/14"	6	6	30	0	0	0	0	"N7"
"SSC_15491_14__SSC_15491_14__N3C246"	"N7"	"SSC/15491/14"	"SSc-ILD"	"SSC/15491/14"	6	6	30	19	5	0.633333333333333	0.833333333333333	"N7"
"SSC_15491_14__SSC_15491_14__N3C246"	"N8"	"SSC/15491/14"	"SSc-ILD"	"SSC/15491/14"	6	6	30	1	1	0.0333333333333333	0.166666666666667	"N7"
"SSC_15491_14__SSC_15491_14__N3C247"	"N1"	"SSC/15491/14"	"SSc-ILD"	"SSC/15491/14"	1	1	6	1	1	0.166666666666667	1	"N7"
"SSC_15491_14__SSC_15491_14__N3C247"	"N2"	"SSC/15491/14"	"SSc-ILD"	"SSC/15491/14"	1	1	6	0	0	0	0	"N7"
"SSC_15491_14__SSC_15491_14__N3C247"	"N3"	"SSC/15491/14"	"SSc-ILD"	"SSC/15491/14"	1	1	6	0	0	0	0	"N7"
"SSC_15491_14__SSC_15491_14__N3C247"	"N4"	"SSC/15491/14"	"SSc-ILD"	"SSC/15491/14"	1	1	6	0	0	0	0	"N7"
"SSC_15491_14__SSC_15491_14__N3C247"	"N5"	"SSC/15491/14"	"SSc-ILD"	"SSC/15491/14"	1	1	6	0	0	0	0	"N7"
"SSC_15491_14__SSC_15491_14__N3C247"	"N6"	"SSC/15491/14"	"SSc-ILD"	"SSC/15491/14"	1	1	6	0	0	0	0	"N7"
"SSC_15491_14__SSC_15491_14__N3C247"	"N7"	"SSC/15491/14"	"SSc-ILD"	"SSC/15491/14"	1	1	6	5	1	0.833333333333333	1	"N7"
"SSC_15491_14__SSC_15491_14__N3C247"	"N8"	"SSC/15491/14"	"SSc-ILD"	"SSC/15491/14"	1	1	6	0	0	0	0	"N7"
"SSC_15491_14__SSC_15491_14__N3C248"	"N1"	"SSC/15491/14"	"SSc-ILD"	"SSC/15491/14"	1	1	8	5	1	0.625	1	"N1"
"SSC_15491_14__SSC_15491_14__N3C248"	"N2"	"SSC/15491/14"	"SSc-ILD"	"SSC/15491/14"	1	1	8	0	0	0	0	"N1"
"SSC_15491_14__SSC_15491_14__N3C248"	"N3"	"SSC/15491/14"	"SSc-ILD"	"SSC/15491/14"	1	1	8	0	0	0	0	"N1"
"SSC_15491_14__SSC_15491_14__N3C248"	"N4"	"SSC/15491/14"	"SSc-ILD"	"SSC/15491/14"	1	1	8	0	0	0	0	"N1"
"SSC_15491_14__SSC_15491_14__N3C248"	"N5"	"SSC/15491/14"	"SSc-ILD"	"SSC/15491/14"	1	1	8	0	0	0	0	"N1"
"SSC_15491_14__SSC_15491_14__N3C248"	"N6"	"SSC/15491/14"	"SSc-ILD"	"SSC/15491/14"	1	1	8	0	0	0	0	"N1"
"SSC_15491_14__SSC_15491_14__N3C248"	"N7"	"SSC/15491/14"	"SSc-ILD"	"SSC/15491/14"	1	1	8	3	1	0.375	1	"N1"
"SSC_15491_14__SSC_15491_14__N3C248"	"N8"	"SSC/15491/14"	"SSc-ILD"	"SSC/15491/14"	1	1	8	0	0	0	0	"N1"
"SSC_15491_14__SSC_15491_14__N3C249"	"N1"	"SSC/15491/14"	"SSc-ILD"	"SSC/15491/14"	1	1	8	2	1	0.25	1	"N7"
"SSC_15491_14__SSC_15491_14__N3C249"	"N2"	"SSC/15491/14"	"SSc-ILD"	"SSC/15491/14"	1	1	8	0	0	0	0	"N7"
"SSC_15491_14__SSC_15491_14__N3C249"	"N3"	"SSC/15491/14"	"SSc-ILD"	"SSC/15491/14"	1	1	8	0	0	0	0	"N7"
"SSC_15491_14__SSC_15491_14__N3C249"	"N4"	"SSC/15491/14"	"SSc-ILD"	"SSC/15491/14"	1	1	8	0	0	0	0	"N7"
"SSC_15491_14__SSC_15491_14__N3C249"	"N5"	"SSC/15491/14"	"SSc-ILD"	"SSC/15491/14"	1	1	8	0	0	0	0	"N7"
"SSC_15491_14__SSC_15491_14__N3C249"	"N6"	"SSC/15491/14"	"SSc-ILD"	"SSC/15491/14"	1	1	8	0	0	0	0	"N7"
"SSC_15491_14__SSC_15491_14__N3C249"	"N7"	"SSC/15491/14"	"SSc-ILD"	"SSC/15491/14"	1	1	8	6	1	0.75	1	"N7"
"SSC_15491_14__SSC_15491_14__N3C249"	"N8"	"SSC/15491/14"	"SSc-ILD"	"SSC/15491/14"	1	1	8	0	0	0	0	"N7"
"SSC_15491_14__SSC_15491_14__N3C250"	"N1"	"SSC/15491/14"	"SSc-ILD"	"SSC/15491/14"	1	1	4	0	0	0	0	"N7"
"SSC_15491_14__SSC_15491_14__N3C250"	"N2"	"SSC/15491/14"	"SSc-ILD"	"SSC/15491/14"	1	1	4	0	0	0	0	"N7"
"SSC_15491_14__SSC_15491_14__N3C250"	"N3"	"SSC/15491/14"	"SSc-ILD"	"SSC/15491/14"	1	1	4	0	0	0	0	"N7"
"SSC_15491_14__SSC_15491_14__N3C250"	"N4"	"SSC/15491/14"	"SSc-ILD"	"SSC/15491/14"	1	1	4	0	0	0	0	"N7"
"SSC_15491_14__SSC_15491_14__N3C250"	"N5"	"SSC/15491/14"	"SSc-ILD"	"SSC/15491/14"	1	1	4	0	0	0	0	"N7"
"SSC_15491_14__SSC_15491_14__N3C250"	"N6"	"SSC/15491/14"	"SSc-ILD"	"SSC/15491/14"	1	1	4	0	0	0	0	"N7"
"SSC_15491_14__SSC_15491_14__N3C250"	"N7"	"SSC/15491/14"	"SSc-ILD"	"SSC/15491/14"	1	1	4	4	1	1	1	"N7"
"SSC_15491_14__SSC_15491_14__N3C250"	"N8"	"SSC/15491/14"	"SSc-ILD"	"SSC/15491/14"	1	1	4	0	0	0	0	"N7"
"SSC_15491_14__SSC_15491_14__N3C251"	"N1"	"SSC/15491/14"	"SSc-ILD"	"SSC/15491/14"	24	24	100	13	10	0.13	0.416666666666667	"N7"
"SSC_15491_14__SSC_15491_14__N3C251"	"N2"	"SSC/15491/14"	"SSc-ILD"	"SSC/15491/14"	24	24	100	0	0	0	0	"N7"
"SSC_15491_14__SSC_15491_14__N3C251"	"N3"	"SSC/15491/14"	"SSc-ILD"	"SSC/15491/14"	24	24	100	0	0	0	0	"N7"
"SSC_15491_14__SSC_15491_14__N3C251"	"N4"	"SSC/15491/14"	"SSc-ILD"	"SSC/15491/14"	24	24	100	0	0	0	0	"N7"
"SSC_15491_14__SSC_15491_14__N3C251"	"N5"	"SSC/15491/14"	"SSc-ILD"	"SSC/15491/14"	24	24	100	0	0	0	0	"N7"
"SSC_15491_14__SSC_15491_14__N3C251"	"N6"	"SSC/15491/14"	"SSc-ILD"	"SSC/15491/14"	24	24	100	0	0	0	0	"N7"
"SSC_15491_14__SSC_15491_14__N3C251"	"N7"	"SSC/15491/14"	"SSc-ILD"	"SSC/15491/14"	24	24	100	87	24	0.87	1	"N7"
"SSC_15491_14__SSC_15491_14__N3C251"	"N8"	"SSC/15491/14"	"SSc-ILD"	"SSC/15491/14"	24	24	100	0	0	0	0	"N7"
"SSC_15491_14__SSC_15491_14__N3C252"	"N1"	"SSC/15491/14"	"SSc-ILD"	"SSC/15491/14"	7	7	27	9	7	0.333333333333333	1	"N7"
"SSC_15491_14__SSC_15491_14__N3C252"	"N2"	"SSC/15491/14"	"SSc-ILD"	"SSC/15491/14"	7	7	27	0	0	0	0	"N7"
"SSC_15491_14__SSC_15491_14__N3C252"	"N3"	"SSC/15491/14"	"SSc-ILD"	"SSC/15491/14"	7	7	27	0	0	0	0	"N7"
"SSC_15491_14__SSC_15491_14__N3C252"	"N4"	"SSC/15491/14"	"SSc-ILD"	"SSC/15491/14"	7	7	27	0	0	0	0	"N7"
"SSC_15491_14__SSC_15491_14__N3C252"	"N5"	"SSC/15491/14"	"SSc-ILD"	"SSC/15491/14"	7	7	27	2	2	0.0740740740740741	0.285714285714286	"N7"
"SSC_15491_14__SSC_15491_14__N3C252"	"N6"	"SSC/15491/14"	"SSc-ILD"	"SSC/15491/14"	7	7	27	0	0	0	0	"N7"
"SSC_15491_14__SSC_15491_14__N3C252"	"N7"	"SSC/15491/14"	"SSc-ILD"	"SSC/15491/14"	7	7	27	16	6	0.592592592592593	0.857142857142857	"N7"
"SSC_15491_14__SSC_15491_14__N3C252"	"N8"	"SSC/15491/14"	"SSc-ILD"	"SSC/15491/14"	7	7	27	0	0	0	0	"N7"
"SSC_15491_14__SSC_15491_14__N3C253"	"N1"	"SSC/15491/14"	"SSc-ILD"	"SSC/15491/14"	1	1	8	0	0	0	0	"N7"
"SSC_15491_14__SSC_15491_14__N3C253"	"N2"	"SSC/15491/14"	"SSc-ILD"	"SSC/15491/14"	1	1	8	0	0	0	0	"N7"
"SSC_15491_14__SSC_15491_14__N3C253"	"N3"	"SSC/15491/14"	"SSc-ILD"	"SSC/15491/14"	1	1	8	0	0	0	0	"N7"
"SSC_15491_14__SSC_15491_14__N3C253"	"N4"	"SSC/15491/14"	"SSc-ILD"	"SSC/15491/14"	1	1	8	0	0	0	0	"N7"
"SSC_15491_14__SSC_15491_14__N3C253"	"N5"	"SSC/15491/14"	"SSc-ILD"	"SSC/15491/14"	1	1	8	0	0	0	0	"N7"
"SSC_15491_14__SSC_15491_14__N3C253"	"N6"	"SSC/15491/14"	"SSc-ILD"	"SSC/15491/14"	1	1	8	0	0	0	0	"N7"
"SSC_15491_14__SSC_15491_14__N3C253"	"N7"	"SSC/15491/14"	"SSc-ILD"	"SSC/15491/14"	1	1	8	8	1	1	1	"N7"
"SSC_15491_14__SSC_15491_14__N3C253"	"N8"	"SSC/15491/14"	"SSc-ILD"	"SSC/15491/14"	1	1	8	0	0	0	0	"N7"
"SSC_15491_14__SSC_15491_14__N3C254"	"N1"	"SSC/15491/14"	"SSc-ILD"	"SSC/15491/14"	1	1	8	6	1	0.75	1	"N1"
"SSC_15491_14__SSC_15491_14__N3C254"	"N2"	"SSC/15491/14"	"SSc-ILD"	"SSC/15491/14"	1	1	8	0	0	0	0	"N1"
"SSC_15491_14__SSC_15491_14__N3C254"	"N3"	"SSC/15491/14"	"SSc-ILD"	"SSC/15491/14"	1	1	8	0	0	0	0	"N1"
"SSC_15491_14__SSC_15491_14__N3C254"	"N4"	"SSC/15491/14"	"SSc-ILD"	"SSC/15491/14"	1	1	8	0	0	0	0	"N1"
"SSC_15491_14__SSC_15491_14__N3C254"	"N5"	"SSC/15491/14"	"SSc-ILD"	"SSC/15491/14"	1	1	8	0	0	0	0	"N1"
"SSC_15491_14__SSC_15491_14__N3C254"	"N6"	"SSC/15491/14"	"SSc-ILD"	"SSC/15491/14"	1	1	8	0	0	0	0	"N1"
"SSC_15491_14__SSC_15491_14__N3C254"	"N7"	"SSC/15491/14"	"SSc-ILD"	"SSC/15491/14"	1	1	8	2	1	0.25	1	"N1"
"SSC_15491_14__SSC_15491_14__N3C254"	"N8"	"SSC/15491/14"	"SSc-ILD"	"SSC/15491/14"	1	1	8	0	0	0	0	"N1"
"SSC_15491_14__SSC_15491_14__N3C255"	"N1"	"SSC/15491/14"	"SSc-ILD"	"SSC/15491/14"	3	3	20	9	3	0.45	1	"N1; N7"
"SSC_15491_14__SSC_15491_14__N3C255"	"N2"	"SSC/15491/14"	"SSc-ILD"	"SSC/15491/14"	3	3	20	0	0	0	0	"N1; N7"
"SSC_15491_14__SSC_15491_14__N3C255"	"N3"	"SSC/15491/14"	"SSc-ILD"	"SSC/15491/14"	3	3	20	0	0	0	0	"N1; N7"
"SSC_15491_14__SSC_15491_14__N3C255"	"N4"	"SSC/15491/14"	"SSc-ILD"	"SSC/15491/14"	3	3	20	0	0	0	0	"N1; N7"
"SSC_15491_14__SSC_15491_14__N3C255"	"N5"	"SSC/15491/14"	"SSc-ILD"	"SSC/15491/14"	3	3	20	0	0	0	0	"N1; N7"
"SSC_15491_14__SSC_15491_14__N3C255"	"N6"	"SSC/15491/14"	"SSc-ILD"	"SSC/15491/14"	3	3	20	0	0	0	0	"N1; N7"
"SSC_15491_14__SSC_15491_14__N3C255"	"N7"	"SSC/15491/14"	"SSc-ILD"	"SSC/15491/14"	3	3	20	9	3	0.45	1	"N1; N7"
"SSC_15491_14__SSC_15491_14__N3C255"	"N8"	"SSC/15491/14"	"SSc-ILD"	"SSC/15491/14"	3	3	20	2	1	0.1	0.333333333333333	"N1; N7"
"SSC_15491_14__SSC_15491_14__N3C256"	"N1"	"SSC/15491/14"	"SSc-ILD"	"SSC/15491/14"	1	1	8	0	0	0	0	"N7"
"SSC_15491_14__SSC_15491_14__N3C256"	"N2"	"SSC/15491/14"	"SSc-ILD"	"SSC/15491/14"	1	1	8	0	0	0	0	"N7"
"SSC_15491_14__SSC_15491_14__N3C256"	"N3"	"SSC/15491/14"	"SSc-ILD"	"SSC/15491/14"	1	1	8	0	0	0	0	"N7"
"SSC_15491_14__SSC_15491_14__N3C256"	"N4"	"SSC/15491/14"	"SSc-ILD"	"SSC/15491/14"	1	1	8	0	0	0	0	"N7"
"SSC_15491_14__SSC_15491_14__N3C256"	"N5"	"SSC/15491/14"	"SSc-ILD"	"SSC/15491/14"	1	1	8	0	0	0	0	"N7"
"SSC_15491_14__SSC_15491_14__N3C256"	"N6"	"SSC/15491/14"	"SSc-ILD"	"SSC/15491/14"	1	1	8	0	0	0	0	"N7"
"SSC_15491_14__SSC_15491_14__N3C256"	"N7"	"SSC/15491/14"	"SSc-ILD"	"SSC/15491/14"	1	1	8	8	1	1	1	"N7"
"SSC_15491_14__SSC_15491_14__N3C256"	"N8"	"SSC/15491/14"	"SSc-ILD"	"SSC/15491/14"	1	1	8	0	0	0	0	"N7"
"SSC_15491_14__SSC_15491_14__N3C257"	"N1"	"SSC/15491/14"	"SSc-ILD"	"SSC/15491/14"	1	1	8	0	0	0	0	"N7"
"SSC_15491_14__SSC_15491_14__N3C257"	"N2"	"SSC/15491/14"	"SSc-ILD"	"SSC/15491/14"	1	1	8	0	0	0	0	"N7"
"SSC_15491_14__SSC_15491_14__N3C257"	"N3"	"SSC/15491/14"	"SSc-ILD"	"SSC/15491/14"	1	1	8	0	0	0	0	"N7"
"SSC_15491_14__SSC_15491_14__N3C257"	"N4"	"SSC/15491/14"	"SSc-ILD"	"SSC/15491/14"	1	1	8	0	0	0	0	"N7"
"SSC_15491_14__SSC_15491_14__N3C257"	"N5"	"SSC/15491/14"	"SSc-ILD"	"SSC/15491/14"	1	1	8	0	0	0	0	"N7"
"SSC_15491_14__SSC_15491_14__N3C257"	"N6"	"SSC/15491/14"	"SSc-ILD"	"SSC/15491/14"	1	1	8	0	0	0	0	"N7"
"SSC_15491_14__SSC_15491_14__N3C257"	"N7"	"SSC/15491/14"	"SSc-ILD"	"SSC/15491/14"	1	1	8	8	1	1	1	"N7"
"SSC_15491_14__SSC_15491_14__N3C257"	"N8"	"SSC/15491/14"	"SSc-ILD"	"SSC/15491/14"	1	1	8	0	0	0	0	"N7"
"SSC_15491_14__SSC_15491_14__N3C258"	"N1"	"SSC/15491/14"	"SSc-ILD"	"SSC/15491/14"	15	15	64	32	14	0.5	0.933333333333333	"N1"
"SSC_15491_14__SSC_15491_14__N3C258"	"N2"	"SSC/15491/14"	"SSc-ILD"	"SSC/15491/14"	15	15	64	0	0	0	0	"N1"
"SSC_15491_14__SSC_15491_14__N3C258"	"N3"	"SSC/15491/14"	"SSc-ILD"	"SSC/15491/14"	15	15	64	0	0	0	0	"N1"
"SSC_15491_14__SSC_15491_14__N3C258"	"N4"	"SSC/15491/14"	"SSc-ILD"	"SSC/15491/14"	15	15	64	0	0	0	0	"N1"
"SSC_15491_14__SSC_15491_14__N3C258"	"N5"	"SSC/15491/14"	"SSc-ILD"	"SSC/15491/14"	15	15	64	4	4	0.0625	0.266666666666667	"N1"
"SSC_15491_14__SSC_15491_14__N3C258"	"N6"	"SSC/15491/14"	"SSc-ILD"	"SSC/15491/14"	15	15	64	0	0	0	0	"N1"
"SSC_15491_14__SSC_15491_14__N3C258"	"N7"	"SSC/15491/14"	"SSc-ILD"	"SSC/15491/14"	15	15	64	28	9	0.4375	0.6	"N1"
"SSC_15491_14__SSC_15491_14__N3C258"	"N8"	"SSC/15491/14"	"SSc-ILD"	"SSC/15491/14"	15	15	64	0	0	0	0	"N1"
"SSC_15491_14__SSC_15491_14__N3C259"	"N1"	"SSC/15491/14"	"SSc-ILD"	"SSC/15491/14"	6	6	34	16	6	0.470588235294118	1	"N7"
"SSC_15491_14__SSC_15491_14__N3C259"	"N2"	"SSC/15491/14"	"SSc-ILD"	"SSC/15491/14"	6	6	34	0	0	0	0	"N7"
"SSC_15491_14__SSC_15491_14__N3C259"	"N3"	"SSC/15491/14"	"SSc-ILD"	"SSC/15491/14"	6	6	34	0	0	0	0	"N7"
"SSC_15491_14__SSC_15491_14__N3C259"	"N4"	"SSC/15491/14"	"SSc-ILD"	"SSC/15491/14"	6	6	34	0	0	0	0	"N7"
"SSC_15491_14__SSC_15491_14__N3C259"	"N5"	"SSC/15491/14"	"SSc-ILD"	"SSC/15491/14"	6	6	34	0	0	0	0	"N7"
"SSC_15491_14__SSC_15491_14__N3C259"	"N6"	"SSC/15491/14"	"SSc-ILD"	"SSC/15491/14"	6	6	34	0	0	0	0	"N7"
"SSC_15491_14__SSC_15491_14__N3C259"	"N7"	"SSC/15491/14"	"SSc-ILD"	"SSC/15491/14"	6	6	34	18	6	0.529411764705882	1	"N7"
"SSC_15491_14__SSC_15491_14__N3C259"	"N8"	"SSC/15491/14"	"SSc-ILD"	"SSC/15491/14"	6	6	34	0	0	0	0	"N7"
"SSC_15491_14__SSC_15491_14__N3C260"	"N1"	"SSC/15491/14"	"SSc-ILD"	"SSC/15491/14"	1	1	8	0	0	0	0	"N7"
"SSC_15491_14__SSC_15491_14__N3C260"	"N2"	"SSC/15491/14"	"SSc-ILD"	"SSC/15491/14"	1	1	8	0	0	0	0	"N7"
"SSC_15491_14__SSC_15491_14__N3C260"	"N3"	"SSC/15491/14"	"SSc-ILD"	"SSC/15491/14"	1	1	8	0	0	0	0	"N7"
"SSC_15491_14__SSC_15491_14__N3C260"	"N4"	"SSC/15491/14"	"SSc-ILD"	"SSC/15491/14"	1	1	8	0	0	0	0	"N7"
"SSC_15491_14__SSC_15491_14__N3C260"	"N5"	"SSC/15491/14"	"SSc-ILD"	"SSC/15491/14"	1	1	8	0	0	0	0	"N7"
"SSC_15491_14__SSC_15491_14__N3C260"	"N6"	"SSC/15491/14"	"SSc-ILD"	"SSC/15491/14"	1	1	8	0	0	0	0	"N7"
"SSC_15491_14__SSC_15491_14__N3C260"	"N7"	"SSC/15491/14"	"SSc-ILD"	"SSC/15491/14"	1	1	8	8	1	1	1	"N7"
"SSC_15491_14__SSC_15491_14__N3C260"	"N8"	"SSC/15491/14"	"SSc-ILD"	"SSC/15491/14"	1	1	8	0	0	0	0	"N7"
"SSC_15491_14__SSC_15491_14__N3C261"	"N1"	"SSC/15491/14"	"SSc-ILD"	"SSC/15491/14"	1	1	8	5	1	0.625	1	"N1"
"SSC_15491_14__SSC_15491_14__N3C261"	"N2"	"SSC/15491/14"	"SSc-ILD"	"SSC/15491/14"	1	1	8	0	0	0	0	"N1"
"SSC_15491_14__SSC_15491_14__N3C261"	"N3"	"SSC/15491/14"	"SSc-ILD"	"SSC/15491/14"	1	1	8	0	0	0	0	"N1"
"SSC_15491_14__SSC_15491_14__N3C261"	"N4"	"SSC/15491/14"	"SSc-ILD"	"SSC/15491/14"	1	1	8	0	0	0	0	"N1"
"SSC_15491_14__SSC_15491_14__N3C261"	"N5"	"SSC/15491/14"	"SSc-ILD"	"SSC/15491/14"	1	1	8	0	0	0	0	"N1"
"SSC_15491_14__SSC_15491_14__N3C261"	"N6"	"SSC/15491/14"	"SSc-ILD"	"SSC/15491/14"	1	1	8	1	1	0.125	1	"N1"
"SSC_15491_14__SSC_15491_14__N3C261"	"N7"	"SSC/15491/14"	"SSc-ILD"	"SSC/15491/14"	1	1	8	2	1	0.25	1	"N1"
"SSC_15491_14__SSC_15491_14__N3C261"	"N8"	"SSC/15491/14"	"SSc-ILD"	"SSC/15491/14"	1	1	8	0	0	0	0	"N1"
"SSC_15491_14__SSC_15491_14__N3C262"	"N1"	"SSC/15491/14"	"SSc-ILD"	"SSC/15491/14"	104	80	266	100	50	0.37593984962406	0.625	"N7"
"SSC_15491_14__SSC_15491_14__N3C262"	"N2"	"SSC/15491/14"	"SSc-ILD"	"SSC/15491/14"	104	80	266	1	1	0.0037593984962406	0.0125	"N7"
"SSC_15491_14__SSC_15491_14__N3C262"	"N3"	"SSC/15491/14"	"SSc-ILD"	"SSC/15491/14"	104	80	266	0	0	0	0	"N7"
"SSC_15491_14__SSC_15491_14__N3C262"	"N4"	"SSC/15491/14"	"SSc-ILD"	"SSC/15491/14"	104	80	266	0	0	0	0	"N7"
"SSC_15491_14__SSC_15491_14__N3C262"	"N5"	"SSC/15491/14"	"SSc-ILD"	"SSC/15491/14"	104	80	266	25	18	0.093984962406015	0.225	"N7"
"SSC_15491_14__SSC_15491_14__N3C262"	"N6"	"SSC/15491/14"	"SSc-ILD"	"SSC/15491/14"	104	80	266	4	4	0.0150375939849624	0.05	"N7"
"SSC_15491_14__SSC_15491_14__N3C262"	"N7"	"SSC/15491/14"	"SSc-ILD"	"SSC/15491/14"	104	80	266	136	63	0.511278195488722	0.7875	"N7"
"SSC_15491_14__SSC_15491_14__N3C262"	"N8"	"SSC/15491/14"	"SSc-ILD"	"SSC/15491/14"	104	80	266	0	0	0	0	"N7"
"SSC_15491_14__SSC_15491_14__N3C263"	"N1"	"SSC/15491/14"	"SSc-ILD"	"SSC/15491/14"	1	1	8	2	1	0.25	1	"N7"
"SSC_15491_14__SSC_15491_14__N3C263"	"N2"	"SSC/15491/14"	"SSc-ILD"	"SSC/15491/14"	1	1	8	0	0	0	0	"N7"
"SSC_15491_14__SSC_15491_14__N3C263"	"N3"	"SSC/15491/14"	"SSc-ILD"	"SSC/15491/14"	1	1	8	0	0	0	0	"N7"
"SSC_15491_14__SSC_15491_14__N3C263"	"N4"	"SSC/15491/14"	"SSc-ILD"	"SSC/15491/14"	1	1	8	0	0	0	0	"N7"
"SSC_15491_14__SSC_15491_14__N3C263"	"N5"	"SSC/15491/14"	"SSc-ILD"	"SSC/15491/14"	1	1	8	0	0	0	0	"N7"
"SSC_15491_14__SSC_15491_14__N3C263"	"N6"	"SSC/15491/14"	"SSc-ILD"	"SSC/15491/14"	1	1	8	0	0	0	0	"N7"
"SSC_15491_14__SSC_15491_14__N3C263"	"N7"	"SSC/15491/14"	"SSc-ILD"	"SSC/15491/14"	1	1	8	6	1	0.75	1	"N7"
"SSC_15491_14__SSC_15491_14__N3C263"	"N8"	"SSC/15491/14"	"SSc-ILD"	"SSC/15491/14"	1	1	8	0	0	0	0	"N7"
"SSC_15491_14__SSC_15491_14__N3C264"	"N1"	"SSC/15491/14"	"SSc-ILD"	"SSC/15491/14"	1	1	8	4	1	0.5	1	"N1; N7"
"SSC_15491_14__SSC_15491_14__N3C264"	"N2"	"SSC/15491/14"	"SSc-ILD"	"SSC/15491/14"	1	1	8	0	0	0	0	"N1; N7"
"SSC_15491_14__SSC_15491_14__N3C264"	"N3"	"SSC/15491/14"	"SSc-ILD"	"SSC/15491/14"	1	1	8	0	0	0	0	"N1; N7"
"SSC_15491_14__SSC_15491_14__N3C264"	"N4"	"SSC/15491/14"	"SSc-ILD"	"SSC/15491/14"	1	1	8	0	0	0	0	"N1; N7"
"SSC_15491_14__SSC_15491_14__N3C264"	"N5"	"SSC/15491/14"	"SSc-ILD"	"SSC/15491/14"	1	1	8	0	0	0	0	"N1; N7"
"SSC_15491_14__SSC_15491_14__N3C264"	"N6"	"SSC/15491/14"	"SSc-ILD"	"SSC/15491/14"	1	1	8	0	0	0	0	"N1; N7"
"SSC_15491_14__SSC_15491_14__N3C264"	"N7"	"SSC/15491/14"	"SSc-ILD"	"SSC/15491/14"	1	1	8	4	1	0.5	1	"N1; N7"
"SSC_15491_14__SSC_15491_14__N3C264"	"N8"	"SSC/15491/14"	"SSc-ILD"	"SSC/15491/14"	1	1	8	0	0	0	0	"N1; N7"
"SSC_15491_14__SSC_15491_14__N3C265"	"N1"	"SSC/15491/14"	"SSc-ILD"	"SSC/15491/14"	2	2	14	6	2	0.428571428571429	1	"N7"
"SSC_15491_14__SSC_15491_14__N3C265"	"N2"	"SSC/15491/14"	"SSc-ILD"	"SSC/15491/14"	2	2	14	0	0	0	0	"N7"
"SSC_15491_14__SSC_15491_14__N3C265"	"N3"	"SSC/15491/14"	"SSc-ILD"	"SSC/15491/14"	2	2	14	0	0	0	0	"N7"
"SSC_15491_14__SSC_15491_14__N3C265"	"N4"	"SSC/15491/14"	"SSc-ILD"	"SSC/15491/14"	2	2	14	0	0	0	0	"N7"
"SSC_15491_14__SSC_15491_14__N3C265"	"N5"	"SSC/15491/14"	"SSc-ILD"	"SSC/15491/14"	2	2	14	0	0	0	0	"N7"
"SSC_15491_14__SSC_15491_14__N3C265"	"N6"	"SSC/15491/14"	"SSc-ILD"	"SSC/15491/14"	2	2	14	0	0	0	0	"N7"
"SSC_15491_14__SSC_15491_14__N3C265"	"N7"	"SSC/15491/14"	"SSc-ILD"	"SSC/15491/14"	2	2	14	8	2	0.571428571428571	1	"N7"
"SSC_15491_14__SSC_15491_14__N3C265"	"N8"	"SSC/15491/14"	"SSc-ILD"	"SSC/15491/14"	2	2	14	0	0	0	0	"N7"
"SSC_15491_14__SSC_15491_14__N3C266"	"N1"	"SSC/15491/14"	"SSc-ILD"	"SSC/15491/14"	6	6	36	8	4	0.222222222222222	0.666666666666667	"N7"
"SSC_15491_14__SSC_15491_14__N3C266"	"N2"	"SSC/15491/14"	"SSc-ILD"	"SSC/15491/14"	6	6	36	0	0	0	0	"N7"
"SSC_15491_14__SSC_15491_14__N3C266"	"N3"	"SSC/15491/14"	"SSc-ILD"	"SSC/15491/14"	6	6	36	0	0	0	0	"N7"
"SSC_15491_14__SSC_15491_14__N3C266"	"N4"	"SSC/15491/14"	"SSc-ILD"	"SSC/15491/14"	6	6	36	0	0	0	0	"N7"
"SSC_15491_14__SSC_15491_14__N3C266"	"N5"	"SSC/15491/14"	"SSc-ILD"	"SSC/15491/14"	6	6	36	6	4	0.166666666666667	0.666666666666667	"N7"
"SSC_15491_14__SSC_15491_14__N3C266"	"N6"	"SSC/15491/14"	"SSc-ILD"	"SSC/15491/14"	6	6	36	0	0	0	0	"N7"
"SSC_15491_14__SSC_15491_14__N3C266"	"N7"	"SSC/15491/14"	"SSc-ILD"	"SSC/15491/14"	6	6	36	22	6	0.611111111111111	1	"N7"
"SSC_15491_14__SSC_15491_14__N3C266"	"N8"	"SSC/15491/14"	"SSc-ILD"	"SSC/15491/14"	6	6	36	0	0	0	0	"N7"
"SSC_15491_14__SSC_15491_14__N3C267"	"N1"	"SSC/15491/14"	"SSc-ILD"	"SSC/15491/14"	10	7	19	4	3	0.210526315789474	0.428571428571429	"N7"
"SSC_15491_14__SSC_15491_14__N3C267"	"N2"	"SSC/15491/14"	"SSc-ILD"	"SSC/15491/14"	10	7	19	0	0	0	0	"N7"
"SSC_15491_14__SSC_15491_14__N3C267"	"N3"	"SSC/15491/14"	"SSc-ILD"	"SSC/15491/14"	10	7	19	0	0	0	0	"N7"
"SSC_15491_14__SSC_15491_14__N3C267"	"N4"	"SSC/15491/14"	"SSc-ILD"	"SSC/15491/14"	10	7	19	0	0	0	0	"N7"
"SSC_15491_14__SSC_15491_14__N3C267"	"N5"	"SSC/15491/14"	"SSc-ILD"	"SSC/15491/14"	10	7	19	5	4	0.263157894736842	0.571428571428571	"N7"
"SSC_15491_14__SSC_15491_14__N3C267"	"N6"	"SSC/15491/14"	"SSc-ILD"	"SSC/15491/14"	10	7	19	0	0	0	0	"N7"
"SSC_15491_14__SSC_15491_14__N3C267"	"N7"	"SSC/15491/14"	"SSc-ILD"	"SSC/15491/14"	10	7	19	10	4	0.526315789473684	0.571428571428571	"N7"
"SSC_15491_14__SSC_15491_14__N3C267"	"N8"	"SSC/15491/14"	"SSc-ILD"	"SSC/15491/14"	10	7	19	0	0	0	0	"N7"
"SSC_15491_14__SSC_15491_14__N3C268"	"N1"	"SSC/15491/14"	"SSc-ILD"	"SSC/15491/14"	4	4	26	14	4	0.538461538461538	1	"N1"
"SSC_15491_14__SSC_15491_14__N3C268"	"N2"	"SSC/15491/14"	"SSc-ILD"	"SSC/15491/14"	4	4	26	0	0	0	0	"N1"
"SSC_15491_14__SSC_15491_14__N3C268"	"N3"	"SSC/15491/14"	"SSc-ILD"	"SSC/15491/14"	4	4	26	0	0	0	0	"N1"
"SSC_15491_14__SSC_15491_14__N3C268"	"N4"	"SSC/15491/14"	"SSc-ILD"	"SSC/15491/14"	4	4	26	0	0	0	0	"N1"
"SSC_15491_14__SSC_15491_14__N3C268"	"N5"	"SSC/15491/14"	"SSc-ILD"	"SSC/15491/14"	4	4	26	3	3	0.115384615384615	0.75	"N1"
"SSC_15491_14__SSC_15491_14__N3C268"	"N6"	"SSC/15491/14"	"SSc-ILD"	"SSC/15491/14"	4	4	26	3	3	0.115384615384615	0.75	"N1"
"SSC_15491_14__SSC_15491_14__N3C268"	"N7"	"SSC/15491/14"	"SSc-ILD"	"SSC/15491/14"	4	4	26	2	2	0.0769230769230769	0.5	"N1"
"SSC_15491_14__SSC_15491_14__N3C268"	"N8"	"SSC/15491/14"	"SSc-ILD"	"SSC/15491/14"	4	4	26	4	1	0.153846153846154	0.25	"N1"
"SSC_15491_14__SSC_15491_14__N3C269"	"N1"	"SSC/15491/14"	"SSc-ILD"	"SSC/15491/14"	1	1	8	0	0	0	0	"N7"
"SSC_15491_14__SSC_15491_14__N3C269"	"N2"	"SSC/15491/14"	"SSc-ILD"	"SSC/15491/14"	1	1	8	0	0	0	0	"N7"
"SSC_15491_14__SSC_15491_14__N3C269"	"N3"	"SSC/15491/14"	"SSc-ILD"	"SSC/15491/14"	1	1	8	0	0	0	0	"N7"
"SSC_15491_14__SSC_15491_14__N3C269"	"N4"	"SSC/15491/14"	"SSc-ILD"	"SSC/15491/14"	1	1	8	0	0	0	0	"N7"
"SSC_15491_14__SSC_15491_14__N3C269"	"N5"	"SSC/15491/14"	"SSc-ILD"	"SSC/15491/14"	1	1	8	0	0	0	0	"N7"
"SSC_15491_14__SSC_15491_14__N3C269"	"N6"	"SSC/15491/14"	"SSc-ILD"	"SSC/15491/14"	1	1	8	0	0	0	0	"N7"
"SSC_15491_14__SSC_15491_14__N3C269"	"N7"	"SSC/15491/14"	"SSc-ILD"	"SSC/15491/14"	1	1	8	8	1	1	1	"N7"
"SSC_15491_14__SSC_15491_14__N3C269"	"N8"	"SSC/15491/14"	"SSc-ILD"	"SSC/15491/14"	1	1	8	0	0	0	0	"N7"
"SSC_15491_14__SSC_15491_14__N3C270"	"N1"	"SSC/15491/14"	"SSc-ILD"	"SSC/15491/14"	1	1	8	2	1	0.25	1	"N7"
"SSC_15491_14__SSC_15491_14__N3C270"	"N2"	"SSC/15491/14"	"SSc-ILD"	"SSC/15491/14"	1	1	8	0	0	0	0	"N7"
"SSC_15491_14__SSC_15491_14__N3C270"	"N3"	"SSC/15491/14"	"SSc-ILD"	"SSC/15491/14"	1	1	8	0	0	0	0	"N7"
"SSC_15491_14__SSC_15491_14__N3C270"	"N4"	"SSC/15491/14"	"SSc-ILD"	"SSC/15491/14"	1	1	8	0	0	0	0	"N7"
"SSC_15491_14__SSC_15491_14__N3C270"	"N5"	"SSC/15491/14"	"SSc-ILD"	"SSC/15491/14"	1	1	8	2	1	0.25	1	"N7"
"SSC_15491_14__SSC_15491_14__N3C270"	"N6"	"SSC/15491/14"	"SSc-ILD"	"SSC/15491/14"	1	1	8	1	1	0.125	1	"N7"
"SSC_15491_14__SSC_15491_14__N3C270"	"N7"	"SSC/15491/14"	"SSc-ILD"	"SSC/15491/14"	1	1	8	3	1	0.375	1	"N7"
"SSC_15491_14__SSC_15491_14__N3C270"	"N8"	"SSC/15491/14"	"SSc-ILD"	"SSC/15491/14"	1	1	8	0	0	0	0	"N7"
"SSC_15491_14__SSC_15491_14__N3C271"	"N1"	"SSC/15491/14"	"SSc-ILD"	"SSC/15491/14"	7	7	36	5	5	0.138888888888889	0.714285714285714	"N7"
"SSC_15491_14__SSC_15491_14__N3C271"	"N2"	"SSC/15491/14"	"SSc-ILD"	"SSC/15491/14"	7	7	36	0	0	0	0	"N7"
"SSC_15491_14__SSC_15491_14__N3C271"	"N3"	"SSC/15491/14"	"SSc-ILD"	"SSC/15491/14"	7	7	36	0	0	0	0	"N7"
"SSC_15491_14__SSC_15491_14__N3C271"	"N4"	"SSC/15491/14"	"SSc-ILD"	"SSC/15491/14"	7	7	36	0	0	0	0	"N7"
"SSC_15491_14__SSC_15491_14__N3C271"	"N5"	"SSC/15491/14"	"SSc-ILD"	"SSC/15491/14"	7	7	36	5	4	0.138888888888889	0.571428571428571	"N7"
"SSC_15491_14__SSC_15491_14__N3C271"	"N6"	"SSC/15491/14"	"SSc-ILD"	"SSC/15491/14"	7	7	36	3	2	0.0833333333333333	0.285714285714286	"N7"
"SSC_15491_14__SSC_15491_14__N3C271"	"N7"	"SSC/15491/14"	"SSc-ILD"	"SSC/15491/14"	7	7	36	20	6	0.555555555555556	0.857142857142857	"N7"
"SSC_15491_14__SSC_15491_14__N3C271"	"N8"	"SSC/15491/14"	"SSc-ILD"	"SSC/15491/14"	7	7	36	3	3	0.0833333333333333	0.428571428571429	"N7"
"SSC_15491_14__SSC_15491_14__N3C272"	"N1"	"SSC/15491/14"	"SSc-ILD"	"SSC/15491/14"	1	1	8	4	1	0.5	1	"N1"
"SSC_15491_14__SSC_15491_14__N3C272"	"N2"	"SSC/15491/14"	"SSc-ILD"	"SSC/15491/14"	1	1	8	0	0	0	0	"N1"
"SSC_15491_14__SSC_15491_14__N3C272"	"N3"	"SSC/15491/14"	"SSc-ILD"	"SSC/15491/14"	1	1	8	0	0	0	0	"N1"
"SSC_15491_14__SSC_15491_14__N3C272"	"N4"	"SSC/15491/14"	"SSc-ILD"	"SSC/15491/14"	1	1	8	0	0	0	0	"N1"
"SSC_15491_14__SSC_15491_14__N3C272"	"N5"	"SSC/15491/14"	"SSc-ILD"	"SSC/15491/14"	1	1	8	1	1	0.125	1	"N1"
"SSC_15491_14__SSC_15491_14__N3C272"	"N6"	"SSC/15491/14"	"SSc-ILD"	"SSC/15491/14"	1	1	8	0	0	0	0	"N1"
"SSC_15491_14__SSC_15491_14__N3C272"	"N7"	"SSC/15491/14"	"SSc-ILD"	"SSC/15491/14"	1	1	8	1	1	0.125	1	"N1"
"SSC_15491_14__SSC_15491_14__N3C272"	"N8"	"SSC/15491/14"	"SSc-ILD"	"SSC/15491/14"	1	1	8	2	1	0.25	1	"N1"
"SSC_15491_14__SSC_15491_14__N3C273"	"N1"	"SSC/15491/14"	"SSc-ILD"	"SSC/15491/14"	12	9	24	5	3	0.208333333333333	0.333333333333333	"N7"
"SSC_15491_14__SSC_15491_14__N3C273"	"N2"	"SSC/15491/14"	"SSc-ILD"	"SSC/15491/14"	12	9	24	0	0	0	0	"N7"
"SSC_15491_14__SSC_15491_14__N3C273"	"N3"	"SSC/15491/14"	"SSc-ILD"	"SSC/15491/14"	12	9	24	0	0	0	0	"N7"
"SSC_15491_14__SSC_15491_14__N3C273"	"N4"	"SSC/15491/14"	"SSc-ILD"	"SSC/15491/14"	12	9	24	0	0	0	0	"N7"
"SSC_15491_14__SSC_15491_14__N3C273"	"N5"	"SSC/15491/14"	"SSc-ILD"	"SSC/15491/14"	12	9	24	5	5	0.208333333333333	0.555555555555556	"N7"
"SSC_15491_14__SSC_15491_14__N3C273"	"N6"	"SSC/15491/14"	"SSc-ILD"	"SSC/15491/14"	12	9	24	0	0	0	0	"N7"
"SSC_15491_14__SSC_15491_14__N3C273"	"N7"	"SSC/15491/14"	"SSc-ILD"	"SSC/15491/14"	12	9	24	13	5	0.541666666666667	0.555555555555556	"N7"
"SSC_15491_14__SSC_15491_14__N3C273"	"N8"	"SSC/15491/14"	"SSc-ILD"	"SSC/15491/14"	12	9	24	1	1	0.0416666666666667	0.111111111111111	"N7"
"SSC_15491_14__SSC_15491_14__N3C274"	"N1"	"SSC/15491/14"	"SSc-ILD"	"SSC/15491/14"	1	1	5	2	1	0.4	1	"N7"
"SSC_15491_14__SSC_15491_14__N3C274"	"N2"	"SSC/15491/14"	"SSc-ILD"	"SSC/15491/14"	1	1	5	0	0	0	0	"N7"
"SSC_15491_14__SSC_15491_14__N3C274"	"N3"	"SSC/15491/14"	"SSc-ILD"	"SSC/15491/14"	1	1	5	0	0	0	0	"N7"
"SSC_15491_14__SSC_15491_14__N3C274"	"N4"	"SSC/15491/14"	"SSc-ILD"	"SSC/15491/14"	1	1	5	0	0	0	0	"N7"
"SSC_15491_14__SSC_15491_14__N3C274"	"N5"	"SSC/15491/14"	"SSc-ILD"	"SSC/15491/14"	1	1	5	0	0	0	0	"N7"
"SSC_15491_14__SSC_15491_14__N3C274"	"N6"	"SSC/15491/14"	"SSc-ILD"	"SSC/15491/14"	1	1	5	0	0	0	0	"N7"
"SSC_15491_14__SSC_15491_14__N3C274"	"N7"	"SSC/15491/14"	"SSc-ILD"	"SSC/15491/14"	1	1	5	3	1	0.6	1	"N7"
"SSC_15491_14__SSC_15491_14__N3C274"	"N8"	"SSC/15491/14"	"SSc-ILD"	"SSC/15491/14"	1	1	5	0	0	0	0	"N7"
"SSC_15491_14__SSC_15491_14__N3C275"	"N1"	"SSC/15491/14"	"SSc-ILD"	"SSC/15491/14"	1	1	8	1	1	0.125	1	"N7"
"SSC_15491_14__SSC_15491_14__N3C275"	"N2"	"SSC/15491/14"	"SSc-ILD"	"SSC/15491/14"	1	1	8	0	0	0	0	"N7"
"SSC_15491_14__SSC_15491_14__N3C275"	"N3"	"SSC/15491/14"	"SSc-ILD"	"SSC/15491/14"	1	1	8	0	0	0	0	"N7"
"SSC_15491_14__SSC_15491_14__N3C275"	"N4"	"SSC/15491/14"	"SSc-ILD"	"SSC/15491/14"	1	1	8	0	0	0	0	"N7"
"SSC_15491_14__SSC_15491_14__N3C275"	"N5"	"SSC/15491/14"	"SSc-ILD"	"SSC/15491/14"	1	1	8	0	0	0	0	"N7"
"SSC_15491_14__SSC_15491_14__N3C275"	"N6"	"SSC/15491/14"	"SSc-ILD"	"SSC/15491/14"	1	1	8	2	1	0.25	1	"N7"
"SSC_15491_14__SSC_15491_14__N3C275"	"N7"	"SSC/15491/14"	"SSc-ILD"	"SSC/15491/14"	1	1	8	5	1	0.625	1	"N7"
"SSC_15491_14__SSC_15491_14__N3C275"	"N8"	"SSC/15491/14"	"SSc-ILD"	"SSC/15491/14"	1	1	8	0	0	0	0	"N7"
