patient_id	disease	niche	reference18_state	enrichment	state_umi_spearman_rho_within_niche	niche_vs_other_log1p_umi_difference	umi_adjusted_enrichment	umi_coefficient	umi_stratified_enrichment	valid_umi_quintile_n	minimum_target_bin_n_in_valid_quintile	minimum_other_bin_n_in_valid_quintile	raw_vs_adjusted_same_direction	raw_vs_stratified_same_direction	adjusted_minus_raw	stratified_minus_raw
"HC/NL-55"	"HC"	"N1"	"Alveolar/resident macrophage"	-0.00069892209795052	-0.133115799932398	0.171754174607297	-4.66333481109528e-05	-0.00293964627357572	0.000184176734465327	5	420	1238	TRUE	FALSE	0.000652288749839568	0.000883098832415847
"HC/NL-63"	"HC"	"N1"	"Alveolar/resident macrophage"	0.000186962214315493	0.193290741082325	0.0208624224796043	0.000179267114606126	0.000223317048499058	0.000211665932577359	5	60	998	TRUE	TRUE	-7.69509970936712e-06	2.47037182618664e-05
"IPF/FO23-1-03100"	"IPF"	"N1"	"Alveolar/resident macrophage"	-0.000178496047178695	-0.00626087439151073	0.0131065711180831	-0.00014764745138254	-0.00089994774967361	-0.000116665835281507	5	174	1457	TRUE	TRUE	3.08485957961555e-05	6.18302118971886e-05
"IPF/FO23-1-09473"	"IPF"	"N1"	"Alveolar/resident macrophage"	0.000832490333287754	-0.0233621611184661	0.575806814332771	0.000290143967738561	0.000734928741154435	0.000346137033532228	5	80	181	TRUE	TRUE	-0.000542346365549193	-0.000486353299755526
"SSC/23-105334B1"	"SSc-ILD"	"N1"	"Alveolar/resident macrophage"	-0.000561985684728516	0.0945568577844857	0.100874478629899	-0.000584482934713351	0.000102381281974837	-0.000575516463684	5	1090	2530	TRUE	TRUE	-2.24972499848345e-05	-1.3530778955484e-05
"SSC/FO20-I-08293B1"	"SSc-ILD"	"N1"	"Alveolar/resident macrophage"	0.000336415378655414	-0.0476432281796628	-0.0553808949578558	0.000236524365476166	-0.00103653411034495	0.000223256475122602	5	42	717	TRUE	TRUE	-9.98910131792475e-05	-0.000113158903532812
"SSC/FO21-1-01756B1"	"SSc-ILD"	"N1"	"Alveolar/resident macrophage"	0.000240434668255431	-0.041697618125566	0.0948090061886777	0.000350730294043882	-0.00073656410680719	0.000333207898816371	5	216	1155	TRUE	TRUE	0.000110295625788451	9.27732305609393e-05
"HC/NL-55"	"HC"	"N1"	"Inflammatory monocyte/macrophage"	-0.000964023877937965	-0.150143803126792	0.171754174607297	-0.000311412302851777	-0.00294110113851672	-8.44603754828326e-05	5	420	1238	TRUE	TRUE	0.000652611575086188	0.000879563502455132
"HC/NL-63"	"HC"	"N1"	"Inflammatory monocyte/macrophage"	-0.000791278390850868	-0.0731370217903629	0.0208624224796043	-0.00073813887704768	-0.00154214497920121	-0.000924015225525249	5	60	998	TRUE	TRUE	5.3139513803189e-05	-0.000132736834674381
"IPF/FO23-1-03100"	"IPF"	"N1"	"Inflammatory monocyte/macrophage"	-2.59570213236339e-05	0.0169474593045843	0.0131065711180831	-4.6513568537329e-06	-0.000621551299180695	1.43844770462902e-05	5	174	1457	TRUE	FALSE	2.1305664469901e-05	4.03414983699241e-05
"IPF/FO23-1-09473"	"IPF"	"N1"	"Inflammatory monocyte/macrophage"	-0.000945095946291004	-0.125022598921242	0.575806814332771	-0.000290379359680495	-0.000887200629294061	-0.000330672500986428	5	80	181	TRUE	TRUE	0.000654716586610509	0.000614423445304576
"SSC/23-105334B1"	"SSc-ILD"	"N1"	"Inflammatory monocyte/macrophage"	-0.000613598943136909	0.0813629284366368	0.100874478629899	-0.000589184707291351	-0.000111105169120315	-0.000527205666947048	5	1090	2530	TRUE	TRUE	2.44142358455583e-05	8.63932761898612e-05
"SSC/FO20-I-08293B1"	"SSc-ILD"	"N1"	"Inflammatory monocyte/macrophage"	-7.51896189757576e-05	-0.00973228147928848	-0.0553808949578558	-0.000236505900603613	-0.0016739226396798	-8.08529884135326e-05	5	42	717	TRUE	TRUE	-0.000161316281627855	-5.66336943777501e-06
"SSC/FO21-1-01756B1"	"SSc-ILD"	"N1"	"Inflammatory monocyte/macrophage"	-0.000761501566276975	-0.0048374838760436	0.0948090061886777	-0.000484028068532325	-0.00185299296837955	-0.000591120191551834	5	216	1155	TRUE	TRUE	0.00027747349774465	0.000170381374725141
"HC/NL-55"	"HC"	"N1"	"Dendritic cell"	-0.000151744285873438	-0.077201603687825	0.171754174607297	0.000486987289951118	-0.00287854864452199	0.00056868628619727	5	420	1238	FALSE	FALSE	0.000638731575824556	0.000720430572070709
"HC/NL-63"	"HC"	"N1"	"Dendritic cell"	0.000217179974205228	-0.129345925240781	0.0208624224796043	0.000301511625955436	-0.00244736212333358	0.00018799519613346	5	60	998	TRUE	TRUE	8.43316517502082e-05	-2.91847780717686e-05
"IPF/FO23-1-03100"	"IPF"	"N1"	"Dendritic cell"	-6.84686963648776e-05	0.0281663559661359	0.0131065711180831	-7.55539527636728e-05	0.000206698567228967	-7.66774938151422e-05	5	174	1457	TRUE	TRUE	-7.08525639879524e-06	-8.20879745026468e-06
"IPF/FO23-1-09473"	"IPF"	"N1"	"Dendritic cell"	0.00116929764286584	-5.61144028105041e-05	0.575806814332771	0.000487797347846613	0.000923494994582725	0.000308861422289306	5	80	181	TRUE	TRUE	-0.000681500295019229	-0.000860436220576536
"SSC/23-105334B1"	"SSc-ILD"	"N1"	"Dendritic cell"	-0.000787066823699702	0.0288505093797401	0.100874478629899	-0.000618131575740494	-0.000768796509282309	-0.00062175103793673	5	1090	2530	TRUE	TRUE	0.000168935247959208	0.000165315785762971
"SSC/FO20-I-08293B1"	"SSc-ILD"	"N1"	"Dendritic cell"	0.000390051299375957	0.014467435150523	-0.0553808949578558	0.00032499982877544	-0.00067501636092652	0.000516066510377885	5	42	717	TRUE	TRUE	-6.50514706005168e-05	0.000126015211001928
"SSC/FO21-1-01756B1"	"SSc-ILD"	"N1"	"Dendritic cell"	-0.000990252414908979	-0.0164386234792565	0.0948090061886777	-0.0007996422631212	-0.00127291173332014	-0.000843693960836622	5	216	1155	TRUE	TRUE	0.00019061015178778	0.000146558454072358
"HC/NL-55"	"HC"	"N1"	"T"	-0.000585548248180273	-0.106734409847513	0.171754174607297	0.000403521136689416	-0.00445740346166512	0.000637608601290659	5	420	1238	FALSE	FALSE	0.000989069384869689	0.00122315684947093
"HC/NL-63"	"HC"	"N1"	"T"	-0.0041923668300276	-0.0783812260308575	0.0208624224796043	-0.00412270844096874	-0.00202153401975189	-0.00407853320416255	5	60	998	TRUE	TRUE	6.96583890588609e-05	0.00011383362586505
"IPF/FO23-1-03100"	"IPF"	"N1"	"T"	-0.000761242866645528	-0.00624528139361298	0.0131065711180831	-0.000703253137016184	-0.00169173751145057	-0.00067934077295755	5	174	1457	TRUE	TRUE	5.79897296293441e-05	8.19020936879786e-05
"IPF/FO23-1-09473"	"IPF"	"N1"	"T"	-0.00283882308052518	-0.0712400295685035	0.575806814332771	-0.00125764251465667	-0.00214264373586211	-0.000742966014136901	5	80	181	TRUE	TRUE	0.00158118056586851	0.00209585706638828
"SSC/23-105334B1"	"SSc-ILD"	"N1"	"T"	-0.00184963187708972	0.0102224801355112	0.100874478629899	-0.00152680129568632	-0.00146914884294741	-0.00153607629107306	5	1090	2530	TRUE	TRUE	0.0003228305814034	0.000313555586016661
"SSC/FO20-I-08293B1"	"SSc-ILD"	"N1"	"T"	0.00200254208384081	-0.139624424944931	-0.0553808949578558	0.0017126164381309	-0.00300845703409623	0.00195461843646428	5	42	717	TRUE	TRUE	-0.000289925645709911	-4.7923647376534e-05
"SSC/FO21-1-01756B1"	"SSc-ILD"	"N1"	"T"	-0.0020857966051795	-0.0878611514221045	0.0948090061886777	-0.00157396201249621	-0.0034180774341499	-0.00184469887207663	5	216	1155	TRUE	TRUE	0.000511834592683284	0.000241097733102867
"HC/NL-55"	"HC"	"N1"	"NK"	-0.00165477623555371	-0.0943618680329338	0.171754174607297	-0.000887561773982993	-0.00345757784960204	-0.000748348344887038	5	420	1238	TRUE	TRUE	0.000767214461570716	0.000906427890666671
"HC/NL-63"	"HC"	"N1"	"NK"	-0.00186570665485961	-0.0800730479629884	0.0208624224796043	-0.0017895940249337	-0.00220884049727415	-0.00214208024718847	5	60	998	TRUE	TRUE	7.61126299259098e-05	-0.00027637359232886
"IPF/FO23-1-03100"	"IPF"	"N1"	"NK"	-0.00311457131778788	0.00343850095265151	0.0131065711180831	-0.00306425287256951	-0.00146794271741004	-0.00310318202275625	5	174	1457	TRUE	TRUE	5.03184452183667e-05	1.13892950316273e-05
"IPF/FO23-1-09473"	"IPF"	"N1"	"NK"	-0.00288879021218099	-0.119245760911929	0.575806814332771	-0.00092495930707855	-0.00266116981067186	-0.000818340062507896	5	80	181	TRUE	TRUE	0.00196383090510244	0.0020704501496731
"SSC/23-105334B1"	"SSc-ILD"	"N1"	"NK"	-0.000399557371152241	0.0259782258060555	0.100874478629899	-0.000119531322362354	-0.00127435246000102	-0.00013941307726025	5	1090	2530	TRUE	TRUE	0.000280026048789887	0.000260144293891991
"SSC/FO20-I-08293B1"	"SSc-ILD"	"N1"	"NK"	-0.00186968118480942	0.00312839819992663	-0.0553808949578558	-0.00211740024812986	-0.00257049408892926	-0.00214983759259981	5	42	717	TRUE	TRUE	-0.000247719063320442	-0.000280156407790395
"SSC/FO21-1-01756B1"	"SSc-ILD"	"N1"	"NK"	-0.000664646353410726	-0.129184706919581	0.0948090061886777	-0.000305097684188128	-0.00240109834371565	-0.000378204987105096	5	216	1155	TRUE	TRUE	0.000359548669222598	0.00028644136630563
"HC/NL-55"	"HC"	"N1"	"Mast/Basophil"	-0.00252610059742548	-0.123660965072142	0.171754174607297	-0.00157031140560131	-0.00430742081135258	-0.00143306940261917	5	420	1238	TRUE	TRUE	0.000955789191824167	0.00109303119480631
"HC/NL-63"	"HC"	"N1"	"Mast/Basophil"	-0.0036241525550407	0.000186147063081995	0.0208624224796043	-0.0035244064971698	-0.00289469871535319	-0.00385600975978436	5	60	998	TRUE	TRUE	9.9746057870896e-05	-0.000231857204743662
"IPF/FO23-1-03100"	"IPF"	"N1"	"Mast/Basophil"	-0.00181761500264137	-0.0226328486646069	0.0131065711180831	-0.00179246926936245	-0.000733577833745334	-0.00180119548141138	5	174	1457	TRUE	TRUE	2.51457332789244e-05	1.64195212299921e-05
"IPF/FO23-1-09473"	"IPF"	"N1"	"Mast/Basophil"	-0.00473659644289853	-0.184008950092193	0.575806814332771	-0.00176563137351416	-0.00402592836820325	-0.00188500637445709	5	80	181	TRUE	TRUE	0.00297096506938437	0.00285159006844144
"SSC/23-105334B1"	"SSc-ILD"	"N1"	"Mast/Basophil"	-0.00175506504111607	-0.0115625506812256	0.100874478629899	-0.00135383854080383	-0.00182591576712287	-0.0014105474647848	5	1090	2530	TRUE	TRUE	0.000401226500312244	0.000344517576331267
"SSC/FO20-I-08293B1"	"SSc-ILD"	"N1"	"Mast/Basophil"	-0.00324505537944286	-0.0201353667780761	-0.0553808949578558	-0.00351564576665851	-0.00280782181853752	-0.00332517203578892	5	42	717	TRUE	TRUE	-0.000270590387215646	-8.01166563460568e-05
"SSC/FO21-1-01756B1"	"SSc-ILD"	"N1"	"Mast/Basophil"	-0.00393314932823172	-0.157134028400287	0.0948090061886777	-0.00331160974462077	-0.0041506972282477	-0.00356293442079952	5	216	1155	TRUE	TRUE	0.000621539583610954	0.000370214907432201
"HC/NL-55"	"HC"	"N1"	"B"	-0.00884575817513901	0.322276077390718	0.171754174607297	-0.0110994165591226	0.0101564812700239	-0.0119485124313333	5	420	1238	TRUE	TRUE	-0.00225365838398359	-0.00310275425619433
"HC/NL-63"	"HC"	"N1"	"B"	-0.0141039672823287	0.203894182986771	0.0208624224796043	-0.0142445248466315	0.00407907650191909	-0.0136975046597729	5	60	998	TRUE	TRUE	-0.000140557564302804	0.000406462622555831
"IPF/FO23-1-03100"	"IPF"	"N1"	"B"	-0.0165309034834831	0.0894709959658758	0.0131065711180831	-0.0165730106072974	0.00122839339503215	-0.0166604428051101	5	174	1457	TRUE	TRUE	-4.21071238143299e-05	-0.000129539321626994
"IPF/FO23-1-09473"	"IPF"	"N1"	"B"	-0.0119616254235393	-0.0865981889616094	0.575806814332771	-0.0102466174310134	-0.00232399209265618	-0.0104164390323765	5	80	181	TRUE	TRUE	0.00171500799252593	0.00154518639116288
"SSC/23-105334B1"	"SSc-ILD"	"N1"	"B"	-0.0147935181697252	0.0770369503000543	0.100874478629899	-0.0151701152119931	0.00171383115719988	-0.0152339542746555	5	1090	2530	TRUE	TRUE	-0.000376597042267911	-0.000440436104930294
"SSC/FO20-I-08293B1"	"SSc-ILD"	"N1"	"B"	-0.0190396777014898	0.237618620592859	-0.0553808949578558	-0.0184848797749284	0.00575694406260289	-0.0189903790605252	5	42	717	TRUE	TRUE	0.000554797926561393	4.92986409645763e-05
"SSC/FO21-1-01756B1"	"SSc-ILD"	"N1"	"B"	-0.0123678785105638	0.116268974746937	0.0948090061886777	-0.0126611092799988	0.00195822144562222	-0.0126389302762583	5	216	1155	TRUE	TRUE	-0.000293230769435016	-0.000271051765694553
"HC/NL-55"	"HC"	"N1"	"Ciliated epithelial"	-0.018491078178124	0.14310531897824	0.171754174607297	-0.0228757962597879	0.0197604514451846	-0.0211084524298913	5	420	1238	TRUE	TRUE	-0.00438471808166393	-0.00261737425176729
"HC/NL-63"	"HC"	"N1"	"Ciliated epithelial"	-0.0177051566099721	0.119928658845277	0.0208624224796043	-0.0177741362181502	0.00200183533504998	-0.0175640277978405	5	60	998	TRUE	TRUE	-6.89796081780811e-05	0.000141128812131637
"IPF/FO23-1-03100"	"IPF"	"N1"	"Ciliated epithelial"	-0.010314375315239	0.109081388264847	0.0131065711180831	-0.0103547763525247	0.00117862164066871	-0.0104526352668307	5	174	1457	TRUE	TRUE	-4.04010372856908e-05	-0.000138259951591732
"IPF/FO23-1-09473"	"IPF"	"N1"	"Ciliated epithelial"	-0.0100687856387707	-0.059138854909494	0.575806814332771	-0.00829105370358491	-0.00240898875004579	-0.00853864349937385	5	80	181	TRUE	TRUE	0.00177773193518576	0.00153014213939682
"SSC/23-105334B1"	"SSc-ILD"	"N1"	"Ciliated epithelial"	-0.00708082098084104	0.0135958170398889	0.100874478629899	-0.00669558006776615	-0.00175316799059167	-0.006834977972523	5	1090	2530	TRUE	TRUE	0.000385240913074884	0.000245843008318038
"SSC/FO20-I-08293B1"	"SSc-ILD"	"N1"	"Ciliated epithelial"	-0.0135500266609093	-0.0264458274834893	-0.0553808949578558	-0.0136917642448759	-0.00147076134102222	-0.0131307071779441	5	42	717	TRUE	TRUE	-0.000141737583966583	0.00041931948296523
"SSC/FO21-1-01756B1"	"SSc-ILD"	"N1"	"Ciliated epithelial"	-0.00993719617609555	-0.0893211146166993	0.0948090061886777	-0.00942971381634662	-0.00338901283126092	-0.00961122204270259	5	216	1155	TRUE	TRUE	0.000507482359748934	0.00032597413339296
"HC/NL-55"	"HC"	"N1"	"AT2/alveolar transitional"	-0.00703157549491829	-0.386180919293865	0.171754174607297	-0.00535788650307388	-0.00754275404751461	-0.00492876977912267	5	420	1238	TRUE	TRUE	0.00167368899184441	0.00210280571579562
"HC/NL-63"	"HC"	"N1"	"AT2/alveolar transitional"	-0.00420457583411215	0.0884814109304067	0.0208624224796043	-0.00411198423825983	-0.00268707134184259	-0.00420019553667724	5	60	998	TRUE	TRUE	9.25915958523158e-05	4.38029743490571e-06
"IPF/FO23-1-03100"	"IPF"	"N1"	"AT2/alveolar transitional"	-0.007739574340016	0.0155615057567091	0.0131065711180831	-0.00771573886528317	-0.000695353590480235	-0.00772109118360599	5	174	1457	TRUE	TRUE	2.38354747328293e-05	1.8483156410007e-05
"IPF/FO23-1-09473"	"IPF"	"N1"	"AT2/alveolar transitional"	0.00925601677854449	0.248714552129561	0.575806814332771	0.00409904975607196	0.0069881601919887	0.00332173651562167	5	80	181	TRUE	TRUE	-0.00515696702247254	-0.00593428026292282
"SSC/23-105334B1"	"SSc-ILD"	"N1"	"AT2/alveolar transitional"	-0.00869710721010351	0.106553105979453	0.100874478629899	-0.00898624420156246	0.0013158148605664	-0.00908447380741674	5	1090	2530	TRUE	TRUE	-0.000289136991458957	-0.000387366597313237
"SSC/FO20-I-08293B1"	"SSc-ILD"	"N1"	"AT2/alveolar transitional"	-0.00710535559327363	0.0310724984725166	-0.0553808949578558	-0.00732859457405551	-0.00231647283348548	-0.00698525179899451	5	42	717	TRUE	TRUE	-0.000223238980781882	0.000120103794279116
"SSC/FO21-1-01756B1"	"SSc-ILD"	"N1"	"AT2/alveolar transitional"	-0.00460163402605819	0.0773118459872456	0.0948090061886777	-0.00478213853519879	0.00120542534302296	-0.00499210030471926	5	216	1155	TRUE	TRUE	-0.000180504509140597	-0.000390466278661068
"HC/NL-55"	"HC"	"N1"	"Secretory/other airway epithelial"	-0.00072302811935436	0.00501496289950375	0.171754174607297	-0.000606228099440414	-0.00052637845337385	-0.000506046074596176	5	420	1238	TRUE	TRUE	0.000116800019913946	0.000216982044758185
"HC/NL-63"	"HC"	"N1"	"Secretory/other airway epithelial"	-0.0022337854001219	0.121996871049214	0.0208624224796043	-0.00219313382150741	-0.00117973657209554	-0.00231580492536321	5	60	998	TRUE	TRUE	4.06515786144862e-05	-8.20195252413166e-05
"IPF/FO23-1-03100"	"IPF"	"N1"	"Secretory/other airway epithelial"	-0.00143612368570763	0.103136829945437	0.0131065711180831	-0.00143579770079146	-9.50997554849132e-06	-0.00146039083060578	5	174	1457	TRUE	TRUE	3.25984916166224e-07	-2.426714489815e-05
"IPF/FO23-1-09473"	"IPF"	"N1"	"Secretory/other airway epithelial"	-0.00324157653492197	-0.105831222694049	0.575806814332771	-0.0022672085707062	-0.00132035737095274	-0.0023507889006437	5	80	181	TRUE	TRUE	0.00097436796421577	0.000890787634278266
"SSC/23-105334B1"	"SSc-ILD"	"N1"	"Secretory/other airway epithelial"	-0.0012106172231786	0.104270598400539	0.100874478629899	-0.0011147705107209	-0.000436182613479874	-0.00113646170782722	5	1090	2530	TRUE	TRUE	9.58467124577023e-05	7.41555153513766e-05
"SSC/FO20-I-08293B1"	"SSc-ILD"	"N1"	"Secretory/other airway epithelial"	-0.000348534208851913	-0.0201965325457036	-0.0553808949578558	-0.000396592250077259	-0.000498681487163094	-0.00055832576111114	5	42	717	TRUE	TRUE	-4.80580412253466e-05	-0.000209791552259227
"SSC/FO21-1-01756B1"	"SSc-ILD"	"N1"	"Secretory/other airway epithelial"	-4.67505491742043e-06	0.0184797740356876	0.0948090061886777	0.000137775131357657	-0.000951295153078428	0.000154635841492721	5	216	1155	FALSE	FALSE	0.000142450186275077	0.000159310896410141
"HC/NL-55"	"HC"	"N1"	"AT1"	0.0725546100292431	0.116251117222497	0.171754174607297	0.0704125035330983	0.00965375438492332	0.0710795918576377	5	420	1238	TRUE	TRUE	-0.00214210649614481	-0.00147501817160534
"HC/NL-63"	"HC"	"N1"	"AT1"	0.0835564628756523	-0.0125384155931825	0.0208624224796043	0.083289313315274	0.00775286267689208	0.0833942518456131	5	60	998	TRUE	TRUE	-0.000267149560378377	-0.000162211030039244
"IPF/FO23-1-03100"	"IPF"	"N1"	"AT1"	0.0846289074785088	-0.148368565561952	0.0131065711180831	0.084481237748604	0.0043079769983573	0.0848098261168254	5	174	1457	TRUE	TRUE	-0.000147669729904792	0.000180918638316652
"IPF/FO23-1-09473"	"IPF"	"N1"	"AT1"	0.0601166047768493	0.195541356538034	0.575806814332771	0.0534189217241954	0.00907597079507131	0.0558757236658355	5	80	181	TRUE	TRUE	-0.00669768305265388	-0.00424088111101388
"SSC/23-105334B1"	"SSc-ILD"	"N1"	"AT1"	0.0826614979908832	-0.112658357568293	0.100874478629899	0.0819487896219704	0.00324341848592441	0.0830459610016837	5	1090	2530	TRUE	TRUE	-0.000712708368912837	0.000384463010800445
"SSC/FO20-I-08293B1"	"SSc-ILD"	"N1"	"AT1"	0.0902072096544954	-0.102131829013707	-0.0553808949578558	0.0912320147176594	0.0106340437504452	0.0893533332830487	5	42	717	TRUE	TRUE	0.00102480506316392	-0.00085387637144678
"SSC/FO21-1-01756B1"	"SSc-ILD"	"N1"	"AT1"	0.0810388814605116	-0.0658429839133507	0.0948090061886777	0.0799472927839452	0.00728972733785616	0.0809840344036645	5	216	1155	TRUE	TRUE	-0.00109158867656638	-5.48470568470239e-05
"HC/NL-55"	"HC"	"N1"	"Blood endothelial"	0.000215001836681314	0.0962679303058252	0.171754174607297	0.000801011441961604	-0.00264094843405839	-0.000148906901977289	5	420	1238	TRUE	FALSE	0.00058600960528029	-0.000363908738658603
"HC/NL-63"	"HC"	"N1"	"Blood endothelial"	-0.0125484221185939	0.0600777130096564	0.0208624224796043	-0.012584411087351	0.00104442444996465	-0.0123161133543928	5	60	998	TRUE	TRUE	-3.59889687571308e-05	0.000232308764201116
"IPF/FO23-1-03100"	"IPF"	"N1"	"Blood endothelial"	-0.00982135320480057	0.0948321570999774	0.0131065711180831	-0.00985500203543938	0.000981639151825478	-0.00995518069844689	5	174	1457	TRUE	TRUE	-3.36488306388067e-05	-0.000133827493646316
"IPF/FO23-1-09473"	"IPF"	"N1"	"Blood endothelial"	0.00481934222581772	0.25585916994107	0.575806814332771	-0.00338118092372248	0.0111124560574796	-0.00314433535741822	5	80	181	FALSE	FALSE	-0.00820052314954019	-0.00796367758323594
"SSC/23-105334B1"	"SSc-ILD"	"N1"	"Blood endothelial"	-0.0110498048929852	0.158371067425767	0.100874478629899	-0.0118615650679488	0.0036941869528421	-0.0120120574061829	5	1090	2530	TRUE	TRUE	-0.000811760174963641	-0.000962252513197689
"SSC/FO20-I-08293B1"	"SSc-ILD"	"N1"	"Blood endothelial"	-0.00780827380487024	0.104257627956533	-0.0553808949578558	-0.00767865856246201	0.00134497204203608	-0.0075175778471756	5	42	717	TRUE	TRUE	0.000129615242408239	0.000290695957694646
"SSC/FO21-1-01756B1"	"SSc-ILD"	"N1"	"Blood endothelial"	-0.00874196659241758	0.319157499865655	0.0948090061886777	-0.00995555824397848	0.00810447417538951	-0.00978981247344968	5	216	1155	TRUE	TRUE	-0.0012135916515609	-0.0010478458810321
"HC/NL-55"	"HC"	"N1"	"Perivascular/mesothelial stromal"	-0.00510376899587312	-0.0569498265600232	0.171754174607297	-0.00422944653324715	-0.00394027762980029	-0.00455872828811304	5	420	1238	TRUE	TRUE	0.000874322462625973	0.000545040707760086
"HC/NL-63"	"HC"	"N1"	"Perivascular/mesothelial stromal"	-0.000525567405476587	-0.062911107975957	0.0208624224796043	-0.000543724236162711	0.000526923625701121	-0.000520122108201054	5	60	998	TRUE	TRUE	-1.8156830686123e-05	5.44529727553316e-06
"IPF/FO23-1-03100"	"IPF"	"N1"	"Perivascular/mesothelial stromal"	-0.00371478795774286	-0.00157564794594804	0.0131065711180831	-0.0036835175824172	-0.000912252346647488	-0.00372635733356425	5	174	1457	TRUE	TRUE	3.12703753256641e-05	-1.15693758213921e-05
"IPF/FO23-1-09473"	"IPF"	"N1"	"Perivascular/mesothelial stromal"	-0.00789501724858008	0.0744342324948491	0.575806814332771	-0.00484507688678831	-0.00413294708524116	-0.00502685377457279	5	80	181	TRUE	TRUE	0.00304994036179177	0.00286816347400728
"SSC/23-105334B1"	"SSc-ILD"	"N1"	"Perivascular/mesothelial stromal"	-0.0050895250653254	0.0101939499375878	0.100874478629899	-0.0048899698095992	-0.000908143125044046	-0.00495547301712024	5	1090	2530	TRUE	TRUE	0.000199555255726198	0.000134052048205153
"SSC/FO20-I-08293B1"	"SSc-ILD"	"N1"	"Perivascular/mesothelial stromal"	-0.00755752478196609	0.0215903619014027	-0.0553808949578558	-0.00757825670954526	-0.000215127962217664	-0.00726233240923548	5	42	717	TRUE	TRUE	-2.0731927579171e-05	0.0002951923727306
"SSC/FO21-1-01756B1"	"SSc-ILD"	"N1"	"Perivascular/mesothelial stromal"	-0.00265813964954698	0.00411861425527129	0.0948090061886777	-0.00249521913536269	-0.00108799784354804	-0.00273583995386827	5	216	1155	TRUE	TRUE	0.00016292051418429	-7.77003043212878e-05
"HC/NL-55"	"HC"	"N1"	"Fibroblast"	1.28205429874989e-05	0.305151339542159	0.171754174607297	-0.00154001933894135	0.00699812770570582	-0.00254559290119719	5	420	1238	FALSE	FALSE	-0.00155283988192885	-0.00255841344418469
"HC/NL-63"	"HC"	"N1"	"Fibroblast"	-0.000205726787638694	0.233552097946857	0.0208624224796043	-0.000494736536502739	0.0083872602749341	7.80222817631265e-05	5	60	998	TRUE	FALSE	-0.000289009748864045	0.00028374906940182
"IPF/FO23-1-03100"	"IPF"	"N1"	"Fibroblast"	0.00148936523593766	0.0746579813211696	0.0131065711180831	0.00146605174614175	0.000680125695755316	0.00150513199549233	5	174	1457	TRUE	TRUE	-2.33134897959107e-05	1.57667595546667e-05
"IPF/FO23-1-09473"	"IPF"	"N1"	"Fibroblast"	0.00140180265865748	0.0277927042991284	0.575806814332771	-0.00238432684418498	0.00513055044916556	-0.000767217016638588	5	80	181	FALSE	FALSE	-0.00378612950284246	-0.00216901967529607
"SSC/23-105334B1"	"SSc-ILD"	"N1"	"Fibroblast"	0.00172921081051095	0.0898473738677997	0.100874478629899	0.00110937423403312	0.0028207742438523	0.00117565777689885	5	1090	2530	TRUE	TRUE	-0.000619836576477827	-0.000553553033612098
"SSC/FO20-I-08293B1"	"SSc-ILD"	"N1"	"Fibroblast"	-0.00260125325905738	0.0824425107108765	-0.0553808949578558	-0.00245472489432698	0.00152047359759649	-0.00266385902431199	5	42	717	TRUE	TRUE	0.000146528364730405	-6.26057652546056e-05
"SSC/FO21-1-01756B1"	"SSc-ILD"	"N1"	"Fibroblast"	-0.00137758788262068	0.208522780506736	0.0948090061886777	-0.00259067621062812	0.0081011129354405	-0.0019309738175463	5	216	1155	TRUE	TRUE	-0.00121308832800743	-0.000553385934925615
"HC/NL-55"	"HC"	"N1"	"Lymphatic endothelial"	-0.0173595685071096	0.254160475594195	0.171754174607297	-0.0180636353138301	0.00317299258224858	-0.0195500930829618	5	420	1238	TRUE	TRUE	-0.000704066806720454	-0.0021905245758522
"HC/NL-63"	"HC"	"N1"	"Lymphatic endothelial"	-0.0172230517857611	0.18323857211225	0.0208624224796043	-0.0172418384311362	0.000545201278067162	-0.016999844627631	5	60	998	TRUE	TRUE	-1.87866453750865e-05	0.000223207158130161
"IPF/FO23-1-03100"	"IPF"	"N1"	"Lymphatic endothelial"	-0.022572287479907	0.0274500577276288	0.0131065711180831	-0.0225755007603744	9.37412044742662e-05	-0.0226491732200486	5	174	1457	TRUE	TRUE	-3.21328046747754e-06	-7.68857401416481e-05
"IPF/FO23-1-09473"	"IPF"	"N1"	"Lymphatic endothelial"	-0.0221658741240318	0.112213457064482	0.575806814332771	-0.0192011718970377	-0.00401744164612618	-0.0211551434510563	5	80	181	TRUE	TRUE	0.00296470222699417	0.00101073067297555
"SSC/23-105334B1"	"SSc-ILD"	"N1"	"Lymphatic endothelial"	-0.0205287696940342	0.108640616123524	0.100874478629899	-0.0204470226342683	-0.000372017414667291	-0.020942984775882	5	1090	2530	TRUE	TRUE	8.17470597659145e-05	-0.000414215081847767
"SSC/FO20-I-08293B1"	"SSc-ILD"	"N1"	"Lymphatic endothelial"	-0.0253531123765283	0.325543546004004	-0.0553808949578558	-0.0250261472998506	0.00339280225600044	-0.024671684824292	5	42	717	TRUE	TRUE	0.000326965076677722	0.000681427552236314
"SSC/FO21-1-01756B1"	"SSc-ILD"	"N1"	"Lymphatic endothelial"	-0.0223707202760539	0.180640366996236	0.0948090061886777	-0.0225414773942459	0.00114033138977974	-0.0227012182965049	5	216	1155	TRUE	TRUE	-0.00017075711819203	-0.000330498020451084
"HC/NL-55"	"HC"	"N1"	"Plasma"	-0.000391071137740103	0.016120698778447	0.171754174607297	-0.000346700157581833	-0.00019996510212577	-0.000323627458509543	5	420	1238	TRUE	TRUE	4.43709801582708e-05	6.74436792305606e-05
"HC/NL-63"	"HC"	"N1"	"Plasma"	7.19229716467733e-05	0.132938472532805	0.0208624224796043	6.53292373541416e-05	0.000191354671991228	5.27790838415738e-05	5	60	998	TRUE	TRUE	-6.59373429263175e-06	-1.91438878051996e-05
"IPF/FO23-1-03100"	"IPF"	"N1"	"Plasma"	-0.000188360561193261	0.0564723209679873	0.0131065711180831	-0.000185465052717387	-8.44708250010398e-05	-0.000181287436662186	5	174	1457	TRUE	TRUE	2.89550847587487e-06	7.07312453107566e-06
"IPF/FO23-1-09473"	"IPF"	"N1"	"Plasma"	-0.000556635315395762	-0.0981273593867209	0.575806814332771	-0.000246332073952582	-0.000420489165404565	-0.000275900401393097	5	80	181	TRUE	TRUE	0.000310303241443181	0.000280734914002665
"SSC/23-105334B1"	"SSc-ILD"	"N1"	"Plasma"	-2.7800093805483e-05	0.138987610426469	0.100874478629899	-1.14851524388903e-05	-7.42466129673949e-05	-7.30333666483511e-06	5	1090	2530	TRUE	TRUE	1.63149413665928e-05	2.04967571406479e-05
"SSC/FO20-I-08293B1"	"SSc-ILD"	"N1"	"Plasma"	-0.000423898743160851	0.225887199472577	-0.0553808949578558	-0.000419703921324079	4.35281992068188e-05	-0.000416263340488469	5	42	717	TRUE	TRUE	4.19482183677139e-06	7.63540267238158e-06
"SSC/FO21-1-01756B1"	"SSc-ILD"	"N1"	"Plasma"	-0.000159994311917912	0.11129147701529	0.0948090061886777	-0.000170153743801796	6.78455996575991e-05	-0.000146962293298635	5	216	1155	TRUE	TRUE	-1.01594318838834e-05	1.30320186192774e-05
"HC/NL-55"	"HC"	"N1"	"Basal-like epithelial"	-0.00772593585875403	-0.283439642558857	0.171754174607297	-0.00539198274862722	-0.0105183426275129	-0.00496911923668266	5	420	1238	TRUE	TRUE	0.0023339531101268	0.00275681662207137
"HC/NL-63"	"HC"	"N1"	"Basal-like epithelial"	-0.00578306936848105	-0.281719015901204	0.0208624224796043	-0.00551766235845768	-0.00770229267562224	-0.00613591704919408	5	60	998	TRUE	TRUE	0.000265407010023375	-0.000352847680713025
"IPF/FO23-1-03100"	"IPF"	"N1"	"Basal-like epithelial"	-0.00704802449756935	2.80973304178503e-06	0.0131065711180831	-0.00699678785542551	-0.00149472932586069	-0.00697290562761999	5	174	1457	TRUE	TRUE	5.12366421438412e-05	7.51188699493564e-05
"IPF/FO23-1-09473"	"IPF"	"N1"	"Basal-like epithelial"	-0.00863045349074581	-0.259197470966974	0.575806814332771	-0.00328390522130146	-0.00724506005531216	-0.00423817291910745	5	80	181	TRUE	TRUE	0.00534654826944435	0.00439228057163836
"SSC/23-105334B1"	"SSc-ILD"	"N1"	"Basal-like epithelial"	-0.00881768772742304	0.0167451050423601	0.100874478629899	-0.00828716549935574	-0.00241431934402122	-0.00842379978927929	5	1090	2530	TRUE	TRUE	0.000530522228067296	0.000393887938143753
"SSC/FO20-I-08293B1"	"SSc-ILD"	"N1"	"Basal-like epithelial"	-0.00425635068172459	-0.225737458748999	-0.0553808949578558	-0.00468736018980986	-0.00447243493478169	-0.00462141936211448	5	42	717	TRUE	TRUE	-0.000431009508085277	-0.000365068680389892
"SSC/FO21-1-01756B1"	"SSc-ILD"	"N1"	"Basal-like epithelial"	-0.00824864059234936	-0.237876822573642	0.0948090061886777	-0.00709368416753814	-0.00771290285867124	-0.00748562844846174	5	216	1155	TRUE	TRUE	0.00115495642481122	0.00076301214388762
"HC/NL-55"	"HC"	"N1"	"Myofibroblast"	-0.000529532598980736	-0.189358991355005	0.171754174607297	0.000223006942499087	-0.00339144291446622	0.00038366322778304	5	420	1238	FALSE	FALSE	0.000752539541479822	0.000913195826763776
"HC/NL-63"	"HC"	"N1"	"Myofibroblast"	0.000974298987445821	-0.161805262474792	0.0208624224796043	0.00104557832108967	-0.0020685749385441	0.000825454155804786	5	60	998	TRUE	TRUE	7.12793336438487e-05	-0.000148844831641035
"IPF/FO23-1-03100"	"IPF"	"N1"	"Myofibroblast"	-0.000786131236845185	0.0291548581483111	0.0131065711180831	-0.000783864642527037	-6.61234783439998e-05	-0.000772816580647736	5	174	1457	TRUE	TRUE	2.26659431814766e-06	1.33146561974489e-05
"IPF/FO23-1-09473"	"IPF"	"N1"	"Myofibroblast"	-0.00166628095813977	-0.149057201139912	0.575806814332771	8.95733113693138e-05	-0.0023793425196723	-0.000161979332609858	5	80	181	FALSE	TRUE	0.00175585426950908	0.00150430162552991
"SSC/23-105334B1"	"SSc-ILD"	"N1"	"Myofibroblast"	-0.00112815200304766	-0.0339998144674941	0.100874478629899	-0.000802275323752201	-0.00148301113311452	-0.000779622689344935	5	1090	2530	TRUE	TRUE	0.000325876679295462	0.000348529313702728
"SSC/FO20-I-08293B1"	"SSc-ILD"	"N1"	"Myofibroblast"	0.000297715578693333	-0.0671891531498951	-0.0553808949578558	0.000110078986605949	-0.00194703929670346	0.0003263885179818	5	42	717	TRUE	TRUE	-0.000187636592087385	2.86729392884669e-05
"SSC/FO21-1-01756B1"	"SSc-ILD"	"N1"	"Myofibroblast"	-0.0023755367882172	-0.0333630971034302	0.0948090061886777	-0.00224172790928877	-0.000893587725589941	-0.00221853780479414	5	216	1155	TRUE	TRUE	0.000133808878928433	0.000156998983423059
"HC/NL-55"	"HC"	"N2"	"Alveolar/resident macrophage"	-0.00285188856361899	-0.198573530926534	0.520072981821333	-0.000963864866118562	-0.00280999558242579	-0.00135992900653735	5	278	1032	TRUE	TRUE	0.00188802369750043	0.00149195955708164
"HC/NL-63"	"HC"	"N2"	"Alveolar/resident macrophage"	-0.00071524482339419	0.0835008285035126	0.267547012368944	-0.000849395420243336	0.000303574205600163	-0.000814059073458536	5	228	574	TRUE	TRUE	-0.000134150596849146	-9.88142500643458e-05
"IPF/FO23-1-03100"	"IPF"	"N2"	"Alveolar/resident macrophage"	0.00024191578389122	-0.069314815918267	0.0545543051653734	0.000371602799314988	-0.000908946769775888	0.000423987445105845	5	265	1263	TRUE	TRUE	0.000129687015423768	0.000182071661214625
"IPF/FO23-1-09473"	"IPF"	"N2"	"Alveolar/resident macrophage"	-0.00148721476868647	0.151554024047104	-0.424203640854559	-0.00109787114163461	0.000716149967572806	-0.000902918641006796	5	20	418	TRUE	TRUE	0.000389343627051865	0.000584296127679678
"SSC/23-105334B1"	"SSc-ILD"	"N2"	"Alveolar/resident macrophage"	-1.63630082974462e-05	0.148293264606773	-0.0223942178855419	-1.27262872431053e-05	7.45498070442641e-05	1.01214572138072e-05	5	501	3553	TRUE	FALSE	3.63672105434086e-06	2.64844655112534e-05
"SSC/FO20-I-08293B1"	"SSc-ILD"	"N2"	"Alveolar/resident macrophage"	-0.000484158042515753	-0.00310356666545859	0.232025570967035	-6.73980280888848e-05	-0.0010322082939059	-0.000124910766679727	5	156	454	TRUE	TRUE	0.000416760014426868	0.000359247275836026
"SSC/FO21-1-01756B1"	"SSc-ILD"	"N2"	"Alveolar/resident macrophage"	-0.00115539709570049	-0.0299219807706961	0.0248434127479502	-0.00112704823490661	-0.000722480638845849	-0.00110071243062185	5	256	1116	TRUE	TRUE	2.83488607938759e-05	5.46846650786386e-05
"HC/NL-55"	"HC"	"N2"	"Inflammatory monocyte/macrophage"	-0.00252913961628706	-0.190233814536071	0.520072981821333	-0.000598308858308356	-0.00287370646222043	-0.000805892819853706	5	278	1032	TRUE	TRUE	0.0019308307579787	0.00172324679643335
"HC/NL-63"	"HC"	"N2"	"Inflammatory monocyte/macrophage"	-0.00102209272170839	-0.0296416908600861	0.267547012368944	-0.000354625593817922	-0.00151043534559516	-0.000367893293692951	5	228	574	TRUE	TRUE	0.000667467127890471	0.000654199428015443
"IPF/FO23-1-03100"	"IPF"	"N2"	"Inflammatory monocyte/macrophage"	-0.00121870456536363	-0.0466565517537788	0.0545543051653734	-0.00113371411619914	-0.000595678711376374	-0.00114463542953194	5	265	1263	TRUE	TRUE	8.49904491644882e-05	7.40691358316905e-05
"IPF/FO23-1-09473"	"IPF"	"N2"	"Inflammatory monocyte/macrophage"	-0.000796341612900407	-0.0450236169581788	-0.424203640854559	-0.0013536329676136	-0.00102506926497936	-0.00134191886153453	5	20	418	TRUE	TRUE	-0.000557291354713189	-0.000545577248634126
"SSC/23-105334B1"	"SSc-ILD"	"N2"	"Inflammatory monocyte/macrophage"	-0.000287236653059596	0.156312980383514	-0.0223942178855419	-0.000294103457377502	-0.000140763871977017	-0.000299059602082565	5	501	3553	TRUE	TRUE	-6.86680431790672e-06	-1.18229490229691e-05
"SSC/FO20-I-08293B1"	"SSc-ILD"	"N2"	"Inflammatory monocyte/macrophage"	-0.00140826736467137	-0.0925600040557577	0.232025570967035	-0.000759416329969199	-0.00160703857458598	-0.000729800436740493	5	156	454	TRUE	TRUE	0.000648851034702175	0.000678466927930881
"SSC/FO21-1-01756B1"	"SSc-ILD"	"N2"	"Inflammatory monocyte/macrophage"	-0.00114644365394521	-0.0576906930404122	0.0248434127479502	-0.00107360687531986	-0.00185627079463323	-0.00104912926159789	5	256	1116	TRUE	TRUE	7.28367786253516e-05	9.73143923473192e-05
"HC/NL-55"	"HC"	"N2"	"Dendritic cell"	-0.00431653772502841	-0.210800517397417	0.520072981821333	-0.0026402011885004	-0.00249493598440463	-0.00285097212523602	5	278	1032	TRUE	TRUE	0.00167633653652801	0.0014655655997924
"HC/NL-63"	"HC"	"N2"	"Dendritic cell"	-0.00402882001906357	-0.0263589246758153	0.267547012368944	-0.00307539268989258	-0.00215754495953621	-0.00337923344724676	5	228	574	TRUE	TRUE	0.000953427329170985	0.000649586571816802
"IPF/FO23-1-03100"	"IPF"	"N2"	"Dendritic cell"	-0.0024241585149607	0.0824295438047491	0.0545543051653734	-0.00246163271368069	0.000262648128382909	-0.00251131517904267	5	265	1263	TRUE	TRUE	-3.74741987199884e-05	-8.71566640819671e-05
"IPF/FO23-1-09473"	"IPF"	"N2"	"Dendritic cell"	-0.0029997249478025	0.0481657143342553	-0.424203640854559	-0.00253889196419489	0.000847645892565576	-0.00268909056478053	5	20	418	TRUE	TRUE	0.000460832983607604	0.000310634383021969
"SSC/23-105334B1"	"SSc-ILD"	"N2"	"Dendritic cell"	-0.000988492343970148	0.0935671169331858	-0.0223942178855419	-0.00102771399513074	-0.000804011768374641	-0.000974563097946526	5	501	3553	TRUE	TRUE	-3.92216511605904e-05	1.39292460236216e-05
"SSC/FO20-I-08293B1"	"SSc-ILD"	"N2"	"Dendritic cell"	-0.00174725192727851	-0.00309705619982307	0.232025570967035	-0.00152698888094795	-0.000545535405012579	-0.00156594932970638	5	156	454	TRUE	TRUE	0.000220263046330557	0.000181302597572132
"SSC/FO21-1-01756B1"	"SSc-ILD"	"N2"	"Dendritic cell"	-0.00238790981562481	-0.0346121187656777	0.0248434127479502	-0.00233788660293782	-0.00127485908241815	-0.00234184908970396	5	256	1116	TRUE	TRUE	5.00232126869841e-05	4.60607259208518e-05
"HC/NL-55"	"HC"	"N2"	"T"	-0.00751460539342146	-0.106131275911937	0.520072981821333	-0.00499082903474314	-0.00375620307536694	-0.00591425089969347	5	278	1032	TRUE	TRUE	0.00252377635867832	0.00160035449372799
"HC/NL-63"	"HC"	"N2"	"T"	-0.00793698468152312	0.00460801250975749	0.267547012368944	-0.00734479389491394	-0.0013400898082533	-0.00751478822801717	5	228	574	TRUE	TRUE	0.00059219078660918	0.00042219645350595
"IPF/FO23-1-03100"	"IPF"	"N2"	"T"	-0.00797126876474138	0.0166553170332014	0.0545543051653734	-0.0077548116372531	-0.00151709873330299	-0.00780696395435921	5	265	1263	TRUE	TRUE	0.000216457127488278	0.000164304810382165
"IPF/FO23-1-09473"	"IPF"	"N2"	"T"	0.000462836362514166	-0.121230039681021	-0.424203640854559	-0.000852670369406074	-0.00241971368721289	-0.00201412951167553	5	20	418	FALSE	FALSE	-0.00131550673192024	-0.00247696587418969
"SSC/23-105334B1"	"SSc-ILD"	"N2"	"T"	-0.00373821484360924	0.110386702387618	-0.0223942178855419	-0.00381448154567373	-0.00156340501179008	-0.00374800569828	5	501	3553	TRUE	TRUE	-7.62667020644888e-05	-9.79085467075905e-06
"SSC/FO20-I-08293B1"	"SSc-ILD"	"N2"	"T"	-0.00705127819465888	-0.0178259952829201	0.232025570967035	-0.00604238950131061	-0.00249876005579396	-0.00660537140588435	5	156	454	TRUE	TRUE	0.00100888869334827	0.000445906788774528
"SSC/FO21-1-01756B1"	"SSc-ILD"	"N2"	"T"	-0.00592569970655127	-0.0631393406299014	0.0248434127479502	-0.00579171697908565	-0.00341459670064615	-0.00575078014942408	5	256	1116	TRUE	TRUE	0.000133982727465619	0.000174919557127193
"HC/NL-55"	"HC"	"N2"	"NK"	-0.00413529984021648	-0.125108459067094	0.520072981821333	-0.00196510424429381	-0.0032299594785893	-0.00258554313503245	5	278	1032	TRUE	TRUE	0.00217019559592267	0.00154975670518403
"HC/NL-63"	"HC"	"N2"	"NK"	-0.00304365371652374	-0.00969753399715728	0.267547012368944	-0.0021553607605489	-0.00201015004617224	-0.00240702939764198	5	228	574	TRUE	TRUE	0.000888292955974844	0.000636624318881759
"IPF/FO23-1-03100"	"IPF"	"N2"	"NK"	-0.00409534911401725	0.00404871284051961	0.0545543051653734	-0.00389708254543569	-0.00138960524673829	-0.00399166457293518	5	265	1263	TRUE	TRUE	0.000198266568581558	0.000103684541082069
"IPF/FO23-1-09473"	"IPF"	"N2"	"NK"	-7.73039500684691e-05	-0.155798802564982	-0.424203640854559	-0.00167112545632543	-0.0029316396640819	-0.000983331049164377	5	20	418	TRUE	TRUE	-0.00159382150625696	-0.000906027099095908
"SSC/23-105334B1"	"SSc-ILD"	"N2"	"NK"	-0.00151223464554541	0.0523047051259911	-0.0223942178855419	-0.00157511559164464	-0.00128900796306048	-0.00154305848868532	5	501	3553	TRUE	TRUE	-6.28809460992269e-05	-3.08238431399048e-05
"SSC/FO20-I-08293B1"	"SSc-ILD"	"N2"	"NK"	-0.00332564482380813	-0.0520228116860022	0.232025570967035	-0.00237575235902708	-0.00235264143997597	-0.00260127781668346	5	156	454	TRUE	TRUE	0.000949892464781053	0.000724367007124664
"SSC/FO21-1-01756B1"	"SSc-ILD"	"N2"	"NK"	-0.00240870358743881	-0.038768161437824	0.0248434127479502	-0.00231480271376488	-0.00239309662894344	-0.00230986370258795	5	256	1116	TRUE	TRUE	9.39008736739314e-05	9.88398848508656e-05
"HC/NL-55"	"HC"	"N2"	"Mast/Basophil"	-0.00538915047964562	-0.223337731339596	0.520072981821333	-0.00269363937983608	-0.00401180043072155	-0.00335926387687432	5	278	1032	TRUE	TRUE	0.00269551109980954	0.0020298866027713
"HC/NL-63"	"HC"	"N2"	"Mast/Basophil"	-0.00573800000261555	-0.0672308686230667	0.267547012368944	-0.00464851391803027	-0.00246543720571295	-0.00495779144509169	5	228	574	TRUE	TRUE	0.00108948608458529	0.000780208557523867
"IPF/FO23-1-03100"	"IPF"	"N2"	"Mast/Basophil"	-0.00307797092673716	-0.0172248652609717	0.0545543051653734	-0.00298213219628427	-0.000671711845475732	-0.00296832155936996	5	265	1263	TRUE	TRUE	9.58387304528935e-05	0.000109649367367202
"IPF/FO23-1-09473"	"IPF"	"N2"	"Mast/Basophil"	0.00209248753516826	-0.226915538530988	-0.424203640854559	-0.000275735100856337	-0.00435605579789879	-0.000446828563531066	5	20	418	FALSE	FALSE	-0.0023682226360246	-0.00253931609869933
"SSC/23-105334B1"	"SSc-ILD"	"N2"	"Mast/Basophil"	-0.00293997112519449	-0.0197235402621394	-0.0223942178855419	-0.00303302375839224	-0.00190750287036582	-0.0030603252686744	5	501	3553	TRUE	TRUE	-9.30526331977518e-05	-0.000120354143479913
"SSC/FO20-I-08293B1"	"SSc-ILD"	"N2"	"Mast/Basophil"	-0.00475981521758601	-0.117498831541489	0.232025570967035	-0.00376597343039121	-0.00246149270578045	-0.00386317582270142	5	156	454	TRUE	TRUE	0.000993841787194803	0.000896639394884591
"SSC/FO21-1-01756B1"	"SSc-ILD"	"N2"	"Mast/Basophil"	-0.00367219516506362	-0.125111826129121	0.0248434127479502	-0.00350752364570868	-0.0041967113023903	-0.00348144884973013	5	256	1116	TRUE	TRUE	0.000164671519354937	0.000190746315333497
"HC/NL-55"	"HC"	"N2"	"B"	0.0410601332803845	-0.174191835526337	0.520072981821333	0.0380804591997785	0.00443472770742175	0.0418335975334976	5	278	1032	TRUE	TRUE	-0.002979674080606	0.000773464253113074
"HC/NL-63"	"HC"	"N2"	"B"	0.0404454550681797	-0.188909918059493	0.267547012368944	0.0403325570991621	0.000255480870479044	0.0417857237376217	5	228	574	TRUE	TRUE	-0.000112897969017589	0.00134026866944195
"IPF/FO23-1-03100"	"IPF"	"N2"	"B"	0.049505127865286	-0.0742844703154724	0.0545543051653734	0.0494993583480385	4.0437233043003e-05	0.0498135317585086	5	265	1263	TRUE	TRUE	-5.76951724749059e-06	0.000308403893222578
"IPF/FO23-1-09473"	"IPF"	"N2"	"B"	0.0425953033991638	-0.131666427197921	-0.424203640854559	0.041797458633606	-0.0014675378336321	0.0410620355928853	5	20	418	TRUE	TRUE	-0.000797844765557783	-0.00153326780627849
"SSC/23-105334B1"	"SSc-ILD"	"N2"	"B"	0.0661577878493266	-0.105206681740771	-0.0223942178855419	0.0662246614045893	0.00137085318524576	0.0653402423745037	5	501	3553	TRUE	TRUE	6.6873555262692e-05	-0.000817545474822837
"SSC/FO20-I-08293B1"	"SSc-ILD"	"N2"	"B"	0.040888972554794	-0.105166367829214	0.232025570967035	0.0399055749098196	0.00243562522845659	0.0416881759977087	5	156	454	TRUE	TRUE	-0.000983397644974383	0.000799203442914724
"SSC/FO21-1-01756B1"	"SSc-ILD"	"N2"	"B"	0.0484861222239934	-0.0976978123260654	0.0248434127479502	0.0484311018403707	0.00140221373261846	0.0486531884838497	5	256	1116	TRUE	TRUE	-5.5020383622699e-05	0.000167066259856373
"HC/NL-55"	"HC"	"N2"	"Ciliated epithelial"	0.0414611577005159	0.51914878109272	0.520072981821333	0.0318199076293826	0.0143493273653372	0.0297404472868628	5	278	1032	TRUE	TRUE	-0.00964125007113328	-0.0117207104136531
"HC/NL-63"	"HC"	"N2"	"Ciliated epithelial"	0.00921678540315006	-0.0599073278979618	0.267547012368944	0.00871148317349457	0.00114346657084258	0.00896589221014615	5	228	574	TRUE	TRUE	-0.000505302229655492	-0.00025089319300391
"IPF/FO23-1-03100"	"IPF"	"N2"	"Ciliated epithelial"	0.00609309346774377	0.00482229578087259	0.0545543051653734	0.00594945027638538	0.00100676242998338	0.00601940325661604	5	265	1263	TRUE	TRUE	-0.000143643191358385	-7.36902111277303e-05
"IPF/FO23-1-09473"	"IPF"	"N2"	"Ciliated epithelial"	0.0107207513760195	-0.0522382226393399	-0.424203640854559	0.00892315227905551	-0.00330646361094311	0.010037780923593	5	20	418	TRUE	TRUE	-0.001797599096964	-0.000682970452426471
"SSC/23-105334B1"	"SSc-ILD"	"N2"	"Ciliated epithelial"	0.00923656492489092	-0.127583476763686	-0.0223942178855419	0.0091380696455585	-0.00201907266444089	0.00886703565501856	5	501	3553	TRUE	TRUE	-9.84952793324154e-05	-0.000369529269872359
"SSC/FO20-I-08293B1"	"SSc-ILD"	"N2"	"Ciliated epithelial"	0.00501253572696118	-0.0290150096644938	0.232025570967035	0.0057725315911464	-0.00188231597847625	0.00548572529476502	5	156	454	TRUE	TRUE	0.000759995864185219	0.000473189567803839
"SSC/FO21-1-01756B1"	"SSc-ILD"	"N2"	"Ciliated epithelial"	0.00628088834609239	-0.1507142053502	0.0248434127479502	0.00642296596859701	-0.00362089793375974	0.00646931738808891	5	256	1116	TRUE	TRUE	0.000142077622504623	0.000188429041996519
"HC/NL-55"	"HC"	"N2"	"AT2/alveolar transitional"	-0.00595827310857871	-0.466793564576518	0.520072981821333	-0.000796780939581441	-0.00768198524881325	-0.00190070960442581	5	278	1032	TRUE	TRUE	0.00516149216899727	0.0040575635041529
"HC/NL-63"	"HC"	"N2"	"AT2/alveolar transitional"	-0.0055617822184653	-0.114107637193493	0.267547012368944	-0.00455978676406395	-0.00226745151515835	-0.00472277193884776	5	228	574	TRUE	TRUE	0.00100199545440135	0.000839010279617541
"IPF/FO23-1-03100"	"IPF"	"N2"	"AT2/alveolar transitional"	-0.00234199319161965	0.00530042477208661	0.0545543051653734	-0.00224627240442422	-0.000670885208031748	-0.00229985958195957	5	265	1263	TRUE	TRUE	9.57207871954326e-05	4.21336096600835e-05
"IPF/FO23-1-09473"	"IPF"	"N2"	"AT2/alveolar transitional"	-0.00901592612675645	0.160109984799245	-0.424203640854559	-0.00499579206478066	0.00739454476222569	-0.00657750670051166	5	20	418	TRUE	TRUE	0.00402013406197578	0.00243841942624479
"SSC/23-105334B1"	"SSc-ILD"	"N2"	"AT2/alveolar transitional"	-0.00463537577313012	0.0845477286959566	-0.0223942178855419	-0.00459328400016518	0.000862846917812259	-0.0043962887359953	5	501	3553	TRUE	TRUE	4.20917729649414e-05	0.000239087037134819
"SSC/FO20-I-08293B1"	"SSc-ILD"	"N2"	"AT2/alveolar transitional"	-0.00353420872349105	-0.128452224463269	0.232025570967035	-0.00271171730800134	-0.00203710152448863	-0.0029144629744263	5	156	454	TRUE	TRUE	0.000822491415489712	0.000619745749064751
"SSC/FO21-1-01756B1"	"SSc-ILD"	"N2"	"AT2/alveolar transitional"	-0.00261949342353174	0.105491090832088	0.0248434127479502	-0.00266360578680678	0.00112421901648337	-0.00268107765405529	5	256	1116	TRUE	TRUE	-4.41123632750383e-05	-6.15842305235564e-05
"HC/NL-55"	"HC"	"N2"	"Secretory/other airway epithelial"	-0.000239847480499116	0.0730658601531732	0.520072981821333	0.000146118055991256	-0.000574442711679159	-0.000119425887367288	5	278	1032	FALSE	TRUE	0.000385965536490372	0.000120421593131828
"HC/NL-63"	"HC"	"N2"	"Secretory/other airway epithelial"	-0.00129538566673771	0.0970557162149986	0.267547012368944	-0.000805373913604753	-0.00110886520213865	-0.00101966204119726	5	228	574	TRUE	TRUE	0.000490011753132962	0.000275723625540454
"IPF/FO23-1-03100"	"IPF"	"N2"	"Secretory/other airway epithelial"	1.18065647752297e-05	0.0907467433733575	0.0545543051653734	1.39210349839229e-05	-1.48198403648599e-05	-1.75867877656263e-05	5	265	1263	TRUE	FALSE	2.11447020869321e-06	-2.9393352540856e-05
"IPF/FO23-1-09473"	"IPF"	"N2"	"Secretory/other airway epithelial"	0.00407807807180659	0.0722667218505283	-0.424203640854559	0.00325513355798068	-0.00151370574973387	0.00654445533071675	5	20	418	TRUE	TRUE	-0.000822944513825916	0.00246637725891016
"SSC/23-105334B1"	"SSc-ILD"	"N2"	"Secretory/other airway epithelial"	-0.000250151599751202	0.107986988313643	-0.0223942178855419	-0.000274088601054266	-0.00049068894801037	-0.0002760664067536	5	501	3553	TRUE	TRUE	-2.39370013030632e-05	-2.59148070023973e-05
"SSC/FO20-I-08293B1"	"SSc-ILD"	"N2"	"Secretory/other airway epithelial"	-0.00105694037557879	0.0248510446517964	0.232025570967035	-0.000887456262301741	-0.000419768935007856	-0.000805930032703836	5	156	454	TRUE	TRUE	0.000169484113277045	0.00025101034287495
"SSC/FO21-1-01756B1"	"SSc-ILD"	"N2"	"Secretory/other airway epithelial"	-0.00115409548330597	0.0636458033203107	0.0248434127479502	-0.00111714806921678	-0.000941617778895502	-0.0011581026983823	5	256	1116	TRUE	TRUE	3.69474140891847e-05	-4.00721507633466e-06
"HC/NL-55"	"HC"	"N2"	"AT1"	-0.0141686568052245	0.195285455322899	0.520072981821333	-0.0251581149435363	0.0163559010741219	-0.0203434978881016	5	278	1032	TRUE	TRUE	-0.0109894581383118	-0.00617484108287712
"HC/NL-63"	"HC"	"N2"	"AT1"	0.015069703295182	0.0421607645337234	0.267547012368944	0.012063498128536	0.00680284968364399	0.0136317616544956	5	228	574	TRUE	TRUE	-0.00300620516664607	-0.00143794164068641
"IPF/FO23-1-03100"	"IPF"	"N2"	"AT1"	0.00714839767346959	0.0869222604697867	0.0545543051653734	0.00651305488455085	0.00445297298113935	0.00681495434109004	5	265	1263	TRUE	TRUE	-0.000635342788918738	-0.000333443332379546
"IPF/FO23-1-09473"	"IPF"	"N2"	"AT1"	-0.0305826866926799	0.170885600444421	-0.424203640854559	-0.0212459498200831	0.01717378517064	-0.0274121036822006	5	20	418	TRUE	TRUE	0.00933673687259675	0.0031705830104793
"SSC/23-105334B1"	"SSc-ILD"	"N2"	"AT1"	-0.0217768074907237	0.0304430264447397	-0.0223942178855419	-0.021434684543904	0.00701324057849896	-0.0214997203549026	5	501	3553	TRUE	TRUE	0.000342122946819651	0.000277087135821023
"SSC/FO20-I-08293B1"	"SSc-ILD"	"N2"	"AT1"	0.0156244736070786	0.187269933383406	0.232025570967035	0.011977745490946	0.00903201573276513	0.0129366636476605	5	156	454	TRUE	TRUE	-0.00364672811613262	-0.00268780995941808
"SSC/FO21-1-01756B1"	"SSc-ILD"	"N2"	"AT1"	-0.000638883950609875	0.0610892234282794	0.0248434127479502	-0.000989167244607892	0.00892709233944316	-0.000863759677636905	5	256	1116	TRUE	TRUE	-0.000350283293998017	-0.00022487572702703
"HC/NL-55"	"HC"	"N2"	"Blood endothelial"	-0.0130345325127187	-0.0787159335882716	0.520072981821333	-0.0124268417979068	-0.000904442156295169	-0.0128505817039971	5	278	1032	TRUE	TRUE	0.000607690714811987	0.000183950808721644
"HC/NL-63"	"HC"	"N2"	"Blood endothelial"	-0.0103245474729757	0.128875511676169	0.267547012368944	-0.0112408178495235	0.00207346115640704	-0.0115407865985777	5	228	574	TRUE	TRUE	-0.000916270376547831	-0.00121623912560206
"IPF/FO23-1-03100"	"IPF"	"N2"	"Blood endothelial"	-0.0128398041114473	0.0647012381706432	0.0545543051653734	-0.0130173861261992	0.0012446319174778	-0.0130969464373601	5	265	1263	TRUE	TRUE	-0.00017758201475194	-0.000257142325912802
"IPF/FO23-1-09473"	"IPF"	"N2"	"Blood endothelial"	-0.0171287765892678	0.194072386890157	-0.424203640854559	-0.0118233400157548	0.00975870148139063	-0.0155472037899128	5	20	418	TRUE	TRUE	0.00530543657351298	0.00158157279935498
"SSC/23-105334B1"	"SSc-ILD"	"N2"	"Blood endothelial"	-0.0200521306992647	0.145396960824563	-0.0223942178855419	-0.0199049355370828	0.00301738042995229	-0.0196578079712457	5	501	3553	TRUE	TRUE	0.000147195162181899	0.000394322728019061
"SSC/FO20-I-08293B1"	"SSc-ILD"	"N2"	"Blood endothelial"	-0.00612822483898258	0.225142059470737	0.232025570967035	-0.00693169086829315	0.00198998049384972	-0.00750260337847645	5	156	454	TRUE	TRUE	-0.00080346602931057	-0.00137437853949387
"SSC/FO21-1-01756B1"	"SSc-ILD"	"N2"	"Blood endothelial"	-0.0176251585124105	0.176907427062452	0.0248434127479502	-0.0179395192938292	0.00801159453422708	-0.0179751685898645	5	256	1116	TRUE	TRUE	-0.000314360781418645	-0.000350010077453954
"HC/NL-55"	"HC"	"N2"	"Perivascular/mesothelial stromal"	-0.00481455391472332	-0.191506478499541	0.520072981821333	-0.00224140887846855	-0.00382967978335786	-0.00283205044942343	5	278	1032	TRUE	TRUE	0.00257314503625478	0.00198250346529989
"HC/NL-63"	"HC"	"N2"	"Perivascular/mesothelial stromal"	-0.00369878873780899	0.0367575668689416	0.267547012368944	-0.00410151701726811	0.000911348293493873	-0.00417471305025084	5	228	574	TRUE	TRUE	-0.000402728279459124	-0.000475924312441854
"IPF/FO23-1-03100"	"IPF"	"N2"	"Perivascular/mesothelial stromal"	-0.00328834497426302	0.0237988302225605	0.0545543051653734	-0.00316667644701483	-0.000852747011443895	-0.00331587623257032	5	265	1263	TRUE	TRUE	0.00012166852724819	-2.75312583072921e-05
"IPF/FO23-1-09473"	"IPF"	"N2"	"Perivascular/mesothelial stromal"	0.00450266100738903	-0.269812086349264	-0.424203640854559	0.00185389220104409	-0.0048720861546788	0.0018947867727257	5	20	418	TRUE	TRUE	-0.00264876880634494	-0.00260787423466334
"SSC/23-105334B1"	"SSc-ILD"	"N2"	"Perivascular/mesothelial stromal"	-0.00230099935934919	-0.00578479065433016	-0.0223942178855419	-0.00235728552344022	-0.00115382032592477	-0.00227792972349301	5	501	3553	TRUE	TRUE	-5.62861640910359e-05	2.30696358561782e-05
"SSC/FO20-I-08293B1"	"SSc-ILD"	"N2"	"Perivascular/mesothelial stromal"	-0.00344595335901659	0.113819924583045	0.232025570967035	-0.00349993142350283	0.000133689902877104	-0.00397420889922346	5	156	454	TRUE	TRUE	-5.39780644862402e-05	-0.000528255540206872
"SSC/FO21-1-01756B1"	"SSc-ILD"	"N2"	"Perivascular/mesothelial stromal"	-0.00495169689893128	-0.0600451196634849	0.0248434127479502	-0.00490819170179779	-0.00110874517486123	-0.00483070238133643	5	256	1116	TRUE	TRUE	4.35051971334937e-05	0.000120994517594851
"HC/NL-55"	"HC"	"N2"	"Fibroblast"	0.00592750124554273	0.0832355913408268	0.520072981821333	0.00140226677706253	0.00673502609247198	0.00267435082343527	5	278	1032	TRUE	TRUE	-0.0045252344684802	-0.00325315042210746
"HC/NL-63"	"HC"	"N2"	"Fibroblast"	0.00723381453016322	0.311615328233225	0.267547012368944	0.0036808688088285	0.00804008852907225	0.00362187691472859	5	228	574	TRUE	TRUE	-0.00355294572133473	-0.00361193761543464
"IPF/FO23-1-03100"	"IPF"	"N2"	"Fibroblast"	0.00142338638196904	0.00694696821478812	0.0545543051653734	0.00132995305624598	0.000654852911279975	0.00140405492798467	5	265	1263	TRUE	TRUE	-9.34333257230613e-05	-1.93314539843642e-05
"IPF/FO23-1-09473"	"IPF"	"N2"	"Fibroblast"	0.0048736941060797	0.26817653119388	-0.424203640854559	0.00770099869780359	0.00520048088885696	0.0101600881379163	5	20	418	TRUE	TRUE	0.0028273045917239	0.00528639403183659
"SSC/23-105334B1"	"SSc-ILD"	"N2"	"Fibroblast"	0.000826804787138175	0.127603322179626	-0.0223942178855419	0.000967248219426463	0.00287897548953188	0.00113067648759987	5	501	3553	TRUE	TRUE	0.000140443432288289	0.000303871700461694
"SSC/FO20-I-08293B1"	"SSc-ILD"	"N2"	"Fibroblast"	0.00387215325343801	-0.00530602281896573	0.232025570967035	0.00336921666347206	0.00124564569896518	0.00369126783990131	5	156	454	TRUE	TRUE	-0.000502936589965954	-0.000180885413536702
"SSC/FO21-1-01756B1"	"SSc-ILD"	"N2"	"Fibroblast"	0.00928700013585235	0.306978210642065	0.0248434127479502	0.0089733650486374	0.00799309996346693	0.00885407839986381	5	256	1116	TRUE	TRUE	-0.000313635087214943	-0.000432921735988542
"HC/NL-55"	"HC"	"N2"	"Lymphatic endothelial"	-0.0103142023611343	0.151930440897417	0.520072981821333	-0.0130863219444075	0.00412581886194932	-0.0134433589376705	5	278	1032	TRUE	TRUE	-0.00277211958327314	-0.00312915657653615
"HC/NL-63"	"HC"	"N2"	"Lymphatic endothelial"	-0.0177717387748962	0.148272545565364	0.267547012368944	-0.0187759175681165	0.00227239227101847	-0.0192370254214371	5	228	574	TRUE	TRUE	-0.00100417879322031	-0.00146528664654087
"IPF/FO23-1-03100"	"IPF"	"N2"	"Lymphatic endothelial"	-0.0205403166102712	0.0429033260593276	0.0545543051653734	-0.0206096410502458	0.000485879219103514	-0.0206988756254044	5	265	1263	TRUE	TRUE	-6.93244399745732e-05	-0.000158559015133172
"IPF/FO23-1-09473"	"IPF"	"N2"	"Lymphatic endothelial"	-0.00714090774252633	0.121586469533923	-0.424203640854559	-0.0115746997917069	-0.00815541802055043	-0.00677651621272538	5	20	418	TRUE	TRUE	-0.00443379204918054	0.00036439152980095
"SSC/23-105334B1"	"SSc-ILD"	"N2"	"Lymphatic endothelial"	-0.0123932724175026	0.0973721672822633	-0.0223942178855419	-0.0124622580493484	-0.00141414902768486	-0.0120478902919834	5	501	3553	TRUE	TRUE	-6.89856318458141e-05	0.000345382125519217
"SSC/FO20-I-08293B1"	"SSc-ILD"	"N2"	"Lymphatic endothelial"	-0.0226150870494171	0.244758245932037	0.232025570967035	-0.024914500191604	0.00569506006890932	-0.0250823948197823	5	156	454	TRUE	TRUE	-0.00229941314218692	-0.00246730777036515
"SSC/FO21-1-01756B1"	"SSc-ILD"	"N2"	"Lymphatic endothelial"	-0.0165340126826419	0.2308191061277	0.0248434127479502	-0.0165647045281387	0.000782192423991457	-0.0169101774058018	5	256	1116	TRUE	TRUE	-3.06918454967935e-05	-0.000376164723159891
"HC/NL-55"	"HC"	"N2"	"Plasma"	-0.000175410580362183	-0.0441253499837612	0.520072981821333	-3.33262838214151e-05	-0.000211467814805614	-6.66606261233269e-05	5	278	1032	TRUE	TRUE	0.000142084296540768	0.000108749954238856
"HC/NL-63"	"HC"	"N2"	"Plasma"	6.73503144541349e-05	0.178503601662041	0.267547012368944	-1.80226996764919e-05	0.000193193661102771	-2.7157928485349e-05	5	228	574	FALSE	FALSE	-8.53730141306268e-05	-9.45082429394839e-05
"IPF/FO23-1-03100"	"IPF"	"N2"	"Plasma"	9.47502698416544e-06	0.0395402753682495	0.0545543051653734	2.16898543170236e-05	-8.56109442513762e-05	1.9272707271291e-05	5	265	1263	TRUE	TRUE	1.22148273328581e-05	9.79768028712552e-06
"IPF/FO23-1-09473"	"IPF"	"N2"	"Plasma"	0.000418740046814175	-0.10349898257349	-0.424203640854559	0.000172420343589727	-0.000453074958006778	9.55021721155873e-05	5	20	418	TRUE	TRUE	-0.000246319703224448	-0.000323237874698588
"SSC/23-105334B1"	"SSc-ILD"	"N2"	"Plasma"	3.26121817238001e-05	0.175788601038537	-0.0223942178855419	2.89716983049394e-05	-7.46269324398318e-05	3.43170543217889e-05	5	501	3553	TRUE	TRUE	-3.64048341886069e-06	1.70487259798886e-06
"SSC/FO20-I-08293B1"	"SSc-ILD"	"N2"	"Plasma"	0.000264714772727521	0.00771147802731922	0.232025570967035	0.000254945890606687	2.41950302290337e-05	0.000293827852390327	5	156	454	TRUE	TRUE	-9.76888212083461e-06	2.91130796628052e-05
"SSC/FO21-1-01756B1"	"SSc-ILD"	"N2"	"Plasma"	0.000347256696579125	0.231226573338597	0.0248434127479502	0.000344813943250202	6.22544235008878e-05	0.000323094376966377	5	256	1116	TRUE	TRUE	-2.44275332892286e-06	-2.41623196127482e-05
"HC/NL-55"	"HC"	"N2"	"Basal-like epithelial"	-0.0101276170360671	-0.350162782624475	0.520072981821333	-0.00318523825718956	-0.0103325258713645	-0.0052095941138591	5	278	1032	TRUE	TRUE	0.00694237877887755	0.00491802292220801
"HC/NL-63"	"HC"	"N2"	"Basal-like epithelial"	-0.00995604263421421	-0.18284747184641	0.267547012368944	-0.00683078351400134	-0.0070722611527438	-0.00753589207781874	5	228	574	TRUE	TRUE	0.00312525912021287	0.00242015055639547
"IPF/FO23-1-03100"	"IPF"	"N2"	"Basal-like epithelial"	-0.00747373638595854	0.0499037336697418	0.0545543051653734	-0.00728072143006647	-0.00135279788884966	-0.00756046714582188	5	265	1263	TRUE	TRUE	0.000193014955892069	-8.67307598633425e-05
"IPF/FO23-1-09473"	"IPF"	"N2"	"Basal-like epithelial"	0.00149021815763724	-0.18291845978649	-0.424203640854559	-0.0028641179536851	-0.00800926854392602	-0.00165184774003371	5	20	418	FALSE	FALSE	-0.00435433611132234	-0.00314206589767095
"SSC/23-105334B1"	"SSc-ILD"	"N2"	"Basal-like epithelial"	-0.00480142203757448	0.0143352001386417	-0.0223942178855419	-0.00493977199256305	-0.00283606091720539	-0.00491158754127101	5	501	3553	TRUE	TRUE	-0.000138349954988571	-0.000110165503696533
"SSC/FO20-I-08293B1"	"SSc-ILD"	"N2"	"Basal-like epithelial"	-0.00792678185055023	-0.057443850506536	0.232025570967035	-0.00635378907118377	-0.00389590204652607	-0.00677557850350986	5	156	454	TRUE	TRUE	0.00157299277936646	0.00115120334704037
"SSC/FO21-1-01756B1"	"SSc-ILD"	"N2"	"Basal-like epithelial"	-0.00464215093433779	-0.206823729005925	0.0248434127479502	-0.00433487623332791	-0.0078310032950304	-0.00433390071372957	5	256	1116	TRUE	TRUE	0.000307274701009878	0.00030825022060822
"HC/NL-55"	"HC"	"N2"	"Myofibroblast"	-0.00287907680891988	-0.311125626662105	0.520072981821333	-0.000668771045503008	-0.00328965650125806	-0.0006066645696002	5	278	1032	TRUE	TRUE	0.00221030576341688	0.00227241223931968
"HC/NL-63"	"HC"	"N2"	"Myofibroblast"	-0.000940027141201723	-0.0793706534114967	0.267547012368944	-2.8105606319559e-05	-0.00206362000634956	-0.000306450575228214	5	228	574	TRUE	TRUE	0.000911921534882164	0.00063357656597351
"IPF/FO23-1-03100"	"IPF"	"N2"	"Myofibroblast"	0.000838444395261498	0.0330236121373507	0.0545543051653734	0.000851040412966714	-8.82826207991242e-05	0.000917308069544329	5	265	1263	TRUE	TRUE	1.25960177052162e-05	7.88636742828308e-05
"IPF/FO23-1-09473"	"IPF"	"N2"	"Myofibroblast"	-0.002005887631903	-0.132817045498789	-0.424203640854559	-0.0034092290670381	-0.00258127487760757	-0.00345125361287572	5	20	418	TRUE	TRUE	-0.0014033414351351	-0.00144536598097272
"SSC/23-105334B1"	"SSc-ILD"	"N2"	"Myofibroblast"	-0.000561097746105913	-0.0264661635369379	-0.0223942178855419	-0.000635478084859273	-0.00152473610681126	-0.000690089847344388	5	501	3553	TRUE	TRUE	-7.43803387533602e-05	-0.000128992101238475
"SSC/FO20-I-08293B1"	"SSc-ILD"	"N2"	"Myofibroblast"	-0.00217923814744318	-0.120760227778021	0.232025570967035	-0.00144301089136894	-0.00182344719649845	-0.00154999644590788	5	156	454	TRUE	TRUE	0.000736227256074237	0.000629241701535299
"SSC/FO21-1-01756B1"	"SSc-ILD"	"N2"	"Myofibroblast"	0.000460573507576511	0.000964130733956873	0.0248434127479502	0.000497551108593261	-0.000942387103307359	0.00048699395570378	5	256	1116	TRUE	TRUE	3.69776010167505e-05	2.64204481272692e-05
"HC/NL-55"	"HC"	"N3"	"Alveolar/resident macrophage"	0.00528016390186012	-0.109840848767524	-0.703279057751345	0.00278773245534197	-0.00274320349485344	0.00206598382091776	5	27	1622	TRUE	TRUE	-0.00249243144651815	-0.00321418008094235
"HC/NL-63"	"HC"	"N3"	"Alveolar/resident macrophage"	0.000725806847570579	0.10968595592305	-0.237762401309809	0.000839834796729656	0.000290362481137141	0.000684409338816316	5	181	688	TRUE	TRUE	0.000114027949159077	-4.1397508754263e-05
"IPF/FO23-1-03100"	"IPF"	"N3"	"Alveolar/resident macrophage"	0.000813193813553709	-0.0201025838068078	-0.0900864107526065	0.000607534052782081	-0.000872893030536363	0.000586750872385205	5	333	1098	TRUE	TRUE	-0.000205659760771628	-0.000226442941168504
"IPF/FO23-1-09473"	"IPF"	"N3"	"Alveolar/resident macrophage"	-0.000916516985181791	0.0947565416354146	-1.08782730603257	0.000192995113597249	0.00079582464510197	-0.000459080908164603	2	20	463	FALSE	TRUE	0.00110951209877904	0.000457436077017188
"SSC/23-105334B1"	"SSc-ILD"	"N3"	"Alveolar/resident macrophage"	0.00142135175719637	0.181223740276875	-0.22201498096987	0.0014888585027149	0.000139584541085805	0.00166653675077922	5	199	3511	TRUE	TRUE	6.75067455185386e-05	0.000245184993582854
"SSC/FO20-I-08293B1"	"SSc-ILD"	"N3"	"Alveolar/resident macrophage"	0.000930371610764582	0.0377848418024477	-0.244454638042401	0.000507421337790326	-0.000994278796697927	0.000645910295437369	5	126	478	TRUE	TRUE	-0.000422950272974256	-0.000284461315327213
"SSC/FO21-1-01756B1"	"SSc-ILD"	"N3"	"Alveolar/resident macrophage"	0.00079411937257219	0.0431239340081784	-0.272583513836922	0.000493731275187913	-0.000697726135598809	0.000686602590335511	5	105	1069	TRUE	TRUE	-0.000300388097384276	-0.000107516782236678
"HC/NL-55"	"HC"	"N3"	"Inflammatory monocyte/macrophage"	0.00414034828169112	-0.022899217427721	-0.703279057751345	0.00155570264642966	-0.00284469566836492	0.00137203868387984	5	27	1622	TRUE	TRUE	-0.00258464563526145	-0.00276830959781128
"HC/NL-63"	"HC"	"N3"	"Inflammatory monocyte/macrophage"	0.000977050596686971	0.00165390103716735	-0.237762401309809	0.000382722998149547	-0.00151340471693298	0.000420415231838248	5	181	688	TRUE	TRUE	-0.000594327598537424	-0.000556635364848723
"IPF/FO23-1-03100"	"IPF"	"N3"	"Inflammatory monocyte/macrophage"	0.000977429950709534	0.0167771294966092	-0.0900864107526065	0.000839964440427839	-0.000583452423623346	0.000862480229584151	5	333	1098	TRUE	TRUE	-0.000137465510281695	-0.000114949721125383
"IPF/FO23-1-09473"	"IPF"	"N3"	"Inflammatory monocyte/macrophage"	0.00281553717301649	-0.0690668769931237	-1.08782730603257	0.00161853019304291	-0.000858582485103453	0.00186952345677539	2	20	463	TRUE	TRUE	-0.00119700697997358	-0.000946013716241098
"SSC/23-105334B1"	"SSc-ILD"	"N3"	"Inflammatory monocyte/macrophage"	0.00101359091596265	0.170439467771219	-0.22201498096987	0.000966724104761295	-9.69070910387077e-05	0.00117437736147012	5	199	3511	TRUE	TRUE	-4.68668112013511e-05	0.000160786445507478
"SSC/FO20-I-08293B1"	"SSc-ILD"	"N3"	"Inflammatory monocyte/macrophage"	0.00257284406246756	-0.0611269119707541	-0.244454638042401	0.00193225646682886	-0.00150590436859716	0.00198026789690311	5	126	478	TRUE	TRUE	-0.000640587595638705	-0.000592576165564449
"SSC/FO21-1-01756B1"	"SSc-ILD"	"N3"	"Inflammatory monocyte/macrophage"	0.00173660943543246	-0.0591846697973312	-0.272583513836922	0.000961151253420747	-0.00180119467237506	0.000947025564194585	5	105	1069	TRUE	TRUE	-0.000775458182011709	-0.000789583871237871
"HC/NL-55"	"HC"	"N3"	"Dendritic cell"	0.00651204258892228	0.022528736770649	-0.703279057751345	0.00418823605268799	-0.00255761265589331	0.00668465178386551	5	27	1622	TRUE	TRUE	-0.00232380653623429	0.00017260919494324
"HC/NL-63"	"HC"	"N3"	"Dendritic cell"	0.00338474601641614	-0.171639768009878	-0.237762401309809	0.00250187846000153	-0.00224814719624852	0.00221416285503547	5	181	688	TRUE	TRUE	-0.00088286755641461	-0.00117058316138067
"IPF/FO23-1-03100"	"IPF"	"N3"	"Dendritic cell"	0.00153315492912002	0.0210692905708101	-0.0900864107526065	0.00159888659471482	0.000278988522440258	0.00155964372279745	5	333	1098	TRUE	TRUE	6.57316655947981e-05	2.64887936774227e-05
"IPF/FO23-1-09473"	"IPF"	"N3"	"Dendritic cell"	-0.00120118419226061	-0.029406982707929	-1.08782730603257	0.000221993147742823	0.00102080869850071	0.000461605062027363	2	20	463	FALSE	FALSE	0.00142317734000343	0.00166278925428797
"SSC/23-105334B1"	"SSc-ILD"	"N3"	"Dendritic cell"	0.00244273500025607	0.12014757372258	-0.22201498096987	0.002101062985385	-0.000706479493735145	0.0022811200460681	5	199	3511	TRUE	TRUE	-0.000341672014871069	-0.000161614954187974
"SSC/FO20-I-08293B1"	"SSc-ILD"	"N3"	"Dendritic cell"	0.000950769540408479	0.128884577832499	-0.244454638042401	0.000687988005759388	-0.000617751364073976	0.000888267921113546	5	126	478	TRUE	TRUE	-0.000262781534649091	-6.25016192949326e-05
"SSC/FO21-1-01756B1"	"SSc-ILD"	"N3"	"Dendritic cell"	0.00254350848330137	-0.0219133349258998	-0.272583513836922	0.00204495771804292	-0.00115800826288587	0.00199936049667631	5	105	1069	TRUE	TRUE	-0.000498550765258457	-0.000544147986625067
"HC/NL-55"	"HC"	"N3"	"T"	0.00971252387683978	-0.083342580461859	-0.703279057751345	0.00607265887073403	-0.00400608426742993	0.00726038553695053	5	27	1622	TRUE	TRUE	-0.00363986500610575	-0.00245213833988925
"HC/NL-63"	"HC"	"N3"	"T"	0.00912114320262154	0.0298867667706273	-0.237762401309809	0.00859144227295875	-0.00134883839735592	0.0087984339163126	5	181	688	TRUE	TRUE	-0.000529700929662784	-0.000322709286308936
"IPF/FO23-1-03100"	"IPF"	"N3"	"T"	0.0058076706257971	-0.0915638829744674	-0.0900864107526065	0.00546695723376186	-0.00144610858343075	0.00519767223005952	5	333	1098	TRUE	TRUE	-0.000340713392035238	-0.00060999839573758
"IPF/FO23-1-09473"	"IPF"	"N3"	"T"	0.0090007100379298	0.117882978383389	-1.08782730603257	0.00612534258661875	-0.00206242751565804	0.00423227185890809	2	20	463	TRUE	TRUE	-0.00287536745131106	-0.00476843817902171
"SSC/23-105334B1"	"SSc-ILD"	"N3"	"T"	0.00714239350132368	0.00610898527390591	-0.22201498096987	0.00653469872991415	-0.00125653807091302	0.00569169449659067	5	199	3511	TRUE	TRUE	-0.000607694771409532	-0.00145069900473301
"SSC/FO20-I-08293B1"	"SSc-ILD"	"N3"	"T"	0.00705161180257764	-0.051786485774382	-0.244454638042401	0.00598680428522889	-0.00250316787744186	0.00635650665865733	5	126	478	TRUE	TRUE	-0.00106480751734876	-0.00069510514392031
"SSC/FO21-1-01756B1"	"SSc-ILD"	"N3"	"T"	0.00910280935083771	-0.0534688185898605	-0.272583513836922	0.00783383186067093	-0.00294751612359373	0.00805551942579993	5	105	1069	TRUE	TRUE	-0.00126897749016679	-0.00104728992503779
"HC/NL-55"	"HC"	"N3"	"NK"	0.00576141211734514	-0.000704684549354005	-0.703279057751345	0.00276129147792354	-0.00330197303301568	0.00351288991093203	5	27	1622	TRUE	TRUE	-0.0030001206394216	-0.00224852220641311
"HC/NL-63"	"HC"	"N3"	"NK"	0.00356424029137591	-0.115274564379255	-0.237762401309809	0.00278195478236855	-0.00199202356113642	0.00253384917954385	5	181	688	TRUE	TRUE	-0.000782285509007352	-0.00103039111183206
"IPF/FO23-1-03100"	"IPF"	"N3"	"NK"	0.0060183560757887	0.0248388044819977	-0.0900864107526065	0.00573126200551283	-0.00121852914790881	0.00583527576153635	5	333	1098	TRUE	TRUE	-0.000287094070275873	-0.00018308031425235
"IPF/FO23-1-09473"	"IPF"	"N3"	"NK"	0.00921129243264506	0.0423633983329315	-1.08782730603257	0.0056632595998415	-0.00254491318578974	0.00747597073615737	2	20	463	TRUE	TRUE	-0.00354803283280357	-0.0017353216964877
"SSC/23-105334B1"	"SSc-ILD"	"N3"	"NK"	0.00283715034553856	0.093585158929886	-0.22201498096987	0.00226590905528581	-0.00118116275250323	0.00209510655975914	5	199	3511	TRUE	TRUE	-0.000571241290252753	-0.000742043785779423
"SSC/FO20-I-08293B1"	"SSc-ILD"	"N3"	"NK"	0.00574851978019476	-0.0571054196067686	-0.244454638042401	0.00483808554804591	-0.00214026449598424	0.00462227791013095	5	126	478	TRUE	TRUE	-0.000910434232148849	-0.0011262418700638
"SSC/FO21-1-01756B1"	"SSc-ILD"	"N3"	"NK"	0.00505924777856822	-0.0464083008624473	-0.272583513836922	0.00413712715842664	-0.00214185469547492	0.00409272051691658	5	105	1069	TRUE	TRUE	-0.000922120620141577	-0.000966527261651634
"HC/NL-55"	"HC"	"N3"	"Mast/Basophil"	0.00752443263522784	-0.0216087947694336	-0.703279057751345	0.00379001041905081	-0.00411015520165497	0.00563166666960561	5	27	1622	TRUE	TRUE	-0.00373442221617703	-0.00189276596562223
"HC/NL-63"	"HC"	"N3"	"Mast/Basophil"	0.00781751280522891	-0.142629768337267	-0.237762401309809	0.00689248347066221	-0.00235550858092389	0.00644605319581258	5	181	688	TRUE	TRUE	-0.000925029334566701	-0.00137145960941633
"IPF/FO23-1-03100"	"IPF"	"N3"	"Mast/Basophil"	0.0027653546912934	0.0214470131209507	-0.0900864107526065	0.00261905089011814	-0.000620965267623293	0.00272259383807608	5	333	1098	TRUE	TRUE	-0.00014630380117526	-4.27608532173121e-05
"IPF/FO23-1-09473"	"IPF"	"N3"	"Mast/Basophil"	0.00642213690834539	-0.020563208853658	-1.08782730603257	0.000401284702167063	-0.00431860326306142	-0.000641227381762777	2	20	463	TRUE	FALSE	-0.00602085220617833	-0.00706336429010817
"SSC/23-105334B1"	"SSc-ILD"	"N3"	"Mast/Basophil"	0.00502817994350303	0.0164156797594241	-0.22201498096987	0.00420270715260078	-0.00170684040256819	0.00400393486258464	5	199	3511	TRUE	TRUE	-0.00082547279090225	-0.0010242450809184
"SSC/FO20-I-08293B1"	"SSc-ILD"	"N3"	"Mast/Basophil"	0.00794929099424091	-0.070510978755067	-0.244454638042401	0.00702167843075811	-0.00218064761357356	0.00691901907345113	5	126	478	TRUE	TRUE	-0.000927612563482804	-0.00103027192078978
"SSC/FO21-1-01756B1"	"SSc-ILD"	"N3"	"Mast/Basophil"	0.0080914951733727	-0.0872289512086166	-0.272583513836922	0.00645371578659592	-0.00380415033900978	0.00608579578391426	5	105	1069	TRUE	TRUE	-0.00163777938677677	-0.00200569938945843
"HC/NL-55"	"HC"	"N3"	"B"	-0.00649759949112889	0.0996452048283892	-0.703279057751345	0.00241990215922857	0.00981472197632288	-0.00214566488256631	5	27	1622	FALSE	TRUE	0.00891750165035746	0.00435193460856259
"HC/NL-63"	"HC"	"N3"	"B"	-0.0047431673846577	0.0844688312786242	-0.237762401309809	-0.00325509497793508	0.00378924991034294	-0.00377447730221312	5	181	688	TRUE	TRUE	0.00148807240672262	0.000968690082444581
"IPF/FO23-1-03100"	"IPF"	"N3"	"B"	0.00251340488219307	0.016266163524968	-0.0900864107526065	0.00281938961528082	0.00129870782675541	0.00272202553269649	5	333	1098	TRUE	TRUE	0.000305984733087759	0.000208620650503424
"IPF/FO23-1-09473"	"IPF"	"N3"	"B"	0.00640817305700757	0.0117831968873054	-1.08782730603257	0.000686988171277036	-0.00410365956014311	-0.000257497585986026	2	20	463	TRUE	FALSE	-0.00572118488573053	-0.0066656706429936
"SSC/23-105334B1"	"SSc-ILD"	"N3"	"B"	0.00620466367664381	0.00484946165168693	-0.22201498096987	0.0068291833272205	0.0012913270837632	0.00604483704354354	5	199	3511	TRUE	TRUE	0.000624519650576687	-0.000159826633100274
"SSC/FO20-I-08293B1"	"SSc-ILD"	"N3"	"B"	-0.0051229252557186	0.0949337409778358	-0.244454638042401	-0.00272474701955965	0.00563767876102208	-0.00369111846481072	5	126	478	TRUE	TRUE	0.00239817823615895	0.00143180679090788
"SSC/FO21-1-01756B1"	"SSc-ILD"	"N3"	"B"	0.000579818376566246	0.0458429801264898	-0.272583513836922	0.00134892199636899	0.00178643461972315	0.00139729313126968	5	105	1069	TRUE	TRUE	0.000769103619802742	0.000817474754703437
"HC/NL-55"	"HC"	"N3"	"Ciliated epithelial"	-0.00519592488914684	0.0956890142370729	-0.703279057751345	0.012611648107879	0.0195992537923319	-0.00169346706244332	5	27	1622	FALSE	TRUE	0.0178075729970259	0.00350245782670353
"HC/NL-63"	"HC"	"N3"	"Ciliated epithelial"	0.00969278597502864	0.124741863040103	-0.237762401309809	0.0108000741799026	0.00281961530372314	0.0109866428751898	5	181	688	TRUE	TRUE	0.00110728820487397	0.0012938569001612
"IPF/FO23-1-03100"	"IPF"	"N3"	"Ciliated epithelial"	0.00961567270692702	0.0479116501706129	-0.0900864107526065	0.00999170477342579	0.00159601357540043	0.00988164192462651	5	333	1098	TRUE	TRUE	0.000376032066498765	0.000265969217699488
"IPF/FO23-1-09473"	"IPF"	"N3"	"Ciliated epithelial"	0.0122819102363957	0.0444611644454442	-1.08782730603257	0.00738654238871122	-0.00351132212466564	0.00565757360269036	2	20	463	TRUE	TRUE	-0.00489536784768451	-0.00662433663370537
"SSC/23-105334B1"	"SSc-ILD"	"N3"	"Ciliated epithelial"	0.0129662952659975	-0.085919844440292	-0.22201498096987	0.012222543155368	-0.00153786553101297	0.0108755795259156	5	199	3511	TRUE	TRUE	-0.000743752110629525	-0.00209071574008188
"SSC/FO20-I-08293B1"	"SSc-ILD"	"N3"	"Ciliated epithelial"	0.011558118615912	-0.086462018371649	-0.244454638042401	0.0113863604907907	-0.000403771962997442	0.0109424185994676	5	126	478	TRUE	TRUE	-0.000171758125121315	-0.000615700016444476
"SSC/FO21-1-01756B1"	"SSc-ILD"	"N3"	"Ciliated epithelial"	0.0112306570182623	-0.0455134150165145	-0.272583513836922	0.00996403075815941	-0.00294205480644883	0.00974940501722836	5	105	1069	TRUE	TRUE	-0.00126662626010287	-0.00148125200103392
"HC/NL-55"	"HC"	"N3"	"AT2/alveolar transitional"	0.0195770507888434	-0.187291467707174	-0.703279057751345	0.0133633150938839	-0.00683892088519427	0.0136673443204211	5	27	1622	TRUE	TRUE	-0.00621373569495944	-0.0059097064684223
"HC/NL-63"	"HC"	"N3"	"AT2/alveolar transitional"	0.00916900260021781	-0.161054090665769	-0.237762401309809	0.00837108089964342	-0.0020318397940194	0.00813776750888876	5	181	688	TRUE	TRUE	-0.000797921700574387	-0.00103123509132905
"IPF/FO23-1-03100"	"IPF"	"N3"	"AT2/alveolar transitional"	0.00739913335557568	-0.0368337258157619	-0.0900864107526065	0.0073071039809442	-0.000390605334845929	0.00727487556018853	5	333	1098	TRUE	TRUE	-9.20293746314782e-05	-0.000124257795387149
"IPF/FO23-1-09473"	"IPF"	"N3"	"AT2/alveolar transitional"	-0.00277073880153689	0.0142061486282016	-1.08782730603257	0.00857439260010724	0.00813757252515256	0.00911113609811413	2	20	463	FALSE	FALSE	0.0113451314016441	0.011881874899651
"SSC/23-105334B1"	"SSc-ILD"	"N3"	"AT2/alveolar transitional"	0.0137914343389684	0.0544213568869045	-0.22201498096987	0.01452795684189	0.00152291678083395	0.0142850010839348	5	199	3511	TRUE	TRUE	0.000736522502921611	0.000493566744966419
"SSC/FO20-I-08293B1"	"SSc-ILD"	"N3"	"AT2/alveolar transitional"	0.00816326593477652	-0.0849223081028231	-0.244454638042401	0.00747129121247199	-0.00162670611228143	0.00749949421318971	5	126	478	TRUE	TRUE	-0.000691974722304524	-0.000663771721586806
"SSC/FO21-1-01756B1"	"SSc-ILD"	"N3"	"AT2/alveolar transitional"	0.00744827858657569	-0.0275045183356082	-0.272583513836922	0.00815039423869905	0.00163083838862164	0.00746447784412239	5	105	1069	TRUE	TRUE	0.000702115652123367	1.61992575467033e-05
"HC/NL-55"	"HC"	"N3"	"Secretory/other airway epithelial"	0.00166500638015482	0.0635034397865961	-0.703279057751345	0.00124159981129336	-0.000466006951191032	0.0009322370022133	5	27	1622	TRUE	TRUE	-0.000423406568861456	-0.000732769377941518
"HC/NL-63"	"HC"	"N3"	"Secretory/other airway epithelial"	0.00228380602398855	-0.0479946569662857	-0.237762401309809	0.00187710862874075	-0.00103562035121197	0.00164927992421984	5	181	688	TRUE	TRUE	-0.000406697395247801	-0.000634526099768707
"IPF/FO23-1-03100"	"IPF"	"N3"	"Secretory/other airway epithelial"	0.000930573697443628	0.0298992658165619	-0.0900864107526065	0.000937176416696139	2.80242843640314e-05	0.00089998298563726	5	333	1098	TRUE	TRUE	6.60271925251115e-06	-3.05907118063675e-05
"IPF/FO23-1-09473"	"IPF"	"N3"	"Secretory/other airway epithelial"	0.00181602947410899	0.0771965177027094	-1.08782730603257	-0.000627483305107443	-0.00175266920699827	7.5590391791237e-05	2	20	463	FALSE	TRUE	-0.00244351277921644	-0.00174043908231776
"SSC/23-105334B1"	"SSc-ILD"	"N3"	"Secretory/other airway epithelial"	0.00110482682874823	0.164574464770864	-0.22201498096987	0.000886989357589203	-0.000450425260608524	0.00099490025949415	5	199	3511	TRUE	TRUE	-0.000217837471159029	-0.000109926569254082
"SSC/FO20-I-08293B1"	"SSc-ILD"	"N3"	"Secretory/other airway epithelial"	0.00207638544674556	0.0805800130283629	-0.244454638042401	0.00193630067572317	-0.000329313695882986	0.00191847662356767	5	126	478	TRUE	TRUE	-0.000140084771022391	-0.000157908823177883
"SSC/FO21-1-01756B1"	"SSc-ILD"	"N3"	"Secretory/other airway epithelial"	0.00183630962253773	0.0451034233905962	-0.272583513836922	0.00146853339928349	-0.000854251833713466	0.0013569130753955	5	105	1069	TRUE	TRUE	-0.000367776223254234	-0.000479396547142228
"HC/NL-55"	"HC"	"N3"	"AT1"	-0.0922150045347104	0.151963862468635	-0.703279057751345	-0.0860501682161782	0.00678510157533836	-0.0885221607096358	5	27	1622	TRUE	TRUE	0.00616483631853224	0.00369284382507459
"HC/NL-63"	"HC"	"N3"	"AT1"	-0.0629399005195522	0.294688302098726	-0.237762401309809	-0.061747312232787	0.00303682471248454	-0.0605921928200507	5	181	688	TRUE	TRUE	0.00119258828676521	0.00234770769950149
"IPF/FO23-1-03100"	"IPF"	"N3"	"AT1"	-0.0706242136200246	0.15256849920946	-0.0900864107526065	-0.0702915165845971	0.00141208432031918	-0.0698388926009028	5	333	1098	TRUE	TRUE	0.000332697035427473	0.00078532101912171
"IPF/FO23-1-09473"	"IPF"	"N3"	"AT1"	-0.0890648613232595	0.120388820578579	-1.08782730603257	-0.067910111425984	0.015173760924056	-0.07144937657558	2	20	463	TRUE	TRUE	0.0211547498972755	0.0176154847476796
"SSC/23-105334B1"	"SSc-ILD"	"N3"	"AT1"	-0.0996774245747014	0.329719437888587	-0.22201498096987	-0.098300859859886	0.00284634005856301	-0.0944989380504949	5	199	3511	TRUE	TRUE	0.00137656471481547	0.00517848652420649
"SSC/FO20-I-08293B1"	"SSc-ILD"	"N3"	"AT1"	-0.0663171356980478	0.380587034640828	-0.244454638042401	-0.0643972655729406	0.00451326380376861	-0.0631102320028533	5	126	478	TRUE	TRUE	0.00191987012510722	0.00320690369519448
"SSC/FO21-1-01756B1"	"SSc-ILD"	"N3"	"AT1"	-0.0775601029378171	0.245331776593562	-0.272583513836922	-0.0758137959651464	0.00405623267439954	-0.0752571454012186	5	105	1069	TRUE	TRUE	0.00174630697267072	0.00230295753659854
"HC/NL-55"	"HC"	"N3"	"Blood endothelial"	-0.00515506151761648	0.0929288348309447	-0.703279057751345	-0.00804138434409444	-0.00317672563308805	-0.00245106597889491	5	27	1622	TRUE	TRUE	-0.00288632282647796	0.00270399553872157
"HC/NL-63"	"HC"	"N3"	"Blood endothelial"	-0.00430509971219889	0.140652848461356	-0.237762401309809	-0.00403151791917837	0.000696652783823804	-0.00314594663616853	5	181	688	TRUE	TRUE	0.000273581793020522	0.00115915307603036
"IPF/FO23-1-03100"	"IPF"	"N3"	"Blood endothelial"	-0.00245938588616393	0.0731690628204674	-0.0900864107526065	-0.00226034320501032	0.000844807795684376	-0.00218330205859502	5	333	1098	TRUE	TRUE	0.000199042681153606	0.00027608382756891
"IPF/FO23-1-09473"	"IPF"	"N3"	"Blood endothelial"	-0.0233992037004957	0.0610137505490399	-1.08782730603257	-0.0093879924933507	0.0100498833664324	-0.0116286241943889	2	20	463	TRUE	TRUE	0.014011211207145	0.0117705795061068
"SSC/23-105334B1"	"SSc-ILD"	"N3"	"Blood endothelial"	-0.00852364317769738	0.0933542142966964	-0.22201498096987	-0.00716058531840034	0.00281841176466135	-0.00720167803763351	5	199	3511	TRUE	TRUE	0.00136305785929705	0.00132196514006387
"SSC/FO20-I-08293B1"	"SSc-ILD"	"N3"	"Blood endothelial"	-0.00218761565261351	0.0546483909683508	-0.244454638042401	-0.00165576903018612	0.00125027421322207	-0.00168516292480108	5	126	478	TRUE	TRUE	0.000531846622427394	0.000502452727812428
"SSC/FO21-1-01756B1"	"SSc-ILD"	"N3"	"Blood endothelial"	-0.00716500040543309	0.0710413096847477	-0.272583513836922	-0.00387019967209165	0.00765299491977299	-0.00575930854748599	5	105	1069	TRUE	TRUE	0.00329480073334145	0.0014056918579471
"HC/NL-55"	"HC"	"N3"	"Perivascular/mesothelial stromal"	0.0203957154840439	-0.0132306026101763	-0.703279057751345	0.0177891047213165	-0.00286887078239379	0.0185763007435259	5	27	1622	TRUE	TRUE	-0.00260661076272735	-0.00181941474051797
"HC/NL-63"	"HC"	"N3"	"Perivascular/mesothelial stromal"	0.0090760737847382	0.0262474136898405	-0.237762401309809	0.00958112721055289	0.00128607562363192	0.00934085270959464	5	181	688	TRUE	TRUE	0.000505053425814693	0.000264778924856445
"IPF/FO23-1-03100"	"IPF"	"N3"	"Perivascular/mesothelial stromal"	0.0122341297250813	0.016725739552059	-0.0900864107526065	0.0121460341571879	-0.000373908862611922	0.0121054760355022	5	333	1098	TRUE	TRUE	-8.80955678933156e-05	-0.00012865368957905
"IPF/FO23-1-09473"	"IPF"	"N3"	"Perivascular/mesothelial stromal"	0.0322616931193567	0.0141997724394098	-1.08782730603257	0.0271772157998741	-0.00364696551101977	0.0309939103393459	2	20	463	TRUE	TRUE	-0.00508447731948265	-0.00126778278001083
"SSC/23-105334B1"	"SSc-ILD"	"N3"	"Perivascular/mesothelial stromal"	0.0164025067416624	0.0416877333306891	-0.22201498096987	0.016192680331509	-0.000433860689682184	0.0161983310052971	5	199	3511	TRUE	TRUE	-0.000209826410153383	-0.000204175736365317
"SSC/FO20-I-08293B1"	"SSc-ILD"	"N3"	"Perivascular/mesothelial stromal"	0.010400104983467	0.0240138906473004	-0.244454638042401	0.0107218495065056	0.000756362574165759	0.0103676591636563	5	126	478	TRUE	TRUE	0.000321744523038637	-3.24458198107183e-05
"SSC/FO21-1-01756B1"	"SSc-ILD"	"N3"	"Perivascular/mesothelial stromal"	0.0128449151819	0.037615992922411	-0.272583513836922	0.0127055862451948	-0.000323626140419903	0.0130890345696523	5	105	1069	TRUE	TRUE	-0.000139328936705218	0.000244119387752356
"HC/NL-55"	"HC"	"N3"	"Fibroblast"	-0.00699924963313385	0.198802210632911	-0.703279057751345	-0.000754517134875595	0.0068730363828371	0.008317485372787	5	27	1622	TRUE	FALSE	0.00624473249825826	0.0153167350059209
"HC/NL-63"	"HC"	"N3"	"Fibroblast"	-0.00461514589842331	0.212515295361423	-0.237762401309809	-0.00136434337041718	0.00827789234726659	-0.00154345740956041	5	181	688	TRUE	TRUE	0.00325080252800613	0.0030716884888629
"IPF/FO23-1-03100"	"IPF"	"N3"	"Fibroblast"	-0.000914066541622391	0.0397850304485242	-0.0900864107526065	-0.000760756550890627	0.000650702023182254	-0.000792919002556192	5	333	1098	TRUE	TRUE	0.000153309990731764	0.000121147539066199
"IPF/FO23-1-09473"	"IPF"	"N3"	"Fibroblast"	-0.0113632209752437	0.133511017112169	-1.08782730603257	-0.00515397332263446	0.00445373449728561	-0.0018713948913518	2	20	463	TRUE	TRUE	0.00620924765260928	0.00949182608389194
"SSC/23-105334B1"	"SSc-ILD"	"N3"	"Fibroblast"	0.000730030520861916	0.0770439050058288	-0.22201498096987	0.0021654057813425	0.00296794335856449	0.001484454682747	5	199	3511	TRUE	TRUE	0.00143537526048059	0.000754424161885084
"SSC/FO20-I-08293B1"	"SSc-ILD"	"N3"	"Fibroblast"	-0.000167020806760038	0.143072555974144	-0.244454638042401	0.00050480101683447	0.00157933033039967	0.000879492688189604	5	126	478	FALSE	FALSE	0.000671821823594507	0.00104651349494964
"SSC/FO21-1-01756B1"	"SSc-ILD"	"N3"	"Fibroblast"	-0.0043642346458917	0.268559726118411	-0.272583513836922	-0.00092481497316212	0.00798890840833104	-0.000385020235108174	5	105	1069	TRUE	TRUE	0.00343941967272958	0.00397921441078352
"HC/NL-55"	"HC"	"N3"	"Lymphatic endothelial"	0.00274096430474891	0.101397268314012	-0.703279057751345	0.00520023482732732	0.00270670613699358	0.00712666760615483	5	27	1622	TRUE	TRUE	0.00245927052257842	0.00438570330140592
"HC/NL-63"	"HC"	"N3"	"Lymphatic endothelial"	0.00728653277865647	0.105545002695169	-0.237762401309809	0.00772646015797997	0.00112023768139736	0.00813099073419267	5	181	688	TRUE	TRUE	0.000439927379323493	0.000844457955536193
"IPF/FO23-1-03100"	"IPF"	"N3"	"Lymphatic endothelial"	0.00856674834699876	0.0256481056140354	-0.0900864107526065	0.00866295841992461	0.00040834970248284	0.00873727922037784	5	333	1098	TRUE	TRUE	9.6210072925847e-05	0.000170530873379076
"IPF/FO23-1-09473"	"IPF"	"N3"	"Lymphatic endothelial"	0.00959539519419755	0.0827374257628114	-1.08782730603257	-0.000798812841391315	-0.00745549952104303	-0.00130993441449252	2	20	463	FALSE	FALSE	-0.0103942080355889	-0.0109053296086901
"SSC/23-105334B1"	"SSc-ILD"	"N3"	"Lymphatic endothelial"	0.0146327810111783	-0.012419615502424	-0.22201498096987	0.0142846475005034	-0.000719840009333908	0.0141488849095017	5	199	3511	TRUE	TRUE	-0.000348133510674833	-0.000483896101676509
"SSC/FO20-I-08293B1"	"SSc-ILD"	"N3"	"Lymphatic endothelial"	0.00208832584487882	0.111575653575806	-0.244454638042401	0.00373507362384534	0.00387120308168326	0.00387970309092859	5	126	478	TRUE	TRUE	0.00164674777896652	0.00179137724604977
"SSC/FO21-1-01756B1"	"SSc-ILD"	"N3"	"Lymphatic endothelial"	0.00796956577930398	0.0768583014584155	-0.272583513836922	0.00849722905616638	0.0012256293184338	0.00920887358291281	5	105	1069	TRUE	TRUE	0.000527663276862401	0.00123930780360883
"HC/NL-55"	"HC"	"N3"	"Plasma"	0.000146664170516836	0.198974556188381	-0.703279057751345	-5.30466439322879e-05	-0.000219804402212222	0.000364433154100874	5	27	1622	FALSE	TRUE	-0.000199710814449124	0.000217768983584039
"HC/NL-63"	"HC"	"N3"	"Plasma"	-2.00819771822183e-05	0.180390084262134	-0.237762401309809	5.68945908575057e-05	0.000196014288165819	4.75300388281588e-05	5	181	688	FALSE	FALSE	7.6976568039724e-05	6.76120160103771e-05
"IPF/FO23-1-03100"	"IPF"	"N3"	"Plasma"	8.47582215033646e-05	0.0686584254164281	-0.0900864107526065	6.54036126430198e-05	-8.21478305700818e-05	7.27518708132175e-05	5	333	1098	TRUE	TRUE	-1.93546088603448e-05	-1.20063506901471e-05
"IPF/FO23-1-09473"	"IPF"	"N3"	"Plasma"	0.000789187878703021	0.19296260140721	-1.08782730603257	0.0001526940398309	-0.000456540747944445	0.000530352118104203	2	20	463	TRUE	TRUE	-0.000636493838872121	-0.000258835760598818
"SSC/23-105334B1"	"SSc-ILD"	"N3"	"Plasma"	-9.69080327519307e-05	0.206194169000398	-0.22201498096987	-0.000135948179332706	-8.07237988225144e-05	-0.000112287215494111	5	199	3511	TRUE	TRUE	-3.90401465807758e-05	-1.53791827421804e-05
"SSC/FO20-I-08293B1"	"SSc-ILD"	"N3"	"Plasma"	-8.32500432843258e-06	0.153622850887508	-0.244454638042401	1.1737851907579e-05	4.71641084811029e-05	9.92740585179968e-06	5	126	478	FALSE	FALSE	2.00628562360116e-05	1.82524101802323e-05
"SSC/FO21-1-01756B1"	"SSc-ILD"	"N3"	"Plasma"	-0.000127892062712284	0.166268792033426	-0.272583513836922	-0.000103023717085257	5.77629235118408e-05	-7.65725747402266e-05	5	105	1069	TRUE	TRUE	2.48683456270272e-05	5.13194879720572e-05
"HC/NL-55"	"HC"	"N3"	"Basal-like epithelial"	0.0294369227125738	-0.233226413106398	-0.703279057751345	0.0210133599297296	-0.00927108623079541	0.0178742761250296	5	27	1622	TRUE	TRUE	-0.00842356278284427	-0.0115626465875442
"HC/NL-63"	"HC"	"N3"	"Basal-like epithelial"	0.0129703903753223	-0.217807126052618	-0.237762401309809	0.0102606131414383	-0.00690021741828867	0.00997742838160143	5	181	688	TRUE	TRUE	-0.00270977723388403	-0.00299296199372089
"IPF/FO23-1-03100"	"IPF"	"N3"	"Basal-like epithelial"	0.0136361512803412	-0.036066419403601	-0.0900864107526065	0.0134217447298871	-0.000910017510914871	0.0132360772692986	5	333	1098	TRUE	TRUE	-0.000214406550454066	-0.000400074011042608
"IPF/FO23-1-09473"	"IPF"	"N3"	"Basal-like epithelial"	0.0308205576650603	-0.261595897562489	-1.08782730603257	0.021383176390202	-0.0067691921629525	0.0217569429060872	2	20	463	TRUE	TRUE	-0.00943738127485832	-0.00906361475897316
"SSC/23-105334B1"	"SSc-ILD"	"N3"	"Basal-like epithelial"	0.0209259702388173	0.0210414007908267	-0.22201498096987	0.0199898134489144	-0.00193570309010171	0.0197946533421518	5	199	3511	TRUE	TRUE	-0.000936156789902859	-0.00113131689666547
"SSC/FO20-I-08293B1"	"SSc-ILD"	"N3"	"Basal-like epithelial"	0.0124676930411822	-0.165159128031306	-0.244454638042401	0.0109802314969061	-0.00349675025382373	0.0102915847486658	5	126	478	TRUE	TRUE	-0.00148746154427611	-0.00217610829251634
"SSC/FO21-1-01756B1"	"SSc-ILD"	"N3"	"Basal-like epithelial"	0.0179097991846811	-0.121669776517338	-0.272583513836922	0.014939607729313	-0.0068990090625699	0.0149371850782852	5	105	1069	TRUE	TRUE	-0.00297019145536812	-0.00297261410639594
"HC/NL-55"	"HC"	"N3"	"Myofibroblast"	0.00316959282296642	-0.0138139994276656	-0.703279057751345	0.000104319766254154	-0.00337368065773682	0.00142599790315643	5	27	1622	TRUE	TRUE	-0.00306527305671227	-0.00174359491980999
"HC/NL-63"	"HC"	"N3"	"Myofibroblast"	0.000554304194163142	-0.134465798159924	-0.237762401309809	-0.000265407089668041	-0.00208732511585552	-0.000311741721881601	5	181	688	FALSE	FALSE	-0.000819711283831183	-0.000866045916044743
"IPF/FO23-1-03100"	"IPF"	"N3"	"Myofibroblast"	0.00110193374548511	0.00756731716704131	-0.0900864107526065	0.00109744541719078	-1.90500585634348e-05	0.00112058660847465	5	333	1098	TRUE	TRUE	-4.48832829432681e-06	1.86528629895425e-05
"IPF/FO23-1-09473"	"IPF"	"N3"	"Myofibroblast"	0.0072931028012126	-0.101413282734087	-1.08782730603257	0.00429395865545518	-0.00215120937214979	0.00545225938172535	2	20	463	TRUE	TRUE	-0.00299914414575742	-0.00184084341948725
"SSC/23-105334B1"	"SSc-ILD"	"N3"	"Myofibroblast"	0.00165406569849393	0.0281021102514772	-0.22201498096987	0.000938213082620115	-0.00148017739715172	0.00107349137378502	5	199	3511	TRUE	TRUE	-0.000715852615873814	-0.000580574324708914
"SSC/FO20-I-08293B1"	"SSc-ILD"	"N3"	"Myofibroblast"	0.00184572075985343	-0.0372140021972647	-0.244454638042401	0.00105590167328991	-0.00185672033138827	0.00128550710325463	5	126	478	TRUE	TRUE	-0.000789819086563522	-0.0005602136565988
"SSC/FO21-1-01756B1"	"SSc-ILD"	"N3"	"Myofibroblast"	0.00207009670794309	0.0484409071005886	-0.272583513836922	0.0017130158519553	-0.000829409180703739	0.00240784008184956	5	105	1069	TRUE	TRUE	-0.000357080855987788	0.000337743373906475
"HC/NL-55"	"HC"	"N4"	"Alveolar/resident macrophage"	0.00017866070761406	-0.104020469432303	-0.214241089516486	-0.000643898879554202	-0.00297185139334	-0.000256396638205096	5	236	1480	FALSE	FALSE	-0.000822559587168262	-0.000435057345819156
"HC/NL-63"	"HC"	"N4"	"Alveolar/resident macrophage"	-0.000443396760235672	0.0804153139542181	-0.050993349724088	-0.00042499514980173	0.000218481492826554	-0.000432541703403512	5	153	868	TRUE	TRUE	1.84016104339421e-05	1.08550568321597e-05
"IPF/FO23-1-03100"	"IPF"	"N4"	"Alveolar/resident macrophage"	-0.00106868023650064	0.0268315165361806	0.0304262797884585	-0.000998136396751884	-0.000886505070619397	-0.00103304694344993	5	329	1248	TRUE	TRUE	7.05438397487588e-05	3.56332930507128e-05
"IPF/FO23-1-09473"	"IPF"	"N4"	"Alveolar/resident macrophage"	-0.00190907590073723	0.146622005681321	-0.417488363675318	-0.00157011531917711	0.000633505104766607	-0.00114986993975795	5	51	340	TRUE	TRUE	0.000338960581560127	0.000759205960979282
"SSC/23-105334B1"	"SSc-ILD"	"N4"	"Alveolar/resident macrophage"	1.30082381243624e-05	0.132304867596178	-0.0430591965641449	2.00343013620925e-05	7.49063377447176e-05	4.42535383533216e-05	5	645	3274	TRUE	TRUE	7.02606323773011e-06	3.12453002289593e-05
"SSC/FO20-I-08293B1"	"SSc-ILD"	"N4"	"Alveolar/resident macrophage"	-0.000907187506413049	0.00579950747216217	0.0410564590408953	-0.000833788156240474	-0.00102737235310802	-0.00082903526548391	5	168	592	TRUE	TRUE	7.33993501725753e-05	7.81522409291392e-05
"SSC/FO21-1-01756B1"	"SSc-ILD"	"N4"	"Alveolar/resident macrophage"	-0.000613178635899379	0.060427662721886	-0.0292345162509422	-0.000647105349510582	-0.000734763776409377	-0.000641763139451301	5	305	1080	TRUE	TRUE	-3.39267136112033e-05	-2.85845035519223e-05
"HC/NL-55"	"HC"	"N4"	"Inflammatory monocyte/macrophage"	0.000382583988022009	-0.102717845449918	-0.214241089516486	-0.000441154687326126	-0.00297611135809464	-0.000118410486190093	5	236	1480	FALSE	FALSE	-0.000823738675348135	-0.000500994474212101
"HC/NL-63"	"HC"	"N4"	"Inflammatory monocyte/macrophage"	-0.000109018138360279	-0.0892184201671762	-0.050993349724088	-0.00023929095791237	-0.00154672332579696	-0.000248669958977885	5	153	868	TRUE	TRUE	-0.000130272819552092	-0.000139651820617606
"IPF/FO23-1-03100"	"IPF"	"N4"	"Inflammatory monocyte/macrophage"	-0.000273048075394295	0.0691096970346985	0.0304262797884585	-0.000223835750194807	-0.00061843778254352	-0.000286945215515201	5	329	1248	TRUE	TRUE	4.92123251994874e-05	-1.38971401209061e-05
"IPF/FO23-1-09473"	"IPF"	"N4"	"Inflammatory monocyte/macrophage"	-4.27621794907192e-05	-0.0104628682438672	-0.417488363675318	-0.000574894831507051	-0.000994536739091408	-0.000348855438319648	5	51	340	TRUE	TRUE	-0.000532132652016332	-0.000306093258828929
"SSC/23-105334B1"	"SSc-ILD"	"N4"	"Inflammatory monocyte/macrophage"	0.000561374946565635	0.123420435419417	-0.0430591965641449	0.000549058853276066	-0.000131304460610107	0.000560808984700504	5	645	3274	TRUE	TRUE	-1.23160932895687e-05	-5.65961865130519e-07
"SSC/FO20-I-08293B1"	"SSc-ILD"	"N4"	"Inflammatory monocyte/macrophage"	-0.00141216063325946	-0.00983769993589159	0.0410564590408953	-0.00129385461891044	-0.00165593194030728	-0.00132011064014428	5	168	592	TRUE	TRUE	0.000118306014349019	9.20499931151742e-05
"SSC/FO21-1-01756B1"	"SSc-ILD"	"N4"	"Inflammatory monocyte/macrophage"	-0.000284891174634186	-0.087836124424682	-0.0292345162509422	-0.00037104842936376	-0.00186594052626385	-0.000332239972610414	5	305	1080	TRUE	TRUE	-8.6157254729574e-05	-4.73487979762282e-05
"HC/NL-55"	"HC"	"N4"	"Dendritic cell"	0.000863122221004233	-0.100788150308895	-0.214241089516486	7.35814732072164e-05	-0.00285255659048011	0.000451973139025343	5	236	1480	TRUE	TRUE	-0.000789540747797017	-0.000411149081978891
"HC/NL-63"	"HC"	"N4"	"Dendritic cell"	0.00109441546361783	-0.0843616966678277	-0.050993349724088	0.000889264535337756	-0.00243574774209025	0.000910745921183509	5	153	868	TRUE	TRUE	-0.000205150928280077	-0.000183669542434324
"IPF/FO23-1-03100"	"IPF"	"N4"	"Dendritic cell"	-0.000410384585570699	0.0749862443525252	0.0304262797884585	-0.000427287178314768	0.000212410243442204	-0.000477896208116538	5	329	1248	TRUE	TRUE	-1.69025927440688e-05	-6.75116225458385e-05
"IPF/FO23-1-09473"	"IPF"	"N4"	"Dendritic cell"	-0.00150223864755785	0.173792605723662	-0.417488363675318	-0.00101475216787407	0.000911094652844244	-0.000689129524104008	5	51	340	TRUE	TRUE	0.000487486479683782	0.000813109123453845
"SSC/23-105334B1"	"SSc-ILD"	"N4"	"Dendritic cell"	-0.000219525300992587	0.0168055112923321	-0.0430591965641449	-0.000294782430044768	-0.000802332079252482	-0.000299972383400057	5	645	3274	TRUE	TRUE	-7.52571290521817e-05	-8.04470824074706e-05
"SSC/FO20-I-08293B1"	"SSc-ILD"	"N4"	"Dendritic cell"	0.000731141356353743	0.024597588733633	0.0410564590408953	0.000780223617727733	-0.000687005514968816	0.000774003067083774	5	168	592	TRUE	TRUE	4.90822613739903e-05	4.28617107300314e-05
"SSC/FO21-1-01756B1"	"SSc-ILD"	"N4"	"Dendritic cell"	-0.000534110066808143	-0.0932101483196742	-0.0292345162509422	-0.000593865375944986	-0.00129414352079574	-0.000598757474897408	5	305	1080	TRUE	TRUE	-5.97553091368429e-05	-6.46474080892645e-05
"HC/NL-55"	"HC"	"N4"	"T"	0.002152655649217	-0.152181131011966	-0.214241089516486	0.000936184198463555	-0.0043950279496777	0.00137742579423241	5	236	1480	TRUE	TRUE	-0.00121647145075344	-0.000775229854984581
"HC/NL-63"	"HC"	"N4"	"T"	0.000422262411263544	0.0158939237164185	-0.050993349724088	0.000251491458491266	-0.00202755583958166	0.00021281095748733	5	153	868	TRUE	TRUE	-0.000170770952772278	-0.000209451453776213
"IPF/FO23-1-03100"	"IPF"	"N4"	"T"	8.23723557356326e-05	-0.00516068634917059	0.0304262797884585	0.000217429231800739	-0.00169722268988977	0.000221063482593124	5	329	1248	TRUE	TRUE	0.000135056876065106	0.000138691126857492
"IPF/FO23-1-09473"	"IPF"	"N4"	"T"	0.000631283725529955	-0.0174067909990974	-0.417488363675318	-0.000669088511852472	-0.00243034882311951	-0.000657991079019072	5	51	340	FALSE	FALSE	-0.00130037223738243	-0.00128927480454903
"SSC/23-105334B1"	"SSc-ILD"	"N4"	"T"	-0.000602712142124127	0.00791691639093947	-0.0430591965641449	-0.000748311821412588	-0.00155226880022488	-0.0007450025377309	5	645	3274	TRUE	TRUE	-0.000145599679288461	-0.000142290395606773
"SSC/FO20-I-08293B1"	"SSc-ILD"	"N4"	"T"	-0.00114092451786535	-0.0676511403803056	0.0410564590408953	-0.000926068321641561	-0.00300734700477969	-0.000935561358469208	5	168	592	TRUE	TRUE	0.000214856196223788	0.000205363159396141
"SSC/FO21-1-01756B1"	"SSc-ILD"	"N4"	"T"	-0.00205111456789571	-0.109766593081936	-0.0292345162509422	-0.00221126764269107	-0.00346849622361213	-0.002124141619508	5	305	1080	TRUE	TRUE	-0.000160153074795354	-7.30270516122828e-05
"HC/NL-55"	"HC"	"N4"	"NK"	0.000287249643338303	-0.0649816682484588	-0.214241089516486	-0.00069004273109456	-0.00353089034516913	-0.000336862220485657	5	236	1480	FALSE	FALSE	-0.000977292374432863	-0.00062411186382396
"HC/NL-63"	"HC"	"N4"	"NK"	-0.00204364245616016	-0.0369584490562981	-0.050993349724088	-0.00223233012118309	-0.00224028015809192	-0.00209245478426183	5	153	868	TRUE	TRUE	-0.000188687665022931	-4.88123281016709e-05
"IPF/FO23-1-03100"	"IPF"	"N4"	"NK"	-0.000246363905490845	-0.0500137656275874	0.0304262797884585	-0.000128847617296478	-0.00147679493681731	-6.16345872827703e-05	5	329	1248	TRUE	TRUE	0.000117516288194367	0.000184729318208075
"IPF/FO23-1-09473"	"IPF"	"N4"	"NK"	0.0013726570007055	-0.104459054521342	-0.417488363675318	-0.000146438505783721	-0.00283913472640245	9.3740308607234e-05	5	51	340	FALSE	TRUE	-0.00151909550648922	-0.00127891669209827
"SSC/23-105334B1"	"SSc-ILD"	"N4"	"NK"	-3.9135220552166e-05	0.0618902779619349	-0.0430591965641449	-0.000159411343777519	-0.00128228904354023	-0.000124271709631787	5	645	3274	TRUE	TRUE	-0.000120276123225353	-8.51364890796215e-05
"SSC/FO20-I-08293B1"	"SSc-ILD"	"N4"	"NK"	-0.00170500399305598	-0.0322566080451655	0.0410564590408953	-0.00152369330439408	-0.00253780978191466	-0.00155910489627403	5	168	592	TRUE	TRUE	0.000181310688661903	0.000145899096781955
"SSC/FO21-1-01756B1"	"SSc-ILD"	"N4"	"NK"	-0.00104999288098768	-0.026109465896857	-0.0292345162509422	-0.00116159170580829	-0.00241693831320223	-0.00106931117418593	5	305	1080	TRUE	TRUE	-0.000111598824820609	-1.93182931982499e-05
"HC/NL-55"	"HC"	"N4"	"Mast/Basophil"	0.00254774600141043	-0.144585546552419	-0.214241089516486	0.00135286131763101	-0.00431703644059999	0.00157424678547448	5	236	1480	TRUE	TRUE	-0.00119488468377942	-0.000973499215935949
"HC/NL-63"	"HC"	"N4"	"Mast/Basophil"	0.000574581061418868	-0.0441233997127454	-0.050993349724088	0.000330461115321781	-0.00289842513748482	0.000415823874763553	5	153	868	TRUE	TRUE	-0.000244119946097087	-0.000158757186655315
"IPF/FO23-1-03100"	"IPF"	"N4"	"Mast/Basophil"	-0.000483105931395732	-0.00984802417612297	0.0304262797884585	-0.000424707935733118	-0.000733871581888039	-0.00038891472129509	5	329	1248	TRUE	TRUE	5.83979956626148e-05	9.41912101006422e-05
"IPF/FO23-1-09473"	"IPF"	"N4"	"Mast/Basophil"	0.00352162872582036	-0.124568907081667	-0.417488363675318	0.00126624508118764	-0.00421523070767005	0.00153314982490058	5	51	340	TRUE	TRUE	-0.00225538364463272	-0.00198847890091978
"SSC/23-105334B1"	"SSc-ILD"	"N4"	"Mast/Basophil"	-0.00136855650142254	0.0106255120229315	-0.0430591965641449	-0.00154791283323609	-0.00191215557175146	-0.00146615287003091	5	645	3274	TRUE	TRUE	-0.000179356331813557	-9.75963686083727e-05
"SSC/FO20-I-08293B1"	"SSc-ILD"	"N4"	"Mast/Basophil"	-0.00386045134913543	-0.0437034609465103	0.0410564590408953	-0.00366476180426735	-0.00273907095521972	-0.00371207969949002	5	168	592	TRUE	TRUE	0.000195689544868076	0.000148371649645414
"SSC/FO21-1-01756B1"	"SSc-ILD"	"N4"	"Mast/Basophil"	0.000702228611035714	-0.0873887482236591	-0.0292345162509422	0.000507649817549632	-0.00421406714334748	0.00062308690327112	5	305	1080	TRUE	TRUE	-0.000194578793486082	-7.91417077645948e-05
"HC/NL-55"	"HC"	"N4"	"B"	-0.0226389060496861	0.332679026117697	-0.214241089516486	-0.0202313569728553	0.00869830975181112	-0.0206978952439024	5	236	1480	TRUE	TRUE	0.00240754907683078	0.00194101080578362
"HC/NL-63"	"HC"	"N4"	"B"	-0.0285159174758476	0.252923738253749	-0.050993349724088	-0.0282042548571394	0.00370035625077196	-0.0280934302306996	5	153	868	TRUE	TRUE	0.000311662618708162	0.000422487245147967
"IPF/FO23-1-03100"	"IPF"	"N4"	"B"	-0.0240715180753288	0.0495165488721096	0.0304262797884585	-0.0241915987770953	0.00150902121827632	-0.0242555770118091	5	329	1248	TRUE	TRUE	-0.000120080701766424	-0.000184058936480214
"IPF/FO23-1-09473"	"IPF"	"N4"	"B"	-0.00744993559171116	-0.0830522119317667	-0.417488363675318	-0.0101945540304443	-0.00512959289711799	-0.00957025909965723	5	51	340	TRUE	TRUE	-0.00274461843873317	-0.00212032350794607
"SSC/23-105334B1"	"SSc-ILD"	"N4"	"B"	-0.0204179919762702	0.107386368198174	-0.0430591965641449	-0.0203518770033931	0.000704865629689623	-0.0201628730370922	5	645	3274	TRUE	TRUE	6.61149728770454e-05	0.000255118939177949
"SSC/FO20-I-08293B1"	"SSc-ILD"	"N4"	"B"	-0.0244349040951491	0.319279290355424	0.0410564590408953	-0.0248771409838837	0.00618999966541931	-0.0250295298518421	5	168	592	TRUE	TRUE	-0.000442236888734564	-0.000594625756693012
"SSC/FO21-1-01756B1"	"SSc-ILD"	"N4"	"B"	-0.0188773370041986	0.215388142972827	-0.0292345162509422	-0.0188060348275611	0.00154421843426497	-0.0188692842301315	5	305	1080	TRUE	TRUE	7.13021766375714e-05	8.05277406716598e-06
"HC/NL-55"	"HC"	"N4"	"Ciliated epithelial"	-0.0146552935814006	0.164020203968361	-0.214241089516486	-0.00960325168187913	0.0182526810124364	-0.0125648361394757	5	236	1480	TRUE	TRUE	0.00505204189952148	0.00209045744192495
"HC/NL-63"	"HC"	"N4"	"Ciliated epithelial"	-0.0102153073978778	0.058138507185889	-0.050993349724088	-0.0100604450585998	0.0018386735872681	-0.010304555657407	5	153	868	TRUE	TRUE	0.000154862339278014	-8.92482595291518e-05
"IPF/FO23-1-03100"	"IPF"	"N4"	"Ciliated epithelial"	-0.00564642686060496	0.0832246627521721	0.0304262797884585	-0.00574374176150067	0.00122292964769101	-0.00580345062200412	5	329	1248	TRUE	TRUE	-9.7314900895709e-05	-0.000157023761399161
"IPF/FO23-1-09473"	"IPF"	"N4"	"Ciliated epithelial"	0.00753537367504163	-0.111853110482192	-0.417488363675318	0.00576118112444461	-0.00331590190360424	0.00561115085296361	5	51	340	TRUE	TRUE	-0.00177419255059702	-0.00192422282207803
"SSC/23-105334B1"	"SSc-ILD"	"N4"	"Ciliated epithelial"	-0.00134295523400535	-0.012845437555878	-0.0430591965641449	-0.0015392726648119	-0.00209298141500036	-0.00140930406841037	5	645	3274	TRUE	TRUE	-0.000196317430806554	-6.6348834405025e-05
"SSC/FO20-I-08293B1"	"SSc-ILD"	"N4"	"Ciliated epithelial"	-0.0097049961307616	0.0350304261488045	0.0410564590408953	-0.00961480193660313	-0.00126245016162937	-0.0097101158509767	5	168	592	TRUE	TRUE	9.01941941584706e-05	-5.11972021509897e-06
"SSC/FO21-1-01756B1"	"SSc-ILD"	"N4"	"Ciliated epithelial"	-0.00235701839349459	-0.00531393206626384	-0.0292345162509422	-0.00252335002267301	-0.00360230753240258	-0.00245753846820929	5	305	1080	TRUE	TRUE	-0.000166331629178426	-0.000100520074714708
"HC/NL-55"	"HC"	"N4"	"AT2/alveolar transitional"	0.00236720291799417	-0.379711647972793	-0.214241089516486	0.00021355498693103	-0.00778098231974537	0.000952924935057789	5	236	1480	TRUE	TRUE	-0.00215364793106314	-0.00141427798293638
"HC/NL-63"	"HC"	"N4"	"AT2/alveolar transitional"	-0.00270357917948225	-0.196178512318546	-0.050993349724088	-0.00293370569321037	-0.00273228174450579	-0.00291169411803701	5	153	868	TRUE	TRUE	-0.000230126513728118	-0.000208114938554756
"IPF/FO23-1-03100"	"IPF"	"N4"	"AT2/alveolar transitional"	-0.00230621005139398	-0.0318202372066575	0.0304262797884585	-0.00225124724377357	-0.000690702516681965	-0.00226429977189267	5	329	1248	TRUE	TRUE	5.49628076204171e-05	4.19102795013171e-05
"IPF/FO23-1-09473"	"IPF"	"N4"	"AT2/alveolar transitional"	-0.00989418429243844	0.371359031686573	-0.417488363675318	-0.00608366766163328	0.00712171818416866	-0.00419489814852901	5	51	340	TRUE	TRUE	0.00381051663080516	0.00569928614390943
"SSC/23-105334B1"	"SSc-ILD"	"N4"	"AT2/alveolar transitional"	9.45967589983249e-06	0.104279370848686	-0.0430591965641449	9.29724989958522e-05	0.000890347769608198	0.000187349217631862	5	645	3274	TRUE	TRUE	8.35128230960197e-05	0.000177889541732029
"SSC/FO20-I-08293B1"	"SSc-ILD"	"N4"	"AT2/alveolar transitional"	-0.003170930331292	-0.110176518566205	0.0410564590408953	-0.0030114522276105	-0.00223221859952763	-0.00303905767848879	5	168	592	TRUE	TRUE	0.000159478103681505	0.000131872652803212
"SSC/FO21-1-01756B1"	"SSc-ILD"	"N4"	"AT2/alveolar transitional"	0.000335309805341549	0.0327639146702324	-0.0292345162509422	0.00038661093616332	0.00111104815657891	0.000445572602313622	5	305	1080	TRUE	TRUE	5.13011308217708e-05	0.000110262796972073
"HC/NL-55"	"HC"	"N4"	"Secretory/other airway epithelial"	0.000123392559287365	-0.0316556506932353	-0.214241089516486	-3.04665202420937e-05	-0.000555882305683941	-0.000126424967450159	5	236	1480	FALSE	FALSE	-0.000153859079529458	-0.000249817526737524
"HC/NL-63"	"HC"	"N4"	"Secretory/other airway epithelial"	-0.000427838846246427	0.0449541993147344	-0.050993349724088	-0.000528158354329037	-0.001191089006266	-0.000475747668921535	5	153	868	TRUE	TRUE	-0.00010031950808261	-4.79088226751076e-05
"IPF/FO23-1-03100"	"IPF"	"N4"	"Secretory/other airway epithelial"	-0.00046077795040532	0.109335200779936	0.0304262797884585	-0.000460135914151311	-8.06829337220455e-06	-0.00050240555033036	5	329	1248	TRUE	TRUE	6.42036254008447e-07	-4.16275999250409e-05
"IPF/FO23-1-09473"	"IPF"	"N4"	"Secretory/other airway epithelial"	0.00222046377108807	-0.209140586796487	-0.417488363675318	0.00137064575971091	-0.00158827922070501	0.00097398874970175	5	51	340	TRUE	TRUE	-0.000849818011377161	-0.00124647502138632
"SSC/23-105334B1"	"SSc-ILD"	"N4"	"Secretory/other airway epithelial"	0.000781786572788677	0.0794081644642243	-0.0430591965641449	0.000736887247606976	-0.000478681148001866	0.000741654786254654	5	645	3274	TRUE	TRUE	-4.48993251817008e-05	-4.01317865340236e-05
"SSC/FO20-I-08293B1"	"SSc-ILD"	"N4"	"Secretory/other airway epithelial"	-0.00101665263422675	0.12795499237285	0.0410564590408953	-0.000982097540798746	-0.000483668418909647	-0.00100580770823237	5	168	592	TRUE	TRUE	3.45550934279998e-05	1.0844925994372e-05
"SSC/FO21-1-01756B1"	"SSc-ILD"	"N4"	"Secretory/other airway epithelial"	-0.000307875808273562	0.0528884840896873	-0.0292345162509422	-0.000351805211599234	-0.000951395842603161	-0.000356143680464296	5	305	1080	TRUE	TRUE	-4.39294033256719e-05	-4.82678721907343e-05
"HC/NL-55"	"HC"	"N4"	"AT1"	-0.0163477556207188	0.225791534889315	-0.214241089516486	-0.0129400877159423	0.012311670508526	-0.0145596851626746	5	236	1480	TRUE	TRUE	0.00340766790477648	0.00178807045804423
"HC/NL-63"	"HC"	"N4"	"AT1"	0.0184399651989139	0.15668198484429	-0.050993349724088	0.0191282986243727	0.00817255179356616	0.0188908841519558	5	153	868	TRUE	TRUE	0.000688333425458834	0.0004509189530419
"IPF/FO23-1-03100"	"IPF"	"N4"	"AT1"	0.0139824351022374	0.0658600584175896	0.0304262797884585	0.0136314204074392	0.0044111053198601	0.013703656721968	5	329	1248	TRUE	TRUE	-0.000351014694798212	-0.000278778380269362
"IPF/FO23-1-09473"	"IPF"	"N4"	"AT1"	-0.0264000697017404	0.284211797054832	-0.417488363675318	-0.0173903408544637	0.0168388583446563	-0.02027843617668	5	51	340	TRUE	TRUE	0.00900972884727674	0.00612163352506045
"SSC/23-105334B1"	"SSc-ILD"	"N4"	"AT1"	-0.0158135874944554	0.112116265997846	-0.0430591965641449	-0.0151644616699191	0.00692046692528976	-0.0154455772690329	5	645	3274	TRUE	TRUE	0.000649125824536256	0.000368010225422466
"SSC/FO20-I-08293B1"	"SSc-ILD"	"N4"	"AT1"	0.0180510066039973	0.13044476794119	0.0410564590408953	0.0173478414785869	0.00984221805529488	0.017685382467894	5	168	592	TRUE	TRUE	-0.000703165125410372	-0.000365624136103238
"SSC/FO21-1-01756B1"	"SSc-ILD"	"N4"	"AT1"	-0.000463345537910359	0.0523689808182973	-0.0292345162509422	-5.14496227199192e-05	0.00892058693338266	-0.000348984566498045	5	305	1080	TRUE	TRUE	0.00041189591519044	0.000114360971412314
"HC/NL-55"	"HC"	"N4"	"Blood endothelial"	-0.00961398957103977	0.0827026432256101	-0.214241089516486	-0.0104699092312672	-0.00309237905011847	-0.00937574737534183	5	236	1480	TRUE	TRUE	-0.000855919660227446	0.00023824219569794
"HC/NL-63"	"HC"	"N4"	"Blood endothelial"	-0.0148979797346351	-0.00150250356523686	-0.050993349724088	-0.0148277317346074	0.000834051343996214	-0.0149799538838453	5	153	868	TRUE	TRUE	7.02480000277159e-05	-8.1974149210115e-05
"IPF/FO23-1-03100"	"IPF"	"N4"	"Blood endothelial"	-0.0170487923720512	0.0345460516864329	0.0304262797884585	-0.0171432540212571	0.00118707361689008	-0.0171225492184722	5	329	1248	TRUE	TRUE	-9.44616492058702e-05	-7.37568464209623e-05
"IPF/FO23-1-09473"	"IPF"	"N4"	"Blood endothelial"	-0.0240432129729863	0.306756567059028	-0.417488363675318	-0.019429182376504	0.008623456813082	-0.0194842660203028	5	51	340	TRUE	TRUE	0.00461403059648222	0.00455894695268348
"SSC/23-105334B1"	"SSc-ILD"	"N4"	"Blood endothelial"	-0.0192543352695799	0.123227407693844	-0.0430591965641449	-0.0189859119454717	0.00286171750722199	-0.0189937690816419	5	645	3274	TRUE	TRUE	0.000268423324108143	0.000260566187937985
"SSC/FO20-I-08293B1"	"SSc-ILD"	"N4"	"Blood endothelial"	-0.0113049366310567	0.090435108645602	0.0410564590408953	-0.0114148641408346	0.0015386578236227	-0.0114463908996489	5	168	592	TRUE	TRUE	-0.000109927509777907	-0.000141454268592151
"SSC/FO21-1-01756B1"	"SSc-ILD"	"N4"	"Blood endothelial"	-0.0188010545189721	0.127869615409312	-0.0292345162509422	-0.0184432698401184	0.00774867924987713	-0.0186707476963973	5	305	1080	TRUE	TRUE	0.000357784678853709	0.000130306822574838
"HC/NL-55"	"HC"	"N4"	"Perivascular/mesothelial stromal"	-0.000611051594414651	0.00946569828368717	-0.214241089516486	-0.0017788570612101	-0.0042192010862005	-0.00104864400297443	5	236	1480	TRUE	TRUE	-0.00116780546679545	-0.00043759240855978
"HC/NL-63"	"HC"	"N4"	"Perivascular/mesothelial stromal"	-0.00696971197744977	0.160980705738825	-0.050993349724088	-0.00693262137534125	0.000440375050190513	-0.00657942718385196	5	153	868	TRUE	TRUE	3.70906021085211e-05	0.000390284793597815
"IPF/FO23-1-03100"	"IPF"	"N4"	"Perivascular/mesothelial stromal"	-0.00900514026281127	-0.0596913662543755	0.0304262797884585	-0.00894147699838846	-0.0008000387691407	-0.0088419605830257	5	329	1248	TRUE	TRUE	6.36632644228086e-05	0.000163179679785562
"IPF/FO23-1-09473"	"IPF"	"N4"	"Perivascular/mesothelial stromal"	-0.000238707684065552	-0.0692151405139816	-0.417488363675318	-0.00306867672743462	-0.00528911009962904	-0.00188997422201363	5	51	340	TRUE	TRUE	-0.00282996904336907	-0.00165126653794808
"SSC/23-105334B1"	"SSc-ILD"	"N4"	"Perivascular/mesothelial stromal"	-0.00429929471885078	0.0448480800133628	-0.0430591965641449	-0.00441212668513063	-0.00120292532084554	-0.0042908443614712	5	645	3274	TRUE	TRUE	-0.000112831966279847	8.45035737958265e-06
"SSC/FO20-I-08293B1"	"SSc-ILD"	"N4"	"Perivascular/mesothelial stromal"	-0.00526494440423871	-0.00425188942943693	0.0410564590408953	-0.00525775388776515	-0.00010064582059674	-0.00522517385573241	5	168	592	TRUE	TRUE	7.1905164735547e-06	3.97705485062948e-05
"SSC/FO21-1-01756B1"	"SSc-ILD"	"N4"	"Perivascular/mesothelial stromal"	-0.00635766531322141	0.0379363820816064	-0.0292345162509422	-0.00641270382790438	-0.00119199010431634	-0.00635190024050814	5	305	1080	TRUE	TRUE	-5.50385146829728e-05	5.76507271326902e-06
"HC/NL-55"	"HC"	"N4"	"Fibroblast"	-0.00161609768385147	0.345993842800387	-0.214241089516486	0.000305063618049732	0.00694102406798349	0.000475930992754224	5	236	1480	FALSE	FALSE	0.0019211613019012	0.0020920286766057
"HC/NL-63"	"HC"	"N4"	"Fibroblast"	-0.00547285377302777	0.178294187763379	-0.050993349724088	-0.00477147610890455	0.00832742545238822	-0.00465401592438152	5	153	868	TRUE	TRUE	0.000701377664123213	0.000818837848646245
"IPF/FO23-1-03100"	"IPF"	"N4"	"Fibroblast"	-0.0044929561349807	0.0534673956210815	0.0304262797884585	-0.004552548184598	0.000748876930183391	-0.00460675911773256	5	329	1248	TRUE	TRUE	-5.95920496173005e-05	-0.00011380298275186
"IPF/FO23-1-09473"	"IPF"	"N4"	"Fibroblast"	-0.0115233173599833	0.172696333122784	-0.417488363675318	-0.00949851307155352	0.00378428620510841	-0.00861375319530309	5	51	340	TRUE	TRUE	0.00202480428842974	0.00290956416468017
"SSC/23-105334B1"	"SSc-ILD"	"N4"	"Fibroblast"	-0.00574547614891112	0.152701885419821	-0.0430591965641449	-0.00548324169751481	0.00279573663372319	-0.00542497181563513	5	645	3274	TRUE	TRUE	0.000262234451396311	0.000320504333275992
"SSC/FO20-I-08293B1"	"SSc-ILD"	"N4"	"Fibroblast"	-0.0046825204457558	0.115280993196756	0.0410564590408953	-0.00479661867701484	0.00159703550587759	-0.00487266021051162	5	168	592	TRUE	TRUE	-0.000114098231259034	-0.00019013976475582
"SSC/FO21-1-01756B1"	"SSc-ILD"	"N4"	"Fibroblast"	-0.0064137013124686	0.316911907136593	-0.0292345162509422	-0.0060443943633946	0.00799822145065976	-0.0062266426563869	5	305	1080	TRUE	TRUE	0.000369306949074	0.000187058656081702
"HC/NL-55"	"HC"	"N4"	"Lymphatic endothelial"	0.0553496039529315	-0.0168327954704383	-0.214241089516486	0.056728887097227	0.00498325543599271	0.0553194647225261	5	236	1480	TRUE	TRUE	0.00137928314429559	-3.01392304053946e-05
"HC/NL-63"	"HC"	"N4"	"Lymphatic endothelial"	0.0563526123933019	-0.125914928101548	-0.050993349724088	0.0564538559775525	0.00120206052103478	0.0560860199164389	5	153	868	TRUE	TRUE	0.000101243584250538	-0.000266592476862997
"IPF/FO23-1-03100"	"IPF"	"N4"	"Lymphatic endothelial"	0.0564464435120385	-0.0719710798108394	0.0304262797884585	0.056508102353917	-0.000774849741209382	0.0566548892659868	5	329	1248	TRUE	TRUE	6.16588418785383e-05	0.000208445753948336
"IPF/FO23-1-09473"	"IPF"	"N4"	"Lymphatic endothelial"	0.0590893847141078	-0.276210294496036	-0.417488363675318	0.0581488119902511	-0.00175789650591528	0.054817221960276	5	51	340	TRUE	TRUE	-0.000940572723856795	-0.00427216275383183
"SSC/23-105334B1"	"SSc-ILD"	"N4"	"Lymphatic endothelial"	0.0695638947963638	-0.190738878157575	-0.0430591965641449	0.0695303607275274	-0.00035751376001503	0.0689745721959292	5	645	3274	TRUE	TRUE	-3.35340688363134e-05	-0.00058932260043458
"SSC/FO20-I-08293B1"	"SSc-ILD"	"N4"	"Lymphatic endothelial"	0.053227751211441	-0.0623179844796974	0.0410564590408953	0.0530225206318776	0.00287261703215612	0.0532976918652007	5	168	592	TRUE	TRUE	-0.000205230579563398	6.99406537596758e-05
"SSC/FO21-1-01756B1"	"SSc-ILD"	"N4"	"Lymphatic endothelial"	0.058893120217456	-0.0370269104264089	-0.0292345162509422	0.0589470645866053	0.00116829377718445	0.0589770025714868	5	305	1080	TRUE	TRUE	5.39443691492808e-05	8.38823540308259e-05
"HC/NL-55"	"HC"	"N4"	"Plasma"	0.000366175741144745	0.138899582292576	-0.214241089516486	0.000310392209968279	-0.000201542073593625	0.000404463711813751	5	236	1480	TRUE	TRUE	-5.57835311764659e-05	3.82879706690056e-05
"HC/NL-63"	"HC"	"N4"	"Plasma"	-0.000350358544900951	0.229258613678919	-0.050993349724088	-0.00033457643720834	0.000187380254625	-0.000351193485102182	5	153	868	TRUE	TRUE	1.57821076926118e-05	-8.34940201230902e-07
"IPF/FO23-1-03100"	"IPF"	"N4"	"Plasma"	-4.41380233334003e-05	0.038266197100352	0.0304262797884585	-3.74065460223073e-05	-8.45926276524918e-05	-3.63649975718482e-05	5	329	1248	TRUE	TRUE	6.73147731109301e-06	7.77302576155207e-06
"IPF/FO23-1-09473"	"IPF"	"N4"	"Plasma"	0.000107399553231101	-0.0448265735890466	-0.417488363675318	-0.000148653547734475	-0.00047855401299586	-9.61112747408818e-05	5	51	340	FALSE	FALSE	-0.000256053100965576	-0.000203510827971983
"SSC/23-105334B1"	"SSc-ILD"	"N4"	"Plasma"	-5.91743183399394e-06	0.16741950122678	-0.0430591965641449	-1.2949996039063e-05	-7.49756459247954e-05	-1.12827784939779e-05	5	645	3274	TRUE	TRUE	-7.03256420506908e-06	-5.36534665998394e-06
"SSC/FO20-I-08293B1"	"SSc-ILD"	"N4"	"Plasma"	-8.52632601257924e-05	0.122183987653527	0.0410564590408953	-8.86413827122331e-05	4.72836577238766e-05	-8.85234172746852e-05	5	168	592	TRUE	TRUE	-3.37812258644078e-06	-3.26015714889284e-06
"SSC/FO21-1-01756B1"	"SSc-ILD"	"N4"	"Plasma"	0.00019961650539588	0.181313558349492	-0.0292345162509422	0.000202666328551993	6.60511833017276e-05	0.000206389421739136	5	305	1080	TRUE	TRUE	3.04982315611305e-06	6.77291634325659e-06
"HC/NL-55"	"HC"	"N4"	"Basal-like epithelial"	0.000442689445267146	-0.305211161115095	-0.214241089516486	-0.00257095147438683	-0.010888078025973	-0.00122608247912047	5	236	1480	FALSE	FALSE	-0.00301364091965398	-0.00166877192438762
"HC/NL-63"	"HC"	"N4"	"Basal-like epithelial"	-0.00508217268495501	-0.0956109779538751	-0.050993349724088	-0.00573787578979659	-0.00778513346485399	-0.00550331766968519	5	153	868	TRUE	TRUE	-0.000655703104841586	-0.000421144984730179
"IPF/FO23-1-03100"	"IPF"	"N4"	"Basal-like epithelial"	-0.00381878086532778	0.0262243217910239	0.0304262797884585	-0.00370202063352074	-0.00146729378372691	-0.00375831769902364	5	329	1248	TRUE	TRUE	0.000116760231807041	6.04631663041399e-05
"IPF/FO23-1-09473"	"IPF"	"N4"	"Basal-like epithelial"	0.00543874388953458	-0.211495856318223	-0.417488363675318	0.00131995523749898	-0.00769786747624056	0.00204568275290063	5	51	340	TRUE	TRUE	-0.0041187886520356	-0.00339306113663395
"SSC/23-105334B1"	"SSc-ILD"	"N4"	"Basal-like epithelial"	-0.00199627403058607	0.0107283080315674	-0.0430591965641449	-0.00226265806345056	-0.00283997619440848	-0.00217560333213901	5	645	3274	TRUE	TRUE	-0.000266384032864485	-0.00017932930155294
"SSC/FO20-I-08293B1"	"SSc-ILD"	"N4"	"Basal-like epithelial"	-0.00235526042180986	-0.0940933497191726	0.0410564590408953	-0.0020396863957418	-0.00441709673149376	-0.00209726027136667	5	168	592	TRUE	TRUE	0.000315574026068056	0.000258000150443192
"SSC/FO21-1-01756B1"	"SSc-ILD"	"N4"	"Basal-like epithelial"	-0.00357644152630601	-0.191129213050776	-0.0292345162509422	-0.00394076369118532	-0.00789026407814373	-0.00373649235623741	5	305	1080	TRUE	TRUE	-0.000364322164879316	-0.000160050829931403
"HC/NL-55"	"HC"	"N4"	"Myofibroblast"	0.000422011273877875	-0.107973176692317	-0.214241089516486	-0.000520547945720035	-0.00340540183807331	-0.000245445365063677	5	236	1480	FALSE	FALSE	-0.00094255921959791	-0.000667456638941552
"HC/NL-63"	"HC"	"N4"	"Myofibroblast"	0.000347940440663459	-0.172720372656097	-0.050993349724088	0.000174089926957973	-0.00206411932799615	0.000110717446745333	5	153	868	TRUE	TRUE	-0.000173850513705486	-0.000237222993918126
"IPF/FO23-1-03100"	"IPF"	"N4"	"Myofibroblast"	-0.0011349276394212	0.00654105120622099	0.0304262797884585	-0.00113070703455845	-5.30391828014193e-05	-0.0011394872230263	5	329	1248	TRUE	TRUE	4.22060486275785e-06	-4.55958360509384e-06
"IPF/FO23-1-09473"	"IPF"	"N4"	"Myofibroblast"	0.00308656927565321	-0.0892208560399502	-0.417488363675318	0.00192203841286916	-0.0021764661921348	0.00189860966907747	5	51	340	TRUE	TRUE	-0.00116453086278405	-0.00118795960657574
"SSC/23-105334B1"	"SSc-ILD"	"N4"	"Myofibroblast"	0.000176237239843204	-0.0345032897769284	-0.0430591965641449	3.36045254334588e-05	-0.00152063736370226	4.0986521840837e-05	5	645	3274	TRUE	TRUE	-0.000142632714409745	-0.000135250718002367
"SSC/FO20-I-08293B1"	"SSc-ILD"	"N4"	"Myofibroblast"	-0.000963762817645375	-0.0535577351362296	0.0410564590408953	-0.000825362349773574	-0.00193719445763919	-0.000886665796242746	5	168	592	TRUE	TRUE	0.000138400467871801	7.70970214026285e-05
"SSC/FO21-1-01756B1"	"SSc-ILD"	"N4"	"Myofibroblast"	0.0015574516018418	-0.0375853101494337	-0.0292345162509422	0.00151465824160439	-0.000926792124152996	0.0015318957766752	5	305	1080	TRUE	TRUE	-4.27933602374141e-05	-2.55558251666039e-05
"HC/NL-55"	"HC"	"N5"	"Alveolar/resident macrophage"	0.00270467734759786	-0.107967206475433	-0.483446345644042	0.000904094999429412	-0.00288288418081302	0.00101070865312575	5	63	1610	TRUE	TRUE	-0.00180058234816845	-0.00169396869447212
"HC/NL-63"	"HC"	"N5"	"Alveolar/resident macrophage"	0.000422334796508344	0.216539183805594	-0.0200030584244368	0.000429790796027098	0.000225674158410935	0.000387634275804675	5	158	875	TRUE	TRUE	7.45599951875413e-06	-3.47005207036687e-05
"IPF/FO23-1-03100"	"IPF"	"N5"	"Alveolar/resident macrophage"	6.64861815756548e-05	-0.0243395459680887	0.0122530044608675	9.53577420997236e-05	-0.000900945769646778	6.74927380284705e-05	5	318	1317	TRUE	TRUE	2.88715605240687e-05	1.00655645281569e-06
"IPF/FO23-1-09473"	"IPF"	"N5"	"Alveolar/resident macrophage"	0.00230764989655667	0.21474177569869	0.170660885157573	0.00215149660402737	0.000713941208289183	0.0020228287205462	5	73	396	TRUE	TRUE	-0.000156153292529302	-0.000284821176010465
"SSC/23-105334B1"	"SSc-ILD"	"N5"	"Alveolar/resident macrophage"	-3.51843273563197e-05	0.0826691524029746	0.0379122431878702	-4.14018542716757e-05	7.52853761727322e-05	-3.4533634809689e-05	5	932	2933	TRUE	TRUE	-6.21752691535595e-06	6.50692546630763e-07
"SSC/FO20-I-08293B1"	"SSc-ILD"	"N5"	"Alveolar/resident macrophage"	0.000575377273880672	0.00387492193142268	-0.0387577301111079	0.000505589664871726	-0.00103475405038031	0.000463666012606685	5	75	697	TRUE	TRUE	-6.97876090089456e-05	-0.000111711261273987
"SSC/FO21-1-01756B1"	"SSc-ILD"	"N5"	"Alveolar/resident macrophage"	0.000797321922160718	-0.00328826943864104	0.165754401170283	0.0010002964247897	-0.00077531515620085	0.000954161286999577	5	258	991	TRUE	TRUE	0.000202974502628983	0.000156839364838859
"HC/NL-55"	"HC"	"N5"	"Inflammatory monocyte/macrophage"	0.00313255650564974	-0.0178443423356661	-0.483446345644042	0.00134119723228836	-0.00286811726027363	0.00147413448247186	5	63	1610	TRUE	TRUE	-0.00179135927336138	-0.00165842202317788
"HC/NL-63"	"HC"	"N5"	"Inflammatory monocyte/macrophage"	0.000628203709916075	0.0227040362085768	-0.0200030584244368	0.000577286188757063	-0.00154114397499193	0.000644808890039971	5	158	875	TRUE	TRUE	-5.09175211590115e-05	1.66051801238961e-05
"IPF/FO23-1-03100"	"IPF"	"N5"	"Inflammatory monocyte/macrophage"	0.000361969635594112	0.0116009227118347	0.0122530044608675	0.000381950497479622	-0.000623508832321476	0.000377054675384121	5	318	1317	TRUE	TRUE	1.99808618855099e-05	1.50850397900086e-05
"IPF/FO23-1-09473"	"IPF"	"N5"	"Inflammatory monocyte/macrophage"	0.00148434033316018	0.100941000141266	0.170660885157573	0.00170214850044489	-0.000995830594460988	0.0015826605775601	5	73	396	TRUE	TRUE	0.000217808167284706	9.83202443999166e-05
"SSC/23-105334B1"	"SSc-ILD"	"N5"	"Inflammatory monocyte/macrophage"	-5.2079060184472e-05	0.0941507222514486	0.0379122431878702	-4.06461288463909e-05	-0.000138436479369386	-7.73141701150511e-05	5	932	2933	TRUE	TRUE	1.14329313380811e-05	-2.52351099305791e-05
"SSC/FO20-I-08293B1"	"SSc-ILD"	"N5"	"Inflammatory monocyte/macrophage"	0.000379100026480617	0.0941886350991104	-0.0387577301111079	0.000266420098029287	-0.00167072656618233	0.000377779609175101	5	75	697	TRUE	TRUE	-0.000112679928451329	-1.32041730551547e-06
"SSC/FO21-1-01756B1"	"SSc-ILD"	"N5"	"Inflammatory monocyte/macrophage"	0.000431114442851597	-0.0243986664686256	0.165754401170283	0.000929979982910753	-0.00190554975676554	0.000903086986328307	5	258	991	TRUE	TRUE	0.000498865540059156	0.00047197254347671
"HC/NL-55"	"HC"	"N5"	"Dendritic cell"	0.00243532556505191	-0.0193005058205965	-0.483446345644042	0.000679187257578	-0.00281172552373749	0.0013313049467833	5	63	1610	TRUE	TRUE	-0.00175613830747391	-0.00110402061826862
"HC/NL-63"	"HC"	"N5"	"Dendritic cell"	-5.21836973991705e-06	-0.0965799539718082	-0.0200030584244368	-8.60671761282637e-05	-0.00244708791815729	-1.7671542867724e-05	5	158	875	TRUE	TRUE	-8.08488063883467e-05	-1.2453173127807e-05
"IPF/FO23-1-03100"	"IPF"	"N5"	"Dendritic cell"	0.0010828808412021	-0.00262624222343313	0.0122530044608675	0.00107644076269992	0.000200964595524188	0.00108317012590157	5	318	1317	TRUE	TRUE	-6.44007850217343e-06	2.89284699471568e-07
"IPF/FO23-1-09473"	"IPF"	"N5"	"Dendritic cell"	0.00252262382227344	0.121150509823885	0.170660885157573	0.00231880598699296	0.00093186604799698	0.00230060697730537	5	73	396	TRUE	TRUE	-0.000203817835280478	-0.000222016844968067
"SSC/23-105334B1"	"SSc-ILD"	"N5"	"Dendritic cell"	0.000507511272540586	-0.00565239621896176	0.0379122431878702	0.000574187073840752	-0.000807348782053163	0.000587466121215954	5	932	2933	TRUE	TRUE	6.6675801300166e-05	7.99548486753676e-05
"SSC/FO20-I-08293B1"	"SSc-ILD"	"N5"	"Dendritic cell"	0.000252790971981179	-0.0614509619885912	-0.0387577301111079	0.000207218425123857	-0.000675712753544776	0.000240776861376557	5	75	697	TRUE	TRUE	-4.5572546857322e-05	-1.20141106046218e-05
"SSC/FO21-1-01756B1"	"SSc-ILD"	"N5"	"Dendritic cell"	0.00128699765702953	0.00900791866604541	0.165754401170283	0.00164426820019085	-0.00136468996543608	0.00147920617775338	5	258	991	TRUE	TRUE	0.000357270543161317	0.000192208520723852
"HC/NL-55"	"HC"	"N5"	"T"	0.00505284397448514	-0.135972244441915	-0.483446345644042	0.00237729696262624	-0.00428377639231854	0.00219052269457114	5	63	1610	TRUE	TRUE	-0.0026755470118589	-0.00286232127991401
"HC/NL-63"	"HC"	"N5"	"T"	0.00038260377744951	-0.00258479171370046	-0.0200030584244368	0.000315561070948099	-0.00202921235834123	0.000422638600317925	5	158	875	TRUE	TRUE	-6.70427065014112e-05	4.0034822868415e-05
"IPF/FO23-1-03100"	"IPF"	"N5"	"T"	0.00138698370728939	0.00575136305478922	0.0122530044608675	0.00144150999945423	-0.0017015094220242	0.00136479998632661	5	318	1317	TRUE	TRUE	5.45262921648429e-05	-2.21837209627748e-05
"IPF/FO23-1-09473"	"IPF"	"N5"	"T"	0.00125242121977982	-0.125484140649148	0.170660885157573	0.00178285925830137	-0.00242519109274326	0.0022589945530723	5	73	396	TRUE	TRUE	0.000530438038521552	0.00100657333329248
"SSC/23-105334B1"	"SSc-ILD"	"N5"	"T"	0.00146090459557906	-0.028811249276863	0.0379122431878702	0.00159032774303825	-0.00156712957974138	0.00162021072810732	5	932	2933	TRUE	TRUE	0.000129423147459188	0.000159306132528259
"SSC/FO20-I-08293B1"	"SSc-ILD"	"N5"	"T"	0.00156142198573739	-0.0561397807980178	-0.0387577301111079	0.00135838893529426	-0.00301040935906234	0.00134970983712585	5	75	697	TRUE	TRUE	-0.000203033050443138	-0.000211712148611547
"SSC/FO21-1-01756B1"	"SSc-ILD"	"N5"	"T"	0.00127408605263771	-0.155862710165532	0.165754401170283	0.00220381177260209	-0.00355133493351096	0.00221509453761607	5	258	991	TRUE	TRUE	0.000929725719964381	0.000941008484978358
"HC/NL-55"	"HC"	"N5"	"NK"	0.00658328437675536	-0.148662528294079	-0.483446345644042	0.0045847045355438	-0.00319989486411508	0.00403418150211567	5	63	1610	TRUE	TRUE	-0.00199857984121156	-0.00254910287463969
"HC/NL-63"	"HC"	"N5"	"NK"	0.0025041497174177	-0.0585185614130698	-0.0200030584244368	0.00243140800776369	-0.0022017067015876	0.00253143964642558	5	158	875	TRUE	TRUE	-7.27417096540168e-05	2.72899290078748e-05
"IPF/FO23-1-03100"	"IPF"	"N5"	"NK"	-0.00091082200901366	-0.0461476140799474	0.0122530044608675	-0.000863579808916119	-0.00147420712819262	-0.000880230818937575	5	318	1317	TRUE	TRUE	4.72422000975412e-05	3.05911900760854e-05
"IPF/FO23-1-09473"	"IPF"	"N5"	"NK"	0.000817641863930418	-0.0282977674318308	0.170660885157573	0.00144613645383076	-0.0028735108920772	0.00132713804318176	5	73	396	TRUE	TRUE	0.000628494589900344	0.000509496179251339
"SSC/23-105334B1"	"SSc-ILD"	"N5"	"NK"	6.71100804225996e-05	-0.00234273932935998	0.0379122431878702	0.000173051609296684	-0.00128280069586572	0.000180931798623031	5	932	2933	TRUE	TRUE	0.000105941528874085	0.000113821718200431
"SSC/FO20-I-08293B1"	"SSc-ILD"	"N5"	"NK"	-0.000308354241088327	0.0657818557155006	-0.0387577301111079	-0.00048103401050923	-0.00256035553251557	-0.00031955046111217	5	75	697	TRUE	TRUE	-0.000172679769420903	-1.11962200238437e-05
"SSC/FO21-1-01756B1"	"SSc-ILD"	"N5"	"NK"	-0.000558892509894941	-0.069634099343283	0.165754401170283	7.22030154431133e-05	-0.00241063739271529	1.07591604867174e-05	5	258	991	FALSE	FALSE	0.000631095525338054	0.000569651670381658
"HC/NL-55"	"HC"	"N5"	"Mast/Basophil"	0.0057953342462829	-0.114489750889242	-0.483446345644042	0.00318941300777093	-0.00417229965771484	0.00356912532805906	5	63	1610	TRUE	TRUE	-0.00260592123851197	-0.00222620891822384
"HC/NL-63"	"HC"	"N5"	"Mast/Basophil"	-0.00152326927808878	0.00864507583358985	-0.0200030584244368	-0.00161940820010028	-0.00290988086316444	-0.00143899480499295	5	158	875	TRUE	TRUE	-9.61389220114977e-05	8.42744730958273e-05
"IPF/FO23-1-03100"	"IPF"	"N5"	"Mast/Basophil"	0.00144550797982407	-0.00392805072547694	0.0122530044608675	0.00146945515263113	-0.000747278763040853	0.00146991233897325	5	318	1317	TRUE	TRUE	2.39471728070604e-05	2.44043591491792e-05
"IPF/FO23-1-09473"	"IPF"	"N5"	"Mast/Basophil"	0.000143307092699024	-0.287854622129178	0.170660885157573	0.00110030339067897	-0.00437543827761329	0.00182190969881244	5	73	396	TRUE	TRUE	0.000956996297979947	0.00167860260611342
"SSC/23-105334B1"	"SSc-ILD"	"N5"	"Mast/Basophil"	0.00245498858737907	-0.0542464631693033	0.0379122431878702	0.00261455192777406	-0.00193208429469329	0.00264637463549502	5	932	2933	TRUE	TRUE	0.000159563340394987	0.000191386048115944
"SSC/FO20-I-08293B1"	"SSc-ILD"	"N5"	"Mast/Basophil"	0.00318919310782729	-0.0179538395466799	-0.0387577301111079	0.00300261117007534	-0.00276648560623326	0.00332861650375086	5	75	697	TRUE	TRUE	-0.000186581937751952	0.00013942339592357
"SSC/FO21-1-01756B1"	"SSc-ILD"	"N5"	"Mast/Basophil"	-0.00125915765401977	-0.137716616224602	0.165754401170283	-0.000156714075139507	-0.00421107678300286	-0.000310142136476475	5	258	991	TRUE	TRUE	0.00110244357888026	0.000949015517543291
"HC/NL-55"	"HC"	"N5"	"B"	-0.0209340311249781	0.216719096807918	-0.483446345644042	-0.0155444000728785	0.00862925381686606	-0.0158574070936494	5	63	1610	TRUE	TRUE	0.00538963105209953	0.0050766240313287
"HC/NL-63"	"HC"	"N5"	"B"	-0.0186383312201197	0.187372147716508	-0.0200030584244368	-0.0185073937285765	0.00396314513353132	-0.01871864398162	5	158	875	TRUE	TRUE	0.000130937491543238	-8.03127615002369e-05
"IPF/FO23-1-03100"	"IPF"	"N5"	"B"	-0.0157681457427898	0.113411091365842	0.0122530044608675	-0.0158082389894387	0.00125112187578985	-0.0157915378072808	5	318	1317	TRUE	TRUE	-4.00932466489423e-05	-2.33920644910693e-05
"IPF/FO23-1-09473"	"IPF"	"N5"	"B"	-0.00655992993035118	0.101582153318759	0.170660885157573	-0.00569684511941168	-0.00394606993421383	-0.00673226322333879	5	73	396	TRUE	TRUE	0.000863084810939494	-0.000172333292987608
"SSC/23-105334B1"	"SSc-ILD"	"N5"	"B"	-0.0103519627248111	0.0512742266658069	0.0379122431878702	-0.010447817973475	0.00116067023947649	-0.0104425098939767	5	932	2933	TRUE	TRUE	-9.58552486638731e-05	-9.05471691655755e-05
"SSC/FO20-I-08293B1"	"SSc-ILD"	"N5"	"B"	-0.0218057416311967	0.243077039211368	-0.0387577301111079	-0.0214189886786061	0.0057344590232135	-0.0216317664468302	5	75	697	TRUE	TRUE	0.000386752952590629	0.000173975184366439
"SSC/FO21-1-01756B1"	"SSc-ILD"	"N5"	"B"	-0.014899070098404	0.118687396455988	0.165754401170283	-0.0155306904346818	0.00241264204783435	-0.0156089324390485	5	258	991	TRUE	TRUE	-0.000631620336277892	-0.000709862340644515
"HC/NL-55"	"HC"	"N5"	"Ciliated epithelial"	-0.0162957548983173	0.115562920123585	-0.483446345644042	-0.00481153977540478	0.018387196864711	-0.0142191857390052	5	63	1610	TRUE	TRUE	0.0114842151229125	0.00207656915931217
"HC/NL-63"	"HC"	"N5"	"Ciliated epithelial"	-0.00934444160194951	0.0278292977742815	-0.0200030584244368	-0.00928100095532871	0.00192018715923873	-0.00939851822462033	5	158	875	TRUE	TRUE	6.34406466208e-05	-5.40766226708213e-05
"IPF/FO23-1-03100"	"IPF"	"N5"	"Ciliated epithelial"	-0.00497339482303597	0.0451495603655855	0.0122530044608675	-0.00501082721266385	0.00116808902846593	-0.005015076787243	5	318	1317	TRUE	TRUE	-3.74323896278825e-05	-4.16819642070328e-05
"IPF/FO23-1-09473"	"IPF"	"N5"	"Ciliated epithelial"	-0.00423210107217668	-0.0498403185232293	0.170660885157573	-0.00340930830423805	-0.00376185255782257	-0.00362559432476007	5	73	396	TRUE	TRUE	0.000822792767938631	0.00060650674741661
"SSC/23-105334B1"	"SSc-ILD"	"N5"	"Ciliated epithelial"	-0.00265972329622018	0.0264221507792778	0.0379122431878702	-0.00249196985451975	-0.00203125473111892	-0.00255991451901995	5	932	2933	TRUE	TRUE	0.00016775344170043	9.9808777200225e-05
"SSC/FO20-I-08293B1"	"SSc-ILD"	"N5"	"Ciliated epithelial"	-0.00835338225700506	0.0847696358595457	-0.0387577301111079	-0.00845047570108096	-0.00143962282058381	-0.00828829391494233	5	75	697	TRUE	TRUE	-9.70934440758953e-05	6.50883420627302e-05
"SSC/FO21-1-01756B1"	"SSc-ILD"	"N5"	"Ciliated epithelial"	-0.00502609439047419	-0.140585624251428	0.165754401170283	-0.00413821212043348	-0.0033915027354102	-0.0041667463242861	5	258	991	TRUE	TRUE	0.000887882270040708	0.00085934806618809
"HC/NL-55"	"HC"	"N5"	"AT2/alveolar transitional"	0.00715427275273939	-0.268754152121808	-0.483446345644042	0.00238532403470964	-0.00763548905847089	0.0039987325771292	5	63	1610	TRUE	TRUE	-0.00476894871802974	-0.00315554017561019
"HC/NL-63"	"HC"	"N5"	"AT2/alveolar transitional"	-3.27644588524467e-05	-0.168134130476272	-0.0200030584244368	-0.000121860852076666	-0.00269672141308845	4.13636042344151e-05	5	158	875	TRUE	FALSE	-8.9096393224219e-05	7.41280630868618e-05
"IPF/FO23-1-03100"	"IPF"	"N5"	"AT2/alveolar transitional"	0.000882825137428885	-0.0192375504019239	0.0122530044608675	0.000906115576591749	-0.000726785191240515	0.000891625790611668	5	318	1317	TRUE	TRUE	2.32904391628642e-05	8.80065318278336e-06
"IPF/FO23-1-09473"	"IPF"	"N5"	"AT2/alveolar transitional"	0.00479363567629339	0.217668242552654	0.170660885157573	0.00312951342796366	0.00760845595676736	0.00359582700074878	5	73	396	TRUE	TRUE	-0.00166412224832973	-0.00119780867554461
"SSC/23-105334B1"	"SSc-ILD"	"N5"	"AT2/alveolar transitional"	0.00606310824181489	0.0836228024603483	0.0379122431878702	0.00599761896943413	0.000792981610469119	0.00592669817538937	5	932	2933	TRUE	TRUE	-6.54892723807588e-05	-0.000136410066425516
"SSC/FO20-I-08293B1"	"SSc-ILD"	"N5"	"AT2/alveolar transitional"	0.00133200636833032	-0.104735627601963	-0.0387577301111079	0.00117937810273281	-0.00226304810083557	0.00117050256255256	5	75	697	TRUE	TRUE	-0.000152628265597508	-0.000161503805777762
"SSC/FO21-1-01756B1"	"SSc-ILD"	"N5"	"AT2/alveolar transitional"	-0.000758082098978909	-0.0175324183148427	0.165754401170283	-0.00106085850626448	0.0011565351040067	-0.000998597417656717	5	258	991	TRUE	TRUE	-0.000302776407285571	-0.000240515318677809
"HC/NL-55"	"HC"	"N5"	"Secretory/other airway epithelial"	0.000463865803893319	0.0859094802546711	-0.483446345644042	0.000122551032899195	-0.000546473731111262	0.00013309783153454	5	63	1610	TRUE	TRUE	-0.000341314770994124	-0.00033076797235878
"HC/NL-63"	"HC"	"N5"	"Secretory/other airway epithelial"	0.000144836616446436	-0.0180872538060544	-0.0200030584244368	0.000105715238302775	-0.00118410470201645	0.000215373665373506	5	158	875	TRUE	TRUE	-3.91213781436611e-05	7.05370489270694e-05
"IPF/FO23-1-03100"	"IPF"	"N5"	"Secretory/other airway epithelial"	0.00028694831128215	0.024788071450807	0.0122530044608675	0.000287459860153267	-1.5963037086711e-05	0.000293484221296412	5	318	1317	TRUE	TRUE	5.11548871117687e-07	6.53591001426241e-06
"IPF/FO23-1-09473"	"IPF"	"N5"	"Secretory/other airway epithelial"	-0.00110517596421018	-0.169898044672409	0.170660885157573	-0.000734014984193891	-0.00169696785927775	-0.000697107265578381	5	73	396	TRUE	TRUE	0.000371160980016285	0.000408068698631794
"SSC/23-105334B1"	"SSc-ILD"	"N5"	"Secretory/other airway epithelial"	0.000376785001819428	0.0500404384624163	0.0379122431878702	0.00041773254538426	-0.000495816304874358	0.000432852305648537	5	932	2933	TRUE	TRUE	4.09475435648327e-05	5.60673038291097e-05
"SSC/FO20-I-08293B1"	"SSc-ILD"	"N5"	"Secretory/other airway epithelial"	9.38133874895091e-05	0.11074485841746	-0.0387577301111079	6.03739669239474e-05	-0.000495812600030098	0.000109690301581401	5	75	697	TRUE	TRUE	-3.34394205655617e-05	1.58769140918915e-05
"SSC/FO21-1-01756B1"	"SSc-ILD"	"N5"	"Secretory/other airway epithelial"	-0.000211589406688029	0.0603984555142066	0.165754401170283	3.71665574455145e-05	-0.00095018963805876	-3.90194277154171e-05	5	258	991	FALSE	TRUE	0.000248755964133543	0.000172569978972612
"HC/NL-55"	"HC"	"N5"	"AT1"	-0.0218152964912593	0.244607719959925	-0.483446345644042	-0.0143319845654924	0.0119814134537212	-0.0171584586686546	5	63	1610	TRUE	TRUE	0.00748331192576689	0.00465683782260469
"HC/NL-63"	"HC"	"N5"	"AT1"	0.0105348673557415	0.00793499598695566	-0.0200030584244368	0.0107987259581732	0.00798632938390579	0.0104941989914946	5	158	875	TRUE	TRUE	0.000263858602431694	-4.06683642468764e-05
"IPF/FO23-1-03100"	"IPF"	"N5"	"AT1"	0.00893529040262325	0.0280356805842631	0.0122530044608675	0.0087892566548141	0.00455702722418497	0.00898218827636357	5	318	1317	TRUE	TRUE	-0.000146033747809152	4.68978737403151e-05
"IPF/FO23-1-09473"	"IPF"	"N5"	"AT1"	-0.0186433147210223	0.254313487053532	0.170660885157573	-0.022864571469661	0.0192998117094195	-0.0211802940412292	5	73	396	TRUE	TRUE	-0.00422125674863874	-0.00253697932020687
"SSC/23-105334B1"	"SSc-ILD"	"N5"	"AT1"	-0.0203117980004969	0.0844561597121713	0.0379122431878702	-0.0209287646668218	0.00747058568341818	-0.0207248686752757	5	932	2933	TRUE	TRUE	-0.000616966666324926	-0.000413070674778786
"SSC/FO20-I-08293B1"	"SSc-ILD"	"N5"	"AT1"	0.0107438921660209	0.087018356857599	-0.0387577301111079	0.0114275867249342	0.0101372682644665	0.0108497890789748	5	75	697	TRUE	TRUE	0.000683694558913359	0.000105896912953891
"SSC/FO21-1-01756B1"	"SSc-ILD"	"N5"	"AT1"	0.00399567831198111	0.202506236805304	0.165754401170283	0.00168038127598143	0.00884389349335616	0.00233654540077111	5	258	991	TRUE	TRUE	-0.00231529703599968	-0.00165913291121
"HC/NL-55"	"HC"	"N5"	"Blood endothelial"	0.0444001862193523	0.0907778067319408	-0.483446345644042	0.0445888920385724	0.000302133929953809	0.0452570093103773	5	63	1610	TRUE	TRUE	0.000188705819220106	0.000856823091025062
"HC/NL-63"	"HC"	"N5"	"Blood endothelial"	0.0438139296829621	0.0174640645618209	-0.0200030584244368	0.043854126257057	0.00121664815120016	0.0436208358453882	5	158	875	TRUE	TRUE	4.01965740949098e-05	-0.000193093837573891
"IPF/FO23-1-03100"	"IPF"	"N5"	"Blood endothelial"	0.0411101761891962	-0.0475761690792959	0.0122530044608675	0.0410865089733279	0.000738542622171698	0.0411045626565197	5	318	1317	TRUE	TRUE	-2.36672158682727e-05	-5.61353267646697e-06
"IPF/FO23-1-09473"	"IPF"	"N5"	"Blood endothelial"	0.0394123366362343	0.230913399387519	0.170660885157573	0.0373876747482374	0.00925686247968292	0.0378889214010909	5	73	396	TRUE	TRUE	-0.00202466188799695	-0.00152341523514342
"SSC/23-105334B1"	"SSc-ILD"	"N5"	"Blood endothelial"	0.0433708827257897	-0.0171900133904388	0.0379122431878702	0.0431694129256808	0.0024395117053903	0.0434815450236129	5	932	2933	TRUE	TRUE	-0.000201469800108905	0.000110662297823153
"SSC/FO20-I-08293B1"	"SSc-ILD"	"N5"	"Blood endothelial"	0.0447450023582577	-0.0389817960679044	-0.0387577301111079	0.044858451629528	0.00168213375736273	0.0446857974255393	5	75	697	TRUE	TRUE	0.000113449271270272	-5.92049327184721e-05
"SSC/FO21-1-01756B1"	"SSc-ILD"	"N5"	"Blood endothelial"	0.0478604669216564	0.247994485568689	0.165754401170283	0.0463488018029579	0.00577420741249323	0.046113030031832	5	258	991	TRUE	TRUE	-0.00151166511869858	-0.00174743688982441
"HC/NL-55"	"HC"	"N5"	"Perivascular/mesothelial stromal"	0.00526303374657332	0.0564877337028398	-0.483446345644042	0.00279336567801504	-0.00395414684251842	0.00505709750194163	5	63	1610	TRUE	TRUE	-0.00246966806855828	-0.000205936244631684
"HC/NL-63"	"HC"	"N5"	"Perivascular/mesothelial stromal"	3.84725473764058e-05	0.122634212626496	-0.0200030584244368	5.58501506686822e-05	0.000525975892064361	-1.83270261841617e-05	5	158	875	TRUE	FALSE	1.73776032922764e-05	-5.67995735605675e-05
"IPF/FO23-1-03100"	"IPF"	"N5"	"Perivascular/mesothelial stromal"	0.000814061013980724	0.0759882280564952	0.0122530044608675	0.000843842754977662	-0.000929348226313542	0.000759829356244643	5	318	1317	TRUE	TRUE	2.97817409969377e-05	-5.42316577360813e-05
"IPF/FO23-1-09473"	"IPF"	"N5"	"Perivascular/mesothelial stromal"	0.0017169966343402	0.00867518172320257	0.170660885157573	0.00282933042476252	-0.00508564960425628	0.00214696599501736	5	73	396	TRUE	TRUE	0.00111233379042232	0.000429969360677153
"SSC/23-105334B1"	"SSc-ILD"	"N5"	"Perivascular/mesothelial stromal"	0.00277857903488661	-0.00332983007400735	0.0379122431878702	0.00287656330050099	-0.00118644959583645	0.00281883161521901	5	932	2933	TRUE	TRUE	9.79842656143744e-05	4.02525803324034e-05
"SSC/FO20-I-08293B1"	"SSc-ILD"	"N5"	"Perivascular/mesothelial stromal"	0.000613633763645968	0.0438995209446696	-0.0387577301111079	0.000602582435597389	-0.000163860126788008	0.000512324814172513	5	75	697	TRUE	TRUE	-1.10513280485791e-05	-0.000101308949473455
"SSC/FO21-1-01756B1"	"SSc-ILD"	"N5"	"Perivascular/mesothelial stromal"	0.00207084957781768	-0.0199958339006715	0.165754401170283	0.00239782168469235	-0.00124895702086353	0.00216670430186285	5	258	991	TRUE	TRUE	0.000326972106874678	9.5854724045173e-05
"HC/NL-55"	"HC"	"N5"	"Fibroblast"	-0.00371701809213139	0.182448300738104	-0.483446345644042	0.000635147268661697	0.00696818375659124	0.00205919730116215	5	63	1610	FALSE	FALSE	0.00435216536079309	0.00577621539329354
"HC/NL-63"	"HC"	"N5"	"Fibroblast"	0.00149701632085435	0.193161628142148	-0.0200030584244368	0.00177435246831411	0.00839426042305596	0.00145861250801014	5	158	875	TRUE	TRUE	0.000277336147459758	-3.84038128442067e-05
"IPF/FO23-1-03100"	"IPF"	"N5"	"Fibroblast"	0.00369855406959771	0.0204485178474847	0.0122530044608675	0.00367719447599193	0.000666532572235985	0.00371131652845335	5	318	1317	TRUE	TRUE	-2.13595936057781e-05	1.27624588556448e-05
"IPF/FO23-1-09473"	"IPF"	"N5"	"Fibroblast"	0.0103404116042067	0.094293403611908	0.170660885157573	0.00937954144822169	0.00439314976368032	0.00900212463254417	5	73	396	TRUE	TRUE	-0.000960870155985031	-0.00133828697166255
"SSC/23-105334B1"	"SSc-ILD"	"N5"	"Fibroblast"	0.00171242808447969	0.119801240346488	0.0379122431878702	0.00147707355046438	0.00284980746662516	0.0013914873854139	5	932	2933	TRUE	TRUE	-0.000235354534015311	-0.000320940699065791
"SSC/FO20-I-08293B1"	"SSc-ILD"	"N5"	"Fibroblast"	0.0022293161590186	0.00969349250394633	-0.0387577301111079	0.00233391225044201	0.00155086598883955	0.00220639179342802	5	75	697	TRUE	TRUE	0.000104596091423413	-2.29243655905792e-05
"SSC/FO21-1-01756B1"	"SSc-ILD"	"N5"	"Fibroblast"	0.00304169078043974	0.212254577625976	0.165754401170283	0.000946056474885472	0.00800483320765138	0.0014876278229415	5	258	991	TRUE	TRUE	-0.00209563430555427	-0.00155406295749824
"HC/NL-55"	"HC"	"N5"	"Lymphatic endothelial"	-0.0366337450459437	0.236558890188704	-0.483446345644042	-0.036667136780285	-5.34629825741023e-05	-0.032876286878753	5	63	1610	TRUE	TRUE	-3.33917343413731e-05	0.00375745816719063
"HC/NL-63"	"HC"	"N5"	"Lymphatic endothelial"	-0.0349280214289239	0.185197685082289	-0.0200030584244368	-0.0349165310339529	0.00034778505663199	-0.0350701003737281	5	158	875	TRUE	TRUE	1.14903949710796e-05	-0.000142078944804142
"IPF/FO23-1-03100"	"IPF"	"N5"	"Lymphatic endothelial"	-0.0377731187207467	0.0722430891186329	0.0122530044608675	-0.0377797610584968	0.000207276156480205	-0.0377706545579979	5	318	1317	TRUE	TRUE	-6.64233775002354e-06	2.46416274880118e-06
"IPF/FO23-1-09473"	"IPF"	"N5"	"Lymphatic endothelial"	-0.0320726713364198	0.0920977265226701	0.170660885157573	-0.0306762432411548	-0.00638454396621387	-0.0321523814611476	5	73	396	TRUE	TRUE	0.00139642809526499	-7.9710124727822e-05
"SSC/23-105334B1"	"SSc-ILD"	"N5"	"Lymphatic endothelial"	-0.0306725388094941	0.13564501589231	0.0379122431878702	-0.0306020898218134	-0.00085303668334857	-0.0310299004780988	5	932	2933	TRUE	TRUE	7.04489876806984e-05	-0.0003573616686047
"SSC/FO20-I-08293B1"	"SSc-ILD"	"N5"	"Lymphatic endothelial"	-0.0362240797365834	0.197572155827222	-0.0387577301111079	-0.0360003537153158	0.00331722794304625	-0.0359935289958345	5	75	697	TRUE	TRUE	0.000223726021267606	0.00023055074074891
"SSC/FO21-1-01756B1"	"SSc-ILD"	"N5"	"Lymphatic endothelial"	-0.034835922259542	0.185460279304252	0.165754401170283	-0.0354398485666711	0.00230685732976714	-0.0358463216706566	5	258	991	TRUE	TRUE	-0.00060392630712907	-0.00101039941111454
"HC/NL-55"	"HC"	"N5"	"Plasma"	0.000422740128304495	0.104036424696134	-0.483446345644042	0.000300028537660144	-0.000196471604773227	0.000645792951588796	5	63	1610	TRUE	TRUE	-0.000122711590644351	0.000223052823284302
"HC/NL-63"	"HC"	"N5"	"Plasma"	0.000263064134348797	0.212660926255095	-0.0200030584244368	0.000269431641509171	0.000192728260774267	0.000263944828747946	5	158	875	TRUE	TRUE	6.3675071603741e-06	8.80694399149108e-07
"IPF/FO23-1-03100"	"IPF"	"N5"	"Plasma"	5.68698065237521e-05	0.0747612391018395	0.0122530044608675	5.96071175380584e-05	-8.54186172753483e-05	5.69040602313849e-05	5	318	1317	TRUE	TRUE	2.73731101430636e-06	3.4253707632824e-08
"IPF/FO23-1-09473"	"IPF"	"N5"	"Plasma"	0.000239309108950704	-0.230889685758152	0.170660885157573	0.000343339816895186	-0.000475633962794136	0.000444945758124982	5	73	396	TRUE	TRUE	0.000104030707944482	0.000205636649174278
"SSC/23-105334B1"	"SSc-ILD"	"N5"	"Plasma"	6.10328032335946e-05	0.104690709345894	0.0379122431878702	6.72985975585625e-05	-7.58698256070604e-05	7.23232037650943e-05	5	932	2933	TRUE	TRUE	6.26579432496794e-06	1.12904005314997e-05
"SSC/FO20-I-08293B1"	"SSc-ILD"	"N5"	"Plasma"	-0.000126045865411647	0.232851885669749	-0.0387577301111079	-0.000122986642098815	4.53596814524712e-05	-0.000105529722327839	5	75	697	TRUE	TRUE	3.05922331283258e-06	2.05161430838088e-05
"SSC/FO21-1-01756B1"	"SSc-ILD"	"N5"	"Plasma"	-0.000281301506756583	-0.0219001227746146	0.165754401170283	-0.000301780134351194	7.82235706783562e-05	-0.000228959589927516	5	258	991	TRUE	TRUE	-2.04786275946107e-05	5.2341916829067e-05
"HC/NL-55"	"HC"	"N5"	"Basal-like epithelial"	0.0123761113821649	-0.300008426802649	-0.483446345644042	0.0058903667572229	-0.0103842240812022	0.00650209728281649	5	63	1610	TRUE	TRUE	-0.00648574462494204	-0.00587401409934846
"HC/NL-63"	"HC"	"N5"	"Basal-like epithelial"	0.00442654440479752	-0.321397457407243	-0.0200030584244368	0.00417229569661038	-0.0076954623055654	0.00470805535853745	5	158	875	TRUE	TRUE	-0.000254248708187139	0.000281510953739929
"IPF/FO23-1-03100"	"IPF"	"N5"	"Basal-like epithelial"	-0.00027897219520023	-0.0181463299708444	0.0122530044608675	-0.000230330301038281	-0.00151788500438775	-0.00027927827675984	5	318	1317	TRUE	TRUE	4.86418941619484e-05	-3.06081559609699e-07
"IPF/FO23-1-09473"	"IPF"	"N5"	"Basal-like epithelial"	-0.00121684260432242	-0.38319259014979	0.170660885157573	0.000498594288454005	-0.00784306925672309	0.000701544062087511	5	73	396	FALSE	FALSE	0.00171543689277643	0.00191838666640993
"SSC/23-105334B1"	"SSc-ILD"	"N5"	"Basal-like epithelial"	0.0045413185859038	-0.0675519103781247	0.0379122431878702	0.00477953363685768	-0.0028844442437016	0.00483889145872127	5	932	2933	TRUE	TRUE	0.000238215050953877	0.000297572872817473
"SSC/FO20-I-08293B1"	"SSc-ILD"	"N5"	"Basal-like epithelial"	-0.00144806522835637	-0.0186350427263494	-0.0387577301111079	-0.00174848612106155	-0.00445439727711457	-0.00135406935850855	5	75	697	TRUE	TRUE	-0.000300420892705182	9.39958698478217e-05
"SSC/FO21-1-01756B1"	"SSc-ILD"	"N5"	"Basal-like epithelial"	-0.00101045174567154	-0.321648091044227	0.165754401170283	0.00105937779142331	-0.00790626502381743	0.00116844514681485	5	258	991	FALSE	FALSE	0.00206982953709486	0.00217889689248639
"HC/NL-55"	"HC"	"N5"	"Myofibroblast"	0.00361161360377693	-0.00617491702957991	-0.483446345644042	0.00156349185108302	-0.00327921564222067	0.00284833601638528	5	63	1610	TRUE	TRUE	-0.00204812175269391	-0.000763277587391648
"HC/NL-63"	"HC"	"N5"	"Myofibroblast"	-0.000183976706143674	-0.0525663288067085	-0.0200030584244368	-0.000252281527967958	-0.00206741338190076	-0.000126650260361183	5	158	875	TRUE	TRUE	-6.83048218242846e-05	5.73264457824907e-05
"IPF/FO23-1-03100"	"IPF"	"N5"	"Myofibroblast"	-0.000424099785330975	0.00161273220027246	0.0122530044608675	-0.000421962197205573	-6.67040833230342e-05	-0.000425562506115572	5	318	1317	TRUE	TRUE	2.13758812540117e-06	-1.4627207845973e-06
"IPF/FO23-1-09473"	"IPF"	"N5"	"Myofibroblast"	-0.00120063825992119	-0.219361134792923	0.170660885157573	-0.000688761230151342	-0.00234032916763997	-0.000706827104037925	5	73	396	TRUE	TRUE	0.000511877029769844	0.000493811155883261
"SSC/23-105334B1"	"SSc-ILD"	"N5"	"Myofibroblast"	0.000688637204715462	-0.0295734154701758	0.0379122431878702	0.000815338419917416	-0.0015341708653421	0.000871428920084416	5	932	2933	TRUE	TRUE	0.000126701215201954	0.000182791715368953
"SSC/FO20-I-08293B1"	"SSc-ILD"	"N5"	"Myofibroblast"	0.00255012139097219	-0.282128775971418	-0.0387577301111079	0.00241981146511955	-0.00193212986511043	0.00239769409927206	5	75	697	TRUE	TRUE	-0.000130309925852635	-0.000152427291700127
"SSC/FO21-1-01756B1"	"SSc-ILD"	"N5"	"Myofibroblast"	-0.00191764399614405	-0.0659058547867512	0.165754401170283	-0.00169206114578082	-0.000861673760005831	-0.00163594184763909	5	258	991	TRUE	TRUE	0.00022558285036323	0.000281702148504963
