patient_id	disease	niche	reference18_state	bin_n	mean_neighbor_weight	sd_neighbor_weight	median_neighbor_weight	q25_neighbor_weight	q75_neighbor_weight	median_bin_umi	mean_bin_umi	median_neighbor_count
"HC/NL-55"	"HC"	"N1"	"Alveolar/resident macrophage"	3043	0.0100138008460201	0.0102037730326529	0.00756779608127211	0.0027905650138688	0.0134739351864353	249	281.702267499178	12
"HC/NL-55"	"HC"	"N1"	"Inflammatory monocyte/macrophage"	3043	0.0102300662328061	0.010837134641074	0.00742175336431725	0.00225013990073598	0.0143640291520872	249	281.702267499178	12
"HC/NL-55"	"HC"	"N1"	"Dendritic cell"	3043	0.0164167570288187	0.0125864424944005	0.0139368442963782	0.00744498920692169	0.0227385904826576	249	281.702267499178	12
"HC/NL-55"	"HC"	"N1"	"T"	3043	0.0305454549309307	0.0191921988027793	0.0275368391996263	0.0164872738428702	0.0416272999356467	249	281.702267499178	12
"HC/NL-55"	"HC"	"N1"	"NK"	3043	0.0165629466320965	0.013438827824098	0.0139207744122154	0.00684229719152126	0.0227153316997595	249	281.702267499178	12
"HC/NL-55"	"HC"	"N1"	"Mast/Basophil"	3043	0.0249239495853853	0.0155389828718496	0.0223100249634603	0.0139687310162322	0.0325492132999459	249	281.702267499178	12
"HC/NL-55"	"HC"	"N1"	"B"	3043	0.118106787021714	0.027479875497648	0.119374374287566	0.100692509092935	0.137057115215677	249	281.702267499178	12
"HC/NL-55"	"HC"	"N1"	"Ciliated epithelial"	3043	0.0749799071994072	0.0240913618537636	0.0725749213442169	0.0588306367174215	0.0886254908224141	249	281.702267499178	12
"HC/NL-55"	"HC"	"N1"	"AT2/alveolar transitional"	3043	0.0261365787860747	0.0140769532099514	0.0234567312416593	0.0161620874565707	0.0333763353611593	249	281.702267499178	12
"HC/NL-55"	"HC"	"N1"	"Secretory/other airway epithelial"	3043	0.00820056358549295	0.00755711997990035	0.00664419632453609	0.00290876667945232	0.0111879548560911	249	281.702267499178	12
"HC/NL-55"	"HC"	"N1"	"AT1"	3043	0.304906894815218	0.0279886603478831	0.30181070840077	0.28526207780312	0.32003589088562	249	281.702267499178	12
"HC/NL-55"	"HC"	"N1"	"Blood endothelial"	3043	0.0752487587411658	0.0238734944741598	0.074265901047969	0.0589307303367409	0.0910186773769302	249	281.702267499178	12
"HC/NL-55"	"HC"	"N1"	"Perivascular/mesothelial stromal"	3043	0.0578253971915796	0.0241699256580005	0.0557619891879697	0.0408660812735072	0.0726184028297583	249	281.702267499178	12
"HC/NL-55"	"HC"	"N1"	"Fibroblast"	3043	0.0747498006903017	0.0265200435611356	0.0728869419984272	0.0569749910171104	0.0904291640774696	249	281.702267499178	12
"HC/NL-55"	"HC"	"N1"	"Lymphatic endothelial"	3043	0.107306860922604	0.027368622243713	0.108854892606997	0.0905607657225483	0.12617746643993	249	281.702267499178	12
"HC/NL-55"	"HC"	"N1"	"Plasma"	3043	0.00186355071438762	0.00213025896601236	0.00132526114383648	0.000137554311649115	0.00259650690393779	249	281.702267499178	12
"HC/NL-55"	"HC"	"N1"	"Basal-like epithelial"	3043	0.0197715414889694	0.0202784885866821	0.0146931462725203	0.00503270238643055	0.028344950502243	249	281.702267499178	12
"HC/NL-55"	"HC"	"N1"	"Myofibroblast"	3043	0.0222103835870274	0.0137121558741144	0.0200957983303279	0.0122256361491577	0.0296635552706893	249	281.702267499178	12
"HC/NL-55"	"HC"	"N2"	"Alveolar/resident macrophage"	2915	0.00846438903585269	0.00871115441271556	0.00611690794392702	0.00240017186539646	0.011757766977112	287	425.026758147513	12
"HC/NL-55"	"HC"	"N2"	"Inflammatory monocyte/macrophage"	2915	0.00909801559893614	0.00962438575549085	0.00648216850181927	0.00212715192527647	0.012956848353711	287	425.026758147513	12
"HC/NL-55"	"HC"	"N2"	"Dendritic cell"	2915	0.013434495258595	0.0112880516749552	0.0107991514959483	0.0053530451404592	0.0186014814551998	287	425.026758147513	12
"HC/NL-55"	"HC"	"N2"	"T"	2915	0.0255796418249686	0.0166784479727283	0.02282199792926	0.013638233186335	0.0344174126333624	287	425.026758147513	12
"HC/NL-55"	"HC"	"N2"	"NK"	2915	0.0147671952176231	0.0126713500687334	0.0118561183634854	0.00596012445950861	0.0198995361263144	287	425.026758147513	12
"HC/NL-55"	"HC"	"N2"	"Mast/Basophil"	2915	0.0228435777061117	0.0145108765558821	0.0198811163507554	0.012295886319019	0.0307048971017824	287	425.026758147513	12
"HC/NL-55"	"HC"	"N2"	"B"	2915	0.153709465731943	0.0244127765845933	0.151723154378773	0.137157798704317	0.168285853651969	287	425.026758147513	12
"HC/NL-55"	"HC"	"N2"	"Ciliated epithelial"	2915	0.117651399117751	0.056926592610465	0.0998487867606456	0.0749924134168683	0.147008070538961	287	425.026758147513	12
"HC/NL-55"	"HC"	"N2"	"AT2/alveolar transitional"	2915	0.0268168355022163	0.0135072667573519	0.0241932985158469	0.0171729221186177	0.0335009638023241	287	425.026758147513	12
"HC/NL-55"	"HC"	"N2"	"Secretory/other airway epithelial"	2915	0.00853730333053937	0.00801842978481993	0.00665257791770144	0.00272981527494337	0.0120610648125321	287	425.026758147513	12
"HC/NL-55"	"HC"	"N2"	"AT1"	2915	0.243752926800869	0.0275565384204853	0.245880355800662	0.225623927443973	0.263257104587313	287	425.026758147513	12
"HC/NL-55"	"HC"	"N2"	"Blood endothelial"	2915	0.0657699475979703	0.0228465382569916	0.0644499726448826	0.0501793723646446	0.0802529200458314	287	425.026758147513	12
"HC/NL-55"	"HC"	"N2"	"Perivascular/mesothelial stromal"	2915	0.0579686274538978	0.0242101706524924	0.0551656446491361	0.0407479718988328	0.0716578249312008	287	425.026758147513	12
"HC/NL-55"	"HC"	"N2"	"Fibroblast"	2915	0.0789825640056915	0.0294749154111099	0.0746030241509234	0.0594416704778174	0.0941328788765437	287	425.026758147513	12
"HC/NL-55"	"HC"	"N2"	"Lymphatic endothelial"	2915	0.11213181076766	0.0253892040740937	0.113833766540049	0.0968983819517308	0.129759611596677	287	425.026758147513	12
"HC/NL-55"	"HC"	"N2"	"Plasma"	2915	0.00201299589319116	0.00315154598076623	0.00116325714667909	0.000388381417765503	0.00236755159035796	287	425.026758147513	12
"HC/NL-55"	"HC"	"N2"	"Basal-like epithelial"	2915	0.0179563950279438	0.0187552471335232	0.0127967215578151	0.00409347582874409	0.0259551262996812	287	425.026758147513	12
"HC/NL-55"	"HC"	"N2"	"Myofibroblast"	2915	0.0205224141282398	0.0134467523449489	0.0180300878220489	0.010781520315024	0.0273886502429297	287	425.026758147513	12
"HC/NL-55"	"HC"	"N3"	"Alveolar/resident macrophage"	879	0.0153325859664358	0.0155247350974881	0.0105515599473009	0.00397898279591306	0.0222420604249252	94	122.006825938567	12
"HC/NL-55"	"HC"	"N3"	"Inflammatory monocyte/macrophage"	879	0.014693180753394	0.0168655412530683	0.00946487462817183	0.00198295160282994	0.021244821069737	94	122.006825938567	12
"HC/NL-55"	"HC"	"N3"	"Dendritic cell"	879	0.0224770469965339	0.0184748863504198	0.0185305196474726	0.00815065145618712	0.0331581150501785	94	122.006825938567	12
"HC/NL-55"	"HC"	"N3"	"T"	879	0.0398367824894186	0.0249763905062989	0.0356581774070715	0.0216748428048121	0.0549140854455333	94	122.006825938567	12
"HC/NL-55"	"HC"	"N3"	"NK"	879	0.0229937920253918	0.0193389381783644	0.0194496838431803	0.00804355446351983	0.0339340577450551	94	122.006825938567	12
"HC/NL-55"	"HC"	"N3"	"Mast/Basophil"	879	0.0335792730224942	0.0222956682270599	0.0305773049414839	0.0165926759113402	0.0474111993644886	94	122.006825938567	12
"HC/NL-55"	"HC"	"N3"	"B"	879	0.118386043054578	0.0316675901568932	0.118499944059506	0.095762491529567	0.139595867289924	94	122.006825938567	12
"HC/NL-55"	"HC"	"N3"	"Ciliated epithelial"	879	0.0832310475207286	0.0319273819662714	0.078231174183902	0.0630842492047337	0.10003737912813	94	122.006825938567	12
"HC/NL-55"	"HC"	"N3"	"AT2/alveolar transitional"	879	0.0489788331796481	0.0205003511771572	0.0471159036457648	0.0348792878400054	0.0598133719277021	94	122.006825938567	12
"HC/NL-55"	"HC"	"N3"	"Secretory/other airway epithelial"	879	0.0102311624581386	0.0110148484016797	0.00751270919237173	0.000123199535997475	0.0146686413984886	94	122.006825938567	12
"HC/NL-55"	"HC"	"N3"	"AT1"	879	0.16958515023224	0.0271345567607608	0.17150965917158	0.153925233217935	0.187888198032803	94	122.006825938567	12
"HC/NL-55"	"HC"	"N3"	"Blood endothelial"	879	0.0703846026710637	0.029205407678122	0.0687725396312736	0.0497844309320521	0.0885180126235741	94	122.006825938567	12
"HC/NL-55"	"HC"	"N3"	"Perivascular/mesothelial stromal"	879	0.0800606277236999	0.0345594747785045	0.0758027358042215	0.0557727260007065	0.100986290113668	94	122.006825938567	12
"HC/NL-55"	"HC"	"N3"	"Fibroblast"	879	0.0683417649863595	0.0333678095408666	0.0648273020931644	0.0439694496280146	0.0888481267605378	94	122.006825938567	12
"HC/NL-55"	"HC"	"N3"	"Lymphatic endothelial"	879	0.122018664506072	0.035522860792722	0.120439581574209	0.0987416994527855	0.14492850399374	94	122.006825938567	12
"HC/NL-55"	"HC"	"N3"	"Plasma"	879	0.00227260823942237	0.00282160986913286	0.001281080270971	9.96456300312612e-05	0.00373483179913136	94	122.006825938567	12
"HC/NL-55"	"HC"	"N3"	"Basal-like epithelial"	879	0.0521163436815128	0.0376643634435659	0.0447640801409154	0.0241059464021368	0.0749081455444047	94	122.006825938567	12
"HC/NL-55"	"HC"	"N3"	"Myofibroblast"	879	0.0254804904928686	0.0174813028247413	0.023070846481935	0.0125159334741536	0.0357861862352387	94	122.006825938567	12
"HC/NL-55"	"HC"	"N4"	"Alveolar/resident macrophage"	2200	0.0106455423344321	0.011428706652713	0.00758771725960641	0.0026006994471997	0.0145037260232221	166	205.085454545455	12
"HC/NL-55"	"HC"	"N4"	"Inflammatory monocyte/macrophage"	2200	0.011208360983233	0.0124482296884371	0.00879963909403246	0.00264310123567528	0.0155227246336164	166	205.085454545455	12
"HC/NL-55"	"HC"	"N4"	"Dendritic cell"	2200	0.0172013184870991	0.0136830151157923	0.0145379546626932	0.00740911548042768	0.0236023767837843	166	205.085454545455	12
"HC/NL-55"	"HC"	"N4"	"T"	2200	0.0326477889993045	0.0213076388874795	0.0291549028944531	0.0172482852136234	0.0451670583380679	166	205.085454545455	12
"HC/NL-55"	"HC"	"N4"	"NK"	2200	0.0179520521890242	0.0152510299181085	0.0146586615309703	0.00663868494361963	0.0252710308396182	166	205.085454545455	12
"HC/NL-55"	"HC"	"N4"	"Mast/Basophil"	2200	0.0287010190797267	0.0173662852614163	0.0257852696003046	0.0162773970916695	0.0383332954460555	166	205.085454545455	12
"HC/NL-55"	"HC"	"N4"	"B"	2200	0.106546609994226	0.028196123414668	0.108748026986354	0.0892096315844336	0.125846503785747	166	205.085454545455	12
"HC/NL-55"	"HC"	"N4"	"Ciliated epithelial"	2200	0.0764716230139891	0.0266433023841922	0.0732448255499456	0.0582740753832944	0.0915266257459157	166	205.085454545455	12
"HC/NL-55"	"HC"	"N4"	"AT2/alveolar transitional"	2200	0.0329397542086824	0.0159100211416534	0.0301119695756257	0.0215192372858537	0.0413628199281066	166	205.085454545455	12
"HC/NL-55"	"HC"	"N4"	"Secretory/other airway epithelial"	2200	0.00880584883021979	0.00857743239016939	0.00697889475175014	0.00269516885923795	0.0125567867474893	166	205.085454545455	12
"HC/NL-55"	"HC"	"N4"	"AT1"	2200	0.241053186793019	0.0311054249596087	0.242412717571204	0.2203484191988	0.263040272978186	166	205.085454545455	12
"HC/NL-55"	"HC"	"N4"	"Blood endothelial"	2200	0.0675470871037188	0.0256216488035175	0.066762451033024	0.0498349904167278	0.0839886441209698	166	205.085454545455	12
"HC/NL-55"	"HC"	"N4"	"Perivascular/mesothelial stromal"	2200	0.0609340701494547	0.025648382791866	0.0591192165782586	0.0436244416505579	0.0766264269725618	166	205.085454545455	12
"HC/NL-55"	"HC"	"N4"	"Fibroblast"	2200	0.0734715583480271	0.0308441267009956	0.0703541728602951	0.0517936142358002	0.0902911017959705	166	205.085454545455	12
"HC/NL-55"	"HC"	"N4"	"Lymphatic endothelial"	2200	0.162982443561808	0.0278762170176569	0.160039791450586	0.143315638245468	0.17825142601122	166	205.085454545455	12
"HC/NL-55"	"HC"	"N4"	"Plasma"	2200	0.00242610333935427	0.00342644337725146	0.00147225374598705	0.000118184495771964	0.00319567466705295	166	205.085454545455	12
"HC/NL-55"	"HC"	"N4"	"Basal-like epithelial"	2200	0.0255514897590611	0.0231812656350509	0.0200959857242718	0.00798727429964403	0.0365242390498793	166	205.085454545455	12
"HC/NL-55"	"HC"	"N4"	"Myofibroblast"	2200	0.0229141428256197	0.014783069188493	0.0206657057259012	0.0120936989075396	0.0308383632090802	166	205.085454545455	12
"HC/NL-55"	"HC"	"N5"	"Alveolar/resident macrophage"	1213	0.0128898301875002	0.0131807815826093	0.00947466274189734	0.00351194433778453	0.0178993847766365	112	157.338829348722	12
"HC/NL-55"	"HC"	"N5"	"Inflammatory monocyte/macrophage"	1213	0.0136697377674261	0.014581909445638	0.00943754758805774	0.00193106503375194	0.0206345095127398	112	157.338829348722	12
"HC/NL-55"	"HC"	"N5"	"Dendritic cell"	1213	0.0186705773409811	0.0157522049111814	0.0157409830995715	0.00677804373796194	0.0265109950589417	112	157.338829348722	12
"HC/NL-55"	"HC"	"N5"	"T"	1213	0.0354120497818631	0.024173979487765	0.0315537038155041	0.0183779805081786	0.0476515428364933	112	157.338829348722	12
"HC/NL-55"	"HC"	"N5"	"NK"	1213	0.0235306649972062	0.0208212054778238	0.0191067728088506	0.00897881480204488	0.0337196258024726	112	157.338829348722	12
"HC/NL-55"	"HC"	"N5"	"Mast/Basophil"	1213	0.0318096122770248	0.0205334457758021	0.0287320477013357	0.017223254945606	0.0428742534949628	112	157.338829348722	12
"HC/NL-55"	"HC"	"N5"	"B"	1213	0.105869766523353	0.0296103667745046	0.107612799670013	0.0860019762932319	0.125910435386612	112	157.338829348722	12
"HC/NL-55"	"HC"	"N5"	"Ciliated epithelial"	1213	0.073614098751958	0.0252754500935353	0.0723021560421592	0.0563966788092675	0.0878709386339217	112	157.338829348722	12
"HC/NL-55"	"HC"	"N5"	"AT2/alveolar transitional"	1213	0.0373882595137217	0.0176825437929782	0.0348212069707315	0.0246611590307239	0.0472233690869441	112	157.338829348722	12
"HC/NL-55"	"HC"	"N5"	"Secretory/other airway epithelial"	1213	0.00911791177339254	0.00962904223430428	0.00690733718021399	0.000769039984368691	0.013206092189637	112	157.338829348722	12
"HC/NL-55"	"HC"	"N5"	"AT1"	1213	0.234658513461826	0.0288632658902666	0.238214663083649	0.21666438904812	0.256313468937045	112	157.338829348722	12
"HC/NL-55"	"HC"	"N5"	"Blood endothelial"	1213	0.114243389436515	0.0287676853177462	0.112177103530938	0.0936961933614165	0.132339854738304	112	157.338829348722	12
"HC/NL-55"	"HC"	"N5"	"Perivascular/mesothelial stromal"	1213	0.0660541678375348	0.0292037908478659	0.0639651244796738	0.045697889320838	0.0837878789581792	112	157.338829348722	12
"HC/NL-55"	"HC"	"N5"	"Fibroblast"	1213	0.0714636455535308	0.030366505172215	0.0694726360743866	0.049754934742861	0.0896136325473258	112	157.338829348722	12
"HC/NL-55"	"HC"	"N5"	"Lymphatic endothelial"	1213	0.0872143005568037	0.0286716697537073	0.0892563735775954	0.0677877524230468	0.107126114849411	112	157.338829348722	12
"HC/NL-55"	"HC"	"N5"	"Plasma"	1213	0.00251123385869793	0.00349661697748597	0.0015825787460945	0.000106111805482246	0.00345033475397396	112	157.338829348722	12
"HC/NL-55"	"HC"	"N5"	"Basal-like epithelial"	1213	0.0361153208347903	0.0301479670817034	0.0300757569142013	0.0141034965467737	0.051380550185665	112	157.338829348722	12
"HC/NL-55"	"HC"	"N5"	"Myofibroblast"	1213	0.0257669195458749	0.0170380284493157	0.0230869307127272	0.0142558618050071	0.0345942421884721	112	157.338829348722	12
"HC/NL-63"	"HC"	"N1"	"Alveolar/resident macrophage"	375	0.00932787793105683	0.0110291491528353	0.00592091407729466	0.000367230556331731	0.0139378107915104	129	204.456	12
"HC/NL-63"	"HC"	"N1"	"Inflammatory monocyte/macrophage"	375	0.00949912370438766	0.0113497132353489	0.00550200750658408	0.00123710383360874	0.012683828269916	129	204.456	12
"HC/NL-63"	"HC"	"N1"	"Dendritic cell"	375	0.0195507770493864	0.0151121693833507	0.0167741985414759	0.0087437897109815	0.0261071893231136	129	204.456	12
"HC/NL-63"	"HC"	"N1"	"T"	375	0.0308360657871414	0.0222594566569572	0.0277732923531122	0.0136311291852044	0.0433707412869572	129	204.456	12
"HC/NL-63"	"HC"	"N1"	"NK"	375	0.0289009508139519	0.0189489271954284	0.0261053653934595	0.014066799983241	0.0407043305435134	129	204.456	12
"HC/NL-63"	"HC"	"N1"	"Mast/Basophil"	375	0.0309239402632812	0.0191189254289458	0.0292247388506053	0.0175857945800277	0.0411171591906798	129	204.456	12
"HC/NL-63"	"HC"	"N1"	"B"	375	0.107910228175136	0.0261461789472259	0.109333360107738	0.0911681063395515	0.1258565904094	129	204.456	12
"HC/NL-63"	"HC"	"N1"	"Ciliated epithelial"	375	0.0823069610925364	0.0236971396791761	0.0811348473267673	0.0671011752513239	0.0976767761903938	129	204.456	12
"HC/NL-63"	"HC"	"N1"	"AT2/alveolar transitional"	375	0.0315064486756958	0.0155858528577188	0.0286310575100848	0.0215021076557207	0.0390821929830866	129	204.456	12
"HC/NL-63"	"HC"	"N1"	"Secretory/other airway epithelial"	375	0.00884078891164748	0.0099960402065121	0.00660269143430607	0.000135454854962443	0.0124485397453751	129	204.456	12
"HC/NL-63"	"HC"	"N1"	"AT1"	375	0.28793153098448	0.0245882161133419	0.284466598445617	0.270868147322607	0.301145661005698	129	204.456	12
"HC/NL-63"	"HC"	"N1"	"Blood endothelial"	375	0.0641671473290828	0.0232174659160212	0.0636229677501743	0.0480386339762028	0.0792184468334634	129	204.456	12
"HC/NL-63"	"HC"	"N1"	"Perivascular/mesothelial stromal"	375	0.0644818062284957	0.0293187029730477	0.0582807675725921	0.0444243691196081	0.0829417522184619	129	204.456	12
"HC/NL-63"	"HC"	"N1"	"Fibroblast"	375	0.0773393757026344	0.0304387410216538	0.0734267507139026	0.0563403765904699	0.0973776452105041	129	204.456	12
"HC/NL-63"	"HC"	"N1"	"Lymphatic endothelial"	375	0.0953924860134267	0.0264497665328507	0.0971151907808925	0.0779909339095166	0.114190518594659	129	204.456	12
"HC/NL-63"	"HC"	"N1"	"Plasma"	375	0.00279287134274662	0.00351129406034092	0.00176981122572865	0.00012348593846381	0.00407781685342105	129	204.456	12
"HC/NL-63"	"HC"	"N1"	"Basal-like epithelial"	375	0.022106377740859	0.0225412701317453	0.0148894612886937	0.00536865320347193	0.0318470457416829	129	204.456	12
"HC/NL-63"	"HC"	"N1"	"Myofibroblast"	375	0.0261852422540529	0.0151452904351067	0.0230916962113116	0.0158563303427042	0.0344962783907198	129	204.456	12
"HC/NL-63"	"HC"	"N2"	"Alveolar/resident macrophage"	1670	0.00865808583277678	0.00992323650994647	0.0055585748383831	0.000488856568641554	0.0132253205743625	165.5	216.794011976048	12
"HC/NL-63"	"HC"	"N2"	"Inflammatory monocyte/macrophage"	1670	0.00952748332109197	0.0100564298091782	0.00682289644217062	0.00171786505421013	0.0141938449344127	165.5	216.794011976048	12
"HC/NL-63"	"HC"	"N2"	"Dendritic cell"	1670	0.016556306540066	0.0128618625306317	0.0144014851499669	0.0072210719341295	0.0229872915370796	165.5	216.794011976048	12
"HC/NL-63"	"HC"	"N2"	"T"	1670	0.0292385949411381	0.0200726580915211	0.0260187525610579	0.0144342931648491	0.0401397615844022	165.5	216.794011976048	12
"HC/NL-63"	"HC"	"N2"	"NK"	1670	0.0285286023023746	0.0188684663175614	0.0262991827605135	0.0148105576627599	0.0391970529393564	165.5	216.794011976048	12
"HC/NL-63"	"HC"	"N2"	"Mast/Basophil"	1670	0.0303214699148108	0.0183190853699272	0.0277712110149462	0.0177283044514598	0.0402990342975563	165.5	216.794011976048	12
"HC/NL-63"	"HC"	"N2"	"B"	1670	0.149073710864786	0.0299629589061225	0.146950484919234	0.129190318343818	0.165232011483866	165.5	216.794011976048	12
"HC/NL-63"	"HC"	"N2"	"Ciliated epithelial"	1670	0.105179745716943	0.032824969830318	0.101649591115116	0.0847107023219778	0.122427531121817	165.5	216.794011976048	12
"HC/NL-63"	"HC"	"N2"	"AT2/alveolar transitional"	1670	0.0315665296221725	0.0144513757106591	0.0297198706158931	0.0211021111277065	0.0390902287873837	165.5	216.794011976048	12
"HC/NL-63"	"HC"	"N2"	"Secretory/other airway epithelial"	1670	0.010022824840291	0.00985582239522536	0.00781393113512642	0.00255774582343472	0.0146634441613753	165.5	216.794011976048	12
"HC/NL-63"	"HC"	"N2"	"AT1"	1670	0.220578252211842	0.027398134086777	0.219739818865649	0.201882780550168	0.239121540420607	165.5	216.794011976048	12
"HC/NL-63"	"HC"	"N2"	"Blood endothelial"	1670	0.0686950719628276	0.0231002255868263	0.0679299690770503	0.0532929664990043	0.0837982726663468	165.5	216.794011976048	12
"HC/NL-63"	"HC"	"N2"	"Perivascular/mesothelial stromal"	1670	0.0624076272440933	0.0267430740612949	0.059896209119947	0.0430365582672502	0.0783211518339812	165.5	216.794011976048	12
"HC/NL-63"	"HC"	"N2"	"Fibroblast"	1670	0.0825444715488802	0.0307488339429988	0.0798868377284264	0.0622169096886867	0.10076161078701	165.5	216.794011976048	12
"HC/NL-63"	"HC"	"N2"	"Lymphatic endothelial"	1670	0.0991114261763623	0.0287088129913776	0.100563376390144	0.0798467291958468	0.119365969204207	165.5	216.794011976048	12
"HC/NL-63"	"HC"	"N2"	"Plasma"	1670	0.00277258394363689	0.00431776247503328	0.00184781266853086	0.000133487948977299	0.00364265114655717	165.5	216.794011976048	12
"HC/NL-63"	"HC"	"N2"	"Basal-like epithelial"	1670	0.0205906256083656	0.0191523344725157	0.0157170712927385	0.00665418116957257	0.0296123167224348	165.5	216.794011976048	12
"HC/NL-63"	"HC"	"N2"	"Myofibroblast"	1670	0.0246265874075409	0.014533701361366	0.0226288270919759	0.0138593930866528	0.0332847776671011	165.5	216.794011976048	12
"HC/NL-63"	"HC"	"N3"	"Alveolar/resident macrophage"	1529	0.00967564595347437	0.0108963759831029	0.00644681250440713	0.000138059287061648	0.0140929597103436	113	142.446697187704	12
"HC/NL-63"	"HC"	"N3"	"Inflammatory monocyte/macrophage"	1529	0.0109383514680873	0.0120512572166248	0.00767880681826286	0.00119648614007021	0.0162920896703403	113	142.446697187704	12
"HC/NL-63"	"HC"	"N3"	"Dendritic cell"	1529	0.0217821486110288	0.0170166796248029	0.0182376504505287	0.0100299847362826	0.0296638937829719	113	142.446697187704	12
"HC/NL-63"	"HC"	"N3"	"T"	1529	0.0412974593856665	0.0268089117883769	0.0375546053137823	0.0228682321385363	0.0560451743456598	113	142.446697187704	12
"HC/NL-63"	"HC"	"N3"	"NK"	1529	0.0332007078316658	0.0231508876417635	0.0296180089971045	0.0159980624845832	0.0454357132784677	113	142.446697187704	12
"HC/NL-63"	"HC"	"N3"	"Mast/Basophil"	1529	0.0399189902426768	0.0255513020342677	0.0362699837228175	0.0207238796109397	0.0538430124843733	113	142.446697187704	12
"HC/NL-63"	"HC"	"N3"	"B"	1529	0.117631865271901	0.0328883698230658	0.116271028587994	0.0965165865935377	0.13934662890268	113	142.446697187704	12
"HC/NL-63"	"HC"	"N3"	"Ciliated epithelial"	1529	0.105760830256372	0.0334509835578319	0.103114759327667	0.0843166115059016	0.125833618005647	113	142.446697187704	12
"HC/NL-63"	"HC"	"N3"	"AT2/alveolar transitional"	1529	0.0420136200316349	0.0187102797419202	0.0391599158085338	0.028862560377902	0.0531256554175068	113	142.446697187704	12
"HC/NL-63"	"HC"	"N3"	"Secretory/other airway epithelial"	1529	0.0125626426155366	0.0135481687194062	0.00929697285569461	0.000597242962455353	0.017671676116617	113	142.446697187704	12
"HC/NL-63"	"HC"	"N3"	"AT1"	1529	0.164881001346446	0.0291214638945612	0.168181548163245	0.148396530036218	0.186351197625657	113	142.446697187704	12
"HC/NL-63"	"HC"	"N3"	"Blood endothelial"	1529	0.0727554135262294	0.0283114558902564	0.0719200784981705	0.05275128516348	0.0915963160685136	113	142.446697187704	12
"HC/NL-63"	"HC"	"N3"	"Perivascular/mesothelial stromal"	1529	0.0714967161939506	0.0337101182103301	0.0675972241984857	0.048193669784975	0.090207695665947	113	142.446697187704	12
"HC/NL-63"	"HC"	"N3"	"Fibroblast"	1529	0.0742127006707553	0.029610063141741	0.0730403808797088	0.0532401491220876	0.0930991684810561	113	142.446697187704	12
"HC/NL-63"	"HC"	"N3"	"Lymphatic endothelial"	1529	0.116667416463118	0.0344986791480546	0.11593551946973	0.0932059915585895	0.138223748235067	113	142.446697187704	12
"HC/NL-63"	"HC"	"N3"	"Plasma"	1529	0.00271146673530325	0.00363503357682081	0.0017701330688428	0.000118481225627904	0.00391977819562267	113	142.446697187704	12
"HC/NL-63"	"HC"	"N3"	"Basal-like epithelial"	1529	0.0368163936513508	0.0321976751715898	0.0296858984017298	0.0138030970312353	0.0516053879700691	113	142.446697187704	12
"HC/NL-63"	"HC"	"N3"	"Myofibroblast"	1529	0.025676629744802	0.0166459888385828	0.0229806832833901	0.0133082011409695	0.0355250259754842	113	142.446697187704	12
"HC/NL-63"	"HC"	"N4"	"Alveolar/resident macrophage"	967	0.00878920715674757	0.0102237204077047	0.00594796928677664	0.000155357044845364	0.0130012007798875	130	165.023784901758	12
"HC/NL-63"	"HC"	"N4"	"Inflammatory monocyte/macrophage"	967	0.0101462233509649	0.0112301977459486	0.00702203859036613	0.0012574241842764	0.0147459492614267	130	165.023784901758	12
"HC/NL-63"	"HC"	"N4"	"Dendritic cell"	967	0.0202484761919894	0.0152348545151041	0.017746318423317	0.00861256480239857	0.0286330187876131	130	165.023784901758	12
"HC/NL-63"	"HC"	"N4"	"T"	967	0.03508670581451	0.024482468517636	0.0309333877627865	0.0174824606557387	0.0489710859965717	130	165.023784901758	12
"HC/NL-63"	"HC"	"N4"	"NK"	967	0.0289576340642107	0.0201556904791552	0.0256762568583207	0.0144102184744632	0.0397088729689988	130	165.023784901758	12
"HC/NL-63"	"HC"	"N4"	"Mast/Basophil"	967	0.0347707758656749	0.0219189678933807	0.0314104126800519	0.0192438466899804	0.0484419512456711	130	165.023784901758	12
"HC/NL-63"	"HC"	"N4"	"B"	967	0.097594198670511	0.0277801956942489	0.0979074498202845	0.0803079874313047	0.115877635170726	130	165.023784901758	12
"HC/NL-63"	"HC"	"N4"	"Ciliated epithelial"	967	0.0903920627444411	0.0284601584893858	0.0894990366946542	0.0725157780027417	0.106773351264737	130	165.023784901758	12
"HC/NL-63"	"HC"	"N4"	"AT2/alveolar transitional"	967	0.033198153863457	0.0145112477911265	0.0313321748707155	0.0229015686575069	0.0409393240931265	130	165.023784901758	12
"HC/NL-63"	"HC"	"N4"	"Secretory/other airway epithelial"	967	0.0105688179208206	0.0111992749034671	0.00785852202149854	0.0006650841595457	0.015647097744308	130	165.023784901758	12
"HC/NL-63"	"HC"	"N4"	"AT1"	967	0.225296604201148	0.0279142519251479	0.22607026670692	0.207122897127186	0.244641444623556	130	165.023784901758	12
"HC/NL-63"	"HC"	"N4"	"Blood endothelial"	967	0.063600476702367	0.0234979627832468	0.0623545073114639	0.0465729703141794	0.0796775238941963	130	165.023784901758	12
"HC/NL-63"	"HC"	"N4"	"Perivascular/mesothelial stromal"	967	0.0592401287958609	0.0283256577654588	0.0574149202901846	0.0387084144951599	0.0775681666521308	130	165.023784901758	12
"HC/NL-63"	"HC"	"N4"	"Fibroblast"	967	0.0730307309913041	0.0292088576105653	0.0699548333860578	0.0526431228145373	0.090518614439289	130	165.023784901758	12
"HC/NL-63"	"HC"	"N4"	"Lymphatic endothelial"	967	0.157765867412857	0.0296420500448994	0.153420311180833	0.136883898995495	0.173460513566648	130	165.023784901758	12
"HC/NL-63"	"HC"	"N4"	"Plasma"	967	0.00243781420173405	0.00305227091325034	0.00172815814448074	0.000122173524572429	0.00372248975977726	130	165.023784901758	12
"HC/NL-63"	"HC"	"N4"	"Basal-like epithelial"	967	0.0233119261378883	0.0218345086850988	0.0180821045416916	0.00647367476924563	0.035806292173552	130	165.023784901758	12
"HC/NL-63"	"HC"	"N4"	"Myofibroblast"	967	0.025564195913514	0.0162778195067636	0.0229878739981019	0.0134330703305793	0.0355994506337372	130	165.023784901758	12
"HC/NL-63"	"HC"	"N5"	"Alveolar/resident macrophage"	900	0.0095062774409304	0.0105013447213567	0.0067044256651465	0.000151432920968888	0.0133561805799755	137.5	167.207777777778	12
"HC/NL-63"	"HC"	"N5"	"Inflammatory monocyte/macrophage"	900	0.0107601583257402	0.0103082609860143	0.00845932715593797	0.00168133362792162	0.016376830509173	137.5	167.207777777778	12
"HC/NL-63"	"HC"	"N5"	"Dendritic cell"	900	0.0193442101744898	0.0145230878301497	0.0171299305471486	0.00860225562812931	0.0272166392453091	137.5	167.207777777778	12
"HC/NL-63"	"HC"	"N5"	"T"	900	0.0350588068484018	0.023872002308936	0.0308762603740594	0.0173151892959272	0.0501338500007925	137.5	167.207777777778	12
"HC/NL-63"	"HC"	"N5"	"NK"	900	0.0327280071970272	0.022162756208519	0.0285242490974546	0.0168940280473559	0.046261628624892	137.5	167.207777777778	12
"HC/NL-63"	"HC"	"N5"	"Mast/Basophil"	900	0.0330270079074707	0.0206815033717009	0.0301847301039178	0.0182783844175448	0.0446528179656856	137.5	167.207777777778	12
"HC/NL-63"	"HC"	"N5"	"B"	900	0.105486783253562	0.0286825825151883	0.105573264617708	0.08711078687904	0.123783946051466	137.5	167.207777777778	12
"HC/NL-63"	"HC"	"N5"	"Ciliated epithelial"	900	0.0909930875530521	0.0279814053497433	0.0895746267300623	0.0728926965568248	0.109362703969796	137.5	167.207777777778	12
"HC/NL-63"	"HC"	"N5"	"AT2/alveolar transitional"	900	0.0353938954259188	0.0155043326594788	0.0339801686500075	0.0243018392004567	0.0443557621733647	137.5	167.207777777778	12
"HC/NL-63"	"HC"	"N5"	"Secretory/other airway epithelial"	900	0.0110414983239432	0.0111025254035992	0.00787885408535569	0.00243999539736069	0.0158952430069024	137.5	167.207777777778	12
"HC/NL-63"	"HC"	"N5"	"AT1"	900	0.218926162804801	0.0270843678950457	0.219832797234759	0.200988208705616	0.237154325407379	137.5	167.207777777778	12
"HC/NL-63"	"HC"	"N5"	"Blood endothelial"	900	0.112417351545794	0.0284372881397191	0.110784967184639	0.0932257725140173	0.128952076100593	137.5	167.207777777778	12
"HC/NL-63"	"HC"	"N5"	"Perivascular/mesothelial stromal"	900	0.0650032596954651	0.029304781944293	0.0612183201052603	0.043943812938929	0.0858347236711954	137.5	167.207777777778	12
"HC/NL-63"	"HC"	"N5"	"Fibroblast"	900	0.0787803172610202	0.0277233902596769	0.0769175470834677	0.0597727347833764	0.0953429651992714	137.5	167.207777777778	12
"HC/NL-63"	"HC"	"N5"	"Lymphatic endothelial"	900	0.082277954684245	0.0258035678835319	0.0819844652249269	0.0657007419793012	0.100869194762684	137.5	167.207777777778	12
"HC/NL-63"	"HC"	"N5"	"Plasma"	900	0.0029454558786252	0.00340156718555679	0.00212591673409016	0.000129980787351282	0.00438817652279962	137.5	167.207777777778	12
"HC/NL-63"	"HC"	"N5"	"Basal-like epithelial"	900	0.031185217579659	0.0264744642574743	0.0261065010734795	0.0118242202322384	0.0443537423459218	137.5	167.207777777778	12
"HC/NL-63"	"HC"	"N5"	"Myofibroblast"	900	0.0251245480998535	0.0152486773557262	0.0228686869855692	0.0137834894514539	0.034723734594373	137.5	167.207777777778	12
"IPF/FO23-1-03100"	"IPF"	"N1"	"Alveolar/resident macrophage"	959	0.0106775540678453	0.0115999970032992	0.00752791795377918	0.0003409286813192	0.0159900769630386	105	114.167883211679	12
"IPF/FO23-1-03100"	"IPF"	"N1"	"Inflammatory monocyte/macrophage"	959	0.0122832875778393	0.0132060032382509	0.00898867573515926	0.001759245035042	0.0180854549777456	105	114.167883211679	12
"IPF/FO23-1-03100"	"IPF"	"N1"	"Dendritic cell"	959	0.0192269738709347	0.0142311648848605	0.0171659684783312	0.0083326488085553	0.027052762716289	105	114.167883211679	12
"IPF/FO23-1-03100"	"IPF"	"N1"	"T"	959	0.0360584279700338	0.0256640704773863	0.0326907875932392	0.0165798343049953	0.0509521452108887	105	114.167883211679	12
"IPF/FO23-1-03100"	"IPF"	"N1"	"NK"	959	0.0260775981737858	0.0200181671402755	0.0227034295339988	0.0111462825516351	0.0367112122564792	105	114.167883211679	12
"IPF/FO23-1-03100"	"IPF"	"N1"	"Mast/Basophil"	959	0.029430251208905	0.0194654034390023	0.0270621717213993	0.0153565549324258	0.0410137229819595	105	114.167883211679	12
"IPF/FO23-1-03100"	"IPF"	"N1"	"B"	959	0.0985173468040656	0.0298146677515505	0.0982716288887177	0.078591342764703	0.118658538753411	105	114.167883211679	12
"IPF/FO23-1-03100"	"IPF"	"N1"	"Ciliated epithelial"	959	0.0808223622505459	0.0247351862224141	0.0804237321029152	0.0646438213635886	0.096575950295883	105	114.167883211679	12
"IPF/FO23-1-03100"	"IPF"	"N1"	"AT2/alveolar transitional"	959	0.0333995764631657	0.0137662270161212	0.0321664478838839	0.023900205069011	0.0414087606666162	105	114.167883211679	12
"IPF/FO23-1-03100"	"IPF"	"N1"	"Secretory/other airway epithelial"	959	0.00953209899690414	0.0105544500778078	0.00705897082013291	6.98097831829521e-05	0.0142228001087956	105	114.167883211679	12
"IPF/FO23-1-03100"	"IPF"	"N1"	"AT1"	959	0.292994774439017	0.0271734182033499	0.28846713601852	0.274439506843814	0.306741557934915	105	114.167883211679	12
"IPF/FO23-1-03100"	"IPF"	"N1"	"Blood endothelial"	959	0.0685389392918993	0.0254798855479701	0.0688899333963703	0.0515499072015592	0.0853995682511632	105	114.167883211679	12
"IPF/FO23-1-03100"	"IPF"	"N1"	"Perivascular/mesothelial stromal"	959	0.0608262313725194	0.0305840607069271	0.0581666087970805	0.0389098285520092	0.079250758073412	105	114.167883211679	12
"IPF/FO23-1-03100"	"IPF"	"N1"	"Fibroblast"	959	0.0775366660280523	0.0294970818883603	0.076226442334237	0.0567067485337717	0.0957432864996334	105	114.167883211679	12
"IPF/FO23-1-03100"	"IPF"	"N1"	"Lymphatic endothelial"	959	0.0947395457395336	0.0282893069940273	0.095866371240535	0.0758788359259045	0.113843021425419	105	114.167883211679	12
"IPF/FO23-1-03100"	"IPF"	"N1"	"Plasma"	959	0.0019872941329026	0.00241106311716417	0.00139570240346818	6.07135386545936e-05	0.00309744739226181	105	114.167883211679	12
"IPF/FO23-1-03100"	"IPF"	"N1"	"Basal-like epithelial"	959	0.0245238092561898	0.0208194833628943	0.0215739342588955	0.00848976244439641	0.0342777280321457	105	114.167883211679	12
"IPF/FO23-1-03100"	"IPF"	"N1"	"Myofibroblast"	959	0.0228272623558607	0.0159215603863365	0.0205130483733179	0.0112681660152241	0.0316365806299944	105	114.167883211679	12
"IPF/FO23-1-03100"	"IPF"	"N2"	"Alveolar/resident macrophage"	1675	0.0110291271735764	0.0111243419641434	0.0082077701898433	0.00222513834917973	0.0166253513661598	107	119.106865671642	12
"IPF/FO23-1-03100"	"IPF"	"N2"	"Inflammatory monocyte/macrophage"	1675	0.011331366184944	0.0116720020782135	0.00849577591457775	0.00113334265450397	0.0172651830158983	107	119.106865671642	12
"IPF/FO23-1-03100"	"IPF"	"N2"	"Dendritic cell"	1675	0.0173483895142695	0.0138400885531387	0.0147439180104938	0.00686254928691425	0.0256233631801534	107	119.106865671642	12
"IPF/FO23-1-03100"	"IPF"	"N2"	"T"	1675	0.0303558478227833	0.0226618779454214	0.0264496865552462	0.0133656368915616	0.0434456272441969	107	119.106865671642	12
"IPF/FO23-1-03100"	"IPF"	"N2"	"NK"	1675	0.0255593589983877	0.019660810658311	0.0226820326345594	0.0102953193478503	0.0368595475168249	107	119.106865671642	12
"IPF/FO23-1-03100"	"IPF"	"N2"	"Mast/Basophil"	1675	0.0285774563160707	0.019356765442038	0.0258232246362172	0.0139097809185307	0.0395947815701889	107	119.106865671642	12
"IPF/FO23-1-03100"	"IPF"	"N2"	"B"	1675	0.152756623630559	0.029749844284563	0.149242433212146	0.132335587705046	0.170498708692162	107	119.106865671642	12
"IPF/FO23-1-03100"	"IPF"	"N2"	"Ciliated epithelial"	1675	0.0948295661958617	0.0281090412037075	0.0941333961754627	0.0755138743955899	0.11228245847052	107	119.106865671642	12
"IPF/FO23-1-03100"	"IPF"	"N2"	"AT2/alveolar transitional"	1675	0.0383792174233246	0.0151825965302771	0.0364402959369769	0.0277133734717931	0.0472042406376367	107	119.106865671642	12
"IPF/FO23-1-03100"	"IPF"	"N2"	"Secretory/other airway epithelial"	1675	0.0108131812107702	0.0112228061089658	0.00808266837750481	8.37845852971809e-05	0.0167641859476907	107	119.106865671642	12
"IPF/FO23-1-03100"	"IPF"	"N2"	"AT1"	1675	0.223777199802833	0.0286381043101543	0.225288263781814	0.204237242643055	0.244212997971833	107	119.106865671642	12
"IPF/FO23-1-03100"	"IPF"	"N2"	"Blood endothelial"	1675	0.0669641757330694	0.0253595787465579	0.0672629595574486	0.049192535464589	0.084407313424863	107	119.106865671642	12
"IPF/FO23-1-03100"	"IPF"	"N2"	"Perivascular/mesothelial stromal"	1675	0.0614850278948043	0.0278923997597367	0.0592127401400789	0.0416345280618494	0.0789844782886338	107	119.106865671642	12
"IPF/FO23-1-03100"	"IPF"	"N2"	"Fibroblast"	1675	0.0773565260695173	0.0293282800203853	0.074546946746464	0.0575599801648492	0.0947533098419018	107	119.106865671642	12
"IPF/FO23-1-03100"	"IPF"	"N2"	"Lymphatic endothelial"	1675	0.0982952484411261	0.0284007417555572	0.0990376507144893	0.0793073890678759	0.118133601775519	107	119.106865671642	12
"IPF/FO23-1-03100"	"IPF"	"N2"	"Plasma"	1675	0.0021616604211418	0.00239183961450708	0.00159591362675445	6.65491921112902e-05	0.00345697935823391	107	119.106865671642	12
"IPF/FO23-1-03100"	"IPF"	"N2"	"Basal-like epithelial"	1675	0.0247859575079309	0.0201327488619056	0.0215855452282336	0.00917592363035625	0.0357646860798334	107	119.106865671642	12
"IPF/FO23-1-03100"	"IPF"	"N2"	"Myofibroblast"	1675	0.0241940696590294	0.0156608815983404	0.0219855944734995	0.0125226396076204	0.0323540449477125	107	119.106865671642	12
"IPF/FO23-1-03100"	"IPF"	"N3"	"Alveolar/resident macrophage"	2180	0.0114370762201349	0.0126511197578998	0.00814701023621466	0.000713309766193096	0.0165966315099594	96	106.038532110092	12
"IPF/FO23-1-03100"	"IPF"	"N3"	"Inflammatory monocyte/macrophage"	2180	0.0130292172375596	0.0138379341311735	0.00941542540434345	0.00157319871687979	0.0200968035190863	96	106.038532110092	12
"IPF/FO23-1-03100"	"IPF"	"N3"	"Dendritic cell"	2180	0.0204215821822794	0.0162613358152535	0.0178668453038787	0.0078210934073538	0.0297981066300851	96	106.038532110092	12
"IPF/FO23-1-03100"	"IPF"	"N3"	"T"	2180	0.0410280635604878	0.0284374212037564	0.03657488766927	0.0203647458657433	0.0562220670336037	96	106.038532110092	12
"IPF/FO23-1-03100"	"IPF"	"N3"	"NK"	2180	0.0332868554205837	0.0292043394203788	0.0288581309678207	0.0148930230069455	0.0469036373348239	96	106.038532110092	12
"IPF/FO23-1-03100"	"IPF"	"N3"	"Mast/Basophil"	2180	0.0330850510695002	0.021693865451648	0.0296385319472532	0.017061215825385	0.0459189155427377	96	106.038532110092	12
"IPF/FO23-1-03100"	"IPF"	"N3"	"B"	2180	0.115013899397158	0.0336175522772787	0.114711268686139	0.0926154777923793	0.136176205594211	96	106.038532110092	12
"IPF/FO23-1-03100"	"IPF"	"N3"	"Ciliated epithelial"	2180	0.0970675120966203	0.0304466022379417	0.0947766702854864	0.0760039980622176	0.115950722813201	96	106.038532110092	12
"IPF/FO23-1-03100"	"IPF"	"N3"	"AT2/alveolar transitional"	2180	0.045725390033924	0.0172419085292813	0.043880961383676	0.0340345174405841	0.0562083587465189	96	106.038532110092	12
"IPF/FO23-1-03100"	"IPF"	"N3"	"Secretory/other airway epithelial"	2180	0.0114920254168378	0.0121411117406727	0.00857958499998393	8.48058666103377e-05	0.0170264887548594	96	106.038532110092	12
"IPF/FO23-1-03100"	"IPF"	"N3"	"AT1"	2180	0.165822378046508	0.0279854379078316	0.168358090289611	0.149188206519319	0.185684280627895	96	106.038532110092	12
"IPF/FO23-1-03100"	"IPF"	"N3"	"Blood endothelial"	2180	0.0754163471346532	0.0297483275322884	0.0750217168639122	0.0546935891935758	0.0944700850091402	96	106.038532110092	12
"IPF/FO23-1-03100"	"IPF"	"N3"	"Perivascular/mesothelial stromal"	2180	0.0731643901335529	0.0353638748052267	0.0686489974921042	0.0481217686795691	0.0931295791902454	96	106.038532110092	12
"IPF/FO23-1-03100"	"IPF"	"N3"	"Fibroblast"	2180	0.0755418054104111	0.0307423785358781	0.0734943260302933	0.0543397083007257	0.0930062502176723	96	106.038532110092	12
"IPF/FO23-1-03100"	"IPF"	"N3"	"Lymphatic endothelial"	2180	0.12106282435998	0.0325134734189963	0.121337625945301	0.0992477682695463	0.14109354113335	96	106.038532110092	12
"IPF/FO23-1-03100"	"IPF"	"N3"	"Plasma"	2180	0.00221677136525148	0.00261775246430133	0.00154167532212569	6.43966745303602e-05	0.0035573454628162	96	106.038532110092	12
"IPF/FO23-1-03100"	"IPF"	"N3"	"Basal-like epithelial"	2180	0.04085042319434	0.0314934079141083	0.0358842601946326	0.0176239996731208	0.0568908863745372	96	106.038532110092	12
"IPF/FO23-1-03100"	"IPF"	"N3"	"Myofibroblast"	2180	0.0243383877202175	0.0166675807490994	0.0219856420812393	0.0120030322782847	0.0335409202970076	96	106.038532110092	12
"IPF/FO23-1-03100"	"IPF"	"N4"	"Alveolar/resident macrophage"	1904	0.010009941174481	0.0109382561275427	0.00689917045602291	8.50305533955674e-05	0.0153169528716993	106	115.670693277311	12
"IPF/FO23-1-03100"	"IPF"	"N4"	"Inflammatory monocyte/macrophage"	1904	0.0120953140147637	0.0129601261150885	0.00848750656291625	0.00113461152070171	0.0181794707346316	106	115.670693277311	12
"IPF/FO23-1-03100"	"IPF"	"N4"	"Dendritic cell"	1904	0.0189705363970056	0.0138166286961503	0.0172521546009037	0.00832240200526531	0.0270842715833401	106	115.670693277311	12
"IPF/FO23-1-03100"	"IPF"	"N4"	"T"	1904	0.036796123107089	0.0244810459122006	0.0328486614444873	0.0186671485399041	0.0515088076584774	106	115.670693277311	12
"IPF/FO23-1-03100"	"IPF"	"N4"	"NK"	1904	0.0286451012963774	0.0218076871938519	0.0248786633708404	0.0133819907663202	0.0397545125841039	106	115.670693277311	12
"IPF/FO23-1-03100"	"IPF"	"N4"	"Mast/Basophil"	1904	0.0306664372066817	0.0200363693832246	0.0278135353359571	0.0156546332852107	0.0420278511343347	106	115.670693277311	12
"IPF/FO23-1-03100"	"IPF"	"N4"	"B"	1904	0.0945571733891894	0.0290339025170652	0.0949290170712148	0.0740136887670764	0.114045661874063	106	115.670693277311	12
"IPF/FO23-1-03100"	"IPF"	"N4"	"Ciliated epithelial"	1904	0.0855929394899975	0.0262799336043073	0.0846857710293283	0.0672717101814817	0.102498491112683	106	115.670693277311	12
"IPF/FO23-1-03100"	"IPF"	"N4"	"AT2/alveolar transitional"	1904	0.0384709166440341	0.0145832727455357	0.0374666886119028	0.0281592554451281	0.0472089340601751	106	115.670693277311	12
"IPF/FO23-1-03100"	"IPF"	"N4"	"Secretory/other airway epithelial"	1904	0.0104477383668629	0.0108129960509698	0.0080784643677509	8.02800962021283e-05	0.0157786937599255	106	115.670693277311	12
"IPF/FO23-1-03100"	"IPF"	"N4"	"AT1"	1904	0.228861686254461	0.0291483391718124	0.228296935502119	0.208510130070773	0.248412942467364	106	115.670693277311	12
"IPF/FO23-1-03100"	"IPF"	"N4"	"Blood endothelial"	1904	0.0640634675142321	0.0257573318205945	0.0625509259678655	0.0463917117464641	0.0814845150867998	106	115.670693277311	12
"IPF/FO23-1-03100"	"IPF"	"N4"	"Perivascular/mesothelial stromal"	1904	0.0571581536893209	0.0280806902311632	0.0544567906419891	0.0367188976977302	0.0739007001188978	106	115.670693277311	12
"IPF/FO23-1-03100"	"IPF"	"N4"	"Fibroblast"	1904	0.0727466162135972	0.0278694490033989	0.0713605814485821	0.0529998404013069	0.0913971557163504	106	115.670693277311	12
"IPF/FO23-1-03100"	"IPF"	"N4"	"Lymphatic endothelial"	1904	0.158337178900337	0.0293326973796596	0.154084679647012	0.13745318568501	0.175682474933408	106	115.670693277311	12
"IPF/FO23-1-03100"	"IPF"	"N4"	"Plasma"	1904	0.00211997970889007	0.0023794580678189	0.00166188770589732	6.45323562930557e-05	0.00345148596162837	106	115.670693277311	12
"IPF/FO23-1-03100"	"IPF"	"N4"	"Basal-like epithelial"	1904	0.0278141902674371	0.0227213838230123	0.0237146439753586	0.00992576985041175	0.0412519238510816	106	115.670693277311	12
"IPF/FO23-1-03100"	"IPF"	"N4"	"Myofibroblast"	1904	0.0226465063652426	0.0157929250402203	0.0198393491638154	0.0107927996755887	0.0319406517727953	106	115.670693277311	12
"IPF/FO23-1-03100"	"IPF"	"N5"	"Alveolar/resident macrophage"	1655	0.0108889506833485	0.0116278016353776	0.0077844292828051	0.00142199853464291	0.0163502815894815	103	116.3583081571	12
"IPF/FO23-1-03100"	"IPF"	"N5"	"Inflammatory monocyte/macrophage"	1655	0.0125966946443644	0.0128664059388632	0.00936769389387146	0.002313609289627	0.0185889613525595	103	116.3583081571	12
"IPF/FO23-1-03100"	"IPF"	"N5"	"Dendritic cell"	1655	0.0201564400605973	0.0154306325881079	0.0178782294402114	0.00786019656142048	0.0288944521485295	103	116.3583081571	12
"IPF/FO23-1-03100"	"IPF"	"N5"	"T"	1655	0.0378453157233934	0.0270368600524454	0.0342502978852779	0.0186629613062885	0.0534609631101895	103	116.3583081571	12
"IPF/FO23-1-03100"	"IPF"	"N5"	"NK"	1655	0.0281046529323581	0.0212916594747176	0.0247138347372114	0.0127498773807058	0.0396101738507538	103	116.3583081571	12
"IPF/FO23-1-03100"	"IPF"	"N5"	"Mast/Basophil"	1655	0.0321994761268605	0.0210943502074326	0.0290868000761902	0.016819367280773	0.0445001526453045	103	116.3583081571	12
"IPF/FO23-1-03100"	"IPF"	"N5"	"B"	1655	0.100503458750379	0.0286012012287904	0.101307382054709	0.0820588675273772	0.119709968388962	103	116.3583081571	12
"IPF/FO23-1-03100"	"IPF"	"N5"	"Ciliated epithelial"	1655	0.0859650246375071	0.0266452094195577	0.0847500004314161	0.0670127422313578	0.103744526807742	103	116.3583081571	12
"IPF/FO23-1-03100"	"IPF"	"N5"	"AT2/alveolar transitional"	1655	0.040961026771314	0.0166801972049524	0.039431767229332	0.0294450511176257	0.0505398761454368	103	116.3583081571	12
"IPF/FO23-1-03100"	"IPF"	"N5"	"Secretory/other airway epithelial"	1655	0.0110339668771179	0.0108670740496198	0.00877143009568433	0.00129236340376499	0.016671053888658	103	116.3583081571	12
"IPF/FO23-1-03100"	"IPF"	"N5"	"AT1"	1655	0.225227971725433	0.0274729484344261	0.226349447102607	0.207250436163559	0.245130358603417	103	116.3583081571	12
"IPF/FO23-1-03100"	"IPF"	"N5"	"Blood endothelial"	1655	0.110219779647735	0.0281711370754812	0.107131216016164	0.09094669448052	0.127170769023526	103	116.3583081571	12
"IPF/FO23-1-03100"	"IPF"	"N5"	"Perivascular/mesothelial stromal"	1655	0.0647687011934471	0.0304625320135535	0.0604619530704018	0.0432676755400757	0.0823833383474397	103	116.3583081571	12
"IPF/FO23-1-03100"	"IPF"	"N5"	"Fibroblast"	1655	0.0791853860065923	0.0296273430797207	0.0767798068262287	0.0581744746116014	0.0980101115863233	103	116.3583081571	12
"IPF/FO23-1-03100"	"IPF"	"N5"	"Lymphatic endothelial"	1655	0.084419603999423	0.0266451909565538	0.086196006997252	0.065899926757517	0.103122825189796	103	116.3583081571	12
"IPF/FO23-1-03100"	"IPF"	"N5"	"Plasma"	1655	0.00219970982153432	0.00253776356763634	0.00158598990010262	6.38785917795531e-05	0.00349338765805734	103	116.3583081571	12
"IPF/FO23-1-03100"	"IPF"	"N5"	"Basal-like epithelial"	1655	0.0305407587865402	0.0265149925997843	0.0263513547757806	0.0109472417893757	0.0435216761491823	103	116.3583081571	12
"IPF/FO23-1-03100"	"IPF"	"N5"	"Myofibroblast"	1655	0.0231830816120552	0.0155621085133383	0.0209991703090665	0.0112075344353171	0.032356233637963	103	116.3583081571	12
"IPF/FO23-1-09473"	"IPF"	"N1"	"Alveolar/resident macrophage"	1062	0.00817064145187197	0.00863543957626087	0.00594453069563713	0.00241046243045018	0.0110135143440645	562.5	646.522598870057	12
"IPF/FO23-1-09473"	"IPF"	"N1"	"Inflammatory monocyte/macrophage"	1062	0.00787609235471223	0.00724920912359707	0.00581093940693366	0.00243071083735464	0.0119018045496645	562.5	646.522598870057	12
"IPF/FO23-1-09473"	"IPF"	"N1"	"Dendritic cell"	1062	0.0151507302219751	0.00928580879204176	0.0133798998866121	0.00870790611782779	0.0199322591933858	562.5	646.522598870057	12
"IPF/FO23-1-09473"	"IPF"	"N1"	"T"	1062	0.0226574087495406	0.0144222898664597	0.020718283675714	0.0128039759467811	0.0298497615024072	562.5	646.522598870057	12
"IPF/FO23-1-09473"	"IPF"	"N1"	"NK"	1062	0.0154799657243118	0.0118366535043531	0.0130319421675709	0.00783866616146416	0.020016755461965	562.5	646.522598870057	12
"IPF/FO23-1-09473"	"IPF"	"N1"	"Mast/Basophil"	1062	0.025920245164022	0.0130362936895815	0.0238348562164902	0.0170406643949098	0.0325016204258433	562.5	646.522598870057	12
"IPF/FO23-1-09473"	"IPF"	"N1"	"B"	1062	0.105434423300878	0.0203447561856312	0.105690599024945	0.0939391334687169	0.117741298028575	562.5	646.522598870057	12
"IPF/FO23-1-09473"	"IPF"	"N1"	"Ciliated epithelial"	1062	0.0750150293295963	0.0137537092252779	0.0750356232936765	0.0665324232024231	0.0831359211608287	562.5	646.522598870057	12
"IPF/FO23-1-09473"	"IPF"	"N1"	"AT2/alveolar transitional"	1062	0.0447679693825608	0.0235418060730937	0.0420469095670189	0.0265756625728301	0.0573640321059715	562.5	646.522598870057	12
"IPF/FO23-1-09473"	"IPF"	"N1"	"Secretory/other airway epithelial"	1062	0.00600914768998767	0.00518994588198419	0.00510149047164317	0.00249281654213117	0.00818444312900174	562.5	646.522598870057	12
"IPF/FO23-1-09473"	"IPF"	"N1"	"AT1"	1062	0.299089367671925	0.0247239027594663	0.29671521174307	0.280429855939973	0.314701150770036	562.5	646.522598870057	12
"IPF/FO23-1-09473"	"IPF"	"N1"	"Blood endothelial"	1062	0.0889108962736056	0.0228250100481391	0.0888976007764355	0.0738347310184373	0.104398739649374	562.5	646.522598870057	12
"IPF/FO23-1-09473"	"IPF"	"N1"	"Perivascular/mesothelial stromal"	1062	0.0533827455666663	0.022204473291208	0.0514192652016091	0.0393202644535282	0.063438762223923	562.5	646.522598870057	12
"IPF/FO23-1-09473"	"IPF"	"N1"	"Fibroblast"	1062	0.0894502146476914	0.0298368969678819	0.0862798068647483	0.0710063796553237	0.101754943597202	562.5	646.522598870057	12
"IPF/FO23-1-09473"	"IPF"	"N1"	"Lymphatic endothelial"	1062	0.107715153986913	0.0222620609464834	0.10922199056065	0.0927696036308257	0.123547295595061	562.5	646.522598870057	12
"IPF/FO23-1-09473"	"IPF"	"N1"	"Plasma"	1062	0.00228551779095577	0.00260338571635145	0.00151291187723297	0.000808644324777992	0.00283432042249683	562.5	646.522598870057	12
"IPF/FO23-1-09473"	"IPF"	"N1"	"Basal-like epithelial"	1062	0.0131995769923934	0.0122579600310038	0.010065288840101	0.00466080744933472	0.0184405483022733	562.5	646.522598870057	12
"IPF/FO23-1-09473"	"IPF"	"N1"	"Myofibroblast"	1062	0.0194848737003925	0.0106653193175369	0.0180779210511356	0.0122344658495411	0.024928221432838	562.5	646.522598870057	12
"IPF/FO23-1-09473"	"IPF"	"N2"	"Alveolar/resident macrophage"	362	0.00638509950431611	0.00714910970037936	0.00412261712054802	0.000492979358108384	0.00940257004647498	244	324.850828729282	12
"IPF/FO23-1-09473"	"IPF"	"N2"	"Inflammatory monocyte/macrophage"	362	0.0077561962070322	0.00831314394524886	0.0053183722675916	0.00118320076678441	0.0113412104482362	244	324.850828729282	12
"IPF/FO23-1-09473"	"IPF"	"N2"	"Dendritic cell"	362	0.0118557949493045	0.0108697494589428	0.00963487943220019	0.0051873634861717	0.0156695648281494	244	324.850828729282	12
"IPF/FO23-1-09473"	"IPF"	"N2"	"T"	362	0.0247640336921113	0.0185617066541115	0.0218930418602757	0.0118188983646852	0.0346108004263059	244	324.850828729282	12
"IPF/FO23-1-09473"	"IPF"	"N2"	"NK"	362	0.0171499156832282	0.0130010139591897	0.0151474686248905	0.00794344537894812	0.0238790196431168	244	324.850828729282	12
"IPF/FO23-1-09473"	"IPF"	"N2"	"Mast/Basophil"	362	0.0305759360102491	0.0156936675553386	0.0288684403644589	0.0189403301884259	0.0397011779590445	244	324.850828729282	12
"IPF/FO23-1-09473"	"IPF"	"N2"	"B"	362	0.149430801605257	0.0251711592473799	0.147259193206497	0.132184651163547	0.163749772898859	244	324.850828729282	12
"IPF/FO23-1-09473"	"IPF"	"N2"	"Ciliated epithelial"	362	0.0903318054181779	0.0211983815990019	0.0890482394543355	0.076745132728443	0.103323174951821	244	324.850828729282	12
"IPF/FO23-1-09473"	"IPF"	"N2"	"AT2/alveolar transitional"	362	0.0314129078429001	0.0220416645153777	0.025852400567282	0.0171726407371419	0.0389652418870017	244	324.850828729282	12
"IPF/FO23-1-09473"	"IPF"	"N2"	"Secretory/other airway epithelial"	362	0.0114817055854578	0.0149255217164175	0.00714554800616407	0.00348161692728494	0.0137553651642999	244	324.850828729282	12
"IPF/FO23-1-09473"	"IPF"	"N2"	"AT1"	362	0.236521794886498	0.0240646603632663	0.239099249408666	0.219579204354517	0.254816648913391	244	324.850828729282	12
"IPF/FO23-1-09473"	"IPF"	"N2"	"Blood endothelial"	362	0.0712131561927046	0.0232325732366072	0.070305647992828	0.0561422910911822	0.0874771573759907	244	324.850828729282	12
"IPF/FO23-1-09473"	"IPF"	"N2"	"Perivascular/mesothelial stromal"	362	0.0620198261498352	0.0270842241738269	0.0590055369629612	0.0423876851178698	0.0780779192857601	244	324.850828729282	12
"IPF/FO23-1-09473"	"IPF"	"N2"	"Fibroblast"	362	0.092818627746294	0.040739501905238	0.0862877062772604	0.0653852236808382	0.109118484352492	244	324.850828729282	12
"IPF/FO23-1-09473"	"IPF"	"N2"	"Lymphatic endothelial"	362	0.114871119348168	0.026730318599783	0.114371297766113	0.09810740572544	0.131502428666237	244	324.850828729282	12
"IPF/FO23-1-09473"	"IPF"	"N2"	"Plasma"	362	0.00298198567967827	0.00268073622158375	0.00218520527202961	0.00112704076636303	0.00423432794740527	244	324.850828729282	12
"IPF/FO23-1-09473"	"IPF"	"N2"	"Basal-like epithelial"	362	0.0196758623920957	0.0193498018246893	0.0136026650715933	0.00527524417970974	0.0276857995572204	244	324.850828729282	12
"IPF/FO23-1-09473"	"IPF"	"N2"	"Myofibroblast"	362	0.018753431106691	0.0120445809135633	0.0172623812922431	0.0101848862218928	0.0256677022153142	244	324.850828729282	12
"IPF/FO23-1-09473"	"IPF"	"N3"	"Alveolar/resident macrophage"	98	0.00678735827853927	0.00850980828769884	0.00308022032960096	0.000140220249601297	0.0108408313021881	125.5	147.816326530612	12
"IPF/FO23-1-09473"	"IPF"	"N3"	"Inflammatory monocyte/macrophage"	98	0.011156209312579	0.0111314752982413	0.00954213191236095	0.000154717859060125	0.0157588071882443	125.5	147.816326530612	12
"IPF/FO23-1-09473"	"IPF"	"N3"	"Dendritic cell"	98	0.013290766654804	0.0118298562283607	0.0104750076183723	0.00525524132612153	0.0183123422660508	125.5	147.816326530612	12
"IPF/FO23-1-09473"	"IPF"	"N3"	"T"	98	0.033033592376732	0.0238044648277475	0.0282175972174058	0.0144222623849437	0.0484754455692238	125.5	147.816326530612	12
"IPF/FO23-1-09473"	"IPF"	"N3"	"NK"	98	0.0260890225096803	0.0235481734259408	0.0228066505189944	0.0105760507182151	0.0329661482010912	125.5	147.816326530612	12
"IPF/FO23-1-09473"	"IPF"	"N3"	"Mast/Basophil"	98	0.0349536931831683	0.0221031228399081	0.0326565848568783	0.0218598730881888	0.0482268666050117	125.5	147.816326530612	12
"IPF/FO23-1-09473"	"IPF"	"N3"	"B"	98	0.118798120707679	0.0286545883040176	0.119814455014841	0.103704815019768	0.136818242081691	125.5	147.816326530612	12
"IPF/FO23-1-09473"	"IPF"	"N3"	"Ciliated epithelial"	98	0.0928983284524002	0.025200821393272	0.090921400909122	0.0759403484100281	0.106682329228076	125.5	147.816326530612	12
"IPF/FO23-1-09473"	"IPF"	"N3"	"AT2/alveolar transitional"	98	0.0365344628529356	0.0229863369137728	0.033641702613245	0.0205172596713667	0.0446776179071429	125.5	147.816326530612	12
"IPF/FO23-1-09473"	"IPF"	"N3"	"Secretory/other airway epithelial"	98	0.0097071873570923	0.0104285237375978	0.00720637582752541	0.00274258558052575	0.0128731252930761	125.5	147.816326530612	12
"IPF/FO23-1-09473"	"IPF"	"N3"	"AT1"	98	0.177159944637041	0.029736742497211	0.183381142702044	0.162980401198562	0.19506025307101	125.5	147.816326530612	12
"IPF/FO23-1-09473"	"IPF"	"N3"	"Blood endothelial"	98	0.0634754008191161	0.0267144285557056	0.0653039326662908	0.0453689226021467	0.0802473678447918	125.5	147.816326530612	12
"IPF/FO23-1-09473"	"IPF"	"N3"	"Perivascular/mesothelial stromal"	98	0.0892036864101236	0.0356820731810468	0.0857152168371016	0.0649760952855373	0.113648582097251	125.5	147.816326530612	12
"IPF/FO23-1-09473"	"IPF"	"N3"	"Fibroblast"	98	0.0776624009571128	0.0304314719998352	0.0747277199202907	0.0523456827445583	0.100749696825726	125.5	147.816326530612	12
"IPF/FO23-1-09473"	"IPF"	"N3"	"Lymphatic endothelial"	98	0.130283593020218	0.0370273001302768	0.130379259175249	0.110530014223373	0.153931875837281	125.5	147.816326530612	12
"IPF/FO23-1-09473"	"IPF"	"N3"	"Plasma"	98	0.00338031315288662	0.00392744110809294	0.00230771130237586	0.000918707726234961	0.0043993805472555	125.5	147.816326530612	12
"IPF/FO23-1-09473"	"IPF"	"N3"	"Basal-like epithelial"	98	0.0480745625160749	0.0401006010430689	0.0441654915176351	0.023104815300495	0.0654844039641832	125.5	147.816326530612	12
"IPF/FO23-1-09473"	"IPF"	"N3"	"Myofibroblast"	98	0.0275113568018165	0.0198034221366947	0.0220983524677562	0.0139495212809873	0.0410543871169866	125.5	147.816326530612	12
"IPF/FO23-1-09473"	"IPF"	"N4"	"Alveolar/resident macrophage"	636	0.00621701250918024	0.00946484712475467	0.00362900728732637	0.000587737416350541	0.00801807400978156	258.5	346.13679245283	12
"IPF/FO23-1-09473"	"IPF"	"N4"	"Inflammatory monocyte/macrophage"	636	0.00841173624212651	0.010202368050178	0.00555064018829864	0.00158375662116691	0.0121437711910181	258.5	346.13679245283	12
"IPF/FO23-1-09473"	"IPF"	"N4"	"Dendritic cell"	636	0.013304285135671	0.00918281061134061	0.0124429329111346	0.00683977888419172	0.0186365501352014	258.5	346.13679245283	12
"IPF/FO23-1-09473"	"IPF"	"N4"	"T"	636	0.0248446291263975	0.0163147994290607	0.0235734917253287	0.0124831820216068	0.034269717127969	258.5	346.13679245283	12
"IPF/FO23-1-09473"	"IPF"	"N4"	"NK"	636	0.0182615387134713	0.0138493467130345	0.0159009375981485	0.00845534830358588	0.0253235622339287	258.5	346.13679245283	12
"IPF/FO23-1-09473"	"IPF"	"N4"	"Mast/Basophil"	636	0.0314484585820913	0.0164409535511893	0.0285795780644555	0.0200628568959636	0.0415021205953585	258.5	346.13679245283	12
"IPF/FO23-1-09473"	"IPF"	"N4"	"B"	636	0.106955092793438	0.0258341322767984	0.106055911317802	0.0903854397928153	0.124316559665769	258.5	346.13679245283	12
"IPF/FO23-1-09473"	"IPF"	"N4"	"Ciliated epithelial"	636	0.0868041124114518	0.020372833809466	0.0856594829735698	0.0738188653976226	0.0989875296105391	258.5	346.13679245283	12
"IPF/FO23-1-09473"	"IPF"	"N4"	"AT2/alveolar transitional"	636	0.0316720646047829	0.0209266035737779	0.0264895935914249	0.0176904871741761	0.0395573961886215	258.5	346.13679245283	12
"IPF/FO23-1-09473"	"IPF"	"N4"	"Secretory/other airway epithelial"	636	0.00964814284447719	0.0094961096398467	0.00691800411732297	0.00347986813328534	0.0132674310498832	258.5	346.13679245283	12
"IPF/FO23-1-09473"	"IPF"	"N4"	"AT1"	636	0.242852181966644	0.0294898207959646	0.245628845039441	0.22427582791906	0.264026492105887	258.5	346.13679245283	12
"IPF/FO23-1-09473"	"IPF"	"N4"	"Blood endothelial"	636	0.067712488613156	0.0253757548409243	0.0672262224419132	0.050818361335845	0.0845339793023507	258.5	346.13679245283	12
"IPF/FO23-1-09473"	"IPF"	"N4"	"Perivascular/mesothelial stromal"	636	0.0579475454687977	0.0244309631679077	0.0569766369567385	0.040591304023847	0.0720525408798784	258.5	346.13679245283	12
"IPF/FO23-1-09473"	"IPF"	"N4"	"Fibroblast"	636	0.0798362265345871	0.0308579270090825	0.0747519922195086	0.0588370176237366	0.0937808082709703	258.5	346.13679245283	12
"IPF/FO23-1-09473"	"IPF"	"N4"	"Lymphatic endothelial"	636	0.166018476288104	0.0316435341799103	0.159206393643998	0.144705440817532	0.18207030835566	258.5	346.13679245283	12
"IPF/FO23-1-09473"	"IPF"	"N4"	"Plasma"	636	0.00270191735323442	0.00294442958536651	0.00200253345129239	0.00106135689108361	0.00340947872588807	258.5	346.13679245283	12
"IPF/FO23-1-09473"	"IPF"	"N4"	"Basal-like epithelial"	636	0.0225280373389088	0.0212071546948803	0.0163079023324099	0.0070256458137806	0.0332638833795038	258.5	346.13679245283	12
"IPF/FO23-1-09473"	"IPF"	"N4"	"Myofibroblast"	636	0.0228360534734795	0.0147398516225202	0.0204943857579123	0.0128077874961184	0.0295402036049805	258.5	346.13679245283	12
"IPF/FO23-1-09473"	"IPF"	"N5"	"Alveolar/resident macrophage"	505	0.00954018386763449	0.0104754459443563	0.00662431287026506	0.00265121164165987	0.0128007612631121	481	536.130693069307	12
"IPF/FO23-1-09473"	"IPF"	"N5"	"Inflammatory monocyte/macrophage"	505	0.00964714194125807	0.00900704490438373	0.00788862638609507	0.00301372160247604	0.0140617965089124	481	536.130693069307	12
"IPF/FO23-1-09473"	"IPF"	"N5"	"Dendritic cell"	505	0.0164919907109867	0.0104431595630288	0.0144914709214618	0.00865472460897978	0.023136873522548	481	536.130693069307	12
"IPF/FO23-1-09473"	"IPF"	"N5"	"T"	505	0.025379031259569	0.015884470603372	0.0233974410416141	0.0132149017383787	0.0352426543130747	481	536.130693069307	12
"IPF/FO23-1-09473"	"IPF"	"N5"	"NK"	505	0.0178792989094653	0.0134388976120831	0.0148045756281735	0.00805841591948966	0.025345862716124	481	536.130693069307	12
"IPF/FO23-1-09473"	"IPF"	"N5"	"Mast/Basophil"	505	0.0288840257164535	0.0179653780758855	0.0261314595814895	0.0174397671030381	0.0357436996374902	481	536.130693069307	12
"IPF/FO23-1-09473"	"IPF"	"N5"	"B"	505	0.107309839565763	0.0206585185087193	0.109273535342237	0.0955791899158506	0.119461747906615	481	536.130693069307	12
"IPF/FO23-1-09473"	"IPF"	"N5"	"Ciliated epithelial"	505	0.0776388564771421	0.0172575659179131	0.0773753733279056	0.0652121851543748	0.0883024031326062	481	536.130693069307	12
"IPF/FO23-1-09473"	"IPF"	"N5"	"AT2/alveolar transitional"	505	0.0430878277854866	0.028888763391383	0.0372825517738202	0.0234070348220159	0.0577325863687097	481	536.130693069307	12
"IPF/FO23-1-09473"	"IPF"	"N5"	"Secretory/other airway epithelial"	505	0.00706239376645951	0.00637357254461599	0.00559390786545952	0.00321276333572095	0.00942718237218195	481	536.130693069307	12
"IPF/FO23-1-09473"	"IPF"	"N5"	"AT1"	505	0.247839289783941	0.0236750995906757	0.250050401051404	0.232850368779466	0.264943121251636	481	536.130693069307	12
"IPF/FO23-1-09473"	"IPF"	"N5"	"Blood endothelial"	505	0.11795184841685	0.0227477884762387	0.117021024619945	0.101088655941361	0.132336539076197	481	536.130693069307	12
"IPF/FO23-1-09473"	"IPF"	"N5"	"Perivascular/mesothelial stromal"	505	0.0595206356725179	0.0257136694305539	0.0577534140267716	0.0415903310954612	0.073343213232132	481	536.130693069307	12
"IPF/FO23-1-09473"	"IPF"	"N5"	"Fibroblast"	505	0.0969869484762184	0.0383066087859591	0.0890821014223944	0.0714597601840513	0.11439253727716	481	536.130693069307	12
"IPF/FO23-1-09473"	"IPF"	"N5"	"Lymphatic endothelial"	505	0.0950507678541983	0.0217411832312368	0.0945824339777413	0.0822023167677131	0.109749650477285	481	536.130693069307	12
"IPF/FO23-1-09473"	"IPF"	"N5"	"Plasma"	505	0.00281409540907977	0.00392591845497267	0.00155418592779393	0.000759065634067392	0.00334054443191728	481	536.130693069307	12
"IPF/FO23-1-09473"	"IPF"	"N5"	"Basal-like epithelial"	505	0.0174021341454374	0.0183532298475658	0.0109708442094795	0.00461896771273633	0.0237866017287092	481	536.130693069307	12
"IPF/FO23-1-09473"	"IPF"	"N5"	"Myofibroblast"	505	0.0195136902415385	0.0108640063414181	0.01776884542848	0.0121227267736467	0.0249361970378033	481	536.130693069307	12
"SSC/23-105334B1"	"SSc-ILD"	"N1"	"Alveolar/resident macrophage"	6595	0.0108294744509244	0.0125436561525552	0.00767099893449394	0.00145327031152394	0.0158388517028441	129	140.071872630781	12
"SSC/23-105334B1"	"SSc-ILD"	"N1"	"Inflammatory monocyte/macrophage"	6595	0.010857605823355	0.0126860978224081	0.00768891791766284	0.00147418092051552	0.0155809126295586	129	140.071872630781	12
"SSC/23-105334B1"	"SSc-ILD"	"N1"	"Dendritic cell"	6595	0.018770467057199	0.01698409368788	0.0159421374265355	0.00788258475856178	0.0263743213411455	129	140.071872630781	12
"SSC/23-105334B1"	"SSc-ILD"	"N1"	"T"	6595	0.0269515170326	0.021696075175527	0.0233785410063676	0.0113484301791917	0.0379914689186124	129	140.071872630781	12
"SSC/23-105334B1"	"SSc-ILD"	"N1"	"NK"	6595	0.0133533358147313	0.0152648946249602	0.0100609957890902	0.00236609881911024	0.0194108287408559	129	140.071872630781	12
"SSC/23-105334B1"	"SSc-ILD"	"N1"	"Mast/Basophil"	6595	0.0272308454903822	0.0197164738555347	0.023875706248064	0.0136314087445973	0.0374526943334896	129	140.071872630781	12
"SSC/23-105334B1"	"SSc-ILD"	"N1"	"B"	6595	0.10351070231154	0.0322410323140774	0.103902476176387	0.0828795549909559	0.124888762173983	129	140.071872630781	12
"SSC/23-105334B1"	"SSc-ILD"	"N1"	"Ciliated epithelial"	6595	0.0630437301497436	0.0239036142855052	0.0616831464644796	0.0481357857497619	0.0757449373132358	129	140.071872630781	12
"SSC/23-105334B1"	"SSc-ILD"	"N1"	"AT2/alveolar transitional"	6595	0.0501362996337719	0.0224917567308411	0.0481688780338472	0.0355210739846218	0.0627882888233729	129	140.071872630781	12
"SSC/23-105334B1"	"SSc-ILD"	"N1"	"Secretory/other airway epithelial"	6595	0.00864669501136281	0.0100566410412993	0.0063698652353678	0.000112925750820306	0.0127656684934738	129	140.071872630781	12
"SSC/23-105334B1"	"SSc-ILD"	"N1"	"AT1"	6595	0.305990591566606	0.0375402652783415	0.299504320835022	0.281964956318448	0.32192063648741	129	140.071872630781	12
"SSC/23-105334B1"	"SSc-ILD"	"N1"	"Blood endothelial"	6595	0.0761671754013508	0.0294447460895496	0.0763297501121997	0.0569460123742674	0.0949609436715657	129	140.071872630781	12
"SSC/23-105334B1"	"SSc-ILD"	"N1"	"Perivascular/mesothelial stromal"	6595	0.0570264438761019	0.0289866559836599	0.0541345731652902	0.0378275091867203	0.0732440306722365	129	140.071872630781	12
"SSC/23-105334B1"	"SSc-ILD"	"N1"	"Fibroblast"	6595	0.0790658091448795	0.031131901293016	0.0775034748046312	0.0581442070114982	0.0978156701756173	129	140.071872630781	12
"SSC/23-105334B1"	"SSc-ILD"	"N1"	"Lymphatic endothelial"	6595	0.0944932740319158	0.031618924209878	0.0961105953099259	0.0746311293258187	0.115799853011359	129	140.071872630781	12
"SSC/23-105334B1"	"SSc-ILD"	"N1"	"Plasma"	6595	0.00176642643062696	0.00249014722722964	0.00113191313636438	9.84837406328167e-05	0.00254548366275733	129	140.071872630781	12
"SSC/23-105334B1"	"SSc-ILD"	"N1"	"Basal-like epithelial"	6595	0.0267583502199558	0.0235458581300187	0.0220642046983453	0.00887917750218172	0.0390184275115384	129	140.071872630781	12
"SSC/23-105334B1"	"SSc-ILD"	"N1"	"Myofibroblast"	6595	0.0254012565529529	0.0183045217554178	0.0227185838142899	0.0131892759274227	0.0341438680493006	129	140.071872630781	12
"SSC/23-105334B1"	"SSc-ILD"	"N2"	"Alveolar/resident macrophage"	2820	0.0111997521092762	0.0149637728834108	0.00779981460502758	0.000628954439659499	0.0162181500449045	113	132.440425531915	12
"SSC/23-105334B1"	"SSc-ILD"	"N2"	"Inflammatory monocyte/macrophage"	2820	0.0110289102582843	0.0149174656277367	0.00690607618391492	0.000345186888110125	0.0158519529936192	113	132.440425531915	12
"SSC/23-105334B1"	"SSc-ILD"	"N2"	"Dendritic cell"	2820	0.0184539147144555	0.0164095158374702	0.0151560474057253	0.00686218982373521	0.0262395329302351	113	132.440425531915	12
"SSC/23-105334B1"	"SSc-ILD"	"N2"	"T"	2820	0.0249835742706207	0.0217053458669609	0.020874576025051	0.00827021139713563	0.0368559889020432	113	132.440425531915	12
"SSC/23-105334B1"	"SSc-ILD"	"N2"	"NK"	2820	0.012318718367764	0.0147089765856526	0.00807016820734191	0.000334460375549175	0.017967699659714	113	132.440425531915	12
"SSC/23-105334B1"	"SSc-ILD"	"N2"	"Mast/Basophil"	2820	0.0258886176005593	0.0196525270699956	0.0228453932904619	0.0118964437819032	0.0358597688842541	113	132.440425531915	12
"SSC/23-105334B1"	"SSc-ILD"	"N2"	"B"	2820	0.170850423868369	0.0446416560535271	0.162212415411139	0.1443275947621	0.185602076182927	113	132.440425531915	12
"SSC/23-105334B1"	"SSc-ILD"	"N2"	"Ciliated epithelial"	2820	0.0758761525862393	0.0288878284598524	0.073752497093544	0.0570528725278171	0.0910844089234607	113	132.440425531915	12
"SSC/23-105334B1"	"SSc-ILD"	"N2"	"AT2/alveolar transitional"	2820	0.0520764605825587	0.0238223519558006	0.049831055164274	0.0356992901132762	0.0661045791346099	113	132.440425531915	12
"SSC/23-105334B1"	"SSc-ILD"	"N2"	"Secretory/other airway epithelial"	2820	0.00925846881359808	0.0108483497100761	0.00651723125706545	0.000114182816063438	0.0138092642397409	113	132.440425531915	12
"SSC/23-105334B1"	"SSc-ILD"	"N2"	"AT1"	2820	0.230610596728561	0.0333000617311089	0.232829445784194	0.21111229793167	0.252613298723805	113	132.440425531915	12
"SSC/23-105334B1"	"SSc-ILD"	"N2"	"Blood endothelial"	2820	0.0663827065128967	0.0281850959541455	0.0656070962834744	0.0485334030441483	0.0846729097239521	113	132.440425531915	12
"SSC/23-105334B1"	"SSc-ILD"	"N2"	"Perivascular/mesothelial stromal"	2820	0.0585178248272417	0.0314484614751335	0.055298008052342	0.0367383308419455	0.0768596381110813	113	132.440425531915	12
"SSC/23-105334B1"	"SSc-ILD"	"N2"	"Fibroblast"	2820	0.0785980373935959	0.0327106249474905	0.0759710180763666	0.0570422434710528	0.0986128006351756	113	132.440425531915	12
"SSC/23-105334B1"	"SSc-ILD"	"N2"	"Lymphatic endothelial"	2820	0.0978171296530484	0.0323460796261562	0.100351746878955	0.0780366927303608	0.119957317995596	113	132.440425531915	12
"SSC/23-105334B1"	"SSc-ILD"	"N2"	"Plasma"	2820	0.00181364966854447	0.00264753897936622	0.000885258157268522	0.000100152634846823	0.00267662475941132	113	132.440425531915	12
"SSC/23-105334B1"	"SSc-ILD"	"N2"	"Basal-like epithelial"	2820	0.0286373810522593	0.0256629050123748	0.0239167108188135	0.00902937207998441	0.0420788993140404	113	132.440425531915	12
"SSC/23-105334B1"	"SSc-ILD"	"N2"	"Myofibroblast"	2820	0.025687680992127	0.0187190309976456	0.0227604463575298	0.0127745194788485	0.0347975452176458	113	132.440425531915	12
"SSC/23-105334B1"	"SSc-ILD"	"N3"	"Alveolar/resident macrophage"	2093	0.0124927398022774	0.0150492434888531	0.0080070581873581	0.000121769114009752	0.0184784573164796	93	105.401815575729	11
"SSC/23-105334B1"	"SSc-ILD"	"N3"	"Inflammatory monocyte/macrophage"	2093	0.0121893022064989	0.0156978165912042	0.00687902414362595	0.000116905561383885	0.0182903657288651	93	105.401815575729	11
"SSC/23-105334B1"	"SSc-ILD"	"N3"	"Dendritic cell"	2093	0.02150667158031	0.0211288151791911	0.0174159365416588	0.00625312295765482	0.0313158863876417	93	105.401815575729	11
"SSC/23-105334B1"	"SSc-ILD"	"N3"	"T"	2093	0.0346430081661309	0.0326605155410136	0.0277216451297087	0.0124656188278338	0.0476626783842322	93	105.401815575729	11
"SSC/23-105334B1"	"SSc-ILD"	"N3"	"NK"	2093	0.0161793298907226	0.0243718792823275	0.0105500993880485	0.000139610686748725	0.0221229488186735	93	105.401815575729	11
"SSC/23-105334B1"	"SSc-ILD"	"N3"	"Mast/Basophil"	2093	0.0329554225355593	0.0298854199926146	0.0279985643683938	0.0144280590579387	0.0446690566268972	93	105.401815575729	11
"SSC/23-105334B1"	"SSc-ILD"	"N3"	"B"	2093	0.119212840591532	0.0444784410351041	0.117220138264813	0.0934204375211361	0.14389966931995	93	105.401815575729	11
"SSC/23-105334B1"	"SSc-ILD"	"N3"	"Ciliated epithelial"	2093	0.0795536005232287	0.0395388724184745	0.0756327884489672	0.056462195295355	0.0974218818696757	93	105.401815575729	11
"SSC/23-105334B1"	"SSc-ILD"	"N3"	"AT2/alveolar transitional"	2093	0.0684942052662924	0.032578188987	0.0650490503131776	0.0472416123694497	0.0850089395331422	93	105.401815575729	11
"SSC/23-105334B1"	"SSc-ILD"	"N3"	"Secretory/other airway epithelial"	2093	0.010468873606768	0.0164246613443782	0.00659815090063588	0.000106363737505891	0.0154771797215101	93	105.401815575729	11
"SSC/23-105334B1"	"SSc-ILD"	"N3"	"AT1"	2093	0.159762497250744	0.0393574408664112	0.167865352824016	0.142913336644883	0.185802570024515	93	105.401815575729	11
"SSC/23-105334B1"	"SSc-ILD"	"N3"	"Blood endothelial"	2093	0.076056876538967	0.0368431306030899	0.0766997278917418	0.0528493297395847	0.0984442231899081	93	105.401815575729	11
"SSC/23-105334B1"	"SSc-ILD"	"N3"	"Perivascular/mesothelial stromal"	2093	0.0752658233684341	0.0463729553431429	0.0705672282990737	0.0461728231897069	0.0961860146701613	93	105.401815575729	11
"SSC/23-105334B1"	"SSc-ILD"	"N3"	"Fibroblast"	2093	0.0785397624863101	0.0431460865375807	0.075890195909586	0.0517472260455014	0.0997835290356	93	105.401815575729	11
"SSC/23-105334B1"	"SSc-ILD"	"N3"	"Lymphatic endothelial"	2093	0.121701694202082	0.043500504796097	0.120493904532995	0.096751828155566	0.143721145448343	93	105.401815575729	11
"SSC/23-105334B1"	"SSc-ILD"	"N3"	"Plasma"	2093	0.00169825204030094	0.00278478401466714	0.000118905507606406	9.53413754340562e-05	0.00249492972717289	93	105.401815575729	11
"SSC/23-105334B1"	"SSc-ILD"	"N3"	"Basal-like epithelial"	2093	0.0516179080485991	0.0443135381115519	0.0445556233264079	0.0238161153477359	0.0714650780804478	93	105.401815575729	11
"SSC/23-105334B1"	"SSc-ILD"	"N3"	"Myofibroblast"	2093	0.0276611918952415	0.0237084559504396	0.0236251667468934	0.0119488772279769	0.0383174758896723	93	105.401815575729	11
"SSC/23-105334B1"	"SSc-ILD"	"N4"	"Alveolar/resident macrophage"	3873	0.0112244992017431	0.0123806242888622	0.0080555189989917	0.00144725073281467	0.0161420118107225	114	125.293054479732	12
"SSC/23-105334B1"	"SSc-ILD"	"N4"	"Inflammatory monocyte/macrophage"	3873	0.0117345587205292	0.013209752388014	0.00845404145531105	0.000921535392403723	0.0173678806064921	114	125.293054479732	12
"SSC/23-105334B1"	"SSc-ILD"	"N4"	"Dendritic cell"	3873	0.0191300712314557	0.015896809509835	0.0160079580963893	0.00760269664740408	0.0273583152757004	114	125.293054479732	12
"SSC/23-105334B1"	"SSc-ILD"	"N4"	"T"	3873	0.0277258863171028	0.0229242468109775	0.0245672813240805	0.0109893041235027	0.0393783403246572	114	125.293054479732	12
"SSC/23-105334B1"	"SSc-ILD"	"N4"	"NK"	3873	0.0135947817195926	0.0147131404228699	0.010010408971849	0.00194439090889494	0.0198503638187066	114	125.293054479732	12
"SSC/23-105334B1"	"SSc-ILD"	"N4"	"Mast/Basophil"	3873	0.0273167774938992	0.019891267001684	0.0238202173677702	0.0128516843020833	0.0380298840393005	114	125.293054479732	12
"SSC/23-105334B1"	"SSc-ILD"	"N4"	"B"	3873	0.0970007073109144	0.0323152532404137	0.0978978224408271	0.0765593489661277	0.117480887767294	114	125.293054479732	12
"SSC/23-105334B1"	"SSc-ILD"	"N4"	"Ciliated epithelial"	3873	0.0667936324613324	0.0253053588948455	0.065004797714756	0.0502740004657423	0.0817032720708066	114	125.293054479732	12
"SSC/23-105334B1"	"SSc-ILD"	"N4"	"AT2/alveolar transitional"	3873	0.0560933187869309	0.0239277093544744	0.0533764814369623	0.0402445330793794	0.0696904543239394	114	125.293054479732	12
"SSC/23-105334B1"	"SSc-ILD"	"N4"	"Secretory/other airway epithelial"	3873	0.0101115583271503	0.0117567274080345	0.00775635180461417	0.000123294861733602	0.014801699036138	114	125.293054479732	12
"SSC/23-105334B1"	"SSc-ILD"	"N4"	"AT1"	3873	0.236565932622222	0.034736857019255	0.238089278860472	0.215292567675716	0.258901379652522	114	125.293054479732	12
"SSC/23-105334B1"	"SSc-ILD"	"N4"	"Blood endothelial"	3873	0.0680440178919519	0.0295173746648583	0.0677181428781858	0.0479158976739386	0.0861849955361458	114	125.293054479732	12
"SSC/23-105334B1"	"SSc-ILD"	"N4"	"Perivascular/mesothelial stromal"	3873	0.0570063719633205	0.0288926319145767	0.0547161960385448	0.0368061842271665	0.0749868765587381	114	125.293054479732	12
"SSC/23-105334B1"	"SSc-ILD"	"N4"	"Fibroblast"	3873	0.0732034808335389	0.0317326957303772	0.071749892136257	0.0518193496819956	0.091834281925565	114	125.293054479732	12
"SSC/23-105334B1"	"SSc-ILD"	"N4"	"Lymphatic endothelial"	3873	0.165192999905926	0.0426296678502113	0.157041062271754	0.140839187066199	0.178239815968477	114	125.293054479732	12
"SSC/23-105334B1"	"SSc-ILD"	"N4"	"Plasma"	3873	0.00178062377089901	0.00247649266466001	0.000975584763795381	9.9869774341807e-05	0.00263420038615389	114	125.293054479732	12
"SSC/23-105334B1"	"SSc-ILD"	"N4"	"Basal-like epithelial"	3873	0.0311642670670325	0.0271094148710324	0.0258692994748449	0.0103342109622691	0.0456516437339065	114	125.293054479732	12
"SSC/23-105334B1"	"SSc-ILD"	"N4"	"Myofibroblast"	3873	0.0263165143744577	0.018387388106681	0.0233850312430904	0.0136892802504483	0.0352460954619819	114	125.293054479732	12
"SSC/23-105334B1"	"SSc-ILD"	"N5"	"Alveolar/resident macrophage"	5493	0.0111879789758439	0.0130890893353174	0.00782110863786094	0.00122321528850169	0.0158913739989343	123	133.075550700892	12
"SSC/23-105334B1"	"SSc-ILD"	"N5"	"Inflammatory monocyte/macrophage"	5493	0.0112389678662962	0.0118345678619994	0.0083190726492272	0.0011769064755268	0.0168575411797284	123	133.075550700892	12
"SSC/23-105334B1"	"SSc-ILD"	"N5"	"Dendritic cell"	5493	0.0196828249214586	0.0160755381712537	0.0166944819149509	0.0082864750820499	0.0277391188434374	123	133.075550700892	12
"SSC/23-105334B1"	"SSc-ILD"	"N5"	"T"	5493	0.0292932372183606	0.0232134105592394	0.0255525773855758	0.0126289973308308	0.0412747523053004	123	133.075550700892	12
"SSC/23-105334B1"	"SSc-ILD"	"N5"	"NK"	5493	0.0136761057605808	0.0143236050854761	0.0102636242151535	0.00240037042560062	0.0199250583180276	123	133.075550700892	12
"SSC/23-105334B1"	"SSc-ILD"	"N5"	"Mast/Basophil"	5493	0.0302403670571435	0.0215560241891191	0.0267454750990765	0.01548767812674	0.0411721481341052	123	133.075550700892	12
"SSC/23-105334B1"	"SSc-ILD"	"N5"	"B"	5493	0.106002467535033	0.0311492359352816	0.106491659081742	0.0856996913574412	0.125670248386594	123	133.075550700892	12
"SSC/23-105334B1"	"SSc-ILD"	"N5"	"Ciliated epithelial"	5493	0.0659275971022332	0.0240165835726184	0.0644097319566253	0.0502403763566189	0.0802328210346786	123	133.075550700892	12
"SSC/23-105334B1"	"SSc-ILD"	"N5"	"AT2/alveolar transitional"	5493	0.0605532135803285	0.0232705114349064	0.0585669873059171	0.0444324822923926	0.0745402282397727	123	133.075550700892	12
"SSC/23-105334B1"	"SSc-ILD"	"N5"	"Secretory/other airway epithelial"	5493	0.00975245976381811	0.0128226457456432	0.0073012505365459	0.00014552310302955	0.0141424786766831	123	133.075550700892	12
"SSC/23-105334B1"	"SSc-ILD"	"N5"	"AT1"	5493	0.234478696632359	0.0301644961840153	0.235875880068613	0.214803076963693	0.255767731449111	123	133.075550700892	12
"SSC/23-105334B1"	"SSc-ILD"	"N5"	"Blood endothelial"	5493	0.115683689307277	0.0332468617111892	0.112567265344609	0.0949081846617836	0.132737027528527	123	133.075550700892	12
"SSC/23-105334B1"	"SSc-ILD"	"N5"	"Perivascular/mesothelial stromal"	5493	0.0625553627485448	0.0296478426641409	0.0600549112757565	0.0425047223723495	0.0805225120011818	123	133.075550700892	12
"SSC/23-105334B1"	"SSc-ILD"	"N5"	"Fibroblast"	5493	0.0791447329354369	0.0314149269104816	0.0776028039542344	0.0573966710265508	0.0983080332684726	123	133.075550700892	12
"SSC/23-105334B1"	"SSc-ILD"	"N5"	"Lymphatic endothelial"	5493	0.0859350668379083	0.0288594869700287	0.0873222402421529	0.067586652987441	0.10613367004862	123	133.075550700892	12
"SSC/23-105334B1"	"SSc-ILD"	"N5"	"Plasma"	5493	0.00183041527253481	0.0024852327346958	0.00118048368096141	0.000100716560540323	0.00272921540982368	123	133.075550700892	12
"SSC/23-105334B1"	"SSc-ILD"	"N5"	"Basal-like epithelial"	5493	0.036136417874917	0.0278339689693248	0.0316485111436712	0.0158137861061232	0.0509798541195935	123	133.075550700892	12
"SSC/23-105334B1"	"SSc-ILD"	"N5"	"Myofibroblast"	5493	0.0266803986099255	0.0186639451958695	0.0236482953331931	0.0137478470122907	0.0358479914872127	123	133.075550700892	12
"SSC/FO20-I-08293B1"	"SSc-ILD"	"N1"	"Alveolar/resident macrophage"	275	0.0111455466371648	0.0106251989941252	0.008696401486535	0.00296401435874889	0.0164762112682123	136	171.189090909091	12
"SSC/FO20-I-08293B1"	"SSc-ILD"	"N1"	"Inflammatory monocyte/macrophage"	275	0.0108755652327971	0.0110118042487931	0.00724980410374009	0.00254459839234205	0.0157945615878639	136	171.189090909091	12
"SSC/FO20-I-08293B1"	"SSc-ILD"	"N1"	"Dendritic cell"	275	0.0178705868958214	0.013331146264729	0.0165654795935304	0.00799833396498934	0.0238526136546816	136	171.189090909091	12
"SSC/FO20-I-08293B1"	"SSc-ILD"	"N1"	"T"	275	0.0375932262941761	0.0229645481274464	0.0339303357186723	0.0214248135476719	0.0511836446347791	136	171.189090909091	12
"SSC/FO20-I-08293B1"	"SSc-ILD"	"N1"	"NK"	275	0.02734236350361	0.0233899955342827	0.0222513765551454	0.0101692845942062	0.0388076224912774	136	171.189090909091	12
"SSC/FO20-I-08293B1"	"SSc-ILD"	"N1"	"Mast/Basophil"	275	0.0330661830592422	0.0199343595680648	0.030190140614406	0.019207200163634	0.0454208125893161	136	171.189090909091	12
"SSC/FO20-I-08293B1"	"SSc-ILD"	"N1"	"B"	275	0.104406868834094	0.0300047183552771	0.104656913013486	0.0857815287060415	0.123265508849556	136	171.189090909091	12
"SSC/FO20-I-08293B1"	"SSc-ILD"	"N1"	"Ciliated epithelial"	275	0.0880267171381969	0.0250248049981647	0.0872501231451844	0.0731345459223175	0.105943731639068	136	171.189090909091	12
"SSC/FO20-I-08293B1"	"SSc-ILD"	"N1"	"AT2/alveolar transitional"	275	0.0312356121626662	0.0128127473202559	0.0294538773565084	0.0217665485774065	0.0384598391627554	136	171.189090909091	12
"SSC/FO20-I-08293B1"	"SSc-ILD"	"N1"	"Secretory/other airway epithelial"	275	0.0100399128608704	0.0126171626837942	0.00649737327825873	0.00239835751436121	0.0143350780192155	136	171.189090909091	12
"SSC/FO20-I-08293B1"	"SSc-ILD"	"N1"	"AT1"	275	0.294964029794331	0.0313671363058984	0.288222999543043	0.273319941397711	0.306274981972754	136	171.189090909091	12
"SSC/FO20-I-08293B1"	"SSc-ILD"	"N1"	"Blood endothelial"	275	0.0657451523062072	0.0263446609729999	0.0648500084950302	0.0474735139419366	0.0830401990029439	136	171.189090909091	12
"SSC/FO20-I-08293B1"	"SSc-ILD"	"N1"	"Perivascular/mesothelial stromal"	275	0.0534216235437806	0.0256281331124281	0.0520508821447772	0.0364645653610399	0.0684063415047557	136	171.189090909091	12
"SSC/FO20-I-08293B1"	"SSc-ILD"	"N1"	"Fibroblast"	275	0.0713888525100988	0.0265320959309896	0.0713986874867979	0.0536550143031514	0.0889977049012324	136	171.189090909091	12
"SSC/FO20-I-08293B1"	"SSc-ILD"	"N1"	"Lymphatic endothelial"	275	0.0966704106761273	0.0290004778834247	0.0967828183429687	0.0754507471938125	0.118444906474567	136	171.189090909091	12
"SSC/FO20-I-08293B1"	"SSc-ILD"	"N1"	"Plasma"	275	0.00201412360075767	0.00216627469648642	0.00148874569465517	0.000108830351723934	0.00296138553793299	136	171.189090909091	12
"SSC/FO20-I-08293B1"	"SSc-ILD"	"N1"	"Basal-like epithelial"	275	0.0219134046724354	0.0198833039071361	0.0172836584784736	0.00588171883547758	0.0333939961107932	136	171.189090909091	12
"SSC/FO20-I-08293B1"	"SSc-ILD"	"N1"	"Myofibroblast"	275	0.022279820277622	0.0152626071892572	0.0197672637340763	0.010808900623632	0.0321631629504766	136	171.189090909091	12
"SSC/FO20-I-08293B1"	"SSc-ILD"	"N2"	"Alveolar/resident macrophage"	1216	0.0104977040498754	0.0101035411752007	0.00821891338347071	0.00322332731516414	0.0151513958319586	171	212.001644736842	12
"SSC/FO20-I-08293B1"	"SSc-ILD"	"N2"	"Inflammatory monocyte/macrophage"	1216	0.00997143676961213	0.0108657625138711	0.00676693016602044	0.00139641796029655	0.0148936741901514	171	212.001644736842	12
"SSC/FO20-I-08293B1"	"SSc-ILD"	"N2"	"Dendritic cell"	1216	0.0162991869275084	0.0125030656280118	0.0140691253445447	0.00732156193668146	0.0227184048490598	171	212.001644736842	12
"SSC/FO20-I-08293B1"	"SSc-ILD"	"N2"	"T"	1216	0.0308530605181514	0.0206368696713702	0.0285588957893807	0.0151919540072724	0.0435885216722861	171	212.001644736842	12
"SSC/FO20-I-08293B1"	"SSc-ILD"	"N2"	"NK"	1216	0.0267813851029298	0.0194035622097725	0.0235719599557926	0.0124480934335021	0.0369381240361184	171	212.001644736842	12
"SSC/FO20-I-08293B1"	"SSc-ILD"	"N2"	"Mast/Basophil"	1216	0.0327926871854088	0.0181748762756581	0.0307273211755243	0.0191752112506392	0.0435845480842563	171	212.001644736842	12
"SSC/FO20-I-08293B1"	"SSc-ILD"	"N2"	"B"	1216	0.15040121331083	0.0283533166155529	0.148796910199406	0.131798170319178	0.165559494029121	171	212.001644736842	12
"SSC/FO20-I-08293B1"	"SSc-ILD"	"N2"	"Ciliated epithelial"	1216	0.104099040992666	0.0265318015751276	0.103109822367048	0.0856992681266561	0.12002158655128	171	212.001644736842	12
"SSC/FO20-I-08293B1"	"SSc-ILD"	"N2"	"AT2/alveolar transitional"	1216	0.0354009844431017	0.0133866965684956	0.0335286753583884	0.0258963481883059	0.0433923426434585	171	212.001644736842	12
"SSC/FO20-I-08293B1"	"SSc-ILD"	"N2"	"Secretory/other airway epithelial"	1216	0.00963307682326869	0.0097815560563558	0.00723941324878742	0.00271742808142609	0.0136788381890717	171	212.001644736842	12
"SSC/FO20-I-08293B1"	"SSc-ILD"	"N2"	"AT1"	1216	0.221853814727842	0.0276630891400755	0.221023365252272	0.204149537718175	0.24111860063763	171	212.001644736842	12
"SSC/FO20-I-08293B1"	"SSc-ILD"	"N2"	"Blood endothelial"	1216	0.0687701926787539	0.0228253179067189	0.0678296369775935	0.0533632273220514	0.0848448508827342	171	212.001644736842	12
"SSC/FO20-I-08293B1"	"SSc-ILD"	"N2"	"Perivascular/mesothelial stromal"	1216	0.0580686817744186	0.0233052477278375	0.0564583642110192	0.0419178603980544	0.0735016017257171	171	212.001644736842	12
"SSC/FO20-I-08293B1"	"SSc-ILD"	"N2"	"Fibroblast"	1216	0.0764870351375989	0.0234629459921745	0.0761793260704952	0.0599550669170922	0.0910962168822639	171	212.001644736842	12
"SSC/FO20-I-08293B1"	"SSc-ILD"	"N2"	"Lymphatic endothelial"	1216	0.104613263576399	0.0277577605907115	0.107478903491616	0.0874768079632151	0.123028932434135	171	212.001644736842	12
"SSC/FO20-I-08293B1"	"SSc-ILD"	"N2"	"Plasma"	1216	0.00259156436867294	0.00248075081190063	0.00194292688433666	0.000939709029155436	0.00346942167832009	171	212.001644736842	12
"SSC/FO20-I-08293B1"	"SSc-ILD"	"N2"	"Basal-like epithelial"	1216	0.0203901515697342	0.0176146084165882	0.0164569000492243	0.00746667658757098	0.0295671359345286	171	212.001644736842	12
"SSC/FO20-I-08293B1"	"SSc-ILD"	"N2"	"Myofibroblast"	1216	0.0204955200432278	0.0129733863527523	0.0179867030961918	0.0109912906752809	0.027765907264552	171	212.001644736842	12
"SSC/FO20-I-08293B1"	"SSc-ILD"	"N3"	"Alveolar/resident macrophage"	1113	0.0115004082004985	0.0112643337468785	0.00914867210290541	0.00175473327921461	0.0172490397043778	121	144.29200359389	12
"SSC/FO20-I-08293B1"	"SSc-ILD"	"N3"	"Inflammatory monocyte/macrophage"	1113	0.0127922975484329	0.0129618578445875	0.0094795299233645	0.00208302665713941	0.0190326711147269	121	144.29200359389	12
"SSC/FO20-I-08293B1"	"SSc-ILD"	"N3"	"Dendritic cell"	1113	0.0181901939829121	0.0150813215167796	0.015858658918073	0.00681232110154685	0.0262218929619351	121	144.29200359389	12
"SSC/FO20-I-08293B1"	"SSc-ILD"	"N3"	"T"	1113	0.0407919550232545	0.0272734181954314	0.0361825450433412	0.0211606730865906	0.0546143108502267	121	144.29200359389	12
"SSC/FO20-I-08293B1"	"SSc-ILD"	"N3"	"NK"	1113	0.0332079618212564	0.0253813680756899	0.0279403042374923	0.0147536799734572	0.0457339935484311	121	144.29200359389	12
"SSC/FO20-I-08293B1"	"SSc-ILD"	"N3"	"Mast/Basophil"	1113	0.0417909677934896	0.0246075525218976	0.0385592873663364	0.024739908476938	0.0559038249875044	121	144.29200359389	12
"SSC/FO20-I-08293B1"	"SSc-ILD"	"N3"	"B"	1113	0.118441751209304	0.0326810372845359	0.118955707288632	0.0974335172893317	0.138238478500255	121	144.29200359389	12
"SSC/FO20-I-08293B1"	"SSc-ILD"	"N3"	"Ciliated epithelial"	1113	0.108928360551109	0.0318910444531853	0.10738300202167	0.0884194528225152	0.126081544568198	121	144.29200359389	12
"SSC/FO20-I-08293B1"	"SSc-ILD"	"N3"	"AT2/alveolar transitional"	1113	0.0437051242146625	0.0173160723729638	0.041908381212645	0.0313843552189424	0.0534696940000844	121	144.29200359389	12
"SSC/FO20-I-08293B1"	"SSc-ILD"	"N3"	"Secretory/other airway epithelial"	1113	0.0118545729044846	0.0127082668542679	0.00819800628823215	0.00262956917702126	0.0169709778115329	121	144.29200359389	12
"SSC/FO20-I-08293B1"	"SSc-ILD"	"N3"	"AT1"	1113	0.163444236847192	0.0297753984871377	0.167836532241291	0.14697166503085	0.184819316051207	121	144.29200359389	12
"SSC/FO20-I-08293B1"	"SSc-ILD"	"N3"	"Blood endothelial"	1113	0.0714387163725155	0.0300829623675475	0.0690557875573337	0.050493527360747	0.0883963657993093	121	144.29200359389	12
"SSC/FO20-I-08293B1"	"SSc-ILD"	"N3"	"Perivascular/mesothelial stromal"	1113	0.0679173780146803	0.0300502359371973	0.0656364263377094	0.0472446032712946	0.0852164272646051	121	144.29200359389	12
"SSC/FO20-I-08293B1"	"SSc-ILD"	"N3"	"Fibroblast"	1113	0.0736888429521738	0.0282646186860917	0.0732216261550063	0.0548959159994446	0.092594711738023	121	144.29200359389	12
"SSC/FO20-I-08293B1"	"SSc-ILD"	"N3"	"Lymphatic endothelial"	1113	0.121754746319214	0.0358839897479191	0.122270800891927	0.100216061584961	0.143887798862357	121	144.29200359389	12
"SSC/FO20-I-08293B1"	"SSc-ILD"	"N3"	"Plasma"	1113	0.00240248982829402	0.00251175461092452	0.00185419690845016	0.000112025590438714	0.003615597156634	121	144.29200359389	12
"SSC/FO20-I-08293B1"	"SSc-ILD"	"N3"	"Basal-like epithelial"	1113	0.0348222762877585	0.0283151662759667	0.0304669584372757	0.0141623490710661	0.0494005740827491	121	144.29200359389	12
"SSC/FO20-I-08293B1"	"SSc-ILD"	"N3"	"Myofibroblast"	1113	0.0233277201287678	0.0153115081286126	0.0206801322519721	0.0122039680862865	0.0322482679279753	121	144.29200359389	12
"SSC/FO20-I-08293B1"	"SSc-ILD"	"N4"	"Alveolar/resident macrophage"	918	0.0101365564194436	0.0112162998885981	0.00785766132096611	0.00207129367405697	0.0145030016477468	147	182.696078431373	12
"SSC/FO20-I-08293B1"	"SSc-ILD"	"N4"	"Inflammatory monocyte/macrophage"	918	0.0098620440958242	0.011232809907715	0.00665699127067745	0.000899142334909177	0.0147220315872208	147	182.696078431373	12
"SSC/FO20-I-08293B1"	"SSc-ILD"	"N4"	"Dendritic cell"	918	0.0180686942809421	0.0143787825012929	0.0163678545705424	0.00740462923329533	0.025512637945832	147	182.696078431373	12
"SSC/FO20-I-08293B1"	"SSc-ILD"	"N4"	"T"	918	0.0348549492919772	0.0234608572576569	0.0319517114753925	0.0170885200872391	0.04712113553013	147	182.696078431373	12
"SSC/FO20-I-08293B1"	"SSc-ILD"	"N4"	"NK"	918	0.027773529371784	0.0222696616786475	0.0243301526581599	0.0116821922344105	0.0387328810868828	147	182.696078431373	12
"SSC/FO20-I-08293B1"	"SSc-ILD"	"N4"	"Mast/Basophil"	918	0.0331230751496813	0.0205862919135032	0.030575266949604	0.0187194728161535	0.0438758359719286	147	182.696078431373	12
"SSC/FO20-I-08293B1"	"SSc-ILD"	"N4"	"B"	918	0.103371513280049	0.0279797233625777	0.105752800592859	0.0855522220064692	0.123281459182208	147	182.696078431373	12
"SSC/FO20-I-08293B1"	"SSc-ILD"	"N4"	"Ciliated epithelial"	918	0.0931858777688236	0.0258616636502587	0.0927477320925368	0.0760222329866024	0.108282220746622	147	182.696078431373	12
"SSC/FO20-I-08293B1"	"SSc-ILD"	"N4"	"AT2/alveolar transitional"	918	0.0354126695889419	0.013981604872677	0.0339025854286666	0.0259799256615927	0.0426500579723309	147	182.696078431373	12
"SSC/FO20-I-08293B1"	"SSc-ILD"	"N4"	"Secretory/other airway epithelial"	918	0.00958412714614111	0.0103914758547905	0.00700223303808405	0.00228648592815237	0.0134722547616125	147	182.696078431373	12
"SSC/FO20-I-08293B1"	"SSc-ILD"	"N4"	"AT1"	918	0.224896102249035	0.0301300262148307	0.222865667038664	0.204201443128256	0.243563791887407	147	182.696078431373	12
"SSC/FO20-I-08293B1"	"SSc-ILD"	"N4"	"Blood endothelial"	918	0.0643353699391918	0.0250581649315951	0.0642934387980548	0.0474441438573145	0.081797716948496	147	182.696078431373	12
"SSC/FO20-I-08293B1"	"SSc-ILD"	"N4"	"Perivascular/mesothelial stromal"	918	0.0564127078890664	0.0253274280556678	0.0535435777904899	0.0396317996752872	0.0711646906870778	147	182.696078431373	12
"SSC/FO20-I-08293B1"	"SSc-ILD"	"N4"	"Fibroblast"	918	0.0702161069063018	0.0270852373380546	0.0691919239973554	0.0516231422302284	0.0864561409083526	147	182.696078431373	12
"SSC/FO20-I-08293B1"	"SSc-ILD"	"N4"	"Lymphatic endothelial"	918	0.161094280979196	0.0283346323499016	0.158565512900969	0.141467526354457	0.177723684677399	147	182.696078431373	12
"SSC/FO20-I-08293B1"	"SSc-ILD"	"N4"	"Plasma"	918	0.00234304800834299	0.00216540337316039	0.00194305685458543	0.000395043390261401	0.00353717906729477	147	182.696078431373	12
"SSC/FO20-I-08293B1"	"SSc-ILD"	"N4"	"Basal-like epithelial"	918	0.0240659230839088	0.0211015132754627	0.0201715045884931	0.0071712486408407	0.0359207002214841	147	182.696078431373	12
"SSC/FO20-I-08293B1"	"SSc-ILD"	"N4"	"Myofibroblast"	918	0.021263424551349	0.0138009620466232	0.0186654163246592	0.0114764591976728	0.0286414521559157	147	182.696078431373	12
"SSC/FO20-I-08293B1"	"SSc-ILD"	"N5"	"Alveolar/resident macrophage"	422	0.0113464012858263	0.0110375736496641	0.00924208422800112	0.00268932201979212	0.0158335287744388	142.5	168.855450236967	12
"SSC/FO20-I-08293B1"	"SSc-ILD"	"N5"	"Inflammatory monocyte/macrophage"	422	0.0112840492605067	0.011627901649439	0.00885909236899803	0.00125187058985179	0.0161210553263692	142.5	168.855450236967	12
"SSC/FO20-I-08293B1"	"SSc-ILD"	"N5"	"Dendritic cell"	422	0.0177334752289622	0.0151571050238927	0.0148392682964928	0.00697890595695237	0.0259572797135802	142.5	168.855450236967	12
"SSC/FO20-I-08293B1"	"SSc-ILD"	"N5"	"T"	422	0.0371246667932012	0.0268207321210861	0.0327698854686892	0.0176331500013683	0.0512705446232742	142.5	168.855450236967	12
"SSC/FO20-I-08293B1"	"SSc-ILD"	"N5"	"NK"	422	0.0288063180243891	0.0214884816856631	0.0260646670168785	0.0126957096886439	0.0420000395957038	142.5	168.855450236967	12
"SSC/FO20-I-08293B1"	"SSc-ILD"	"N5"	"Mast/Basophil"	422	0.0389329290817938	0.0238678603817203	0.0364985792828514	0.0212300718367693	0.0514936047387803	142.5	168.855450236967	12
"SSC/FO20-I-08293B1"	"SSc-ILD"	"N5"	"B"	422	0.102646411293955	0.0277086362460222	0.104292428893195	0.085399360408361	0.121408583766595	142.5	168.855450236967	12
"SSC/FO20-I-08293B1"	"SSc-ILD"	"N5"	"Ciliated epithelial"	422	0.093172365086905	0.0288506542028901	0.0918882533054787	0.0741729883310443	0.112008856155551	142.5	168.855450236967	12
"SSC/FO20-I-08293B1"	"SSc-ILD"	"N5"	"AT2/alveolar transitional"	422	0.0390350229387769	0.0149688094833225	0.0377658524642668	0.0284363394332397	0.0484634576860897	142.5	168.855450236967	12
"SSC/FO20-I-08293B1"	"SSc-ILD"	"N5"	"Secretory/other airway epithelial"	422	0.0104479206608237	0.0116382518184971	0.00727248720198192	0.00220383035977363	0.0149269239639637	142.5	168.855450236967	12
"SSC/FO20-I-08293B1"	"SSc-ILD"	"N5"	"AT1"	422	0.220640940541385	0.0309659749218354	0.221701656674733	0.202880049886458	0.24014980350832	142.5	168.855450236967	12
"SSC/FO20-I-08293B1"	"SSc-ILD"	"N5"	"Blood endothelial"	422	0.112966362979598	0.0457716376542576	0.108360824181174	0.0935377974364474	0.127190895152828	142.5	168.855450236967	12
"SSC/FO20-I-08293B1"	"SSc-ILD"	"N5"	"Perivascular/mesothelial stromal"	422	0.0610001672913958	0.0268198800655779	0.0594678706010589	0.0428320380299221	0.0777960121190707	142.5	168.855450236967	12
"SSC/FO20-I-08293B1"	"SSc-ILD"	"N5"	"Fibroblast"	422	0.0757995142036955	0.0273321429765877	0.0763974923560676	0.0595646412033914	0.0920407657723363	142.5	168.855450236967	12
"SSC/FO20-I-08293B1"	"SSc-ILD"	"N5"	"Lymphatic endothelial"	422	0.087907571040538	0.0286666232497609	0.0895194863627306	0.068461846572016	0.10878127008161	142.5	168.855450236967	12
"SSC/FO20-I-08293B1"	"SSc-ILD"	"N5"	"Plasma"	422	0.00229590629616268	0.00258127009452845	0.00160169764459786	0.000109684215776848	0.00353086406897832	142.5	168.855450236967	12
"SSC/FO20-I-08293B1"	"SSc-ILD"	"N5"	"Basal-like epithelial"	422	0.024579851152399	0.0213771742921039	0.0209723807942954	0.00729345243238859	0.035543632611604	142.5	168.855450236967	12
"SSC/FO20-I-08293B1"	"SSc-ILD"	"N5"	"Myofibroblast"	422	0.0242801268396854	0.017025243486315	0.0214353934331494	0.0117303417317558	0.033813889069647	142.5	168.855450236967	12
"SSC/FO21-1-01756B1"	"SSc-ILD"	"N1"	"Alveolar/resident macrophage"	1176	0.0104889521051711	0.0111336110708434	0.00749103018375095	0.00198958682264734	0.0147192986136946	131	209.034863945578	12
"SSC/FO21-1-01756B1"	"SSc-ILD"	"N1"	"Inflammatory monocyte/macrophage"	1176	0.00969477796822617	0.0100450780110519	0.00702192726295165	0.00146589430272505	0.0144674251451143	131	209.034863945578	12
"SSC/FO21-1-01756B1"	"SSc-ILD"	"N1"	"Dendritic cell"	1176	0.018164144493323	0.013345981780377	0.016243174443941	0.0085335195880249	0.0249205386306268	131	209.034863945578	12
"SSC/FO21-1-01756B1"	"SSc-ILD"	"N1"	"T"	1176	0.0302128444505759	0.0219649596368491	0.0269893938707063	0.0144362463400474	0.0419378240863623	131	209.034863945578	12
"SSC/FO21-1-01756B1"	"SSc-ILD"	"N1"	"NK"	1176	0.0191350384898368	0.0171048903598817	0.0147293090491726	0.00676074665069384	0.0276121586544121	131	209.034863945578	12
"SSC/FO21-1-01756B1"	"SSc-ILD"	"N1"	"Mast/Basophil"	1176	0.0298392345278475	0.0201608701543709	0.0269946127805966	0.0153047945505008	0.0405891114281657	131	209.034863945578	12
"SSC/FO21-1-01756B1"	"SSc-ILD"	"N1"	"B"	1176	0.102836827986	0.028316440391736	0.102871681261566	0.0836849587882504	0.121463425269208	131	209.034863945578	12
"SSC/FO21-1-01756B1"	"SSc-ILD"	"N1"	"Ciliated epithelial"	1176	0.0790666701604296	0.0246774430105198	0.0772499972483276	0.0630132143481003	0.0936999399850533	131	209.034863945578	12
"SSC/FO21-1-01756B1"	"SSc-ILD"	"N1"	"AT2/alveolar transitional"	1176	0.036359155634993	0.019046347993559	0.0327886754071306	0.0228213692176911	0.0453815993090286	131	209.034863945578	12
"SSC/FO21-1-01756B1"	"SSc-ILD"	"N1"	"Secretory/other airway epithelial"	1176	0.0101830839532404	0.0100625712146642	0.00787765777538333	0.00290931543621782	0.014316652201638	131	209.034863945578	12
"SSC/FO21-1-01756B1"	"SSc-ILD"	"N1"	"AT1"	1176	0.296724909637605	0.0278193343247321	0.292505796625182	0.276820407909622	0.311162687156382	131	209.034863945578	12
"SSC/FO21-1-01756B1"	"SSc-ILD"	"N1"	"Blood endothelial"	1176	0.0739739456533286	0.029836883110255	0.0729591243047926	0.0542515266858054	0.093454335484247	131	209.034863945578	12
"SSC/FO21-1-01756B1"	"SSc-ILD"	"N1"	"Perivascular/mesothelial stromal"	1176	0.0602186089165818	0.0277179686076922	0.0576903870020777	0.0410860530055285	0.0765203515807815	131	209.034863945578	12
"SSC/FO21-1-01756B1"	"SSc-ILD"	"N1"	"Fibroblast"	1176	0.0766285737318052	0.029703225042136	0.0744144492288905	0.0565508412102968	0.0942962461417105	131	209.034863945578	12
"SSC/FO21-1-01756B1"	"SSc-ILD"	"N1"	"Lymphatic endothelial"	1176	0.0980116990197826	0.0289473837095412	0.0997393221805713	0.0801439272559165	0.118032198222771	131	209.034863945578	12
"SSC/FO21-1-01756B1"	"SSc-ILD"	"N1"	"Plasma"	1176	0.0023260105943743	0.00275913426258017	0.00142235912378164	0.000129830537614378	0.00344302685022675	131	209.034863945578	12
"SSC/FO21-1-01756B1"	"SSc-ILD"	"N1"	"Basal-like epithelial"	1176	0.0248602046282849	0.0232492488562372	0.0180344242924687	0.00665710854812287	0.0376450238428834	131	209.034863945578	12
"SSC/FO21-1-01756B1"	"SSc-ILD"	"N1"	"Myofibroblast"	1176	0.0212753180485939	0.0149489454710774	0.018396110240987	0.0104352896888143	0.0289168023284661	131	209.034863945578	12
"SSC/FO21-1-01756B1"	"SSc-ILD"	"N2"	"Alveolar/resident macrophage"	1405	0.00935686519929289	0.0100128147223328	0.00648161841491133	0.00122545569169359	0.014124476248049	131	178.750889679715	12
"SSC/FO21-1-01756B1"	"SSc-ILD"	"N2"	"Inflammatory monocyte/macrophage"	1405	0.00940880190959506	0.0104794259253288	0.00623053976049806	0.000602470923119979	0.0143094454008881	131	178.750889679715	12
"SSC/FO21-1-01756B1"	"SSc-ILD"	"N2"	"Dendritic cell"	1405	0.0170695833221657	0.0133947909571369	0.0150156982032236	0.00671815259096695	0.0244245439294578	131	178.750889679715	12
"SSC/FO21-1-01756B1"	"SSc-ILD"	"N2"	"T"	1405	0.0271855484171457	0.0207108835205368	0.0239621197096677	0.011198811108445	0.0384651642979834	131	178.750889679715	12
"SSC/FO21-1-01756B1"	"SSc-ILD"	"N2"	"NK"	1405	0.0177511036342148	0.015656157806994	0.0148596270083996	0.00548714248378574	0.0258318388354945	131	178.750889679715	12
"SSC/FO21-1-01756B1"	"SSc-ILD"	"N2"	"Mast/Basophil"	1405	0.0301740852728495	0.0202301520773095	0.0264546917709971	0.0161815100322577	0.0407743635322699	131	178.750889679715	12
"SSC/FO21-1-01756B1"	"SSc-ILD"	"N2"	"B"	1405	0.152252109078502	0.0277166341905086	0.149615068348105	0.133916441534545	0.167250765931799	131	178.750889679715	12
"SSC/FO21-1-01756B1"	"SSc-ILD"	"N2"	"Ciliated epithelial"	1405	0.0924466765271799	0.025329174082645	0.0907343533606063	0.074848534945769	0.109210431813717	131	178.750889679715	12
"SSC/FO21-1-01756B1"	"SSc-ILD"	"N2"	"AT2/alveolar transitional"	1405	0.0381017593128505	0.0181121702148015	0.0359469784450321	0.0259427450831532	0.0473173963738365	131	178.750889679715	12
"SSC/FO21-1-01756B1"	"SSc-ILD"	"N2"	"Secretory/other airway epithelial"	1405	0.00925727031736077	0.0101985004899724	0.00629337014003058	0.000188883390082986	0.0140508806297903	131	178.750889679715	12
"SSC/FO21-1-01756B1"	"SSc-ILD"	"N2"	"AT1"	1405	0.228358249325164	0.0294266760593793	0.228996790551143	0.206528270845824	0.249661076117746	131	178.750889679715	12
"SSC/FO21-1-01756B1"	"SSc-ILD"	"N2"	"Blood endothelial"	1405	0.0670947380971455	0.0257862080881825	0.0668835554604682	0.0501700150588523	0.0838296302161121	131	178.750889679715	12
"SSC/FO21-1-01756B1"	"SSc-ILD"	"N2"	"Perivascular/mesothelial stromal"	1405	0.0584551695466954	0.0271569109683017	0.0563739711317696	0.0390162699825169	0.0747814028213089	131	178.750889679715	12
"SSC/FO21-1-01756B1"	"SSc-ILD"	"N2"	"Fibroblast"	1405	0.0852635120282865	0.0337479957738695	0.0837604437590533	0.0622172713498298	0.105130309596383	131	178.750889679715	12
"SSC/FO21-1-01756B1"	"SSc-ILD"	"N2"	"Lymphatic endothelial"	1405	0.1034225481345	0.0301125910569845	0.105415671874814	0.0846497475739637	0.123253106490333	131	178.750889679715	12
"SSC/FO21-1-01756B1"	"SSc-ILD"	"N2"	"Plasma"	1405	0.00273971670602491	0.00316839702428092	0.00192626078041332	0.000139519797572185	0.00395423830425563	131	178.750889679715	12
"SSC/FO21-1-01756B1"	"SSc-ILD"	"N2"	"Basal-like epithelial"	1405	0.0280269296157751	0.0241599784226066	0.0231139964053592	0.0102839709836912	0.0410569795369642	131	178.750889679715	12
"SSC/FO21-1-01756B1"	"SSc-ILD"	"N2"	"Myofibroblast"	1405	0.0236353335552513	0.0171162140798024	0.0203502490727947	0.0114312665808054	0.0328274093398265	131	178.750889679715	12
"SSC/FO21-1-01756B1"	"SSc-ILD"	"N3"	"Alveolar/resident macrophage"	1317	0.0109370461018901	0.0115160999828094	0.00786373684322043	0.00082065107736055	0.0165660588873157	106	129.719058466211	12
"SSC/FO21-1-01756B1"	"SSc-ILD"	"N3"	"Inflammatory monocyte/macrophage"	1317	0.0117525070039184	0.0143646536281304	0.00760943375160798	0.0011273068021594	0.0173291092622868	106	129.719058466211	12
"SSC/FO21-1-01756B1"	"SSc-ILD"	"N3"	"Dendritic cell"	1317	0.0210732565036904	0.0169752945027106	0.0177440319027566	0.00883518442424979	0.0299010422503652	106	129.719058466211	12
"SSC/FO21-1-01756B1"	"SSc-ILD"	"N3"	"T"	1317	0.0394032081590846	0.0284097992492498	0.0347986306904305	0.0182878989471167	0.0549645166548929	106	129.719058466211	12
"SSC/FO21-1-01756B1"	"SSc-ILD"	"N3"	"NK"	1317	0.0238288159155773	0.0209140466933674	0.0203322436907586	0.00850645780104119	0.034283933359492	106	129.719058466211	12
"SSC/FO21-1-01756B1"	"SSc-ILD"	"N3"	"Mast/Basophil"	1317	0.0397493248917278	0.0288766057775751	0.0345454149404977	0.0194775882766963	0.0528319322963323	106	129.719058466211	12
"SSC/FO21-1-01756B1"	"SSc-ILD"	"N3"	"B"	1317	0.113666322862564	0.0347433820791641	0.112591135393088	0.0916090956329131	0.134972132822988	106	129.719058466211	12
"SSC/FO21-1-01756B1"	"SSc-ILD"	"N3"	"Ciliated epithelial"	1317	0.0965709121750255	0.0293128858598549	0.0954099503360117	0.0781247092177863	0.113863873197324	106	129.719058466211	12
"SSC/FO21-1-01756B1"	"SSc-ILD"	"N3"	"AT2/alveolar transitional"	1317	0.0463029516690791	0.0205034243416738	0.0444320167361923	0.0324913928221388	0.0572662624741833	106	129.719058466211	12
"SSC/FO21-1-01756B1"	"SSc-ILD"	"N3"	"Secretory/other airway epithelial"	1317	0.0116886711438455	0.0139513887051803	0.00795415813041023	0.00016770241013152	0.017169395582828	106	129.719058466211	12
"SSC/FO21-1-01756B1"	"SSc-ILD"	"N3"	"AT1"	1317	0.165446857876147	0.0326921077285897	0.170846227801042	0.149258370004691	0.187910406098763	106	129.719058466211	12
"SSC/FO21-1-01756B1"	"SSc-ILD"	"N3"	"Blood endothelial"	1317	0.0754340933570243	0.0301627816542694	0.0742907802533755	0.0545920983776506	0.0936331037489238	106	129.719058466211	12
"SSC/FO21-1-01756B1"	"SSc-ILD"	"N3"	"Perivascular/mesothelial stromal"	1317	0.0729483517897571	0.0369777315024297	0.0697022419435321	0.0477070956770843	0.0941607171122589	106	129.719058466211	12
"SSC/FO21-1-01756B1"	"SSc-ILD"	"N3"	"Fibroblast"	1317	0.0742130704137642	0.0326317355541289	0.0711541287453703	0.0518947044856766	0.0922904725818349	106	129.719058466211	12
"SSC/FO21-1-01756B1"	"SSc-ILD"	"N3"	"Lymphatic endothelial"	1317	0.123259431432414	0.0366046336638236	0.121928359466058	0.0999167710727615	0.145329565988999	106	129.719058466211	12
"SSC/FO21-1-01756B1"	"SSc-ILD"	"N3"	"Plasma"	1317	0.00235538426128805	0.00280653798173761	0.00157937801791879	0.00012539234975375	0.00379523392038638	106	129.719058466211	12
"SSC/FO21-1-01756B1"	"SSc-ILD"	"N3"	"Basal-like epithelial"	1317	0.0464126381976458	0.0350969978642144	0.0409426844634802	0.0208509870594525	0.0663357361975679	106	129.719058466211	12
"SSC/FO21-1-01756B1"	"SSc-ILD"	"N3"	"Myofibroblast"	1317	0.0249571562455561	0.0189123269603363	0.0220385847889549	0.0107498746522847	0.0340417475996519	106	129.719058466211	12
"SSC/FO21-1-01756B1"	"SSc-ILD"	"N4"	"Alveolar/resident macrophage"	1691	0.00981793686981029	0.0105354519559586	0.00710830889762557	0.00148351205199875	0.0136927552297879	127	165.589591957422	12
"SSC/FO21-1-01756B1"	"SSc-ILD"	"N4"	"Inflammatory monocyte/macrophage"	1691	0.0101141343311385	0.0116214808513125	0.00653156204166564	0.000882018009382436	0.0148975591016754	127	165.589591957422	12
"SSC/FO21-1-01756B1"	"SSc-ILD"	"N4"	"Dendritic cell"	1691	0.0185841229121363	0.0156084178664324	0.015123336387863	0.00707995849908377	0.026336683430256	127	165.589591957422	12
"SSC/FO21-1-01756B1"	"SSc-ILD"	"N4"	"T"	1691	0.0303880464721714	0.0225093709877815	0.0258619091998773	0.0136756604097001	0.042402953118108	127	165.589591957422	12
"SSC/FO21-1-01756B1"	"SSc-ILD"	"N4"	"NK"	1691	0.0188872198230789	0.0174091019832001	0.0151499666020661	0.00567330389052532	0.0277790381514617	127	165.589591957422	12
"SSC/FO21-1-01756B1"	"SSc-ILD"	"N4"	"Mast/Basophil"	1691	0.0336702881013668	0.0230482143793188	0.0297388619765023	0.0178486037047205	0.0455512228095199	127	165.589591957422	12
"SSC/FO21-1-01756B1"	"SSc-ILD"	"N4"	"B"	1691	0.0987318183294592	0.0297101437823474	0.0998674357312652	0.0791196020029778	0.119355611244669	127	165.589591957422	12
"SSC/FO21-1-01756B1"	"SSc-ILD"	"N4"	"Ciliated epithelial"	1691	0.0855813401805165	0.0256185926102146	0.0846327104892918	0.0679699331889111	0.10090914965184	127	165.589591957422	12
"SSC/FO21-1-01756B1"	"SSc-ILD"	"N4"	"AT2/alveolar transitional"	1691	0.0404688501934611	0.0180342793696888	0.0381986688728897	0.0281065115267092	0.0503283382686765	127	165.589591957422	12
"SSC/FO21-1-01756B1"	"SSc-ILD"	"N4"	"Secretory/other airway epithelial"	1691	0.00995116037259876	0.0106226904174094	0.00746941140706078	0.00153592236487074	0.01451250493362	127	165.589591957422	12
"SSC/FO21-1-01756B1"	"SSc-ILD"	"N4"	"AT1"	1691	0.228517997694139	0.0307477948830524	0.22883232433028	0.209515853860014	0.249790169588932	127	165.589591957422	12
"SSC/FO21-1-01756B1"	"SSc-ILD"	"N4"	"Blood endothelial"	1691	0.0668914774139054	0.0274757388890739	0.0657246048912215	0.0489106734157559	0.0840766662601429	127	165.589591957422	12
"SSC/FO21-1-01756B1"	"SSc-ILD"	"N4"	"Perivascular/mesothelial stromal"	1691	0.0575741323489071	0.0268158940808936	0.0555001614871516	0.0390324552395977	0.0740719405174958	127	165.589591957422	12
"SSC/FO21-1-01756B1"	"SSc-ILD"	"N4"	"Fibroblast"	1691	0.0728689962877637	0.0296482980669864	0.0711316517168256	0.0520957538904068	0.0920406138710761	127	165.589591957422	12
"SSC/FO21-1-01756B1"	"SSc-ILD"	"N4"	"Lymphatic endothelial"	1691	0.161855277532892	0.0312405852460722	0.15775463541123	0.139870284920655	0.17811849947513	127	165.589591957422	12
"SSC/FO21-1-01756B1"	"SSc-ILD"	"N4"	"Plasma"	1691	0.00261287963481803	0.00310477143634894	0.00180745105782008	0.000133730851825509	0.00377008922641907	127	165.589591957422	12
"SSC/FO21-1-01756B1"	"SSc-ILD"	"N4"	"Basal-like epithelial"	1691	0.0290269880701938	0.0238380231010105	0.024867047853623	0.0107788764057445	0.0418157744070253	127	165.589591957422	12
"SSC/FO21-1-01756B1"	"SSc-ILD"	"N4"	"Myofibroblast"	1691	0.0244573334316434	0.0178254494804747	0.0213179666421969	0.0123480367928855	0.0322604999775038	127	165.589591957422	12
"SSC/FO21-1-01756B1"	"SSc-ILD"	"N5"	"Alveolar/resident macrophage"	1638	0.0109042505755381	0.0106758875411189	0.00803597901307742	0.00273280750806918	0.0163251724223979	142	210.383394383394	12
"SSC/FO21-1-01756B1"	"SSc-ILD"	"N5"	"Inflammatory monocyte/macrophage"	1638	0.0106657679500498	0.0124594600482948	0.00713719632162213	0.00151193002811113	0.0152894997617054	142	210.383394383394	12
"SSC/FO21-1-01756B1"	"SSc-ILD"	"N5"	"Dendritic cell"	1638	0.019988559502006	0.0144994284103603	0.0175895373381217	0.00957298056196346	0.0277428803536563	142	210.383394383394	12
"SSC/FO21-1-01756B1"	"SSc-ILD"	"N5"	"T"	1638	0.0329445480905556	0.0227771936910433	0.0293946514833648	0.0161110107361818	0.0452995302970647	142	210.383394383394	12
"SSC/FO21-1-01756B1"	"SSc-ILD"	"N5"	"NK"	1638	0.0192593120261154	0.0167886446131331	0.0158444704032433	0.00657598374719957	0.0282289220140823	142	210.383394383394	12
"SSC/FO21-1-01756B1"	"SSc-ILD"	"N5"	"Mast/Basophil"	1638	0.0321586000262304	0.0212207827690095	0.028825822383394	0.0172699797189954	0.0429057434316881	142	210.383394383394	12
"SSC/FO21-1-01756B1"	"SSc-ILD"	"N5"	"B"	1638	0.101669971764531	0.0279073111437134	0.102206361070031	0.0838563409396086	0.120065739499896	142	210.383394383394	12
"SSC/FO21-1-01756B1"	"SSc-ILD"	"N5"	"Ciliated epithelial"	1638	0.0834999249706128	0.0247482598450228	0.0809150419960324	0.0669419582609452	0.0978618114379403	142	210.383394383394	12
"SSC/FO21-1-01756B1"	"SSc-ILD"	"N5"	"AT2/alveolar transitional"	1638	0.0396257346637027	0.0196459838875233	0.0370269288479567	0.0262323477457769	0.0497898216642144	142	210.383394383394	12
"SSC/FO21-1-01756B1"	"SSc-ILD"	"N5"	"Secretory/other airway epithelial"	1638	0.0100233656141406	0.0102059748290905	0.00759418351061889	0.00217357241988949	0.0140131261514483	142	210.383394383394	12
"SSC/FO21-1-01756B1"	"SSc-ILD"	"N5"	"AT1"	1638	0.2319629855153	0.0293116618125688	0.234071226210655	0.213043487195866	0.253106570069134	142	210.383394383394	12
"SSC/FO21-1-01756B1"	"SSc-ILD"	"N5"	"Blood endothelial"	1638	0.118306281266426	0.0351215932442467	0.113263446403467	0.0942246952905444	0.136541937725067	142	210.383394383394	12
"SSC/FO21-1-01756B1"	"SSc-ILD"	"N5"	"Perivascular/mesothelial stromal"	1638	0.0640456991766941	0.029029597494394	0.0610829114273838	0.0438953965297163	0.0811382899275976	142	210.383394383394	12
"SSC/FO21-1-01756B1"	"SSc-ILD"	"N5"	"Fibroblast"	1638	0.0801342875895077	0.0312086586795243	0.0775862730150069	0.0595572655238221	0.0981385405037646	142	210.383394383394	12
"SSC/FO21-1-01756B1"	"SSc-ILD"	"N5"	"Lymphatic endothelial"	1638	0.0898018275491615	0.0266092843827562	0.0903660302561471	0.0721662831163901	0.107730858688683	142	210.383394383394	12
"SSC/FO21-1-01756B1"	"SSc-ILD"	"N5"	"Plasma"	1638	0.00224242562967978	0.00259143514542681	0.00143710898647435	0.000142282541617049	0.00321354534663329	142	210.383394383394	12
"SSC/FO21-1-01756B1"	"SSc-ILD"	"N5"	"Basal-like epithelial"	1638	0.0309851678796683	0.0271581576669804	0.0249115047055602	0.00911829345128894	0.04682602905578	142	210.383394383394	12
"SSC/FO21-1-01756B1"	"SSc-ILD"	"N5"	"Myofibroblast"	1638	0.0217812902100791	0.0156916290697989	0.0190101717896771	0.010667193129951	0.0292471762031313	142	210.383394383394	12
