evidence_id	audit_category	source_resolution	analysis_family	source_analysis_family	analysis_tier	state_or_pair	parent_18state	feature	feature_a	feature_b	metric	radius_um	contrast	effect	standardized_effect	ci_low	ci_high	raw_p	permutation_p	nominal_raw	nominal_permutation	original_family_FDR	global_primary_BH_FDR	family_fdr_pass	global_fdr_pass	K8_effect	J2_effect	L3_effect	direction_consistency	n_chips_same_direction	three_of_three_chips	justified_two_of_three	chip_rule_note	loo_reversal	loo_direction_stability	leave_one_chip_out_reversal	leave_one_chip_out_direction_stable	primary_all21_same_direction	all21_effect	low_coverage_affected	most_influential_sample	resolution_status	technical_status	technical_drivers	mean_feature_weight_rho	valid_bins_rho	tissue_area_um2_rho	valid_coverage_fraction_rho	median_nUMI_rho	median_nGene_rho	chip_range_over_patient_sd	technical_high_correlation	technically_sensitive_for_audit	shared_ild_direction	ssc_vs_ipf_only	biological_axis	biological_interpretation	special_caution	audit_note
"E04028"	"SHARED_ILD_VS_HC_TREND"	"21-state"	"pair_coenrichment"	"pair_coenrichment"	"primary"	"Basal epithelial ↔ NK"	"Basal-like epithelial ↔ NK"	NA	"Basal epithelial"	"NK"	"fisher_z"	50	"IPF_vs_HC"	0.0692602692950152	1.33688881592099	0.009965507307047	0.128555031282983	0.0252093697830432	0.022997700229977	TRUE	TRUE	0.975142485751425	NA	FALSE	FALSE	0.0689029071374336	0.0621345511531765	0.0778269405103007	"3/3_same_direction"	3	TRUE	FALSE	"3/3 chips match pooled direction"	FALSE	1	FALSE	TRUE	TRUE	0.0545474443515403	FALSE	"HC/NL-63"	"DIRECTION_CONCORDANT"	"TECHNICALLY_CLEAN"	"none"	0.412280701754386	-0.154385964912281	-0.154385964912281	-0.26140350877193	-0.352631578947368	-0.352631578947368	0.601221037105022	FALSE	FALSE	TRUE	FALSE	"mixed"	"co-enrichment (not interaction)"	NA	NA
"E04027"	"SHARED_ILD_VS_HC_TREND"	"21-state"	"pair_coenrichment"	"pair_coenrichment"	"primary"	"Basal epithelial ↔ NK"	"Basal-like epithelial ↔ NK"	NA	"Basal epithelial"	"NK"	"fisher_z"	50	"SSc-ILD_vs_HC"	0.0643276643662638	1.24167774571109	0.0088136037801011	0.119841724952426	0.0261998077533304	0.0255974402559744	TRUE	TRUE	0.975142485751425	0.785972991485898	FALSE	FALSE	0.116299377167806	0.0148162929606494	0.0611789477303045	"3/3_same_direction"	3	TRUE	FALSE	"3/3 chips match pooled direction"	FALSE	1	FALSE	TRUE	TRUE	0.0538230371468628	FALSE	"SSC/3342/13"	"DIRECTION_CONCORDANT"	"TECHNICALLY_CLEAN"	"none"	0.412280701754386	-0.154385964912281	-0.154385964912281	-0.26140350877193	-0.352631578947368	-0.352631578947368	0.601221037105022	FALSE	FALSE	TRUE	FALSE	"mixed"	"co-enrichment (not interaction)"	NA	NA
"E05396"	"IPF_ASSOCIATED_TREND"	"21-state"	"pair_coenrichment"	"pair_coenrichment"	"primary"	"Plasma ↔ SPP1 macrophage"	"Inflammatory monocyte/macrophage ↔ Plasma"	NA	"Plasma"	"SPP1 macrophage"	"fisher_z"	50	"IPF_vs_HC"	0.0976557260557885	1.70933623966258	0.035385366123398	0.159926085988179	0.0046370672408	0.0020997900209979	TRUE	TRUE	0.0755924407559244	NA	FALSE	FALSE	0.149153059486288	0.0626592352651634	0.0634676475315846	"3/3_same_direction"	3	TRUE	FALSE	"3/3 chips match pooled direction"	FALSE	1	FALSE	TRUE	TRUE	0.0982317545214429	FALSE	"IPF/FO22-1-09404"	"DIRECTION_CONCORDANT"	"TECHNICALLY_CLEAN"	"none"	-0.21578947368421	-0.0982456140350877	-0.0982456140350877	-0.117543859649123	-0.12280701754386	-0.12280701754386	0.130126478894303	FALSE	FALSE	FALSE	FALSE	"immune"	"co-enrichment (not interaction)"	NA	NA
"E01352"	"IPF_ASSOCIATED_TREND"	"18-state"	"pair_coenrichment"	"exploratory_pair"	"primary"	"Ciliated epithelial ↔ Dendritic cell"	"Ciliated epithelial ↔ Dendritic cell"	NA	"Ciliated epithelial"	"Dendritic cell"	"fisher_z"	50	"IPF_vs_HC"	0.0949011346891132	1.42339680021875	0.0165778302682861	0.17322443910994	0.0210284260119853	0.0172982701729827	TRUE	TRUE	0.693503376935034	NA	FALSE	FALSE	0.0818776501598948	0.10663776374708	0.0995161823409115	"3/3_same_direction"	3	TRUE	FALSE	"3/3 chips match pooled direction"	FALSE	1	FALSE	TRUE	TRUE	0.0819721179591286	FALSE	"IPF/FO23-1-06474"	"REFERENCE_18STATE"	"TECHNICALLY_CLEAN"	"none"	0.257894736842105	-0.278947368421053	-0.278947368421053	-0.328070175438596	-0.368421052631579	-0.368421052631579	0.501704859431762	FALSE	FALSE	FALSE	FALSE	"mixed"	"co-enrichment (not interaction)"	NA	NA
"E01364"	"IPF_ASSOCIATED_TREND"	"18-state"	"pair_coenrichment"	"exploratory_pair"	"primary"	"Blood endothelial ↔ Dendritic cell"	"Blood endothelial ↔ Dendritic cell"	NA	"Blood endothelial"	"Dendritic cell"	"fisher_z"	50	"IPF_vs_HC"	0.0521722606551113	1.19924850233843	0.0054963632942093	0.0988481580160132	0.0310260985998851	0.0448955104489551	TRUE	TRUE	0.894587059512672	NA	FALSE	FALSE	0.0122986131709291	0.0954817841371071	0.0433530611142952	"3/3_same_direction"	3	TRUE	FALSE	"3/3 chips match pooled direction"	FALSE	1	FALSE	TRUE	TRUE	0.0700297887529977	FALSE	"IPF/FO23-1-09473"	"REFERENCE_18STATE"	"TECHNICALLY_CLEAN"	"none"	-0.0315789473684211	0.0719298245614035	0.0719298245614035	-0.187719298245614	-0.1	-0.1	0.597848315301249	FALSE	FALSE	FALSE	FALSE	"mixed"	"co-enrichment (not interaction)"	NA	NA
"E03524"	"IPF_ASSOCIATED_TREND"	"21-state"	"pair_coenrichment"	"pair_coenrichment"	"primary"	"Ciliated epithelial ↔ Dendritic cell"	"Ciliated epithelial ↔ Dendritic cell"	NA	"Ciliated epithelial"	"Dendritic cell"	"fisher_z"	50	"IPF_vs_HC"	0.0887071157845573	1.28844504126373	0.0033558801186446	0.17405835145047	0.0427007329323198	0.0352964703529647	TRUE	TRUE	0.975142485751425	NA	FALSE	FALSE	0.0793176305320314	0.111791715445866	0.0801317722593737	"3/3_same_direction"	3	TRUE	FALSE	"3/3 chips match pooled direction"	FALSE	1	FALSE	TRUE	TRUE	0.0828733805993769	FALSE	"IPF/FO23-1-06474"	"DIRECTION_CONCORDANT"	"TECHNICALLY_CLEAN"	"none"	0.0526315789473684	-0.189473684210526	-0.189473684210526	-0.126315789473684	-0.142105263157895	-0.142105263157895	0.296020930399983	FALSE	FALSE	FALSE	FALSE	"mixed"	"co-enrichment (not interaction)"	NA	NA
"E01365"	"SSC_VS_IPF_ONLY_LOW_PRIORITY"	"18-state"	"pair_coenrichment"	"exploratory_pair"	"primary"	"Blood endothelial ↔ Dendritic cell"	"Blood endothelial ↔ Dendritic cell"	NA	"Blood endothelial"	"Dendritic cell"	"fisher_z"	50	"SSc-ILD_vs_IPF"	-0.056765679249551	-1.30483431174797	-0.098255365792575	-0.015275992706527	0.0108749968364627	0.0093990600939906	TRUE	TRUE	0.652614738526147	NA	FALSE	FALSE	-0.055537718245028	-0.0511590119834252	-0.0660438978829301	"3/3_same_direction"	3	TRUE	FALSE	"3/3 chips match pooled direction"	FALSE	1	FALSE	TRUE	TRUE	-0.0595388652656079	FALSE	"IPF/FO23-1-09473"	"REFERENCE_18STATE"	"TECHNICALLY_CLEAN"	"none"	-0.0315789473684211	0.0719298245614035	0.0719298245614035	-0.187719298245614	-0.1	-0.1	0.597848315301249	FALSE	FALSE	FALSE	TRUE	"mixed"	"co-enrichment (not interaction)"	NA	NA
"E01050"	"SSC_VS_IPF_ONLY_LOW_PRIORITY"	"18-state"	"pair_coenrichment"	"predefined_pair"	"primary"	"B ↔ T"	"B ↔ T"	NA	"B"	"T"	"fisher_z"	50	"SSc-ILD_vs_IPF"	-0.0708205547003104	-1.15328547939599	-0.14017247281717	-0.0014686365834513	0.0459353900974828	0.0248975102489751	TRUE	TRUE	0.448155184481552	NA	FALSE	FALSE	-0.117083502287987	-0.052134597918404	-0.0377446406620229	"3/3_same_direction"	3	TRUE	FALSE	"3/3 chips match pooled direction"	FALSE	1	FALSE	TRUE	TRUE	-0.0691276865641993	FALSE	"IPF/FO22-1-09404"	"REFERENCE_18STATE"	"TECHNICALLY_CLEAN"	"none"	0.345614035087719	-0.0385964912280702	-0.0385964912280702	0.180701754385965	0.152631578947368	0.152631578947368	0.275868171648697	FALSE	FALSE	FALSE	TRUE	"immune"	"co-enrichment (not interaction)"	NA	NA
"E03573"	"SSC_VS_IPF_ONLY_LOW_PRIORITY"	"21-state"	"pair_coenrichment"	"pair_coenrichment"	"primary"	"Blood endothelial ↔ Dendritic cell"	"Blood endothelial ↔ Dendritic cell"	NA	"Blood endothelial"	"Dendritic cell"	"fisher_z"	50	"SSc-ILD_vs_IPF"	-0.0479550321842604	-1.10185399341721	-0.0966457149273286	0.0007356505588076	0.0531016389292782	0.046995300469953	FALSE	TRUE	0.993991509939915	NA	FALSE	FALSE	-0.0481124152207934	-0.0466908146704543	-0.0507607920468897	"3/3_same_direction"	3	TRUE	FALSE	"3/3 chips match pooled direction"	FALSE	1	FALSE	TRUE	TRUE	-0.0573789488472524	FALSE	"IPF/FO23-1-09473"	"DIRECTION_CONCORDANT"	"TECHNICALLY_CLEAN"	"none"	0.105263157894737	0.114035087719298	0.114035087719298	0.0543859649122807	0.245614035087719	0.245614035087719	0.371481959591332	FALSE	FALSE	FALSE	TRUE	"mixed"	"co-enrichment (not interaction)"	NA	NA
"E02075"	"TECHNICALLY_SENSITIVE"	"18-state"	"pair_coenrichment"	"exploratory_pair"	"secondary_or_scale_sensitivity"	"Blood endothelial ↔ Plasma"	"Blood endothelial ↔ Plasma"	NA	"Blood endothelial"	"Plasma"	"fisher_z"	100	"IPF_vs_HC"	-0.213128201948461	-0.947709451515546	-0.322908774048069	-0.103347629848853	0.0009553588979761	0.0006999300069993	TRUE	TRUE	0.154334566543346	NA	FALSE	FALSE	-0.245859793025433	-0.20265429895824	-0.160046752912389	"3/3_same_direction"	3	TRUE	FALSE	"3/3 chips match pooled direction"	FALSE	1	FALSE	TRUE	TRUE	-0.175527655945581	FALSE	"IPF/FO23-1-09473"	"REFERENCE_18STATE"	"TECHNICAL_SENSITIVE"	"median_nUMI;median_nGene;mean_feature_weight;chip_median_range_ge_1_patient_sd"	0.57719298245614	-0.0684210526315789	-0.0684210526315789	0.450877192982456	0.728070175438597	0.728070175438597	1.73326081771875	TRUE	TRUE	FALSE	FALSE	"mixed"	"co-enrichment (not interaction)"	NA	"Spatial metric may partly reflect overall feature abundance."
"E06062"	"TECHNICALLY_SENSITIVE"	"21-state"	"pair_coenrichment"	"pair_coenrichment"	"secondary_or_scale_sensitivity"	"AT2/alveolar transitional ↔ Dendritic cell"	"AT2/alveolar transitional ↔ Dendritic cell"	NA	"AT2/alveolar transitional"	"Dendritic cell"	"observed_expected_ratio"	100	"IPF_vs_HC"	-0.277790915401802	-1.00926530411639	-0.421165757014644	-0.134416073788959	0.0009709975989925	0.0015998400159984	TRUE	TRUE	0.881911808819118	NA	FALSE	FALSE	-0.309947126952693	-0.277958435306311	-0.249420308571515	"3/3_same_direction"	3	TRUE	FALSE	"3/3 chips match pooled direction"	FALSE	1	FALSE	TRUE	TRUE	-0.200400268818886	FALSE	"IPF/FO22-1-09404"	"FINE_STATE_ONLY_NO_PARENT_TEST"	"TECHNICAL_SENSITIVE"	"median_nUMI;median_nGene;mean_feature_weight;chip_median_range_ge_1_patient_sd"	0.670175438596491	0.210526315789474	0.210526315789474	-0.380701754385965	-0.543859649122807	-0.543859649122807	1.80782222480304	TRUE	TRUE	FALSE	FALSE	"mixed"	"co-enrichment (not interaction)"	NA	"Fine-state-only evidence without a directly matched 18-state test. Spatial metric may partly reflect overall feature abundance."
"E00140"	"TECHNICALLY_SENSITIVE"	"18-state"	"global_composition"	"global_composition"	"secondary"	"Plasma"	"Plasma"	"Plasma"	NA	NA	"median_raw_weight"	NA	"IPF_vs_HC"	-0.0023183797044304	-0.504439528372255	-0.0044950422966769	-0.0001417171121839	0.0384685462180691	0.000999900009999	TRUE	TRUE	0.0863913608639136	NA	FALSE	FALSE	-0.0061782534385196	-2.1152296236558e-05	-2.02812816086e-05	"3/3_same_direction"	3	TRUE	FALSE	"3/3 chips match pooled direction"	FALSE	1	FALSE	TRUE	TRUE	-0.0020719564424039	FALSE	"HC/NL-50"	"REFERENCE_18STATE"	"TECHNICAL_SENSITIVE"	"valid_coverage_fraction;median_nUMI;median_nGene;mean_feature_weight;chip_median_range_ge_1_patient_sd"	0.887719298245614	-0.273684210526316	-0.273684210526316	0.580701754385965	0.824561403508772	0.824561403508772	1.64976112145486	TRUE	TRUE	FALSE	FALSE	"immune"	"abundance"	NA	"Spatial metric may partly reflect overall feature abundance."
"E05024"	"TECHNICALLY_SENSITIVE"	"21-state"	"pair_coenrichment"	"pair_coenrichment"	"primary"	"Blood endothelial ↔ Plasma"	"Blood endothelial ↔ Plasma"	NA	"Blood endothelial"	"Plasma"	"fisher_z"	50	"IPF_vs_HC"	-0.142064374805736	-0.589876026790698	-0.230820012814835	-0.0533087367966365	0.0040389300052533	0.0012998700129987	TRUE	TRUE	0.409459054094591	NA	FALSE	FALSE	-0.273307035823353	-0.0428521136505188	-0.0913547768661049	"3/3_same_direction"	3	TRUE	FALSE	"3/3 chips match pooled direction"	FALSE	1	FALSE	TRUE	TRUE	-0.104502015722466	FALSE	"IPF/FO22-1-09404"	"DIRECTION_CONCORDANT"	"TECHNICAL_SENSITIVE"	"median_nUMI;median_nGene;mean_feature_weight;chip_median_range_ge_1_patient_sd"	0.580701754385965	-0.140350877192982	-0.140350877192982	0.356140350877193	0.663157894736842	0.663157894736842	2.18050218247608	TRUE	TRUE	FALSE	FALSE	"mixed"	"co-enrichment (not interaction)"	NA	"Spatial metric may partly reflect overall feature abundance."
"E06641"	"TECHNICALLY_SENSITIVE"	"21-state"	"pair_coenrichment"	"pair_coenrichment"	"secondary_or_scale_sensitivity"	"AT2/alveolar transitional ↔ Mast/Basophil"	"AT2/alveolar transitional ↔ Mast/Basophil"	NA	"AT2/alveolar transitional"	"Mast/Basophil"	"largest_coenriched_component_fraction"	100	"IPF_vs_HC"	0.0115266728289888	1.22724948095598	0.0035188210672658	0.0195345245907117	0.0080332287679203	0.0015998400159984	TRUE	TRUE	0.881911808819118	NA	FALSE	FALSE	0.0256243742316521	0.0011411231456898	0.005748364840714	"3/3_same_direction"	3	TRUE	FALSE	"3/3 chips match pooled direction"	FALSE	1	FALSE	TRUE	TRUE	0.0102008583106247	FALSE	"HC/NL-50"	"FINE_STATE_ONLY_NO_PARENT_TEST"	"TECHNICAL_SENSITIVE"	"chip_median_range_ge_1_patient_sd"	-0.468421052631579	-0.478947368421053	-0.478947368421053	0.247368421052632	0.435087719298246	0.435087719298246	1.43825996918007	FALSE	TRUE	FALSE	FALSE	"mixed"	"patch morphology of co-enrichment"	NA	"Fine-state-only evidence without a directly matched 18-state test."
"E01634"	"TECHNICALLY_SENSITIVE"	"18-state"	"pair_coenrichment"	"exploratory_pair"	"primary"	"Blood endothelial ↔ Plasma"	"Blood endothelial ↔ Plasma"	NA	"Blood endothelial"	"Plasma"	"fisher_z"	50	"IPF_vs_HC"	-0.125734746115346	-0.566949469849843	-0.204493392793724	-0.0469760994369685	0.0041113662045045	0.0016998300169983	TRUE	TRUE	0.652614738526147	NA	FALSE	FALSE	-0.238150590918946	-0.0364965796458633	-0.0877815593508191	"3/3_same_direction"	3	TRUE	FALSE	"3/3 chips match pooled direction"	FALSE	1	FALSE	TRUE	TRUE	-0.0952664685673704	FALSE	"IPF/FO22-1-09404"	"REFERENCE_18STATE"	"TECHNICAL_SENSITIVE"	"median_nUMI;median_nGene;mean_feature_weight;chip_median_range_ge_1_patient_sd"	0.571929824561404	-0.105263157894737	-0.105263157894737	0.333333333333333	0.663157894736842	0.663157894736842	2.04037087656562	TRUE	TRUE	FALSE	FALSE	"mixed"	"co-enrichment (not interaction)"	NA	"Spatial metric may partly reflect overall feature abundance."
"E07544"	"TECHNICALLY_SENSITIVE"	"21-state"	"pair_coenrichment"	"pair_coenrichment"	"secondary_or_scale_sensitivity"	"Blood endothelial ↔ Plasma"	"Blood endothelial ↔ Plasma"	NA	"Blood endothelial"	"Plasma"	"fisher_z"	100	"IPF_vs_HC"	-0.21227533683661	-0.885064433613673	-0.337540482547974	-0.0870101911252471	0.0027063775482266	0.0017998200179982	TRUE	TRUE	0.881911808819118	NA	FALSE	FALSE	-0.254150963567839	-0.19331920885647	-0.149706894904805	"3/3_same_direction"	3	TRUE	FALSE	"3/3 chips match pooled direction"	FALSE	1	FALSE	TRUE	TRUE	-0.169601553907742	FALSE	"IPF/FO23-1-06474"	"DIRECTION_CONCORDANT"	"TECHNICAL_SENSITIVE"	"median_nUMI;median_nGene;mean_feature_weight;chip_median_range_ge_1_patient_sd"	0.578947368421053	-0.0842105263157895	-0.0842105263157895	0.429824561403509	0.714035087719298	0.714035087719298	1.94906526159414	TRUE	TRUE	FALSE	FALSE	"mixed"	"co-enrichment (not interaction)"	NA	"Spatial metric may partly reflect overall feature abundance."
"E07646"	"TECHNICALLY_SENSITIVE"	"21-state"	"pair_coenrichment"	"pair_coenrichment"	"secondary_or_scale_sensitivity"	"Perivascular/mesothelial stromal ↔ Plasma"	"Perivascular/mesothelial stromal ↔ Plasma"	NA	"Perivascular/mesothelial stromal"	"Plasma"	"observed_expected_ratio"	100	"IPF_vs_HC"	-0.470436212926423	-1.22244791154216	-0.766874035264063	-0.173998390588782	0.0042812674740175	0.0020997900209979	TRUE	TRUE	0.881911808819118	NA	FALSE	FALSE	-0.764233218041425	-0.228076930569814	-0.376526563982666	"3/3_same_direction"	3	TRUE	FALSE	"3/3 chips match pooled direction"	FALSE	1	FALSE	TRUE	TRUE	-0.416518507220334	FALSE	"IPF/FO22-1-09404"	"FINE_STATE_ONLY_NO_PARENT_TEST"	"TECHNICAL_SENSITIVE"	"mean_feature_weight;chip_median_range_ge_1_patient_sd"	0.656140350877193	-0.275438596491228	-0.275438596491228	0.145614035087719	0.431578947368421	0.431578947368421	1.38069729796414	TRUE	TRUE	FALSE	FALSE	"mixed"	"co-enrichment (not interaction)"	NA	"Fine-state-only evidence without a directly matched 18-state test. Spatial metric may partly reflect overall feature abundance."
"E05030"	"TECHNICALLY_SENSITIVE"	"21-state"	"pair_coenrichment"	"pair_coenrichment"	"secondary_or_scale_sensitivity"	"Blood endothelial ↔ Plasma"	"Blood endothelial ↔ Plasma"	NA	"Blood endothelial"	"Plasma"	"observed_expected_ratio"	50	"IPF_vs_HC"	-0.471521420955197	-0.979334748606414	-0.762244251966612	-0.180798589943782	0.0036887071057012	0.0022997700229977	TRUE	TRUE	0.837841930092705	NA	FALSE	FALSE	-0.879974862445463	-0.322336772845614	-0.10561806558769	"3/3_same_direction"	3	TRUE	FALSE	"3/3 chips match pooled direction"	FALSE	1	FALSE	TRUE	TRUE	-0.367483945942633	FALSE	"IPF/FO22-1-09404"	"FINE_STATE_ONLY_NO_PARENT_TEST"	"TECHNICAL_SENSITIVE"	"median_nUMI;median_nGene;chip_median_range_ge_1_patient_sd"	0.410526315789474	-0.21578947368421	-0.21578947368421	0.271929824561404	0.585964912280702	0.585964912280702	2.18391476089432	TRUE	TRUE	FALSE	FALSE	"mixed"	"co-enrichment (not interaction)"	NA	"Fine-state-only evidence without a directly matched 18-state test."
"E05126"	"TECHNICALLY_SENSITIVE"	"21-state"	"pair_coenrichment"	"pair_coenrichment"	"secondary_or_scale_sensitivity"	"Perivascular/mesothelial stromal ↔ Plasma"	"Perivascular/mesothelial stromal ↔ Plasma"	NA	"Perivascular/mesothelial stromal"	"Plasma"	"observed_expected_ratio"	50	"IPF_vs_HC"	-0.417862301422608	-0.949130718828678	-0.741029933514035	-0.0946946693311806	0.0149463496240767	0.002999700029997	TRUE	TRUE	0.837841930092705	NA	FALSE	FALSE	-0.854778014136426	-0.083177373591466	-0.310753795958799	"3/3_same_direction"	3	TRUE	FALSE	"3/3 chips match pooled direction"	FALSE	1	FALSE	TRUE	TRUE	-0.317744115214967	FALSE	"IPF/FO22-1-09404"	"FINE_STATE_ONLY_NO_PARENT_TEST"	"TECHNICAL_SENSITIVE"	"median_nUMI;median_nGene;mean_feature_weight;chip_median_range_ge_1_patient_sd"	0.62280701754386	-0.285964912280702	-0.285964912280702	0.314035087719298	0.598245614035088	0.598245614035088	1.84337518212553	TRUE	TRUE	FALSE	FALSE	"mixed"	"co-enrichment (not interaction)"	NA	"Fine-state-only evidence without a directly matched 18-state test. Spatial metric may partly reflect overall feature abundance."
"E01589"	"TECHNICALLY_SENSITIVE"	"18-state"	"pair_coenrichment"	"exploratory_pair"	"primary"	"Fibroblast ↔ Secretory/other airway epithelial"	"Fibroblast ↔ Secretory/other airway epithelial"	NA	"Fibroblast"	"Secretory/other airway epithelial"	"fisher_z"	50	"IPF_vs_HC"	0.0546407697577777	1.45966694489149	0.0210988460457526	0.0881826934698028	0.0035781848825861	0.0085991400859914	TRUE	TRUE	0.652614738526147	NA	FALSE	FALSE	0.0549280446741707	0.0307529424847241	0.0904232537524545	"3/3_same_direction"	3	TRUE	FALSE	"3/3 chips match pooled direction"	FALSE	1	FALSE	TRUE	TRUE	0.0520404401407298	FALSE	"IPF/FO23-1-03100"	"REFERENCE_18STATE"	"TECHNICAL_SENSITIVE"	"chip_median_range_ge_1_patient_sd"	0.129824561403509	-0.0140350877192982	-0.0140350877192982	0.0912280701754386	0.294736842105263	0.294736842105263	1.27801296852657	FALSE	TRUE	FALSE	FALSE	"mixed"	"co-enrichment (not interaction)"	NA	NA
"E05972"	"TECHNICALLY_SENSITIVE"	"21-state"	"pair_coenrichment"	"pair_coenrichment"	"secondary_or_scale_sensitivity"	"KRT17 aberrant basaloid ↔ Other inflammatory monocyte/macrophage"	"Basal-like epithelial ↔ Inflammatory monocyte/macrophage"	NA	"KRT17 aberrant basaloid"	"Other inflammatory monocyte/macrophage"	"fisher_z"	100	"IPF_vs_HC"	-0.154154742710526	-1.4377812739094	-0.258409666943283	-0.0498998184777699	0.0067969202764523	0.0086991300869913	TRUE	TRUE	0.901804556386467	NA	FALSE	FALSE	-0.223376521002362	-0.15565044588532	-0.0503024238415348	"3/3_same_direction"	3	TRUE	FALSE	"3/3 chips match pooled direction"	FALSE	1	FALSE	TRUE	TRUE	-0.156047670525868	FALSE	"HC/NL-55"	"DIRECTION_CONCORDANT"	"TECHNICAL_SENSITIVE"	"chip_median_range_ge_1_patient_sd"	-0.131578947368421	-0.131578947368421	-0.131578947368421	0.112280701754386	0.254385964912281	0.254385964912281	1.0699626731061	FALSE	TRUE	FALSE	FALSE	"mixed"	"co-enrichment (not interaction)"	"EXPLORATORY_SENSITIVITY_ONLY"	"Low-reference-cell state: exploratory sensitivity only; not an independently validated conclusion."
"E04052"	"TECHNICALLY_SENSITIVE"	"21-state"	"pair_coenrichment"	"pair_coenrichment"	"primary"	"NK ↔ Peribronchial fibroblast"	"Myofibroblast ↔ NK"	NA	"NK"	"Peribronchial fibroblast"	"fisher_z"	50	"IPF_vs_HC"	0.0713232991942877	1.54618239684168	0.0229976807750573	0.119648917613518	0.0068768786137497	0.0104989501049895	TRUE	TRUE	0.806319368063194	NA	FALSE	FALSE	0.0931954442071739	0.0901678229397439	0.0097008842607736	"3/3_same_direction"	3	TRUE	FALSE	"3/3 chips match pooled direction"	FALSE	1	FALSE	TRUE	TRUE	0.0722712554152479	FALSE	"HC/NL-72"	"DIRECTION_CONCORDANT"	"TECHNICAL_SENSITIVE"	"valid_bins;tissue_area_um2"	0.242105263157895	-0.503508771929825	-0.503508771929825	0.103508771929825	0.056140350877193	0.056140350877193	0.111928882693328	TRUE	TRUE	FALSE	FALSE	"mixed"	"co-enrichment (not interaction)"	NA	NA
"E06242"	"TECHNICALLY_SENSITIVE"	"21-state"	"pair_coenrichment"	"pair_coenrichment"	"secondary_or_scale_sensitivity"	"B ↔ T"	"B ↔ T"	NA	"B"	"T"	"observed_expected_ratio"	100	"IPF_vs_HC"	0.437930816996239	1.51618802268273	0.131116188291694	0.744745445700785	0.0084570690754533	0.006999300069993	TRUE	TRUE	0.335966403359664	NA	FALSE	FALSE	0.547585704686204	0.312337514426589	0.413507988566976	"3/3_same_direction"	3	TRUE	FALSE	"3/3 chips match pooled direction"	FALSE	1	FALSE	TRUE	TRUE	0.411494980404572	FALSE	"IPF/FO22-1-09404"	"DIRECTION_CONCORDANT"	"TECHNICAL_SENSITIVE"	"chip_median_range_ge_1_patient_sd"	-0.3	-0.0350877192982456	-0.0350877192982456	-0.107017543859649	-0.136842105263158	-0.136842105263158	1.27565358333955	FALSE	TRUE	FALSE	FALSE	"immune"	"co-enrichment (not interaction)"	NA	NA
"E06158"	"TECHNICALLY_SENSITIVE"	"21-state"	"pair_coenrichment"	"pair_coenrichment"	"secondary_or_scale_sensitivity"	"Basal epithelial ↔ Dendritic cell"	"Basal-like epithelial ↔ Dendritic cell"	NA	"Basal epithelial"	"Dendritic cell"	"observed_expected_ratio"	100	"IPF_vs_HC"	-0.324971272865592	-1.3883759871544	-0.56421179506668	-0.0857307506645036	0.0113386191919901	0.0073992600739926	TRUE	TRUE	0.887911208879112	NA	FALSE	FALSE	-0.231648896766858	-0.561349229196658	-0.102613776806065	"3/3_same_direction"	3	TRUE	FALSE	"3/3 chips match pooled direction"	FALSE	1	FALSE	TRUE	TRUE	-0.298899473072613	FALSE	"IPF/FO23-1-09473"	"FINE_STATE_ONLY_NO_PARENT_TEST"	"TECHNICAL_SENSITIVE"	"valid_bins;tissue_area_um2;median_nUMI;median_nGene"	0.491228070175439	0.554385964912281	0.554385964912281	-0.273684210526316	-0.526315789473684	-0.526315789473684	0.857761819207865	TRUE	TRUE	FALSE	FALSE	"mixed"	"co-enrichment (not interaction)"	NA	"Fine-state-only evidence without a directly matched 18-state test."
"E07082"	"TECHNICALLY_SENSITIVE"	"21-state"	"pair_coenrichment"	"pair_coenrichment"	"secondary_or_scale_sensitivity"	"Ciliated epithelial ↔ Peribronchial fibroblast"	"Ciliated epithelial ↔ Myofibroblast"	NA	"Ciliated epithelial"	"Peribronchial fibroblast"	"observed_expected_ratio"	100	"IPF_vs_HC"	0.324713830916692	1.17964119919285	0.0887445735690543	0.560683088264329	0.010516510939242	0.0113988601139886	TRUE	TRUE	0.901804556386467	NA	FALSE	FALSE	0.122132036347021	0.370126911702393	0.509081180591686	"3/3_same_direction"	3	TRUE	FALSE	"3/3 chips match pooled direction"	FALSE	1	FALSE	TRUE	TRUE	0.27349709917526	FALSE	"IPF/FO23-1-06474"	"FINE_STATE_ONLY_NO_PARENT_TEST"	"TECHNICAL_SENSITIVE"	"chip_median_range_ge_1_patient_sd"	0.378947368421053	0.0789473684210526	0.0789473684210526	-0.396491228070175	-0.407017543859649	-0.407017543859649	1.96993083664416	FALSE	TRUE	FALSE	FALSE	"mixed"	"co-enrichment (not interaction)"	NA	"Fine-state-only evidence without a directly matched 18-state test."
"E00143"	"TECHNICALLY_SENSITIVE"	"18-state"	"global_composition"	"global_composition"	"secondary"	"Plasma"	"Plasma"	"Plasma"	NA	NA	"clr_mean"	NA	"IPF_vs_HC"	-0.356007463757989	-0.299227833938029	-0.648118995390743	-0.0638959321252358	0.0204158640804593	0.010998900109989	TRUE	TRUE	0.395960403959604	NA	FALSE	FALSE	-0.773547966446177	-0.0377994977752536	-0.205025361144219	"3/3_same_direction"	3	TRUE	FALSE	"3/3 chips match pooled direction"	FALSE	1	FALSE	TRUE	TRUE	-0.275031792383276	FALSE	"HC/NL-50"	"REFERENCE_18STATE"	"TECHNICAL_SENSITIVE"	"median_nUMI;median_nGene;mean_feature_weight;chip_median_range_ge_1_patient_sd"	0.959649122807017	-0.23859649122807	-0.23859649122807	0.435087719298246	0.743859649122807	0.743859649122807	2.20598298740458	TRUE	TRUE	FALSE	FALSE	"immune"	"abundance"	NA	"Spatial metric may partly reflect overall feature abundance."
"E04484"	"TECHNICALLY_SENSITIVE"	"21-state"	"pair_coenrichment"	"pair_coenrichment"	"primary"	"Ciliated epithelial ↔ Perivascular/mesothelial stromal"	"Ciliated epithelial ↔ Perivascular/mesothelial stromal"	NA	"Ciliated epithelial"	"Perivascular/mesothelial stromal"	"fisher_z"	50	"IPF_vs_HC"	0.0970341966458992	0.916558860293541	0.0228594961401823	0.171208897151616	0.0140199856466493	0.0115988401159884	TRUE	TRUE	0.806319368063194	NA	FALSE	FALSE	-0.0219065046888882	0.17839066442023	0.166976498445811	"2/3_same_direction"	2	FALSE	FALSE	"cross-chip direction criterion not met"	FALSE	1	FALSE	TRUE	TRUE	0.105400140304658	FALSE	"HC/NL-50"	"DIRECTION_CONCORDANT"	"TECHNICAL_SENSITIVE"	"median_nUMI;median_nGene;chip_median_range_ge_1_patient_sd"	0.342105263157895	-0.452631578947368	-0.452631578947368	0.364912280701754	0.610526315789474	0.610526315789474	1.51102441651381	TRUE	TRUE	FALSE	FALSE	"mixed"	"co-enrichment (not interaction)"	NA	NA
"E01538"	"TECHNICALLY_SENSITIVE"	"18-state"	"pair_coenrichment"	"exploratory_pair"	"primary"	"Ciliated epithelial ↔ Perivascular/mesothelial stromal"	"Ciliated epithelial ↔ Perivascular/mesothelial stromal"	NA	"Ciliated epithelial"	"Perivascular/mesothelial stromal"	"fisher_z"	50	"IPF_vs_HC"	0.102549406019798	0.990196505009697	0.0257656287388358	0.17933318330076	0.0124876943648733	0.0136986301369863	TRUE	TRUE	0.652614738526147	NA	FALSE	FALSE	-0.0180805148278616	0.179860027608949	0.175528974214021	"2/3_same_direction"	2	FALSE	FALSE	"cross-chip direction criterion not met"	FALSE	1	FALSE	TRUE	TRUE	0.0948174731845583	FALSE	"IPF/FO22-1-09404"	"REFERENCE_18STATE"	"TECHNICAL_SENSITIVE"	"chip_median_range_ge_1_patient_sd"	0.494736842105263	-0.492982456140351	-0.492982456140351	0.236842105263158	0.46140350877193	0.46140350877193	1.57440667687306	FALSE	TRUE	FALSE	FALSE	"mixed"	"co-enrichment (not interaction)"	NA	NA
"E06449"	"TECHNICALLY_SENSITIVE"	"21-state"	"pair_coenrichment"	"pair_coenrichment"	"secondary_or_scale_sensitivity"	"Ciliated epithelial ↔ NK"	"Ciliated epithelial ↔ NK"	NA	"Ciliated epithelial"	"NK"	"largest_coenriched_component_fraction"	100	"IPF_vs_HC"	0.0171630902943997	1.26945477788018	0.0028759996580977	0.0314501809307017	0.0219568073996546	0.0124987501249875	TRUE	TRUE	0.901804556386467	NA	FALSE	FALSE	0.0322315196607421	0.0052870692347548	0.0138903609224447	"3/3_same_direction"	3	TRUE	FALSE	"3/3 chips match pooled direction"	FALSE	1	FALSE	TRUE	TRUE	0.0166777513530508	FALSE	"IPF/FO23-1-06474"	"FINE_STATE_ONLY_NO_PARENT_TEST"	"TECHNICAL_SENSITIVE"	"valid_bins;tissue_area_um2"	0.0982456140350877	-0.585964912280702	-0.585964912280702	0.335087719298246	0.414035087719298	0.414035087719298	0.641776090415511	TRUE	TRUE	FALSE	FALSE	"mixed"	"patch morphology of co-enrichment"	NA	"Fine-state-only evidence without a directly matched 18-state test."
"E02090"	"TECHNICALLY_SENSITIVE"	"18-state"	"pair_coenrichment"	"exploratory_pair"	"secondary_or_scale_sensitivity"	"Perivascular/mesothelial stromal ↔ Plasma"	"Perivascular/mesothelial stromal ↔ Plasma"	NA	"Perivascular/mesothelial stromal"	"Plasma"	"fisher_z"	100	"IPF_vs_HC"	-0.19798484354945	-0.961644543441412	-0.351473409482569	-0.0444962776163299	0.0151442672842464	0.0127987201279872	TRUE	TRUE	0.513112325131123	NA	FALSE	FALSE	-0.382444546720511	-0.0276866929128067	-0.164473219634385	"3/3_same_direction"	3	TRUE	FALSE	"3/3 chips match pooled direction"	FALSE	1	FALSE	TRUE	TRUE	-0.176870514220196	FALSE	"HC/NL-50"	"REFERENCE_18STATE"	"TECHNICAL_SENSITIVE"	"median_nUMI;median_nGene;mean_feature_weight;chip_median_range_ge_1_patient_sd"	0.631578947368421	-0.119298245614035	-0.119298245614035	0.345614035087719	0.703508771929825	0.703508771929825	1.62033970860085	TRUE	TRUE	FALSE	FALSE	"mixed"	"co-enrichment (not interaction)"	NA	"Spatial metric may partly reflect overall feature abundance."
"E05120"	"TECHNICALLY_SENSITIVE"	"21-state"	"pair_coenrichment"	"pair_coenrichment"	"primary"	"Perivascular/mesothelial stromal ↔ Plasma"	"Perivascular/mesothelial stromal ↔ Plasma"	NA	"Perivascular/mesothelial stromal"	"Plasma"	"fisher_z"	50	"IPF_vs_HC"	-0.123079014432298	-0.539659284067698	-0.247047071583673	0.0008890427190762	0.0514506582283501	0.0127987201279872	FALSE	TRUE	0.806319368063194	NA	FALSE	FALSE	-0.297206358919304	0.0305668723171691	-0.104417064163114	"2/3_same_direction"	2	FALSE	FALSE	"cross-chip direction criterion not met"	FALSE	1	FALSE	TRUE	TRUE	-0.096613514080957	FALSE	"IPF/FO22-1-09404"	"DIRECTION_CONCORDANT"	"TECHNICAL_SENSITIVE"	"median_nUMI;median_nGene;mean_feature_weight;chip_median_range_ge_1_patient_sd"	0.757894736842105	-0.229824561403509	-0.229824561403509	0.36140350877193	0.73859649122807	0.73859649122807	2.16775232994635	TRUE	TRUE	FALSE	FALSE	"mixed"	"co-enrichment (not interaction)"	NA	"Spatial metric may partly reflect overall feature abundance."
"E07193"	"TECHNICALLY_SENSITIVE"	"21-state"	"pair_coenrichment"	"pair_coenrichment"	"secondary_or_scale_sensitivity"	"AT2/alveolar transitional ↔ Plasma"	"AT2/alveolar transitional ↔ Plasma"	NA	"AT2/alveolar transitional"	"Plasma"	"largest_coenriched_component_fraction"	100	"IPF_vs_HC"	0.0174235401631162	1.38772431257064	0.0041403965109143	0.0307066838153181	0.0138131981020894	0.0131986801319868	TRUE	TRUE	0.901804556386467	NA	FALSE	FALSE	0.0357545580013997	0.0134631914635145	-0.000975379772547	"2/3_same_direction"	2	FALSE	FALSE	"cross-chip direction criterion not met"	FALSE	1	FALSE	TRUE	TRUE	0.0157571687155398	FALSE	"IPF/FO23-1-03100"	"FINE_STATE_ONLY_NO_PARENT_TEST"	"TECHNICAL_SENSITIVE"	"valid_coverage_fraction"	-0.37719298245614	-0.308771929824561	-0.308771929824561	0.571929824561404	0.436842105263158	0.436842105263158	0.849422844682542	TRUE	TRUE	FALSE	FALSE	"mixed"	"patch morphology of co-enrichment"	NA	"Fine-state-only evidence without a directly matched 18-state test."
"E01682"	"TECHNICALLY_SENSITIVE"	"18-state"	"pair_coenrichment"	"exploratory_pair"	"primary"	"Myofibroblast ↔ Plasma"	"Myofibroblast ↔ Plasma"	NA	"Myofibroblast"	"Plasma"	"fisher_z"	50	"IPF_vs_HC"	0.101487176829121	1.12070413124425	0.0192921701588123	0.183682183499429	0.0190963318183326	0.0147985201479852	TRUE	TRUE	0.652614738526147	NA	FALSE	FALSE	0.173563129501616	0.0841609834753011	0.0078501846911391	"3/3_same_direction"	3	TRUE	FALSE	"3/3 chips match pooled direction"	FALSE	1	FALSE	TRUE	TRUE	0.105144493118926	FALSE	"HC/NL-72"	"REFERENCE_18STATE"	"TECHNICAL_SENSITIVE"	"median_nUMI;median_nGene;chip_median_range_ge_1_patient_sd"	0.308771929824561	-0.43859649122807	-0.43859649122807	0.415789473684211	0.508771929824562	0.508771929824562	1.35511714571411	TRUE	TRUE	FALSE	FALSE	"mixed"	"co-enrichment (not interaction)"	NA	NA
"E06446"	"TECHNICALLY_SENSITIVE"	"21-state"	"pair_coenrichment"	"pair_coenrichment"	"secondary_or_scale_sensitivity"	"Ciliated epithelial ↔ NK"	"Ciliated epithelial ↔ NK"	NA	"Ciliated epithelial"	"NK"	"observed_expected_ratio"	100	"IPF_vs_HC"	0.475378174321133	1.45128360418076	0.107559169407166	0.8431971792351	0.0149839595398742	0.0168983101689831	TRUE	TRUE	0.940259057528346	NA	FALSE	FALSE	0.562146222743927	0.338654924676214	0.5502455304618	"3/3_same_direction"	3	TRUE	FALSE	"3/3 chips match pooled direction"	FALSE	1	FALSE	TRUE	TRUE	0.43144075331268	FALSE	"HC/NL-63"	"FINE_STATE_ONLY_NO_PARENT_TEST"	"TECHNICAL_SENSITIVE"	"chip_median_range_ge_1_patient_sd"	0.331578947368421	-0.329824561403509	-0.329824561403509	0.0666666666666667	-0.129824561403509	-0.129824561403509	1.11441426120834	FALSE	TRUE	FALSE	FALSE	"mixed"	"co-enrichment (not interaction)"	NA	"Fine-state-only evidence without a directly matched 18-state test."
"E05204"	"TECHNICALLY_SENSITIVE"	"21-state"	"pair_coenrichment"	"pair_coenrichment"	"primary"	"Fibroblast ↔ Plasma"	"Fibroblast ↔ Plasma"	NA	"Fibroblast"	"Plasma"	"fisher_z"	50	"IPF_vs_HC"	-0.124579422106743	-0.492647542488013	-0.242187607925851	-0.0069712362876362	0.0393896701238386	0.0165983401659834	TRUE	TRUE	0.950632209506322	NA	FALSE	FALSE	-0.298694417196542	-0.0341753152649953	-0.0073283685520664	"3/3_same_direction"	3	TRUE	FALSE	"3/3 chips match pooled direction"	FALSE	1	FALSE	TRUE	TRUE	-0.074787478257534	FALSE	"IPF/FO22-1-09404"	"DIRECTION_CONCORDANT"	"TECHNICAL_SENSITIVE"	"median_nUMI;median_nGene;mean_feature_weight;chip_median_range_ge_1_patient_sd"	0.631578947368421	-0.152631578947368	-0.152631578947368	0.403508771929825	0.780701754385965	0.780701754385965	2.31313447323729	TRUE	TRUE	FALSE	FALSE	"mixed"	"co-enrichment (not interaction)"	NA	"Spatial metric may partly reflect overall feature abundance."
"E04682"	"TECHNICALLY_SENSITIVE"	"21-state"	"pair_coenrichment"	"pair_coenrichment"	"secondary_or_scale_sensitivity"	"AT2/alveolar transitional ↔ Basal epithelial"	"AT2/alveolar transitional ↔ Basal-like epithelial"	NA	"AT2/alveolar transitional"	"Basal epithelial"	"observed_expected_ratio"	50	"IPF_vs_HC"	-0.353774339482087	-1.34525260909775	-0.636904125712423	-0.0706445532517502	0.0179476824948465	0.0190980901909809	TRUE	TRUE	0.837841930092705	NA	FALSE	FALSE	-0.236996941112025	-0.679653980040435	0.0422349269831802	"2/3_same_direction"	2	FALSE	FALSE	"cross-chip direction criterion not met"	FALSE	1	FALSE	TRUE	TRUE	-0.305849303599945	FALSE	"HC/NL-72"	"FINE_STATE_ONLY_NO_PARENT_TEST"	"TECHNICAL_SENSITIVE"	"chip_median_range_ge_1_patient_sd"	0.21578947368421	0.285964912280702	0.285964912280702	-0.107017543859649	-0.219298245614035	-0.219298245614035	1.19528656400439	FALSE	TRUE	FALSE	FALSE	"epithelial"	"co-enrichment (not interaction)"	NA	"Fine-state-only evidence without a directly matched 18-state test."
"E05090"	"TECHNICALLY_SENSITIVE"	"21-state"	"pair_coenrichment"	"pair_coenrichment"	"secondary_or_scale_sensitivity"	"Blood endothelial ↔ SPP1 macrophage"	"Blood endothelial ↔ Inflammatory monocyte/macrophage"	NA	"Blood endothelial"	"SPP1 macrophage"	"observed_expected_ratio"	50	"IPF_vs_HC"	-0.244271559125792	-1.29064334496371	-0.454742983407165	-0.0338001348444179	0.0260021963368079	0.0202979702029797	TRUE	TRUE	0.837841930092705	NA	FALSE	FALSE	-0.193021176200859	-0.461826480705425	-0.021908373561859	"3/3_same_direction"	3	TRUE	FALSE	"3/3 chips match pooled direction"	FALSE	1	FALSE	TRUE	TRUE	-0.197918395799364	FALSE	"HC/NL-55"	"FINE_STATE_ONLY_NO_PARENT_TEST"	"TECHNICAL_SENSITIVE"	"chip_median_range_ge_1_patient_sd"	-0.175438596491228	0.445614035087719	0.445614035087719	-0.21578947368421	-0.298245614035088	-0.298245614035088	1.19764408245913	FALSE	TRUE	FALSE	FALSE	"mixed"	"co-enrichment (not interaction)"	NA	"Fine-state-only evidence without a directly matched 18-state test."
"E07640"	"TECHNICALLY_SENSITIVE"	"21-state"	"pair_coenrichment"	"pair_coenrichment"	"secondary_or_scale_sensitivity"	"Perivascular/mesothelial stromal ↔ Plasma"	"Perivascular/mesothelial stromal ↔ Plasma"	NA	"Perivascular/mesothelial stromal"	"Plasma"	"fisher_z"	100	"IPF_vs_HC"	-0.190539771560227	-0.886809454670335	-0.350036794067094	-0.0310427490533598	0.0225755372344246	0.0204979502049795	TRUE	TRUE	0.940259057528346	NA	FALSE	FALSE	-0.348889058955252	-0.0496472892161654	-0.143868951368316	"3/3_same_direction"	3	TRUE	FALSE	"3/3 chips match pooled direction"	FALSE	1	FALSE	TRUE	TRUE	-0.168435532105219	FALSE	"HC/NL-50"	"DIRECTION_CONCORDANT"	"TECHNICAL_SENSITIVE"	"median_nUMI;median_nGene;mean_feature_weight;chip_median_range_ge_1_patient_sd"	0.719298245614035	-0.1	-0.1	0.321052631578947	0.670175438596491	0.670175438596491	1.90427125804802	TRUE	TRUE	FALSE	FALSE	"mixed"	"co-enrichment (not interaction)"	NA	"Spatial metric may partly reflect overall feature abundance."
"E03392"	"TECHNICALLY_SENSITIVE"	"21-state"	"pair_coenrichment"	"pair_coenrichment"	"primary"	"Lymphatic endothelial ↔ Other inflammatory monocyte/macrophage"	"Inflammatory monocyte/macrophage ↔ Lymphatic endothelial"	NA	"Lymphatic endothelial"	"Other inflammatory monocyte/macrophage"	"fisher_z"	50	"IPF_vs_HC"	0.0466589062347572	0.935092914473462	0.0072837190207699	0.0860340934487444	0.0234999349030871	0.0213978602139786	TRUE	TRUE	0.975142485751425	NA	FALSE	FALSE	0.0469847370622965	0.0216701406906261	0.0804504965711319	"3/3_same_direction"	3	TRUE	FALSE	"3/3 chips match pooled direction"	FALSE	1	FALSE	TRUE	TRUE	0.0237186099610482	FALSE	"IPF/FO23-1-09473"	"RESOLUTION_DISCORDANT"	"TECHNICAL_SENSITIVE"	"valid_coverage_fraction;median_nUMI;median_nGene;mean_feature_weight;chip_median_range_ge_1_patient_sd"	-0.556140350877193	0.164912280701754	0.164912280701754	-0.621052631578947	-0.807017543859649	-0.807017543859649	1.26959245927504	TRUE	TRUE	FALSE	FALSE	"mixed"	"co-enrichment (not interaction)"	NA	"Direction opposes the mapped 18-state parent. Spatial metric may partly reflect overall feature abundance."
"E02030"	"TECHNICALLY_SENSITIVE"	"18-state"	"pair_coenrichment"	"exploratory_pair"	"secondary_or_scale_sensitivity"	"Fibroblast ↔ Secretory/other airway epithelial"	"Fibroblast ↔ Secretory/other airway epithelial"	NA	"Fibroblast"	"Secretory/other airway epithelial"	"fisher_z"	100	"IPF_vs_HC"	0.0908298001497189	1.28288996686649	0.0154640962099641	0.166195504089474	0.0216039020248836	0.0308969103089691	TRUE	TRUE	0.851596090390961	NA	FALSE	FALSE	0.03710046166254	0.0521801380634883	0.206101969312295	"3/3_same_direction"	3	TRUE	FALSE	"3/3 chips match pooled direction"	FALSE	1	FALSE	TRUE	TRUE	0.0799853947548311	FALSE	"IPF/FO23-1-09473"	"REFERENCE_18STATE"	"TECHNICAL_SENSITIVE"	"chip_median_range_ge_1_patient_sd"	0.382456140350877	-0.198245614035088	-0.198245614035088	-0.117543859649123	0.156140350877193	0.156140350877193	1.31529055193374	FALSE	TRUE	FALSE	FALSE	"mixed"	"co-enrichment (not interaction)"	NA	NA
"E02000"	"TECHNICALLY_SENSITIVE"	"18-state"	"pair_coenrichment"	"exploratory_pair"	"secondary_or_scale_sensitivity"	"AT1 ↔ AT2/alveolar transitional"	"AT1 ↔ AT2/alveolar transitional"	NA	"AT1"	"AT2/alveolar transitional"	"fisher_z"	100	"IPF_vs_HC"	0.17028422684046	1.00520912359088	0.0224199670855084	0.318148486595411	0.0269848492940798	0.0222977702229777	TRUE	TRUE	0.702379762023798	NA	FALSE	FALSE	0.141345242996425	0.25289285131611	0.076608541994192	"3/3_same_direction"	3	TRUE	FALSE	"3/3 chips match pooled direction"	FALSE	1	FALSE	TRUE	TRUE	0.102573079932065	FALSE	"HC/NL-55"	"REFERENCE_18STATE"	"TECHNICAL_SENSITIVE"	"median_nUMI;median_nGene;chip_median_range_ge_1_patient_sd"	0.46140350877193	0.0456140350877193	0.0456140350877193	-0.208771929824561	-0.501754385964912	-0.501754385964912	1.79030556944389	TRUE	TRUE	FALSE	FALSE	"epithelial"	"co-enrichment (not interaction)"	NA	NA
"E03542"	"TECHNICALLY_SENSITIVE"	"21-state"	"pair_coenrichment"	"pair_coenrichment"	"secondary_or_scale_sensitivity"	"AT2/alveolar transitional ↔ Dendritic cell"	"AT2/alveolar transitional ↔ Dendritic cell"	NA	"AT2/alveolar transitional"	"Dendritic cell"	"observed_expected_ratio"	50	"IPF_vs_HC"	-0.242558359058614	-1.05497665368153	-0.449121971407729	-0.0359947467094985	0.0245706345618412	0.0226977302269773	TRUE	TRUE	0.837841930092705	NA	FALSE	FALSE	-0.300597706727617	-0.335764533686976	-0.0195621601738607	"3/3_same_direction"	3	TRUE	FALSE	"3/3 chips match pooled direction"	FALSE	1	FALSE	TRUE	TRUE	-0.148056748404643	FALSE	"HC/NL-72"	"FINE_STATE_ONLY_NO_PARENT_TEST"	"TECHNICAL_SENSITIVE"	"chip_median_range_ge_1_patient_sd"	0.492982456140351	0.284210526315789	0.284210526315789	-0.4	-0.436842105263158	-0.436842105263158	1.77417690798887	FALSE	TRUE	FALSE	FALSE	"mixed"	"co-enrichment (not interaction)"	NA	"Fine-state-only evidence without a directly matched 18-state test."
"E01541"	"TECHNICALLY_SENSITIVE"	"18-state"	"pair_coenrichment"	"exploratory_pair"	"primary"	"Ciliated epithelial ↔ Fibroblast"	"Ciliated epithelial ↔ Fibroblast"	NA	"Ciliated epithelial"	"Fibroblast"	"fisher_z"	50	"IPF_vs_HC"	0.124600061890165	0.700380961562488	0.0133685315420297	0.2358315922383	0.0307178607587077	0.0245975402459754	TRUE	TRUE	0.834424249882704	NA	FALSE	FALSE	0.138350533438833	0.10253505961728	0.143163938047988	"3/3_same_direction"	3	TRUE	FALSE	"3/3 chips match pooled direction"	FALSE	1	FALSE	TRUE	TRUE	0.109831825203302	FALSE	"IPF/FO23-1-09473"	"REFERENCE_18STATE"	"TECHNICAL_SENSITIVE"	"mean_feature_weight;chip_median_range_ge_1_patient_sd"	0.775438596491228	-0.387719298245614	-0.387719298245614	0.119298245614035	0.42280701754386	0.42280701754386	1.84511857814284	TRUE	TRUE	FALSE	FALSE	"mixed"	"co-enrichment (not interaction)"	NA	"Spatial metric may partly reflect overall feature abundance."
"E00080"	"TECHNICALLY_SENSITIVE"	"18-state"	"global_composition"	"global_composition"	"secondary"	"AT2/alveolar transitional"	"AT2/alveolar transitional"	"AT2/alveolar transitional"	NA	NA	"clr_mean"	NA	"IPF_vs_HC"	0.457618298192841	0.349568892619582	0.066325259970116	0.848911336415566	0.0250597818280638	0.0270972902709729	TRUE	TRUE	0.585301469853015	NA	FALSE	FALSE	-0.0140711003133173	0.542000753009503	0.94404181102208	"2/3_same_direction"	2	FALSE	FALSE	"cross-chip direction criterion not met"	FALSE	1	FALSE	TRUE	TRUE	0.298508413512531	FALSE	"IPF/FO22-1-09404"	"REFERENCE_18STATE"	"TECHNICAL_SENSITIVE"	"valid_coverage_fraction;median_nUMI;median_nGene;mean_feature_weight;chip_median_range_ge_1_patient_sd"	0.97719298245614	0.164912280701754	0.164912280701754	-0.633333333333333	-0.891228070175439	-0.891228070175439	2.10540318782002	TRUE	TRUE	FALSE	FALSE	"epithelial"	"abundance"	NA	"Spatial metric may partly reflect overall feature abundance."
"E03002"	"TECHNICALLY_SENSITIVE"	"21-state"	"spatial_architecture"	"spatial_architecture"	"scale_sensitivity"	"SPP1 macrophage"	"Inflammatory monocyte/macrophage"	"SPP1 macrophage"	NA	NA	"largest_component_fraction"	100	"IPF_vs_HC"	0.0180811024624738	1.2641396826875	0.0025779004892553	0.0335843044356923	0.0253966128359773	0.0260973902609739	TRUE	TRUE	0.703954604539546	NA	FALSE	FALSE	0.023316831047214	0.0105912968525893	0.0206351409472561	"3/3_same_direction"	3	TRUE	FALSE	"3/3 chips match pooled direction"	FALSE	1	FALSE	TRUE	TRUE	0.0057388908505222	FALSE	"IPF/FO23-1-06168"	"DIRECTION_CONCORDANT"	"TECHNICAL_SENSITIVE"	"valid_bins;tissue_area_um2"	-0.454385964912281	-0.591228070175439	-0.591228070175439	0.266666666666667	0.426315789473684	0.426315789473684	0.921141285712636	TRUE	TRUE	FALSE	FALSE	"immune"	"patch morphology"	NA	NA
"E03185"	"TECHNICALLY_SENSITIVE"	"21-state"	"pair_coenrichment"	"pair_coenrichment"	"secondary_or_scale_sensitivity"	"Alveolar/resident macrophage ↔ Plasma"	"Alveolar/resident macrophage ↔ Plasma"	NA	"Alveolar/resident macrophage"	"Plasma"	"largest_coenriched_component_fraction"	50	"IPF_vs_HC"	0.0059640054604614	1.20501640453076	0.0003975727274523	0.0115304381934705	0.0374939940666268	0.025997400259974	TRUE	TRUE	0.837841930092705	NA	FALSE	FALSE	0.0135213290083702	0.000822841825312	0.0022371881005605	"3/3_same_direction"	3	TRUE	FALSE	"3/3 chips match pooled direction"	FALSE	1	FALSE	TRUE	TRUE	0.0042917374392654	FALSE	"HC/NL-50"	"FINE_STATE_ONLY_NO_PARENT_TEST"	"TECHNICAL_SENSITIVE"	"valid_bins;tissue_area_um2;chip_median_range_ge_1_patient_sd"	0.0298245614035088	-0.542105263157895	-0.542105263157895	0.147368421052632	0.143859649122807	0.143859649122807	1.53750192880553	TRUE	TRUE	FALSE	FALSE	"immune"	"patch morphology of co-enrichment"	NA	"Fine-state-only evidence without a directly matched 18-state test."
"E05282"	"TECHNICALLY_SENSITIVE"	"21-state"	"pair_coenrichment"	"pair_coenrichment"	"secondary_or_scale_sensitivity"	"Lymphatic endothelial ↔ Plasma"	"Lymphatic endothelial ↔ Plasma"	NA	"Lymphatic endothelial"	"Plasma"	"observed_expected_ratio"	50	"IPF_vs_HC"	-0.432009519158333	-0.821107568472575	-0.85840098829921	-0.0056180500174556	0.0474334324771097	0.0283971602839716	TRUE	TRUE	0.837841930092705	NA	FALSE	FALSE	-1.04466963865258	-0.0683278060605225	-0.119943733826967	"3/3_same_direction"	3	TRUE	FALSE	"3/3 chips match pooled direction"	FALSE	1	FALSE	TRUE	TRUE	-0.31779529470609	FALSE	"IPF/FO22-1-09404"	"FINE_STATE_ONLY_NO_PARENT_TEST"	"TECHNICAL_SENSITIVE"	"median_nUMI;median_nGene;mean_feature_weight;chip_median_range_ge_1_patient_sd"	0.580701754385965	-0.282456140350877	-0.282456140350877	0.291228070175439	0.571929824561404	0.571929824561404	1.57648894855311	TRUE	TRUE	FALSE	FALSE	"mixed"	"co-enrichment (not interaction)"	NA	"Fine-state-only evidence without a directly matched 18-state test. Spatial metric may partly reflect overall feature abundance."
"E06761"	"TECHNICALLY_SENSITIVE"	"21-state"	"pair_coenrichment"	"pair_coenrichment"	"secondary_or_scale_sensitivity"	"Mast/Basophil ↔ Peribronchial fibroblast"	"Mast/Basophil ↔ Myofibroblast"	NA	"Mast/Basophil"	"Peribronchial fibroblast"	"largest_coenriched_component_fraction"	100	"IPF_vs_HC"	0.0083491650739969	1.05599403133322	0.0009565324555441	0.0157417976924498	0.0295769316152846	0.0348965103489651	TRUE	TRUE	0.940259057528346	NA	FALSE	FALSE	0.0152912712949352	0.0035585412905421	0.0056184249662687	"3/3_same_direction"	3	TRUE	FALSE	"3/3 chips match pooled direction"	FALSE	1	FALSE	TRUE	TRUE	0.0020520096743046	FALSE	"IPF/FO23-1-06474"	"FINE_STATE_ONLY_NO_PARENT_TEST"	"TECHNICAL_SENSITIVE"	"valid_bins;tissue_area_um2;chip_median_range_ge_1_patient_sd"	-0.0245614035087719	-0.766666666666667	-0.766666666666667	0.324561403508772	0.482456140350877	0.482456140350877	1.43072877330062	TRUE	TRUE	FALSE	FALSE	"mixed"	"patch morphology of co-enrichment"	NA	"Fine-state-only evidence without a directly matched 18-state test."
"E01160"	"TECHNICALLY_SENSITIVE"	"18-state"	"pair_coenrichment"	"predefined_pair"	"secondary_or_scale_sensitivity"	"B ↔ T"	"B ↔ T"	NA	"B"	"T"	"joint_top_quartile_proportion"	100	"IPF_vs_HC"	0.0319352515508781	1.30371099360554	0.0019831367981804	0.0618873663035758	0.0382966882398704	0.0295970402959704	TRUE	TRUE	0.3995600439956	NA	FALSE	FALSE	0.0355381008516168	0.0235425934930289	0.0341860353209641	"3/3_same_direction"	3	TRUE	FALSE	"3/3 chips match pooled direction"	FALSE	1	FALSE	TRUE	TRUE	0.0146087840049415	FALSE	"IPF/FO23-1-06168"	"REFERENCE_18STATE"	"TECHNICAL_SENSITIVE"	"mean_feature_weight"	-0.594736842105263	-0.27719298245614	-0.27719298245614	-0.452631578947368	-0.445614035087719	-0.445614035087719	0.756292981450146	TRUE	TRUE	FALSE	FALSE	"immune"	"co-enrichment (not interaction)"	NA	"Spatial metric may partly reflect overall feature abundance."
"E01166"	"TECHNICALLY_SENSITIVE"	"18-state"	"pair_coenrichment"	"predefined_pair"	"secondary_or_scale_sensitivity"	"B ↔ T"	"B ↔ T"	NA	"B"	"T"	"coenriched_component_area_fraction"	100	"IPF_vs_HC"	0.0319352515508781	1.30371099360554	0.0019831367981804	0.0618873663035758	0.0382966882398704	0.0295970402959704	TRUE	TRUE	0.3995600439956	NA	FALSE	FALSE	0.0355381008516168	0.0235425934930289	0.0341860353209641	"3/3_same_direction"	3	TRUE	FALSE	"3/3 chips match pooled direction"	FALSE	1	FALSE	TRUE	TRUE	0.0146087840049415	FALSE	"IPF/FO23-1-06168"	"REFERENCE_18STATE"	"TECHNICAL_SENSITIVE"	"mean_feature_weight"	-0.594736842105263	-0.27719298245614	-0.27719298245614	-0.452631578947368	-0.445614035087719	-0.445614035087719	0.756292981450146	TRUE	TRUE	FALSE	FALSE	"immune"	"patch morphology of co-enrichment"	NA	"Spatial metric may partly reflect overall feature abundance."
"E00668"	"TECHNICALLY_SENSITIVE"	"18-state"	"spatial_architecture"	"spatial_architecture"	"scale_sensitivity"	"T"	"T"	"T"	NA	NA	"morans_i"	100	"IPF_vs_HC"	0.14771936259451	0.986387023996237	0.0167640477789242	0.278674677410096	0.0297449640271392	0.0461953804619538	TRUE	TRUE	0.835015090040292	NA	FALSE	FALSE	0.171298721873698	0.212213645520247	0.0192101141966423	"3/3_same_direction"	3	TRUE	FALSE	"3/3 chips match pooled direction"	FALSE	1	FALSE	TRUE	TRUE	0.156309735896958	FALSE	"IPF/FO23-1-09473"	"REFERENCE_18STATE"	"TECHNICAL_SENSITIVE"	"valid_coverage_fraction;median_nUMI;median_nGene;mean_feature_weight;chip_median_range_ge_1_patient_sd"	-0.621052631578947	-0.27719298245614	-0.27719298245614	0.52280701754386	0.728070175438597	0.728070175438597	1.71082719524784	TRUE	TRUE	FALSE	FALSE	"immune"	"clustering"	NA	"Spatial metric may partly reflect overall feature abundance."
"E06533"	"TECHNICALLY_SENSITIVE"	"21-state"	"pair_coenrichment"	"pair_coenrichment"	"secondary_or_scale_sensitivity"	"Lymphatic endothelial ↔ NK"	"Lymphatic endothelial ↔ NK"	NA	"Lymphatic endothelial"	"NK"	"largest_coenriched_component_fraction"	100	"IPF_vs_HC"	0.0129781375214314	1.25809310071604	0.0007995062014929	0.0251567688413699	0.0383841791791527	0.0298970102989701	TRUE	TRUE	0.940259057528346	NA	FALSE	FALSE	0.0147561012238699	0.0167783380892365	0.0065768188288541	"3/3_same_direction"	3	TRUE	FALSE	"3/3 chips match pooled direction"	FALSE	1	FALSE	TRUE	TRUE	0.011375025593905	FALSE	"IPF/FO23-1-09473"	"FINE_STATE_ONLY_NO_PARENT_TEST"	"TECHNICAL_SENSITIVE"	"valid_bins;tissue_area_um2;chip_median_range_ge_1_patient_sd"	0.403508771929825	-0.601754385964912	-0.601754385964912	0.42280701754386	0.463157894736842	0.463157894736842	1.12026748677284	TRUE	TRUE	FALSE	FALSE	"mixed"	"patch morphology of co-enrichment"	NA	"Fine-state-only evidence without a directly matched 18-state test."
"E04793"	"TECHNICALLY_SENSITIVE"	"21-state"	"pair_coenrichment"	"pair_coenrichment"	"secondary_or_scale_sensitivity"	"Lymphatic endothelial ↔ Secretory/other airway epithelial"	"Lymphatic endothelial ↔ Secretory/other airway epithelial"	NA	"Lymphatic endothelial"	"Secretory/other airway epithelial"	"largest_coenriched_component_fraction"	50	"IPF_vs_HC"	0.0082972690749616	1.17123775045093	0.0002765666346257	0.0163179715152975	0.0435416400337919	0.0307969203079692	TRUE	TRUE	0.837841930092705	NA	FALSE	FALSE	0.0164850979225895	0.0043497019043797	0.0025640794751026	"3/3_same_direction"	3	TRUE	FALSE	"3/3 chips match pooled direction"	FALSE	1	FALSE	TRUE	TRUE	0.0071328743142441	FALSE	"IPF/FO22-1-09404"	"FINE_STATE_ONLY_NO_PARENT_TEST"	"TECHNICAL_SENSITIVE"	"valid_bins;tissue_area_um2"	0.282456140350877	-0.666666666666667	-0.666666666666667	0.314035087719298	0.284210526315789	0.284210526315789	0.599261719503701	TRUE	TRUE	FALSE	FALSE	"mixed"	"patch morphology of co-enrichment"	NA	"Fine-state-only evidence without a directly matched 18-state test."
"E06194"	"TECHNICALLY_SENSITIVE"	"21-state"	"pair_coenrichment"	"pair_coenrichment"	"secondary_or_scale_sensitivity"	"Dendritic cell ↔ KRT17 aberrant basaloid"	"Basal-like epithelial ↔ Dendritic cell"	NA	"Dendritic cell"	"KRT17 aberrant basaloid"	"observed_expected_ratio"	100	"IPF_vs_HC"	-0.221123856294891	-1.16611210920015	-0.429987542490111	-0.0122601700996707	0.0394817095873105	0.0313968603139686	TRUE	TRUE	0.940259057528346	NA	FALSE	FALSE	-0.118041910121974	-0.392035984594849	-0.175644000728664	"3/3_same_direction"	3	TRUE	FALSE	"3/3 chips match pooled direction"	FALSE	1	FALSE	TRUE	TRUE	-0.198750380659465	FALSE	"IPF/FO23-1-09473"	"FINE_STATE_ONLY_NO_PARENT_TEST"	"TECHNICAL_SENSITIVE"	"valid_coverage_fraction;median_nUMI;median_nGene;mean_feature_weight;chip_median_range_ge_1_patient_sd"	0.550877192982456	0.210526315789474	0.210526315789474	-0.51578947368421	-0.536842105263158	-0.536842105263158	1.16962060433408	TRUE	TRUE	FALSE	FALSE	"mixed"	"co-enrichment (not interaction)"	"EXPLORATORY_SENSITIVITY_ONLY"	"Low-reference-cell state: exploratory sensitivity only; not an independently validated conclusion. Fine-state-only evidence without a directly matched 18-state test. Spatial metric may partly reflect overall feature abundance."
"E04496"	"TECHNICALLY_SENSITIVE"	"21-state"	"pair_coenrichment"	"pair_coenrichment"	"primary"	"Ciliated epithelial ↔ Fibroblast"	"Ciliated epithelial ↔ Fibroblast"	NA	"Ciliated epithelial"	"Fibroblast"	"fisher_z"	50	"IPF_vs_HC"	0.111840074756521	0.610909465155897	0.0038182114408593	0.219861938072182	0.0433901171754095	0.0322967703229677	TRUE	TRUE	0.975142485751425	NA	FALSE	FALSE	0.130855876703699	0.0976612168522551	0.123269150849286	"3/3_same_direction"	3	TRUE	FALSE	"3/3 chips match pooled direction"	FALSE	1	FALSE	TRUE	TRUE	0.114476085233616	FALSE	"IPF/FO23-1-09473"	"DIRECTION_CONCORDANT"	"TECHNICAL_SENSITIVE"	"mean_feature_weight;chip_median_range_ge_1_patient_sd"	0.717543859649123	-0.333333333333333	-0.333333333333333	0.133333333333333	0.447368421052632	0.447368421052632	1.79072683692349	TRUE	TRUE	FALSE	FALSE	"mixed"	"co-enrichment (not interaction)"	NA	"Spatial metric may partly reflect overall feature abundance."
"E06338"	"TECHNICALLY_SENSITIVE"	"21-state"	"pair_coenrichment"	"pair_coenrichment"	"secondary_or_scale_sensitivity"	"Lymphatic endothelial ↔ T"	"Lymphatic endothelial ↔ T"	NA	"Lymphatic endothelial"	"T"	"observed_expected_ratio"	100	"IPF_vs_HC"	0.219992805037579	1.01597949968961	0.0109930051797664	0.428992604895392	0.0404696322522585	0.0324967503249675	TRUE	TRUE	0.940259057528346	NA	FALSE	FALSE	0.248247765642818	0.341348326822075	0.0076987227623299	"3/3_same_direction"	3	TRUE	FALSE	"3/3 chips match pooled direction"	FALSE	1	FALSE	TRUE	TRUE	0.200145141312636	FALSE	"HC/NL-50"	"FINE_STATE_ONLY_NO_PARENT_TEST"	"TECHNICAL_SENSITIVE"	"median_nUMI;median_nGene;chip_median_range_ge_1_patient_sd"	-0.32280701754386	-0.119298245614035	-0.119298245614035	-0.407017543859649	-0.549122807017544	-0.549122807017544	1.40800574814246	TRUE	TRUE	FALSE	FALSE	"mixed"	"co-enrichment (not interaction)"	NA	"Fine-state-only evidence without a directly matched 18-state test."
"E04322"	"TECHNICALLY_SENSITIVE"	"21-state"	"pair_coenrichment"	"pair_coenrichment"	"secondary_or_scale_sensitivity"	"B ↔ Blood endothelial"	"B ↔ Blood endothelial"	NA	"B"	"Blood endothelial"	"observed_expected_ratio"	50	"IPF_vs_HC"	-0.316661102134465	-0.97882100706505	-0.611718136368177	-0.0216040679007532	0.0372210321208472	0.0327967203279672	TRUE	TRUE	0.837841930092705	NA	FALSE	FALSE	-0.388154301754465	-0.432723316171136	0.0148346093651499	"2/3_same_direction"	2	FALSE	FALSE	"cross-chip direction criterion not met"	FALSE	1	FALSE	TRUE	TRUE	-0.18142460899644	FALSE	"HC/NL-72"	"FINE_STATE_ONLY_NO_PARENT_TEST"	"TECHNICAL_SENSITIVE"	"median_nUMI;median_nGene;mean_feature_weight;chip_median_range_ge_1_patient_sd"	0.545614035087719	0.0421052631578947	0.0421052631578947	0.340350877192982	0.52280701754386	0.52280701754386	2.04571864227018	TRUE	TRUE	FALSE	FALSE	"mixed"	"co-enrichment (not interaction)"	NA	"Fine-state-only evidence without a directly matched 18-state test. Spatial metric may partly reflect overall feature abundance."
"E00077"	"TECHNICALLY_SENSITIVE"	"18-state"	"global_composition"	"global_composition"	"secondary"	"AT2/alveolar transitional"	"AT2/alveolar transitional"	"AT2/alveolar transitional"	NA	NA	"median_raw_weight"	NA	"IPF_vs_HC"	0.0074781433832487	0.634579030860633	0.0002702544864574	0.01468603228004	0.0430160748165037	0.0351964803519648	TRUE	TRUE	0.633536646335367	NA	FALSE	FALSE	-5.39187796010177e-07	0.0105008333841632	0.0124075836873365	"2/3_same_direction"	2	FALSE	FALSE	"cross-chip direction criterion not met"	FALSE	1	FALSE	TRUE	TRUE	0.005771684499695	FALSE	"HC/NL-55"	"REFERENCE_18STATE"	"TECHNICAL_SENSITIVE"	"median_nUMI;median_nGene;mean_feature_weight;chip_median_range_ge_1_patient_sd"	0.950877192982456	0.154385964912281	0.154385964912281	-0.445614035087719	-0.768421052631579	-0.768421052631579	1.89965111976455	TRUE	TRUE	FALSE	FALSE	"epithelial"	"abundance"	NA	"Spatial metric may partly reflect overall feature abundance."
"E05669"	"TECHNICALLY_SENSITIVE"	"21-state"	"pair_coenrichment"	"pair_coenrichment"	"secondary_or_scale_sensitivity"	"Alveolar/resident macrophage ↔ Perivascular/mesothelial stromal"	"Alveolar/resident macrophage ↔ Perivascular/mesothelial stromal"	NA	"Alveolar/resident macrophage"	"Perivascular/mesothelial stromal"	"largest_coenriched_component_fraction"	100	"IPF_vs_HC"	0.0077573014101896	1.28885990494698	5.6598938570779e-05	0.0154580038818085	0.048552785866542	0.036996300369963	TRUE	TRUE	0.940259057528346	NA	FALSE	FALSE	0.0061605678485481	0.011918205304885	0.0035336447319913	"3/3_same_direction"	3	TRUE	FALSE	"3/3 chips match pooled direction"	FALSE	1	FALSE	TRUE	TRUE	0.0066474520081341	FALSE	"IPF/FO23-1-09473"	"FINE_STATE_ONLY_NO_PARENT_TEST"	"TECHNICAL_SENSITIVE"	"valid_bins;tissue_area_um2"	0.0807017543859649	-0.671929824561404	-0.671929824561404	0.23859649122807	0.180701754385965	0.180701754385965	0.521776330313399	TRUE	TRUE	FALSE	FALSE	"mixed"	"patch morphology of co-enrichment"	NA	"Fine-state-only evidence without a directly matched 18-state test."
"E05360"	"TECHNICALLY_SENSITIVE"	"21-state"	"pair_coenrichment"	"pair_coenrichment"	"primary"	"CTHRC1 myofibroblast ↔ Plasma"	"Myofibroblast ↔ Plasma"	NA	"CTHRC1 myofibroblast"	"Plasma"	"fisher_z"	50	"IPF_vs_HC"	0.0730541019371784	0.907185324548563	0.0001173356567996	0.145990868217557	0.049679847229343	0.0386961303869613	TRUE	TRUE	0.975142485751425	NA	FALSE	FALSE	0.144583944281563	0.0490381856709815	-0.0013536212521201	"2/3_same_direction"	2	FALSE	FALSE	"cross-chip direction criterion not met"	FALSE	1	FALSE	TRUE	TRUE	0.0794138517167854	FALSE	"IPF/FO23-1-06474"	"DIRECTION_CONCORDANT"	"TECHNICAL_SENSITIVE"	"median_nUMI;median_nGene;chip_median_range_ge_1_patient_sd"	0.33859649122807	-0.340350877192982	-0.340350877192982	0.473684210526316	0.568421052631579	0.568421052631579	1.37257341803279	TRUE	TRUE	FALSE	FALSE	"mixed"	"co-enrichment (not interaction)"	NA	NA
"E04673"	"TECHNICALLY_SENSITIVE"	"21-state"	"pair_coenrichment"	"pair_coenrichment"	"secondary_or_scale_sensitivity"	"AT2/alveolar transitional ↔ Plasma"	"AT2/alveolar transitional ↔ Plasma"	NA	"AT2/alveolar transitional"	"Plasma"	"largest_coenriched_component_fraction"	50	"IPF_vs_HC"	0.009705714026654	1.08780961244277	0.0003731223834894	0.0190383056698187	0.0425868150228134	0.0393960603939606	TRUE	TRUE	0.837841930092705	NA	FALSE	FALSE	0.0212337057938751	0.0055482818965171	-0.0003006891304311	"2/3_same_direction"	2	FALSE	FALSE	"cross-chip direction criterion not met"	FALSE	1	FALSE	TRUE	TRUE	0.0079865940105542	FALSE	"HC/NL-72"	"FINE_STATE_ONLY_NO_PARENT_TEST"	"TECHNICAL_SENSITIVE"	"valid_bins;tissue_area_um2;median_nUMI;median_nGene"	-0.428070175438597	-0.573684210526316	-0.573684210526316	0.480701754385965	0.550877192982456	0.550877192982456	0.743782438587427	TRUE	TRUE	FALSE	FALSE	"mixed"	"patch morphology of co-enrichment"	NA	"Fine-state-only evidence without a directly matched 18-state test."
"E06785"	"TECHNICALLY_SENSITIVE"	"21-state"	"pair_coenrichment"	"pair_coenrichment"	"secondary_or_scale_sensitivity"	"Mast/Basophil ↔ SPP1 macrophage"	"Inflammatory monocyte/macrophage ↔ Mast/Basophil"	NA	"Mast/Basophil"	"SPP1 macrophage"	"largest_coenriched_component_fraction"	100	"IPF_vs_HC"	0.0098697197899507	1.23345236071608	0.0002640101722975	0.0194754294076039	0.0447855375072567	0.0394960503949605	TRUE	TRUE	0.5999400059994	NA	FALSE	FALSE	0.0117631479531076	0.0072286806723243	0.0105593231770748	"3/3_same_direction"	3	TRUE	FALSE	"3/3 chips match pooled direction"	FALSE	1	FALSE	TRUE	TRUE	0.0061203517203325	FALSE	"IPF/FO23-1-06474"	"FINE_STATE_ONLY_NO_PARENT_TEST"	"TECHNICAL_SENSITIVE"	"valid_bins;tissue_area_um2"	0.370175438596491	-0.880701754385965	-0.880701754385965	-0.282456140350877	-0.136842105263158	-0.136842105263158	0.49445072249867	TRUE	TRUE	FALSE	FALSE	"immune"	"patch morphology of co-enrichment"	NA	"Fine-state-only evidence without a directly matched 18-state test."
"E02729"	"TECHNICALLY_SENSITIVE"	"21-state"	"spatial_architecture"	"spatial_architecture"	"scale_sensitivity"	"Ciliated epithelial"	"Ciliated epithelial"	"Ciliated epithelial"	NA	NA	"largest_component_fraction"	100	"IPF_vs_HC"	-0.0388630538203781	-1.13666488650394	-0.075591547183184	-0.0021345604575722	0.0395749760877748	0.0683931606839316	TRUE	FALSE	0.861485175011911	NA	FALSE	FALSE	0.0028994292991012	-0.0578819326932337	-0.0651005190586351	"2/3_same_direction"	2	FALSE	FALSE	"cross-chip direction criterion not met"	FALSE	1	FALSE	TRUE	TRUE	-0.028887316877418	FALSE	"HC/NL-55"	"DIRECTION_CONCORDANT"	"TECHNICAL_SENSITIVE"	"median_nUMI;median_nGene;chip_median_range_ge_1_patient_sd"	-0.18421052631579	-0.0508771929824561	-0.0508771929824561	0.489473684210526	0.508771929824562	0.508771929824562	1.13207562103348	TRUE	TRUE	FALSE	FALSE	"epithelial"	"patch morphology"	NA	NA
"E02111"	"TECHNICALLY_SENSITIVE"	"18-state"	"pair_coenrichment"	"exploratory_pair"	"secondary_or_scale_sensitivity"	"Lymphatic endothelial ↔ Plasma"	"Lymphatic endothelial ↔ Plasma"	NA	"Lymphatic endothelial"	"Plasma"	"fisher_z"	100	"IPF_vs_HC"	-0.191831310210704	-0.775353094556712	-0.400288243886154	0.0166256234647463	0.0684840801353034	0.040995900409959	FALSE	TRUE	0.944253850477021	NA	FALSE	FALSE	-0.517033942607165	0.0033725763011799	-0.0019537571425265	"2/3_same_direction"	2	FALSE	FALSE	"cross-chip direction criterion not met"	FALSE	1	TRUE	FALSE	TRUE	-0.17543836556552	FALSE	"IPF/FO22-1-09404"	"REFERENCE_18STATE"	"TECHNICAL_SENSITIVE"	"median_nUMI;median_nGene;chip_median_range_ge_1_patient_sd"	0.470175438596491	-0.236842105263158	-0.236842105263158	0.245614035087719	0.507017543859649	0.507017543859649	1.87057838237375	TRUE	TRUE	FALSE	FALSE	"mixed"	"co-enrichment (not interaction)"	NA	NA
"E01427"	"TECHNICALLY_SENSITIVE"	"18-state"	"pair_coenrichment"	"exploratory_pair"	"primary"	"Ciliated epithelial ↔ NK"	"Ciliated epithelial ↔ NK"	NA	"Ciliated epithelial"	"NK"	"fisher_z"	50	"IPF_vs_HC"	0.111161456758077	1.29775197178004	0.00435284657648	0.217970066939675	0.0424541551811453	0.0414958504149585	TRUE	TRUE	0.894587059512672	NA	FALSE	FALSE	0.153455492888938	0.0339847512484695	0.157414243590256	"3/3_same_direction"	3	TRUE	FALSE	"3/3 chips match pooled direction"	FALSE	1	FALSE	TRUE	TRUE	0.102019937832155	FALSE	"HC/NL-63"	"REFERENCE_18STATE"	"TECHNICAL_SENSITIVE"	"valid_bins;tissue_area_um2;mean_feature_weight"	0.512280701754386	-0.654385964912281	-0.654385964912281	0.0684210526315789	-0.0842105263157895	-0.0842105263157895	0.447216850463704	TRUE	TRUE	FALSE	FALSE	"mixed"	"co-enrichment (not interaction)"	NA	"Spatial metric may partly reflect overall feature abundance."
"E05222"	"TECHNICALLY_SENSITIVE"	"21-state"	"pair_coenrichment"	"pair_coenrichment"	"secondary_or_scale_sensitivity"	"Basal epithelial ↔ Fibroblast"	"Basal-like epithelial ↔ Fibroblast"	NA	"Basal epithelial"	"Fibroblast"	"observed_expected_ratio"	50	"IPF_vs_HC"	-0.1627224875323	-0.743804716898653	-0.31884740130678	-0.0065975737578193	0.0421970939713735	0.101589841015898	TRUE	FALSE	0.837841930092705	NA	FALSE	FALSE	-0.188987534049658	-0.145125970530057	-0.163649175394909	"3/3_same_direction"	3	TRUE	FALSE	"3/3 chips match pooled direction"	FALSE	1	FALSE	TRUE	TRUE	-0.165547667688771	FALSE	"HC/NL-55"	"FINE_STATE_ONLY_NO_PARENT_TEST"	"TECHNICAL_SENSITIVE"	"median_nUMI;median_nGene;chip_median_range_ge_1_patient_sd"	-0.0385964912280702	0.103508771929825	0.103508771929825	-0.359649122807018	-0.566666666666667	-0.566666666666667	1.47562907784717	TRUE	TRUE	FALSE	FALSE	"mixed"	"co-enrichment (not interaction)"	NA	"Fine-state-only evidence without a directly matched 18-state test."
"E03920"	"TECHNICALLY_SENSITIVE"	"21-state"	"pair_coenrichment"	"pair_coenrichment"	"primary"	"Ciliated epithelial ↔ NK"	"Ciliated epithelial ↔ NK"	NA	"Ciliated epithelial"	"NK"	"fisher_z"	50	"IPF_vs_HC"	0.113816777132214	1.29602124798681	0.0035900687938171	0.224043485470611	0.0438782571806243	0.0428957104289571	TRUE	TRUE	0.993991509939915	NA	FALSE	FALSE	0.159836701442619	0.0378633558047392	0.158252216466334	"3/3_same_direction"	3	TRUE	FALSE	"3/3 chips match pooled direction"	FALSE	1	FALSE	TRUE	TRUE	0.106363462790361	FALSE	"HC/NL-63"	"DIRECTION_CONCORDANT"	"TECHNICAL_SENSITIVE"	"valid_bins;tissue_area_um2"	0.494736842105263	-0.545614035087719	-0.545614035087719	0.0807017543859649	-0.13859649122807	-0.13859649122807	0.696268926836104	TRUE	TRUE	FALSE	FALSE	"mixed"	"co-enrichment (not interaction)"	NA	NA
"E07361"	"TECHNICALLY_SENSITIVE"	"21-state"	"pair_coenrichment"	"pair_coenrichment"	"secondary_or_scale_sensitivity"	"Peribronchial fibroblast ↔ Secretory/other airway epithelial"	"Myofibroblast ↔ Secretory/other airway epithelial"	NA	"Peribronchial fibroblast"	"Secretory/other airway epithelial"	"largest_coenriched_component_fraction"	100	"IPF_vs_HC"	0.0093648219698357	1.08760857252415	0.000314545713772	0.0184150982258994	0.043493632441107	0.0506949305069493	TRUE	FALSE	0.940259057528346	NA	FALSE	FALSE	0.0156976985362516	0.005091536117654	0.0078385020523693	"3/3_same_direction"	3	TRUE	FALSE	"3/3 chips match pooled direction"	FALSE	1	FALSE	TRUE	TRUE	0.004250753463082	FALSE	"HC/NL-50"	"FINE_STATE_ONLY_NO_PARENT_TEST"	"TECHNICAL_SENSITIVE"	"valid_bins;tissue_area_um2;chip_median_range_ge_1_patient_sd"	-0.112280701754386	-0.759649122807018	-0.759649122807018	0.257894736842105	0.396491228070175	0.396491228070175	1.57851332341988	TRUE	TRUE	FALSE	FALSE	"mixed"	"patch morphology of co-enrichment"	NA	"Fine-state-only evidence without a directly matched 18-state test."
"E02888"	"TECHNICALLY_SENSITIVE"	"21-state"	"spatial_architecture"	"spatial_architecture"	"scale_sensitivity"	"Plasma"	"Plasma"	"Plasma"	NA	NA	"iqr"	100	"IPF_vs_HC"	0.161050256055736	0.597638169829938	-0.0048852160561049	0.326985728167577	0.0562075931600244	0.0456954304569543	FALSE	TRUE	0.768523147685231	NA	FALSE	FALSE	0.29363206727695	0.169116074025387	-0.0440721313180423	"2/3_same_direction"	2	FALSE	FALSE	"cross-chip direction criterion not met"	FALSE	1	FALSE	TRUE	TRUE	0.065259674214504	FALSE	"IPF/FO22-1-09404"	"DIRECTION_CONCORDANT"	"TECHNICAL_SENSITIVE"	"median_nUMI;median_nGene;mean_feature_weight;chip_median_range_ge_1_patient_sd"	-0.868421052631579	0.314035087719298	0.314035087719298	-0.307017543859649	-0.668421052631579	-0.668421052631579	2.21185567346707	TRUE	TRUE	FALSE	FALSE	"immune"	"heterogeneity"	NA	"Spatial metric may partly reflect overall feature abundance."
"E05813"	"TECHNICALLY_SENSITIVE"	"21-state"	"pair_coenrichment"	"pair_coenrichment"	"secondary_or_scale_sensitivity"	"Mast/Basophil ↔ Other inflammatory monocyte/macrophage"	"Inflammatory monocyte/macrophage ↔ Mast/Basophil"	NA	"Mast/Basophil"	"Other inflammatory monocyte/macrophage"	"largest_coenriched_component_fraction"	100	"IPF_vs_HC"	0.0064779461096791	1.19222652964844	-0.0001202405634735	0.0130761327828318	0.0537628093467231	0.0456954304569543	FALSE	TRUE	0.940259057528346	NA	FALSE	FALSE	0.0116614708361188	0.0047819937308577	0.0018300672192145	"3/3_same_direction"	3	TRUE	FALSE	"3/3 chips match pooled direction"	FALSE	1	FALSE	TRUE	TRUE	0.0033164925099106	FALSE	"IPF/FO23-1-06474"	"FINE_STATE_ONLY_NO_PARENT_TEST"	"TECHNICAL_SENSITIVE"	"valid_bins;tissue_area_um2"	0.203508771929825	-0.670175438596491	-0.670175438596491	-0.0350877192982456	-0.0473684210526316	-0.0473684210526316	0.551053982216168	TRUE	TRUE	FALSE	FALSE	"immune"	"patch morphology of co-enrichment"	NA	"Fine-state-only evidence without a directly matched 18-state test."
"E07124"	"TECHNICALLY_SENSITIVE"	"21-state"	"pair_coenrichment"	"pair_coenrichment"	"secondary_or_scale_sensitivity"	"AT1 ↔ AT2/alveolar transitional"	"AT1 ↔ AT2/alveolar transitional"	NA	"AT1"	"AT2/alveolar transitional"	"fisher_z"	100	"IPF_vs_HC"	0.160851425105991	0.956899010539659	-0.0055404885289804	0.327243338740963	0.057071752793242	0.0458954104589541	FALSE	TRUE	0.940259057528346	NA	FALSE	FALSE	0.0731440206993182	0.28546805097893	0.0817095685984393	"3/3_same_direction"	3	TRUE	FALSE	"3/3 chips match pooled direction"	FALSE	1	FALSE	TRUE	TRUE	0.0894380609930654	FALSE	"HC/NL-55"	"DIRECTION_CONCORDANT"	"TECHNICAL_SENSITIVE"	"chip_median_range_ge_1_patient_sd"	0.345614035087719	-0.128070175438597	-0.128070175438597	-0.271929824561404	-0.475438596491228	-0.475438596491228	1.79683445715544	FALSE	TRUE	FALSE	FALSE	"epithelial"	"co-enrichment (not interaction)"	NA	NA
"E03338"	"TECHNICALLY_SENSITIVE"	"21-state"	"pair_coenrichment"	"pair_coenrichment"	"secondary_or_scale_sensitivity"	"Other inflammatory monocyte/macrophage ↔ Secretory/other airway epithelial"	"Inflammatory monocyte/macrophage ↔ Secretory/other airway epithelial"	NA	"Other inflammatory monocyte/macrophage"	"Secretory/other airway epithelial"	"observed_expected_ratio"	50	"IPF_vs_HC"	0.113061529837446	1.11775253285471	-0.0006782513243324	0.226801310999225	0.05120352566437	0.0466953304669533	FALSE	TRUE	0.837841930092705	NA	FALSE	FALSE	0.112231536158693	0.0442094831249866	0.222268629895231	"3/3_same_direction"	3	TRUE	FALSE	"3/3 chips match pooled direction"	FALSE	1	FALSE	TRUE	TRUE	0.076095367566399	FALSE	"IPF/FO22-1-09404"	"FINE_STATE_ONLY_NO_PARENT_TEST"	"TECHNICAL_SENSITIVE"	"valid_bins;tissue_area_um2"	0.0280701754385965	-0.568421052631579	-0.568421052631579	0.164912280701754	0.185964912280702	0.185964912280702	0.819748170167123	TRUE	TRUE	FALSE	FALSE	"mixed"	"co-enrichment (not interaction)"	NA	"Fine-state-only evidence without a directly matched 18-state test."
"E04058"	"TECHNICALLY_SENSITIVE"	"21-state"	"pair_coenrichment"	"pair_coenrichment"	"secondary_or_scale_sensitivity"	"NK ↔ Peribronchial fibroblast"	"Myofibroblast ↔ NK"	NA	"NK"	"Peribronchial fibroblast"	"observed_expected_ratio"	50	"IPF_vs_HC"	0.264546988221725	1.19825509177168	0.0041655148281944	0.524928461615256	0.0468999361518137	0.0540945905409459	TRUE	FALSE	0.837841930092705	NA	FALSE	FALSE	0.355542619647792	0.23349028718322	0.182504002830537	"3/3_same_direction"	3	TRUE	FALSE	"3/3 chips match pooled direction"	FALSE	1	FALSE	TRUE	TRUE	0.281061143275272	FALSE	"IPF/FO23-1-03100"	"FINE_STATE_ONLY_NO_PARENT_TEST"	"TECHNICAL_SENSITIVE"	"valid_bins;tissue_area_um2"	0.212280701754386	-0.550877192982456	-0.550877192982456	0.340350877192982	0.228070175438597	0.228070175438597	0.569044721079091	TRUE	TRUE	FALSE	FALSE	"mixed"	"co-enrichment (not interaction)"	NA	"Fine-state-only evidence without a directly matched 18-state test."
"E03194"	"TECHNICALLY_SENSITIVE"	"21-state"	"pair_coenrichment"	"pair_coenrichment"	"secondary_or_scale_sensitivity"	"Alveolar/resident macrophage ↔ Basal epithelial"	"Alveolar/resident macrophage ↔ Basal-like epithelial"	NA	"Alveolar/resident macrophage"	"Basal epithelial"	"observed_expected_ratio"	50	"IPF_vs_HC"	-0.197583106403596	-1.14857468286837	-0.39217519468466	-0.0029910181225321	0.0470179927567046	0.0652934706529347	TRUE	FALSE	0.837841930092705	NA	FALSE	FALSE	-0.0783487043952554	-0.34605127284118	-0.0923796954922061	"3/3_same_direction"	3	TRUE	FALSE	"3/3 chips match pooled direction"	FALSE	1	FALSE	TRUE	TRUE	-0.194802272882868	FALSE	"IPF/FO23-1-09473"	"FINE_STATE_ONLY_NO_PARENT_TEST"	"TECHNICAL_SENSITIVE"	"mean_feature_weight"	0.543859649122807	0.0754385964912281	0.0754385964912281	-0.366666666666667	-0.452631578947368	-0.452631578947368	0.465688022277473	TRUE	TRUE	FALSE	FALSE	"mixed"	"co-enrichment (not interaction)"	NA	"Fine-state-only evidence without a directly matched 18-state test. Spatial metric may partly reflect overall feature abundance."
"E00236"	"TECHNICALLY_SENSITIVE"	"18-state"	"spatial_architecture"	"spatial_architecture"	"primary"	"T"	"T"	"T"	NA	NA	"morans_i"	50	"IPF_vs_HC"	0.0483705362451435	0.956704459573291	-0.0008216907341855	0.0975627632244727	0.0534392824102922	0.0475952404759524	FALSE	TRUE	0.823186252803291	NA	FALSE	FALSE	0.0365061910497211	0.0675719185718584	0.0314142385175602	"3/3_same_direction"	3	TRUE	FALSE	"3/3 chips match pooled direction"	FALSE	1	FALSE	TRUE	TRUE	0.0345149938922662	FALSE	"IPF/FO23-1-06474"	"REFERENCE_18STATE"	"TECHNICAL_SENSITIVE"	"median_nUMI;median_nGene;mean_feature_weight;chip_median_range_ge_1_patient_sd"	-0.68421052631579	-0.247368421052632	-0.247368421052632	0.331578947368421	0.694736842105263	0.694736842105263	1.09241249470617	TRUE	TRUE	FALSE	FALSE	"immune"	"clustering"	NA	"Spatial metric may partly reflect overall feature abundance."
"E06437"	"TECHNICALLY_SENSITIVE"	"21-state"	"pair_coenrichment"	"pair_coenrichment"	"secondary_or_scale_sensitivity"	"B ↔ NK"	"B ↔ NK"	NA	"B"	"NK"	"largest_coenriched_component_fraction"	100	"IPF_vs_HC"	0.0153844488341151	1.19609970373206	-0.0002870616188098	0.0310559592870401	0.0537829124761622	0.0478952104789521	FALSE	TRUE	0.5999400059994	NA	FALSE	FALSE	0.0104067919223627	0.0191110073844754	0.0196410587976601	"3/3_same_direction"	3	TRUE	FALSE	"3/3 chips match pooled direction"	FALSE	1	FALSE	TRUE	TRUE	0.0151911080668772	FALSE	"IPF/FO23-1-09473"	"DIRECTION_CONCORDANT"	"TECHNICAL_SENSITIVE"	"valid_bins;tissue_area_um2;chip_median_range_ge_1_patient_sd"	0.17719298245614	-0.552631578947369	-0.552631578947369	0.266666666666667	0.385964912280702	0.385964912280702	1.15697055728752	TRUE	TRUE	FALSE	FALSE	"immune"	"patch morphology of co-enrichment"	NA	NA
"E00962"	"TECHNICALLY_SENSITIVE"	"18-state"	"spatial_architecture"	"spatial_architecture"	"scale_sensitivity"	"Plasma"	"Plasma"	"Plasma"	NA	NA	"iqr"	100	"IPF_vs_HC"	0.155497356942465	0.579662057290063	-0.0080456045906337	0.319040318475563	0.0607640829324773	0.0481951804819518	FALSE	TRUE	0.835015090040292	NA	FALSE	FALSE	0.275449927097795	0.174547357492935	-0.0497830638937109	"2/3_same_direction"	2	FALSE	FALSE	"cross-chip direction criterion not met"	FALSE	1	FALSE	TRUE	TRUE	0.0585614659120898	FALSE	"IPF/FO22-1-09404"	"REFERENCE_18STATE"	"TECHNICAL_SENSITIVE"	"median_nUMI;median_nGene;mean_feature_weight;chip_median_range_ge_1_patient_sd"	-0.882456140350877	0.319298245614035	0.319298245614035	-0.314035087719298	-0.675438596491228	-0.675438596491228	2.28164755422996	TRUE	TRUE	FALSE	FALSE	"immune"	"heterogeneity"	NA	"Spatial metric may partly reflect overall feature abundance."
"E05873"	"TECHNICALLY_SENSITIVE"	"21-state"	"pair_coenrichment"	"pair_coenrichment"	"secondary_or_scale_sensitivity"	"AT1 ↔ Other inflammatory monocyte/macrophage"	"AT1 ↔ Inflammatory monocyte/macrophage"	NA	"AT1"	"Other inflammatory monocyte/macrophage"	"largest_coenriched_component_fraction"	100	"IPF_vs_HC"	0.0095274793225213	1.17554496337979	-0.000502306037248	0.0195572646822907	0.0609761280918982	0.0481951804819518	FALSE	TRUE	0.940259057528346	NA	FALSE	FALSE	0.015949765287905	0.006341837954158	0.0048936459821643	"3/3_same_direction"	3	TRUE	FALSE	"3/3 chips match pooled direction"	FALSE	1	FALSE	TRUE	TRUE	0.009085635338799	FALSE	"IPF/FO23-1-06474"	"FINE_STATE_ONLY_NO_PARENT_TEST"	"TECHNICAL_SENSITIVE"	"valid_bins;tissue_area_um2"	-0.128070175438597	-0.542105263157895	-0.542105263157895	0.217543859649123	0.1	0.1	0.560607980722828	TRUE	TRUE	FALSE	FALSE	"mixed"	"patch morphology of co-enrichment"	NA	"Fine-state-only evidence without a directly matched 18-state test."
"E00137"	"TECHNICALLY_SENSITIVE"	"18-state"	"global_composition"	"global_composition"	"primary"	"Plasma"	"Plasma"	"Plasma"	NA	NA	"mean_raw_weight"	NA	"IPF_vs_HC"	-0.0022011977856544	-0.569536265184901	-0.004576518314908	0.0001741227435991	0.0667835669233801	0.0482951704829517	FALSE	TRUE	0.821365863413659	NA	FALSE	FALSE	-0.0055604255843128	-0.0001498666268664	-0.0002249180118119	"3/3_same_direction"	3	TRUE	FALSE	"3/3 chips match pooled direction"	FALSE	1	FALSE	TRUE	TRUE	-0.0016507076698509	FALSE	"IPF/FO22-1-09404"	"REFERENCE_18STATE"	"TECHNICAL_SENSITIVE"	"median_nUMI;median_nGene;chip_median_range_ge_1_patient_sd"	1	-0.350877192982456	-0.350877192982456	0.401754385964912	0.7	0.7	1.81323604364935	TRUE	TRUE	FALSE	FALSE	"immune"	"abundance"	NA	NA
"E07796"	"TECHNICALLY_SENSITIVE"	"21-state"	"pair_coenrichment"	"pair_coenrichment"	"secondary_or_scale_sensitivity"	"Lymphatic endothelial ↔ Plasma"	"Lymphatic endothelial ↔ Plasma"	NA	"Lymphatic endothelial"	"Plasma"	"fisher_z"	100	"IPF_vs_HC"	-0.197497804261248	-0.748894810627939	-0.414842314995568	0.0198467064730717	0.0716301436689348	0.0483951604839516	FALSE	TRUE	0.940259057528346	NA	FALSE	FALSE	-0.493421759290324	-0.0253120908878281	-0.0027846552425816	"3/3_same_direction"	3	TRUE	FALSE	"3/3 chips match pooled direction"	FALSE	1	FALSE	TRUE	TRUE	-0.174788466173741	FALSE	"IPF/FO22-1-09404"	"DIRECTION_CONCORDANT"	"TECHNICAL_SENSITIVE"	"median_nUMI;median_nGene;chip_median_range_ge_1_patient_sd"	0.484210526315789	-0.224561403508772	-0.224561403508772	0.263157894736842	0.517543859649123	0.517543859649123	1.90002724803942	TRUE	TRUE	FALSE	FALSE	"mixed"	"co-enrichment (not interaction)"	NA	NA
"E00620"	"TECHNICALLY_SENSITIVE"	"18-state"	"spatial_architecture"	"spatial_architecture"	"scale_sensitivity"	"Inflammatory monocyte/macrophage"	"Inflammatory monocyte/macrophage"	"Inflammatory monocyte/macrophage"	NA	NA	"morans_i"	100	"IPF_vs_HC"	0.0988474260587112	0.816010686667295	0.0004461212903902	0.197248730827032	0.0491026297399017	0.116788321167883	TRUE	FALSE	0.835015090040292	NA	FALSE	FALSE	0.111680485708234	0.154078186194788	0.0194390687706408	"3/3_same_direction"	3	TRUE	FALSE	"3/3 chips match pooled direction"	FALSE	1	FALSE	TRUE	TRUE	0.0882574006227048	FALSE	"IPF/FO23-1-09473"	"REFERENCE_18STATE"	"TECHNICAL_SENSITIVE"	"valid_coverage_fraction;median_nUMI;median_nGene;mean_feature_weight;chip_median_range_ge_1_patient_sd"	-0.578947368421053	-0.214035087719298	-0.214035087719298	0.564912280701754	0.698245614035088	0.698245614035088	1.98417079537605	TRUE	TRUE	FALSE	FALSE	"immune"	"clustering"	NA	"Spatial metric may partly reflect overall feature abundance."
"E06061"	"TECHNICALLY_SENSITIVE"	"21-state"	"pair_coenrichment"	"pair_coenrichment"	"secondary_or_scale_sensitivity"	"AT2/alveolar transitional ↔ Dendritic cell"	"AT2/alveolar transitional ↔ Dendritic cell"	NA	"AT2/alveolar transitional"	"Dendritic cell"	"observed_expected_ratio"	100	"SSc-ILD_vs_HC"	-0.237611799104434	-0.863287211311102	-0.37184489789724	-0.103378700311629	0.0019640299924079	0.0070992900709929	TRUE	TRUE	0.887911208879112	0.785972991485898	FALSE	FALSE	-0.173187889802571	-0.271262596644097	-0.285748029060291	"3/3_same_direction"	3	TRUE	FALSE	"3/3 chips match pooled direction"	FALSE	1	FALSE	TRUE	TRUE	-0.159788049053532	FALSE	"SSC/15491/14"	"FINE_STATE_ONLY_NO_PARENT_TEST"	"TECHNICAL_SENSITIVE"	"median_nUMI;median_nGene;mean_feature_weight;chip_median_range_ge_1_patient_sd"	0.670175438596491	0.210526315789474	0.210526315789474	-0.380701754385965	-0.543859649122807	-0.543859649122807	1.80782222480304	TRUE	TRUE	FALSE	FALSE	"mixed"	"co-enrichment (not interaction)"	NA	"Fine-state-only evidence without a directly matched 18-state test. Spatial metric may partly reflect overall feature abundance."
"E02728"	"TECHNICALLY_SENSITIVE"	"21-state"	"spatial_architecture"	"spatial_architecture"	"scale_sensitivity"	"Ciliated epithelial"	"Ciliated epithelial"	"Ciliated epithelial"	NA	NA	"largest_component_fraction"	100	"SSc-ILD_vs_HC"	-0.0526441236283837	-1.53973300929273	-0.0870307665192854	-0.0182574807374819	0.0054373234707004	0.0027997200279972	TRUE	TRUE	0.617338266173383	0.785972991485898	FALSE	FALSE	-0.0514413446587118	-0.0608569631153271	-0.043875963348293	"3/3_same_direction"	3	TRUE	FALSE	"3/3 chips match pooled direction"	FALSE	1	FALSE	TRUE	TRUE	-0.0433289973594433	FALSE	"HC/NL-55"	"DIRECTION_CONCORDANT"	"TECHNICAL_SENSITIVE"	"median_nUMI;median_nGene;chip_median_range_ge_1_patient_sd"	-0.18421052631579	-0.0508771929824561	-0.0508771929824561	0.489473684210526	0.508771929824562	0.508771929824562	1.13207562103348	TRUE	TRUE	FALSE	FALSE	"epithelial"	"patch morphology"	NA	NA
"E00781"	"TECHNICALLY_SENSITIVE"	"18-state"	"spatial_architecture"	"spatial_architecture"	"scale_sensitivity"	"Ciliated epithelial"	"Ciliated epithelial"	"Ciliated epithelial"	NA	NA	"largest_component_fraction"	100	"SSc-ILD_vs_HC"	-0.0549334808417939	-1.45286674684056	-0.0921249780541264	-0.0177419836294614	0.0068431212341052	0.0051994800519948	TRUE	TRUE	0.748725127487251	0.785972991485898	FALSE	FALSE	-0.0522522177762292	-0.0620758605734988	-0.050566771996567	"3/3_same_direction"	3	TRUE	FALSE	"3/3 chips match pooled direction"	FALSE	1	FALSE	TRUE	TRUE	-0.0467679995951357	FALSE	"HC/NL-55"	"REFERENCE_18STATE"	"TECHNICAL_SENSITIVE"	"valid_coverage_fraction;median_nUMI;median_nGene;chip_median_range_ge_1_patient_sd"	-0.205263157894737	-0.107017543859649	-0.107017543859649	0.517543859649123	0.594736842105263	0.594736842105263	1.28497427652411	TRUE	TRUE	FALSE	FALSE	"epithelial"	"patch morphology"	NA	NA
"E06526"	"TECHNICALLY_SENSITIVE"	"21-state"	"pair_coenrichment"	"pair_coenrichment"	"secondary_or_scale_sensitivity"	"Lymphatic endothelial ↔ NK"	"Lymphatic endothelial ↔ NK"	NA	"Lymphatic endothelial"	"NK"	"joint_top_quartile_proportion"	100	"SSc-ILD_vs_HC"	0.0293776158552697	1.48872312423307	0.0087317282710788	0.0500235034394606	0.0086176318291854	0.0061993800619938	TRUE	TRUE	0.887911208879112	0.785972991485898	FALSE	FALSE	0.0342179181750186	0.0321173851910605	0.0162316196119568	"3/3_same_direction"	3	TRUE	FALSE	"3/3 chips match pooled direction"	FALSE	1	FALSE	TRUE	TRUE	0.0100992042392552	FALSE	"SSC/3342/13"	"FINE_STATE_ONLY_NO_PARENT_TEST"	"TECHNICAL_SENSITIVE"	"valid_coverage_fraction;median_nUMI;median_nGene;chip_median_range_ge_1_patient_sd"	0.0614035087719298	-0.0894736842105263	-0.0894736842105263	-0.671929824561404	-0.633333333333333	-0.633333333333333	1.10165415446432	TRUE	TRUE	FALSE	FALSE	"mixed"	"co-enrichment (not interaction)"	NA	"Fine-state-only evidence without a directly matched 18-state test."
"E01354"	"TECHNICALLY_SENSITIVE"	"18-state"	"pair_coenrichment"	"exploratory_pair"	"primary"	"AT2/alveolar transitional ↔ Dendritic cell"	"AT2/alveolar transitional ↔ Dendritic cell"	NA	"AT2/alveolar transitional"	"Dendritic cell"	"fisher_z"	50	"SSc-ILD_vs_HC"	-0.070222113786968	-0.916165533112443	-0.121147120697592	-0.0192971068763437	0.0103901761407959	0.0077992200779922	TRUE	TRUE	0.652614738526147	0.785972991485898	FALSE	FALSE	-0.0824191853914165	-0.0367792870743396	-0.106390032865106	"3/3_same_direction"	3	TRUE	FALSE	"3/3 chips match pooled direction"	FALSE	1	FALSE	TRUE	TRUE	-0.0338623625998588	FALSE	"SSC/3342/13"	"REFERENCE_18STATE"	"TECHNICAL_SENSITIVE"	"mean_feature_weight;chip_median_range_ge_1_patient_sd"	0.587719298245614	0.26140350877193	0.26140350877193	-0.2	-0.378947368421053	-0.378947368421053	1.6454805539643	TRUE	TRUE	FALSE	FALSE	"mixed"	"co-enrichment (not interaction)"	NA	"Spatial metric may partly reflect overall feature abundance."
"E07393"	"TECHNICALLY_SENSITIVE"	"21-state"	"pair_coenrichment"	"pair_coenrichment"	"secondary_or_scale_sensitivity"	"AT1 ↔ Blood endothelial"	"AT1 ↔ Blood endothelial"	NA	"AT1"	"Blood endothelial"	"observed_expected_ratio"	100	"SSc-ILD_vs_HC"	0.386043273610948	1.33653411036367	0.109284382724168	0.662802164497729	0.0097098669772645	0.0093990600939906	TRUE	TRUE	0.901804556386467	0.785972991485898	FALSE	FALSE	0.271067251130242	0.499053255412765	0.415899335649003	"3/3_same_direction"	3	TRUE	FALSE	"3/3 chips match pooled direction"	FALSE	1	FALSE	TRUE	TRUE	0.352232945087503	FALSE	"HC/NL-50"	"FINE_STATE_ONLY_NO_PARENT_TEST"	"TECHNICAL_SENSITIVE"	"chip_median_range_ge_1_patient_sd"	-0.00526315789473684	-0.154385964912281	-0.154385964912281	-0.485964912280702	-0.482456140350877	-0.482456140350877	1.26404875211781	FALSE	TRUE	FALSE	FALSE	"mixed"	"co-enrichment (not interaction)"	NA	"Fine-state-only evidence without a directly matched 18-state test."
"E07639"	"TECHNICALLY_SENSITIVE"	"21-state"	"pair_coenrichment"	"pair_coenrichment"	"secondary_or_scale_sensitivity"	"Perivascular/mesothelial stromal ↔ Plasma"	"Perivascular/mesothelial stromal ↔ Plasma"	NA	"Perivascular/mesothelial stromal"	"Plasma"	"fisher_z"	100	"SSc-ILD_vs_HC"	-0.192678514860364	-0.896763585317937	-0.342005825973536	-0.043351203747193	0.0151180986490778	0.0102989701029897	TRUE	TRUE	0.901804556386467	0.785972991485898	FALSE	FALSE	-0.375133348367932	-0.0667518466476973	-0.0932792593475392	"3/3_same_direction"	3	TRUE	FALSE	"3/3 chips match pooled direction"	FALSE	1	FALSE	TRUE	TRUE	-0.19282405321444	FALSE	"HC/NL-50"	"DIRECTION_CONCORDANT"	"TECHNICAL_SENSITIVE"	"median_nUMI;median_nGene;mean_feature_weight;chip_median_range_ge_1_patient_sd"	0.719298245614035	-0.1	-0.1	0.321052631578947	0.670175438596491	0.670175438596491	1.90427125804802	TRUE	TRUE	FALSE	FALSE	"mixed"	"co-enrichment (not interaction)"	NA	"Spatial metric may partly reflect overall feature abundance."
"E02089"	"TECHNICALLY_SENSITIVE"	"18-state"	"pair_coenrichment"	"exploratory_pair"	"secondary_or_scale_sensitivity"	"Perivascular/mesothelial stromal ↔ Plasma"	"Perivascular/mesothelial stromal ↔ Plasma"	NA	"Perivascular/mesothelial stromal"	"Plasma"	"fisher_z"	100	"SSc-ILD_vs_HC"	-0.192331575628399	-0.934185702898737	-0.336033536186457	-0.0486296150703411	0.0123381869968843	0.0103989601039896	TRUE	TRUE	0.507099290070993	0.785972991485898	FALSE	FALSE	-0.340434739686374	-0.0799375431023184	-0.129092842640234	"3/3_same_direction"	3	TRUE	FALSE	"3/3 chips match pooled direction"	FALSE	1	FALSE	TRUE	TRUE	-0.194433703695595	FALSE	"HC/NL-50"	"REFERENCE_18STATE"	"TECHNICAL_SENSITIVE"	"median_nUMI;median_nGene;mean_feature_weight;chip_median_range_ge_1_patient_sd"	0.631578947368421	-0.119298245614035	-0.119298245614035	0.345614035087719	0.703508771929825	0.703508771929825	1.62033970860085	TRUE	TRUE	FALSE	FALSE	"mixed"	"co-enrichment (not interaction)"	NA	"Spatial metric may partly reflect overall feature abundance."
"E01795"	"TECHNICALLY_SENSITIVE"	"18-state"	"pair_coenrichment"	"exploratory_pair"	"secondary_or_scale_sensitivity"	"AT2/alveolar transitional ↔ Dendritic cell"	"AT2/alveolar transitional ↔ Dendritic cell"	NA	"AT2/alveolar transitional"	"Dendritic cell"	"fisher_z"	100	"SSc-ILD_vs_HC"	-0.138655021751684	-1.020322781914	-0.248334892873695	-0.0289751506296734	0.0168757209049694	0.0114988501149885	TRUE	TRUE	0.507099290070993	0.785972991485898	FALSE	FALSE	-0.0949695544267291	-0.118460061426294	-0.255315388833254	"3/3_same_direction"	3	TRUE	FALSE	"3/3 chips match pooled direction"	FALSE	1	FALSE	TRUE	TRUE	-0.0644336050883688	FALSE	"HC/NL-72"	"REFERENCE_18STATE"	"TECHNICAL_SENSITIVE"	"mean_feature_weight;chip_median_range_ge_1_patient_sd"	0.589473684210526	0.157894736842105	0.157894736842105	-0.166666666666667	-0.357894736842105	-0.357894736842105	1.30875586722421	TRUE	TRUE	FALSE	FALSE	"mixed"	"co-enrichment (not interaction)"	NA	"Spatial metric may partly reflect overall feature abundance."
"E01537"	"TECHNICALLY_SENSITIVE"	"18-state"	"pair_coenrichment"	"exploratory_pair"	"primary"	"Ciliated epithelial ↔ Perivascular/mesothelial stromal"	"Ciliated epithelial ↔ Perivascular/mesothelial stromal"	NA	"Ciliated epithelial"	"Perivascular/mesothelial stromal"	"fisher_z"	50	"SSc-ILD_vs_HC"	0.0972302144512968	0.938835457637175	0.0253422580602299	0.169118170842364	0.0116219086168468	0.0132986701329867	TRUE	TRUE	0.652614738526147	0.785972991485898	FALSE	FALSE	0.0413891052816716	0.112743562276592	0.172551990935651	"3/3_same_direction"	3	TRUE	FALSE	"3/3 chips match pooled direction"	FALSE	1	FALSE	TRUE	TRUE	0.0968515869951908	FALSE	"HC/NL-55"	"REFERENCE_18STATE"	"TECHNICAL_SENSITIVE"	"chip_median_range_ge_1_patient_sd"	0.494736842105263	-0.492982456140351	-0.492982456140351	0.236842105263158	0.46140350877193	0.46140350877193	1.57440667687306	FALSE	TRUE	FALSE	FALSE	"mixed"	"co-enrichment (not interaction)"	NA	NA
"E06550"	"TECHNICALLY_SENSITIVE"	"21-state"	"pair_coenrichment"	"pair_coenrichment"	"secondary_or_scale_sensitivity"	"Basal epithelial ↔ NK"	"Basal-like epithelial ↔ NK"	NA	"Basal epithelial"	"NK"	"joint_top_quartile_proportion"	100	"SSc-ILD_vs_HC"	0.032395403252395	1.33925979855489	0.0081733401598117	0.0566174663449784	0.0123890835814282	0.011998800119988	TRUE	TRUE	0.901804556386467	0.785972991485898	FALSE	FALSE	0.0511614426825068	0.0238845860507778	0.0135798080362506	"3/3_same_direction"	3	TRUE	FALSE	"3/3 chips match pooled direction"	FALSE	1	FALSE	TRUE	TRUE	0.0049514759436132	FALSE	"HC/NL-72"	"FINE_STATE_ONLY_NO_PARENT_TEST"	"TECHNICAL_SENSITIVE"	"chip_median_range_ge_1_patient_sd"	0.489473684210526	-0.12280701754386	-0.12280701754386	-0.273684210526316	-0.382456140350877	-0.382456140350877	1.5826165782624	FALSE	TRUE	FALSE	FALSE	"mixed"	"co-enrichment (not interaction)"	NA	"Fine-state-only evidence without a directly matched 18-state test."
"E04786"	"TECHNICALLY_SENSITIVE"	"21-state"	"pair_coenrichment"	"pair_coenrichment"	"secondary_or_scale_sensitivity"	"Lymphatic endothelial ↔ Secretory/other airway epithelial"	"Lymphatic endothelial ↔ Secretory/other airway epithelial"	NA	"Lymphatic endothelial"	"Secretory/other airway epithelial"	"joint_top_quartile_proportion"	50	"SSc-ILD_vs_HC"	0.0319963683236711	1.36063847731667	0.0051817104333001	0.0588110262140422	0.0227062901702198	0.0161983801619838	TRUE	TRUE	0.837841930092705	0.785972991485898	FALSE	FALSE	0.0478848520670897	0.0204938484808288	0.0251099900410787	"3/3_same_direction"	3	TRUE	FALSE	"3/3 chips match pooled direction"	FALSE	1	FALSE	TRUE	TRUE	0.0226646941740725	FALSE	"SSC/3342/13"	"FINE_STATE_ONLY_NO_PARENT_TEST"	"TECHNICAL_SENSITIVE"	"valid_coverage_fraction;median_nUMI;median_nGene"	-0.298245614035088	-0.264912280701754	-0.264912280701754	-0.58421052631579	-0.575438596491228	-0.575438596491228	0.635240542915832	TRUE	TRUE	FALSE	FALSE	"mixed"	"co-enrichment (not interaction)"	NA	"Fine-state-only evidence without a directly matched 18-state test."
"E00079"	"TECHNICALLY_SENSITIVE"	"18-state"	"global_composition"	"global_composition"	"secondary"	"AT2/alveolar transitional"	"AT2/alveolar transitional"	"AT2/alveolar transitional"	NA	NA	"clr_mean"	NA	"SSc-ILD_vs_HC"	0.455037736914716	0.34759763414523	0.0886939874407266	0.821381486388705	0.0185138920123074	0.0165983401659834	TRUE	TRUE	0.448155184481552	0.785972991485898	FALSE	FALSE	0.205308085558968	0.731700022737395	0.464197069784188	"3/3_same_direction"	3	TRUE	FALSE	"3/3 chips match pooled direction"	FALSE	1	FALSE	TRUE	TRUE	0.386270739384856	FALSE	"SSC/23-105334B1"	"REFERENCE_18STATE"	"TECHNICAL_SENSITIVE"	"valid_coverage_fraction;median_nUMI;median_nGene;mean_feature_weight;chip_median_range_ge_1_patient_sd"	0.97719298245614	0.164912280701754	0.164912280701754	-0.633333333333333	-0.891228070175439	-0.891228070175439	2.10540318782002	TRUE	TRUE	FALSE	FALSE	"epithelial"	"abundance"	NA	"Spatial metric may partly reflect overall feature abundance."
"E06967"	"TECHNICALLY_SENSITIVE"	"21-state"	"pair_coenrichment"	"pair_coenrichment"	"secondary_or_scale_sensitivity"	"Ciliated epithelial ↔ Secretory/other airway epithelial"	"Ciliated epithelial ↔ Secretory/other airway epithelial"	NA	"Ciliated epithelial"	"Secretory/other airway epithelial"	"fisher_z"	100	"SSc-ILD_vs_HC"	-0.186605228740977	-1.28997396129549	-0.339719310479309	-0.0334911470026454	0.0204162774189572	0.0172982701729827	TRUE	TRUE	0.940259057528346	0.785972991485898	FALSE	FALSE	-0.030347552488962	-0.196571214586802	-0.462772421793307	"3/3_same_direction"	3	TRUE	FALSE	"3/3 chips match pooled direction"	FALSE	1	FALSE	TRUE	TRUE	-0.150562117890279	FALSE	"HC/NL-72"	"DIRECTION_CONCORDANT"	"TECHNICAL_SENSITIVE"	"valid_coverage_fraction;median_nUMI;median_nGene"	-0.314035087719298	0.0175438596491228	0.0175438596491228	0.554385964912281	0.694736842105263	0.694736842105263	0.615130532624108	TRUE	TRUE	FALSE	FALSE	"epithelial"	"co-enrichment (not interaction)"	NA	NA
"E03289"	"TECHNICALLY_SENSITIVE"	"21-state"	"pair_coenrichment"	"pair_coenrichment"	"secondary_or_scale_sensitivity"	"Mast/Basophil ↔ Other inflammatory monocyte/macrophage"	"Inflammatory monocyte/macrophage ↔ Mast/Basophil"	NA	"Mast/Basophil"	"Other inflammatory monocyte/macrophage"	"observed_expected_ratio"	50	"SSc-ILD_vs_HC"	-0.218995176574917	-1.31227609139065	-0.399334634502909	-0.0386557186469253	0.02079352962556	0.0182981701829817	TRUE	TRUE	0.837841930092705	0.785972991485898	FALSE	FALSE	-0.385906098246745	-0.197336192836633	0.0234688599398109	"2/3_same_direction"	2	FALSE	FALSE	"cross-chip direction criterion not met"	FALSE	1	FALSE	TRUE	TRUE	-0.179938538901141	FALSE	"HC/NL-53"	"FINE_STATE_ONLY_NO_PARENT_TEST"	"TECHNICAL_SENSITIVE"	"valid_coverage_fraction;median_nUMI;median_nGene"	-0.482456140350877	0.166666666666667	0.166666666666667	0.536842105263158	0.601754385964912	0.601754385964912	0.715111629804652	TRUE	TRUE	FALSE	FALSE	"immune"	"co-enrichment (not interaction)"	NA	"Fine-state-only evidence without a directly matched 18-state test."
"E02074"	"TECHNICALLY_SENSITIVE"	"18-state"	"pair_coenrichment"	"exploratory_pair"	"secondary_or_scale_sensitivity"	"Blood endothelial ↔ Plasma"	"Blood endothelial ↔ Plasma"	NA	"Blood endothelial"	"Plasma"	"fisher_z"	100	"SSc-ILD_vs_HC"	-0.12455911308422	-0.553872493940785	-0.227339951161586	-0.0217782750068552	0.0210081212320178	0.0696930306969303	TRUE	FALSE	0.944253850477021	0.785972991485898	FALSE	FALSE	-0.23474912731702	-0.0714527490086668	-0.0235217573736902	"3/3_same_direction"	3	TRUE	FALSE	"3/3 chips match pooled direction"	FALSE	1	FALSE	TRUE	TRUE	-0.0935348619720628	FALSE	"SSC/3342/13"	"REFERENCE_18STATE"	"TECHNICAL_SENSITIVE"	"median_nUMI;median_nGene;mean_feature_weight;chip_median_range_ge_1_patient_sd"	0.57719298245614	-0.0684210526315789	-0.0684210526315789	0.450877192982456	0.728070175438597	0.728070175438597	1.73326081771875	TRUE	TRUE	FALSE	FALSE	"mixed"	"co-enrichment (not interaction)"	NA	"Spatial metric may partly reflect overall feature abundance."
"E00772"	"TECHNICALLY_SENSITIVE"	"18-state"	"spatial_architecture"	"spatial_architecture"	"scale_sensitivity"	"Ciliated epithelial"	"Ciliated epithelial"	"Ciliated epithelial"	NA	NA	"upper_tail_q90"	100	"SSc-ILD_vs_HC"	-0.124771879276292	-1.11626883946785	-0.239630372763352	-0.009913385789232	0.035288312410257	0.0223977602239776	TRUE	TRUE	0.835015090040292	0.785972991485898	FALSE	FALSE	-0.0246370460203486	-0.223091250787918	-0.132930028352529	"3/3_same_direction"	3	TRUE	FALSE	"3/3 chips match pooled direction"	FALSE	1	FALSE	TRUE	TRUE	-0.247422824690951	FALSE	"HC/NL-55"	"REFERENCE_18STATE"	"TECHNICAL_SENSITIVE"	"median_nUMI;median_nGene"	0.335087719298246	0.319298245614035	0.319298245614035	-0.449122807017544	-0.517543859649123	-0.517543859649123	0.73006626343545	TRUE	TRUE	FALSE	FALSE	"epithelial"	"upper-tail local enrichment"	NA	NA
"E04483"	"TECHNICALLY_SENSITIVE"	"21-state"	"pair_coenrichment"	"pair_coenrichment"	"primary"	"Ciliated epithelial ↔ Perivascular/mesothelial stromal"	"Ciliated epithelial ↔ Perivascular/mesothelial stromal"	NA	"Ciliated epithelial"	"Perivascular/mesothelial stromal"	"fisher_z"	50	"SSc-ILD_vs_HC"	0.0828571802588608	0.782646585742692	0.0134119429431195	0.152302417574602	0.0227168721880134	0.0253974602539746	TRUE	TRUE	0.975142485751425	0.785972991485898	FALSE	FALSE	0.0065257058031088	0.108742651196187	0.174705219656228	"3/3_same_direction"	3	TRUE	FALSE	"3/3 chips match pooled direction"	FALSE	1	FALSE	TRUE	TRUE	0.0945863705088028	FALSE	"HC/NL-50"	"DIRECTION_CONCORDANT"	"TECHNICAL_SENSITIVE"	"median_nUMI;median_nGene;chip_median_range_ge_1_patient_sd"	0.342105263157895	-0.452631578947368	-0.452631578947368	0.364912280701754	0.610526315789474	0.610526315789474	1.51102441651381	TRUE	TRUE	FALSE	FALSE	"mixed"	"co-enrichment (not interaction)"	NA	NA
"E07525"	"TECHNICALLY_SENSITIVE"	"21-state"	"pair_coenrichment"	"pair_coenrichment"	"secondary_or_scale_sensitivity"	"Blood endothelial ↔ Fibroblast"	"Blood endothelial ↔ Fibroblast"	NA	"Blood endothelial"	"Fibroblast"	"observed_expected_ratio"	100	"SSc-ILD_vs_HC"	0.281226056205248	0.714747812068972	0.039030993901671	0.523421118508825	0.0259416913232777	0.0250974902509749	TRUE	TRUE	0.940259057528346	0.785972991485898	FALSE	FALSE	0.297253239231255	0.266397693470231	0.26782925657924	"3/3_same_direction"	3	TRUE	FALSE	"3/3 chips match pooled direction"	FALSE	1	FALSE	TRUE	TRUE	0.275275958141426	FALSE	"HC/NL-50"	"FINE_STATE_ONLY_NO_PARENT_TEST"	"TECHNICAL_SENSITIVE"	"mean_feature_weight;chip_median_range_ge_1_patient_sd"	0.656140350877193	-0.121052631578947	-0.121052631578947	0.23859649122807	0.443859649122807	0.443859649122807	1.5697213509446	TRUE	TRUE	FALSE	FALSE	"mixed"	"co-enrichment (not interaction)"	NA	"Fine-state-only evidence without a directly matched 18-state test. Spatial metric may partly reflect overall feature abundance."
"E02713"	"TECHNICALLY_SENSITIVE"	"21-state"	"spatial_architecture"	"spatial_architecture"	"scale_sensitivity"	"Ciliated epithelial"	"Ciliated epithelial"	"Ciliated epithelial"	NA	NA	"morans_i"	100	"SSc-ILD_vs_HC"	-0.264108682471403	-1.13964685929831	-0.491859557194013	-0.036357807748793	0.026105088943878	0.02999700029997	TRUE	TRUE	0.861485175011911	0.785972991485898	FALSE	FALSE	-0.386257870949245	-0.19603173015148	-0.199824258841379	"3/3_same_direction"	3	TRUE	FALSE	"3/3 chips match pooled direction"	FALSE	1	FALSE	TRUE	TRUE	-0.219849353857593	FALSE	"HC/NL-63"	"DIRECTION_CONCORDANT"	"TECHNICAL_SENSITIVE"	"valid_coverage_fraction;median_nUMI;median_nGene;mean_feature_weight;chip_median_range_ge_1_patient_sd"	-0.607017543859649	0.0403508771929825	0.0403508771929825	0.682456140350877	0.812280701754386	0.812280701754386	1.8116227186211	TRUE	TRUE	FALSE	FALSE	"epithelial"	"clustering"	NA	"Spatial metric may partly reflect overall feature abundance."
"E02152"	"TECHNICALLY_SENSITIVE"	"21-state"	"spatial_architecture"	"spatial_architecture"	"primary"	"Other inflammatory monocyte/macrophage"	"Inflammatory monocyte/macrophage"	"Other inflammatory monocyte/macrophage"	NA	NA	"iqr"	50	"SSc-ILD_vs_HC"	1.00563482293822	1.07989179856057	0.0967146096744404	1.914555036202	0.0325047646874443	0.0274972502749725	TRUE	TRUE	0.716616338366164	0.785972991485898	FALSE	FALSE	1.79438807779471	0.699216993984224	0.171955509247463	"3/3_same_direction"	3	TRUE	FALSE	"3/3 chips match pooled direction"	FALSE	1	FALSE	TRUE	TRUE	0.869279724584413	FALSE	"HC/NL-63"	"DIRECTION_CONCORDANT"	"TECHNICAL_SENSITIVE"	"valid_coverage_fraction;median_nUMI;median_nGene;mean_feature_weight"	0.745614035087719	-0.0929824561403509	-0.0929824561403509	-0.678947368421053	-0.778947368421053	-0.778947368421053	0.921642229841536	TRUE	TRUE	FALSE	FALSE	"immune"	"heterogeneity"	NA	"Spatial metric may partly reflect overall feature abundance."
"E03535"	"TECHNICALLY_SENSITIVE"	"21-state"	"pair_coenrichment"	"pair_coenrichment"	"primary"	"AT2/alveolar transitional ↔ Dendritic cell"	"AT2/alveolar transitional ↔ Dendritic cell"	NA	"AT2/alveolar transitional"	"Dendritic cell"	"fisher_z"	50	"SSc-ILD_vs_HC"	-0.0588304195374354	-0.788940881573574	-0.113184307692775	-0.004476531382096	0.0358614013452937	0.0292970702929707	TRUE	TRUE	0.975142485751425	0.785972991485898	FALSE	FALSE	-0.0766492863422883	-0.0326796359541101	-0.0738464856468617	"3/3_same_direction"	3	TRUE	FALSE	"3/3 chips match pooled direction"	FALSE	1	FALSE	TRUE	TRUE	-0.031602028441342	FALSE	"SSC/3342/13"	"DIRECTION_CONCORDANT"	"TECHNICAL_SENSITIVE"	"mean_feature_weight;chip_median_range_ge_1_patient_sd"	0.568421052631579	0.22280701754386	0.22280701754386	-0.157894736842105	-0.359649122807018	-0.359649122807018	1.58479054086289	TRUE	TRUE	FALSE	FALSE	"mixed"	"co-enrichment (not interaction)"	NA	"Spatial metric may partly reflect overall feature abundance."
"E07081"	"TECHNICALLY_SENSITIVE"	"21-state"	"pair_coenrichment"	"pair_coenrichment"	"secondary_or_scale_sensitivity"	"Ciliated epithelial ↔ Peribronchial fibroblast"	"Ciliated epithelial ↔ Myofibroblast"	NA	"Ciliated epithelial"	"Peribronchial fibroblast"	"observed_expected_ratio"	100	"SSc-ILD_vs_HC"	0.249719297682203	0.907196256309166	0.0287957083181601	0.470642887046246	0.0294611937950537	0.0413958604139586	TRUE	TRUE	0.940259057528346	0.785972991485898	FALSE	FALSE	0.396961552527905	0.143792701613418	0.201345127462343	"3/3_same_direction"	3	TRUE	FALSE	"3/3 chips match pooled direction"	FALSE	1	FALSE	TRUE	TRUE	0.196628695971584	FALSE	"SSC/FO20-I-08293B1"	"FINE_STATE_ONLY_NO_PARENT_TEST"	"TECHNICAL_SENSITIVE"	"chip_median_range_ge_1_patient_sd"	0.378947368421053	0.0789473684210526	0.0789473684210526	-0.396491228070175	-0.407017543859649	-0.407017543859649	1.96993083664416	FALSE	TRUE	FALSE	FALSE	"mixed"	"co-enrichment (not interaction)"	NA	"Fine-state-only evidence without a directly matched 18-state test."
"E01087"	"TECHNICALLY_SENSITIVE"	"18-state"	"pair_coenrichment"	"predefined_pair"	"secondary_or_scale_sensitivity"	"B ↔ Plasma"	"B ↔ Plasma"	NA	"B"	"Plasma"	"joint_top_quartile_proportion"	50	"SSc-ILD_vs_HC"	0.030104262469137	0.891435647253964	0.0021691982267488	0.0580393267115252	0.0365557852346228	0.0295970402959704	TRUE	TRUE	0.715428457154285	0.785972991485898	FALSE	FALSE	0.0410010380507741	0.0248832577569072	0.0207353275231654	"3/3_same_direction"	3	TRUE	FALSE	"3/3 chips match pooled direction"	FALSE	1	FALSE	TRUE	TRUE	0.0173575424528079	FALSE	"SSC/3342/13"	"REFERENCE_18STATE"	"TECHNICAL_SENSITIVE"	"chip_median_range_ge_1_patient_sd"	0.117543859649123	-0.268421052631579	-0.268421052631579	0.00175438596491228	0.273684210526316	0.273684210526316	1.52266814578948	FALSE	TRUE	FALSE	FALSE	"immune"	"co-enrichment (not interaction)"	NA	NA
"E01093"	"TECHNICALLY_SENSITIVE"	"18-state"	"pair_coenrichment"	"predefined_pair"	"secondary_or_scale_sensitivity"	"B ↔ Plasma"	"B ↔ Plasma"	NA	"B"	"Plasma"	"coenriched_component_area_fraction"	50	"SSc-ILD_vs_HC"	0.030104262469137	0.891435647253964	0.0021691982267488	0.0580393267115252	0.0365557852346228	0.0295970402959704	TRUE	TRUE	0.715428457154285	0.785972991485898	FALSE	FALSE	0.0410010380507741	0.0248832577569072	0.0207353275231654	"3/3_same_direction"	3	TRUE	FALSE	"3/3 chips match pooled direction"	FALSE	1	FALSE	TRUE	TRUE	0.0173575424528079	FALSE	"SSC/3342/13"	"REFERENCE_18STATE"	"TECHNICAL_SENSITIVE"	"chip_median_range_ge_1_patient_sd"	0.117543859649123	-0.268421052631579	-0.268421052631579	0.00175438596491228	0.273684210526316	0.273684210526316	1.52266814578948	FALSE	TRUE	FALSE	FALSE	"immune"	"patch morphology of co-enrichment"	NA	NA
"E00763"	"TECHNICALLY_SENSITIVE"	"18-state"	"spatial_architecture"	"spatial_architecture"	"scale_sensitivity"	"Ciliated epithelial"	"Ciliated epithelial"	"Ciliated epithelial"	NA	NA	"morans_i"	100	"SSc-ILD_vs_HC"	-0.257697303156063	-1.11262918724667	-0.488313462433733	-0.0270811438783918	0.0310677151429521	0.0334966503349665	TRUE	TRUE	0.835015090040292	0.785972991485898	FALSE	FALSE	-0.336830715988128	-0.207986443303397	-0.237877263730075	"3/3_same_direction"	3	TRUE	FALSE	"3/3 chips match pooled direction"	FALSE	1	FALSE	TRUE	TRUE	-0.214080992146361	FALSE	"HC/NL-63"	"REFERENCE_18STATE"	"TECHNICAL_SENSITIVE"	"valid_coverage_fraction;median_nUMI;median_nGene;mean_feature_weight;chip_median_range_ge_1_patient_sd"	-0.578947368421053	0.0684210526315789	0.0684210526315789	0.67719298245614	0.807017543859649	0.807017543859649	1.74816247653765	TRUE	TRUE	FALSE	FALSE	"epithelial"	"clustering"	NA	"Spatial metric may partly reflect overall feature abundance."
"E00073"	"TECHNICALLY_SENSITIVE"	"18-state"	"global_composition"	"global_composition"	"primary"	"AT2/alveolar transitional"	"AT2/alveolar transitional"	"AT2/alveolar transitional"	NA	NA	"mean_raw_weight"	NA	"SSc-ILD_vs_HC"	0.0071991269390095	0.486553752228867	9.73154300727671e-05	0.0143009384479463	0.0473333549321598	0.0313968603139686	TRUE	TRUE	0.821365863413659	0.785972991485898	FALSE	FALSE	0.0024986369652898	0.0147504111463929	0.0028159670900445	"3/3_same_direction"	3	TRUE	FALSE	"3/3 chips match pooled direction"	FALSE	1	FALSE	TRUE	TRUE	0.006039389355394	FALSE	"SSC/23-105334B1"	"REFERENCE_18STATE"	"TECHNICAL_SENSITIVE"	"valid_coverage_fraction;median_nUMI;median_nGene;chip_median_range_ge_1_patient_sd"	1	0.105263157894737	0.105263157894737	-0.557894736842105	-0.833333333333333	-0.833333333333333	2.00438639914025	TRUE	TRUE	FALSE	FALSE	"epithelial"	"abundance"	NA	NA
"E06430"	"TECHNICALLY_SENSITIVE"	"21-state"	"pair_coenrichment"	"pair_coenrichment"	"secondary_or_scale_sensitivity"	"B ↔ NK"	"B ↔ NK"	NA	"B"	"NK"	"joint_top_quartile_proportion"	100	"SSc-ILD_vs_HC"	0.023549566709198	1.23609735371162	0.0013756135321766	0.0457235198862194	0.0389508633355685	0.0325967403259674	TRUE	TRUE	0.5999400059994	0.785972991485898	FALSE	FALSE	0.0294344053259897	0.0190112812973637	0.0198192317584567	"3/3_same_direction"	3	TRUE	FALSE	"3/3 chips match pooled direction"	FALSE	1	FALSE	TRUE	TRUE	0.0083106956480236	FALSE	"SSC/3342/13"	"DIRECTION_CONCORDANT"	"TECHNICAL_SENSITIVE"	"median_nUMI;median_nGene"	-0.345614035087719	-0.18421052631579	-0.18421052631579	-0.487719298245614	-0.635087719298246	-0.635087719298246	0.623108795056586	TRUE	TRUE	FALSE	FALSE	"immune"	"co-enrichment (not interaction)"	NA	NA
"E04471"	"TECHNICALLY_SENSITIVE"	"21-state"	"pair_coenrichment"	"pair_coenrichment"	"primary"	"Blood endothelial ↔ Ciliated epithelial"	"Blood endothelial ↔ Ciliated epithelial"	NA	"Blood endothelial"	"Ciliated epithelial"	"fisher_z"	50	"SSc-ILD_vs_HC"	0.0930382982378976	0.663698595301529	0.0015175631122577	0.184559033363538	0.0467902502113198	0.033996600339966	TRUE	TRUE	0.975142485751425	0.785972991485898	FALSE	FALSE	0.052294464622436	0.104878424082981	0.144112831816202	"3/3_same_direction"	3	TRUE	FALSE	"3/3 chips match pooled direction"	FALSE	1	FALSE	TRUE	TRUE	0.103167267645006	FALSE	"HC/NL-55"	"DIRECTION_CONCORDANT"	"TECHNICAL_SENSITIVE"	"mean_feature_weight;chip_median_range_ge_1_patient_sd"	0.543859649122807	-0.301754385964912	-0.301754385964912	0.0982456140350877	0.343859649122807	0.343859649122807	1.96693042955775	TRUE	TRUE	FALSE	FALSE	"mixed"	"co-enrichment (not interaction)"	NA	"Spatial metric may partly reflect overall feature abundance."
"E07543"	"TECHNICALLY_SENSITIVE"	"21-state"	"pair_coenrichment"	"pair_coenrichment"	"secondary_or_scale_sensitivity"	"Blood endothelial ↔ Plasma"	"Blood endothelial ↔ Plasma"	NA	"Blood endothelial"	"Plasma"	"fisher_z"	100	"SSc-ILD_vs_HC"	-0.128448186240884	-0.535554072828988	-0.245726283921185	-0.0111700885605836	0.034023962847213	0.0792920707929207	TRUE	FALSE	0.940259057528346	0.785972991485898	FALSE	FALSE	-0.271910933460177	-0.0622199739425389	0.0072280877308955	"2/3_same_direction"	2	FALSE	FALSE	"cross-chip direction criterion not met"	FALSE	1	FALSE	TRUE	TRUE	-0.089099602085537	FALSE	"SSC/3342/13"	"DIRECTION_CONCORDANT"	"TECHNICAL_SENSITIVE"	"median_nUMI;median_nGene;mean_feature_weight;chip_median_range_ge_1_patient_sd"	0.578947368421053	-0.0842105263157895	-0.0842105263157895	0.429824561403509	0.714035087719298	0.714035087719298	1.94906526159414	TRUE	TRUE	FALSE	FALSE	"mixed"	"co-enrichment (not interaction)"	NA	"Spatial metric may partly reflect overall feature abundance."
"E02722"	"TECHNICALLY_SENSITIVE"	"21-state"	"spatial_architecture"	"spatial_architecture"	"scale_sensitivity"	"Ciliated epithelial"	"Ciliated epithelial"	"Ciliated epithelial"	NA	NA	"upper_tail_q90"	100	"SSc-ILD_vs_HC"	-0.122592619414467	-1.05456493604957	-0.243377708135199	-0.001807530693735	0.0470945548494953	0.0351964803519648	TRUE	TRUE	0.861485175011911	0.785972991485898	FALSE	FALSE	-0.0225219085854956	-0.21917958078172	-0.134087700030144	"3/3_same_direction"	3	TRUE	FALSE	"3/3 chips match pooled direction"	FALSE	1	FALSE	TRUE	TRUE	-0.261477568101534	FALSE	"HC/NL-55"	"DIRECTION_CONCORDANT"	"TECHNICAL_SENSITIVE"	"median_nUMI;median_nGene"	0.308771929824561	0.364912280701754	0.364912280701754	-0.445614035087719	-0.531578947368421	-0.531578947368421	0.911689871467208	TRUE	TRUE	FALSE	FALSE	"epithelial"	"upper-tail local enrichment"	NA	NA
"E04804"	"TECHNICALLY_SENSITIVE"	"21-state"	"pair_coenrichment"	"pair_coenrichment"	"secondary_or_scale_sensitivity"	"Plasma ↔ Secretory/other airway epithelial"	"Plasma ↔ Secretory/other airway epithelial"	NA	"Plasma"	"Secretory/other airway epithelial"	"largest_coenriched_component_fraction"	50	"SSc-ILD_vs_HC"	0.006057840492886	1.18794165334175	1.51468054793297e-05	0.0121005341802928	0.0495019862463915	0.0363963603639636	TRUE	TRUE	0.837841930092705	0.785972991485898	FALSE	FALSE	0.007225069017871	0.0034413717093285	0.0084078001957059	"3/3_same_direction"	3	TRUE	FALSE	"3/3 chips match pooled direction"	FALSE	1	FALSE	TRUE	TRUE	0.0027682246595745	FALSE	"SSC/3342/13"	"FINE_STATE_ONLY_NO_PARENT_TEST"	"TECHNICAL_SENSITIVE"	"valid_bins;tissue_area_um2"	0.470175438596491	-0.629824561403509	-0.629824561403509	-0.18421052631579	-0.289473684210526	-0.289473684210526	0.38399876338907	TRUE	TRUE	FALSE	FALSE	"mixed"	"patch morphology of co-enrichment"	NA	"Fine-state-only evidence without a directly matched 18-state test."
"E06055"	"TECHNICALLY_SENSITIVE"	"21-state"	"pair_coenrichment"	"pair_coenrichment"	"secondary_or_scale_sensitivity"	"AT2/alveolar transitional ↔ Dendritic cell"	"AT2/alveolar transitional ↔ Dendritic cell"	NA	"AT2/alveolar transitional"	"Dendritic cell"	"fisher_z"	100	"SSc-ILD_vs_HC"	-0.105013111857845	-0.791059194768595	-0.21210721136887	0.0020809876531792	0.0540213130970304	0.0390960903909609	FALSE	TRUE	0.940259057528346	0.785972991485898	FALSE	FALSE	-0.0519107938350531	-0.0953286514066442	-0.22086076091046	"3/3_same_direction"	3	TRUE	FALSE	"3/3 chips match pooled direction"	FALSE	1	FALSE	TRUE	TRUE	-0.0467579432804504	FALSE	"HC/NL-72"	"DIRECTION_CONCORDANT"	"TECHNICAL_SENSITIVE"	"mean_feature_weight;chip_median_range_ge_1_patient_sd"	0.666666666666667	0.170175438596491	0.170175438596491	-0.231578947368421	-0.457894736842105	-0.457894736842105	1.49654437069296	TRUE	TRUE	FALSE	FALSE	"mixed"	"co-enrichment (not interaction)"	NA	"Spatial metric may partly reflect overall feature abundance."
"E07693"	"TECHNICALLY_SENSITIVE"	"21-state"	"pair_coenrichment"	"pair_coenrichment"	"secondary_or_scale_sensitivity"	"KRT17 aberrant basaloid ↔ Perivascular/mesothelial stromal"	"Basal-like epithelial ↔ Perivascular/mesothelial stromal"	NA	"KRT17 aberrant basaloid"	"Perivascular/mesothelial stromal"	"observed_expected_ratio"	100	"SSc-ILD_vs_HC"	0.252335830828762	1.02505069410586	0.0019846070203055	0.502687054637219	0.0484407508887665	0.0395960403959604	TRUE	TRUE	0.940259057528346	0.785972991485898	FALSE	FALSE	0.507029224702471	0.109972537393551	0.0637274360574653	"3/3_same_direction"	3	TRUE	FALSE	"3/3 chips match pooled direction"	FALSE	1	FALSE	TRUE	TRUE	0.204442071633213	FALSE	"HC/NL-53"	"FINE_STATE_ONLY_NO_PARENT_TEST"	"TECHNICAL_SENSITIVE"	"median_nUMI;median_nGene;chip_median_range_ge_1_patient_sd"	-0.0526315789473684	-0.166666666666667	-0.166666666666667	-0.454385964912281	-0.615789473684211	-0.615789473684211	1.61475104826729	TRUE	TRUE	FALSE	FALSE	"mixed"	"co-enrichment (not interaction)"	"EXPLORATORY_SENSITIVITY_ONLY"	"Low-reference-cell state: exploratory sensitivity only; not an independently validated conclusion. Fine-state-only evidence without a directly matched 18-state test."
"E01969"	"TECHNICALLY_SENSITIVE"	"18-state"	"pair_coenrichment"	"exploratory_pair"	"secondary_or_scale_sensitivity"	"Ciliated epithelial ↔ Secretory/other airway epithelial"	"Ciliated epithelial ↔ Secretory/other airway epithelial"	NA	"Ciliated epithelial"	"Secretory/other airway epithelial"	"fisher_z"	100	"SSc-ILD_vs_HC"	-0.171765624261881	-1.12348382743491	-0.344272817560699	0.0007415690369377	0.0508649256503449	0.0402959704029597	FALSE	TRUE	0.944253850477021	0.785972991485898	FALSE	FALSE	0.0189303099020225	-0.196809249710274	-0.487553821029753	"2/3_same_direction"	2	FALSE	FALSE	"cross-chip direction criterion not met"	FALSE	1	FALSE	TRUE	TRUE	-0.129072629786764	FALSE	"HC/NL-72"	"REFERENCE_18STATE"	"TECHNICAL_SENSITIVE"	"valid_coverage_fraction;median_nUMI;median_nGene"	-0.27719298245614	0.00701754385964912	0.00701754385964912	0.656140350877193	0.666666666666667	0.666666666666667	0.610190442089057	TRUE	TRUE	FALSE	FALSE	"epithelial"	"co-enrichment (not interaction)"	NA	NA
"E01453"	"TECHNICALLY_SENSITIVE"	"18-state"	"pair_coenrichment"	"exploratory_pair"	"primary"	"Basal-like epithelial ↔ NK"	"Basal-like epithelial ↔ NK"	NA	"Basal-like epithelial"	"NK"	"fisher_z"	50	"SSc-ILD_vs_HC"	0.0614940146781504	1.0777803083575	-0.0022754331171882	0.125263462473489	0.057612027522638	0.0432956704329567	FALSE	TRUE	0.894587059512672	0.785972991485898	FALSE	FALSE	0.11280020020368	0.0063636798325155	0.0687403746930631	"3/3_same_direction"	3	TRUE	FALSE	"3/3 chips match pooled direction"	FALSE	1	FALSE	TRUE	TRUE	0.0505290450645641	FALSE	"SSC/3342/13"	"REFERENCE_18STATE"	"TECHNICAL_SENSITIVE"	"chip_median_range_ge_1_patient_sd"	0.389473684210526	-0.012280701754386	-0.012280701754386	-0.154385964912281	-0.264912280701754	-0.264912280701754	1.312859483212	FALSE	TRUE	FALSE	FALSE	"mixed"	"co-enrichment (not interaction)"	NA	NA
"E07687"	"TECHNICALLY_SENSITIVE"	"21-state"	"pair_coenrichment"	"pair_coenrichment"	"secondary_or_scale_sensitivity"	"KRT17 aberrant basaloid ↔ Perivascular/mesothelial stromal"	"Basal-like epithelial ↔ Perivascular/mesothelial stromal"	NA	"KRT17 aberrant basaloid"	"Perivascular/mesothelial stromal"	"fisher_z"	100	"SSc-ILD_vs_HC"	0.113950069415463	1.02784434481748	-0.0020005685913215	0.229900707422247	0.053556159899595	0.0438956104389561	FALSE	TRUE	0.940259057528346	0.785972991485898	FALSE	FALSE	0.250370888015539	0.0279566106655598	0.0291123430539388	"3/3_same_direction"	3	TRUE	FALSE	"3/3 chips match pooled direction"	FALSE	1	FALSE	TRUE	TRUE	0.0805821491563772	FALSE	"HC/NL-53"	"DIRECTION_CONCORDANT"	"TECHNICAL_SENSITIVE"	"median_nUMI;median_nGene;chip_median_range_ge_1_patient_sd"	-0.0596491228070175	-0.243859649122807	-0.243859649122807	-0.491228070175439	-0.636842105263158	-0.636842105263158	1.19112455132895	TRUE	TRUE	FALSE	FALSE	"mixed"	"co-enrichment (not interaction)"	"EXPLORATORY_SENSITIVITY_ONLY"	"Low-reference-cell state: exploratory sensitivity only; not an independently validated conclusion."
"E02656"	"TECHNICALLY_SENSITIVE"	"21-state"	"spatial_architecture"	"spatial_architecture"	"scale_sensitivity"	"NK"	"NK"	"NK"	NA	NA	"iqr"	100	"SSc-ILD_vs_HC"	0.112562957705451	1.03577564936166	0.0028757049593204	0.222250210451582	0.0450143791747195	0.0572942705729427	TRUE	FALSE	0.768523147685231	0.785972991485898	FALSE	FALSE	0.132217116263742	0.162451204863938	-0.0110449499729214	"2/3_same_direction"	2	FALSE	FALSE	"cross-chip direction criterion not met"	FALSE	1	FALSE	TRUE	TRUE	0.0568652783047649	FALSE	"HC/NL-63"	"DIRECTION_CONCORDANT"	"TECHNICAL_SENSITIVE"	"chip_median_range_ge_1_patient_sd"	-0.201754385964912	0.424561403508772	0.424561403508772	-0.328070175438596	-0.394736842105263	-0.394736842105263	1.0474109913232	FALSE	TRUE	FALSE	FALSE	"immune"	"heterogeneity"	NA	NA
"E04366"	"TECHNICALLY_SENSITIVE"	"21-state"	"pair_coenrichment"	"pair_coenrichment"	"secondary_or_scale_sensitivity"	"B ↔ Plasma"	"B ↔ Plasma"	NA	"B"	"Plasma"	"joint_top_quartile_proportion"	50	"SSc-ILD_vs_HC"	0.0317273006750401	0.817306399355515	-0.0010140015606836	0.0644686029107639	0.0565488229942841	0.0466953304669533	FALSE	TRUE	0.797437139402943	0.785972991485898	FALSE	FALSE	0.0471089519958599	0.0219705600414341	0.0221707465062819	"3/3_same_direction"	3	TRUE	FALSE	"3/3 chips match pooled direction"	FALSE	1	FALSE	TRUE	TRUE	0.0194389169803994	FALSE	"SSC/3342/13"	"DIRECTION_CONCORDANT"	"TECHNICAL_SENSITIVE"	"chip_median_range_ge_1_patient_sd"	0.212280701754386	-0.226315789473684	-0.226315789473684	0.0754385964912281	0.333333333333333	0.333333333333333	1.38536457196943	FALSE	TRUE	FALSE	FALSE	"immune"	"co-enrichment (not interaction)"	NA	NA
"E03418"	"TECHNICALLY_SENSITIVE"	"21-state"	"pair_coenrichment"	"pair_coenrichment"	"secondary_or_scale_sensitivity"	"Basal epithelial ↔ Other inflammatory monocyte/macrophage"	"Basal-like epithelial ↔ Inflammatory monocyte/macrophage"	NA	"Basal epithelial"	"Other inflammatory monocyte/macrophage"	"joint_top_quartile_proportion"	50	"SSc-ILD_vs_HC"	0.0333926225887467	1.19743518700111	-0.0001878081848431	0.0669730533623366	0.0511279932215491	0.0467953204679532	FALSE	TRUE	0.837841930092705	0.785972991485898	FALSE	FALSE	0.0517103239332555	0.0212143965716716	0.0240137073664919	"3/3_same_direction"	3	TRUE	FALSE	"3/3 chips match pooled direction"	FALSE	1	FALSE	TRUE	TRUE	0.02339008034041	FALSE	"SSC/3342/13"	"FINE_STATE_ONLY_NO_PARENT_TEST"	"TECHNICAL_SENSITIVE"	"valid_coverage_fraction"	0.405263157894737	-0.335087719298246	-0.335087719298246	-0.521052631578947	-0.470175438596491	-0.470175438596491	0.244997350734106	TRUE	TRUE	FALSE	FALSE	"mixed"	"co-enrichment (not interaction)"	NA	"Fine-state-only evidence without a directly matched 18-state test."
"E06997"	"TECHNICALLY_SENSITIVE"	"21-state"	"pair_coenrichment"	"pair_coenrichment"	"secondary_or_scale_sensitivity"	"Blood endothelial ↔ Ciliated epithelial"	"Blood endothelial ↔ Ciliated epithelial"	NA	"Blood endothelial"	"Ciliated epithelial"	"observed_expected_ratio"	100	"SSc-ILD_vs_HC"	0.468144412235151	1.11520848440831	0.0068175142125431	0.929471310257759	0.047129831332785	0.0467953204679532	TRUE	TRUE	0.940259057528346	0.785972991485898	FALSE	FALSE	0.389121413931765	0.39338521579487	0.75702305706129	"3/3_same_direction"	3	TRUE	FALSE	"3/3 chips match pooled direction"	FALSE	1	FALSE	TRUE	TRUE	0.410725680590043	FALSE	"SSC/24-1-18170A2"	"FINE_STATE_ONLY_NO_PARENT_TEST"	"TECHNICAL_SENSITIVE"	"mean_feature_weight"	0.550877192982456	-0.343859649122807	-0.343859649122807	-0.357894736842105	-0.264912280701754	-0.264912280701754	0.582548714480535	TRUE	TRUE	FALSE	FALSE	"mixed"	"co-enrichment (not interaction)"	NA	"Fine-state-only evidence without a directly matched 18-state test. Spatial metric may partly reflect overall feature abundance."
"E04762"	"TECHNICALLY_SENSITIVE"	"21-state"	"pair_coenrichment"	"pair_coenrichment"	"secondary_or_scale_sensitivity"	"Perivascular/mesothelial stromal ↔ Secretory/other airway epithelial"	"Perivascular/mesothelial stromal ↔ Secretory/other airway epithelial"	NA	"Perivascular/mesothelial stromal"	"Secretory/other airway epithelial"	"joint_top_quartile_proportion"	50	"SSc-ILD_vs_HC"	0.0413353325200163	1.16903223732903	-0.0016075129265224	0.084278177966555	0.0580119222703519	0.0475952404759524	FALSE	TRUE	0.837841930092705	0.785972991485898	FALSE	FALSE	0.0600893426537364	0.0217051949577224	0.0436753984469958	"3/3_same_direction"	3	TRUE	FALSE	"3/3 chips match pooled direction"	FALSE	1	FALSE	TRUE	TRUE	0.0206371874720911	FALSE	"SSC/3342/13"	"FINE_STATE_ONLY_NO_PARENT_TEST"	"TECHNICAL_SENSITIVE"	"valid_coverage_fraction;median_nUMI;median_nGene"	0.0245614035087719	-0.198245614035088	-0.198245614035088	-0.607017543859649	-0.585964912280702	-0.585964912280702	0.773499267420431	TRUE	TRUE	FALSE	FALSE	"mixed"	"co-enrichment (not interaction)"	NA	"Fine-state-only evidence without a directly matched 18-state test."
"E07645"	"TECHNICALLY_SENSITIVE"	"21-state"	"pair_coenrichment"	"pair_coenrichment"	"secondary_or_scale_sensitivity"	"Perivascular/mesothelial stromal ↔ Plasma"	"Perivascular/mesothelial stromal ↔ Plasma"	NA	"Perivascular/mesothelial stromal"	"Plasma"	"observed_expected_ratio"	100	"SSc-ILD_vs_HC"	-0.279644148102645	-0.726666858183666	-0.557180758041668	-0.002107538163622	0.0485054378679975	0.0915908409159084	TRUE	FALSE	0.940259057528346	0.785972991485898	FALSE	FALSE	-0.519096901531782	-0.105000740600423	-0.16119416611959	"3/3_same_direction"	3	TRUE	FALSE	"3/3 chips match pooled direction"	FALSE	1	FALSE	TRUE	TRUE	-0.275656408349268	FALSE	"HC/NL-55"	"FINE_STATE_ONLY_NO_PARENT_TEST"	"TECHNICAL_SENSITIVE"	"mean_feature_weight;chip_median_range_ge_1_patient_sd"	0.656140350877193	-0.275438596491228	-0.275438596491228	0.145614035087719	0.431578947368421	0.431578947368421	1.38069729796414	TRUE	TRUE	FALSE	FALSE	"mixed"	"co-enrichment (not interaction)"	NA	"Fine-state-only evidence without a directly matched 18-state test. Spatial metric may partly reflect overall feature abundance."
"E07264"	"TECHNICALLY_SENSITIVE"	"21-state"	"pair_coenrichment"	"pair_coenrichment"	"secondary_or_scale_sensitivity"	"AT1 ↔ Secretory/other airway epithelial"	"AT1 ↔ Secretory/other airway epithelial"	NA	"AT1"	"Secretory/other airway epithelial"	"largest_coenriched_component_fraction"	100	"SSc-ILD_vs_HC"	-0.0240965480175467	-1.0512106590553	-0.0502943513957533	0.0021012553606598	0.0686046045187342	0.0491950804919508	FALSE	TRUE	0.940259057528346	0.785972991485898	FALSE	FALSE	-0.0172186386408315	-0.004878375679198	-0.0750872784749795	"3/3_same_direction"	3	TRUE	FALSE	"3/3 chips match pooled direction"	FALSE	1	FALSE	TRUE	TRUE	-0.0195900552002947	FALSE	"HC/NL-72"	"FINE_STATE_ONLY_NO_PARENT_TEST"	"TECHNICAL_SENSITIVE"	"valid_coverage_fraction;median_nUMI;median_nGene"	-0.150877192982456	-0.0649122807017544	-0.0649122807017544	0.6	0.554385964912281	0.554385964912281	0.284441927963146	TRUE	TRUE	FALSE	FALSE	"epithelial"	"patch morphology of co-enrichment"	NA	"Fine-state-only evidence without a directly matched 18-state test."
"E00621"	"TECHNICALLY_SENSITIVE"	"18-state"	"spatial_architecture"	"spatial_architecture"	"scale_sensitivity"	"Inflammatory monocyte/macrophage"	"Inflammatory monocyte/macrophage"	"Inflammatory monocyte/macrophage"	NA	NA	"morans_i"	100	"SSc-ILD_vs_IPF"	-0.16361323916968	-1.3506689750668	-0.25108106563041	-0.0761454127089504	0.0012856053081925	0.0001999800019998	TRUE	TRUE	0.0863913608639136	NA	FALSE	FALSE	-0.284638516937199	-0.129557073539063	-0.0615192121058904	"3/3_same_direction"	3	TRUE	FALSE	"3/3 chips match pooled direction"	FALSE	1	FALSE	TRUE	TRUE	-0.154308206342855	FALSE	"IPF/FO23-1-09473"	"REFERENCE_18STATE"	"TECHNICAL_SENSITIVE"	"valid_coverage_fraction;median_nUMI;median_nGene;mean_feature_weight;chip_median_range_ge_1_patient_sd"	-0.578947368421053	-0.214035087719298	-0.214035087719298	0.564912280701754	0.698245614035088	0.698245614035088	1.98417079537605	TRUE	TRUE	FALSE	TRUE	"immune"	"clustering"	NA	"Spatial metric may partly reflect overall feature abundance."
"E05223"	"TECHNICALLY_SENSITIVE"	"21-state"	"pair_coenrichment"	"pair_coenrichment"	"secondary_or_scale_sensitivity"	"Basal epithelial ↔ Fibroblast"	"Basal-like epithelial ↔ Fibroblast"	NA	"Basal epithelial"	"Fibroblast"	"observed_expected_ratio"	50	"SSc-ILD_vs_IPF"	0.25605823541796	1.17044255033786	0.117280534285089	0.394835936550831	0.0014309823884698	0.0003999600039996	TRUE	TRUE	0.661433856614339	NA	FALSE	FALSE	0.247795164358707	0.3011576962171	0.209935524254552	"3/3_same_direction"	3	TRUE	FALSE	"3/3 chips match pooled direction"	FALSE	1	FALSE	TRUE	TRUE	0.276696878538715	FALSE	"SSC/FO20-I-08293B1"	"FINE_STATE_ONLY_NO_PARENT_TEST"	"TECHNICAL_SENSITIVE"	"median_nUMI;median_nGene;chip_median_range_ge_1_patient_sd"	-0.0385964912280702	0.103508771929825	0.103508771929825	-0.359649122807018	-0.566666666666667	-0.566666666666667	1.47562907784717	TRUE	TRUE	FALSE	TRUE	"mixed"	"co-enrichment (not interaction)"	NA	"Fine-state-only evidence without a directly matched 18-state test."
"E04935"	"TECHNICALLY_SENSITIVE"	"21-state"	"pair_coenrichment"	"pair_coenrichment"	"secondary_or_scale_sensitivity"	"AT1 ↔ Basal epithelial"	"AT1 ↔ Basal-like epithelial"	NA	"AT1"	"Basal epithelial"	"observed_expected_ratio"	50	"SSc-ILD_vs_IPF"	0.321654148156303	1.27977338603781	0.139583017170283	0.503725279142322	0.0019933908828171	0.0006999300069993	TRUE	TRUE	0.661433856614339	NA	FALSE	FALSE	0.360090577566128	0.250043889079181	0.359856383731161	"3/3_same_direction"	3	TRUE	FALSE	"3/3 chips match pooled direction"	FALSE	1	FALSE	TRUE	TRUE	0.355490418361897	FALSE	"IPF/FO23-1-06474"	"FINE_STATE_ONLY_NO_PARENT_TEST"	"TECHNICAL_SENSITIVE"	"chip_median_range_ge_1_patient_sd"	0.373684210526316	0.143859649122807	0.143859649122807	-0.156140350877193	-0.4	-0.4	1.307126834131	FALSE	TRUE	FALSE	TRUE	"epithelial"	"co-enrichment (not interaction)"	NA	"Fine-state-only evidence without a directly matched 18-state test."
"E03045"	"TECHNICALLY_SENSITIVE"	"21-state"	"pair_coenrichment"	"pair_coenrichment"	"primary"	"Alveolar/resident macrophage ↔ NK"	"Alveolar/resident macrophage ↔ NK"	NA	"Alveolar/resident macrophage"	"NK"	"fisher_z"	50	"SSc-ILD_vs_IPF"	0.0494670453327418	1.56035970689959	0.0232291708490521	0.0757049198164316	0.0012082233114089	0.0008999100089991	TRUE	TRUE	0.409459054094591	NA	FALSE	FALSE	0.0411552913440307	0.067118125720302	0.0379572371474471	"3/3_same_direction"	3	TRUE	FALSE	"3/3 chips match pooled direction"	FALSE	1	FALSE	TRUE	TRUE	0.0437132367410422	FALSE	"IPF/FO23-1-09473"	"DIRECTION_CONCORDANT"	"TECHNICAL_SENSITIVE"	"chip_median_range_ge_1_patient_sd"	0.235087719298246	0.315789473684211	0.315789473684211	-0.112280701754386	-0.414035087719298	-0.414035087719298	1.24505219763642	FALSE	TRUE	FALSE	TRUE	"immune"	"co-enrichment (not interaction)"	NA	NA
"E00153"	"TECHNICALLY_SENSITIVE"	"18-state"	"global_composition"	"global_composition"	"secondary"	"Basal-like epithelial"	"Basal-like epithelial"	"Basal-like epithelial"	NA	NA	"clr_mean"	NA	"SSc-ILD_vs_IPF"	0.408527943376217	0.864170094051648	0.143722041413707	0.673333845338727	0.0051703441174729	0.0015998400159984	TRUE	TRUE	0.0863913608639136	NA	FALSE	FALSE	0.531611587231563	0.165183639710706	0.545093589893157	"3/3_same_direction"	3	TRUE	FALSE	"3/3 chips match pooled direction"	FALSE	1	FALSE	TRUE	TRUE	0.441858048577289	FALSE	"SSC/3342/13"	"REFERENCE_18STATE"	"TECHNICAL_SENSITIVE"	"valid_coverage_fraction;median_nUMI;median_nGene;mean_feature_weight;chip_median_range_ge_1_patient_sd"	0.96140350877193	0.243859649122807	0.243859649122807	-0.617543859649123	-0.875438596491228	-0.875438596491228	2.22706166018732	TRUE	TRUE	FALSE	TRUE	"epithelial"	"abundance"	NA	"Spatial metric may partly reflect overall feature abundance."
"E02610"	"TECHNICALLY_SENSITIVE"	"21-state"	"spatial_architecture"	"spatial_architecture"	"scale_sensitivity"	"Dendritic cell"	"Dendritic cell"	"Dendritic cell"	NA	NA	"morans_i"	100	"SSc-ILD_vs_IPF"	-0.157787469817668	-1.19149421352242	-0.270630516076987	-0.0449444235583488	0.0095697623341882	0.0026997300269973	TRUE	TRUE	0.51024897510249	NA	FALSE	FALSE	-0.208948636293908	-0.214987793044825	-0.0345980711596776	"3/3_same_direction"	3	TRUE	FALSE	"3/3 chips match pooled direction"	FALSE	1	FALSE	TRUE	TRUE	-0.147234593639651	FALSE	"IPF/FO23-1-09473"	"DIRECTION_CONCORDANT"	"TECHNICAL_SENSITIVE"	"valid_coverage_fraction;median_nUMI;median_nGene;mean_feature_weight;chip_median_range_ge_1_patient_sd"	-0.714035087719298	-0.150877192982456	-0.150877192982456	0.67719298245614	0.828070175438596	0.828070175438596	1.15892631125809	TRUE	TRUE	FALSE	TRUE	"immune"	"clustering"	NA	"Spatial metric may partly reflect overall feature abundance."
"E01590"	"TECHNICALLY_SENSITIVE"	"18-state"	"pair_coenrichment"	"exploratory_pair"	"primary"	"Fibroblast ↔ Secretory/other airway epithelial"	"Fibroblast ↔ Secretory/other airway epithelial"	NA	"Fibroblast"	"Secretory/other airway epithelial"	"fisher_z"	50	"SSc-ILD_vs_IPF"	-0.0501337713581871	-1.33926753226014	-0.079948814657765	-0.0203187280586093	0.002861667297798	0.0076992300769923	TRUE	TRUE	0.652614738526147	NA	FALSE	FALSE	-0.054716418264608	-0.0346413776793699	-0.0607890811574594	"3/3_same_direction"	3	TRUE	FALSE	"3/3 chips match pooled direction"	FALSE	1	FALSE	TRUE	TRUE	-0.0517983126936295	FALSE	"IPF/FO23-1-03100"	"REFERENCE_18STATE"	"TECHNICAL_SENSITIVE"	"chip_median_range_ge_1_patient_sd"	0.129824561403509	-0.0140350877192982	-0.0140350877192982	0.0912280701754386	0.294736842105263	0.294736842105263	1.27801296852657	FALSE	TRUE	FALSE	TRUE	"mixed"	"co-enrichment (not interaction)"	NA	NA
"E06735"	"TECHNICALLY_SENSITIVE"	"21-state"	"pair_coenrichment"	"pair_coenrichment"	"secondary_or_scale_sensitivity"	"Basal epithelial ↔ Mast/Basophil"	"Basal-like epithelial ↔ Mast/Basophil"	NA	"Basal epithelial"	"Mast/Basophil"	"observed_expected_ratio"	100	"SSc-ILD_vs_IPF"	0.303786238541243	1.27268116303594	0.114025570059741	0.493546907022745	0.0040343187906501	0.0033996600339966	TRUE	TRUE	0.887911208879112	NA	FALSE	FALSE	0.219684487170911	0.221703800153759	0.502173012609829	"3/3_same_direction"	3	TRUE	FALSE	"3/3 chips match pooled direction"	FALSE	1	FALSE	TRUE	TRUE	0.290687686988129	FALSE	"IPF/FO23-1-09473"	"FINE_STATE_ONLY_NO_PARENT_TEST"	"TECHNICAL_SENSITIVE"	"chip_median_range_ge_1_patient_sd"	0.475438596491228	0.37719298245614	0.37719298245614	-0.0368421052631579	-0.347368421052632	-0.347368421052632	1.5145563417438	FALSE	TRUE	FALSE	TRUE	"mixed"	"co-enrichment (not interaction)"	NA	"Fine-state-only evidence without a directly matched 18-state test."
"E00147"	"TECHNICALLY_SENSITIVE"	"18-state"	"global_composition"	"global_composition"	"primary"	"Basal-like epithelial"	"Basal-like epithelial"	"Basal-like epithelial"	NA	NA	"mean_raw_weight"	NA	"SSc-ILD_vs_IPF"	0.0080907703100068	1.06845156071514	0.0029085422920092	0.0132729983280043	0.0047776799761457	0.0034996500349965	TRUE	TRUE	0.188981101889811	NA	FALSE	FALSE	0.0103794961597637	0.0031625652217469	0.0112478632193237	"3/3_same_direction"	3	TRUE	FALSE	"3/3 chips match pooled direction"	FALSE	1	FALSE	TRUE	TRUE	0.0090364560992979	FALSE	"IPF/FO23-1-03100"	"REFERENCE_18STATE"	"TECHNICAL_SENSITIVE"	"valid_coverage_fraction;median_nUMI;median_nGene;chip_median_range_ge_1_patient_sd"	1	0.0631578947368421	0.0631578947368421	-0.585964912280702	-0.805263157894737	-0.805263157894737	2.00726644038488	TRUE	TRUE	FALSE	TRUE	"epithelial"	"abundance"	NA	NA
"E05937"	"TECHNICALLY_SENSITIVE"	"21-state"	"pair_coenrichment"	"pair_coenrichment"	"secondary_or_scale_sensitivity"	"Basal epithelial ↔ Other inflammatory monocyte/macrophage"	"Basal-like epithelial ↔ Inflammatory monocyte/macrophage"	NA	"Basal epithelial"	"Other inflammatory monocyte/macrophage"	"fisher_z"	100	"SSc-ILD_vs_IPF"	0.12149928590394	1.36333797403343	0.0422988239310535	0.200699747876827	0.0053652698311524	0.0036996300369963	TRUE	TRUE	0.887911208879112	NA	FALSE	FALSE	0.13953433823792	0.105164796859679	0.1230686033854	"3/3_same_direction"	3	TRUE	FALSE	"3/3 chips match pooled direction"	FALSE	1	FALSE	TRUE	TRUE	0.113799072613517	FALSE	"IPF/FO23-1-06474"	"DIRECTION_CONCORDANT"	"TECHNICAL_SENSITIVE"	"mean_feature_weight;chip_median_range_ge_1_patient_sd"	0.507017543859649	0.484210526315789	0.484210526315789	-0.280701754385965	-0.456140350877193	-0.456140350877193	1.01157318208921	TRUE	TRUE	FALSE	TRUE	"mixed"	"co-enrichment (not interaction)"	NA	"Spatial metric may partly reflect overall feature abundance."
"E00669"	"TECHNICALLY_SENSITIVE"	"18-state"	"spatial_architecture"	"spatial_architecture"	"scale_sensitivity"	"T"	"T"	"T"	NA	NA	"morans_i"	100	"SSc-ILD_vs_IPF"	-0.168600005302067	-1.12581624070612	-0.285004729582588	-0.0521952810215461	0.0077319445701902	0.0037996200379962	TRUE	TRUE	0.748725127487251	NA	FALSE	FALSE	-0.22945382824085	-0.160185838254626	-0.113759539471045	"3/3_same_direction"	3	TRUE	FALSE	"3/3 chips match pooled direction"	FALSE	1	FALSE	TRUE	TRUE	-0.172070904498975	FALSE	"IPF/FO23-1-09473"	"REFERENCE_18STATE"	"TECHNICAL_SENSITIVE"	"valid_coverage_fraction;median_nUMI;median_nGene;mean_feature_weight;chip_median_range_ge_1_patient_sd"	-0.621052631578947	-0.27719298245614	-0.27719298245614	0.52280701754386	0.728070175438597	0.728070175438597	1.71082719524784	TRUE	TRUE	FALSE	TRUE	"immune"	"clustering"	NA	"Spatial metric may partly reflect overall feature abundance."
"E06450"	"TECHNICALLY_SENSITIVE"	"21-state"	"pair_coenrichment"	"pair_coenrichment"	"secondary_or_scale_sensitivity"	"Ciliated epithelial ↔ NK"	"Ciliated epithelial ↔ NK"	NA	"Ciliated epithelial"	"NK"	"largest_coenriched_component_fraction"	100	"SSc-ILD_vs_IPF"	-0.0160742869870004	-1.18892227836867	-0.0287739231081578	-0.0033746508658431	0.0167662150117786	0.0048995100489951	TRUE	TRUE	0.887911208879112	NA	FALSE	FALSE	-0.0295453359571687	-0.0077365027090605	-0.0099304335693779	"3/3_same_direction"	3	TRUE	FALSE	"3/3 chips match pooled direction"	FALSE	1	FALSE	TRUE	TRUE	-0.0160073390913179	FALSE	"IPF/FO23-1-06474"	"FINE_STATE_ONLY_NO_PARENT_TEST"	"TECHNICAL_SENSITIVE"	"valid_bins;tissue_area_um2"	0.0982456140350877	-0.585964912280702	-0.585964912280702	0.335087719298246	0.414035087719298	0.414035087719298	0.641776090415511	TRUE	TRUE	FALSE	TRUE	"mixed"	"patch morphology of co-enrichment"	NA	"Fine-state-only evidence without a directly matched 18-state test."
"E05025"	"TECHNICALLY_SENSITIVE"	"21-state"	"pair_coenrichment"	"pair_coenrichment"	"primary"	"Blood endothelial ↔ Plasma"	"Blood endothelial ↔ Plasma"	NA	"Blood endothelial"	"Plasma"	"fisher_z"	50	"SSc-ILD_vs_IPF"	0.117283411477529	0.486981151083279	0.0383895110249966	0.196177311930062	0.0065699470732058	0.0051994800519948	TRUE	TRUE	0.806319368063194	NA	FALSE	FALSE	0.196762706374874	0.0476033208373146	0.10926020598442	"3/3_same_direction"	3	TRUE	FALSE	"3/3 chips match pooled direction"	FALSE	1	FALSE	TRUE	TRUE	0.113587265745288	FALSE	"IPF/FO22-1-09404"	"DIRECTION_CONCORDANT"	"TECHNICAL_SENSITIVE"	"median_nUMI;median_nGene;mean_feature_weight;chip_median_range_ge_1_patient_sd"	0.580701754385965	-0.140350877192982	-0.140350877192982	0.356140350877193	0.663157894736842	0.663157894736842	2.18050218247608	TRUE	TRUE	FALSE	TRUE	"mixed"	"co-enrichment (not interaction)"	NA	"Spatial metric may partly reflect overall feature abundance."
"E06762"	"TECHNICALLY_SENSITIVE"	"21-state"	"pair_coenrichment"	"pair_coenrichment"	"secondary_or_scale_sensitivity"	"Mast/Basophil ↔ Peribronchial fibroblast"	"Mast/Basophil ↔ Myofibroblast"	NA	"Mast/Basophil"	"Peribronchial fibroblast"	"largest_coenriched_component_fraction"	100	"SSc-ILD_vs_IPF"	-0.0089520815105152	-1.1322502980034	-0.0155233105046955	-0.0023808525163349	0.0111493556082748	0.0056994300569943	TRUE	TRUE	0.887911208879112	NA	FALSE	FALSE	-0.0137027887901642	-0.0064355770627675	-0.0063868896462826	"3/3_same_direction"	3	TRUE	FALSE	"3/3 chips match pooled direction"	FALSE	1	FALSE	TRUE	TRUE	-0.0055735036400773	FALSE	"IPF/FO23-1-06474"	"FINE_STATE_ONLY_NO_PARENT_TEST"	"TECHNICAL_SENSITIVE"	"valid_bins;tissue_area_um2;chip_median_range_ge_1_patient_sd"	-0.0245614035087719	-0.766666666666667	-0.766666666666667	0.324561403508772	0.482456140350877	0.482456140350877	1.43072877330062	TRUE	TRUE	FALSE	TRUE	"mixed"	"patch morphology of co-enrichment"	NA	"Fine-state-only evidence without a directly matched 18-state test."
"E04053"	"TECHNICALLY_SENSITIVE"	"21-state"	"pair_coenrichment"	"pair_coenrichment"	"primary"	"NK ↔ Peribronchial fibroblast"	"Myofibroblast ↔ NK"	NA	"NK"	"Peribronchial fibroblast"	"fisher_z"	50	"SSc-ILD_vs_IPF"	-0.0629986559643083	-1.36571658878758	-0.105954761225846	-0.0200425507027702	0.0071552719989305	0.0096990300969903	TRUE	TRUE	0.806319368063194	NA	FALSE	FALSE	-0.0783671366537799	-0.0667112154633405	-0.0442825569731377	"3/3_same_direction"	3	TRUE	FALSE	"3/3 chips match pooled direction"	FALSE	1	FALSE	TRUE	TRUE	-0.0652294769762827	FALSE	"IPF/FO23-1-09473"	"DIRECTION_CONCORDANT"	"TECHNICAL_SENSITIVE"	"valid_bins;tissue_area_um2"	0.242105263157895	-0.503508771929825	-0.503508771929825	0.103508771929825	0.056140350877193	0.056140350877193	0.111928882693328	TRUE	TRUE	FALSE	TRUE	"mixed"	"co-enrichment (not interaction)"	NA	NA
"E02031"	"TECHNICALLY_SENSITIVE"	"18-state"	"pair_coenrichment"	"exploratory_pair"	"secondary_or_scale_sensitivity"	"Fibroblast ↔ Secretory/other airway epithelial"	"Fibroblast ↔ Secretory/other airway epithelial"	NA	"Fibroblast"	"Secretory/other airway epithelial"	"fisher_z"	100	"SSc-ILD_vs_IPF"	-0.0973024511381755	-1.37431039274469	-0.164294187973513	-0.0303107143028379	0.0075993501672187	0.0094990500949905	TRUE	TRUE	0.507099290070993	NA	FALSE	FALSE	-0.0844864514874583	-0.0095708432079326	-0.213380946517494	"3/3_same_direction"	3	TRUE	FALSE	"3/3 chips match pooled direction"	FALSE	1	FALSE	TRUE	TRUE	-0.0957829620652396	FALSE	"IPF/FO23-1-06168"	"REFERENCE_18STATE"	"TECHNICAL_SENSITIVE"	"chip_median_range_ge_1_patient_sd"	0.382456140350877	-0.198245614035088	-0.198245614035088	-0.117543859649123	0.156140350877193	0.156140350877193	1.31529055193374	FALSE	TRUE	FALSE	TRUE	"mixed"	"co-enrichment (not interaction)"	NA	NA
"E02631"	"TECHNICALLY_SENSITIVE"	"21-state"	"spatial_architecture"	"spatial_architecture"	"scale_sensitivity"	"T"	"T"	"T"	NA	NA	"morans_i"	100	"SSc-ILD_vs_IPF"	-0.157719497987897	-1.03274992538943	-0.279143063213788	-0.0362959327620061	0.014579050297638	0.0081991800819918	TRUE	TRUE	0.703954604539546	NA	FALSE	FALSE	-0.214994095834207	-0.146534426911968	-0.109135567105827	"3/3_same_direction"	3	TRUE	FALSE	"3/3 chips match pooled direction"	FALSE	1	FALSE	TRUE	TRUE	-0.157966585582189	FALSE	"IPF/FO23-1-09473"	"DIRECTION_CONCORDANT"	"TECHNICAL_SENSITIVE"	"valid_coverage_fraction;median_nUMI;median_nGene;mean_feature_weight;chip_median_range_ge_1_patient_sd"	-0.654385964912281	-0.291228070175439	-0.291228070175439	0.507017543859649	0.750877192982456	0.750877192982456	1.94970117381801	TRUE	TRUE	FALSE	TRUE	"immune"	"clustering"	NA	"Spatial metric may partly reflect overall feature abundance."
"E05031"	"TECHNICALLY_SENSITIVE"	"21-state"	"pair_coenrichment"	"pair_coenrichment"	"secondary_or_scale_sensitivity"	"Blood endothelial ↔ Plasma"	"Blood endothelial ↔ Plasma"	NA	"Blood endothelial"	"Plasma"	"observed_expected_ratio"	50	"SSc-ILD_vs_IPF"	0.37003444445643	0.768549579154508	0.111614150224061	0.628454738688799	0.0082943671039328	0.0093990600939906	TRUE	TRUE	0.837841930092705	NA	FALSE	FALSE	0.655122452784405	0.268247113793671	0.171400543655538	"3/3_same_direction"	3	TRUE	FALSE	"3/3 chips match pooled direction"	FALSE	1	FALSE	TRUE	TRUE	0.34447941877279	FALSE	"IPF/FO22-1-09404"	"FINE_STATE_ONLY_NO_PARENT_TEST"	"TECHNICAL_SENSITIVE"	"median_nUMI;median_nGene;chip_median_range_ge_1_patient_sd"	0.410526315789474	-0.21578947368421	-0.21578947368421	0.271929824561404	0.585964912280702	0.585964912280702	2.18391476089432	TRUE	TRUE	FALSE	TRUE	"mixed"	"co-enrichment (not interaction)"	NA	"Fine-state-only evidence without a directly matched 18-state test."
"E05973"	"TECHNICALLY_SENSITIVE"	"21-state"	"pair_coenrichment"	"pair_coenrichment"	"secondary_or_scale_sensitivity"	"KRT17 aberrant basaloid ↔ Other inflammatory monocyte/macrophage"	"Basal-like epithelial ↔ Inflammatory monocyte/macrophage"	NA	"KRT17 aberrant basaloid"	"Other inflammatory monocyte/macrophage"	"fisher_z"	100	"SSc-ILD_vs_IPF"	0.131114222309239	1.22288533109494	0.0384431785467885	0.223785266071689	0.0089196021274576	0.0125987401259874	TRUE	TRUE	0.901804556386467	NA	FALSE	FALSE	0.212156505866876	0.0906197872571393	0.089083771583065	"3/3_same_direction"	3	TRUE	FALSE	"3/3 chips match pooled direction"	FALSE	1	FALSE	TRUE	TRUE	0.130936727091938	FALSE	"SSC/15275/13"	"DIRECTION_CONCORDANT"	"TECHNICAL_SENSITIVE"	"chip_median_range_ge_1_patient_sd"	-0.131578947368421	-0.131578947368421	-0.131578947368421	0.112280701754386	0.254385964912281	0.254385964912281	1.0699626731061	FALSE	TRUE	FALSE	TRUE	"mixed"	"co-enrichment (not interaction)"	"EXPLORATORY_SENSITIVITY_ONLY"	"Low-reference-cell state: exploratory sensitivity only; not an independently validated conclusion."
"E02379"	"TECHNICALLY_SENSITIVE"	"21-state"	"spatial_architecture"	"spatial_architecture"	"primary"	"Perivascular/mesothelial stromal"	"Perivascular/mesothelial stromal"	"Perivascular/mesothelial stromal"	NA	NA	"morans_i"	50	"SSc-ILD_vs_IPF"	-0.119030102264754	-1.11986088416278	-0.219423353242481	-0.0186368512870273	0.0234359331576807	0.0096990300969903	TRUE	TRUE	0.781694557816946	NA	FALSE	FALSE	-0.219402796848724	-0.110326664383736	-0.0144960366003475	"3/3_same_direction"	3	TRUE	FALSE	"3/3 chips match pooled direction"	FALSE	1	FALSE	TRUE	TRUE	-0.122023519782116	FALSE	"IPF/FO22-1-09404"	"DIRECTION_CONCORDANT"	"TECHNICAL_SENSITIVE"	"valid_coverage_fraction;median_nUMI;median_nGene;chip_median_range_ge_1_patient_sd"	0.149122807017544	0.00175438596491228	0.00175438596491228	0.742105263157895	0.763157894736842	0.763157894736842	1.17941459874466	TRUE	TRUE	FALSE	TRUE	"stromal/fibrotic"	"clustering"	NA	NA
"E03417"	"TECHNICALLY_SENSITIVE"	"21-state"	"pair_coenrichment"	"pair_coenrichment"	"primary"	"Basal epithelial ↔ Other inflammatory monocyte/macrophage"	"Basal-like epithelial ↔ Inflammatory monocyte/macrophage"	NA	"Basal epithelial"	"Other inflammatory monocyte/macrophage"	"fisher_z"	50	"SSc-ILD_vs_IPF"	0.0694859703286169	1.28806553002121	0.01190212220101	0.127069818456224	0.0214687680986236	0.00999900009999	TRUE	TRUE	0.806319368063194	NA	FALSE	FALSE	0.0957956389670974	0.0548870813922201	0.0596856156982978	"3/3_same_direction"	3	TRUE	FALSE	"3/3 chips match pooled direction"	FALSE	1	FALSE	TRUE	TRUE	0.0746122769294258	FALSE	"IPF/FO23-1-06474"	"DIRECTION_CONCORDANT"	"TECHNICAL_SENSITIVE"	"mean_feature_weight"	0.507017543859649	0.317543859649123	0.317543859649123	-0.329824561403509	-0.352631578947368	-0.352631578947368	0.242054508286977	TRUE	TRUE	FALSE	TRUE	"mixed"	"co-enrichment (not interaction)"	NA	"Spatial metric may partly reflect overall feature abundance."
"E01635"	"TECHNICALLY_SENSITIVE"	"18-state"	"pair_coenrichment"	"exploratory_pair"	"primary"	"Blood endothelial ↔ Plasma"	"Blood endothelial ↔ Plasma"	NA	"Blood endothelial"	"Plasma"	"fisher_z"	50	"SSc-ILD_vs_IPF"	0.0957972937004335	0.431958758851636	0.0257896077640977	0.165804979636769	0.0108660111064351	0.0115988401159884	TRUE	TRUE	0.652614738526147	NA	FALSE	FALSE	0.145605591766197	0.0501422731872394	0.0937684623234327	"3/3_same_direction"	3	TRUE	FALSE	"3/3 chips match pooled direction"	FALSE	1	FALSE	TRUE	TRUE	0.0915812821587984	FALSE	"IPF/FO22-1-09404"	"REFERENCE_18STATE"	"TECHNICAL_SENSITIVE"	"median_nUMI;median_nGene;mean_feature_weight;chip_median_range_ge_1_patient_sd"	0.571929824561404	-0.105263157894737	-0.105263157894737	0.333333333333333	0.663157894736842	0.663157894736842	2.04037087656562	TRUE	TRUE	FALSE	TRUE	"mixed"	"co-enrichment (not interaction)"	NA	"Spatial metric may partly reflect overall feature abundance."
"E01647"	"TECHNICALLY_SENSITIVE"	"18-state"	"pair_coenrichment"	"exploratory_pair"	"primary"	"Lymphatic endothelial ↔ Perivascular/mesothelial stromal"	"Lymphatic endothelial ↔ Perivascular/mesothelial stromal"	NA	"Lymphatic endothelial"	"Perivascular/mesothelial stromal"	"fisher_z"	50	"SSc-ILD_vs_IPF"	-0.0989149814741089	-0.752112290587596	-0.184323240131921	-0.0135067228162964	0.0262671612320098	0.0111988801119888	TRUE	TRUE	0.652614738526147	NA	FALSE	FALSE	-0.212369639404514	-0.0436063255115432	-0.0267097639674861	"3/3_same_direction"	3	TRUE	FALSE	"3/3 chips match pooled direction"	FALSE	1	FALSE	TRUE	TRUE	-0.0920396338199668	FALSE	"IPF/FO22-1-09404"	"REFERENCE_18STATE"	"TECHNICAL_SENSITIVE"	"median_nUMI;median_nGene;mean_feature_weight;chip_median_range_ge_1_patient_sd"	0.812280701754386	-0.370175438596491	-0.370175438596491	0.433333333333333	0.789473684210526	0.789473684210526	1.6751242023128	TRUE	TRUE	FALSE	TRUE	"mixed"	"co-enrichment (not interaction)"	NA	"Spatial metric may partly reflect overall feature abundance."
"E03873"	"TECHNICALLY_SENSITIVE"	"21-state"	"pair_coenrichment"	"pair_coenrichment"	"primary"	"KRT17 aberrant basaloid ↔ T"	"Basal-like epithelial ↔ T"	NA	"KRT17 aberrant basaloid"	"T"	"fisher_z"	50	"SSc-ILD_vs_IPF"	0.0615426986874722	1.04935149933308	0.012234786916956	0.110850610457988	0.0180520854969847	0.0123987601239876	TRUE	TRUE	0.806319368063194	NA	FALSE	FALSE	0.0352244463682259	0.0650572683893512	0.092172028891842	"3/3_same_direction"	3	TRUE	FALSE	"3/3 chips match pooled direction"	FALSE	1	FALSE	TRUE	TRUE	0.0574035282855743	FALSE	"IPF/FO23-1-06474"	"DIRECTION_CONCORDANT"	"TECHNICAL_SENSITIVE"	"median_nUMI;median_nGene;mean_feature_weight;chip_median_range_ge_1_patient_sd"	0.678947368421053	0.0245614035087719	0.0245614035087719	-0.375438596491228	-0.545614035087719	-0.545614035087719	1.04054370300106	TRUE	TRUE	FALSE	TRUE	"mixed"	"co-enrichment (not interaction)"	"EXPLORATORY_SENSITIVITY_ONLY"	"Low-reference-cell state: exploratory sensitivity only; not an independently validated conclusion. Spatial metric may partly reflect overall feature abundance."
"E00645"	"TECHNICALLY_SENSITIVE"	"18-state"	"spatial_architecture"	"spatial_architecture"	"scale_sensitivity"	"Dendritic cell"	"Dendritic cell"	"Dendritic cell"	NA	NA	"morans_i"	100	"SSc-ILD_vs_IPF"	-0.130305672596763	-1.01000349127436	-0.245008195116124	-0.015603150077402	0.0287788063553448	0.0126987301269873	TRUE	TRUE	0.835015090040292	NA	FALSE	FALSE	-0.187075087685118	-0.190905367935595	0.0060924453393875	"2/3_same_direction"	2	FALSE	FALSE	"cross-chip direction criterion not met"	FALSE	1	FALSE	TRUE	TRUE	-0.1282857689949	FALSE	"IPF/FO23-1-09473"	"REFERENCE_18STATE"	"TECHNICAL_SENSITIVE"	"valid_coverage_fraction;median_nUMI;median_nGene;mean_feature_weight;chip_median_range_ge_1_patient_sd"	-0.754385964912281	-0.147368421052632	-0.147368421052632	0.689473684210526	0.836842105263158	0.836842105263158	1.37079735637901	TRUE	TRUE	FALSE	TRUE	"immune"	"clustering"	NA	"Spatial metric may partly reflect overall feature abundance."
"E04683"	"TECHNICALLY_SENSITIVE"	"21-state"	"pair_coenrichment"	"pair_coenrichment"	"secondary_or_scale_sensitivity"	"AT2/alveolar transitional ↔ Basal epithelial"	"AT2/alveolar transitional ↔ Basal-like epithelial"	NA	"AT2/alveolar transitional"	"Basal epithelial"	"observed_expected_ratio"	50	"SSc-ILD_vs_IPF"	0.333325668916533	1.26749505474498	0.081654747822901	0.584996590010166	0.0130887022775654	0.0158984101589841	TRUE	TRUE	0.837841930092705	NA	FALSE	FALSE	0.0649325709271766	0.514106113906747	0.475842257370901	"3/3_same_direction"	3	TRUE	FALSE	"3/3 chips match pooled direction"	FALSE	1	FALSE	TRUE	TRUE	0.315472110143065	FALSE	"IPF/FO23-1-09473"	"FINE_STATE_ONLY_NO_PARENT_TEST"	"TECHNICAL_SENSITIVE"	"chip_median_range_ge_1_patient_sd"	0.21578947368421	0.285964912280702	0.285964912280702	-0.107017543859649	-0.219298245614035	-0.219298245614035	1.19528656400439	FALSE	TRUE	FALSE	TRUE	"epithelial"	"co-enrichment (not interaction)"	NA	"Fine-state-only evidence without a directly matched 18-state test."
"E02589"	"TECHNICALLY_SENSITIVE"	"21-state"	"spatial_architecture"	"spatial_architecture"	"scale_sensitivity"	"Other inflammatory monocyte/macrophage"	"Inflammatory monocyte/macrophage"	"Other inflammatory monocyte/macrophage"	NA	NA	"morans_i"	100	"SSc-ILD_vs_IPF"	-0.0950779881195851	-1.18136421315223	-0.172398109547483	-0.0177578666916872	0.0195039242806532	0.0147985201479852	TRUE	TRUE	0.703954604539546	NA	FALSE	FALSE	-0.18322590536766	-0.108356190520998	0.0218122913382046	"2/3_same_direction"	2	FALSE	FALSE	"cross-chip direction criterion not met"	FALSE	1	FALSE	TRUE	TRUE	-0.0881738823463495	FALSE	"IPF/FO23-1-06170"	"DIRECTION_CONCORDANT"	"TECHNICAL_SENSITIVE"	"mean_feature_weight"	-0.514035087719298	-0.0403508771929825	-0.0403508771929825	0.445614035087719	0.414035087719298	0.414035087719298	0.584393584116938	TRUE	TRUE	FALSE	TRUE	"immune"	"clustering"	NA	"Spatial metric may partly reflect overall feature abundance."
"E03195"	"TECHNICALLY_SENSITIVE"	"21-state"	"pair_coenrichment"	"pair_coenrichment"	"secondary_or_scale_sensitivity"	"Alveolar/resident macrophage ↔ Basal epithelial"	"Alveolar/resident macrophage ↔ Basal-like epithelial"	NA	"Alveolar/resident macrophage"	"Basal epithelial"	"observed_expected_ratio"	50	"SSc-ILD_vs_IPF"	0.222170468530009	1.29150401610412	0.0491997233912852	0.395141213668732	0.0154967192552229	0.0148985101489851	TRUE	TRUE	0.837841930092705	NA	FALSE	FALSE	0.0598952486326671	0.255906120684413	0.391611879117963	"3/3_same_direction"	3	TRUE	FALSE	"3/3 chips match pooled direction"	FALSE	1	FALSE	TRUE	TRUE	0.21885763363404	FALSE	"IPF/FO23-1-09473"	"FINE_STATE_ONLY_NO_PARENT_TEST"	"TECHNICAL_SENSITIVE"	"mean_feature_weight"	0.543859649122807	0.0754385964912281	0.0754385964912281	-0.366666666666667	-0.452631578947368	-0.452631578947368	0.465688022277473	TRUE	TRUE	FALSE	TRUE	"mixed"	"co-enrichment (not interaction)"	NA	"Fine-state-only evidence without a directly matched 18-state test. Spatial metric may partly reflect overall feature abundance."
"E02673"	"TECHNICALLY_SENSITIVE"	"21-state"	"spatial_architecture"	"spatial_architecture"	"scale_sensitivity"	"Mast/Basophil"	"Mast/Basophil"	"Mast/Basophil"	NA	NA	"morans_i"	100	"SSc-ILD_vs_IPF"	-0.143917232796802	-0.943965942282198	-0.276086136563935	-0.0117483290296699	0.0349188460443097	0.014998500149985	TRUE	TRUE	0.703954604539546	NA	FALSE	FALSE	-0.23040964548475	-0.181673858587659	-0.0031971973047572	"3/3_same_direction"	3	TRUE	FALSE	"3/3 chips match pooled direction"	FALSE	1	FALSE	TRUE	TRUE	-0.147833937226807	FALSE	"IPF/FO23-1-09473"	"DIRECTION_CONCORDANT"	"TECHNICAL_SENSITIVE"	"valid_coverage_fraction;median_nUMI;median_nGene;mean_feature_weight;chip_median_range_ge_1_patient_sd"	-0.508771929824562	-0.135087719298246	-0.135087719298246	0.721052631578947	0.749122807017544	0.749122807017544	1.61280269498391	TRUE	TRUE	FALSE	TRUE	"immune"	"clustering"	NA	"Spatial metric may partly reflect overall feature abundance."
"E06285"	"TECHNICALLY_SENSITIVE"	"21-state"	"pair_coenrichment"	"pair_coenrichment"	"secondary_or_scale_sensitivity"	"AT1 ↔ T"	"AT1 ↔ T"	NA	"AT1"	"T"	"fisher_z"	100	"SSc-ILD_vs_IPF"	-0.095902453340887	-1.25346588962497	-0.170198749842209	-0.0216061568395646	0.0150862234519425	0.0184981501849815	TRUE	TRUE	0.940259057528346	NA	FALSE	FALSE	-0.0530811372120073	-0.0414786230244982	-0.209223890892728	"3/3_same_direction"	3	TRUE	FALSE	"3/3 chips match pooled direction"	FALSE	1	FALSE	TRUE	TRUE	-0.08246459102314	FALSE	"IPF/FO23-1-09473"	"DIRECTION_CONCORDANT"	"TECHNICAL_SENSITIVE"	"chip_median_range_ge_1_patient_sd"	-0.0649122807017544	-0.0333333333333333	-0.0333333333333333	-0.352631578947368	-0.131578947368421	-0.131578947368421	1.70404968081227	FALSE	TRUE	FALSE	TRUE	"mixed"	"co-enrichment (not interaction)"	NA	NA
"E01176"	"TECHNICALLY_SENSITIVE"	"18-state"	"pair_coenrichment"	"predefined_pair"	"secondary_or_scale_sensitivity"	"B ↔ NK"	"B ↔ NK"	NA	"B"	"NK"	"fisher_z"	100	"SSc-ILD_vs_IPF"	-0.162718603196725	-1.25309039585712	-0.303970063302007	-0.0214671430914432	0.0269455175357189	0.0160983901609839	TRUE	TRUE	0.295170482951705	NA	FALSE	FALSE	-0.304835605040603	-0.0908486143991946	-0.0790096867911488	"3/3_same_direction"	3	TRUE	FALSE	"3/3 chips match pooled direction"	FALSE	1	FALSE	TRUE	TRUE	-0.172826826584486	FALSE	"IPF/FO23-1-06474"	"REFERENCE_18STATE"	"TECHNICAL_SENSITIVE"	"valid_bins;tissue_area_um2"	-0.0298245614035088	-0.535087719298246	-0.535087719298246	0.0263157894736842	-0.0228070175438597	-0.0228070175438597	0.270194466655227	TRUE	TRUE	FALSE	TRUE	"immune"	"co-enrichment (not interaction)"	NA	NA
"E01173"	"TECHNICALLY_SENSITIVE"	"18-state"	"pair_coenrichment"	"predefined_pair"	"secondary_or_scale_sensitivity"	"B ↔ NK"	"B ↔ NK"	NA	"B"	"NK"	"spearman_rho"	100	"SSc-ILD_vs_IPF"	-0.158700271247308	-1.25734428359158	-0.295872375302345	-0.0215281671922711	0.026397943386155	0.0163983601639836	TRUE	TRUE	0.295170482951705	NA	FALSE	FALSE	-0.294696371517723	-0.0902922671135117	-0.0780318680154596	"3/3_same_direction"	3	TRUE	FALSE	"3/3 chips match pooled direction"	FALSE	1	FALSE	TRUE	TRUE	-0.168811188512344	FALSE	"IPF/FO23-1-06474"	"REFERENCE_18STATE"	"TECHNICAL_SENSITIVE"	"valid_bins;tissue_area_um2"	-0.0298245614035088	-0.535087719298246	-0.535087719298246	0.0263157894736842	-0.0228070175438597	-0.0228070175438597	0.27752061566843	TRUE	TRUE	FALSE	TRUE	"immune"	"co-enrichment (not interaction)"	NA	NA
"E00453"	"TECHNICALLY_SENSITIVE"	"18-state"	"spatial_architecture"	"spatial_architecture"	"primary"	"Perivascular/mesothelial stromal"	"Perivascular/mesothelial stromal"	"Perivascular/mesothelial stromal"	NA	NA	"morans_i"	50	"SSc-ILD_vs_IPF"	-0.121968668477759	-1.06005401448502	-0.233228351886194	-0.0107089850693231	0.0338840880458613	0.0172982701729827	TRUE	TRUE	0.823186252803291	NA	FALSE	FALSE	-0.21941346452478	-0.116085885050229	-0.0180953355822443	"3/3_same_direction"	3	TRUE	FALSE	"3/3 chips match pooled direction"	FALSE	1	FALSE	TRUE	TRUE	-0.124209363840856	FALSE	"IPF/FO22-1-09404"	"REFERENCE_18STATE"	"TECHNICAL_SENSITIVE"	"valid_coverage_fraction;median_nUMI;median_nGene;chip_median_range_ge_1_patient_sd"	0.170175438596491	-0.00701754385964912	-0.00701754385964912	0.733333333333333	0.757894736842105	0.757894736842105	1.21066408115868	TRUE	TRUE	FALSE	TRUE	"stromal/fibrotic"	"clustering"	NA	NA
"E06159"	"TECHNICALLY_SENSITIVE"	"21-state"	"pair_coenrichment"	"pair_coenrichment"	"secondary_or_scale_sensitivity"	"Basal epithelial ↔ Dendritic cell"	"Basal-like epithelial ↔ Dendritic cell"	NA	"Basal epithelial"	"Dendritic cell"	"observed_expected_ratio"	100	"SSc-ILD_vs_IPF"	0.261466020403326	1.11706225902294	0.0488077784468027	0.474124262359849	0.0195165025417551	0.0173982601739826	TRUE	TRUE	0.940259057528346	NA	FALSE	FALSE	0.11425940618506	0.462060798078694	0.213260607420241	"3/3_same_direction"	3	TRUE	FALSE	"3/3 chips match pooled direction"	FALSE	1	FALSE	TRUE	TRUE	0.243068306069031	FALSE	"IPF/FO23-1-09473"	"FINE_STATE_ONLY_NO_PARENT_TEST"	"TECHNICAL_SENSITIVE"	"valid_bins;tissue_area_um2;median_nUMI;median_nGene"	0.491228070175439	0.554385964912281	0.554385964912281	-0.273684210526316	-0.526315789473684	-0.526315789473684	0.857761819207865	TRUE	TRUE	FALSE	TRUE	"mixed"	"co-enrichment (not interaction)"	NA	"Fine-state-only evidence without a directly matched 18-state test."
"E02421"	"TECHNICALLY_SENSITIVE"	"21-state"	"spatial_architecture"	"spatial_architecture"	"primary"	"Lymphatic endothelial"	"Lymphatic endothelial"	"Lymphatic endothelial"	NA	NA	"morans_i"	50	"SSc-ILD_vs_IPF"	-0.129614792789624	-1.07833473103995	-0.248030802079242	-0.0111987835000051	0.0341176723548025	0.0187981201879812	TRUE	TRUE	0.781694557816946	NA	FALSE	FALSE	-0.216122438527871	-0.135985843434941	-0.0219374397670397	"3/3_same_direction"	3	TRUE	FALSE	"3/3 chips match pooled direction"	FALSE	1	FALSE	TRUE	TRUE	-0.130178071032212	FALSE	"IPF/FO22-1-09404"	"DIRECTION_CONCORDANT"	"TECHNICAL_SENSITIVE"	"valid_coverage_fraction;median_nUMI;median_nGene;chip_median_range_ge_1_patient_sd"	0.482456140350877	-0.0315789473684211	-0.0315789473684211	0.724561403508772	0.710526315789474	0.710526315789474	1.08124695684468	TRUE	TRUE	FALSE	TRUE	"vascular/endothelial"	"clustering"	NA	NA
"E00501"	"TECHNICALLY_SENSITIVE"	"18-state"	"spatial_architecture"	"spatial_architecture"	"primary"	"Lymphatic endothelial"	"Lymphatic endothelial"	"Lymphatic endothelial"	NA	NA	"morans_i"	50	"SSc-ILD_vs_IPF"	-0.13512661677568	-1.07230016034614	-0.258619363548169	-0.0116338700031905	0.0341685509359838	0.018998100189981	TRUE	TRUE	0.823186252803291	NA	FALSE	FALSE	-0.22011643569833	-0.145453203554973	-0.0249302672729247	"3/3_same_direction"	3	TRUE	FALSE	"3/3 chips match pooled direction"	FALSE	1	FALSE	TRUE	TRUE	-0.134609527228507	FALSE	"IPF/FO23-1-09473"	"REFERENCE_18STATE"	"TECHNICAL_SENSITIVE"	"valid_coverage_fraction;median_nUMI;median_nGene;chip_median_range_ge_1_patient_sd"	0.491228070175439	-0.0543859649122807	-0.0543859649122807	0.71578947368421	0.71578947368421	0.71578947368421	1.10161576075571	TRUE	TRUE	FALSE	TRUE	"vascular/endothelial"	"clustering"	NA	NA
"E00477"	"TECHNICALLY_SENSITIVE"	"18-state"	"spatial_architecture"	"spatial_architecture"	"primary"	"Fibroblast"	"Fibroblast"	"Fibroblast"	NA	NA	"morans_i"	50	"SSc-ILD_vs_IPF"	-0.122846586130557	-0.993741636176677	-0.23846951375952	-0.007223658501594	0.0388816063252451	0.0195980401959804	TRUE	TRUE	0.823186252803291	NA	FALSE	FALSE	-0.161959748701231	-0.183981071787017	-0.0062928707309213	"3/3_same_direction"	3	TRUE	FALSE	"3/3 chips match pooled direction"	FALSE	1	FALSE	TRUE	TRUE	-0.123488420744955	FALSE	"IPF/FO23-1-09473"	"REFERENCE_18STATE"	"TECHNICAL_SENSITIVE"	"valid_coverage_fraction;median_nUMI;median_nGene;mean_feature_weight;chip_median_range_ge_1_patient_sd"	0.503508771929825	-0.0842105263157895	-0.0842105263157895	0.705263157894737	0.840350877192983	0.840350877192983	1.46538014984541	TRUE	TRUE	FALSE	TRUE	"stromal/fibrotic"	"clustering"	NA	"Spatial metric may partly reflect overall feature abundance."
"E04059"	"TECHNICALLY_SENSITIVE"	"21-state"	"pair_coenrichment"	"pair_coenrichment"	"secondary_or_scale_sensitivity"	"NK ↔ Peribronchial fibroblast"	"Myofibroblast ↔ NK"	NA	"NK"	"Peribronchial fibroblast"	"observed_expected_ratio"	50	"SSc-ILD_vs_IPF"	-0.265434753305108	-1.20227618850996	-0.496884951877136	-0.0339845547330807	0.0275244602867085	0.0206979302069793	TRUE	TRUE	0.837841930092705	NA	FALSE	FALSE	-0.306870981811125	-0.272320613769903	-0.211869057540856	"3/3_same_direction"	3	TRUE	FALSE	"3/3 chips match pooled direction"	FALSE	1	FALSE	TRUE	TRUE	-0.250258919606119	FALSE	"IPF/FO23-1-03100"	"FINE_STATE_ONLY_NO_PARENT_TEST"	"TECHNICAL_SENSITIVE"	"valid_bins;tissue_area_um2"	0.212280701754386	-0.550877192982456	-0.550877192982456	0.340350877192982	0.228070175438597	0.228070175438597	0.569044721079091	TRUE	TRUE	FALSE	TRUE	"mixed"	"co-enrichment (not interaction)"	NA	"Fine-state-only evidence without a directly matched 18-state test."
"E07362"	"TECHNICALLY_SENSITIVE"	"21-state"	"pair_coenrichment"	"pair_coenrichment"	"secondary_or_scale_sensitivity"	"Peribronchial fibroblast ↔ Secretory/other airway epithelial"	"Myofibroblast ↔ Secretory/other airway epithelial"	NA	"Peribronchial fibroblast"	"Secretory/other airway epithelial"	"largest_coenriched_component_fraction"	100	"SSc-ILD_vs_IPF"	-0.009437965492716	-1.0961032906048	-0.017482655498106	-0.001393275487326	0.024679255205969	0.0207979202079792	TRUE	TRUE	0.940259057528346	NA	FALSE	FALSE	-0.014507692013774	-0.0090451886878397	-0.0037189716739444	"3/3_same_direction"	3	TRUE	FALSE	"3/3 chips match pooled direction"	FALSE	1	FALSE	TRUE	TRUE	-0.0078517708654165	FALSE	"IPF/FO23-1-06474"	"FINE_STATE_ONLY_NO_PARENT_TEST"	"TECHNICAL_SENSITIVE"	"valid_bins;tissue_area_um2;chip_median_range_ge_1_patient_sd"	-0.112280701754386	-0.759649122807018	-0.759649122807018	0.257894736842105	0.396491228070175	0.396491228070175	1.57851332341988	TRUE	TRUE	FALSE	TRUE	"mixed"	"patch morphology of co-enrichment"	NA	"Fine-state-only evidence without a directly matched 18-state test."
"E01395"	"TECHNICALLY_SENSITIVE"	"18-state"	"pair_coenrichment"	"exploratory_pair"	"primary"	"AT2/alveolar transitional ↔ T"	"AT2/alveolar transitional ↔ T"	NA	"AT2/alveolar transitional"	"T"	"fisher_z"	50	"SSc-ILD_vs_IPF"	0.0840281388808964	1.18342231237168	0.0078854594202051	0.160170818341588	0.0328856905709275	0.0211978802119788	TRUE	TRUE	0.779022097790221	NA	FALSE	FALSE	0.123375051479023	0.0585559877186894	0.0699842491548781	"3/3_same_direction"	3	TRUE	FALSE	"3/3 chips match pooled direction"	FALSE	1	FALSE	TRUE	TRUE	0.0971398378621475	FALSE	"IPF/FO22-1-09404"	"REFERENCE_18STATE"	"TECHNICAL_SENSITIVE"	"median_nUMI;median_nGene"	0.464912280701754	0.143859649122807	0.143859649122807	-0.242105263157895	-0.545614035087719	-0.545614035087719	0.39339233203071	TRUE	TRUE	FALSE	TRUE	"mixed"	"co-enrichment (not interaction)"	NA	NA
"E00717"	"TECHNICALLY_SENSITIVE"	"18-state"	"spatial_architecture"	"spatial_architecture"	"scale_sensitivity"	"Mast/Basophil"	"Mast/Basophil"	"Mast/Basophil"	NA	NA	"morans_i"	100	"SSc-ILD_vs_IPF"	-0.138069450576416	-0.889174280955239	-0.270455716298127	-0.0056831848547058	0.042083008064003	0.0224977502249775	TRUE	TRUE	0.835015090040292	NA	FALSE	FALSE	-0.202192691877958	-0.186468270762524	-0.0128316331879503	"3/3_same_direction"	3	TRUE	FALSE	"3/3 chips match pooled direction"	FALSE	1	FALSE	TRUE	TRUE	-0.143873561082889	FALSE	"IPF/FO23-1-09473"	"REFERENCE_18STATE"	"TECHNICAL_SENSITIVE"	"valid_coverage_fraction;median_nUMI;median_nGene;mean_feature_weight;chip_median_range_ge_1_patient_sd"	-0.57719298245614	-0.203508771929825	-0.203508771929825	0.756140350877193	0.796491228070176	0.796491228070176	1.79163523491168	TRUE	TRUE	FALSE	TRUE	"immune"	"clustering"	NA	"Spatial metric may partly reflect overall feature abundance."
"E02253"	"TECHNICALLY_SENSITIVE"	"21-state"	"spatial_architecture"	"spatial_architecture"	"primary"	"B"	"B"	"B"	NA	NA	"morans_i"	50	"SSc-ILD_vs_IPF"	-0.105827245667081	-0.978555040447072	-0.20048313412943	-0.0111713572047324	0.0309923743854078	0.0225977402259774	TRUE	TRUE	0.716616338366164	NA	FALSE	FALSE	-0.159449815858185	-0.138911686473267	-0.0053159216335262	"3/3_same_direction"	3	TRUE	FALSE	"3/3 chips match pooled direction"	FALSE	1	FALSE	TRUE	TRUE	-0.111539568390687	FALSE	"IPF/FO22-1-09404"	"DIRECTION_CONCORDANT"	"TECHNICAL_SENSITIVE"	"valid_coverage_fraction;median_nUMI;median_nGene;chip_median_range_ge_1_patient_sd"	0.285964912280702	-0.189473684210526	-0.189473684210526	0.571929824561404	0.735087719298246	0.735087719298246	1.1531872000859	TRUE	TRUE	FALSE	TRUE	"immune"	"clustering"	NA	NA
"E02694"	"TECHNICALLY_SENSITIVE"	"21-state"	"spatial_architecture"	"spatial_architecture"	"scale_sensitivity"	"B"	"B"	"B"	NA	NA	"morans_i"	100	"SSc-ILD_vs_IPF"	-0.223209601052591	-1.02148142974843	-0.42215088193455	-0.0242683201706319	0.030491370343396	0.0236976302369763	TRUE	TRUE	0.703954604539546	NA	FALSE	FALSE	-0.420628494440154	-0.250570157149238	0.0507092541041078	"2/3_same_direction"	2	FALSE	FALSE	"cross-chip direction criterion not met"	FALSE	1	FALSE	TRUE	TRUE	-0.22931229305876	FALSE	"IPF/FO23-1-09473"	"DIRECTION_CONCORDANT"	"TECHNICAL_SENSITIVE"	"valid_coverage_fraction;median_nUMI;median_nGene;chip_median_range_ge_1_patient_sd"	0.473684210526316	-0.0929824561403509	-0.0929824561403509	0.607017543859649	0.787719298245614	0.787719298245614	1.79701600380588	TRUE	TRUE	FALSE	TRUE	"immune"	"clustering"	NA	NA
"E02820"	"TECHNICALLY_SENSITIVE"	"21-state"	"spatial_architecture"	"spatial_architecture"	"scale_sensitivity"	"Perivascular/mesothelial stromal"	"Perivascular/mesothelial stromal"	"Perivascular/mesothelial stromal"	NA	NA	"morans_i"	100	"SSc-ILD_vs_IPF"	-0.203124170089645	-1.05195514499035	-0.391410219211514	-0.0148381209677757	0.0363842781196004	0.0238976102389761	TRUE	TRUE	0.861485175011911	NA	FALSE	FALSE	-0.328811172692986	-0.258508449603555	0.0099823604692507	"2/3_same_direction"	2	FALSE	FALSE	"cross-chip direction criterion not met"	FALSE	1	FALSE	TRUE	TRUE	-0.208106255432004	FALSE	"IPF/FO23-1-09473"	"DIRECTION_CONCORDANT"	"TECHNICAL_SENSITIVE"	"valid_coverage_fraction;median_nUMI;median_nGene;chip_median_range_ge_1_patient_sd"	0.128070175438597	-0.0087719298245614	-0.0087719298245614	0.742105263157895	0.775438596491228	0.775438596491228	1.43231410085015	TRUE	TRUE	FALSE	TRUE	"stromal/fibrotic"	"clustering"	NA	NA
"E00285"	"TECHNICALLY_SENSITIVE"	"18-state"	"spatial_architecture"	"spatial_architecture"	"primary"	"Mast/Basophil"	"Mast/Basophil"	"Mast/Basophil"	NA	NA	"morans_i"	50	"SSc-ILD_vs_IPF"	-0.0441836270089569	-0.789761347289332	-0.0849709060369462	-0.0033963479809675	0.0357285018428887	0.0241975802419758	TRUE	TRUE	0.823186252803291	NA	FALSE	FALSE	-0.0662311215612012	-0.0679878591004122	0.0097976282724813	"2/3_same_direction"	2	FALSE	FALSE	"cross-chip direction criterion not met"	FALSE	1	FALSE	TRUE	TRUE	-0.0534655921174463	FALSE	"SSC/3342/13"	"REFERENCE_18STATE"	"TECHNICAL_SENSITIVE"	"valid_coverage_fraction;median_nUMI;median_nGene;mean_feature_weight;chip_median_range_ge_1_patient_sd"	-0.557894736842105	-0.231578947368421	-0.231578947368421	0.573684210526316	0.729824561403509	0.729824561403509	2.38964294066544	TRUE	TRUE	FALSE	TRUE	"immune"	"clustering"	NA	"Spatial metric may partly reflect overall feature abundance."
"E07818"	"TECHNICALLY_SENSITIVE"	"21-state"	"pair_coenrichment"	"pair_coenrichment"	"secondary_or_scale_sensitivity"	"Basal epithelial ↔ Lymphatic endothelial"	"Basal-like epithelial ↔ Lymphatic endothelial"	NA	"Basal epithelial"	"Lymphatic endothelial"	"largest_coenriched_component_fraction"	100	"SSc-ILD_vs_IPF"	-0.0106221172126601	-1.19670866018146	-0.0202128067037233	-0.0010314277215969	0.0323534548792482	0.0241975802419758	TRUE	TRUE	0.940259057528346	NA	FALSE	FALSE	-0.0039422499782214	-0.0158831925807364	-0.0124463954775085	"3/3_same_direction"	3	TRUE	FALSE	"3/3 chips match pooled direction"	FALSE	1	FALSE	TRUE	TRUE	-0.010468870747255	FALSE	"IPF/FO23-1-09473"	"FINE_STATE_ONLY_NO_PARENT_TEST"	"TECHNICAL_SENSITIVE"	"valid_bins;tissue_area_um2"	0.0140350877192982	-0.773684210526316	-0.773684210526316	0.214035087719298	0.385964912280702	0.385964912280702	0.617390101286807	TRUE	TRUE	FALSE	TRUE	"mixed"	"patch morphology of co-enrichment"	NA	"Fine-state-only evidence without a directly matched 18-state test."
"E02400"	"TECHNICALLY_SENSITIVE"	"21-state"	"spatial_architecture"	"spatial_architecture"	"primary"	"Fibroblast"	"Fibroblast"	"Fibroblast"	NA	NA	"morans_i"	50	"SSc-ILD_vs_IPF"	-0.122532716466698	-0.992632632093148	-0.240844475263379	-0.004220957670017	0.04333245954672	0.0246975302469753	TRUE	TRUE	0.781694557816946	NA	FALSE	FALSE	-0.183475729883433	-0.178879530663021	0.0143368364152485	"2/3_same_direction"	2	FALSE	FALSE	"cross-chip direction criterion not met"	FALSE	1	FALSE	TRUE	TRUE	-0.125940385423928	FALSE	"IPF/FO23-1-09473"	"DIRECTION_CONCORDANT"	"TECHNICAL_SENSITIVE"	"valid_coverage_fraction;median_nUMI;median_nGene;chip_median_range_ge_1_patient_sd"	0.498245614035088	-0.043859649122807	-0.043859649122807	0.689473684210526	0.81578947368421	0.81578947368421	1.4844486740981	TRUE	TRUE	FALSE	TRUE	"stromal/fibrotic"	"clustering"	NA	NA
"E02232"	"TECHNICALLY_SENSITIVE"	"21-state"	"spatial_architecture"	"spatial_architecture"	"primary"	"Mast/Basophil"	"Mast/Basophil"	"Mast/Basophil"	NA	NA	"morans_i"	50	"SSc-ILD_vs_IPF"	-0.034478251652997	-0.647532784021641	-0.0651686640612853	-0.0037878392447087	0.0303122057534723	0.0248975102489751	TRUE	TRUE	0.716616338366164	NA	FALSE	FALSE	-0.0494523876640805	-0.0661290094782414	0.0205429856394233	"2/3_same_direction"	2	FALSE	FALSE	"cross-chip direction criterion not met"	FALSE	1	FALSE	TRUE	TRUE	-0.0445665568518874	FALSE	"IPF/FO23-1-06168"	"DIRECTION_CONCORDANT"	"TECHNICAL_SENSITIVE"	"valid_coverage_fraction;median_nUMI;median_nGene;mean_feature_weight;chip_median_range_ge_1_patient_sd"	-0.621052631578947	-0.303508771929825	-0.303508771929825	0.589473684210526	0.77719298245614	0.77719298245614	2.05580984759069	TRUE	TRUE	FALSE	TRUE	"immune"	"clustering"	NA	"Spatial metric may partly reflect overall feature abundance."
"E03003"	"TECHNICALLY_SENSITIVE"	"21-state"	"spatial_architecture"	"spatial_architecture"	"scale_sensitivity"	"SPP1 macrophage"	"Inflammatory monocyte/macrophage"	"SPP1 macrophage"	NA	NA	"largest_component_fraction"	100	"SSc-ILD_vs_IPF"	-0.0160660066556603	-1.12325432577428	-0.0298466306318545	-0.0022853826794661	0.0254431213700807	0.0256974302569743	TRUE	TRUE	0.703954604539546	NA	FALSE	FALSE	-0.0208241982553989	-0.0082509300865029	-0.0196742763270351	"3/3_same_direction"	3	TRUE	FALSE	"3/3 chips match pooled direction"	FALSE	1	FALSE	TRUE	TRUE	-0.0119927668165697	FALSE	"IPF/FO23-1-06168"	"DIRECTION_CONCORDANT"	"TECHNICAL_SENSITIVE"	"valid_bins;tissue_area_um2"	-0.454385964912281	-0.591228070175439	-0.591228070175439	0.266666666666667	0.426315789473684	0.426315789473684	0.921141285712636	TRUE	TRUE	FALSE	TRUE	"immune"	"patch morphology"	NA	NA
"E01842"	"TECHNICALLY_SENSITIVE"	"18-state"	"pair_coenrichment"	"exploratory_pair"	"secondary_or_scale_sensitivity"	"AT1 ↔ T"	"AT1 ↔ T"	NA	"AT1"	"T"	"fisher_z"	100	"SSc-ILD_vs_IPF"	-0.113000355407133	-1.17510929146428	-0.213321525667932	-0.0126791851463344	0.0299448223067802	0.0270972902709729	TRUE	TRUE	0.796660333966603	NA	FALSE	FALSE	-0.103203740321693	-0.04165775009801	-0.20698883263692	"3/3_same_direction"	3	TRUE	FALSE	"3/3 chips match pooled direction"	FALSE	1	FALSE	TRUE	TRUE	-0.102433904676079	FALSE	"IPF/FO23-1-09473"	"REFERENCE_18STATE"	"TECHNICAL_SENSITIVE"	"chip_median_range_ge_1_patient_sd"	-0.157894736842105	0.0210526315789474	0.0210526315789474	-0.166666666666667	-0.0298245614035088	-0.0298245614035088	1.26128070119369	FALSE	TRUE	FALSE	TRUE	"mixed"	"co-enrichment (not interaction)"	NA	NA
"E00885"	"TECHNICALLY_SENSITIVE"	"18-state"	"spatial_architecture"	"spatial_architecture"	"scale_sensitivity"	"Perivascular/mesothelial stromal"	"Perivascular/mesothelial stromal"	"Perivascular/mesothelial stromal"	NA	NA	"morans_i"	100	"SSc-ILD_vs_IPF"	-0.200862606179269	-0.982032854025186	-0.393814082029395	-0.007911130329144	0.042411868984018	0.0271972802719728	TRUE	TRUE	0.835015090040292	NA	FALSE	FALSE	-0.299483235021687	-0.263083901140954	-0.0140168650148112	"3/3_same_direction"	3	TRUE	FALSE	"3/3 chips match pooled direction"	FALSE	1	FALSE	TRUE	TRUE	-0.203657919162229	FALSE	"IPF/FO23-1-09473"	"REFERENCE_18STATE"	"TECHNICAL_SENSITIVE"	"valid_coverage_fraction;median_nUMI;median_nGene;chip_median_range_ge_1_patient_sd"	0.185964912280702	-0.0596491228070175	-0.0596491228070175	0.756140350877193	0.782456140350877	0.782456140350877	1.33012505058858	TRUE	TRUE	FALSE	TRUE	"stromal/fibrotic"	"clustering"	NA	NA
"E07293"	"TECHNICALLY_SENSITIVE"	"21-state"	"pair_coenrichment"	"pair_coenrichment"	"secondary_or_scale_sensitivity"	"Fibroblast ↔ Secretory/other airway epithelial"	"Fibroblast ↔ Secretory/other airway epithelial"	NA	"Fibroblast"	"Secretory/other airway epithelial"	"fisher_z"	100	"SSc-ILD_vs_IPF"	-0.0979176309460826	-1.15313568828047	-0.185192075384521	-0.0106431865076445	0.0304959543349597	0.0281971802819718	TRUE	TRUE	0.940259057528346	NA	FALSE	FALSE	-0.0334497645672462	-0.0293680491232654	-0.249599733275862	"3/3_same_direction"	3	TRUE	FALSE	"3/3 chips match pooled direction"	FALSE	1	FALSE	TRUE	TRUE	-0.0974136554427952	FALSE	"IPF/FO23-1-06168"	"DIRECTION_CONCORDANT"	"TECHNICAL_SENSITIVE"	"chip_median_range_ge_1_patient_sd"	0.319298245614035	-0.398245614035088	-0.398245614035088	-0.315789473684211	0.185964912280702	0.185964912280702	1.40209007854128	FALSE	TRUE	FALSE	TRUE	"mixed"	"co-enrichment (not interaction)"	NA	NA
"E02505"	"TECHNICALLY_SENSITIVE"	"21-state"	"spatial_architecture"	"spatial_architecture"	"primary"	"Peribronchial fibroblast"	"Myofibroblast"	"Peribronchial fibroblast"	NA	NA	"morans_i"	50	"SSc-ILD_vs_IPF"	-0.0624826686994702	-1.07436432806232	-0.122393932099844	-0.0025714052990965	0.0420844658502466	0.0283971602839716	TRUE	TRUE	0.781694557816946	NA	FALSE	FALSE	-0.126441010863681	-0.053946239015454	0.0022952585131547	"2/3_same_direction"	2	FALSE	FALSE	"cross-chip direction criterion not met"	FALSE	1	FALSE	TRUE	TRUE	-0.0575006833055343	FALSE	"IPF/FO22-1-09404"	"DIRECTION_CONCORDANT"	"TECHNICAL_SENSITIVE"	"valid_coverage_fraction;chip_median_range_ge_1_patient_sd"	-0.0631578947368421	0.131578947368421	0.131578947368421	0.512280701754386	0.331578947368421	0.331578947368421	1.27725152095624	TRUE	TRUE	FALSE	TRUE	"stromal/fibrotic"	"clustering"	NA	NA
"E03741"	"TECHNICALLY_SENSITIVE"	"21-state"	"pair_coenrichment"	"pair_coenrichment"	"primary"	"AT2/alveolar transitional ↔ T"	"AT2/alveolar transitional ↔ T"	NA	"AT2/alveolar transitional"	"T"	"fisher_z"	50	"SSc-ILD_vs_IPF"	0.0878668995872364	1.14905011950155	0.0049636750827845	0.170770124091688	0.0392942757899901	0.0284971502849715	TRUE	TRUE	0.975142485751425	NA	FALSE	FALSE	0.117815076672421	0.0620160221362401	0.0866765997176261	"3/3_same_direction"	3	TRUE	FALSE	"3/3 chips match pooled direction"	FALSE	1	FALSE	TRUE	TRUE	0.102741247917921	FALSE	"IPF/FO22-1-09404"	"DIRECTION_CONCORDANT"	"TECHNICAL_SENSITIVE"	"median_nUMI;median_nGene"	0.489473684210526	0.0701754385964912	0.0701754385964912	-0.266666666666667	-0.507017543859649	-0.507017543859649	0.372367251438341	TRUE	TRUE	FALSE	TRUE	"mixed"	"co-enrichment (not interaction)"	NA	NA
"E00741"	"TECHNICALLY_SENSITIVE"	"18-state"	"spatial_architecture"	"spatial_architecture"	"scale_sensitivity"	"B"	"B"	"B"	NA	NA	"morans_i"	100	"SSc-ILD_vs_IPF"	-0.208941699102197	-0.949090642545879	-0.401952483928498	-0.0159309142758973	0.0358351003484439	0.028997100289971	TRUE	TRUE	0.835015090040292	NA	FALSE	FALSE	-0.388546609340573	-0.24480537196275	0.051739737322439	"2/3_same_direction"	2	FALSE	FALSE	"cross-chip direction criterion not met"	FALSE	1	FALSE	TRUE	TRUE	-0.21728737041336	FALSE	"IPF/FO23-1-09473"	"REFERENCE_18STATE"	"TECHNICAL_SENSITIVE"	"valid_coverage_fraction;median_nUMI;median_nGene;chip_median_range_ge_1_patient_sd"	0.394736842105263	-0.143859649122807	-0.143859649122807	0.596491228070175	0.803508771929825	0.803508771929825	2.0275109985224	TRUE	TRUE	FALSE	TRUE	"immune"	"clustering"	NA	NA
"E06978"	"TECHNICALLY_SENSITIVE"	"21-state"	"pair_coenrichment"	"pair_coenrichment"	"secondary_or_scale_sensitivity"	"Ciliated epithelial ↔ Secretory/other airway epithelial"	"Ciliated epithelial ↔ Secretory/other airway epithelial"	NA	"Ciliated epithelial"	"Secretory/other airway epithelial"	"largest_coenriched_component_fraction"	100	"SSc-ILD_vs_IPF"	-0.0263229803075186	-1.0714452340346	-0.0518905184730742	-0.0007554421419629	0.044415507958893	0.0293970602939706	TRUE	TRUE	0.940259057528346	NA	FALSE	FALSE	-0.0551709457212502	-0.0233224451002731	0.0031736141304488	"2/3_same_direction"	2	FALSE	FALSE	"cross-chip direction criterion not met"	FALSE	1	FALSE	TRUE	TRUE	-0.0256450951696409	FALSE	"IPF/FO22-1-09404"	"FINE_STATE_ONLY_NO_PARENT_TEST"	"TECHNICAL_SENSITIVE"	"valid_coverage_fraction;median_nUMI;median_nGene"	0.0403508771929825	-0.329824561403509	-0.329824561403509	0.633333333333333	0.545614035087719	0.545614035087719	0.814269965999663	TRUE	TRUE	FALSE	TRUE	"epithelial"	"patch morphology of co-enrichment"	NA	"Fine-state-only evidence without a directly matched 18-state test."
"E02658"	"TECHNICALLY_SENSITIVE"	"21-state"	"spatial_architecture"	"spatial_architecture"	"scale_sensitivity"	"NK"	"NK"	"NK"	NA	NA	"iqr"	100	"SSc-ILD_vs_IPF"	0.116378321455455	1.0708836542175	0.0122384656980295	0.22051817721288	0.0310562345353253	0.0297970202979702	TRUE	TRUE	0.703954604539546	NA	FALSE	FALSE	0.184458759468053	0.0870938040123477	0.062105497130783	"3/3_same_direction"	3	TRUE	FALSE	"3/3 chips match pooled direction"	FALSE	1	FALSE	TRUE	TRUE	0.117774211495589	FALSE	"IPF/FO23-1-03100"	"DIRECTION_CONCORDANT"	"TECHNICAL_SENSITIVE"	"chip_median_range_ge_1_patient_sd"	-0.201754385964912	0.424561403508772	0.424561403508772	-0.328070175438596	-0.394736842105263	-0.394736842105263	1.0474109913232	FALSE	TRUE	FALSE	TRUE	"immune"	"heterogeneity"	NA	NA
"E06420"	"TECHNICALLY_SENSITIVE"	"21-state"	"pair_coenrichment"	"pair_coenrichment"	"secondary_or_scale_sensitivity"	"Mast/Basophil ↔ NK"	"Mast/Basophil ↔ NK"	NA	"Mast/Basophil"	"NK"	"joint_top_quartile_proportion"	100	"SSc-ILD_vs_IPF"	0.027664724222936	1.18441686172504	0.0023278995128384	0.0530015489330336	0.0344952045579189	0.0303969603039696	TRUE	TRUE	0.940259057528346	NA	FALSE	FALSE	0.0544692701432694	0.0105463211285819	0.0147056675444844	"3/3_same_direction"	3	TRUE	FALSE	"3/3 chips match pooled direction"	FALSE	1	FALSE	TRUE	TRUE	0.0254373603022388	FALSE	"IPF/FO23-1-03100"	"FINE_STATE_ONLY_NO_PARENT_TEST"	"TECHNICAL_SENSITIVE"	"valid_bins;tissue_area_um2;chip_median_range_ge_1_patient_sd"	-0.22280701754386	0.529824561403509	0.529824561403509	-0.340350877192982	-0.36140350877193	-0.36140350877193	1.03055431615588	TRUE	TRUE	FALSE	TRUE	"immune"	"co-enrichment (not interaction)"	NA	"Fine-state-only evidence without a directly matched 18-state test."
"E06429"	"TECHNICALLY_SENSITIVE"	"21-state"	"pair_coenrichment"	"pair_coenrichment"	"secondary_or_scale_sensitivity"	"B ↔ NK"	"B ↔ NK"	NA	"B"	"NK"	"fisher_z"	100	"SSc-ILD_vs_IPF"	-0.142024857482999	-1.19102585046046	-0.272796131201256	-0.0112535837647423	0.0353249091832388	0.0304969503049695	TRUE	TRUE	0.5999400059994	NA	FALSE	FALSE	-0.258621816703808	-0.099055753105934	-0.0525561804892372	"3/3_same_direction"	3	TRUE	FALSE	"3/3 chips match pooled direction"	FALSE	1	FALSE	TRUE	TRUE	-0.153514063072797	FALSE	"IPF/FO23-1-06474"	"DIRECTION_CONCORDANT"	"TECHNICAL_SENSITIVE"	"valid_bins;tissue_area_um2"	-0.0228070175438597	-0.573684210526316	-0.573684210526316	0.0947368421052632	0.0631578947368421	0.0631578947368421	0.366630051642317	TRUE	TRUE	FALSE	TRUE	"immune"	"co-enrichment (not interaction)"	NA	NA
"E07194"	"TECHNICALLY_SENSITIVE"	"21-state"	"pair_coenrichment"	"pair_coenrichment"	"secondary_or_scale_sensitivity"	"AT2/alveolar transitional ↔ Plasma"	"AT2/alveolar transitional ↔ Plasma"	NA	"AT2/alveolar transitional"	"Plasma"	"largest_coenriched_component_fraction"	100	"SSc-ILD_vs_IPF"	-0.0130831750847025	-1.04202934539641	-0.0248904138866597	-0.0012759362827452	0.0322846808556334	0.035996400359964	TRUE	TRUE	0.940259057528346	NA	FALSE	FALSE	-0.0294728492623357	-0.0112453642785821	0.0035734108017167	"2/3_same_direction"	2	FALSE	FALSE	"cross-chip direction criterion not met"	FALSE	1	FALSE	TRUE	TRUE	-0.0123033143717287	FALSE	"IPF/FO23-1-03100"	"FINE_STATE_ONLY_NO_PARENT_TEST"	"TECHNICAL_SENSITIVE"	"valid_coverage_fraction"	-0.37719298245614	-0.308771929824561	-0.308771929824561	0.571929824561404	0.436842105263158	0.436842105263158	0.849422844682542	TRUE	TRUE	FALSE	TRUE	"mixed"	"patch morphology of co-enrichment"	NA	"Fine-state-only evidence without a directly matched 18-state test."
"E07563"	"TECHNICALLY_SENSITIVE"	"21-state"	"pair_coenrichment"	"pair_coenrichment"	"secondary_or_scale_sensitivity"	"Basal epithelial ↔ Blood endothelial"	"Basal-like epithelial ↔ Blood endothelial"	NA	"Basal epithelial"	"Blood endothelial"	"observed_expected_ratio"	100	"SSc-ILD_vs_IPF"	0.362221364856086	1.12123366674727	0.0207321946787935	0.703710535033378	0.0391609671147492	0.033996600339966	TRUE	TRUE	0.940259057528346	NA	FALSE	FALSE	0.625533371896367	0.312795139743054	0.10495813088611	"3/3_same_direction"	3	TRUE	FALSE	"3/3 chips match pooled direction"	FALSE	1	FALSE	TRUE	TRUE	0.365455448717079	FALSE	"IPF/FO23-1-09473"	"FINE_STATE_ONLY_NO_PARENT_TEST"	"TECHNICAL_SENSITIVE"	"valid_coverage_fraction;median_nUMI;median_nGene;chip_median_range_ge_1_patient_sd"	-0.0368421052631579	-0.012280701754386	-0.012280701754386	-0.57719298245614	-0.589473684210526	-0.589473684210526	1.56500255711553	TRUE	TRUE	FALSE	TRUE	"mixed"	"co-enrichment (not interaction)"	NA	"Fine-state-only evidence without a directly matched 18-state test."
"E02988"	"TECHNICALLY_SENSITIVE"	"21-state"	"spatial_architecture"	"spatial_architecture"	"scale_sensitivity"	"SPP1 macrophage"	"Inflammatory monocyte/macrophage"	"SPP1 macrophage"	NA	NA	"morans_i"	100	"SSc-ILD_vs_IPF"	-0.119413678090998	-1.01657105701585	-0.232737597987272	-0.0060897581947236	0.0402833811684731	0.0340965903409659	TRUE	TRUE	0.716028397160284	NA	FALSE	FALSE	-0.209703250637701	-0.0925421617354395	-0.0476946380639479	"3/3_same_direction"	3	TRUE	FALSE	"3/3 chips match pooled direction"	FALSE	1	FALSE	TRUE	TRUE	-0.115422057422795	FALSE	"IPF/FO23-1-09473"	"DIRECTION_CONCORDANT"	"TECHNICAL_SENSITIVE"	"valid_coverage_fraction;median_nUMI;median_nGene;mean_feature_weight;chip_median_range_ge_1_patient_sd"	-0.685964912280702	-0.136842105263158	-0.136842105263158	0.659649122807018	0.76140350877193	0.76140350877193	1.33567117241875	TRUE	TRUE	FALSE	TRUE	"immune"	"clustering"	NA	"Spatial metric may partly reflect overall feature abundance."
"E01317"	"TECHNICALLY_SENSITIVE"	"18-state"	"pair_coenrichment"	"exploratory_pair"	"primary"	"AT1 ↔ Inflammatory monocyte/macrophage"	"AT1 ↔ Inflammatory monocyte/macrophage"	NA	"AT1"	"Inflammatory monocyte/macrophage"	"fisher_z"	50	"SSc-ILD_vs_IPF"	0.0609336878984123	0.966866270174183	0.0002322837083341	0.121635092088491	0.0492415822777557	0.034996500349965	TRUE	TRUE	0.894587059512672	NA	FALSE	FALSE	0.134621564303971	0.0456192683321467	-0.0098430566118762	"2/3_same_direction"	2	FALSE	FALSE	"cross-chip direction criterion not met"	FALSE	1	FALSE	TRUE	TRUE	0.0638170315862208	FALSE	"IPF/FO22-1-09404"	"REFERENCE_18STATE"	"TECHNICAL_SENSITIVE"	"valid_coverage_fraction;median_nUMI;median_nGene;chip_median_range_ge_1_patient_sd"	0.185964912280702	0.0771929824561403	0.0771929824561403	-0.589473684210526	-0.615789473684211	-0.615789473684211	1.52209969236352	TRUE	TRUE	FALSE	TRUE	"mixed"	"co-enrichment (not interaction)"	NA	NA
"E00999"	"TECHNICALLY_SENSITIVE"	"18-state"	"spatial_architecture"	"spatial_architecture"	"scale_sensitivity"	"Basal-like epithelial"	"Basal-like epithelial"	"Basal-like epithelial"	NA	NA	"largest_component_fraction"	100	"SSc-ILD_vs_IPF"	-0.0274372722722265	-0.97713931920903	-0.0592092820844037	0.0043347375399506	0.0852027009950495	0.0355964403559644	FALSE	TRUE	0.835015090040292	NA	FALSE	FALSE	-0.0593128452339628	-0.0082557057851319	-0.0128314306033934	"3/3_same_direction"	3	TRUE	FALSE	"3/3 chips match pooled direction"	FALSE	1	FALSE	TRUE	TRUE	-0.0257367509280803	FALSE	"IPF/FO23-1-06474"	"REFERENCE_18STATE"	"TECHNICAL_SENSITIVE"	"valid_bins;tissue_area_um2"	-0.121052631578947	-0.628070175438597	-0.628070175438597	0.119298245614035	0.043859649122807	0.043859649122807	0.167242229910996	TRUE	TRUE	FALSE	TRUE	"epithelial"	"patch morphology"	NA	NA
"E06243"	"TECHNICALLY_SENSITIVE"	"21-state"	"pair_coenrichment"	"pair_coenrichment"	"secondary_or_scale_sensitivity"	"B ↔ T"	"B ↔ T"	NA	"B"	"T"	"observed_expected_ratio"	100	"SSc-ILD_vs_IPF"	-0.295607082804727	-1.02344000690081	-0.568331197208767	-0.0228829684006866	0.0356360621187142	0.04999500049995	TRUE	TRUE	0.5999400059994	NA	FALSE	FALSE	-0.262040612409514	-0.208433294012922	-0.448567642490935	"3/3_same_direction"	3	TRUE	FALSE	"3/3 chips match pooled direction"	FALSE	1	FALSE	TRUE	TRUE	-0.229191094037623	FALSE	"IPF/FO22-1-09404"	"DIRECTION_CONCORDANT"	"TECHNICAL_SENSITIVE"	"chip_median_range_ge_1_patient_sd"	-0.3	-0.0350877192982456	-0.0350877192982456	-0.107017543859649	-0.136842105263158	-0.136842105263158	1.27565358333955	FALSE	TRUE	FALSE	TRUE	"immune"	"co-enrichment (not interaction)"	NA	NA
"E02778"	"TECHNICALLY_SENSITIVE"	"21-state"	"spatial_architecture"	"spatial_architecture"	"scale_sensitivity"	"AT1"	"AT1"	"AT1"	NA	NA	"morans_i"	100	"SSc-ILD_vs_IPF"	-0.232044508271144	-0.97544394230842	-0.457774946855257	-0.0063140696870307	0.0446978923425972	0.0366963303669633	TRUE	TRUE	0.861485175011911	NA	FALSE	FALSE	-0.463649548396822	-0.287646691503515	0.11218644039283	"2/3_same_direction"	2	FALSE	FALSE	"cross-chip direction criterion not met"	FALSE	1	FALSE	TRUE	TRUE	-0.241388872692334	FALSE	"IPF/FO23-1-09473"	"DIRECTION_CONCORDANT"	"TECHNICAL_SENSITIVE"	"valid_coverage_fraction;median_nUMI;median_nGene;chip_median_range_ge_1_patient_sd"	-0.205263157894737	0.0105263157894737	0.0105263157894737	0.752631578947368	0.775438596491228	0.775438596491228	2.0399839656778	TRUE	TRUE	FALSE	TRUE	"epithelial"	"clustering"	NA	NA
"E05109"	"TECHNICALLY_SENSITIVE"	"21-state"	"pair_coenrichment"	"pair_coenrichment"	"primary"	"Lymphatic endothelial ↔ Perivascular/mesothelial stromal"	"Lymphatic endothelial ↔ Perivascular/mesothelial stromal"	NA	"Lymphatic endothelial"	"Perivascular/mesothelial stromal"	"fisher_z"	50	"SSc-ILD_vs_IPF"	-0.0883233746355287	-0.659253823849251	-0.17891733849614	0.0022705892250824	0.0552416363009609	0.0376962303769623	FALSE	TRUE	0.975142485751425	NA	FALSE	FALSE	-0.21102143756781	-0.0426146128565047	0.0061606542060332	"2/3_same_direction"	2	FALSE	FALSE	"cross-chip direction criterion not met"	FALSE	1	FALSE	TRUE	TRUE	-0.0871695097095869	FALSE	"IPF/FO22-1-09404"	"DIRECTION_CONCORDANT"	"TECHNICAL_SENSITIVE"	"valid_coverage_fraction;median_nUMI;median_nGene;mean_feature_weight;chip_median_range_ge_1_patient_sd"	0.803508771929825	-0.333333333333333	-0.333333333333333	0.57719298245614	0.817543859649123	0.817543859649123	1.56236357615341	TRUE	TRUE	FALSE	TRUE	"mixed"	"co-enrichment (not interaction)"	NA	"Spatial metric may partly reflect overall feature abundance."
"E02652"	"TECHNICALLY_SENSITIVE"	"21-state"	"spatial_architecture"	"spatial_architecture"	"scale_sensitivity"	"NK"	"NK"	"NK"	NA	NA	"morans_i"	100	"SSc-ILD_vs_IPF"	-0.111288006764101	-0.873228997180322	-0.223248244060524	0.0006722305323216	0.0512118939135455	0.0383961603839616	FALSE	TRUE	0.725687431256874	NA	FALSE	FALSE	-0.202693929651721	-0.111437267475288	-0.0079013882077683	"3/3_same_direction"	3	TRUE	FALSE	"3/3 chips match pooled direction"	FALSE	1	FALSE	TRUE	TRUE	-0.118826385536863	FALSE	"IPF/FO23-1-09473"	"DIRECTION_CONCORDANT"	"TECHNICAL_SENSITIVE"	"valid_coverage_fraction;median_nUMI;median_nGene;chip_median_range_ge_1_patient_sd"	-0.450877192982456	-0.129824561403509	-0.129824561403509	0.735087719298246	0.782456140350877	0.782456140350877	1.66139837038137	TRUE	TRUE	FALSE	TRUE	"immune"	"clustering"	NA	NA
"E00837"	"TECHNICALLY_SENSITIVE"	"18-state"	"spatial_architecture"	"spatial_architecture"	"scale_sensitivity"	"AT1"	"AT1"	"AT1"	NA	NA	"morans_i"	100	"SSc-ILD_vs_IPF"	-0.236347616908673	-0.962711516314407	-0.467120328724068	-0.0055749050932781	0.0453886205424573	0.0384961503849615	TRUE	TRUE	0.835015090040292	NA	FALSE	FALSE	-0.48050833496574	-0.278017033818028	0.105527351674029	"2/3_same_direction"	2	FALSE	FALSE	"cross-chip direction criterion not met"	FALSE	1	FALSE	TRUE	TRUE	-0.243428706153336	FALSE	"IPF/FO23-1-09473"	"REFERENCE_18STATE"	"TECHNICAL_SENSITIVE"	"valid_coverage_fraction;median_nUMI;median_nGene;chip_median_range_ge_1_patient_sd"	-0.259649122807018	0.0333333333333333	0.0333333333333333	0.771929824561403	0.78421052631579	0.78421052631579	2.09204248298829	TRUE	TRUE	FALSE	TRUE	"epithelial"	"clustering"	NA	NA
"E02919"	"TECHNICALLY_SENSITIVE"	"21-state"	"spatial_architecture"	"spatial_architecture"	"scale_sensitivity"	"Basal epithelial"	"Basal-like epithelial"	"Basal epithelial"	NA	NA	"largest_component_fraction"	100	"SSc-ILD_vs_IPF"	-0.0329772654306412	-0.98865850551999	-0.0704749109987057	0.0045203801374233	0.0801813463152442	0.0394960503949605	FALSE	TRUE	0.861485175011911	NA	FALSE	FALSE	-0.0676350568616665	-0.0092387124078852	-0.0200940077786135	"3/3_same_direction"	3	TRUE	FALSE	"3/3 chips match pooled direction"	FALSE	1	FALSE	TRUE	TRUE	-0.0313177511495179	FALSE	"IPF/FO23-1-06474"	"DIRECTION_CONCORDANT"	"TECHNICAL_SENSITIVE"	"valid_bins;tissue_area_um2"	-0.266666666666667	-0.654385964912281	-0.654385964912281	0.264912280701754	0.189473684210526	0.189473684210526	0.0278319334333659	TRUE	TRUE	FALSE	TRUE	"epithelial"	"patch morphology"	NA	NA
"E00693"	"TECHNICALLY_SENSITIVE"	"18-state"	"spatial_architecture"	"spatial_architecture"	"scale_sensitivity"	"NK"	"NK"	"NK"	NA	NA	"morans_i"	100	"SSc-ILD_vs_IPF"	-0.110138558066887	-0.867981429921163	-0.222801456156816	0.0025243400230424	0.0546627328781463	0.0403959604039596	FALSE	TRUE	0.835015090040292	NA	FALSE	FALSE	-0.199143265607669	-0.118867254127159	0.0004780298429214	"2/3_same_direction"	2	FALSE	FALSE	"cross-chip direction criterion not met"	FALSE	1	FALSE	TRUE	TRUE	-0.119936972272771	FALSE	"IPF/FO23-1-09473"	"REFERENCE_18STATE"	"TECHNICAL_SENSITIVE"	"valid_coverage_fraction;median_nUMI;median_nGene;mean_feature_weight;chip_median_range_ge_1_patient_sd"	-0.512280701754386	-0.121052631578947	-0.121052631578947	0.729824561403509	0.766666666666667	0.766666666666667	1.65748186622584	TRUE	TRUE	FALSE	TRUE	"immune"	"clustering"	NA	"Spatial metric may partly reflect overall feature abundance."
"E02715"	"TECHNICALLY_SENSITIVE"	"21-state"	"spatial_architecture"	"spatial_architecture"	"scale_sensitivity"	"Ciliated epithelial"	"Ciliated epithelial"	"Ciliated epithelial"	NA	NA	"morans_i"	100	"SSc-ILD_vs_IPF"	-0.227496506529313	-0.981662839484806	-0.443728955136032	-0.0112640579225931	0.0405525676213151	0.0512948705129487	TRUE	FALSE	0.861485175011911	NA	FALSE	FALSE	-0.466628553766051	-0.241312563935353	0.06931164679928	"2/3_same_direction"	2	FALSE	FALSE	"cross-chip direction criterion not met"	FALSE	1	FALSE	TRUE	TRUE	-0.240343447204074	FALSE	"IPF/FO22-1-09404"	"DIRECTION_CONCORDANT"	"TECHNICAL_SENSITIVE"	"valid_coverage_fraction;median_nUMI;median_nGene;mean_feature_weight;chip_median_range_ge_1_patient_sd"	-0.607017543859649	0.0403508771929825	0.0403508771929825	0.682456140350877	0.812280701754386	0.812280701754386	1.8116227186211	TRUE	TRUE	FALSE	TRUE	"epithelial"	"clustering"	NA	"Spatial metric may partly reflect overall feature abundance."
"E00933"	"TECHNICALLY_SENSITIVE"	"18-state"	"spatial_architecture"	"spatial_architecture"	"scale_sensitivity"	"Lymphatic endothelial"	"Lymphatic endothelial"	"Lymphatic endothelial"	NA	NA	"morans_i"	100	"SSc-ILD_vs_IPF"	-0.22507049447955	-0.965971439399798	-0.451086211991733	0.0009452230326333	0.0508412710891498	0.0405959404059594	FALSE	TRUE	0.835015090040292	NA	FALSE	FALSE	-0.443750117060697	-0.264503343927387	0.0859918924830505	"2/3_same_direction"	2	FALSE	FALSE	"cross-chip direction criterion not met"	FALSE	1	FALSE	TRUE	TRUE	-0.224758905963072	FALSE	"IPF/FO23-1-09473"	"REFERENCE_18STATE"	"TECHNICAL_SENSITIVE"	"valid_coverage_fraction;median_nUMI;median_nGene;chip_median_range_ge_1_patient_sd"	0.42280701754386	-0.0087719298245614	-0.0087719298245614	0.740350877192982	0.742105263157895	0.742105263157895	1.75878869452311	TRUE	TRUE	FALSE	TRUE	"vascular/endothelial"	"clustering"	NA	NA
"E02757"	"TECHNICALLY_SENSITIVE"	"21-state"	"spatial_architecture"	"spatial_architecture"	"scale_sensitivity"	"Secretory/other airway epithelial"	"Secretory/other airway epithelial"	"Secretory/other airway epithelial"	NA	NA	"morans_i"	100	"SSc-ILD_vs_IPF"	-0.158004498314339	-1.04802502261002	-0.318090437250949	0.0020814406222699	0.0526587217311844	0.0442955704429557	FALSE	TRUE	0.861485175011911	NA	FALSE	FALSE	-0.286157522196029	-0.111790448116212	-0.0764923600482541	"3/3_same_direction"	3	TRUE	FALSE	"3/3 chips match pooled direction"	FALSE	1	FALSE	TRUE	TRUE	-0.172853159576031	FALSE	"IPF/FO22-1-09404"	"DIRECTION_CONCORDANT"	"TECHNICAL_SENSITIVE"	"valid_coverage_fraction;median_nUMI;median_nGene;mean_feature_weight"	-0.692982456140351	0.0684210526315789	0.0684210526315789	0.678947368421053	0.696491228070175	0.696491228070175	0.85857315686118	TRUE	TRUE	FALSE	TRUE	"epithelial"	"clustering"	NA	"Spatial metric may partly reflect overall feature abundance."
"E06447"	"TECHNICALLY_SENSITIVE"	"21-state"	"pair_coenrichment"	"pair_coenrichment"	"secondary_or_scale_sensitivity"	"Ciliated epithelial ↔ NK"	"Ciliated epithelial ↔ NK"	NA	"Ciliated epithelial"	"NK"	"observed_expected_ratio"	100	"SSc-ILD_vs_IPF"	-0.334321744080882	-1.02065196072282	-0.661271970671075	-0.0073715174906888	0.0456833977490439	0.0604939506049395	TRUE	FALSE	0.940259057528346	NA	FALSE	FALSE	-0.214681826313006	-0.428831354621817	-0.359495681769499	"3/3_same_direction"	3	TRUE	FALSE	"3/3 chips match pooled direction"	FALSE	1	FALSE	TRUE	TRUE	-0.307561747043515	FALSE	"SSC/15275/13"	"FINE_STATE_ONLY_NO_PARENT_TEST"	"TECHNICAL_SENSITIVE"	"chip_median_range_ge_1_patient_sd"	0.331578947368421	-0.329824561403509	-0.329824561403509	0.0666666666666667	-0.129824561403509	-0.129824561403509	1.11441426120834	FALSE	TRUE	FALSE	TRUE	"mixed"	"co-enrichment (not interaction)"	NA	"Fine-state-only evidence without a directly matched 18-state test."
"E06966"	"TECHNICALLY_SENSITIVE"	"21-state"	"pair_coenrichment"	"pair_coenrichment"	"secondary_or_scale_sensitivity"	"AT2/alveolar transitional ↔ Ciliated epithelial"	"AT2/alveolar transitional ↔ Ciliated epithelial"	NA	"AT2/alveolar transitional"	"Ciliated epithelial"	"largest_coenriched_component_fraction"	100	"SSc-ILD_vs_IPF"	-0.0081667317448549	-0.83447638374005	-0.0166331274699481	0.0002996639802382	0.0575465955725624	0.0458954104589541	FALSE	TRUE	0.940259057528346	NA	FALSE	FALSE	-0.0228063066774911	-0.0045757326712028	0.004643748611085	"2/3_same_direction"	2	FALSE	FALSE	"cross-chip direction criterion not met"	FALSE	1	FALSE	TRUE	TRUE	-0.0078126134596298	FALSE	"IPF/FO23-1-06474"	"FINE_STATE_ONLY_NO_PARENT_TEST"	"TECHNICAL_SENSITIVE"	"valid_coverage_fraction;median_nUMI;median_nGene"	-0.433333333333333	-0.36140350877193	-0.36140350877193	0.71578947368421	0.668421052631579	0.668421052631579	0.927875150892962	TRUE	TRUE	FALSE	TRUE	"epithelial"	"patch morphology of co-enrichment"	NA	"Fine-state-only evidence without a directly matched 18-state test."
"E04923"	"TECHNICALLY_SENSITIVE"	"21-state"	"pair_coenrichment"	"pair_coenrichment"	"secondary_or_scale_sensitivity"	"AT1 ↔ Plasma"	"AT1 ↔ Plasma"	NA	"AT1"	"Plasma"	"observed_expected_ratio"	50	"SSc-ILD_vs_IPF"	0.393211656370013	0.679724612955023	-0.0266061459200553	0.813029458660082	0.0642412367799711	0.0465953404659534	FALSE	TRUE	0.837841930092705	NA	FALSE	FALSE	0.830590494198507	0.368502100323816	-0.0694124156997062	"2/3_same_direction"	2	FALSE	FALSE	"cross-chip direction criterion not met"	FALSE	1	FALSE	TRUE	TRUE	0.368657347178047	FALSE	"IPF/FO22-1-09404"	"FINE_STATE_ONLY_NO_PARENT_TEST"	"TECHNICAL_SENSITIVE"	"median_nUMI;median_nGene;mean_feature_weight;chip_median_range_ge_1_patient_sd"	-0.628070175438597	-0.301754385964912	-0.301754385964912	0.168421052631579	0.510526315789474	0.510526315789474	2.14081591599509	TRUE	TRUE	FALSE	TRUE	"mixed"	"co-enrichment (not interaction)"	NA	"Fine-state-only evidence without a directly matched 18-state test. Spatial metric may partly reflect overall feature abundance."
"E07767"	"TECHNICALLY_SENSITIVE"	"21-state"	"pair_coenrichment"	"pair_coenrichment"	"secondary_or_scale_sensitivity"	"Fibroblast ↔ Peribronchial fibroblast"	"Fibroblast ↔ Myofibroblast"	NA	"Fibroblast"	"Peribronchial fibroblast"	"observed_expected_ratio"	100	"SSc-ILD_vs_IPF"	0.196243105927728	0.92445439686594	-0.0050413921764598	0.397527604031915	0.0552378581487308	0.0470952904709529	FALSE	TRUE	0.940259057528346	NA	FALSE	FALSE	0.476579836269177	0.0873854136081361	-0.0035281211595241	"2/3_same_direction"	2	FALSE	FALSE	"cross-chip direction criterion not met"	FALSE	1	FALSE	TRUE	TRUE	0.207026990094933	FALSE	"IPF/FO23-1-03100"	"FINE_STATE_ONLY_NO_PARENT_TEST"	"TECHNICAL_SENSITIVE"	"valid_coverage_fraction;median_nUMI;median_nGene;chip_median_range_ge_1_patient_sd"	-0.42280701754386	0.0578947368421053	0.0578947368421053	-0.617543859649123	-0.73859649122807	-0.73859649122807	1.22393353242258	TRUE	TRUE	FALSE	TRUE	"stromal/fibrotic"	"co-enrichment (not interaction)"	NA	"Fine-state-only evidence without a directly matched 18-state test."
"E00813"	"TECHNICALLY_SENSITIVE"	"18-state"	"spatial_architecture"	"spatial_architecture"	"scale_sensitivity"	"Secretory/other airway epithelial"	"Secretory/other airway epithelial"	"Secretory/other airway epithelial"	NA	NA	"morans_i"	100	"SSc-ILD_vs_IPF"	-0.156267974971913	-1.04033019455943	-0.318039072793705	0.0055031228498791	0.0572344351397625	0.0483951604839516	FALSE	TRUE	0.835015090040292	NA	FALSE	FALSE	-0.273343268909868	-0.118430259359513	-0.0782089770124553	"3/3_same_direction"	3	TRUE	FALSE	"3/3 chips match pooled direction"	FALSE	1	FALSE	TRUE	TRUE	-0.173422392282146	FALSE	"IPF/FO22-1-09404"	"REFERENCE_18STATE"	"TECHNICAL_SENSITIVE"	"valid_coverage_fraction;median_nUMI;median_nGene;mean_feature_weight"	-0.635087719298246	0.0614035087719298	0.0614035087719298	0.659649122807018	0.67719298245614	0.67719298245614	0.683661065634523	TRUE	TRUE	FALSE	TRUE	"epithelial"	"clustering"	NA	"Spatial metric may partly reflect overall feature abundance."
"E01887"	"TECHNICALLY_SENSITIVE"	"18-state"	"pair_coenrichment"	"exploratory_pair"	"secondary_or_scale_sensitivity"	"Fibroblast ↔ NK"	"Fibroblast ↔ NK"	NA	"Fibroblast"	"NK"	"fisher_z"	100	"SSc-ILD_vs_IPF"	-0.170011578642617	-1.06078438659414	-0.347644317241803	0.0076211599565678	0.0592773148915621	0.0486951304869513	FALSE	TRUE	0.944253850477021	NA	FALSE	FALSE	-0.379437371598441	-0.0123213887663715	-0.102367380878768	"3/3_same_direction"	3	TRUE	FALSE	"3/3 chips match pooled direction"	FALSE	1	FALSE	TRUE	TRUE	-0.173441810829471	FALSE	"IPF/FO23-1-06474"	"REFERENCE_18STATE"	"TECHNICAL_SENSITIVE"	"chip_median_range_ge_1_patient_sd"	-0.119298245614035	-0.182456140350877	-0.182456140350877	-0.403508771929825	-0.378947368421053	-0.378947368421053	1.27907469881023	FALSE	TRUE	FALSE	TRUE	"mixed"	"co-enrichment (not interaction)"	NA	NA
"E00567"	"TECHNICALLY_SENSITIVE"	"18-state"	"spatial_architecture"	"spatial_architecture"	"primary"	"Basal-like epithelial"	"Basal-like epithelial"	"Basal-like epithelial"	NA	NA	"largest_component_fraction"	50	"SSc-ILD_vs_IPF"	-0.0132647298074062	-0.89305119029656	-0.0300443203149349	0.0035148607001224	0.112093228180277	0.0488951104889511	FALSE	TRUE	0.823186252803291	NA	FALSE	FALSE	-0.0275820663327527	-0.0041438542977409	-0.0075895675648083	"3/3_same_direction"	3	TRUE	FALSE	"3/3 chips match pooled direction"	FALSE	1	FALSE	TRUE	TRUE	-0.0109341919053999	FALSE	"IPF/FO23-1-06474"	"REFERENCE_18STATE"	"TECHNICAL_SENSITIVE"	"valid_bins;tissue_area_um2"	-0.0719298245614035	-0.794736842105263	-0.794736842105263	0.0631578947368421	0.0403508771929825	0.0403508771929825	0.0484264173021025	TRUE	TRUE	FALSE	TRUE	"epithelial"	"patch morphology"	NA	NA
"E00765"	"TECHNICALLY_SENSITIVE"	"18-state"	"spatial_architecture"	"spatial_architecture"	"scale_sensitivity"	"Ciliated epithelial"	"Ciliated epithelial"	"Ciliated epithelial"	NA	NA	"morans_i"	100	"SSc-ILD_vs_IPF"	-0.219615014242235	-0.948205789548078	-0.438567836573317	-0.0006621919111535	0.0493997012235344	0.0600939906009399	TRUE	FALSE	0.835015090040292	NA	FALSE	FALSE	-0.433568709371262	-0.249414231863491	0.06316296504086	"2/3_same_direction"	2	FALSE	FALSE	"cross-chip direction criterion not met"	FALSE	1	FALSE	TRUE	TRUE	-0.233844490685301	FALSE	"IPF/FO22-1-09404"	"REFERENCE_18STATE"	"TECHNICAL_SENSITIVE"	"valid_coverage_fraction;median_nUMI;median_nGene;mean_feature_weight;chip_median_range_ge_1_patient_sd"	-0.578947368421053	0.0684210526315789	0.0684210526315789	0.67719298245614	0.807017543859649	0.807017543859649	1.74816247653765	TRUE	TRUE	FALSE	TRUE	"epithelial"	"clustering"	NA	"Spatial metric may partly reflect overall feature abundance."
"E00861"	"TECHNICALLY_SENSITIVE"	"18-state"	"spatial_architecture"	"spatial_architecture"	"scale_sensitivity"	"Blood endothelial"	"Blood endothelial"	"Blood endothelial"	NA	NA	"morans_i"	100	"SSc-ILD_vs_IPF"	-0.187219672618337	-0.870158935934226	-0.385938268019368	0.0114989227826938	0.0628689480497279	0.0498950104989501	FALSE	TRUE	0.835015090040292	NA	FALSE	FALSE	-0.345676052463881	-0.229809366540286	0.0525426762817651	"2/3_same_direction"	2	FALSE	FALSE	"cross-chip direction criterion not met"	FALSE	1	FALSE	TRUE	TRUE	-0.194145951993599	FALSE	"IPF/FO23-1-09473"	"REFERENCE_18STATE"	"TECHNICAL_SENSITIVE"	"valid_coverage_fraction;median_nUMI;median_nGene;mean_feature_weight;chip_median_range_ge_1_patient_sd"	0.51578947368421	-0.145614035087719	-0.145614035087719	0.745614035087719	0.798245614035088	0.798245614035088	1.99610229912146	TRUE	TRUE	FALSE	TRUE	"vascular/endothelial"	"clustering"	NA	"Spatial metric may partly reflect overall feature abundance."
"E05978"	"UNSTABLE_OR_DESCRIPTIVE"	"21-state"	"pair_coenrichment"	"pair_coenrichment"	"secondary_or_scale_sensitivity"	"KRT17 aberrant basaloid ↔ Other inflammatory monocyte/macrophage"	"Basal-like epithelial ↔ Inflammatory monocyte/macrophage"	NA	"KRT17 aberrant basaloid"	"Other inflammatory monocyte/macrophage"	"observed_expected_ratio"	100	"IPF_vs_HC"	-0.585538139031055	-1.86361980942059	-0.896301186343314	-0.274775091718796	0.0012139943142245	0.0001999800019998	TRUE	TRUE	0.503949605039496	NA	FALSE	FALSE	-0.638023126172011	-0.889567652023555	-0.0696440640369526	"3/3_same_direction"	3	TRUE	FALSE	"3/3 chips match pooled direction"	FALSE	1	FALSE	TRUE	TRUE	-0.534375093635256	FALSE	"HC/NL-55"	"FINE_STATE_ONLY_NO_PARENT_TEST"	"TECHNICALLY_CLEAN"	"none"	-0.0210526315789474	-0.00701754385964912	-0.00701754385964912	-0.0157894736842105	0.178947368421053	0.178947368421053	0.538222124931752	FALSE	FALSE	FALSE	FALSE	"mixed"	"co-enrichment (not interaction)"	"EXPLORATORY_SENSITIVITY_ONLY"	"Low-reference-cell state: exploratory sensitivity only; not an independently validated conclusion. Fine-state-only evidence without a directly matched 18-state test."
"E07916"	"UNSTABLE_OR_DESCRIPTIVE"	"21-state"	"pair_coenrichment"	"pair_coenrichment"	"secondary_or_scale_sensitivity"	"Plasma ↔ SPP1 macrophage"	"Inflammatory monocyte/macrophage ↔ Plasma"	NA	"Plasma"	"SPP1 macrophage"	"fisher_z"	100	"IPF_vs_HC"	0.214567456174772	1.74326786750525	0.0813369297560345	0.34779798259351	0.0038723721546049	0.0006999300069993	TRUE	TRUE	0.100789921007899	NA	FALSE	FALSE	0.405802933187536	0.0937350657717142	0.0987787077100269	"3/3_same_direction"	3	TRUE	FALSE	"3/3 chips match pooled direction"	FALSE	1	FALSE	TRUE	TRUE	0.20727806922539	FALSE	"HC/NL-50"	"DIRECTION_CONCORDANT"	"TECHNICALLY_CLEAN"	"none"	-0.380701754385965	-0.243859649122807	-0.243859649122807	-0.0929824561403509	-0.185964912280702	-0.185964912280702	0.219229805350741	FALSE	FALSE	FALSE	FALSE	"immune"	"co-enrichment (not interaction)"	NA	NA
"E01163"	"UNSTABLE_OR_DESCRIPTIVE"	"18-state"	"pair_coenrichment"	"predefined_pair"	"secondary_or_scale_sensitivity"	"B ↔ T"	"B ↔ T"	NA	"B"	"T"	"observed_expected_ratio"	100	"IPF_vs_HC"	0.51851065002932	1.72941283837835	0.243135857669785	0.793885442388855	0.0012204745178333	0.0013998600139986	TRUE	TRUE	0.0755924407559244	NA	FALSE	FALSE	0.711449025195931	0.366530785802706	0.40845991640373	"3/3_same_direction"	3	TRUE	FALSE	"3/3 chips match pooled direction"	FALSE	1	FALSE	TRUE	TRUE	0.46587248804433	FALSE	"IPF/FO23-1-03100"	"REFERENCE_18STATE"	"TECHNICALLY_CLEAN"	"none"	-0.368421052631579	-0.226315789473684	-0.226315789473684	-0.0701754385964912	-0.182456140350877	-0.182456140350877	0.982903181290508	FALSE	FALSE	FALSE	FALSE	"immune"	"co-enrichment (not interaction)"	NA	NA
"E01868"	"UNSTABLE_OR_DESCRIPTIVE"	"18-state"	"pair_coenrichment"	"exploratory_pair"	"secondary_or_scale_sensitivity"	"Ciliated epithelial ↔ NK"	"Ciliated epithelial ↔ NK"	NA	"Ciliated epithelial"	"NK"	"fisher_z"	100	"IPF_vs_HC"	0.205434483636846	1.77613497782834	0.0837959682518924	0.327072999021799	0.0027729660555173	0.0018998100189981	TRUE	TRUE	0.279272072792721	NA	FALSE	FALSE	0.31841900584975	0.16256130345985	0.116317809969741	"3/3_same_direction"	3	TRUE	FALSE	"3/3 chips match pooled direction"	FALSE	1	FALSE	TRUE	TRUE	0.182548896683922	FALSE	"HC/NL-53"	"REFERENCE_18STATE"	"TECHNICALLY_CLEAN"	"none"	0.242105263157895	-0.478947368421053	-0.478947368421053	0.18421052631579	0.0912280701754386	0.0912280701754386	0.238600739299278	FALSE	FALSE	FALSE	FALSE	"mixed"	"co-enrichment (not interaction)"	NA	NA
"E01775"	"UNSTABLE_OR_DESCRIPTIVE"	"18-state"	"pair_coenrichment"	"exploratory_pair"	"secondary_or_scale_sensitivity"	"Basal-like epithelial ↔ Inflammatory monocyte/macrophage"	"Basal-like epithelial ↔ Inflammatory monocyte/macrophage"	NA	"Basal-like epithelial"	"Inflammatory monocyte/macrophage"	"fisher_z"	100	"IPF_vs_HC"	-0.140374090812769	-1.48499112712186	-0.224326370872355	-0.0564218107531829	0.0029787562633539	0.0060993900609939	TRUE	TRUE	0.507099290070993	NA	FALSE	FALSE	-0.227007957499968	-0.0699257832705564	-0.0844005308066943	"3/3_same_direction"	3	TRUE	FALSE	"3/3 chips match pooled direction"	FALSE	1	FALSE	TRUE	TRUE	-0.0899756666296824	FALSE	"HC/NL-72"	"REFERENCE_18STATE"	"TECHNICALLY_CLEAN"	"none"	0.226315789473684	0.219298245614035	0.219298245614035	0.0087719298245614	-0.0263157894736842	-0.0263157894736842	0.90166936046894	FALSE	FALSE	FALSE	FALSE	"mixed"	"co-enrichment (not interaction)"	NA	NA
"E03458"	"UNSTABLE_OR_DESCRIPTIVE"	"21-state"	"pair_coenrichment"	"pair_coenrichment"	"secondary_or_scale_sensitivity"	"KRT17 aberrant basaloid ↔ Other inflammatory monocyte/macrophage"	"Basal-like epithelial ↔ Inflammatory monocyte/macrophage"	NA	"KRT17 aberrant basaloid"	"Other inflammatory monocyte/macrophage"	"observed_expected_ratio"	50	"IPF_vs_HC"	-0.173496315742797	-1.59285777800538	-0.294028620737927	-0.0529640107476678	0.0080333587698134	0.0031996800319968	TRUE	TRUE	0.837841930092705	NA	FALSE	FALSE	-0.197841833416613	-0.256170071693451	-0.007603578473096	"3/3_same_direction"	3	TRUE	FALSE	"3/3 chips match pooled direction"	FALSE	1	FALSE	TRUE	TRUE	-0.166271973964099	FALSE	"HC/NL-55"	"FINE_STATE_ONLY_NO_PARENT_TEST"	"TECHNICALLY_CLEAN"	"none"	-0.131578947368421	0.0491228070175439	0.0491228070175439	0.207017543859649	0.210526315789474	0.210526315789474	0.408423815100293	FALSE	FALSE	FALSE	FALSE	"mixed"	"co-enrichment (not interaction)"	"EXPLORATORY_SENSITIVITY_ONLY"	"Low-reference-cell state: exploratory sensitivity only; not an independently validated conclusion. Fine-state-only evidence without a directly matched 18-state test."
"E06440"	"UNSTABLE_OR_DESCRIPTIVE"	"21-state"	"pair_coenrichment"	"pair_coenrichment"	"secondary_or_scale_sensitivity"	"Ciliated epithelial ↔ NK"	"Ciliated epithelial ↔ NK"	NA	"Ciliated epithelial"	"NK"	"fisher_z"	100	"IPF_vs_HC"	0.203422809116004	1.7044776450403	0.0744708365569718	0.332374781675036	0.0044575225338959	0.0033996600339966	TRUE	TRUE	0.887911208879112	NA	FALSE	FALSE	0.301246719325308	0.153527657339251	0.154027891698709	"3/3_same_direction"	3	TRUE	FALSE	"3/3 chips match pooled direction"	FALSE	1	FALSE	TRUE	TRUE	0.179262653266533	FALSE	"HC/NL-53"	"DIRECTION_CONCORDANT"	"TECHNICALLY_CLEAN"	"none"	0.147368421052632	-0.296491228070175	-0.296491228070175	0.205263157894737	0.0350877192982456	0.0350877192982456	0.273250581692103	FALSE	FALSE	FALSE	FALSE	"mixed"	"co-enrichment (not interaction)"	NA	NA
"E03854"	"UNSTABLE_OR_DESCRIPTIVE"	"21-state"	"pair_coenrichment"	"pair_coenrichment"	"secondary_or_scale_sensitivity"	"CTHRC1 myofibroblast ↔ T"	"Myofibroblast ↔ T"	NA	"CTHRC1 myofibroblast"	"T"	"observed_expected_ratio"	50	"IPF_vs_HC"	-0.272601829323004	-1.48854795649804	-0.449931835695628	-0.0952718229503804	0.0052928556699889	0.0040995900409959	TRUE	TRUE	0.837841930092705	NA	FALSE	FALSE	-0.19511255713921	-0.276643526801727	-0.37395485465536	"3/3_same_direction"	3	TRUE	FALSE	"3/3 chips match pooled direction"	FALSE	1	FALSE	TRUE	TRUE	-0.189164333665198	FALSE	"HC/NL-55"	"FINE_STATE_ONLY_NO_PARENT_TEST"	"TECHNICALLY_CLEAN"	"none"	0.110526315789474	0.189473684210526	0.189473684210526	0.147368421052632	-0.191228070175439	-0.191228070175439	0.983814003100904	FALSE	FALSE	FALSE	FALSE	"mixed"	"co-enrichment (not interaction)"	NA	"Fine-state-only evidence without a directly matched 18-state test."
"E06470"	"UNSTABLE_OR_DESCRIPTIVE"	"21-state"	"pair_coenrichment"	"pair_coenrichment"	"secondary_or_scale_sensitivity"	"NK ↔ Secretory/other airway epithelial"	"NK ↔ Secretory/other airway epithelial"	NA	"NK"	"Secretory/other airway epithelial"	"observed_expected_ratio"	100	"IPF_vs_HC"	0.283223701160443	1.56673224530226	0.0852392377708908	0.481208164549994	0.0083430472025131	0.0064993500649935	TRUE	TRUE	0.887911208879112	NA	FALSE	FALSE	0.379299682718696	0.147483257103265	0.361511970397033	"3/3_same_direction"	3	TRUE	FALSE	"3/3 chips match pooled direction"	FALSE	1	FALSE	TRUE	TRUE	0.253957324381267	FALSE	"HC/NL-63"	"FINE_STATE_ONLY_NO_PARENT_TEST"	"TECHNICALLY_CLEAN"	"none"	0.229824561403509	-0.175438596491228	-0.175438596491228	0.128070175438597	-0.0140350877192982	-0.0140350877192982	0.81181377171958	FALSE	FALSE	FALSE	FALSE	"mixed"	"co-enrichment (not interaction)"	NA	"Fine-state-only evidence without a directly matched 18-state test."
"E05942"	"UNSTABLE_OR_DESCRIPTIVE"	"21-state"	"pair_coenrichment"	"pair_coenrichment"	"secondary_or_scale_sensitivity"	"Basal epithelial ↔ Other inflammatory monocyte/macrophage"	"Basal-like epithelial ↔ Inflammatory monocyte/macrophage"	NA	"Basal epithelial"	"Other inflammatory monocyte/macrophage"	"observed_expected_ratio"	100	"IPF_vs_HC"	-0.340673924748637	-1.47522752318749	-0.589784614384987	-0.0915632351122868	0.0109039798137878	0.0068993100689931	TRUE	TRUE	0.887911208879112	NA	FALSE	FALSE	-0.396115032830854	-0.427575346011269	-0.120936644541747	"3/3_same_direction"	3	TRUE	FALSE	"3/3 chips match pooled direction"	FALSE	1	FALSE	TRUE	TRUE	-0.287078790245058	FALSE	"HC/NL-55"	"FINE_STATE_ONLY_NO_PARENT_TEST"	"TECHNICALLY_CLEAN"	"none"	0.496491228070175	0.280701754385965	0.280701754385965	-0.343859649122807	-0.398245614035088	-0.398245614035088	0.716383681427057	FALSE	FALSE	FALSE	FALSE	"mixed"	"co-enrichment (not interaction)"	NA	"Fine-state-only evidence without a directly matched 18-state test."
"E03434"	"UNSTABLE_OR_DESCRIPTIVE"	"21-state"	"pair_coenrichment"	"pair_coenrichment"	"secondary_or_scale_sensitivity"	"CTHRC1 myofibroblast ↔ Other inflammatory monocyte/macrophage"	"Inflammatory monocyte/macrophage ↔ Myofibroblast"	NA	"CTHRC1 myofibroblast"	"Other inflammatory monocyte/macrophage"	"observed_expected_ratio"	50	"IPF_vs_HC"	-0.165180806372529	-1.47810138141124	-0.282788189695344	-0.047573423049715	0.0093200371306927	0.0074992500749925	TRUE	TRUE	0.837841930092705	NA	FALSE	FALSE	-0.253100636997532	-0.229930249852032	0.0587888297136546	"2/3_same_direction"	2	FALSE	TRUE	"2/3 retained under frozen K8+J2 rule; L3 is discordant; LOPO/LOCO and Primary19-All21 directions remain stable"	FALSE	1	FALSE	TRUE	TRUE	-0.141894866096927	FALSE	"HC/NL-72"	"FINE_STATE_ONLY_NO_PARENT_TEST"	"TECHNICALLY_CLEAN"	"none"	0.221052631578947	0.170175438596491	0.170175438596491	-0.385964912280702	-0.170175438596491	-0.170175438596491	0.994456082069807	FALSE	FALSE	FALSE	FALSE	"mixed"	"co-enrichment (not interaction)"	NA	"Fine-state-only evidence without a directly matched 18-state test."
"E07358"	"UNSTABLE_OR_DESCRIPTIVE"	"21-state"	"pair_coenrichment"	"pair_coenrichment"	"secondary_or_scale_sensitivity"	"Peribronchial fibroblast ↔ Secretory/other airway epithelial"	"Myofibroblast ↔ Secretory/other airway epithelial"	NA	"Peribronchial fibroblast"	"Secretory/other airway epithelial"	"observed_expected_ratio"	100	"IPF_vs_HC"	0.334712103645984	1.4239499307329	0.0793969850984327	0.590027222193535	0.0138556569724403	0.0188981101889811	TRUE	TRUE	0.940259057528346	NA	FALSE	FALSE	0.185916559421996	0.389436306859604	0.550182180525136	"3/3_same_direction"	3	TRUE	FALSE	"3/3 chips match pooled direction"	FALSE	1	FALSE	TRUE	TRUE	0.293423203012738	FALSE	"IPF/FO23-1-09473"	"FINE_STATE_ONLY_NO_PARENT_TEST"	"TECHNICALLY_CLEAN"	"none"	0.0789473684210526	-0.312280701754386	-0.312280701754386	0.0666666666666667	0.221052631578947	0.221052631578947	0.584876750291533	FALSE	FALSE	FALSE	FALSE	"mixed"	"co-enrichment (not interaction)"	NA	"Fine-state-only evidence without a directly matched 18-state test."
"E06650"	"UNSTABLE_OR_DESCRIPTIVE"	"21-state"	"pair_coenrichment"	"pair_coenrichment"	"secondary_or_scale_sensitivity"	"Mast/Basophil ↔ Secretory/other airway epithelial"	"Mast/Basophil ↔ Secretory/other airway epithelial"	NA	"Mast/Basophil"	"Secretory/other airway epithelial"	"observed_expected_ratio"	100	"IPF_vs_HC"	0.432390930151021	1.27729643289626	0.0393781880559762	0.825403672246067	0.0333419254409743	0.0171982801719828	TRUE	TRUE	0.940259057528346	NA	FALSE	FALSE	0.360856293266082	0.670070848861222	0.211252097846399	"3/3_same_direction"	3	TRUE	FALSE	"3/3 chips match pooled direction"	FALSE	1	FALSE	TRUE	TRUE	0.383325823235934	FALSE	"IPF/FO23-1-09473"	"FINE_STATE_ONLY_NO_PARENT_TEST"	"TECHNICALLY_CLEAN"	"none"	-0.0596491228070175	-0.392982456140351	-0.392982456140351	0.0157894736842105	0.219298245614035	0.219298245614035	0.600392678385442	FALSE	FALSE	FALSE	FALSE	"mixed"	"co-enrichment (not interaction)"	NA	"Fine-state-only evidence without a directly matched 18-state test."
"E05786"	"UNSTABLE_OR_DESCRIPTIVE"	"21-state"	"pair_coenrichment"	"pair_coenrichment"	"secondary_or_scale_sensitivity"	"Other inflammatory monocyte/macrophage ↔ T"	"Inflammatory monocyte/macrophage ↔ T"	NA	"Other inflammatory monocyte/macrophage"	"T"	"observed_expected_ratio"	100	"IPF_vs_HC"	-0.249009830306143	-1.36534053516411	-0.44924042025803	-0.0487792403542555	0.0183971221258374	0.0212978702129787	TRUE	TRUE	0.940259057528346	NA	FALSE	FALSE	-0.443256815246706	-0.230455423576973	-0.0232836786585032	"3/3_same_direction"	3	TRUE	FALSE	"3/3 chips match pooled direction"	FALSE	1	FALSE	TRUE	TRUE	-0.240515532186759	FALSE	"HC/NL-53"	"FINE_STATE_ONLY_NO_PARENT_TEST"	"TECHNICALLY_CLEAN"	"none"	0.203508771929825	0.187719298245614	0.187719298245614	-0.385964912280702	-0.292982456140351	-0.292982456140351	0.298495345073898	FALSE	FALSE	FALSE	FALSE	"immune"	"co-enrichment (not interaction)"	NA	"Fine-state-only evidence without a directly matched 18-state test."
"E05990"	"UNSTABLE_OR_DESCRIPTIVE"	"21-state"	"pair_coenrichment"	"pair_coenrichment"	"secondary_or_scale_sensitivity"	"Other inflammatory monocyte/macrophage ↔ SPP1 macrophage"	"Inflammatory monocyte/macrophage ↔ Inflammatory monocyte/macrophage"	NA	"Other inflammatory monocyte/macrophage"	"SPP1 macrophage"	"observed_expected_ratio"	100	"IPF_vs_HC"	-0.339018961592518	-1.40015742888208	-0.628283220316721	-0.0497547028683141	0.0248011457922051	0.0203979602039796	TRUE	TRUE	0.5999400059994	NA	FALSE	FALSE	-0.370044852883969	-0.687227409260459	0.250455846442911	"2/3_same_direction"	2	FALSE	TRUE	"2/3 retained under frozen K8+J2 rule; L3 is discordant; LOPO/LOCO and Primary19-All21 directions remain stable"	FALSE	1	FALSE	TRUE	TRUE	-0.311174733199425	FALSE	"HC/NL-72"	"FINE_STATE_ONLY_NO_PARENT_TEST"	"TECHNICALLY_CLEAN"	"none"	-0.107017543859649	-0.135087719298246	-0.135087719298246	-0.154385964912281	0.107017543859649	0.107017543859649	0.788717131209079	FALSE	FALSE	FALSE	FALSE	"immune"	"co-enrichment (not interaction)"	NA	"Fine-state-only evidence without a directly matched 18-state test."
"E07883"	"UNSTABLE_OR_DESCRIPTIVE"	"21-state"	"pair_coenrichment"	"pair_coenrichment"	"secondary_or_scale_sensitivity"	"CTHRC1 myofibroblast ↔ Plasma"	"Myofibroblast ↔ Plasma"	NA	"CTHRC1 myofibroblast"	"Plasma"	"joint_top_quartile_proportion"	100	"IPF_vs_HC"	0.0366406963770499	1.37595842821823	0.003911356780315	0.0693700359737847	0.0308038505209067	0.0213978602139786	TRUE	TRUE	0.940259057528346	NA	FALSE	FALSE	0.0735404514065137	0.0288122144020882	-0.011262994921421	"2/3_same_direction"	2	FALSE	TRUE	"2/3 retained under frozen K8+J2 rule; L3 is discordant; LOPO/LOCO and Primary19-All21 directions remain stable"	FALSE	1	FALSE	TRUE	TRUE	0.0132706901368668	FALSE	"HC/NL-72"	"FINE_STATE_ONLY_NO_PARENT_TEST"	"TECHNICALLY_CLEAN"	"none"	-0.105263157894737	0.0175438596491228	0.0175438596491228	-0.143859649122807	-0.157894736842105	-0.157894736842105	0.75571705216895	FALSE	FALSE	FALSE	FALSE	"mixed"	"co-enrichment (not interaction)"	NA	"Fine-state-only evidence without a directly matched 18-state test."
"E05798"	"UNSTABLE_OR_DESCRIPTIVE"	"21-state"	"pair_coenrichment"	"pair_coenrichment"	"secondary_or_scale_sensitivity"	"NK ↔ Other inflammatory monocyte/macrophage"	"Inflammatory monocyte/macrophage ↔ NK"	NA	"NK"	"Other inflammatory monocyte/macrophage"	"observed_expected_ratio"	100	"IPF_vs_HC"	-0.296984172942251	-1.3150085622777	-0.556368980802287	-0.0375993650822151	0.0277386340808665	0.0218978102189781	TRUE	TRUE	0.940259057528346	NA	FALSE	FALSE	-0.651464834817329	-0.189246524868426	0.0853861452852001	"2/3_same_direction"	2	FALSE	TRUE	"2/3 retained under frozen K8+J2 rule; L3 is discordant; LOPO/LOCO and Primary19-All21 directions remain stable"	FALSE	1	FALSE	TRUE	TRUE	-0.241523457860683	FALSE	"HC/NL-53"	"FINE_STATE_ONLY_NO_PARENT_TEST"	"TECHNICALLY_CLEAN"	"none"	-0.166666666666667	0.150877192982456	0.150877192982456	0.0947368421052632	0.210526315789474	0.210526315789474	0.546037368982415	FALSE	FALSE	FALSE	FALSE	"immune"	"co-enrichment (not interaction)"	NA	"Fine-state-only evidence without a directly matched 18-state test."
"E05900"	"UNSTABLE_OR_DESCRIPTIVE"	"21-state"	"pair_coenrichment"	"pair_coenrichment"	"secondary_or_scale_sensitivity"	"Fibroblast ↔ Other inflammatory monocyte/macrophage"	"Fibroblast ↔ Inflammatory monocyte/macrophage"	NA	"Fibroblast"	"Other inflammatory monocyte/macrophage"	"fisher_z"	100	"IPF_vs_HC"	0.094042684789708	1.20095975780845	0.0134173447279167	0.174668024851499	0.0253824962406416	0.0447955204479552	TRUE	TRUE	0.940259057528346	NA	FALSE	FALSE	0.131786370869555	0.0034252981768059	0.16345605017229	"3/3_same_direction"	3	TRUE	FALSE	"3/3 chips match pooled direction"	FALSE	1	FALSE	TRUE	TRUE	0.0737121526287426	FALSE	"IPF/FO23-1-03100"	"DIRECTION_CONCORDANT"	"TECHNICALLY_CLEAN"	"none"	-0.00350877192982456	0.0298245614035088	0.0298245614035088	-0.0789473684210526	-0.107017543859649	-0.107017543859649	0.67226974427989	FALSE	FALSE	FALSE	FALSE	"mixed"	"co-enrichment (not interaction)"	NA	NA
"E05042"	"UNSTABLE_OR_DESCRIPTIVE"	"21-state"	"pair_coenrichment"	"pair_coenrichment"	"secondary_or_scale_sensitivity"	"Basal epithelial ↔ Blood endothelial"	"Basal-like epithelial ↔ Blood endothelial"	NA	"Basal epithelial"	"Blood endothelial"	"observed_expected_ratio"	50	"IPF_vs_HC"	-0.244481276349984	-1.13071956304617	-0.454853594584878	-0.03410895811509	0.0258365335138812	0.0585941405859414	TRUE	FALSE	0.837841930092705	NA	FALSE	FALSE	-0.212744598430493	-0.329825220276783	-0.15276714998247	"3/3_same_direction"	3	TRUE	FALSE	"3/3 chips match pooled direction"	FALSE	1	FALSE	TRUE	TRUE	-0.215313425298046	FALSE	"IPF/FO23-1-06474"	"FINE_STATE_ONLY_NO_PARENT_TEST"	"TECHNICALLY_CLEAN"	"none"	0.0350877192982456	0.143859649122807	0.143859649122807	-0.171929824561404	-0.368421052631579	-0.368421052631579	0.922591369894947	FALSE	FALSE	FALSE	FALSE	"mixed"	"co-enrichment (not interaction)"	NA	"Fine-state-only evidence without a directly matched 18-state test."
"E03074"	"UNSTABLE_OR_DESCRIPTIVE"	"21-state"	"pair_coenrichment"	"pair_coenrichment"	"secondary_or_scale_sensitivity"	"Alveolar/resident macrophage ↔ B"	"Alveolar/resident macrophage ↔ B"	NA	"Alveolar/resident macrophage"	"B"	"observed_expected_ratio"	50	"IPF_vs_HC"	-0.182376770802058	-1.35261938429556	-0.340173534374552	-0.0245800072295632	0.0265263214444175	0.0263973602639736	TRUE	TRUE	0.837841930092705	NA	FALSE	FALSE	-0.218574395704392	-0.309275674318883	0.0444345563502557	"2/3_same_direction"	2	FALSE	TRUE	"2/3 retained under frozen K8+J2 rule; L3 is discordant; LOPO/LOCO and Primary19-All21 directions remain stable"	FALSE	1	FALSE	TRUE	TRUE	-0.11306648143803	FALSE	"HC/NL-72"	"FINE_STATE_ONLY_NO_PARENT_TEST"	"TECHNICALLY_CLEAN"	"none"	-0.196491228070175	-0.201754385964912	-0.201754385964912	-0.149122807017544	-0.0298245614035088	-0.0298245614035088	0.434055021322872	FALSE	FALSE	FALSE	FALSE	"immune"	"co-enrichment (not interaction)"	NA	"Fine-state-only evidence without a directly matched 18-state test."
"E05705"	"UNSTABLE_OR_DESCRIPTIVE"	"21-state"	"pair_coenrichment"	"pair_coenrichment"	"secondary_or_scale_sensitivity"	"Alveolar/resident macrophage ↔ Plasma"	"Alveolar/resident macrophage ↔ Plasma"	NA	"Alveolar/resident macrophage"	"Plasma"	"largest_coenriched_component_fraction"	100	"IPF_vs_HC"	0.0165721912583581	1.24267043640069	0.0010585876758176	0.0320857948408986	0.0379828447807661	0.0287971202879712	TRUE	TRUE	0.940259057528346	NA	FALSE	FALSE	0.0344527702337547	0.006549578095317	0.004153677267218	"3/3_same_direction"	3	TRUE	FALSE	"3/3 chips match pooled direction"	FALSE	1	FALSE	TRUE	TRUE	0.0139668953969136	FALSE	"IPF/FO22-1-09404"	"FINE_STATE_ONLY_NO_PARENT_TEST"	"TECHNICALLY_CLEAN"	"none"	-0.056140350877193	-0.396491228070175	-0.396491228070175	0.140350877192982	0.0754385964912281	0.0754385964912281	0.34094261813852	FALSE	FALSE	FALSE	FALSE	"immune"	"patch morphology of co-enrichment"	NA	"Fine-state-only evidence without a directly matched 18-state test."
"E03362"	"UNSTABLE_OR_DESCRIPTIVE"	"21-state"	"pair_coenrichment"	"pair_coenrichment"	"secondary_or_scale_sensitivity"	"Blood endothelial ↔ Other inflammatory monocyte/macrophage"	"Blood endothelial ↔ Inflammatory monocyte/macrophage"	NA	"Blood endothelial"	"Other inflammatory monocyte/macrophage"	"observed_expected_ratio"	50	"IPF_vs_HC"	-0.133580102786931	-1.18280392666729	-0.251969455765312	-0.0151907498085489	0.0297084727764744	0.0533946605339466	TRUE	FALSE	0.837841930092705	NA	FALSE	FALSE	-0.10121951568898	-0.217514719231615	-0.0426425582250957	"3/3_same_direction"	3	TRUE	FALSE	"3/3 chips match pooled direction"	FALSE	1	FALSE	TRUE	TRUE	-0.118401504847648	FALSE	"IPF/FO23-1-03100"	"FINE_STATE_ONLY_NO_PARENT_TEST"	"TECHNICALLY_CLEAN"	"none"	0.315789473684211	0.210526315789474	0.210526315789474	0.243859649122807	0.314035087719298	0.314035087719298	0.636837562190853	FALSE	FALSE	FALSE	FALSE	"mixed"	"co-enrichment (not interaction)"	NA	"Fine-state-only evidence without a directly matched 18-state test."
"E05354"	"UNSTABLE_OR_DESCRIPTIVE"	"21-state"	"pair_coenrichment"	"pair_coenrichment"	"secondary_or_scale_sensitivity"	"Basal epithelial ↔ Plasma"	"Basal-like epithelial ↔ Plasma"	NA	"Basal epithelial"	"Plasma"	"observed_expected_ratio"	50	"IPF_vs_HC"	-0.298913088656518	-1.22022461088807	-0.566134351815062	-0.0316918254979743	0.0309190176104588	0.0321967803219678	TRUE	TRUE	0.837841930092705	NA	FALSE	FALSE	-0.721701877688323	0.0512661150730424	-0.175836241906014	"2/3_same_direction"	2	FALSE	FALSE	"cross-chip direction criterion not met"	FALSE	1	FALSE	TRUE	TRUE	-0.279112665940011	FALSE	"IPF/FO23-1-09473"	"FINE_STATE_ONLY_NO_PARENT_TEST"	"TECHNICALLY_CLEAN"	"none"	0.470175438596491	-0.152631578947368	-0.152631578947368	0.0508771929824561	0.0701754385964912	0.0701754385964912	0.498418056548501	FALSE	FALSE	FALSE	FALSE	"mixed"	"co-enrichment (not interaction)"	NA	"Fine-state-only evidence without a directly matched 18-state test."
"E05066"	"UNSTABLE_OR_DESCRIPTIVE"	"21-state"	"pair_coenrichment"	"pair_coenrichment"	"secondary_or_scale_sensitivity"	"Blood endothelial ↔ Peribronchial fibroblast"	"Blood endothelial ↔ Myofibroblast"	NA	"Blood endothelial"	"Peribronchial fibroblast"	"observed_expected_ratio"	50	"IPF_vs_HC"	-0.298449729288073	-1.27054771007234	-0.581191732792325	-0.0157077257838201	0.0399879914947006	0.0310968903109689	TRUE	TRUE	0.837841930092705	NA	FALSE	FALSE	-0.405980374684875	-0.419395714448035	-0.0084082614860823	"3/3_same_direction"	3	TRUE	FALSE	"3/3 chips match pooled direction"	FALSE	1	FALSE	TRUE	TRUE	-0.239895800018655	FALSE	"HC/NL-55"	"FINE_STATE_ONLY_NO_PARENT_TEST"	"TECHNICALLY_CLEAN"	"none"	0.329824561403509	0.3	0.3	-0.0403508771929825	0.171929824561404	0.171929824561404	0.59641674936506	FALSE	FALSE	FALSE	FALSE	"mixed"	"co-enrichment (not interaction)"	NA	"Fine-state-only evidence without a directly matched 18-state test."
"E01109"	"UNSTABLE_OR_DESCRIPTIVE"	"18-state"	"pair_coenrichment"	"predefined_pair"	"secondary_or_scale_sensitivity"	"AT2/alveolar transitional ↔ Myofibroblast"	"AT2/alveolar transitional ↔ Myofibroblast"	NA	"AT2/alveolar transitional"	"Myofibroblast"	"observed_expected_ratio"	50	"IPF_vs_HC"	-0.29417850722238	-1.25588888101488	-0.579978514954894	-0.0083784994898666	0.0444568095354458	0.0317968203179682	TRUE	TRUE	0.715428457154285	NA	FALSE	FALSE	-0.184529833370539	-0.614708235573157	0.0517841967327374	"2/3_same_direction"	2	FALSE	TRUE	"2/3 retained under frozen K8+J2 rule; L3 is discordant; LOPO/LOCO and Primary19-All21 directions remain stable"	FALSE	1	FALSE	TRUE	TRUE	-0.206653607519937	FALSE	"IPF/FO23-1-09473"	"REFERENCE_18STATE"	"TECHNICALLY_CLEAN"	"none"	0.147368421052632	0.0543859649122807	0.0543859649122807	-0.275438596491228	-0.324561403508772	-0.324561403508772	0.564438143904272	FALSE	FALSE	FALSE	FALSE	"mixed"	"co-enrichment (not interaction)"	NA	NA
"E06443"	"UNSTABLE_OR_DESCRIPTIVE"	"21-state"	"pair_coenrichment"	"pair_coenrichment"	"secondary_or_scale_sensitivity"	"Ciliated epithelial ↔ NK"	"Ciliated epithelial ↔ NK"	NA	"Ciliated epithelial"	"NK"	"joint_top_quartile_proportion"	100	"IPF_vs_HC"	0.0220022738817385	1.29765300042645	0.0012719970597668	0.0427325507037103	0.0390581366386489	0.0328967103289671	TRUE	TRUE	0.940259057528346	NA	FALSE	FALSE	0.0245387981413175	0.0250724282656654	0.0126050248230473	"3/3_same_direction"	3	TRUE	FALSE	"3/3 chips match pooled direction"	FALSE	1	FALSE	TRUE	TRUE	0.0073284779368732	FALSE	"IPF/FO22-1-09404"	"FINE_STATE_ONLY_NO_PARENT_TEST"	"TECHNICALLY_CLEAN"	"none"	0.352631578947368	0.0157894736842105	0.0157894736842105	-0.396491228070175	-0.456140350877193	-0.456140350877193	0.185732389356471	FALSE	FALSE	FALSE	FALSE	"mixed"	"co-enrichment (not interaction)"	NA	"Fine-state-only evidence without a directly matched 18-state test."
"E06098"	"UNSTABLE_OR_DESCRIPTIVE"	"21-state"	"pair_coenrichment"	"pair_coenrichment"	"secondary_or_scale_sensitivity"	"Blood endothelial ↔ Dendritic cell"	"Blood endothelial ↔ Dendritic cell"	NA	"Blood endothelial"	"Dendritic cell"	"observed_expected_ratio"	100	"IPF_vs_HC"	0.276607105463571	1.14354265437148	0.0249503718752088	0.528263839051932	0.0334856417187711	0.0386961303869613	TRUE	TRUE	0.940259057528346	NA	FALSE	FALSE	0.15697442364554	0.54923881155561	0.0358277560975006	"3/3_same_direction"	3	TRUE	FALSE	"3/3 chips match pooled direction"	FALSE	1	FALSE	TRUE	TRUE	0.296073542986076	FALSE	"IPF/FO23-1-09473"	"FINE_STATE_ONLY_NO_PARENT_TEST"	"TECHNICALLY_CLEAN"	"none"	-0.143859649122807	0.00701754385964912	0.00701754385964912	-0.214035087719298	-0.385964912280702	-0.385964912280702	0.924966635826871	FALSE	FALSE	FALSE	FALSE	"mixed"	"co-enrichment (not interaction)"	NA	"Fine-state-only evidence without a directly matched 18-state test."
"E06080"	"UNSTABLE_OR_DESCRIPTIVE"	"21-state"	"pair_coenrichment"	"pair_coenrichment"	"secondary_or_scale_sensitivity"	"AT1 ↔ Dendritic cell"	"AT1 ↔ Dendritic cell"	NA	"AT1"	"Dendritic cell"	"fisher_z"	100	"IPF_vs_HC"	0.155234401947426	1.19867109077876	0.0089352286425104	0.301533575252342	0.0391032094988479	0.034996500349965	TRUE	TRUE	0.940259057528346	NA	FALSE	FALSE	0.0958405882498597	0.311257722636148	0.0152542244502691	"3/3_same_direction"	3	TRUE	FALSE	"3/3 chips match pooled direction"	FALSE	1	FALSE	TRUE	TRUE	0.164774374292938	FALSE	"HC/NL-53"	"DIRECTION_CONCORDANT"	"TECHNICALLY_CLEAN"	"none"	0.0947368421052632	0	0	-0.0859649122807018	-0.164912280701754	-0.164912280701754	0.509759454020565	FALSE	FALSE	FALSE	FALSE	"mixed"	"co-enrichment (not interaction)"	NA	NA
"E07913"	"UNSTABLE_OR_DESCRIPTIVE"	"21-state"	"pair_coenrichment"	"pair_coenrichment"	"secondary_or_scale_sensitivity"	"KRT17 aberrant basaloid ↔ Plasma"	"Basal-like epithelial ↔ Plasma"	NA	"KRT17 aberrant basaloid"	"Plasma"	"largest_coenriched_component_fraction"	100	"IPF_vs_HC"	0.0171819884607952	1.20405015262203	-5.76076376759341e-05	0.0344215845592664	0.0506711436535884	0.0357964203579642	FALSE	TRUE	0.940259057528346	NA	FALSE	FALSE	0.0303481955657568	0.0124238699876671	0.0054954479554045	"3/3_same_direction"	3	TRUE	FALSE	"3/3 chips match pooled direction"	FALSE	1	FALSE	TRUE	TRUE	0.0141066283692941	FALSE	"IPF/FO23-1-06474"	"FINE_STATE_ONLY_NO_PARENT_TEST"	"TECHNICALLY_CLEAN"	"none"	0.0859649122807018	-0.407017543859649	-0.407017543859649	0.103508771929825	0.0350877192982456	0.0350877192982456	0.13279428234915	FALSE	FALSE	FALSE	FALSE	"mixed"	"patch morphology of co-enrichment"	"EXPLORATORY_SENSITIVITY_ONLY"	"Low-reference-cell state: exploratory sensitivity only; not an independently validated conclusion. Fine-state-only evidence without a directly matched 18-state test."
"E06245"	"UNSTABLE_OR_DESCRIPTIVE"	"21-state"	"pair_coenrichment"	"pair_coenrichment"	"secondary_or_scale_sensitivity"	"B ↔ T"	"B ↔ T"	NA	"B"	"T"	"largest_coenriched_component_fraction"	100	"IPF_vs_HC"	0.0243504095753192	1.28981947346935	0.0013060452464167	0.0473947739042217	0.0398069192137974	0.0360963903609639	TRUE	TRUE	0.5999400059994	NA	FALSE	FALSE	0.0302652380895456	0.0140395540964968	0.0293964136155192	"3/3_same_direction"	3	TRUE	FALSE	"3/3 chips match pooled direction"	FALSE	1	FALSE	TRUE	TRUE	0.0228008719871238	FALSE	"IPF/FO23-1-03100"	"DIRECTION_CONCORDANT"	"TECHNICALLY_CLEAN"	"none"	0.0333333333333333	-0.36140350877193	-0.36140350877193	0.175438596491228	0.21578947368421	0.21578947368421	0.329788198727559	FALSE	FALSE	FALSE	FALSE	"immune"	"patch morphology of co-enrichment"	NA	NA
"E03452"	"UNSTABLE_OR_DESCRIPTIVE"	"21-state"	"pair_coenrichment"	"pair_coenrichment"	"primary"	"KRT17 aberrant basaloid ↔ Other inflammatory monocyte/macrophage"	"Basal-like epithelial ↔ Inflammatory monocyte/macrophage"	NA	"KRT17 aberrant basaloid"	"Other inflammatory monocyte/macrophage"	"fisher_z"	50	"IPF_vs_HC"	-0.0469008373274331	-1.26761251371268	-0.0906901676583464	-0.0031115069965197	0.0375499767078913	0.0381961803819618	TRUE	TRUE	0.975142485751425	NA	FALSE	FALSE	-0.0607846264759733	-0.0535570533575027	-0.0175028989886492	"3/3_same_direction"	3	TRUE	FALSE	"3/3 chips match pooled direction"	FALSE	1	FALSE	TRUE	TRUE	-0.0527334726274457	FALSE	"HC/NL-53"	"DIRECTION_CONCORDANT"	"TECHNICALLY_CLEAN"	"none"	0.382456140350877	0	0	-0.150877192982456	-0.315789473684211	-0.315789473684211	0.47446603523091	FALSE	FALSE	FALSE	FALSE	"mixed"	"co-enrichment (not interaction)"	"EXPLORATORY_SENSITIVITY_ONLY"	"Low-reference-cell state: exploratory sensitivity only; not an independently validated conclusion."
"E01169"	"UNSTABLE_OR_DESCRIPTIVE"	"18-state"	"pair_coenrichment"	"predefined_pair"	"secondary_or_scale_sensitivity"	"B ↔ T"	"B ↔ T"	NA	"B"	"T"	"largest_coenriched_component_fraction"	100	"IPF_vs_HC"	0.0250894063037163	1.27646404949426	0.0011794969423804	0.0489993156650523	0.0410081816673081	0.0391960803919608	TRUE	TRUE	0.47035296470353	NA	FALSE	FALSE	0.0296501370889857	0.0152534619200712	0.0312965959178286	"3/3_same_direction"	3	TRUE	FALSE	"3/3 chips match pooled direction"	FALSE	1	FALSE	TRUE	TRUE	0.0235735620059418	FALSE	"IPF/FO23-1-06168"	"REFERENCE_18STATE"	"TECHNICALLY_CLEAN"	"none"	0.00350877192982456	-0.414035087719298	-0.414035087719298	0.140350877192982	0.175438596491228	0.175438596491228	0.331954124966892	FALSE	FALSE	FALSE	FALSE	"immune"	"patch morphology of co-enrichment"	NA	NA
"E07307"	"UNSTABLE_OR_DESCRIPTIVE"	"21-state"	"pair_coenrichment"	"pair_coenrichment"	"secondary_or_scale_sensitivity"	"Lymphatic endothelial ↔ Secretory/other airway epithelial"	"Lymphatic endothelial ↔ Secretory/other airway epithelial"	NA	"Lymphatic endothelial"	"Secretory/other airway epithelial"	"joint_top_quartile_proportion"	100	"IPF_vs_HC"	0.0204383758941018	1.20362026210269	0.0001167569451815	0.040759994843022	0.0488653307589718	0.0411958804119588	TRUE	TRUE	0.940259057528346	NA	FALSE	FALSE	0.015035803586458	0.0420167971868654	-0.0066211292406722	"2/3_same_direction"	2	FALSE	TRUE	"2/3 retained under frozen K8+J2 rule; L3 is discordant; LOPO/LOCO and Primary19-All21 directions remain stable"	FALSE	1	FALSE	TRUE	TRUE	0.0038281332921059	FALSE	"HC/NL-72"	"FINE_STATE_ONLY_NO_PARENT_TEST"	"TECHNICALLY_CLEAN"	"none"	0.329824561403509	-0.198245614035088	-0.198245614035088	0.0543859649122807	0.0456140350877193	0.0456140350877193	0.4156769784782	FALSE	FALSE	FALSE	FALSE	"mixed"	"co-enrichment (not interaction)"	NA	"Fine-state-only evidence without a directly matched 18-state test."
"E07925"	"UNSTABLE_OR_DESCRIPTIVE"	"21-state"	"pair_coenrichment"	"pair_coenrichment"	"secondary_or_scale_sensitivity"	"Plasma ↔ SPP1 macrophage"	"Inflammatory monocyte/macrophage ↔ Plasma"	NA	"Plasma"	"SPP1 macrophage"	"largest_coenriched_component_fraction"	100	"IPF_vs_HC"	0.0199593613703883	1.10447214791888	-2.89799476888217e-05	0.0399477026884654	0.0502901739432885	0.0436956304369563	FALSE	TRUE	0.5999400059994	NA	FALSE	FALSE	0.0534474401636896	0.0013388668748639	-0.0016585789521688	"2/3_same_direction"	2	FALSE	TRUE	"2/3 retained under frozen K8+J2 rule; L3 is discordant; LOPO/LOCO and Primary19-All21 directions remain stable"	FALSE	1	FALSE	TRUE	TRUE	0.0186779278747273	FALSE	"IPF/FO22-1-09404"	"FINE_STATE_ONLY_NO_PARENT_TEST"	"TECHNICALLY_CLEAN"	"none"	0.0964912280701754	-0.271929824561404	-0.271929824561404	-0.0543859649122807	0.0666666666666667	0.0666666666666667	0.270278818068537	FALSE	FALSE	FALSE	FALSE	"immune"	"patch morphology of co-enrichment"	NA	"Fine-state-only evidence without a directly matched 18-state test."
"E06092"	"UNSTABLE_OR_DESCRIPTIVE"	"21-state"	"pair_coenrichment"	"pair_coenrichment"	"secondary_or_scale_sensitivity"	"Blood endothelial ↔ Dendritic cell"	"Blood endothelial ↔ Dendritic cell"	NA	"Blood endothelial"	"Dendritic cell"	"fisher_z"	100	"IPF_vs_HC"	0.132397004368429	1.18297278895328	0.0040661790075129	0.260727829729344	0.0440348632721128	0.0520947905209479	TRUE	FALSE	0.940259057528346	NA	FALSE	FALSE	0.0324371173875892	0.293168751348116	0.0504826385720332	"3/3_same_direction"	3	TRUE	FALSE	"3/3 chips match pooled direction"	FALSE	1	FALSE	TRUE	TRUE	0.146317976273057	FALSE	"IPF/FO23-1-09473"	"DIRECTION_CONCORDANT"	"TECHNICALLY_CLEAN"	"none"	0.207017543859649	-0.0280701754385965	-0.0280701754385965	0.0421052631578947	0.105263157894737	0.105263157894737	0.289688672415862	FALSE	FALSE	FALSE	FALSE	"mixed"	"co-enrichment (not interaction)"	NA	NA
"E01853"	"UNSTABLE_OR_DESCRIPTIVE"	"18-state"	"pair_coenrichment"	"exploratory_pair"	"secondary_or_scale_sensitivity"	"Lymphatic endothelial ↔ T"	"Lymphatic endothelial ↔ T"	NA	"Lymphatic endothelial"	"T"	"fisher_z"	100	"IPF_vs_HC"	0.0974712883188584	0.924130192184685	0.0028063776499436	0.192136198987773	0.0443979128679716	0.127987201279872	TRUE	FALSE	0.944253850477021	NA	FALSE	FALSE	0.152123284204307	0.146743224439903	-0.0461157670726463	"2/3_same_direction"	2	FALSE	TRUE	"2/3 retained under frozen K8+J2 rule; L3 is discordant; LOPO/LOCO and Primary19-All21 directions remain stable"	FALSE	1	FALSE	TRUE	TRUE	0.0879136172496418	FALSE	"HC/NL-72"	"REFERENCE_18STATE"	"TECHNICALLY_CLEAN"	"none"	0.0631578947368421	0.0298245614035088	0.0298245614035088	0.173684210526316	0.115789473684211	0.115789473684211	0.603849150180414	FALSE	FALSE	FALSE	FALSE	"mixed"	"co-enrichment (not interaction)"	NA	NA
"E06236"	"UNSTABLE_OR_DESCRIPTIVE"	"21-state"	"pair_coenrichment"	"pair_coenrichment"	"secondary_or_scale_sensitivity"	"B ↔ T"	"B ↔ T"	NA	"B"	"T"	"fisher_z"	100	"IPF_vs_HC"	0.111044612779647	1.13649317898315	0.0024155842538879	0.219673641305407	0.045740186686408	0.0732926707329267	TRUE	FALSE	0.624442818876007	NA	FALSE	FALSE	0.108320757881092	0.0997291514835313	0.122221541811966	"3/3_same_direction"	3	TRUE	FALSE	"3/3 chips match pooled direction"	FALSE	1	FALSE	TRUE	TRUE	0.106001800424772	FALSE	"IPF/FO22-1-09404"	"DIRECTION_CONCORDANT"	"TECHNICALLY_CLEAN"	"none"	-0.166666666666667	-0.00526315789473684	-0.00526315789473684	0.0894736842105263	0.164912280701754	0.164912280701754	0.679441677933174	FALSE	FALSE	FALSE	FALSE	"immune"	"co-enrichment (not interaction)"	NA	NA
"E03746"	"UNSTABLE_OR_DESCRIPTIVE"	"21-state"	"pair_coenrichment"	"pair_coenrichment"	"secondary_or_scale_sensitivity"	"AT2/alveolar transitional ↔ T"	"AT2/alveolar transitional ↔ T"	NA	"AT2/alveolar transitional"	"T"	"observed_expected_ratio"	50	"IPF_vs_HC"	-0.328709544534393	-1.2020881160145	-0.652727666471393	-0.0046914225973929	0.0471863804915258	0.0514948505149485	TRUE	FALSE	0.837841930092705	NA	FALSE	FALSE	-0.365042852943164	-0.53540943522387	0.0775226204814554	"2/3_same_direction"	2	FALSE	TRUE	"2/3 retained under frozen K8+J2 rule; L3 is discordant; LOPO/LOCO and Primary19-All21 directions remain stable"	FALSE	1	FALSE	TRUE	TRUE	-0.254057785093609	FALSE	"HC/NL-72"	"FINE_STATE_ONLY_NO_PARENT_TEST"	"TECHNICALLY_CLEAN"	"none"	0.124561403508772	0.0947368421052632	0.0947368421052632	-0.0614035087719298	-0.152631578947368	-0.152631578947368	0.118231181211317	FALSE	FALSE	FALSE	FALSE	"mixed"	"co-enrichment (not interaction)"	NA	"Fine-state-only evidence without a directly matched 18-state test."
"E07919"	"UNSTABLE_OR_DESCRIPTIVE"	"21-state"	"pair_coenrichment"	"pair_coenrichment"	"secondary_or_scale_sensitivity"	"Plasma ↔ SPP1 macrophage"	"Inflammatory monocyte/macrophage ↔ Plasma"	NA	"Plasma"	"SPP1 macrophage"	"joint_top_quartile_proportion"	100	"IPF_vs_HC"	0.0421038575371777	1.25117317603024	-0.0014254976204468	0.0856332126948022	0.056947823577096	0.0476952304769523	FALSE	TRUE	0.5999400059994	NA	FALSE	FALSE	0.0783388909633075	0.0294674286067751	0.0051467648256863	"3/3_same_direction"	3	TRUE	FALSE	"3/3 chips match pooled direction"	FALSE	1	FALSE	TRUE	TRUE	0.0234615501464947	FALSE	"IPF/FO23-1-09473"	"FINE_STATE_ONLY_NO_PARENT_TEST"	"TECHNICALLY_CLEAN"	"none"	-0.0771929824561403	-0.119298245614035	-0.119298245614035	-0.352631578947368	-0.307017543859649	-0.307017543859649	0.548746799110892	FALSE	FALSE	FALSE	FALSE	"immune"	"co-enrichment (not interaction)"	NA	"Fine-state-only evidence without a directly matched 18-state test."
"E05534"	"UNSTABLE_OR_DESCRIPTIVE"	"21-state"	"pair_coenrichment"	"pair_coenrichment"	"secondary_or_scale_sensitivity"	"Alveolar/resident macrophage ↔ Other inflammatory monocyte/macrophage"	"Alveolar/resident macrophage ↔ Inflammatory monocyte/macrophage"	NA	"Alveolar/resident macrophage"	"Other inflammatory monocyte/macrophage"	"observed_expected_ratio"	100	"IPF_vs_HC"	-0.286316046562027	-1.21069676678758	-0.575447986475184	0.0028158933511312	0.0519794546676679	0.0481951804819518	FALSE	TRUE	0.940259057528346	NA	FALSE	FALSE	-0.353491891649718	-0.0780062258104462	-0.430783968432977	"3/3_same_direction"	3	TRUE	FALSE	"3/3 chips match pooled direction"	FALSE	1	FALSE	TRUE	TRUE	-0.27335495581963	FALSE	"HC/NL-63"	"FINE_STATE_ONLY_NO_PARENT_TEST"	"TECHNICALLY_CLEAN"	"none"	-0.329824561403509	0.264912280701754	0.264912280701754	0.308771929824561	0.412280701754386	0.412280701754386	0.743358597813164	FALSE	FALSE	FALSE	FALSE	"immune"	"co-enrichment (not interaction)"	NA	"Fine-state-only evidence without a directly matched 18-state test."
"E03361"	"UNSTABLE_OR_DESCRIPTIVE"	"21-state"	"pair_coenrichment"	"pair_coenrichment"	"secondary_or_scale_sensitivity"	"Blood endothelial ↔ Other inflammatory monocyte/macrophage"	"Blood endothelial ↔ Inflammatory monocyte/macrophage"	NA	"Blood endothelial"	"Other inflammatory monocyte/macrophage"	"observed_expected_ratio"	50	"SSc-ILD_vs_HC"	-0.175880971170601	-1.55736295291275	-0.286721684475633	-0.065040257865569	0.0042844446444889	0.0036996300369963	TRUE	TRUE	0.837841930092705	0.785972991485898	FALSE	FALSE	-0.265005766800351	-0.144221691478259	-0.0700009396569364	"3/3_same_direction"	3	TRUE	FALSE	"3/3 chips match pooled direction"	FALSE	1	FALSE	TRUE	TRUE	-0.145084527007836	FALSE	"HC/NL-55"	"FINE_STATE_ONLY_NO_PARENT_TEST"	"TECHNICALLY_CLEAN"	"none"	0.315789473684211	0.210526315789474	0.210526315789474	0.243859649122807	0.314035087719298	0.314035087719298	0.636837562190853	FALSE	FALSE	FALSE	FALSE	"mixed"	"co-enrichment (not interaction)"	NA	"Fine-state-only evidence without a directly matched 18-state test."
"E05797"	"UNSTABLE_OR_DESCRIPTIVE"	"21-state"	"pair_coenrichment"	"pair_coenrichment"	"secondary_or_scale_sensitivity"	"NK ↔ Other inflammatory monocyte/macrophage"	"Inflammatory monocyte/macrophage ↔ NK"	NA	"NK"	"Other inflammatory monocyte/macrophage"	"observed_expected_ratio"	100	"SSc-ILD_vs_HC"	-0.312511756475789	-1.38376274906076	-0.555357894244148	-0.0696656187074289	0.0153387633710591	0.0066993300669933	TRUE	TRUE	0.887911208879112	0.785972991485898	FALSE	FALSE	-0.603769356481101	-0.173222524264103	-0.0167455525722465	"3/3_same_direction"	3	TRUE	FALSE	"3/3 chips match pooled direction"	FALSE	1	FALSE	TRUE	TRUE	-0.249412101580103	FALSE	"HC/NL-53"	"FINE_STATE_ONLY_NO_PARENT_TEST"	"TECHNICALLY_CLEAN"	"none"	-0.166666666666667	0.150877192982456	0.150877192982456	0.0947368421052632	0.210526315789474	0.210526315789474	0.546037368982415	FALSE	FALSE	FALSE	FALSE	"immune"	"co-enrichment (not interaction)"	NA	"Fine-state-only evidence without a directly matched 18-state test."
"E07255"	"UNSTABLE_OR_DESCRIPTIVE"	"21-state"	"pair_coenrichment"	"pair_coenrichment"	"secondary_or_scale_sensitivity"	"AT1 ↔ Secretory/other airway epithelial"	"AT1 ↔ Secretory/other airway epithelial"	NA	"AT1"	"Secretory/other airway epithelial"	"fisher_z"	100	"SSc-ILD_vs_HC"	-0.170488313943485	-1.33600204429913	-0.303045342587968	-0.0379312852990016	0.0153854128479352	0.0133986601339866	TRUE	TRUE	0.901804556386467	0.785972991485898	FALSE	FALSE	-0.23915210445377	-0.0805309062651237	-0.193835269516346	"3/3_same_direction"	3	TRUE	FALSE	"3/3 chips match pooled direction"	FALSE	1	FALSE	TRUE	TRUE	-0.133640177247168	FALSE	"HC/NL-53"	"DIRECTION_CONCORDANT"	"TECHNICALLY_CLEAN"	"none"	-0.221052631578947	0.156140350877193	0.156140350877193	-0.0368421052631579	0.340350877192982	0.340350877192982	0.677759220280492	FALSE	FALSE	FALSE	FALSE	"epithelial"	"co-enrichment (not interaction)"	NA	NA
"E06466"	"UNSTABLE_OR_DESCRIPTIVE"	"21-state"	"pair_coenrichment"	"pair_coenrichment"	"secondary_or_scale_sensitivity"	"NK ↔ Secretory/other airway epithelial"	"NK ↔ Secretory/other airway epithelial"	NA	"NK"	"Secretory/other airway epithelial"	"joint_top_quartile_proportion"	100	"SSc-ILD_vs_HC"	0.0416125835813846	1.38936641831462	0.0085479286004714	0.0746772385622978	0.0172816602795381	0.0152984701529847	TRUE	TRUE	0.940259057528346	0.785972991485898	FALSE	FALSE	0.0606862492617207	0.0389030999339254	0.0118905018106243	"3/3_same_direction"	3	TRUE	FALSE	"3/3 chips match pooled direction"	FALSE	1	FALSE	TRUE	TRUE	0.0144934499067671	FALSE	"SSC/3342/13"	"FINE_STATE_ONLY_NO_PARENT_TEST"	"TECHNICALLY_CLEAN"	"none"	0.233333333333333	0.0666666666666667	0.0666666666666667	-0.37719298245614	-0.363157894736842	-0.363157894736842	0.725888778451839	FALSE	FALSE	FALSE	FALSE	"mixed"	"co-enrichment (not interaction)"	NA	"Fine-state-only evidence without a directly matched 18-state test."
"E02020"	"UNSTABLE_OR_DESCRIPTIVE"	"18-state"	"pair_coenrichment"	"exploratory_pair"	"secondary_or_scale_sensitivity"	"AT1 ↔ Secretory/other airway epithelial"	"AT1 ↔ Secretory/other airway epithelial"	NA	"AT1"	"Secretory/other airway epithelial"	"fisher_z"	100	"SSc-ILD_vs_HC"	-0.174629028062559	-1.34212851183564	-0.313996141764994	-0.0352619143601242	0.0176858939706715	0.0153984601539846	TRUE	TRUE	0.525755116796013	0.785972991485898	FALSE	FALSE	-0.253215533442299	-0.0552950146169231	-0.237111803200066	"3/3_same_direction"	3	TRUE	FALSE	"3/3 chips match pooled direction"	FALSE	1	FALSE	TRUE	TRUE	-0.131502207910255	FALSE	"HC/NL-53"	"REFERENCE_18STATE"	"TECHNICALLY_CLEAN"	"none"	-0.12280701754386	0.292982456140351	0.292982456140351	0.0315789473684211	0.289473684210526	0.289473684210526	0.666675867940355	FALSE	FALSE	FALSE	FALSE	"epithelial"	"co-enrichment (not interaction)"	NA	NA
"E07261"	"UNSTABLE_OR_DESCRIPTIVE"	"21-state"	"pair_coenrichment"	"pair_coenrichment"	"secondary_or_scale_sensitivity"	"AT1 ↔ Secretory/other airway epithelial"	"AT1 ↔ Secretory/other airway epithelial"	NA	"AT1"	"Secretory/other airway epithelial"	"observed_expected_ratio"	100	"SSc-ILD_vs_HC"	-0.397270627272067	-1.3859986358302	-0.717205748770912	-0.0773355057732213	0.0185436702047459	0.017998200179982	TRUE	TRUE	0.940259057528346	0.785972991485898	FALSE	FALSE	-0.609283626988789	-0.0702113375992312	-0.569219257973818	"3/3_same_direction"	3	TRUE	FALSE	"3/3 chips match pooled direction"	FALSE	1	FALSE	TRUE	TRUE	-0.270078443407721	FALSE	"HC/NL-53"	"FINE_STATE_ONLY_NO_PARENT_TEST"	"TECHNICALLY_CLEAN"	"none"	-0.105263157894737	0.231578947368421	0.231578947368421	-0.145614035087719	0.124561403508772	0.124561403508772	0.665732712130928	FALSE	FALSE	FALSE	FALSE	"epithelial"	"co-enrichment (not interaction)"	NA	"Fine-state-only evidence without a directly matched 18-state test."
"E03277"	"UNSTABLE_OR_DESCRIPTIVE"	"21-state"	"pair_coenrichment"	"pair_coenrichment"	"secondary_or_scale_sensitivity"	"NK ↔ Other inflammatory monocyte/macrophage"	"Inflammatory monocyte/macrophage ↔ NK"	NA	"NK"	"Other inflammatory monocyte/macrophage"	"observed_expected_ratio"	50	"SSc-ILD_vs_HC"	-0.206525403542721	-1.32852654587724	-0.385832222161809	-0.0272185849236338	0.0269654916207313	0.0191980801919808	TRUE	TRUE	0.837841930092705	0.785972991485898	FALSE	FALSE	-0.310925365709845	-0.178576798826362	-0.0693161709189287	"3/3_same_direction"	3	TRUE	FALSE	"3/3 chips match pooled direction"	FALSE	1	FALSE	TRUE	TRUE	-0.165008058373881	FALSE	"HC/NL-53"	"FINE_STATE_ONLY_NO_PARENT_TEST"	"TECHNICALLY_CLEAN"	"none"	-0.292982456140351	0.12280701754386	0.12280701754386	0.233333333333333	0.191228070175439	0.191228070175439	0.185939353872286	FALSE	FALSE	FALSE	FALSE	"immune"	"co-enrichment (not interaction)"	NA	"Fine-state-only evidence without a directly matched 18-state test."
"E03433"	"UNSTABLE_OR_DESCRIPTIVE"	"21-state"	"pair_coenrichment"	"pair_coenrichment"	"secondary_or_scale_sensitivity"	"CTHRC1 myofibroblast ↔ Other inflammatory monocyte/macrophage"	"Inflammatory monocyte/macrophage ↔ Myofibroblast"	NA	"CTHRC1 myofibroblast"	"Other inflammatory monocyte/macrophage"	"observed_expected_ratio"	50	"SSc-ILD_vs_HC"	-0.129593386173042	-1.15965145909344	-0.239701989096308	-0.0194847832497754	0.0242963496725287	0.0362963703629637	TRUE	TRUE	0.837841930092705	0.785972991485898	FALSE	FALSE	-0.164557975449987	-0.159216792117009	0.0029387876491671	"2/3_same_direction"	2	FALSE	TRUE	"2/3 retained under frozen K8+J2 rule; L3 is discordant; LOPO/LOCO and Primary19-All21 directions remain stable"	FALSE	1	FALSE	TRUE	TRUE	-0.0938857475892631	FALSE	"HC/NL-72"	"FINE_STATE_ONLY_NO_PARENT_TEST"	"TECHNICALLY_CLEAN"	"none"	0.221052631578947	0.170175438596491	0.170175438596491	-0.385964912280702	-0.170175438596491	-0.170175438596491	0.994456082069807	FALSE	FALSE	FALSE	FALSE	"mixed"	"co-enrichment (not interaction)"	NA	"Fine-state-only evidence without a directly matched 18-state test."
"E04489"	"UNSTABLE_OR_DESCRIPTIVE"	"21-state"	"pair_coenrichment"	"pair_coenrichment"	"secondary_or_scale_sensitivity"	"Ciliated epithelial ↔ Perivascular/mesothelial stromal"	"Ciliated epithelial ↔ Perivascular/mesothelial stromal"	NA	"Ciliated epithelial"	"Perivascular/mesothelial stromal"	"observed_expected_ratio"	50	"SSc-ILD_vs_HC"	0.271584022532912	1.11825001233101	0.0125703022491331	0.530597742816692	0.0411409801567865	0.0340965903409659	TRUE	TRUE	0.837841930092705	0.785972991485898	FALSE	FALSE	0.0484719399898501	0.379903088835659	0.489253925435533	"3/3_same_direction"	3	TRUE	FALSE	"3/3 chips match pooled direction"	FALSE	1	FALSE	TRUE	TRUE	0.324781582491851	FALSE	"HC/NL-55"	"FINE_STATE_ONLY_NO_PARENT_TEST"	"TECHNICALLY_CLEAN"	"none"	0.312280701754386	-0.419298245614035	-0.419298245614035	0.224561403508772	0.271929824561404	0.271929824561404	0.993446407151746	FALSE	FALSE	FALSE	FALSE	"mixed"	"co-enrichment (not interaction)"	NA	"Fine-state-only evidence without a directly matched 18-state test."
"E06811"	"UNSTABLE_OR_DESCRIPTIVE"	"21-state"	"pair_coenrichment"	"pair_coenrichment"	"secondary_or_scale_sensitivity"	"B ↔ Secretory/other airway epithelial"	"B ↔ Secretory/other airway epithelial"	NA	"B"	"Secretory/other airway epithelial"	"fisher_z"	100	"SSc-ILD_vs_HC"	-0.132993691890932	-1.14673448876097	-0.254976811193956	-0.0110105725879072	0.0347234724709196	0.0512948705129487	TRUE	FALSE	0.940259057528346	0.785972991485898	FALSE	FALSE	-0.182948913372452	-0.0490779899340649	-0.19263735304338	"3/3_same_direction"	3	TRUE	FALSE	"3/3 chips match pooled direction"	FALSE	1	FALSE	TRUE	TRUE	-0.113483785894398	FALSE	"HC/NL-63"	"DIRECTION_CONCORDANT"	"TECHNICALLY_CLEAN"	"none"	0.263157894736842	0.173684210526316	0.173684210526316	0.166666666666667	0.343859649122807	0.343859649122807	0.658584248050623	FALSE	FALSE	FALSE	FALSE	"mixed"	"co-enrichment (not interaction)"	NA	NA
"E03457"	"UNSTABLE_OR_DESCRIPTIVE"	"21-state"	"pair_coenrichment"	"pair_coenrichment"	"secondary_or_scale_sensitivity"	"KRT17 aberrant basaloid ↔ Other inflammatory monocyte/macrophage"	"Basal-like epithelial ↔ Inflammatory monocyte/macrophage"	NA	"KRT17 aberrant basaloid"	"Other inflammatory monocyte/macrophage"	"observed_expected_ratio"	50	"SSc-ILD_vs_HC"	-0.122248661160093	-1.12235657538844	-0.235095689426219	-0.0094016328939669	0.0357221968796681	0.04999500049995	TRUE	TRUE	0.837841930092705	0.785972991485898	FALSE	FALSE	-0.110342778669685	-0.200179776406398	0.0062259197963689	"2/3_same_direction"	2	FALSE	TRUE	"2/3 retained under frozen K8+J2 rule; L3 is discordant; LOPO/LOCO and Primary19-All21 directions remain stable"	FALSE	1	FALSE	TRUE	TRUE	-0.11716366056797	FALSE	"HC/NL-55"	"FINE_STATE_ONLY_NO_PARENT_TEST"	"TECHNICALLY_CLEAN"	"none"	-0.131578947368421	0.0491228070175439	0.0491228070175439	0.207017543859649	0.210526315789474	0.210526315789474	0.408423815100293	FALSE	FALSE	FALSE	FALSE	"mixed"	"co-enrichment (not interaction)"	"EXPLORATORY_SENSITIVITY_ONLY"	"Low-reference-cell state: exploratory sensitivity only; not an independently validated conclusion. Fine-state-only evidence without a directly matched 18-state test."
"E03439"	"UNSTABLE_OR_DESCRIPTIVE"	"21-state"	"pair_coenrichment"	"pair_coenrichment"	"primary"	"Other inflammatory monocyte/macrophage ↔ Peribronchial fibroblast"	"Inflammatory monocyte/macrophage ↔ Myofibroblast"	NA	"Other inflammatory monocyte/macrophage"	"Peribronchial fibroblast"	"fisher_z"	50	"SSc-ILD_vs_HC"	0.0302527769618143	1.22595534877366	0.0015315231670881	0.0589740307565405	0.0403509478435056	0.0373962603739626	TRUE	TRUE	0.975142485751425	0.785972991485898	FALSE	FALSE	0.0315614963584438	0.0353554323650313	0.0150089321736478	"3/3_same_direction"	3	TRUE	FALSE	"3/3 chips match pooled direction"	FALSE	1	FALSE	TRUE	TRUE	0.0171939584467511	FALSE	"HC/NL-72"	"RESOLUTION_DISCORDANT"	"TECHNICALLY_CLEAN"	"none"	-0.442105263157895	0.0140350877192982	0.0140350877192982	0.0964912280701754	-0.0859649122807018	-0.0859649122807018	0.052883059431721	FALSE	FALSE	FALSE	FALSE	"mixed"	"co-enrichment (not interaction)"	NA	"Direction opposes the mapped 18-state parent."
"E00697"	"UNSTABLE_OR_DESCRIPTIVE"	"18-state"	"spatial_architecture"	"spatial_architecture"	"scale_sensitivity"	"NK"	"NK"	"NK"	NA	NA	"iqr"	100	"SSc-ILD_vs_HC"	0.109925894906842	1.0479777944481	0.0067154801344682	0.213136309679215	0.0384750450784435	0.0518948105189481	TRUE	FALSE	0.835015090040292	0.785972991485898	FALSE	FALSE	0.120220519667704	0.170169931372089	-0.0157255688971089	"2/3_same_direction"	2	FALSE	TRUE	"2/3 retained under frozen K8+J2 rule; L3 is discordant; LOPO/LOCO and Primary19-All21 directions remain stable"	FALSE	1	FALSE	TRUE	TRUE	0.0485334821328249	FALSE	"HC/NL-63"	"REFERENCE_18STATE"	"TECHNICALLY_CLEAN"	"none"	-0.163157894736842	0.363157894736842	0.363157894736842	-0.26140350877193	-0.352631578947368	-0.352631578947368	0.904837843490565	FALSE	FALSE	FALSE	FALSE	"immune"	"heterogeneity"	NA	NA
"E06502"	"UNSTABLE_OR_DESCRIPTIVE"	"21-state"	"pair_coenrichment"	"pair_coenrichment"	"secondary_or_scale_sensitivity"	"NK ↔ Perivascular/mesothelial stromal"	"NK ↔ Perivascular/mesothelial stromal"	NA	"NK"	"Perivascular/mesothelial stromal"	"joint_top_quartile_proportion"	100	"SSc-ILD_vs_HC"	0.0244304426651891	1.17795083678539	0.0012005205836063	0.0476603647467719	0.0406203115044408	0.042995700429957	TRUE	TRUE	0.940259057528346	0.785972991485898	FALSE	FALSE	0.0429628371385957	0.0207762883613847	-0.0028997104680939	"2/3_same_direction"	2	FALSE	TRUE	"2/3 retained under frozen K8+J2 rule; L3 is discordant; LOPO/LOCO and Primary19-All21 directions remain stable"	FALSE	1	FALSE	TRUE	TRUE	0.0030544198923464	FALSE	"HC/NL-72"	"FINE_STATE_ONLY_NO_PARENT_TEST"	"TECHNICALLY_CLEAN"	"none"	-0.152631578947368	0.192982456140351	0.192982456140351	-0.389473684210526	-0.449122807017544	-0.449122807017544	0.421738991506521	FALSE	FALSE	FALSE	FALSE	"mixed"	"co-enrichment (not interaction)"	NA	"Fine-state-only evidence without a directly matched 18-state test."
"E01942"	"UNSTABLE_OR_DESCRIPTIVE"	"18-state"	"pair_coenrichment"	"exploratory_pair"	"secondary_or_scale_sensitivity"	"B ↔ Secretory/other airway epithelial"	"B ↔ Secretory/other airway epithelial"	NA	"B"	"Secretory/other airway epithelial"	"fisher_z"	100	"SSc-ILD_vs_HC"	-0.124409836080107	-1.08248414817971	-0.243118038374726	-0.0057016337854884	0.0412243646087256	0.0596940305969403	TRUE	FALSE	0.944253850477021	0.785972991485898	FALSE	FALSE	-0.158929631934544	-0.0343849513934777	-0.225453372016777	"3/3_same_direction"	3	TRUE	FALSE	"3/3 chips match pooled direction"	FALSE	1	FALSE	TRUE	TRUE	-0.109831231604027	FALSE	"HC/NL-63"	"REFERENCE_18STATE"	"TECHNICALLY_CLEAN"	"none"	0.2	0.308771929824561	0.308771929824561	0.178947368421053	0.245614035087719	0.245614035087719	0.892223092953216	FALSE	FALSE	FALSE	FALSE	"mixed"	"co-enrichment (not interaction)"	NA	NA
"E00784"	"UNSTABLE_OR_DESCRIPTIVE"	"18-state"	"spatial_architecture"	"spatial_architecture"	"scale_sensitivity"	"Ciliated epithelial"	"Ciliated epithelial"	"Ciliated epithelial"	NA	NA	"high_enrichment_area_fraction"	100	"SSc-ILD_vs_HC"	-0.0487161271067991	-1.21988910477256	-0.0960424137741951	-0.0013898404394032	0.0444476429235837	0.0428957104289571	TRUE	TRUE	0.835015090040292	0.785972991485898	FALSE	FALSE	-0.0208139357516902	-0.0667267335241139	-0.0695163780206035	"3/3_same_direction"	3	TRUE	FALSE	"3/3 chips match pooled direction"	FALSE	1	FALSE	TRUE	TRUE	-0.0650022251398917	FALSE	"HC/NL-55"	"REFERENCE_18STATE"	"TECHNICALLY_CLEAN"	"none"	0.0807017543859649	0.164912280701754	0.164912280701754	-0.0596491228070175	0.0280701754385965	0.0280701754385965	0.214611553780031	FALSE	FALSE	FALSE	FALSE	"epithelial"	"patch morphology"	NA	NA
"E03853"	"UNSTABLE_OR_DESCRIPTIVE"	"21-state"	"pair_coenrichment"	"pair_coenrichment"	"secondary_or_scale_sensitivity"	"CTHRC1 myofibroblast ↔ T"	"Myofibroblast ↔ T"	NA	"CTHRC1 myofibroblast"	"T"	"observed_expected_ratio"	50	"SSc-ILD_vs_HC"	-0.169463770593171	-0.925360442530343	-0.335487014256953	-0.0034405269293878	0.0460190927232683	0.0782921707829217	TRUE	FALSE	0.837841930092705	0.785972991485898	FALSE	FALSE	-0.125636118966858	-0.197143753892529	-0.207637998397243	"3/3_same_direction"	3	TRUE	FALSE	"3/3 chips match pooled direction"	FALSE	1	FALSE	TRUE	TRUE	-0.120045821975364	FALSE	"HC/NL-55"	"FINE_STATE_ONLY_NO_PARENT_TEST"	"TECHNICALLY_CLEAN"	"none"	0.110526315789474	0.189473684210526	0.189473684210526	0.147368421052632	-0.191228070175439	-0.191228070175439	0.983814003100904	FALSE	FALSE	FALSE	FALSE	"mixed"	"co-enrichment (not interaction)"	NA	"Fine-state-only evidence without a directly matched 18-state test."
"E03301"	"UNSTABLE_OR_DESCRIPTIVE"	"21-state"	"pair_coenrichment"	"pair_coenrichment"	"secondary_or_scale_sensitivity"	"B ↔ Other inflammatory monocyte/macrophage"	"B ↔ Inflammatory monocyte/macrophage"	NA	"B"	"Other inflammatory monocyte/macrophage"	"observed_expected_ratio"	50	"SSc-ILD_vs_HC"	-0.14218164678552	-1.10309671547557	-0.288097291822035	0.0037339982509957	0.055357065812972	0.0493950604939506	FALSE	TRUE	0.837841930092705	0.785972991485898	FALSE	FALSE	-0.199536993057112	-0.12279074900699	-0.0728285209962884	"3/3_same_direction"	3	TRUE	FALSE	"3/3 chips match pooled direction"	FALSE	1	FALSE	TRUE	TRUE	-0.113162273396151	FALSE	"HC/NL-63"	"FINE_STATE_ONLY_NO_PARENT_TEST"	"TECHNICALLY_CLEAN"	"none"	-0.043859649122807	0.143859649122807	0.143859649122807	0.359649122807018	0.347368421052632	0.347368421052632	0.768334756227167	FALSE	FALSE	FALSE	FALSE	"immune"	"co-enrichment (not interaction)"	NA	"Fine-state-only evidence without a directly matched 18-state test."
"E01854"	"UNSTABLE_OR_DESCRIPTIVE"	"18-state"	"pair_coenrichment"	"exploratory_pair"	"secondary_or_scale_sensitivity"	"Lymphatic endothelial ↔ T"	"Lymphatic endothelial ↔ T"	NA	"Lymphatic endothelial"	"T"	"fisher_z"	100	"SSc-ILD_vs_IPF"	-0.171479547066088	-1.62580621964823	-0.255626134327345	-0.08733295980483	0.0006398170096752	0.0001999800019998	TRUE	TRUE	0.0881911808819118	NA	FALSE	FALSE	-0.20665980809812	-0.216958551479848	-0.0826210532081384	"3/3_same_direction"	3	TRUE	FALSE	"3/3 chips match pooled direction"	FALSE	1	FALSE	TRUE	TRUE	-0.156648317209667	FALSE	"IPF/FO23-1-09473"	"REFERENCE_18STATE"	"TECHNICALLY_CLEAN"	"none"	0.0631578947368421	0.0298245614035088	0.0298245614035088	0.173684210526316	0.115789473684211	0.115789473684211	0.603849150180414	FALSE	FALSE	FALSE	TRUE	"mixed"	"co-enrichment (not interaction)"	NA	NA
"E05043"	"UNSTABLE_OR_DESCRIPTIVE"	"21-state"	"pair_coenrichment"	"pair_coenrichment"	"secondary_or_scale_sensitivity"	"Basal epithelial ↔ Blood endothelial"	"Basal-like epithelial ↔ Blood endothelial"	NA	"Basal epithelial"	"Blood endothelial"	"observed_expected_ratio"	50	"SSc-ILD_vs_IPF"	0.329783919461839	1.52524207530614	0.142786303253045	0.516781535670634	0.0020194635954637	0.0011998800119988	TRUE	TRUE	0.755924407559244	NA	FALSE	FALSE	0.417543540233717	0.242453734528325	0.336889968527845	"3/3_same_direction"	3	TRUE	FALSE	"3/3 chips match pooled direction"	FALSE	1	FALSE	TRUE	TRUE	0.325484440886694	FALSE	"IPF/FO23-1-06474"	"FINE_STATE_ONLY_NO_PARENT_TEST"	"TECHNICALLY_CLEAN"	"none"	0.0350877192982456	0.143859649122807	0.143859649122807	-0.171929824561404	-0.368421052631579	-0.368421052631579	0.922591369894947	FALSE	FALSE	FALSE	TRUE	"mixed"	"co-enrichment (not interaction)"	NA	"Fine-state-only evidence without a directly matched 18-state test."
"E01158"	"UNSTABLE_OR_DESCRIPTIVE"	"18-state"	"pair_coenrichment"	"predefined_pair"	"secondary_or_scale_sensitivity"	"B ↔ T"	"B ↔ T"	NA	"B"	"T"	"fisher_z"	100	"SSc-ILD_vs_IPF"	-0.157227240196358	-1.4728637324061	-0.260227205572182	-0.0542272748205345	0.0055419962044997	0.0018998100189981	TRUE	TRUE	0.0755924407559244	NA	FALSE	FALSE	-0.196928770452628	-0.0913883626883722	-0.189262120402558	"3/3_same_direction"	3	TRUE	FALSE	"3/3 chips match pooled direction"	FALSE	1	FALSE	TRUE	TRUE	-0.130211263661342	FALSE	"IPF/FO23-1-03100"	"REFERENCE_18STATE"	"TECHNICALLY_CLEAN"	"none"	-0.103508771929825	-0.0192982456140351	-0.0192982456140351	0.231578947368421	0.307017543859649	0.307017543859649	0.50495146352599	FALSE	FALSE	FALSE	TRUE	"immune"	"co-enrichment (not interaction)"	NA	NA
"E01155"	"UNSTABLE_OR_DESCRIPTIVE"	"18-state"	"pair_coenrichment"	"predefined_pair"	"secondary_or_scale_sensitivity"	"B ↔ T"	"B ↔ T"	NA	"B"	"T"	"spearman_rho"	100	"SSc-ILD_vs_IPF"	-0.155543218958772	-1.47221318586326	-0.257489644651224	-0.0535967932663206	0.0055596116352809	0.0020997900209979	TRUE	TRUE	0.0755924407559244	NA	FALSE	FALSE	-0.194444854243244	-0.0905699006082174	-0.187470032834065	"3/3_same_direction"	3	TRUE	FALSE	"3/3 chips match pooled direction"	FALSE	1	FALSE	TRUE	TRUE	-0.128678335279386	FALSE	"IPF/FO23-1-03100"	"REFERENCE_18STATE"	"TECHNICALLY_CLEAN"	"none"	-0.103508771929825	-0.0192982456140351	-0.0192982456140351	0.231578947368421	0.307017543859649	0.307017543859649	0.508697363502564	FALSE	FALSE	FALSE	TRUE	"immune"	"co-enrichment (not interaction)"	NA	NA
"E01776"	"UNSTABLE_OR_DESCRIPTIVE"	"18-state"	"pair_coenrichment"	"exploratory_pair"	"secondary_or_scale_sensitivity"	"Basal-like epithelial ↔ Inflammatory monocyte/macrophage"	"Basal-like epithelial ↔ Inflammatory monocyte/macrophage"	NA	"Basal-like epithelial"	"Inflammatory monocyte/macrophage"	"fisher_z"	100	"SSc-ILD_vs_IPF"	0.126937880078316	1.34285197874144	0.0523136311364617	0.20156212902017	0.0026335066530105	0.0065993400659934	TRUE	TRUE	0.507099290070993	NA	FALSE	FALSE	0.149759157223511	0.0382538661655619	0.213930764371603	"3/3_same_direction"	3	TRUE	FALSE	"3/3 chips match pooled direction"	FALSE	1	FALSE	TRUE	TRUE	0.10601377647039	FALSE	"SSC/15491/14"	"REFERENCE_18STATE"	"TECHNICALLY_CLEAN"	"none"	0.226315789473684	0.219298245614035	0.219298245614035	0.0087719298245614	-0.0263157894736842	-0.0263157894736842	0.90166936046894	FALSE	FALSE	FALSE	TRUE	"mixed"	"co-enrichment (not interaction)"	NA	NA
"E06237"	"UNSTABLE_OR_DESCRIPTIVE"	"21-state"	"pair_coenrichment"	"pair_coenrichment"	"secondary_or_scale_sensitivity"	"B ↔ T"	"B ↔ T"	NA	"B"	"T"	"fisher_z"	100	"SSc-ILD_vs_IPF"	-0.14176676500642	-1.45092100736141	-0.238325901473762	-0.045207628539078	0.0071065171362764	0.0033996600339966	TRUE	TRUE	0.244775522447755	NA	FALSE	FALSE	-0.164097526356146	-0.0893582399534212	-0.178432558882817	"3/3_same_direction"	3	TRUE	FALSE	"3/3 chips match pooled direction"	FALSE	1	FALSE	TRUE	TRUE	-0.117936268040104	FALSE	"IPF/FO22-1-09404"	"DIRECTION_CONCORDANT"	"TECHNICALLY_CLEAN"	"none"	-0.166666666666667	-0.00526315789473684	-0.00526315789473684	0.0894736842105263	0.164912280701754	0.164912280701754	0.679441677933174	FALSE	FALSE	FALSE	TRUE	"immune"	"co-enrichment (not interaction)"	NA	NA
"E01164"	"UNSTABLE_OR_DESCRIPTIVE"	"18-state"	"pair_coenrichment"	"predefined_pair"	"secondary_or_scale_sensitivity"	"B ↔ T"	"B ↔ T"	NA	"B"	"T"	"observed_expected_ratio"	100	"SSc-ILD_vs_IPF"	-0.386719814665391	-1.28984469711433	-0.631497407873867	-0.141942221456915	0.0044125973966491	0.0111988801119888	TRUE	TRUE	0.295170482951705	NA	FALSE	FALSE	-0.409699887643814	-0.270788740320583	-0.512079460842168	"3/3_same_direction"	3	TRUE	FALSE	"3/3 chips match pooled direction"	FALSE	1	FALSE	TRUE	TRUE	-0.329770683636007	FALSE	"IPF/FO23-1-03100"	"REFERENCE_18STATE"	"TECHNICALLY_CLEAN"	"none"	-0.368421052631579	-0.226315789473684	-0.226315789473684	-0.0701754385964912	-0.182456140350877	-0.182456140350877	0.982903181290508	FALSE	FALSE	FALSE	TRUE	"immune"	"co-enrichment (not interaction)"	NA	NA
"E05901"	"UNSTABLE_OR_DESCRIPTIVE"	"21-state"	"pair_coenrichment"	"pair_coenrichment"	"secondary_or_scale_sensitivity"	"Fibroblast ↔ Other inflammatory monocyte/macrophage"	"Fibroblast ↔ Inflammatory monocyte/macrophage"	NA	"Fibroblast"	"Other inflammatory monocyte/macrophage"	"fisher_z"	100	"SSc-ILD_vs_IPF"	-0.109272605564672	-1.39545146129653	-0.180939574508487	-0.037605636620858	0.0055835604252908	0.0066993300669933	TRUE	TRUE	0.887911208879112	NA	FALSE	FALSE	-0.17083037884687	0.0018154506237191	-0.1654010120822	"2/3_same_direction"	2	FALSE	FALSE	"cross-chip direction criterion not met"	FALSE	1	FALSE	TRUE	TRUE	-0.0871406192056715	FALSE	"IPF/FO23-1-03100"	"DIRECTION_CONCORDANT"	"TECHNICALLY_CLEAN"	"none"	-0.00350877192982456	0.0298245614035088	0.0298245614035088	-0.0789473684210526	-0.107017543859649	-0.107017543859649	0.67226974427989	FALSE	FALSE	FALSE	TRUE	"mixed"	"co-enrichment (not interaction)"	NA	NA
"E06573"	"UNSTABLE_OR_DESCRIPTIVE"	"21-state"	"pair_coenrichment"	"pair_coenrichment"	"secondary_or_scale_sensitivity"	"NK ↔ Peribronchial fibroblast"	"Myofibroblast ↔ NK"	NA	"NK"	"Peribronchial fibroblast"	"fisher_z"	100	"SSc-ILD_vs_IPF"	-0.11366333275064	-1.39694883430975	-0.192322121333051	-0.0350045441682277	0.0078439983323847	0.006999300069993	TRUE	TRUE	0.887911208879112	NA	FALSE	FALSE	-0.146917970279832	-0.0821623516545686	-0.117291075383734	"3/3_same_direction"	3	TRUE	FALSE	"3/3 chips match pooled direction"	FALSE	1	FALSE	TRUE	TRUE	-0.118387986111331	FALSE	"SSC/FO21-1-01756B1"	"DIRECTION_CONCORDANT"	"TECHNICALLY_CLEAN"	"none"	-0.128070175438597	-0.16140350877193	-0.16140350877193	-0.0140350877192982	0.0140350877192982	0.0140350877192982	0.225201373977118	FALSE	FALSE	FALSE	TRUE	"mixed"	"co-enrichment (not interaction)"	NA	NA
"E06267"	"UNSTABLE_OR_DESCRIPTIVE"	"21-state"	"pair_coenrichment"	"pair_coenrichment"	"secondary_or_scale_sensitivity"	"AT2/alveolar transitional ↔ T"	"AT2/alveolar transitional ↔ T"	NA	"AT2/alveolar transitional"	"T"	"observed_expected_ratio"	100	"SSc-ILD_vs_IPF"	0.49014569303088	1.40056438053654	0.130835706728562	0.849455679333199	0.0110638116894448	0.007999200079992	TRUE	TRUE	0.901804556386467	NA	FALSE	FALSE	0.763158095288538	0.380189237279523	0.309954976670509	"3/3_same_direction"	3	TRUE	FALSE	"3/3 chips match pooled direction"	FALSE	1	FALSE	TRUE	TRUE	0.538544173493958	FALSE	"IPF/FO23-1-03100"	"FINE_STATE_ONLY_NO_PARENT_TEST"	"TECHNICALLY_CLEAN"	"none"	0.112280701754386	-0.228070175438597	-0.228070175438597	-0.301754385964912	-0.173684210526316	-0.173684210526316	0.971402330922778	FALSE	FALSE	FALSE	TRUE	"mixed"	"co-enrichment (not interaction)"	NA	"Fine-state-only evidence without a directly matched 18-state test."
"E01806"	"UNSTABLE_OR_DESCRIPTIVE"	"18-state"	"pair_coenrichment"	"exploratory_pair"	"secondary_or_scale_sensitivity"	"Blood endothelial ↔ Dendritic cell"	"Blood endothelial ↔ Dendritic cell"	NA	"Blood endothelial"	"Dendritic cell"	"fisher_z"	100	"SSc-ILD_vs_IPF"	-0.132954461655466	-1.20477520560895	-0.244433169705571	-0.0214757536053612	0.0227628068440522	0.0081991800819918	TRUE	TRUE	0.507099290070993	NA	FALSE	FALSE	-0.130725759449255	-0.185264747544524	-0.0758907382391254	"3/3_same_direction"	3	TRUE	FALSE	"3/3 chips match pooled direction"	FALSE	1	FALSE	TRUE	TRUE	-0.126469097026904	FALSE	"IPF/FO23-1-09473"	"REFERENCE_18STATE"	"TECHNICALLY_CLEAN"	"none"	0.189473684210526	-0.0491228070175439	-0.0491228070175439	0.00701754385964912	0.0333333333333333	0.0333333333333333	0.490062281242044	FALSE	FALSE	FALSE	TRUE	"mixed"	"co-enrichment (not interaction)"	NA	NA
"E07359"	"UNSTABLE_OR_DESCRIPTIVE"	"21-state"	"pair_coenrichment"	"pair_coenrichment"	"secondary_or_scale_sensitivity"	"Peribronchial fibroblast ↔ Secretory/other airway epithelial"	"Myofibroblast ↔ Secretory/other airway epithelial"	NA	"Peribronchial fibroblast"	"Secretory/other airway epithelial"	"observed_expected_ratio"	100	"SSc-ILD_vs_IPF"	-0.319634923175442	-1.35980779230165	-0.54658169521771	-0.0926881511331745	0.0091666069490164	0.0087991200879912	TRUE	TRUE	0.901804556386467	NA	FALSE	FALSE	-0.315974801755822	-0.449773193271613	-0.143581397589822	"3/3_same_direction"	3	TRUE	FALSE	"3/3 chips match pooled direction"	FALSE	1	FALSE	TRUE	TRUE	-0.293554126603016	FALSE	"IPF/FO23-1-09473"	"FINE_STATE_ONLY_NO_PARENT_TEST"	"TECHNICALLY_CLEAN"	"none"	0.0789473684210526	-0.312280701754386	-0.312280701754386	0.0666666666666667	0.221052631578947	0.221052631578947	0.584876750291533	FALSE	FALSE	FALSE	TRUE	"mixed"	"co-enrichment (not interaction)"	NA	"Fine-state-only evidence without a directly matched 18-state test."
"E07875"	"UNSTABLE_OR_DESCRIPTIVE"	"21-state"	"pair_coenrichment"	"pair_coenrichment"	"secondary_or_scale_sensitivity"	"Basal epithelial ↔ Plasma"	"Basal-like epithelial ↔ Plasma"	NA	"Basal epithelial"	"Plasma"	"observed_expected_ratio"	100	"SSc-ILD_vs_IPF"	0.295759336419616	1.16449029314563	0.0589112908698697	0.532607381969362	0.0180067065553468	0.0094990500949905	TRUE	TRUE	0.901804556386467	NA	FALSE	FALSE	0.702374030604408	0.0446354189058437	0.118730946610345	"3/3_same_direction"	3	TRUE	FALSE	"3/3 chips match pooled direction"	FALSE	1	FALSE	TRUE	TRUE	0.348301441499823	FALSE	"IPF/FO22-1-09404"	"FINE_STATE_ONLY_NO_PARENT_TEST"	"TECHNICALLY_CLEAN"	"none"	0.398245614035088	-0.221052631578947	-0.221052631578947	-0.114035087719298	-0.285964912280702	-0.285964912280702	0.865362232106497	FALSE	FALSE	FALSE	TRUE	"mixed"	"co-enrichment (not interaction)"	NA	"Fine-state-only evidence without a directly matched 18-state test."
"E06261"	"UNSTABLE_OR_DESCRIPTIVE"	"21-state"	"pair_coenrichment"	"pair_coenrichment"	"secondary_or_scale_sensitivity"	"AT2/alveolar transitional ↔ T"	"AT2/alveolar transitional ↔ T"	NA	"AT2/alveolar transitional"	"T"	"fisher_z"	100	"SSc-ILD_vs_IPF"	0.19121533646891	1.28356012485481	0.0328432705340506	0.349587402403769	0.0214072092940547	0.0098990100989901	TRUE	TRUE	0.901804556386467	NA	FALSE	FALSE	0.345696814547176	0.175723860358059	0.0242172811594873	"3/3_same_direction"	3	TRUE	FALSE	"3/3 chips match pooled direction"	FALSE	1	FALSE	TRUE	TRUE	0.214002273783202	FALSE	"IPF/FO22-1-09404"	"DIRECTION_CONCORDANT"	"TECHNICALLY_CLEAN"	"none"	0.171929824561404	-0.37719298245614	-0.37719298245614	-0.398245614035088	-0.249122807017544	-0.249122807017544	0.381578441799872	FALSE	FALSE	FALSE	TRUE	"mixed"	"co-enrichment (not interaction)"	NA	NA
"E01836"	"UNSTABLE_OR_DESCRIPTIVE"	"18-state"	"pair_coenrichment"	"exploratory_pair"	"secondary_or_scale_sensitivity"	"AT2/alveolar transitional ↔ T"	"AT2/alveolar transitional ↔ T"	NA	"AT2/alveolar transitional"	"T"	"fisher_z"	100	"SSc-ILD_vs_IPF"	0.189889757160202	1.28167080066395	0.0322655979066796	0.347513916413724	0.0216478961687127	0.00999900009999	TRUE	TRUE	0.507099290070993	NA	FALSE	FALSE	0.353575006615852	0.161903693926907	0.0270562470947409	"3/3_same_direction"	3	TRUE	FALSE	"3/3 chips match pooled direction"	FALSE	1	FALSE	TRUE	TRUE	0.205744589033074	FALSE	"IPF/FO22-1-09404"	"REFERENCE_18STATE"	"TECHNICALLY_CLEAN"	"none"	0.128070175438597	-0.307017543859649	-0.307017543859649	-0.396491228070175	-0.236842105263158	-0.236842105263158	0.305175005814155	FALSE	FALSE	FALSE	TRUE	"mixed"	"co-enrichment (not interaction)"	NA	NA
"E06333"	"UNSTABLE_OR_DESCRIPTIVE"	"21-state"	"pair_coenrichment"	"pair_coenrichment"	"secondary_or_scale_sensitivity"	"Lymphatic endothelial ↔ T"	"Lymphatic endothelial ↔ T"	NA	"Lymphatic endothelial"	"T"	"fisher_z"	100	"SSc-ILD_vs_IPF"	-0.125641421431906	-1.2818419076774	-0.224106014086722	-0.0271768287770897	0.0160568676723871	0.0106989301069893	TRUE	TRUE	0.901804556386467	NA	FALSE	FALSE	-0.124974382471196	-0.184368689116297	-0.0639591417374191	"3/3_same_direction"	3	TRUE	FALSE	"3/3 chips match pooled direction"	FALSE	1	FALSE	TRUE	TRUE	-0.11058809815658	FALSE	"SSC/15275/13"	"DIRECTION_CONCORDANT"	"TECHNICALLY_CLEAN"	"none"	0.121052631578947	-0.16140350877193	-0.16140350877193	0.0736842105263158	0.0894736842105263	0.0894736842105263	0.819356427040995	FALSE	FALSE	FALSE	TRUE	"mixed"	"co-enrichment (not interaction)"	NA	NA
"E06177"	"UNSTABLE_OR_DESCRIPTIVE"	"21-state"	"pair_coenrichment"	"pair_coenrichment"	"secondary_or_scale_sensitivity"	"Dendritic cell ↔ Peribronchial fibroblast"	"Dendritic cell ↔ Myofibroblast"	NA	"Dendritic cell"	"Peribronchial fibroblast"	"fisher_z"	100	"SSc-ILD_vs_IPF"	0.12843781127646	1.33431338563075	0.0255773177802311	0.231298304772688	0.0180119990788731	0.0111988801119888	TRUE	TRUE	0.901804556386467	NA	FALSE	FALSE	0.1679088347792	0.171228807008155	0.0230889612406283	"3/3_same_direction"	3	TRUE	FALSE	"3/3 chips match pooled direction"	FALSE	1	FALSE	TRUE	TRUE	0.122017897212646	FALSE	"IPF/FO23-1-09473"	"DIRECTION_CONCORDANT"	"TECHNICALLY_CLEAN"	"none"	0.0649122807017544	0.012280701754386	0.012280701754386	-0.475438596491228	-0.329824561403509	-0.329824561403509	0.217792686327799	FALSE	FALSE	FALSE	TRUE	"mixed"	"co-enrichment (not interaction)"	NA	NA
"E06093"	"UNSTABLE_OR_DESCRIPTIVE"	"21-state"	"pair_coenrichment"	"pair_coenrichment"	"secondary_or_scale_sensitivity"	"Blood endothelial ↔ Dendritic cell"	"Blood endothelial ↔ Dendritic cell"	NA	"Blood endothelial"	"Dendritic cell"	"fisher_z"	100	"SSc-ILD_vs_IPF"	-0.137806975452877	-1.23131110757654	-0.251878820218135	-0.0237351306876182	0.0213455631648191	0.0120987901209879	TRUE	TRUE	0.901804556386467	NA	FALSE	FALSE	-0.140876367390815	-0.186851503318744	-0.0794907728478184	"3/3_same_direction"	3	TRUE	FALSE	"3/3 chips match pooled direction"	FALSE	1	FALSE	TRUE	TRUE	-0.135584678519656	FALSE	"IPF/FO23-1-09473"	"DIRECTION_CONCORDANT"	"TECHNICALLY_CLEAN"	"none"	0.207017543859649	-0.0280701754385965	-0.0280701754385965	0.0421052631578947	0.105263157894737	0.105263157894737	0.289688672415862	FALSE	FALSE	FALSE	TRUE	"mixed"	"co-enrichment (not interaction)"	NA	NA
"E05355"	"UNSTABLE_OR_DESCRIPTIVE"	"21-state"	"pair_coenrichment"	"pair_coenrichment"	"secondary_or_scale_sensitivity"	"Basal epithelial ↔ Plasma"	"Basal-like epithelial ↔ Plasma"	NA	"Basal epithelial"	"Plasma"	"observed_expected_ratio"	50	"SSc-ILD_vs_IPF"	0.297471572069066	1.21434004415693	0.0599415603725826	0.535001583765549	0.0177350239283025	0.0133986601339866	TRUE	TRUE	0.837841930092705	NA	FALSE	FALSE	0.683872676725238	-0.0856705004626381	0.303654185809356	"2/3_same_direction"	2	FALSE	FALSE	"cross-chip direction criterion not met"	FALSE	1	FALSE	TRUE	TRUE	0.310774991954976	FALSE	"IPF/FO23-1-09473"	"FINE_STATE_ONLY_NO_PARENT_TEST"	"TECHNICALLY_CLEAN"	"none"	0.470175438596491	-0.152631578947368	-0.152631578947368	0.0508771929824561	0.0701754385964912	0.0701754385964912	0.498418056548501	FALSE	FALSE	FALSE	TRUE	"mixed"	"co-enrichment (not interaction)"	NA	"Fine-state-only evidence without a directly matched 18-state test."
"E06819"	"UNSTABLE_OR_DESCRIPTIVE"	"21-state"	"pair_coenrichment"	"pair_coenrichment"	"secondary_or_scale_sensitivity"	"B ↔ Secretory/other airway epithelial"	"B ↔ Secretory/other airway epithelial"	NA	"B"	"Secretory/other airway epithelial"	"observed_expected_ratio"	100	"SSc-ILD_vs_IPF"	-0.458592269660354	-1.24708057005408	-0.8452713047262	-0.0719132345945073	0.0234030169703747	0.0135986401359864	TRUE	TRUE	0.901804556386467	NA	FALSE	FALSE	-0.158247574945533	-0.720481026910198	-0.517526729792092	"3/3_same_direction"	3	TRUE	FALSE	"3/3 chips match pooled direction"	FALSE	1	FALSE	TRUE	TRUE	-0.438359139896231	FALSE	"IPF/FO23-1-09473"	"FINE_STATE_ONLY_NO_PARENT_TEST"	"TECHNICALLY_CLEAN"	"none"	0.152631578947368	0.266666666666667	0.266666666666667	0.0894736842105263	0.26140350877193	0.26140350877193	0.913730999377253	FALSE	FALSE	FALSE	TRUE	"mixed"	"co-enrichment (not interaction)"	NA	"Fine-state-only evidence without a directly matched 18-state test."
"E01944"	"UNSTABLE_OR_DESCRIPTIVE"	"18-state"	"pair_coenrichment"	"exploratory_pair"	"secondary_or_scale_sensitivity"	"B ↔ Secretory/other airway epithelial"	"B ↔ Secretory/other airway epithelial"	NA	"B"	"Secretory/other airway epithelial"	"fisher_z"	100	"SSc-ILD_vs_IPF"	-0.145446561435942	-1.26552370875464	-0.258151135164278	-0.0327419877076073	0.0151052532836412	0.0154984501549845	TRUE	TRUE	0.525755116796013	NA	FALSE	FALSE	-0.115385038723949	-0.161246680886118	-0.169674606425477	"3/3_same_direction"	3	TRUE	FALSE	"3/3 chips match pooled direction"	FALSE	1	FALSE	TRUE	TRUE	-0.150495544183348	FALSE	"IPF/FO23-1-09473"	"REFERENCE_18STATE"	"TECHNICALLY_CLEAN"	"none"	0.2	0.308771929824561	0.308771929824561	0.178947368421053	0.245614035087719	0.245614035087719	0.892223092953216	FALSE	FALSE	FALSE	TRUE	"mixed"	"co-enrichment (not interaction)"	NA	NA
"E06813"	"UNSTABLE_OR_DESCRIPTIVE"	"21-state"	"pair_coenrichment"	"pair_coenrichment"	"secondary_or_scale_sensitivity"	"B ↔ Secretory/other airway epithelial"	"B ↔ Secretory/other airway epithelial"	NA	"B"	"Secretory/other airway epithelial"	"fisher_z"	100	"SSc-ILD_vs_IPF"	-0.149183987064797	-1.28633486826106	-0.264997849943278	-0.0333701241863149	0.0152572582128868	0.0175982401759824	TRUE	TRUE	0.940259057528346	NA	FALSE	FALSE	-0.0730630873966138	-0.201324268620609	-0.181441904975412	"3/3_same_direction"	3	TRUE	FALSE	"3/3 chips match pooled direction"	FALSE	1	FALSE	TRUE	TRUE	-0.154060200639843	FALSE	"IPF/FO23-1-09473"	"DIRECTION_CONCORDANT"	"TECHNICALLY_CLEAN"	"none"	0.263157894736842	0.173684210526316	0.173684210526316	0.166666666666667	0.343859649122807	0.343859649122807	0.658584248050623	FALSE	FALSE	FALSE	TRUE	"mixed"	"co-enrichment (not interaction)"	NA	NA
"E05787"	"UNSTABLE_OR_DESCRIPTIVE"	"21-state"	"pair_coenrichment"	"pair_coenrichment"	"secondary_or_scale_sensitivity"	"Other inflammatory monocyte/macrophage ↔ T"	"Inflammatory monocyte/macrophage ↔ T"	NA	"Other inflammatory monocyte/macrophage"	"T"	"observed_expected_ratio"	100	"SSc-ILD_vs_IPF"	0.22198633583488	1.21716858404862	0.0440035892109798	0.399969082458779	0.0181199914620962	0.0190980901909809	TRUE	TRUE	0.940259057528346	NA	FALSE	FALSE	0.266025507878622	0.354023122792218	0.0207018997208328	"3/3_same_direction"	3	TRUE	FALSE	"3/3 chips match pooled direction"	FALSE	1	FALSE	TRUE	TRUE	0.219843850634767	FALSE	"IPF/FO23-1-06170"	"FINE_STATE_ONLY_NO_PARENT_TEST"	"TECHNICALLY_CLEAN"	"none"	0.203508771929825	0.187719298245614	0.187719298245614	-0.385964912280702	-0.292982456140351	-0.292982456140351	0.298495345073898	FALSE	FALSE	FALSE	TRUE	"immune"	"co-enrichment (not interaction)"	NA	"Fine-state-only evidence without a directly matched 18-state test."
"E00699"	"UNSTABLE_OR_DESCRIPTIVE"	"18-state"	"spatial_architecture"	"spatial_architecture"	"scale_sensitivity"	"NK"	"NK"	"NK"	NA	NA	"iqr"	100	"SSc-ILD_vs_IPF"	0.115191442456854	1.09817685730494	0.0172008607077074	0.213182024206	0.0244403740269959	0.0247975202479752	TRUE	TRUE	0.835015090040292	NA	FALSE	FALSE	0.171489723173149	0.0963355110523193	0.0623232344968267	"3/3_same_direction"	3	TRUE	FALSE	"3/3 chips match pooled direction"	FALSE	1	FALSE	TRUE	TRUE	0.111773525242126	FALSE	"IPF/FO23-1-03100"	"REFERENCE_18STATE"	"TECHNICALLY_CLEAN"	"none"	-0.163157894736842	0.363157894736842	0.363157894736842	-0.26140350877193	-0.352631578947368	-0.352631578947368	0.904837843490565	FALSE	FALSE	FALSE	TRUE	"immune"	"heterogeneity"	NA	NA
"E01869"	"UNSTABLE_OR_DESCRIPTIVE"	"18-state"	"pair_coenrichment"	"exploratory_pair"	"secondary_or_scale_sensitivity"	"Ciliated epithelial ↔ NK"	"Ciliated epithelial ↔ NK"	NA	"Ciliated epithelial"	"NK"	"fisher_z"	100	"SSc-ILD_vs_IPF"	-0.126572148185079	-1.09431102135605	-0.234695272971704	-0.0184490233984533	0.0249429437968489	0.0453954604539546	TRUE	TRUE	0.944253850477021	NA	FALSE	FALSE	-0.195205085283559	-0.130445674006985	-0.0433654590068525	"3/3_same_direction"	3	TRUE	FALSE	"3/3 chips match pooled direction"	FALSE	1	FALSE	TRUE	TRUE	-0.115266279192725	FALSE	"IPF/FO23-1-06474"	"REFERENCE_18STATE"	"TECHNICALLY_CLEAN"	"none"	0.242105263157895	-0.478947368421053	-0.478947368421053	0.18421052631579	0.0912280701754386	0.0912280701754386	0.238600739299278	FALSE	FALSE	FALSE	TRUE	"mixed"	"co-enrichment (not interaction)"	NA	NA
"E01047"	"UNSTABLE_OR_DESCRIPTIVE"	"18-state"	"pair_coenrichment"	"predefined_pair"	"secondary_or_scale_sensitivity"	"B ↔ T"	"B ↔ T"	NA	"B"	"T"	"spearman_rho"	50	"SSc-ILD_vs_IPF"	-0.0702826151289034	-1.15282126626091	-0.139129036093233	-0.0014361941645738	0.0459936622288018	0.0250974902509749	TRUE	TRUE	0.715428457154285	NA	FALSE	FALSE	-0.115755626112099	-0.052035110098159	-0.0376185430427922	"3/3_same_direction"	3	TRUE	FALSE	"3/3 chips match pooled direction"	FALSE	1	FALSE	TRUE	TRUE	-0.0686097731040774	FALSE	"IPF/FO22-1-09404"	"REFERENCE_18STATE"	"TECHNICALLY_CLEAN"	"none"	0.345614035087719	-0.0385964912280702	-0.0385964912280702	0.180701754385965	0.152631578947368	0.152631578947368	0.277642351113328	FALSE	FALSE	FALSE	TRUE	"immune"	"co-enrichment (not interaction)"	NA	NA
"E03075"	"UNSTABLE_OR_DESCRIPTIVE"	"21-state"	"pair_coenrichment"	"pair_coenrichment"	"secondary_or_scale_sensitivity"	"Alveolar/resident macrophage ↔ B"	"Alveolar/resident macrophage ↔ B"	NA	"Alveolar/resident macrophage"	"B"	"observed_expected_ratio"	50	"SSc-ILD_vs_IPF"	0.162979224926065	1.20875513862303	0.0227154350838482	0.303243014768283	0.025856675588277	0.0257974202579742	TRUE	TRUE	0.837841930092705	NA	FALSE	FALSE	0.144821254299348	0.304296879207356	0.0279305642872094	"3/3_same_direction"	3	TRUE	FALSE	"3/3 chips match pooled direction"	FALSE	1	FALSE	TRUE	TRUE	0.155314953581601	FALSE	"IPF/FO23-1-09473"	"FINE_STATE_ONLY_NO_PARENT_TEST"	"TECHNICALLY_CLEAN"	"none"	-0.196491228070175	-0.201754385964912	-0.201754385964912	-0.149122807017544	-0.0298245614035088	-0.0298245614035088	0.434055021322872	FALSE	FALSE	FALSE	TRUE	"immune"	"co-enrichment (not interaction)"	NA	"Fine-state-only evidence without a directly matched 18-state test."
"E06099"	"UNSTABLE_OR_DESCRIPTIVE"	"21-state"	"pair_coenrichment"	"pair_coenrichment"	"secondary_or_scale_sensitivity"	"Blood endothelial ↔ Dendritic cell"	"Blood endothelial ↔ Dendritic cell"	NA	"Blood endothelial"	"Dendritic cell"	"observed_expected_ratio"	100	"SSc-ILD_vs_IPF"	-0.253411640541068	-1.04764850341536	-0.477106514841834	-0.0297167662403025	0.0291591218334746	0.0266973302669733	TRUE	TRUE	0.940259057528346	NA	FALSE	FALSE	-0.303591689186197	-0.253409207137816	-0.210754567269227	"3/3_same_direction"	3	TRUE	FALSE	"3/3 chips match pooled direction"	FALSE	1	FALSE	TRUE	TRUE	-0.258440564816438	FALSE	"IPF/FO23-1-09473"	"FINE_STATE_ONLY_NO_PARENT_TEST"	"TECHNICALLY_CLEAN"	"none"	-0.143859649122807	0.00701754385964912	0.00701754385964912	-0.214035087719298	-0.385964912280702	-0.385964912280702	0.924966635826871	FALSE	FALSE	FALSE	TRUE	"mixed"	"co-enrichment (not interaction)"	NA	"Fine-state-only evidence without a directly matched 18-state test."
"E05865"	"UNSTABLE_OR_DESCRIPTIVE"	"21-state"	"pair_coenrichment"	"pair_coenrichment"	"secondary_or_scale_sensitivity"	"AT1 ↔ Other inflammatory monocyte/macrophage"	"AT1 ↔ Inflammatory monocyte/macrophage"	NA	"AT1"	"Other inflammatory monocyte/macrophage"	"fisher_z"	100	"SSc-ILD_vs_IPF"	-0.119091798534415	-1.14639627910148	-0.23016837306744	-0.0080152240013892	0.0373819223292581	0.0267973202679732	TRUE	TRUE	0.940259057528346	NA	FALSE	FALSE	-0.229833260315419	-0.0448567206179497	-0.0824469223884107	"3/3_same_direction"	3	TRUE	FALSE	"3/3 chips match pooled direction"	FALSE	1	FALSE	TRUE	TRUE	-0.119721455537772	FALSE	"IPF/FO22-1-09404"	"RESOLUTION_DISCORDANT"	"TECHNICALLY_CLEAN"	"none"	0.259649122807018	0.212280701754386	0.212280701754386	0.229824561403509	0.0245614035087719	0.0245614035087719	0.654844726195498	FALSE	FALSE	FALSE	TRUE	"mixed"	"co-enrichment (not interaction)"	NA	"Direction opposes the mapped 18-state parent."
"E05979"	"UNSTABLE_OR_DESCRIPTIVE"	"21-state"	"pair_coenrichment"	"pair_coenrichment"	"secondary_or_scale_sensitivity"	"KRT17 aberrant basaloid ↔ Other inflammatory monocyte/macrophage"	"Basal-like epithelial ↔ Inflammatory monocyte/macrophage"	NA	"KRT17 aberrant basaloid"	"Other inflammatory monocyte/macrophage"	"observed_expected_ratio"	100	"SSc-ILD_vs_IPF"	0.314257603278779	1.00020247306266	0.0380237834456593	0.590491423111898	0.0285873520881799	0.0646935306469353	TRUE	FALSE	0.940259057528346	NA	FALSE	FALSE	0.437829029698594	0.412991335739881	0.0793673275938051	"3/3_same_direction"	3	TRUE	FALSE	"3/3 chips match pooled direction"	FALSE	1	FALSE	TRUE	TRUE	0.297546277297073	FALSE	"IPF/FO23-1-09473"	"FINE_STATE_ONLY_NO_PARENT_TEST"	"TECHNICALLY_CLEAN"	"none"	-0.0210526315789474	-0.00701754385964912	-0.00701754385964912	-0.0157894736842105	0.178947368421053	0.178947368421053	0.538222124931752	FALSE	FALSE	FALSE	TRUE	"mixed"	"co-enrichment (not interaction)"	"EXPLORATORY_SENSITIVITY_ONLY"	"Low-reference-cell state: exploratory sensitivity only; not an independently validated conclusion. Fine-state-only evidence without a directly matched 18-state test."
"E07761"	"UNSTABLE_OR_DESCRIPTIVE"	"21-state"	"pair_coenrichment"	"pair_coenrichment"	"secondary_or_scale_sensitivity"	"Fibroblast ↔ Peribronchial fibroblast"	"Fibroblast ↔ Myofibroblast"	NA	"Fibroblast"	"Peribronchial fibroblast"	"fisher_z"	100	"SSc-ILD_vs_IPF"	0.0880085352334567	1.17973646095398	0.0048405173197003	0.171176553147213	0.039561443694645	0.0298970102989701	TRUE	TRUE	0.940259057528346	NA	FALSE	FALSE	0.202248555226224	-0.0059903231500687	0.0627262350665215	"2/3_same_direction"	2	FALSE	FALSE	"cross-chip direction criterion not met"	FALSE	1	FALSE	TRUE	TRUE	0.0899344041659757	FALSE	"IPF/FO23-1-03100"	"DIRECTION_CONCORDANT"	"TECHNICALLY_CLEAN"	"none"	-0.2	0.175438596491228	0.175438596491228	-0.243859649122807	-0.145614035087719	-0.145614035087719	0.343195761034521	FALSE	FALSE	FALSE	TRUE	"stromal/fibrotic"	"co-enrichment (not interaction)"	NA	NA
"E05547"	"UNSTABLE_OR_DESCRIPTIVE"	"21-state"	"pair_coenrichment"	"pair_coenrichment"	"secondary_or_scale_sensitivity"	"Alveolar/resident macrophage ↔ Dendritic cell"	"Alveolar/resident macrophage ↔ Dendritic cell"	NA	"Alveolar/resident macrophage"	"Dendritic cell"	"observed_expected_ratio"	100	"SSc-ILD_vs_IPF"	-0.381813849030197	-1.16897228472301	-0.736615837414102	-0.0270118606462928	0.0367825762559661	0.0312968703129687	TRUE	TRUE	0.940259057528346	NA	FALSE	FALSE	-0.235053722334536	-0.406517282392801	-0.51525941410025	"3/3_same_direction"	3	TRUE	FALSE	"3/3 chips match pooled direction"	FALSE	1	FALSE	TRUE	TRUE	-0.359986724381618	FALSE	"IPF/FO23-1-09473"	"FINE_STATE_ONLY_NO_PARENT_TEST"	"TECHNICALLY_CLEAN"	"none"	-0.259649122807018	-0.0649122807017544	-0.0649122807017544	0.315789473684211	0.408771929824561	0.408771929824561	0.253819037247527	FALSE	FALSE	FALSE	TRUE	"immune"	"co-enrichment (not interaction)"	NA	"Fine-state-only evidence without a directly matched 18-state test."
"E03747"	"UNSTABLE_OR_DESCRIPTIVE"	"21-state"	"pair_coenrichment"	"pair_coenrichment"	"secondary_or_scale_sensitivity"	"AT2/alveolar transitional ↔ T"	"AT2/alveolar transitional ↔ T"	NA	"AT2/alveolar transitional"	"T"	"observed_expected_ratio"	50	"SSc-ILD_vs_IPF"	0.315638052163493	1.15428577531919	0.0276219437750482	0.603654160551938	0.0339323304023197	0.0362963703629637	TRUE	TRUE	0.837841930092705	NA	FALSE	FALSE	0.22604562654434	0.429488222471991	0.3191685517198	"3/3_same_direction"	3	TRUE	FALSE	"3/3 chips match pooled direction"	FALSE	1	FALSE	TRUE	TRUE	0.324038215429931	FALSE	"IPF/FO23-1-09473"	"FINE_STATE_ONLY_NO_PARENT_TEST"	"TECHNICALLY_CLEAN"	"none"	0.124561403508772	0.0947368421052632	0.0947368421052632	-0.0614035087719298	-0.152631578947368	-0.152631578947368	0.118231181211317	FALSE	FALSE	FALSE	TRUE	"mixed"	"co-enrichment (not interaction)"	NA	"Fine-state-only evidence without a directly matched 18-state test."
"E06441"	"UNSTABLE_OR_DESCRIPTIVE"	"21-state"	"pair_coenrichment"	"pair_coenrichment"	"secondary_or_scale_sensitivity"	"Ciliated epithelial ↔ NK"	"Ciliated epithelial ↔ NK"	NA	"Ciliated epithelial"	"NK"	"fisher_z"	100	"SSc-ILD_vs_IPF"	-0.124958355831897	-1.04702479039604	-0.239582331439925	-0.010334380223868	0.0347382361738912	0.0616938306169383	TRUE	FALSE	0.940259057528346	NA	FALSE	FALSE	-0.204989673263485	-0.121387264823494	-0.0334993159210216	"3/3_same_direction"	3	TRUE	FALSE	"3/3 chips match pooled direction"	FALSE	1	FALSE	TRUE	TRUE	-0.112423072028748	FALSE	"IPF/FO23-1-06170"	"DIRECTION_CONCORDANT"	"TECHNICALLY_CLEAN"	"none"	0.147368421052632	-0.296491228070175	-0.296491228070175	0.205263157894737	0.0350877192982456	0.0350877192982456	0.273250581692103	FALSE	FALSE	FALSE	TRUE	"mixed"	"co-enrichment (not interaction)"	NA	NA
"E03453"	"UNSTABLE_OR_DESCRIPTIVE"	"21-state"	"pair_coenrichment"	"pair_coenrichment"	"primary"	"KRT17 aberrant basaloid ↔ Other inflammatory monocyte/macrophage"	"Basal-like epithelial ↔ Inflammatory monocyte/macrophage"	NA	"KRT17 aberrant basaloid"	"Other inflammatory monocyte/macrophage"	"fisher_z"	50	"SSc-ILD_vs_IPF"	0.041606891344974	1.12453037367679	0.0026830421619399	0.0805307405280081	0.0378758193243795	0.0380961903809619	TRUE	TRUE	0.975142485751425	NA	FALSE	FALSE	0.0415434570139396	0.0552351569332862	0.0271006804682752	"3/3_same_direction"	3	TRUE	FALSE	"3/3 chips match pooled direction"	FALSE	1	FALSE	TRUE	TRUE	0.0452985167668762	FALSE	"IPF/FO23-1-09473"	"DIRECTION_CONCORDANT"	"TECHNICALLY_CLEAN"	"none"	0.382456140350877	0	0	-0.150877192982456	-0.315789473684211	-0.315789473684211	0.47446603523091	FALSE	FALSE	FALSE	TRUE	"mixed"	"co-enrichment (not interaction)"	"EXPLORATORY_SENSITIVITY_ONLY"	"Low-reference-cell state: exploratory sensitivity only; not an independently validated conclusion."
"E05877"	"UNSTABLE_OR_DESCRIPTIVE"	"21-state"	"pair_coenrichment"	"pair_coenrichment"	"secondary_or_scale_sensitivity"	"Blood endothelial ↔ Other inflammatory monocyte/macrophage"	"Blood endothelial ↔ Inflammatory monocyte/macrophage"	NA	"Blood endothelial"	"Other inflammatory monocyte/macrophage"	"fisher_z"	100	"SSc-ILD_vs_IPF"	-0.107915445598601	-1.12228044646238	-0.213785732556435	-0.0020451586407664	0.0462794728008763	0.0378962103789621	TRUE	TRUE	0.940259057528346	NA	FALSE	FALSE	-0.226533733561125	-0.0355510083093648	-0.0614439592976279	"3/3_same_direction"	3	TRUE	FALSE	"3/3 chips match pooled direction"	FALSE	1	FALSE	TRUE	TRUE	-0.10159381560426	FALSE	"IPF/FO23-1-03100"	"DIRECTION_CONCORDANT"	"TECHNICALLY_CLEAN"	"none"	-0.149122807017544	0.164912280701754	0.164912280701754	0.233333333333333	-0.0491228070175439	-0.0491228070175439	0.613700110806604	FALSE	FALSE	FALSE	TRUE	"mixed"	"co-enrichment (not interaction)"	NA	NA
"E05943"	"UNSTABLE_OR_DESCRIPTIVE"	"21-state"	"pair_coenrichment"	"pair_coenrichment"	"secondary_or_scale_sensitivity"	"Basal epithelial ↔ Other inflammatory monocyte/macrophage"	"Basal-like epithelial ↔ Inflammatory monocyte/macrophage"	NA	"Basal epithelial"	"Other inflammatory monocyte/macrophage"	"observed_expected_ratio"	100	"SSc-ILD_vs_IPF"	0.235892606290189	1.02149075710001	0.0144608821689888	0.457324330411389	0.0384375166818794	0.0501949805019498	TRUE	FALSE	0.940259057528346	NA	FALSE	FALSE	0.256380598353389	0.272054411123643	0.183391800186614	"3/3_same_direction"	3	TRUE	FALSE	"3/3 chips match pooled direction"	FALSE	1	FALSE	TRUE	TRUE	0.199509496476158	FALSE	"IPF/FO23-1-09473"	"FINE_STATE_ONLY_NO_PARENT_TEST"	"TECHNICALLY_CLEAN"	"none"	0.496491228070175	0.280701754385965	0.280701754385965	-0.343859649122807	-0.398245614035088	-0.398245614035088	0.716383681427057	FALSE	FALSE	FALSE	TRUE	"mixed"	"co-enrichment (not interaction)"	NA	"Fine-state-only evidence without a directly matched 18-state test."
"E06759"	"UNSTABLE_OR_DESCRIPTIVE"	"21-state"	"pair_coenrichment"	"pair_coenrichment"	"secondary_or_scale_sensitivity"	"Mast/Basophil ↔ Peribronchial fibroblast"	"Mast/Basophil ↔ Myofibroblast"	NA	"Mast/Basophil"	"Peribronchial fibroblast"	"observed_expected_ratio"	100	"SSc-ILD_vs_IPF"	-0.286088046801012	-1.17041837073717	-0.561493730448585	-0.0106823631534386	0.0427922543041944	0.0384961503849615	TRUE	TRUE	0.940259057528346	NA	FALSE	FALSE	-0.444065926203121	-0.134439445630329	-0.268836289164063	"3/3_same_direction"	3	TRUE	FALSE	"3/3 chips match pooled direction"	FALSE	1	FALSE	TRUE	TRUE	-0.265240639884635	FALSE	"IPF/FO23-1-03100"	"FINE_STATE_ONLY_NO_PARENT_TEST"	"TECHNICALLY_CLEAN"	"none"	0.152631578947368	0.0298245614035088	0.0298245614035088	0.136842105263158	0.142105263157895	0.142105263157895	0.262141055154249	FALSE	FALSE	FALSE	TRUE	"mixed"	"co-enrichment (not interaction)"	NA	"Fine-state-only evidence without a directly matched 18-state test."
"E00714"	"UNSTABLE_OR_DESCRIPTIVE"	"18-state"	"spatial_architecture"	"spatial_architecture"	"scale_sensitivity"	"NK"	"NK"	"NK"	NA	NA	"high_enrichment_area_fraction"	100	"SSc-ILD_vs_IPF"	0.0451107300759954	1.13077088483656	0.0004427225179306	0.0897787376340602	0.0480576320067163	0.0417958204179582	TRUE	TRUE	0.835015090040292	NA	FALSE	FALSE	0.0701354422581589	0.0189618515581503	0.0435386440765258	"3/3_same_direction"	3	TRUE	FALSE	"3/3 chips match pooled direction"	FALSE	1	FALSE	TRUE	TRUE	0.045995868315194	FALSE	"IPF/FO23-1-03100"	"REFERENCE_18STATE"	"TECHNICALLY_CLEAN"	"none"	-0.142105263157895	0.491228070175439	0.491228070175439	-0.340350877192982	-0.303508771929825	-0.303508771929825	0.676539929588136	FALSE	FALSE	FALSE	TRUE	"immune"	"patch morphology"	NA	NA
"E06264"	"UNSTABLE_OR_DESCRIPTIVE"	"21-state"	"pair_coenrichment"	"pair_coenrichment"	"secondary_or_scale_sensitivity"	"AT2/alveolar transitional ↔ T"	"AT2/alveolar transitional ↔ T"	NA	"AT2/alveolar transitional"	"T"	"joint_top_quartile_proportion"	100	"SSc-ILD_vs_IPF"	0.0395736030824457	1.0171795156696	-0.0040253001760018	0.0831725063408934	0.0719115309068675	0.0450954904509549	FALSE	TRUE	0.940259057528346	NA	FALSE	FALSE	0.103453056956428	0.0079341070103019	-0.0008228140595775	"2/3_same_direction"	2	FALSE	TRUE	"2/3 retained under frozen K8+J2 rule; L3 is discordant; LOPO/LOCO and Primary19-All21 directions remain stable"	FALSE	1	FALSE	TRUE	TRUE	0.0441807454075857	FALSE	"SSC/3342/13"	"FINE_STATE_ONLY_NO_PARENT_TEST"	"TECHNICALLY_CLEAN"	"none"	0.228070175438597	0.043859649122807	0.043859649122807	-0.484210526315789	-0.356140350877193	-0.356140350877193	0.0895667252610189	FALSE	FALSE	FALSE	TRUE	"mixed"	"co-enrichment (not interaction)"	NA	"Fine-state-only evidence without a directly matched 18-state test."
"E06975"	"UNSTABLE_OR_DESCRIPTIVE"	"21-state"	"pair_coenrichment"	"pair_coenrichment"	"secondary_or_scale_sensitivity"	"Ciliated epithelial ↔ Secretory/other airway epithelial"	"Ciliated epithelial ↔ Secretory/other airway epithelial"	NA	"Ciliated epithelial"	"Secretory/other airway epithelial"	"observed_expected_ratio"	100	"SSc-ILD_vs_IPF"	-0.499893433179359	-1.09893374912321	-0.998423779547322	-0.001363086811396	0.0494570002969868	0.0472952704729527	TRUE	TRUE	0.940259057528346	NA	FALSE	FALSE	-0.704647133733062	-0.595673803864425	-0.19312407110675	"3/3_same_direction"	3	TRUE	FALSE	"3/3 chips match pooled direction"	FALSE	1	FALSE	TRUE	TRUE	-0.444001575676268	FALSE	"IPF/FO22-1-09404"	"FINE_STATE_ONLY_NO_PARENT_TEST"	"TECHNICALLY_CLEAN"	"none"	-0.205263157894737	0.210526315789474	0.210526315789474	0.466666666666667	0.485964912280702	0.485964912280702	0.445457568154684	FALSE	FALSE	FALSE	TRUE	"epithelial"	"co-enrichment (not interaction)"	NA	"Fine-state-only evidence without a directly matched 18-state test."
"E05709"	"UNSTABLE_OR_DESCRIPTIVE"	"21-state"	"pair_coenrichment"	"pair_coenrichment"	"secondary_or_scale_sensitivity"	"Alveolar/resident macrophage ↔ Basal epithelial"	"Alveolar/resident macrophage ↔ Basal-like epithelial"	NA	"Alveolar/resident macrophage"	"Basal epithelial"	"fisher_z"	100	"SSc-ILD_vs_IPF"	0.116276225802276	1.07834792129986	-0.0041021200507853	0.236654571655338	0.0572477671961365	0.0475952404759524	FALSE	TRUE	0.940259057528346	NA	FALSE	FALSE	0.106242679555385	0.0569787839805628	0.208308850605496	"3/3_same_direction"	3	TRUE	FALSE	"3/3 chips match pooled direction"	FALSE	1	FALSE	TRUE	TRUE	0.121867355329998	FALSE	"IPF/FO23-1-03100"	"DIRECTION_CONCORDANT"	"TECHNICALLY_CLEAN"	"none"	0.357894736842105	0.0824561403508772	0.0824561403508772	-0.407017543859649	-0.292982456140351	-0.292982456140351	0.44834415182332	FALSE	FALSE	FALSE	TRUE	"mixed"	"co-enrichment (not interaction)"	NA	NA
"E06651"	"UNSTABLE_OR_DESCRIPTIVE"	"21-state"	"pair_coenrichment"	"pair_coenrichment"	"secondary_or_scale_sensitivity"	"Mast/Basophil ↔ Secretory/other airway epithelial"	"Mast/Basophil ↔ Secretory/other airway epithelial"	NA	"Mast/Basophil"	"Secretory/other airway epithelial"	"observed_expected_ratio"	100	"SSc-ILD_vs_IPF"	-0.335800017417392	-0.991963832969228	-0.685144677057432	0.0135446422226482	0.0583190661094442	0.047995200479952	FALSE	TRUE	0.940259057528346	NA	FALSE	FALSE	-0.338283862920541	-0.481906690504506	-0.168490105204945	"3/3_same_direction"	3	TRUE	FALSE	"3/3 chips match pooled direction"	FALSE	1	FALSE	TRUE	TRUE	-0.324837930977268	FALSE	"IPF/FO23-1-09473"	"FINE_STATE_ONLY_NO_PARENT_TEST"	"TECHNICALLY_CLEAN"	"none"	-0.0596491228070175	-0.392982456140351	-0.392982456140351	0.0157894736842105	0.219298245614035	0.219298245614035	0.600392678385442	FALSE	FALSE	FALSE	TRUE	"mixed"	"co-enrichment (not interaction)"	NA	"Fine-state-only evidence without a directly matched 18-state test."
