organ	reference	level	celltype	marker_gene	fold_change	pct_positive	auc
Lung	BI_PF_ILD_atlas_v1	cell_type	AT1	EMP2	3.36319390307095	98.224043715847	0.975805586821543
Lung	BI_PF_ILD_atlas_v1	cell_type	AT1	AGER	5.75627087976388	92.4408014571949	0.957762460455894
Lung	BI_PF_ILD_atlas_v1	cell_type	AT1	CAV1	2.58095743996753	95.856102003643	0.95244187238213
Lung	BI_PF_ILD_atlas_v1	cell_type	AT1	LMO7	2.55882978783473	95.6739526411658	0.952376904840826
Lung	BI_PF_ILD_atlas_v1	cell_type	AT1	GPRC5A	2.12815037453947	96.5391621129326	0.950195813786647
Lung	BI_PF_ILD_atlas_v1	cell_type	AT1	KRT7	2.49015278784251	93.3515482695811	0.936571994650032
Lung	BI_PF_ILD_atlas_v1	cell_type	AT1	HOPX	1.78137269572264	92.9872495446266	0.911711134783177
Lung	BI_PF_ILD_atlas_v1	cell_type	AT1	KRT19	0.859289298639054	92.7595628415301	0.903661920425394
Lung	BI_PF_ILD_atlas_v1	cell_type	AT1	LIMCH1	1.91601471049495	87.3406193078324	0.896368338006079
Lung	BI_PF_ILD_atlas_v1	cell_type	AT1	CAV2	2.28399760570686	84.8360655737705	0.8959005396822
Lung	BI_PF_ILD_atlas_v1	cell_type	AT1	TSPAN13	2.20076319425551	85.4280510018215	0.895411519605273
Lung	BI_PF_ILD_atlas_v1	cell_type	AT1	CEACAM6	2.3090162626429	83.3788706739526	0.892859369192419
Lung	BI_PF_ILD_atlas_v1	cell_type	AT1	CLDN18	2.65814966841721	82.8324225865209	0.886809391819676
Lung	BI_PF_ILD_atlas_v1	cell_type	AT1	SFTA2	0.892664807369719	89.6630236794171	0.885710959962036
Lung	BI_PF_ILD_atlas_v1	cell_type	AT1	CADM1	1.98894554792599	84.016393442623	0.883758298197587
Lung	BI_PF_ILD_atlas_v1	cell_type	AT1	CYP4B1	1.70069939396367	83.287795992714	0.875622136333061
Lung	BI_PF_ILD_atlas_v1	cell_type	AT1	SLC39A8	1.50024463545742	85.5646630236794	0.869560130911358
Lung	BI_PF_ILD_atlas_v1	cell_type	AT1	ANXA3	2.95459094751051	76.3205828779599	0.864906629416193
Lung	BI_PF_ILD_atlas_v1	cell_type	AT1	AQP4	2.63996200642957	77.4134790528233	0.864694539516893
Lung	BI_PF_ILD_atlas_v1	cell_type	AT1	CD55	0.659739004131313	95.8105646630237	0.863547760409301
Lung	BI_PF_ILD_atlas_v1	cell_type	AT1	CLIC3	2.58659369504069	77.4134790528233	0.862510232770777
Lung	BI_PF_ILD_atlas_v1	cell_type	AT1	MYL9	1.10134752589062	81.0109289617486	0.86129926145837
Lung	BI_PF_ILD_atlas_v1	cell_type	AT1	KRT18	1.05482145084663	86.4298724954463	0.859903454941766
Lung	BI_PF_ILD_atlas_v1	cell_type	AT1	SCEL	4.35372539819906	72.3132969034608	0.856845156240515
Lung	BI_PF_ILD_atlas_v1	cell_type	AT1	SUSD2	2.21943553794088	76.183970856102	0.854805610435805
Lung	BI_PF_ILD_atlas_v1	cell_type	AT1	NEDD4L	1.12449064002163	83.1056466302368	0.854579204150988
Lung	BI_PF_ILD_atlas_v1	cell_type	AT1	TACSTD2	0.654557333776882	82.0582877959927	0.85049731365753
Lung	BI_PF_ILD_atlas_v1	cell_type	AT1	FXYD3	0.54142112483308	83.6520947176685	0.849812095544994
Lung	BI_PF_ILD_atlas_v1	cell_type	AT1	CLIC5	3.53573374202695	71.5391621129326	0.847643863884245
Lung	BI_PF_ILD_atlas_v1	cell_type	AT1	RNASE1	0.338626199563567	90.4826958105647	0.838028306570398
Lung	BI_PF_ILD_atlas_v1	cell_type	AT1	SFTPB	0.0783704021242446	84.7449908925319	0.83715181437142
Lung	BI_PF_ILD_atlas_v1	cell_type	AT1	TNNC1	3.68439113269907	68.8979963570127	0.834829835896585
Lung	BI_PF_ILD_atlas_v1	cell_type	AT1	FOLR1	1.11859245823927	77.4134790528233	0.834276971371519
Lung	BI_PF_ILD_atlas_v1	cell_type	AT1	DSTN	0.208227738978621	94.5810564663024	0.833475554811469
Lung	BI_PF_ILD_atlas_v1	cell_type	AT1	LAMA3	3.63169464065428	68.1693989071038	0.82978273922953
Lung	BI_PF_ILD_atlas_v1	cell_type	AT1	RAB11FIP1	0.742694442046263	90.0273224043716	0.829650464477376
Lung	BI_PF_ILD_atlas_v1	cell_type	AT1	MYO1B	1.59440669557648	73.9981785063752	0.827870291165869
Lung	BI_PF_ILD_atlas_v1	cell_type	AT1	KRT8	0.725414558389451	79.3715846994536	0.818847706923517
Lung	BI_PF_ILD_atlas_v1	cell_type	AT1	SPTBN1	0.276988014609517	82.5591985428051	0.817665108005669
Lung	BI_PF_ILD_atlas_v1	cell_type	AT1	NAPSA	0.0618127264574824	76.5482695810565	0.815477781776609
Lung	BI_PF_ILD_atlas_v1	cell_type	AT1	DAPK2	2.70045362190112	65.5737704918033	0.809414313196679
Lung	BI_PF_ILD_atlas_v1	cell_type	AT1	ANKRD29	2.64884818129079	65.1183970856102	0.805347203998715
Lung	BI_PF_ILD_atlas_v1	cell_type	AT1	EPCAM	0.832703771917942	72.8597449908925	0.803242913961473
Lung	BI_PF_ILD_atlas_v1	cell_type	AT1	NCKAP5	4.4525116130636	62.0673952641166	0.801112245620292
Lung	BI_PF_ILD_atlas_v1	cell_type	AT1	NEBL	1.86261255815051	67.1675774134791	0.801060640847112
Lung	BI_PF_ILD_atlas_v1	cell_type	AT1	SDC1	1.48278444764047	66.3023679417122	0.799408475126426
Lung	BI_PF_ILD_atlas_v1	cell_type	AT1	COL8A1	1.78237815725929	64.1165755919854	0.795555454720727
Lung	BI_PF_ILD_atlas_v1	cell_type	AT1	CDH1	1.12983617955207	68.1693989071038	0.795006021906195
Lung	BI_PF_ILD_atlas_v1	cell_type	AT1	ARHGEF26	2.80594569768528	61.7030965391621	0.793528565748268
Lung	BI_PF_ILD_atlas_v1	cell_type	AT1	CD151	0.325621663037805	84.3351548269581	0.793344720713107
Lung	BI_PF_ILD_atlas_v1	cell_type	AT2	NAPSA	7.16028734858254	99.4789057019741	0.99322767257757
Lung	BI_PF_ILD_atlas_v1	cell_type	AT2	SFTPC	8.65562342445271	99.3619935197248	0.993217954457944
Lung	BI_PF_ILD_atlas_v1	cell_type	AT2	SFTPA1	8.1529956906197	99.0012359287838	0.992295690633489
Lung	BI_PF_ILD_atlas_v1	cell_type	AT2	SFTPA2	7.73411802351686	99.0212780171694	0.99178195957791
Lung	BI_PF_ILD_atlas_v1	cell_type	AT2	SFTA2	6.34427259094483	99.45218291746	0.991710256780225
Lung	BI_PF_ILD_atlas_v1	cell_type	AT2	SFTPB	5.92017875746678	99.8964492100077	0.990803423467413
Lung	BI_PF_ILD_atlas_v1	cell_type	AT2	SLC34A2	5.65828681314063	98.8843237465344	0.98286850485699
Lung	BI_PF_ILD_atlas_v1	cell_type	AT2	SFTPD	7.48806374788844	97.073855095701	0.982488914474743
Lung	BI_PF_ILD_atlas_v1	cell_type	AT2	HOPX	5.2523063124469	98.8275378294418	0.980822062339372
Lung	BI_PF_ILD_atlas_v1	cell_type	AT2	SLPI	4.01706719558632	99.6325617129305	0.968303939280628
Lung	BI_PF_ILD_atlas_v1	cell_type	AT2	PEBP4	6.82208701687443	92.6245114740956	0.958112699254875
Lung	BI_PF_ILD_atlas_v1	cell_type	AT2	CTSH	4.18748059814657	98.767411564285	0.949380860939306
Lung	BI_PF_ILD_atlas_v1	cell_type	AT2	MGST1	3.88354288795244	99.0780639342619	0.946210819745314
Lung	BI_PF_ILD_atlas_v1	cell_type	AT2	CXCL17	4.16855692668097	94.7189097103918	0.94575508008528
Lung	BI_PF_ILD_atlas_v1	cell_type	AT2	LAMP3	6.63489765416768	90.2127801716939	0.945267865999948
Lung	BI_PF_ILD_atlas_v1	cell_type	AT2	MUC1	5.22265734240989	92.1602030931623	0.944853181126033
Lung	BI_PF_ILD_atlas_v1	cell_type	AT2	CYB5A	3.74026911396732	98.8442395697632	0.941967684273349
Lung	BI_PF_ILD_atlas_v1	cell_type	AT2	LRRK2	5.59781635752833	90.9008918729332	0.935839541672157
Lung	BI_PF_ILD_atlas_v1	cell_type	AT2	S100A14	5.02655974505572	90.4900290610282	0.935156167274995
Lung	BI_PF_ILD_atlas_v1	cell_type	AT2	PGC	8.99698148982766	86.4014430303638	0.928508881012
Lung	BI_PF_ILD_atlas_v1	cell_type	AT2	LPCAT1	5.16563747782247	90.2294819120152	0.928425626097932
Lung	BI_PF_ILD_atlas_v1	cell_type	AT2	ABCA3	6.59022811569332	85.0552827604636	0.917267748900532
Lung	BI_PF_ILD_atlas_v1	cell_type	AT2	DHCR24	4.55081660295376	88.9267461669506	0.913739188565098
Lung	BI_PF_ILD_atlas_v1	cell_type	AT2	C16orf89	4.96031471432258	84.8715636169289	0.906964082877218
Lung	BI_PF_ILD_atlas_v1	cell_type	AT2	SDR16C5	6.1736831887341	82.5867655409694	0.9051257772205
Lung	BI_PF_ILD_atlas_v1	cell_type	AT2	MALL	5.06981742257482	83.1078598389952	0.899317132405346
Lung	BI_PF_ILD_atlas_v1	cell_type	AT2	NPC2	3.00002422398505	99.826301900658	0.898604396567546
Lung	BI_PF_ILD_atlas_v1	cell_type	AT2	RNASE1	3.33638480615705	93.8570999098106	0.896877806927065
Lung	BI_PF_ILD_atlas_v1	cell_type	AT2	SEPP1	3.28563943191266	90.1994187794368	0.8887660117117
Lung	BI_PF_ILD_atlas_v1	cell_type	AT2	KRT18	3.23629898918029	88.856598857601	0.888100084769765
Lung	BI_PF_ILD_atlas_v1	cell_type	AT2	DSTN	2.57222246168045	98.5669906804289	0.887948659285095
Lung	BI_PF_ILD_atlas_v1	cell_type	AT2	FASN	6.17015096226116	79.4267962721716	0.886585163476586
Lung	BI_PF_ILD_atlas_v1	cell_type	AT2	PIGR	3.45004853734426	83.5487857834786	0.884004163551063
Lung	BI_PF_ILD_atlas_v1	cell_type	AT2	TACC2	4.90775768348903	81.4477068510539	0.88379023831393
Lung	BI_PF_ILD_atlas_v1	cell_type	AT2	SELENBP1	4.80907105873683	81.6748505194241	0.882737606738752
Lung	BI_PF_ILD_atlas_v1	cell_type	AT2	SDC4	3.6527633260346	91.4253265190233	0.881685873352859
Lung	BI_PF_ILD_atlas_v1	cell_type	AT2	CLDN18	5.95789167307594	76.7044125997929	0.877022698542742
Lung	BI_PF_ILD_atlas_v1	cell_type	AT2	WFDC2	1.82011534270339	87.6640945986572	0.874820320798944
Lung	BI_PF_ILD_atlas_v1	cell_type	AT2	MLPH	4.20261352722222	83.5053612586431	0.874793010143539
Lung	BI_PF_ILD_atlas_v1	cell_type	AT2	ADGRF5	4.32923666729399	79.2530981728296	0.872988956380994
Lung	BI_PF_ILD_atlas_v1	cell_type	AT2	KRT8	3.01955960228696	86.3981026822995	0.871478114146428
Lung	BI_PF_ILD_atlas_v1	cell_type	AT2	MBIP	4.49413590991624	79.5370277582924	0.86783851611276
Lung	BI_PF_ILD_atlas_v1	cell_type	AT2	FGGY	4.70399380849637	79.744129338277	0.867548367371307
Lung	BI_PF_ILD_atlas_v1	cell_type	AT2	MAL2	4.29766394587903	78.2610147977419	0.866724380368698
Lung	BI_PF_ILD_atlas_v1	cell_type	AT2	PLA2G1B	7.99674687313309	73.3974680161673	0.865305517615016
Lung	BI_PF_ILD_atlas_v1	cell_type	AT2	C4BPA	6.02321604882231	73.6079099442162	0.860682956029343
Lung	BI_PF_ILD_atlas_v1	cell_type	AT2	SLC39A8	4.07000887420771	81.9019941877944	0.860480574795201
Lung	BI_PF_ILD_atlas_v1	cell_type	AT2	KRT19	2.07117610563304	83.2481544576945	0.852870242954927
Lung	BI_PF_ILD_atlas_v1	cell_type	AT2	ATP1B1	2.94641584630792	89.9722751110666	0.851333258314898
Lung	BI_PF_ILD_atlas_v1	cell_type	AT2	EMP2	2.80118218502596	82.7270601596686	0.849010837902796
Lung	BI_PF_ILD_atlas_v1	cell_type	Aberrant basaloid	KRT19	1.56547647835206	95.8563535911602	0.934611432348576
Lung	BI_PF_ILD_atlas_v1	cell_type	Aberrant basaloid	KRT7	2.88512659807154	92.2651933701657	0.93417825280715
Lung	BI_PF_ILD_atlas_v1	cell_type	Aberrant basaloid	KRT8	1.91929115609583	93.0939226519337	0.917823830070285
Lung	BI_PF_ILD_atlas_v1	cell_type	Aberrant basaloid	KRT18	1.79322861048821	93.1860036832413	0.914474782885061
Lung	BI_PF_ILD_atlas_v1	cell_type	Aberrant basaloid	GPRC5A	1.42653307906915	90.4235727440147	0.901101969895201
Lung	BI_PF_ILD_atlas_v1	cell_type	Aberrant basaloid	TM4SF1	1.30495231879955	89.4106813996317	0.897033166183275
Lung	BI_PF_ILD_atlas_v1	cell_type	Aberrant basaloid	OCIAD2	2.45765217660208	85.1749539594843	0.89141039757768
Lung	BI_PF_ILD_atlas_v1	cell_type	Aberrant basaloid	PON2	1.50352428955785	88.6740331491713	0.88715180193929
Lung	BI_PF_ILD_atlas_v1	cell_type	Aberrant basaloid	ITGB6	3.01852361276991	81.767955801105	0.886814706212148
Lung	BI_PF_ILD_atlas_v1	cell_type	Aberrant basaloid	MMP7	2.86062466395257	80.8471454880295	0.885837725755975
Lung	BI_PF_ILD_atlas_v1	cell_type	Aberrant basaloid	SOX4	1.70314440429561	87.292817679558	0.877158734452835
Lung	BI_PF_ILD_atlas_v1	cell_type	Aberrant basaloid	EPCAM	1.77762766305588	84.2541436464088	0.877102373004792
Lung	BI_PF_ILD_atlas_v1	cell_type	Aberrant basaloid	TACSTD2	1.68576697402561	84.0699815837937	0.874195731116006
Lung	BI_PF_ILD_atlas_v1	cell_type	Aberrant basaloid	CLDN4	1.42173017840362	84.8066298342541	0.872980784623804
Lung	BI_PF_ILD_atlas_v1	cell_type	Aberrant basaloid	WFDC2	0.355919370063038	86.8324125230203	0.866006657320195
Lung	BI_PF_ILD_atlas_v1	cell_type	Aberrant basaloid	HOPX	1.04439412659133	85.451197053407	0.858788075726824
Lung	BI_PF_ILD_atlas_v1	cell_type	Aberrant basaloid	CTSE	3.13997995879491	73.6648250460405	0.855905570209684
Lung	BI_PF_ILD_atlas_v1	cell_type	Aberrant basaloid	ZFP36L1	0.512953848875719	95.2117863720074	0.852251359268438
Lung	BI_PF_ILD_atlas_v1	cell_type	Aberrant basaloid	PERP	1.05577195721182	81.8600368324125	0.852017465442202
Lung	BI_PF_ILD_atlas_v1	cell_type	Aberrant basaloid	LMO7	1.1942662292002	80.6629834254144	0.850560545766974
Lung	BI_PF_ILD_atlas_v1	cell_type	Aberrant basaloid	ELF3	0.590540798130837	83.3333333333333	0.847288275684837
Lung	BI_PF_ILD_atlas_v1	cell_type	Aberrant basaloid	GDF15	2.56511278515504	76.3351749539595	0.847285417505302
Lung	BI_PF_ILD_atlas_v1	cell_type	Aberrant basaloid	CD24	1.64743800712366	75.8747697974217	0.84548587304477
Lung	BI_PF_ILD_atlas_v1	cell_type	Aberrant basaloid	SPINT2	0.723108267753227	87.7532228360958	0.84404367509638
Lung	BI_PF_ILD_atlas_v1	cell_type	Aberrant basaloid	SFTPB	0.230282441269843	84.8987108655617	0.838728227331435
Lung	BI_PF_ILD_atlas_v1	cell_type	Aberrant basaloid	CDH1	1.66597293342749	75.414364640884	0.83866087410276
Lung	BI_PF_ILD_atlas_v1	cell_type	Aberrant basaloid	NAPSA	0.54845076911924	79.097605893186	0.833167297521247
Lung	BI_PF_ILD_atlas_v1	cell_type	Aberrant basaloid	LAMB3	2.61337198981826	69.2449355432781	0.824419865548577
Lung	BI_PF_ILD_atlas_v1	cell_type	Aberrant basaloid	TRAM1	0.76926207025864	89.134438305709	0.824093905910391
Lung	BI_PF_ILD_atlas_v1	cell_type	Aberrant basaloid	MDK	1.94942763812449	73.4806629834254	0.823720734020126
Lung	BI_PF_ILD_atlas_v1	cell_type	Aberrant basaloid	CEACAM6	1.94879143548523	70.0736648250461	0.822306684546852
Lung	BI_PF_ILD_atlas_v1	cell_type	Aberrant basaloid	SEPW1	0.425349916002485	88.4898710865562	0.820372811638573
Lung	BI_PF_ILD_atlas_v1	cell_type	Aberrant basaloid	EMP2	0.528482827725718	79.5580110497238	0.819555484379867
Lung	BI_PF_ILD_atlas_v1	cell_type	Aberrant basaloid	SFN	2.31728357263447	69.5211786372007	0.819182567452694
Lung	BI_PF_ILD_atlas_v1	cell_type	Aberrant basaloid	SLC34A2	0.56610312508099	78.4530386740332	0.817929509998864
Lung	BI_PF_ILD_atlas_v1	cell_type	Aberrant basaloid	RAB11FIP1	0.512836821052332	88.9502762430939	0.816672497220493
Lung	BI_PF_ILD_atlas_v1	cell_type	Aberrant basaloid	TPM1	1.54544870852467	76.7955801104972	0.814841603034439
Lung	BI_PF_ILD_atlas_v1	cell_type	Aberrant basaloid	SDC1	1.8358999062832	68.232044198895	0.811571438522649
Lung	BI_PF_ILD_atlas_v1	cell_type	Aberrant basaloid	C8orf4	1.06496882612646	74.0331491712707	0.811423111307733
Lung	BI_PF_ILD_atlas_v1	cell_type	Aberrant basaloid	MAL2	1.1636191070718	72.1915285451197	0.811138135432253
Lung	BI_PF_ILD_atlas_v1	cell_type	Aberrant basaloid	CLDN7	1.37322060598648	72.0994475138122	0.809700808444171
Lung	BI_PF_ILD_atlas_v1	cell_type	Aberrant basaloid	ATP1B1	0.323252440539198	86.2799263351749	0.80909880631048
Lung	BI_PF_ILD_atlas_v1	cell_type	Aberrant basaloid	CD151	0.564213100484326	85.2670349907919	0.808812831120906
Lung	BI_PF_ILD_atlas_v1	cell_type	Aberrant basaloid	S100A16	1.09914135553928	72.5598526703499	0.808356127739399
Lung	BI_PF_ILD_atlas_v1	cell_type	Aberrant basaloid	MGST1	-0.101240686967278	90.3314917127072	0.807608115801007
Lung	BI_PF_ILD_atlas_v1	cell_type	Aberrant basaloid	DSTN	-0.31200320963975	94.2909760589319	0.800951453687752
Lung	BI_PF_ILD_atlas_v1	cell_type	Aberrant basaloid	TMEM98	1.71073633573911	67.9558011049724	0.800424138388338
Lung	BI_PF_ILD_atlas_v1	cell_type	Aberrant basaloid	SFTA2	0.139503619653263	74.0331491712707	0.800270324321776
Lung	BI_PF_ILD_atlas_v1	cell_type	Aberrant basaloid	MYO6	0.900201804156974	73.7569060773481	0.798916944599322
Lung	BI_PF_ILD_atlas_v1	cell_type	Aberrant basaloid	TSPAN13	1.16205172503573	69.4290976058932	0.797654174139691
Lung	BI_PF_ILD_atlas_v1	cell_type	Adventital fibroblast	DCN	4.48856028985678	99.4171626984127	0.987428547557068
Lung	BI_PF_ILD_atlas_v1	cell_type	Adventital fibroblast	FBLN1	4.33734072606038	98.7227182539683	0.984603871183339
Lung	BI_PF_ILD_atlas_v1	cell_type	Adventital fibroblast	IGFBP6	5.68307992968024	96.1929563492064	0.974992995475684
Lung	BI_PF_ILD_atlas_v1	cell_type	Adventital fibroblast	C1R	3.52386616655455	96.5401785714286	0.965438897254193
Lung	BI_PF_ILD_atlas_v1	cell_type	Adventital fibroblast	C1S	3.34967945188053	96.7137896825397	0.965247056966303
Lung	BI_PF_ILD_atlas_v1	cell_type	Adventital fibroblast	COL6A2	3.07770933848357	97.0362103174603	0.962848699163201
Lung	BI_PF_ILD_atlas_v1	cell_type	Adventital fibroblast	MGP	2.83923354512956	98.4499007936508	0.9610707780592
Lung	BI_PF_ILD_atlas_v1	cell_type	Adventital fibroblast	CCDC80	4.18179216602941	95.6845238095238	0.956969357400627
Lung	BI_PF_ILD_atlas_v1	cell_type	Adventital fibroblast	C3	3.17863221214552	96.7757936507936	0.954319147053179
Lung	BI_PF_ILD_atlas_v1	cell_type	Adventital fibroblast	CFD	4.04306619566501	95.5109126984127	0.95315226061112
Lung	BI_PF_ILD_atlas_v1	cell_type	Adventital fibroblast	SERPINF1	3.12236714257778	95.9325396825397	0.952935259081657
Lung	BI_PF_ILD_atlas_v1	cell_type	Adventital fibroblast	SPARCL1	1.74462223092355	96.7385912698413	0.949700024267816
Lung	BI_PF_ILD_atlas_v1	cell_type	Adventital fibroblast	PLAC9	3.7943039800257	92.3859126984127	0.948409312747173
Lung	BI_PF_ILD_atlas_v1	cell_type	Adventital fibroblast	FSTL1	3.87820346680863	92.6463293650794	0.94678418168435
Lung	BI_PF_ILD_atlas_v1	cell_type	Adventital fibroblast	COL1A2	2.17639446560877	95.8209325396825	0.945462528262231
Lung	BI_PF_ILD_atlas_v1	cell_type	Adventital fibroblast	IGFBP4	2.89319787731662	93.7624007936508	0.941827015892917
Lung	BI_PF_ILD_atlas_v1	cell_type	Adventital fibroblast	SFRP2	4.86938482547718	90.3025793650794	0.940540781501435
Lung	BI_PF_ILD_atlas_v1	cell_type	Adventital fibroblast	CLU	2.41677664109155	94.1964285714286	0.936212253425854
Lung	BI_PF_ILD_atlas_v1	cell_type	Adventital fibroblast	GSN	2.31287015408796	97.2098214285714	0.93468999766
Lung	BI_PF_ILD_atlas_v1	cell_type	Adventital fibroblast	FBN1	4.64375602842034	89.1865079365079	0.934208476868098
Lung	BI_PF_ILD_atlas_v1	cell_type	Adventital fibroblast	ADH1B	4.24916660973819	88.6780753968254	0.933604043070842
Lung	BI_PF_ILD_atlas_v1	cell_type	Adventital fibroblast	MMP2	2.66675846545325	92.5967261904762	0.932727229197507
Lung	BI_PF_ILD_atlas_v1	cell_type	Adventital fibroblast	LUM	2.29539052068821	92.6463293650794	0.932721066681874
Lung	BI_PF_ILD_atlas_v1	cell_type	Adventital fibroblast	COL6A1	2.79483863955388	91.4806547619048	0.932373208546781
Lung	BI_PF_ILD_atlas_v1	cell_type	Adventital fibroblast	CALD1	1.61640109795135	94.890873015873	0.93219672107067
Lung	BI_PF_ILD_atlas_v1	cell_type	Adventital fibroblast	TIMP3	1.98507888771979	92.0510912698413	0.931913225075327
Lung	BI_PF_ILD_atlas_v1	cell_type	Adventital fibroblast	ABI3BP	3.67518975279382	88.4672619047619	0.928933024606937
Lung	BI_PF_ILD_atlas_v1	cell_type	Adventital fibroblast	EFEMP1	3.01274318763113	90.7614087301587	0.927425727458978
Lung	BI_PF_ILD_atlas_v1	cell_type	Adventital fibroblast	FBLN2	3.99819810766658	85.9499007936508	0.921031074195162
Lung	BI_PF_ILD_atlas_v1	cell_type	Adventital fibroblast	NNMT	2.00388776535546	93.0183531746032	0.916557088499656
Lung	BI_PF_ILD_atlas_v1	cell_type	Adventital fibroblast	SCARA5	5.61209672706436	83.5689484126984	0.91572941054889
Lung	BI_PF_ILD_atlas_v1	cell_type	Adventital fibroblast	SERPING1	1.55627779840263	96.812996031746	0.911951831742296
Lung	BI_PF_ILD_atlas_v1	cell_type	Adventital fibroblast	LAMA2	3.92160106387423	85.9747023809524	0.911029236105848
Lung	BI_PF_ILD_atlas_v1	cell_type	Adventital fibroblast	PLA2G2A	6.54542097076558	82.4900793650794	0.908520992900376
Lung	BI_PF_ILD_atlas_v1	cell_type	Adventital fibroblast	MFAP4	2.62962447101607	85.8134920634921	0.907815557778916
Lung	BI_PF_ILD_atlas_v1	cell_type	Adventital fibroblast	IGFBP5	3.7404557449931	84.9082341269841	0.90710326054198
Lung	BI_PF_ILD_atlas_v1	cell_type	Adventital fibroblast	UAP1	2.99657553876841	88.9136904761905	0.906072453827544
Lung	BI_PF_ILD_atlas_v1	cell_type	Adventital fibroblast	PRELP	3.9689187629803	82.8373015873016	0.905101771996301
Lung	BI_PF_ILD_atlas_v1	cell_type	Adventital fibroblast	MFAP5	6.36912241243764	81.6592261904762	0.903655781889159
Lung	BI_PF_ILD_atlas_v1	cell_type	Adventital fibroblast	IFITM3	0.83085234464709	97.4454365079365	0.898572652457448
Lung	BI_PF_ILD_atlas_v1	cell_type	Adventital fibroblast	CRISPLD2	3.36825242578277	83.4697420634921	0.895804104548841
Lung	BI_PF_ILD_atlas_v1	cell_type	Adventital fibroblast	PCOLCE	3.00614266233272	83.6929563492064	0.893360601808897
Lung	BI_PF_ILD_atlas_v1	cell_type	Adventital fibroblast	AKAP12	2.43327991599442	84.1517857142857	0.893190230509293
Lung	BI_PF_ILD_atlas_v1	cell_type	Adventital fibroblast	PMP22	1.54007318590857	90.5753968253968	0.890072517386993
Lung	BI_PF_ILD_atlas_v1	cell_type	Adventital fibroblast	TIMP1	1.45833539129693	97.8174603174603	0.887434264918678
Lung	BI_PF_ILD_atlas_v1	cell_type	Adventital fibroblast	PTGIS	3.86294187137769	79.3526785714286	0.886200693234292
Lung	BI_PF_ILD_atlas_v1	cell_type	Adventital fibroblast	SPARC	1.20556890597429	90.3893849206349	0.885431515044995
Lung	BI_PF_ILD_atlas_v1	cell_type	Adventital fibroblast	SELM	1.39500014353295	89.6081349206349	0.885316925502972
Lung	BI_PF_ILD_atlas_v1	cell_type	Adventital fibroblast	COL1A1	1.38885777129406	84.375	0.884796133575123
Lung	BI_PF_ILD_atlas_v1	cell_type	Adventital fibroblast	PRRX1	3.81026434995428	79.6750992063492	0.884771990247599
Lung	BI_PF_ILD_atlas_v1	cell_type	Alveolar fibroblast	A2M	4.11759080865631	98.6051743532059	0.976086711376147
Lung	BI_PF_ILD_atlas_v1	cell_type	Alveolar fibroblast	LUM	3.68115688535926	97.3903262092238	0.961273789168476
Lung	BI_PF_ILD_atlas_v1	cell_type	Alveolar fibroblast	DCN	2.895590131071	98.9201349831271	0.960069883092581
Lung	BI_PF_ILD_atlas_v1	cell_type	Alveolar fibroblast	FBLN1	3.0739417207013	94.9381327334083	0.944479997413721
Lung	BI_PF_ILD_atlas_v1	cell_type	Alveolar fibroblast	MGP	2.54432600253662	97.9077615298088	0.943473877120882
Lung	BI_PF_ILD_atlas_v1	cell_type	Alveolar fibroblast	RARRES2	3.37927267025702	93.970753655793	0.942079885019288
Lung	BI_PF_ILD_atlas_v1	cell_type	Alveolar fibroblast	SPARCL1	1.95345947011628	97.525309336333	0.941000612304452
Lung	BI_PF_ILD_atlas_v1	cell_type	Alveolar fibroblast	PTGDS	3.80120374945477	91.9460067491564	0.939001832111661
Lung	BI_PF_ILD_atlas_v1	cell_type	Alveolar fibroblast	ADH1B	3.73311624041796	90.8661417322835	0.936054388394206
Lung	BI_PF_ILD_atlas_v1	cell_type	Alveolar fibroblast	MFAP4	3.98232638429097	89.718785151856	0.929186622682932
Lung	BI_PF_ILD_atlas_v1	cell_type	Alveolar fibroblast	COL6A2	2.69923902876583	93.3408323959505	0.927756580210337
Lung	BI_PF_ILD_atlas_v1	cell_type	Alveolar fibroblast	C1S	2.98515020167911	92.4859392575928	0.927707350848682
Lung	BI_PF_ILD_atlas_v1	cell_type	Alveolar fibroblast	C7	3.67351191825568	88.9988751406074	0.927214720146002
Lung	BI_PF_ILD_atlas_v1	cell_type	Alveolar fibroblast	COL1A2	2.37352451939926	92.9358830146232	0.924076481396592
Lung	BI_PF_ILD_atlas_v1	cell_type	Alveolar fibroblast	CALD1	1.77264803776369	94.1057367829021	0.916729612037531
Lung	BI_PF_ILD_atlas_v1	cell_type	Alveolar fibroblast	COL6A3	3.50765789152722	88.2114735658043	0.916432301049923
Lung	BI_PF_ILD_atlas_v1	cell_type	Alveolar fibroblast	COL6A1	2.74617561700376	86.8166479190101	0.897554268467363
Lung	BI_PF_ILD_atlas_v1	cell_type	Alveolar fibroblast	MMP2	3.06039382578363	87.4915635545557	0.895999448387021
Lung	BI_PF_ILD_atlas_v1	cell_type	Alveolar fibroblast	C1R	2.34411021991115	88.2789651293588	0.895682718543378
Lung	BI_PF_ILD_atlas_v1	cell_type	Alveolar fibroblast	SCN7A	4.89345918160731	79.0776152980877	0.889200808126094
Lung	BI_PF_ILD_atlas_v1	cell_type	Alveolar fibroblast	TIMP3	2.15493117541655	85.511811023622	0.888199455995428
Lung	BI_PF_ILD_atlas_v1	cell_type	Alveolar fibroblast	CFD	1.79951965127376	93.2958380202475	0.883892769462078
Lung	BI_PF_ILD_atlas_v1	cell_type	Alveolar fibroblast	CDH11	3.82864253213	79.1451068616423	0.879396290662284
Lung	BI_PF_ILD_atlas_v1	cell_type	Alveolar fibroblast	LAMA2	3.18590827918262	80.607424071991	0.876792311487984
Lung	BI_PF_ILD_atlas_v1	cell_type	Alveolar fibroblast	CFH	2.75266904539909	83.3520809898763	0.876782432832943
Lung	BI_PF_ILD_atlas_v1	cell_type	Alveolar fibroblast	COL1A1	1.8305463052628	82.8346456692913	0.873626895437648
Lung	BI_PF_ILD_atlas_v1	cell_type	Alveolar fibroblast	IGFBP7	1.05110589463609	91.5635545556805	0.87345667541893
Lung	BI_PF_ILD_atlas_v1	cell_type	Alveolar fibroblast	SPARC	1.71509578973127	88.8638920134983	0.872689642654458
Lung	BI_PF_ILD_atlas_v1	cell_type	Alveolar fibroblast	COL3A1	2.28071562202578	82.2947131608549	0.872684760485764
Lung	BI_PF_ILD_atlas_v1	cell_type	Alveolar fibroblast	DST	1.80457755653037	91.3385826771654	0.872067495629336
Lung	BI_PF_ILD_atlas_v1	cell_type	Alveolar fibroblast	CYR61	3.00506999765157	81.0798650168729	0.862516092595682
Lung	BI_PF_ILD_atlas_v1	cell_type	Alveolar fibroblast	FHL1	2.33117644883789	84.1844769403825	0.862170373563781
Lung	BI_PF_ILD_atlas_v1	cell_type	Alveolar fibroblast	PLAC9	2.34120077142946	79.7525309336333	0.861345539326362
Lung	BI_PF_ILD_atlas_v1	cell_type	Alveolar fibroblast	SERPING1	1.29935981210467	92.8008998875141	0.860551766275736
Lung	BI_PF_ILD_atlas_v1	cell_type	Alveolar fibroblast	PLEKHH2	3.92513624067811	73.6332958380202	0.855452298520567
Lung	BI_PF_ILD_atlas_v1	cell_type	Alveolar fibroblast	CRISPLD2	2.47619116020848	77.1203599550056	0.855031046352204
Lung	BI_PF_ILD_atlas_v1	cell_type	Alveolar fibroblast	ELN	2.93547754555157	75.8380202474691	0.854905626783141
Lung	BI_PF_ILD_atlas_v1	cell_type	Alveolar fibroblast	PALLD	2.01606641393175	82.0472440944882	0.852799891261806
Lung	BI_PF_ILD_atlas_v1	cell_type	Alveolar fibroblast	NNMT	2.01767550618641	83.3520809898763	0.852100953574119
Lung	BI_PF_ILD_atlas_v1	cell_type	Alveolar fibroblast	FN1	0.879327669016	96.9178852643419	0.84762219901961
Lung	BI_PF_ILD_atlas_v1	cell_type	Alveolar fibroblast	PMP22	1.65525409224994	87.244094488189	0.846739358120891
Lung	BI_PF_ILD_atlas_v1	cell_type	Alveolar fibroblast	ITGA8	4.34355570437701	70.6861642294713	0.845189314942786
Lung	BI_PF_ILD_atlas_v1	cell_type	Alveolar fibroblast	FSTL1	1.98582804780385	76.8503937007874	0.842744026429434
Lung	BI_PF_ILD_atlas_v1	cell_type	Alveolar fibroblast	MYLK	2.58444551020911	73.0708661417323	0.839686143738101
Lung	BI_PF_ILD_atlas_v1	cell_type	Alveolar fibroblast	SPON1	3.64856738961613	70.7761529808774	0.839328965644175
Lung	BI_PF_ILD_atlas_v1	cell_type	Alveolar fibroblast	LTBP4	2.55577828631629	73.8582677165354	0.837588702549111
Lung	BI_PF_ILD_atlas_v1	cell_type	Alveolar fibroblast	GPC3	4.1860304009145	69.8762654668166	0.837024444790416
Lung	BI_PF_ILD_atlas_v1	cell_type	Alveolar fibroblast	SERPINF1	2.18916999796474	79.2350956130484	0.836085767090912
Lung	BI_PF_ILD_atlas_v1	cell_type	Alveolar fibroblast	EMILIN1	3.40086673216332	70.5061867266592	0.833524932444973
Lung	BI_PF_ILD_atlas_v1	cell_type	Alveolar fibroblast	MYH10	3.197092677668	70.8211473565804	0.83269630410686
Lung	BI_PF_ILD_atlas_v1	cell_type	Artery	EPAS1	2.20697815655677	98.1716607414931	0.964191330592118
Lung	BI_PF_ILD_atlas_v1	cell_type	Artery	CLDN5	2.97293051960528	94.7689182326054	0.961558283031833
Lung	BI_PF_ILD_atlas_v1	cell_type	Artery	PTPRB	3.15395192022571	89.1823260538344	0.936850692988382
Lung	BI_PF_ILD_atlas_v1	cell_type	Artery	IFI27	1.48073621918143	96.4448958862367	0.929581934679441
Lung	BI_PF_ILD_atlas_v1	cell_type	Artery	VWF	1.70680028939804	89.2331132554596	0.927975321008573
Lung	BI_PF_ILD_atlas_v1	cell_type	Artery	RAMP2	2.72566245415633	88.0142204164551	0.925005574305524
Lung	BI_PF_ILD_atlas_v1	cell_type	Artery	TM4SF1	1.62551031633897	92.9405789740985	0.92271115574581
Lung	BI_PF_ILD_atlas_v1	cell_type	Artery	LDB2	2.08273877309156	85.5764347384459	0.909326445899626
Lung	BI_PF_ILD_atlas_v1	cell_type	Artery	FAM107A	3.72481808875782	83.0878618588116	0.907332445841906
Lung	BI_PF_ILD_atlas_v1	cell_type	Artery	CALCRL	2.75051626210591	84.0528186896902	0.904885663906263
Lung	BI_PF_ILD_atlas_v1	cell_type	Artery	IFITM3	0.803827154020091	97.866937531742	0.904425774629529
Lung	BI_PF_ILD_atlas_v1	cell_type	Artery	PECAM1	1.20532156602767	93.8039614017268	0.902175053191848
Lung	BI_PF_ILD_atlas_v1	cell_type	Artery	MGP	0.864079250561037	92.1787709497207	0.899063498913855
Lung	BI_PF_ILD_atlas_v1	cell_type	Artery	CLEC14A	3.45435960073008	80.9040121889284	0.896107565925369
Lung	BI_PF_ILD_atlas_v1	cell_type	Artery	CAV1	1.22133054307661	87.6079228034535	0.890293340336381
Lung	BI_PF_ILD_atlas_v1	cell_type	Artery	C10orf10	3.18818049674412	80.1929913661757	0.883231562711414
Lung	BI_PF_ILD_atlas_v1	cell_type	Artery	CRIP2	1.49586107507959	84.1036058913154	0.878945598107105
Lung	BI_PF_ILD_atlas_v1	cell_type	Artery	IFITM2	0.325951006844591	96.0893854748603	0.878776792239892
Lung	BI_PF_ILD_atlas_v1	cell_type	Artery	TIMP3	1.45867797290258	84.4083291010665	0.877725274702058
Lung	BI_PF_ILD_atlas_v1	cell_type	Artery	SLC9A3R2	2.68110995417699	79.5327577450482	0.873864162169036
Lung	BI_PF_ILD_atlas_v1	cell_type	Artery	TFPI	1.22399263988377	86.5413915693245	0.865860200468595
Lung	BI_PF_ILD_atlas_v1	cell_type	Artery	ID1	1.6601493847725	82.5799898425597	0.863737584192026
Lung	BI_PF_ILD_atlas_v1	cell_type	Artery	S1PR1	2.77459819503751	75.0126968004063	0.863118425307613
Lung	BI_PF_ILD_atlas_v1	cell_type	Artery	IL33	2.73493836330869	75.3682072117826	0.860886246094716
Lung	BI_PF_ILD_atlas_v1	cell_type	Artery	TMEM100	4.1088957940422	73.3875063484002	0.860579878886574
Lung	BI_PF_ILD_atlas_v1	cell_type	Artery	EFNB2	2.98454755159528	74.9111223971559	0.859844747007451
Lung	BI_PF_ILD_atlas_v1	cell_type	Artery	TCF4	0.563265048686144	86.389029964449	0.852700617483832
Lung	BI_PF_ILD_atlas_v1	cell_type	Artery	EGFL7	2.02064689009688	75.0126968004063	0.851551930495656
Lung	BI_PF_ILD_atlas_v1	cell_type	Artery	A2M	-0.139082753512449	85.0177755205688	0.851281210821294
Lung	BI_PF_ILD_atlas_v1	cell_type	Artery	JAM2	2.87023265643625	72.270187912646	0.85063511702848
Lung	BI_PF_ILD_atlas_v1	cell_type	Artery	PLPP1	2.05130814080586	77.602844083291	0.848739681658367
Lung	BI_PF_ILD_atlas_v1	cell_type	Artery	ENG	1.08144559641912	85.1701371254444	0.845873628858173
Lung	BI_PF_ILD_atlas_v1	cell_type	Artery	CD93	1.53232766075862	76.536312849162	0.845528533008271
Lung	BI_PF_ILD_atlas_v1	cell_type	Artery	CDH5	2.67157510181788	71.0005078720162	0.844805825191789
Lung	BI_PF_ILD_atlas_v1	cell_type	Artery	PTRF	1.1596076689502	78.5170137125444	0.842198362529441
Lung	BI_PF_ILD_atlas_v1	cell_type	Artery	ARGLU1	1.07255486002681	86.4906043676993	0.842082307763888
Lung	BI_PF_ILD_atlas_v1	cell_type	Artery	TSPAN7	2.5103479756441	70.8481462671407	0.841615530521099
Lung	BI_PF_ILD_atlas_v1	cell_type	Artery	HYAL2	1.67739650608626	74.65718638903	0.841033263357227
Lung	BI_PF_ILD_atlas_v1	cell_type	Artery	DKK2	5.65463690193503	68.7150837988827	0.840628597766488
Lung	BI_PF_ILD_atlas_v1	cell_type	Artery	STOM	0.396996044706442	91.0614525139665	0.840279783164283
Lung	BI_PF_ILD_atlas_v1	cell_type	Artery	EMP1	1.08436460424028	87.0492635855764	0.838219832856671
Lung	BI_PF_ILD_atlas_v1	cell_type	Artery	GNG11	0.720006346379003	75.2158456069071	0.834899631459896
Lung	BI_PF_ILD_atlas_v1	cell_type	Artery	BST2	0.658864869734765	85.9827323514474	0.834441121525391
Lung	BI_PF_ILD_atlas_v1	cell_type	Artery	IGFBP4	0.368778782558757	80.3453529710513	0.832171478695984
Lung	BI_PF_ILD_atlas_v1	cell_type	Artery	PIK3R3	2.00100560872458	71.0512950736414	0.831633565730983
Lung	BI_PF_ILD_atlas_v1	cell_type	Artery	MT1M	2.11976755477785	72.0670391061452	0.83118543735015
Lung	BI_PF_ILD_atlas_v1	cell_type	Artery	SPARCL1	0.185711288592847	78.7201625190452	0.830263765189439
Lung	BI_PF_ILD_atlas_v1	cell_type	Artery	GPX3	0.793613520306502	80.9040121889284	0.82876989501647
Lung	BI_PF_ILD_atlas_v1	cell_type	Artery	PALMD	2.06665238332833	69.4768918232605	0.826067656327406
Lung	BI_PF_ILD_atlas_v1	cell_type	Artery	TNFSF10	1.62561627507975	74.4540375825292	0.825915384595344
Lung	BI_PF_ILD_atlas_v1	cell_type	B/Plasma	BANK1	5.20679065740435	75.3303471444569	0.866189064378032
Lung	BI_PF_ILD_atlas_v1	cell_type	B/Plasma	TNFRSF13C	7.12754533448574	73.057110862262	0.864066632647753
Lung	BI_PF_ILD_atlas_v1	cell_type	B/Plasma	CD79A	6.8116646478288	72.1052631578947	0.859175568732539
Lung	BI_PF_ILD_atlas_v1	cell_type	B/Plasma	ADAM28	3.86842055559857	74.8936170212766	0.850001755052909
Lung	BI_PF_ILD_atlas_v1	cell_type	B/Plasma	MS4A1	6.75099782900506	65.9574468085106	0.828482330041658
Lung	BI_PF_ILD_atlas_v1	cell_type	B/Plasma	GNG7	4.27608631809329	68.3538633818589	0.817287171944906
Lung	BI_PF_ILD_atlas_v1	cell_type	B/Plasma	AFF3	3.84191214578722	67.7827547592385	0.815528102153667
Lung	BI_PF_ILD_atlas_v1	cell_type	B/Plasma	ARHGAP24	3.2164933337632	74.1545352743561	0.811095030510773
Lung	BI_PF_ILD_atlas_v1	cell_type	B/Plasma	ANKRD44	2.31067943774245	78.0739081746921	0.792703526343534
Lung	BI_PF_ILD_atlas_v1	cell_type	B/Plasma	RALGPS2	3.56458262026593	64.9944008958567	0.792624285109678
Lung	BI_PF_ILD_atlas_v1	cell_type	B/Plasma	SMAP2	1.47234844231639	87.7827547592385	0.790307980214794
Lung	BI_PF_ILD_atlas_v1	cell_type	B/Plasma	ST6GAL1	3.19990949605492	65.2183650615901	0.787225344178387
Lung	BI_PF_ILD_atlas_v1	cell_type	B/Plasma	SMCHD1	1.83019995325189	81.6461366181411	0.769457562035244
Lung	BI_PF_ILD_atlas_v1	cell_type	B/Plasma	RHOH	2.38258421319146	67.2788353863382	0.768916258295267
Lung	BI_PF_ILD_atlas_v1	cell_type	B/Plasma	MEF2C	1.93860584104366	69.1601343784994	0.765969543536633
Lung	BI_PF_ILD_atlas_v1	cell_type	B/Plasma	PLCG2	2.76308194251121	66.9540873460246	0.764309421792373
Lung	BI_PF_ILD_atlas_v1	cell_type	B/Plasma	LTB	2.77707045934636	58.1970884658455	0.763224030752404
Lung	BI_PF_ILD_atlas_v1	cell_type	B/Plasma	PRKCB	2.24186602306129	70.447928331467	0.762454447528822
Lung	BI_PF_ILD_atlas_v1	cell_type	B/Plasma	BLK	6.02502155478983	51.959686450168	0.758423393843849
Lung	BI_PF_ILD_atlas_v1	cell_type	B/Plasma	CXCR4	1.03451047880692	84.7704367301232	0.754580121719294
Lung	BI_PF_ILD_atlas_v1	cell_type	B/Plasma	EBF1	3.66527898764118	54.2665173572228	0.753701796277566
Lung	BI_PF_ILD_atlas_v1	cell_type	B/Plasma	CD69	1.75572022287981	63.6842105263158	0.751148122839498
Lung	BI_PF_ILD_atlas_v1	cell_type	B/Plasma	PRDM2	2.04215991709477	68.3874580067189	0.744558726213766
Lung	BI_PF_ILD_atlas_v1	cell_type	B/Plasma	MGAT5	2.71340564641929	66.0918253079507	0.742769510887367
Lung	BI_PF_ILD_atlas_v1	cell_type	B/Plasma	BACH2	3.61937677701514	53.8409854423292	0.741377869990702
Lung	BI_PF_ILD_atlas_v1	cell_type	B/Plasma	INPP5D	2.26384250536028	60.5039193729003	0.737910436251285
Lung	BI_PF_ILD_atlas_v1	cell_type	B/Plasma	NCOA3	2.06751092964476	70.2127659574468	0.736829981389334
Lung	BI_PF_ILD_atlas_v1	cell_type	B/Plasma	BCL11A	3.40107504729891	52.5979843225084	0.735874147787361
Lung	BI_PF_ILD_atlas_v1	cell_type	B/Plasma	ARHGAP15	1.62235981305235	70.0447928331467	0.729883318344336
Lung	BI_PF_ILD_atlas_v1	cell_type	B/Plasma	ISG20	1.46316245595647	62.956326987682	0.726129897102634
Lung	BI_PF_ILD_atlas_v1	cell_type	B/Plasma	LINC00926	5.43632763278827	45.531914893617	0.724730452079391
Lung	BI_PF_ILD_atlas_v1	cell_type	B/Plasma	IGHM	7.01733158301321	45.9574468085106	0.723159416301751
Lung	BI_PF_ILD_atlas_v1	cell_type	B/Plasma	FNBP1	1.37093396186702	78.0739081746921	0.718603908625418
Lung	BI_PF_ILD_atlas_v1	cell_type	B/Plasma	STK4	1.17247928662227	70.447928331467	0.715345093369701
Lung	BI_PF_ILD_atlas_v1	cell_type	B/Plasma	CDC42SE2	1.29533232017954	70.9406494960806	0.710171568493678
Lung	BI_PF_ILD_atlas_v1	cell_type	B/Plasma	LY9	4.58718593724808	43.5274356103023	0.709687465303729
Lung	BI_PF_ILD_atlas_v1	cell_type	B/Plasma	DENND4A	1.58684944789621	73.0795072788354	0.707738000192424
Lung	BI_PF_ILD_atlas_v1	cell_type	B/Plasma	RPS27	0.305366610992374	98.4658454647256	0.706629005928535
Lung	BI_PF_ILD_atlas_v1	cell_type	B/Plasma	ARID5B	1.28499953345939	75.7558790593505	0.704326341062811
Lung	BI_PF_ILD_atlas_v1	cell_type	B/Plasma	CD37	0.738519052294376	76.2486002239642	0.701084523051126
Lung	BI_PF_ILD_atlas_v1	cell_type	B/Plasma	CD79B	4.01709360382499	41.511758118701	0.699368861847864
Lung	BI_PF_ILD_atlas_v1	cell_type	B/Plasma	FCHSD2	1.67042926885087	60.8286674132139	0.697915930547893
Lung	BI_PF_ILD_atlas_v1	cell_type	B/Plasma	SEL1L3	2.05068691673389	52.7883538633819	0.697574023340579
Lung	BI_PF_ILD_atlas_v1	cell_type	B/Plasma	TMEM156	4.03111400989359	41.1310190369541	0.695275487090555
Lung	BI_PF_ILD_atlas_v1	cell_type	B/Plasma	TNRC6B	1.0962648729443	72.7547592385218	0.695166076710445
Lung	BI_PF_ILD_atlas_v1	cell_type	B/Plasma	OSBPL10	3.04785985953635	44.2665173572228	0.686274811685856
Lung	BI_PF_ILD_atlas_v1	cell_type	B/Plasma	SSH2	1.44173461553169	71.444568868981	0.685602821145
Lung	BI_PF_ILD_atlas_v1	cell_type	B/Plasma	PLEKHG1	2.2924418296482	44.6808510638298	0.685458018747522
Lung	BI_PF_ILD_atlas_v1	cell_type	B/Plasma	JADE3	4.21548019095379	39.1041433370661	0.683584935456201
Lung	BI_PF_ILD_atlas_v1	cell_type	B/Plasma	RCSD1	2.15007934458361	44.7928331466965	0.68287253121964
Lung	BI_PF_ILD_atlas_v1	cell_type	Basal	KRT17	6.38993398366104	93.51164797239	0.964408314160318
Lung	BI_PF_ILD_atlas_v1	cell_type	Basal	S100A2	6.18746611930295	92.8213977566868	0.959622795633457
Lung	BI_PF_ILD_atlas_v1	cell_type	Basal	KRT19	3.23792485170784	96.548748921484	0.954195415560489
Lung	BI_PF_ILD_atlas_v1	cell_type	Basal	PERP	2.87692469529179	91.1820534943917	0.926771892629152
Lung	BI_PF_ILD_atlas_v1	cell_type	Basal	TACSTD2	2.78253715665654	91.1475409836066	0.923155343800526
Lung	BI_PF_ILD_atlas_v1	cell_type	Basal	KRT15	6.81536126642875	83.3994823123382	0.913678412034091
Lung	BI_PF_ILD_atlas_v1	cell_type	Basal	KRT5	7.30079606159123	82.6229508196721	0.912003849377629
Lung	BI_PF_ILD_atlas_v1	cell_type	Basal	AQP3	2.95281829129533	90.802415875755	0.905034044114732
Lung	BI_PF_ILD_atlas_v1	cell_type	Basal	FXYD3	1.96791696431259	89.6980155306298	0.899915246912859
Lung	BI_PF_ILD_atlas_v1	cell_type	Basal	KRT18	1.77876144916723	87.3166522864538	0.87576907020986
Lung	BI_PF_ILD_atlas_v1	cell_type	Basal	IGFBP2	1.91864965414493	85.4874892148404	0.874444318679861
Lung	BI_PF_ILD_atlas_v1	cell_type	Basal	SFN	3.29223166885873	78.1880931837791	0.870719506573546
Lung	BI_PF_ILD_atlas_v1	cell_type	Basal	KRT8	1.43996126646101	85.8671268334771	0.85849784213459
Lung	BI_PF_ILD_atlas_v1	cell_type	Basal	WFDC2	0.54136071934111	85.6773080241588	0.857106247200998
Lung	BI_PF_ILD_atlas_v1	cell_type	Basal	ITGA2	3.41142784516488	73.4081104400345	0.852556491488285
Lung	BI_PF_ILD_atlas_v1	cell_type	Basal	ID1	2.08059958717243	79.9309749784297	0.844689477650602
Lung	BI_PF_ILD_atlas_v1	cell_type	Basal	CD9	0.736010551845411	96.5314926660915	0.841678459236301
Lung	BI_PF_ILD_atlas_v1	cell_type	Basal	SPINT2	1.08915266478088	87.9896462467645	0.835900805105469
Lung	BI_PF_ILD_atlas_v1	cell_type	Basal	BCAM	2.2337975597094	74.3054357204487	0.835540947161616
Lung	BI_PF_ILD_atlas_v1	cell_type	Basal	ELF3	1.37406973580121	80.2415875754961	0.833804486386309
Lung	BI_PF_ILD_atlas_v1	cell_type	Basal	FHL2	3.24885891303647	69.9223468507334	0.833518307029315
Lung	BI_PF_ILD_atlas_v1	cell_type	Basal	LAMB3	3.25484117545661	69.3356341673857	0.828516627594815
Lung	BI_PF_ILD_atlas_v1	cell_type	Basal	KLF5	2.16592616841118	73.2873166522864	0.823735878866596
Lung	BI_PF_ILD_atlas_v1	cell_type	Basal	SERPINF1	0.884527339744438	79.3960310612597	0.823735001556434
Lung	BI_PF_ILD_atlas_v1	cell_type	Basal	CLDN1	3.00765627359048	68.1967213114754	0.822903986205121
Lung	BI_PF_ILD_atlas_v1	cell_type	Basal	CYB5A	0.689820197286453	92.1829163071613	0.822558023938699
Lung	BI_PF_ILD_atlas_v1	cell_type	Basal	ATP1B1	1.11952604517211	87.1268334771355	0.821717195023451
Lung	BI_PF_ILD_atlas_v1	cell_type	Basal	EHF	2.42546868006205	69.6635030198447	0.817615886598083
Lung	BI_PF_ILD_atlas_v1	cell_type	Basal	MPZL2	1.97495132986187	71.7515099223468	0.813525102695912
Lung	BI_PF_ILD_atlas_v1	cell_type	Basal	S100A14	1.63301747297428	73.0284728213978	0.813039525367245
Lung	BI_PF_ILD_atlas_v1	cell_type	Basal	GPRC5A	1.28604288387621	76.1518550474547	0.811864933648809
Lung	BI_PF_ILD_atlas_v1	cell_type	Basal	ALDH3A1	4.93325128965613	63.3649698015531	0.810572508199609
Lung	BI_PF_ILD_atlas_v1	cell_type	Basal	EGFR	2.42991446030903	68.0241587575496	0.80630694310553
Lung	BI_PF_ILD_atlas_v1	cell_type	Basal	ADIRF	1.13725400993059	73.0802415875755	0.80556245718216
Lung	BI_PF_ILD_atlas_v1	cell_type	Basal	HMGB3	2.66808736408386	67.0923209663503	0.80097311949127
Lung	BI_PF_ILD_atlas_v1	cell_type	Basal	RPL10A	0.537847557482506	94.7368421052632	0.800735097611033
Lung	BI_PF_ILD_atlas_v1	cell_type	Basal	TSC22D1	1.04673760616176	83.9171699741156	0.800543531255388
Lung	BI_PF_ILD_atlas_v1	cell_type	Basal	RPLP1	0.363736845853444	97.1182053494392	0.798498441709052
Lung	BI_PF_ILD_atlas_v1	cell_type	Basal	RPS4X	0.318869717839945	95.1682484900777	0.794504535823164
Lung	BI_PF_ILD_atlas_v1	cell_type	Basal	PPA1	0.637586642638661	85.2286453839517	0.794025987793263
Lung	BI_PF_ILD_atlas_v1	cell_type	Basal	IGFBP7	-0.755081160874035	82.4331320103537	0.793249111895471
Lung	BI_PF_ILD_atlas_v1	cell_type	Basal	LIMA1	1.32372957780476	74.495254529767	0.79230075942786
Lung	BI_PF_ILD_atlas_v1	cell_type	Basal	MGST1	0.249690953709239	91.0094909404659	0.790957083909816
Lung	BI_PF_ILD_atlas_v1	cell_type	Basal	SDC1	2.25874480443911	64.2795513373598	0.790666845530724
Lung	BI_PF_ILD_atlas_v1	cell_type	Basal	KRT7	1.12000554374543	68.5245901639344	0.789779164579731
Lung	BI_PF_ILD_atlas_v1	cell_type	Basal	PDLIM1	0.506546806487498	86.6436583261432	0.789387058646156
Lung	BI_PF_ILD_atlas_v1	cell_type	Basal	GSTP1	0.552326350919296	94.0638481449525	0.787795033096535
Lung	BI_PF_ILD_atlas_v1	cell_type	Basal	F3	2.56898948988036	65.7981018119068	0.786670132662388
Lung	BI_PF_ILD_atlas_v1	cell_type	Basal	CLDN4	1.393224409197	68.9905090595341	0.78344377554126
Lung	BI_PF_ILD_atlas_v1	cell_type	Basal	BTF3	0.378344918799149	92.8386540120794	0.782404326992014
Lung	BI_PF_ILD_atlas_v1	cell_type	Basophil/Mast	TPSAB1	9.34127920648947	97.5483870967742	0.987484593538616
Lung	BI_PF_ILD_atlas_v1	cell_type	Basophil/Mast	TPSB2	9.44787748271439	96.989247311828	0.984585216836351
Lung	BI_PF_ILD_atlas_v1	cell_type	Basophil/Mast	CPA3	7.95952784576557	88.3870967741936	0.941454337811848
Lung	BI_PF_ILD_atlas_v1	cell_type	Basophil/Mast	IL1RL1	4.40617373451481	83.8279569892473	0.91525742632019
Lung	BI_PF_ILD_atlas_v1	cell_type	Basophil/Mast	KIT	6.10720403854646	82.5806451612903	0.911549375596015
Lung	BI_PF_ILD_atlas_v1	cell_type	Basophil/Mast	HPGDS	4.11759937134522	78.1935483870968	0.878821166865694
Lung	BI_PF_ILD_atlas_v1	cell_type	Basophil/Mast	CD69	2.39204640311781	81.8924731182796	0.861011335690724
Lung	BI_PF_ILD_atlas_v1	cell_type	Basophil/Mast	MS4A2	6.93797331359598	70.5376344086021	0.852289682884708
Lung	BI_PF_ILD_atlas_v1	cell_type	Basophil/Mast	RGS1	1.3704072885352	86.3225806451613	0.83361083908844
Lung	BI_PF_ILD_atlas_v1	cell_type	Basophil/Mast	LTC4S	2.93293804909828	67.6129032258064	0.817931989711541
Lung	BI_PF_ILD_atlas_v1	cell_type	Basophil/Mast	GATA2	4.68050376335677	63.7849462365591	0.814838648606038
Lung	BI_PF_ILD_atlas_v1	cell_type	Basophil/Mast	RGS13	4.70842456536725	61.6774193548387	0.803142864551015
Lung	BI_PF_ILD_atlas_v1	cell_type	Basophil/Mast	RGS2	0.76985797437672	82.3655913978495	0.789440696494616
Lung	BI_PF_ILD_atlas_v1	cell_type	Basophil/Mast	RHOH	0.95769477570254	72.0430107526882	0.784514362632945
Lung	BI_PF_ILD_atlas_v1	cell_type	Basophil/Mast	SLC24A3	4.48449265361041	56.4301075268817	0.774637180898013
Lung	BI_PF_ILD_atlas_v1	cell_type	Basophil/Mast	VWA5A	2.44368772538553	58.8817204301075	0.763327578257535
Lung	BI_PF_ILD_atlas_v1	cell_type	Basophil/Mast	C1orf186	4.00138814640184	52.8172043010753	0.758814556803108
Lung	BI_PF_ILD_atlas_v1	cell_type	Basophil/Mast	HDC	5.38122832647103	51.6129032258064	0.757379742547698
Lung	BI_PF_ILD_atlas_v1	cell_type	Basophil/Mast	SLC18A2	4.28358716248231	50.8817204301075	0.747586432744039
Lung	BI_PF_ILD_atlas_v1	cell_type	Basophil/Mast	SYTL3	0.207866598025451	75.3978494623656	0.742417145577711
Lung	BI_PF_ILD_atlas_v1	cell_type	Basophil/Mast	CLU	-0.942398088702721	70.2795698924731	0.740696150646748
Lung	BI_PF_ILD_atlas_v1	cell_type	Basophil/Mast	MAOB	3.00445060747438	48.8172043010753	0.73340770471125
Lung	BI_PF_ILD_atlas_v1	cell_type	Basophil/Mast	AREG	0.322977682994246	80.6021505376344	0.71889144931382
Lung	BI_PF_ILD_atlas_v1	cell_type	Basophil/Mast	TNIK	1.28755464551734	60.6451612903226	0.717423861527492
Lung	BI_PF_ILD_atlas_v1	cell_type	Basophil/Mast	BATF	1.32965147061283	51.3978494623656	0.717028437732349
Lung	BI_PF_ILD_atlas_v1	cell_type	Basophil/Mast	FER	1.60570783744988	57.0322580645161	0.716551021045365
Lung	BI_PF_ILD_atlas_v1	cell_type	Basophil/Mast	BIRC3	0.975189541676453	58.8817204301075	0.715632918740432
Lung	BI_PF_ILD_atlas_v1	cell_type	Basophil/Mast	CHN2	1.46503589189261	56.5161290322581	0.714553263295039
Lung	BI_PF_ILD_atlas_v1	cell_type	Basophil/Mast	ADAM12	2.59083862835096	45.0322580645161	0.708126300264417
Lung	BI_PF_ILD_atlas_v1	cell_type	Basophil/Mast	RP11-354E11.2	4.89419269709133	41.6774193548387	0.707605280767374
Lung	BI_PF_ILD_atlas_v1	cell_type	Basophil/Mast	IL18R1	2.17720385961525	45.8494623655914	0.705895679902369
Lung	BI_PF_ILD_atlas_v1	cell_type	Basophil/Mast	PTGS1	2.27824900702527	45.1612903225806	0.705435560884859
Lung	BI_PF_ILD_atlas_v1	cell_type	Basophil/Mast	HPGD	0.93963092970707	60.6021505376344	0.701396499377604
Lung	BI_PF_ILD_atlas_v1	cell_type	Basophil/Mast	SMYD3	0.435433792650476	63.3548387096774	0.700732729502938
Lung	BI_PF_ILD_atlas_v1	cell_type	Basophil/Mast	GALC	1.23918491650078	52.0860215053763	0.698722825844666
Lung	BI_PF_ILD_atlas_v1	cell_type	Basophil/Mast	SAMSN1	-0.51104574796281	86.494623655914	0.695161784033139
Lung	BI_PF_ILD_atlas_v1	cell_type	Basophil/Mast	SLC26A2	1.76205917563707	44.989247311828	0.692617280063406
Lung	BI_PF_ILD_atlas_v1	cell_type	Basophil/Mast	ACSL4	0.494649721761601	67.8709677419355	0.685022746888226
Lung	BI_PF_ILD_atlas_v1	cell_type	Basophil/Mast	RAC2	0.217475578859543	60.1720430107527	0.68265571984625
Lung	BI_PF_ILD_atlas_v1	cell_type	Basophil/Mast	SOCS1	1.18227159366189	48.6881720430108	0.681315468006371
Lung	BI_PF_ILD_atlas_v1	cell_type	Basophil/Mast	SRGN	-0.483475349731039	97.505376344086	0.676023820007658
Lung	BI_PF_ILD_atlas_v1	cell_type	Basophil/Mast	PRKX	0.853803393475704	47.7849462365591	0.675126724330707
Lung	BI_PF_ILD_atlas_v1	cell_type	Basophil/Mast	PAK1	0.785133749401952	48.8172043010753	0.674633162709134
Lung	BI_PF_ILD_atlas_v1	cell_type	Basophil/Mast	NTM	1.42611171497785	38.0215053763441	0.674415749883609
Lung	BI_PF_ILD_atlas_v1	cell_type	Basophil/Mast	STXBP6	1.288130938985	38.8387096774194	0.671806280108919
Lung	BI_PF_ILD_atlas_v1	cell_type	Basophil/Mast	GPR65	1.01641403686947	47.9569892473118	0.670006315641774
Lung	BI_PF_ILD_atlas_v1	cell_type	Basophil/Mast	TNFAIP3	-0.149961700468006	72.6021505376344	0.668128574103003
Lung	BI_PF_ILD_atlas_v1	cell_type	Basophil/Mast	BACE2	0.306443258086422	43.3978494623656	0.667526422193021
Lung	BI_PF_ILD_atlas_v1	cell_type	Basophil/Mast	PRKCA	1.05083761359455	46.2365591397849	0.664436095505543
Lung	BI_PF_ILD_atlas_v1	cell_type	Basophil/Mast	PHF20	0.0463322832705337	71.3978494623656	0.663846314415442
Lung	BI_PF_ILD_atlas_v1	cell_type	Bronchial Vessel	SPARCL1	3.45302764043083	98.686744878305	0.962962049835021
Lung	BI_PF_ILD_atlas_v1	cell_type	Bronchial Vessel	VWF	4.07240169770282	92.3481001575906	0.950810931531304
Lung	BI_PF_ILD_atlas_v1	cell_type	Bronchial Vessel	IGFBP7	2.8431595643911	97.636140780949	0.945389459904897
Lung	BI_PF_ILD_atlas_v1	cell_type	Bronchial Vessel	GNG11	3.4549429582175	91.7002276308878	0.93680221954453
Lung	BI_PF_ILD_atlas_v1	cell_type	Bronchial Vessel	TM4SF1	3.61568796357745	93.9765365084924	0.936243673853095
Lung	BI_PF_ILD_atlas_v1	cell_type	Bronchial Vessel	ADGRL4	5.35424795463124	87.4102609000175	0.931881423982791
Lung	BI_PF_ILD_atlas_v1	cell_type	Bronchial Vessel	TCF4	2.95976390935881	94.5893888986167	0.92959442884929
Lung	BI_PF_ILD_atlas_v1	cell_type	Bronchial Vessel	EMCN	4.67022248179626	83.6981264226931	0.911210127844854
Lung	BI_PF_ILD_atlas_v1	cell_type	Bronchial Vessel	RAMP2	3.50311885298919	84.5386097005778	0.906416085946559
Lung	BI_PF_ILD_atlas_v1	cell_type	Bronchial Vessel	IFI27	2.45303833420437	93.7664156890212	0.906054353514692
Lung	BI_PF_ILD_atlas_v1	cell_type	Bronchial Vessel	PDLIM1	2.47190182834764	95.1672211521625	0.905281041848567
Lung	BI_PF_ILD_atlas_v1	cell_type	Bronchial Vessel	ADAMTS9	4.67250107822007	83.0852740325687	0.904296348608282
Lung	BI_PF_ILD_atlas_v1	cell_type	Bronchial Vessel	PECAM1	2.49332286891394	94.1341271230958	0.903837802299138
Lung	BI_PF_ILD_atlas_v1	cell_type	Bronchial Vessel	CLDN5	3.46928259772013	83.1202941691473	0.900940740040957
Lung	BI_PF_ILD_atlas_v1	cell_type	Bronchial Vessel	LDB2	3.68626090422029	83.4354753983541	0.900273474510904
Lung	BI_PF_ILD_atlas_v1	cell_type	Bronchial Vessel	ACKR1	5.40459985751742	80.8965154964104	0.899835364632286
Lung	BI_PF_ILD_atlas_v1	cell_type	Bronchial Vessel	CAV1	2.55777504433393	89.0036771143407	0.899737656756427
Lung	BI_PF_ILD_atlas_v1	cell_type	Bronchial Vessel	A2M	1.87487908479199	91.2274557870776	0.899616304574647
Lung	BI_PF_ILD_atlas_v1	cell_type	Bronchial Vessel	EPAS1	2.11487322737059	93.1885834354754	0.897620922988228
Lung	BI_PF_ILD_atlas_v1	cell_type	Bronchial Vessel	IFITM3	1.82164334781419	97.4435300297671	0.89215257569151
Lung	BI_PF_ILD_atlas_v1	cell_type	Bronchial Vessel	IGFBP4	2.2499631034338	89.1612677289441	0.890969108553696
Lung	BI_PF_ILD_atlas_v1	cell_type	Bronchial Vessel	PLVAP	6.29237373669899	77.0793206093504	0.882339824647906
Lung	BI_PF_ILD_atlas_v1	cell_type	Bronchial Vessel	PRSS23	2.98936374111853	82.052180003502	0.878351801689049
Lung	BI_PF_ILD_atlas_v1	cell_type	Bronchial Vessel	ZNF385D	5.442960589938	77.3069514971108	0.877896713183756
Lung	BI_PF_ILD_atlas_v1	cell_type	Bronchial Vessel	SPRY1	3.96626207862252	82.0872001400806	0.876015869916396
Lung	BI_PF_ILD_atlas_v1	cell_type	Bronchial Vessel	IFITM2	1.40755175104112	96.7606373664857	0.873435700107879
Lung	BI_PF_ILD_atlas_v1	cell_type	Bronchial Vessel	CRIP2	2.46466088571246	82.9101733496761	0.867301209742478
Lung	BI_PF_ILD_atlas_v1	cell_type	Bronchial Vessel	MGP	0.910975077826988	88.1982139730345	0.866366106167638
Lung	BI_PF_ILD_atlas_v1	cell_type	Bronchial Vessel	CD59	1.51210777960883	94.8870600595342	0.864834331571901
Lung	BI_PF_ILD_atlas_v1	cell_type	Bronchial Vessel	CALCRL	3.42770788440262	75.871125897391	0.862449871951481
Lung	BI_PF_ILD_atlas_v1	cell_type	Bronchial Vessel	RAMP3	3.95659273036672	74.2076694099107	0.862339881641145
Lung	BI_PF_ILD_atlas_v1	cell_type	Bronchial Vessel	EMP1	2.29313602349772	90.2468919628786	0.86028548443256
Lung	BI_PF_ILD_atlas_v1	cell_type	Bronchial Vessel	APP	1.72921872346485	92.1554894064087	0.859308176468855
Lung	BI_PF_ILD_atlas_v1	cell_type	Bronchial Vessel	CD93	2.89429442174777	78.1299247067064	0.854243712141829
Lung	BI_PF_ILD_atlas_v1	cell_type	Bronchial Vessel	PTRF	2.43202849530431	80.8264752232534	0.853992940020782
Lung	BI_PF_ILD_atlas_v1	cell_type	Bronchial Vessel	POSTN	3.95942015111103	73.4547364734723	0.851760269197909
Lung	BI_PF_ILD_atlas_v1	cell_type	Bronchial Vessel	HSPG2	3.37895376863421	75.8536158291017	0.851152250317021
Lung	BI_PF_ILD_atlas_v1	cell_type	Bronchial Vessel	TSPAN7	4.21469210424256	72.0189108737524	0.850646000797797
Lung	BI_PF_ILD_atlas_v1	cell_type	Bronchial Vessel	NPDC1	3.83920148430526	73.5247767466293	0.849748018205061
Lung	BI_PF_ILD_atlas_v1	cell_type	Bronchial Vessel	NFIB	2.37151801884818	81.0541061110138	0.84886999476725
Lung	BI_PF_ILD_atlas_v1	cell_type	Bronchial Vessel	CLEC14A	3.9200563222243	71.2484678690247	0.847913685753734
Lung	BI_PF_ILD_atlas_v1	cell_type	Bronchial Vessel	HYAL2	3.06291807475983	75.5034144633164	0.847812847199925
Lung	BI_PF_ILD_atlas_v1	cell_type	Bronchial Vessel	JAM2	4.18785613908305	70.9507967081072	0.846179431560869
Lung	BI_PF_ILD_atlas_v1	cell_type	Bronchial Vessel	NNMT	1.85370183058937	83.4529854666433	0.84557882800594
Lung	BI_PF_ILD_atlas_v1	cell_type	Bronchial Vessel	CNN3	2.18835816442146	80.9490457012782	0.84490082693816
Lung	BI_PF_ILD_atlas_v1	cell_type	Bronchial Vessel	SPARC	1.29162667594027	85.6067238662231	0.844536390859297
Lung	BI_PF_ILD_atlas_v1	cell_type	Bronchial Vessel	SOCS3	2.30003019742812	87.445281036596	0.842997193919953
Lung	BI_PF_ILD_atlas_v1	cell_type	Bronchial Vessel	EGFL7	3.43576007622565	71.8788303274383	0.836848610014497
Lung	BI_PF_ILD_atlas_v1	cell_type	Bronchial Vessel	CCDC85B	1.99479593008408	84.2759586762388	0.834050967524336
Lung	BI_PF_ILD_atlas_v1	cell_type	Bronchial Vessel	CCL14	5.48294290860717	67.3612327088076	0.832462298920149
Lung	BI_PF_ILD_atlas_v1	cell_type	Capillary	EPAS1	2.37089076025216	98.8942945599292	0.969294456115645
Lung	BI_PF_ILD_atlas_v1	cell_type	Capillary	FCN3	5.41068839183722	88.9871738168952	0.941684633308322
Lung	BI_PF_ILD_atlas_v1	cell_type	Capillary	CLDN5	2.44238168518701	89.2083149049093	0.929110355667605
Lung	BI_PF_ILD_atlas_v1	cell_type	Capillary	LDB2	2.89258919385244	86.8199911543565	0.916497752106459
Lung	BI_PF_ILD_atlas_v1	cell_type	Capillary	IFI27	1.81630744205243	94.2061034940292	0.908026708634296
Lung	BI_PF_ILD_atlas_v1	cell_type	Capillary	VWF	2.01711617255923	85.0066342326404	0.906531476354617
Lung	BI_PF_ILD_atlas_v1	cell_type	Capillary	RAMP2	2.80906889175589	84.7854931446263	0.906217127544529
Lung	BI_PF_ILD_atlas_v1	cell_type	Capillary	PECAM1	1.39330265133507	93.7638213180009	0.895532351855986
Lung	BI_PF_ILD_atlas_v1	cell_type	Capillary	TCF4	1.41318895045212	91.375497567448	0.894544070825157
Lung	BI_PF_ILD_atlas_v1	cell_type	Capillary	TIMP3	1.28618925043301	87.4391862007961	0.888826639828642
Lung	BI_PF_ILD_atlas_v1	cell_type	Capillary	SLCO2A1	2.71813859936942	79.5223352498894	0.88424453217834
Lung	BI_PF_ILD_atlas_v1	cell_type	Capillary	GNG11	2.23672607100425	82.3529411764706	0.880991356072787
Lung	BI_PF_ILD_atlas_v1	cell_type	Capillary	SPTBN1	1.15116225052112	89.1640866873065	0.873538673142117
Lung	BI_PF_ILD_atlas_v1	cell_type	Capillary	ADGRL2	3.6412483139231	76.7801857585139	0.870891921027641
Lung	BI_PF_ILD_atlas_v1	cell_type	Capillary	RAMP3	2.92388860646607	75.1437417072092	0.864524612072591
Lung	BI_PF_ILD_atlas_v1	cell_type	Capillary	BMPR2	1.79426433560142	85.1835471030518	0.861835384364226
Lung	BI_PF_ILD_atlas_v1	cell_type	Capillary	COL4A2	2.11074267916419	77.4878372401592	0.857855668748919
Lung	BI_PF_ILD_atlas_v1	cell_type	Capillary	ADGRF5	1.6106787699273	80.6280406899602	0.85755110481321
Lung	BI_PF_ILD_atlas_v1	cell_type	Capillary	COL4A1	2.31837473533506	75.8956214064573	0.856947046599165
Lung	BI_PF_ILD_atlas_v1	cell_type	Capillary	PTPRB	2.51889649313978	73.5957540911101	0.854767982906393
Lung	BI_PF_ILD_atlas_v1	cell_type	Capillary	CAV1	1.37653810014563	81.3799203892083	0.853923403775931
Lung	BI_PF_ILD_atlas_v1	cell_type	Capillary	HYAL2	2.18993793476684	76.24944714728	0.850165119010443
Lung	BI_PF_ILD_atlas_v1	cell_type	Capillary	CALCRL	2.45722262250087	73.2861565678903	0.84730655628864
Lung	BI_PF_ILD_atlas_v1	cell_type	Capillary	EGFL7	2.23937250237233	74.2591773551526	0.846401802172545
Lung	BI_PF_ILD_atlas_v1	cell_type	Capillary	TMEM100	3.97303182756378	70.1017249004865	0.843188934243558
Lung	BI_PF_ILD_atlas_v1	cell_type	Capillary	CDH5	3.09405776097449	70.1017249004865	0.840720872292574
Lung	BI_PF_ILD_atlas_v1	cell_type	Capillary	SDPR	2.10794692425626	73.7284387439186	0.839172339646092
Lung	BI_PF_ILD_atlas_v1	cell_type	Capillary	IFITM3	0.567407811979241	95.4002653693056	0.838642043758579
Lung	BI_PF_ILD_atlas_v1	cell_type	Capillary	SLC9A3R2	2.318323289492	73.4630694383016	0.837809482773651
Lung	BI_PF_ILD_atlas_v1	cell_type	Capillary	SPARC	1.01555728330677	81.468376824414	0.832386241553934
Lung	BI_PF_ILD_atlas_v1	cell_type	Capillary	ARHGAP29	1.91211061356896	71.9150818222026	0.829162853409863
Lung	BI_PF_ILD_atlas_v1	cell_type	Capillary	DOCK9	1.86369878619573	74.2591773551526	0.829048058734622
Lung	BI_PF_ILD_atlas_v1	cell_type	Capillary	PCAT19	2.37517755194358	68.7748783724016	0.827638113941978
Lung	BI_PF_ILD_atlas_v1	cell_type	Capillary	TM4SF1	0.693238610205429	77.797434763379	0.825413626576523
Lung	BI_PF_ILD_atlas_v1	cell_type	Capillary	CD93	1.80735904980401	71.9150818222026	0.820681976493216
Lung	BI_PF_ILD_atlas_v1	cell_type	Capillary	BTNL9	4.33886729951845	64.7058823529412	0.820025089079874
Lung	BI_PF_ILD_atlas_v1	cell_type	Capillary	ENG	1.3527496281445	81.9106590004423	0.819599222533165
Lung	BI_PF_ILD_atlas_v1	cell_type	Capillary	ESAM	2.46990277330305	67.9787704555506	0.819396869050578
Lung	BI_PF_ILD_atlas_v1	cell_type	Capillary	PCDH17	3.03008484097462	65.9442724458204	0.818512502697849
Lung	BI_PF_ILD_atlas_v1	cell_type	Capillary	PODXL	2.86136585837464	66.2538699690403	0.817296238113618
Lung	BI_PF_ILD_atlas_v1	cell_type	Capillary	CLEC14A	2.55143827996602	64.9712516585582	0.813622368352589
Lung	BI_PF_ILD_atlas_v1	cell_type	Capillary	MT1M	2.10389419229351	68.4210526315789	0.810316176627912
Lung	BI_PF_ILD_atlas_v1	cell_type	Capillary	PTRF	1.24706724191675	73.1977001326846	0.810091188445403
Lung	BI_PF_ILD_atlas_v1	cell_type	Capillary	STXBP6	2.86948834206311	64.8827952233525	0.808080687488009
Lung	BI_PF_ILD_atlas_v1	cell_type	Capillary	GALNT18	2.65975744503976	64.484741264927	0.803593314608414
Lung	BI_PF_ILD_atlas_v1	cell_type	Capillary	NOSTRIN	2.8185432979471	63.1136665192393	0.80302554207295
Lung	BI_PF_ILD_atlas_v1	cell_type	Capillary	PIK3R3	2.26008738377407	65.1481645289695	0.800914338124134
Lung	BI_PF_ILD_atlas_v1	cell_type	Capillary	APP	0.469886823296823	84.7854931446263	0.800431840895394
Lung	BI_PF_ILD_atlas_v1	cell_type	Capillary	TFPI	0.822728775119549	77.3109243697479	0.797631606903576
Lung	BI_PF_ILD_atlas_v1	cell_type	Capillary	WWTR1	0.997632788379812	73.9053516143299	0.796273002040735
Lung	BI_PF_ILD_atlas_v1	cell_type	Capillary Aerocyte	CLDN5	2.85545098559082	96.1855670103093	0.967921764722278
Lung	BI_PF_ILD_atlas_v1	cell_type	Capillary Aerocyte	GNG11	2.5141532405382	92.2680412371134	0.936086056302669
Lung	BI_PF_ILD_atlas_v1	cell_type	Capillary Aerocyte	IFI27	1.39855166306549	97.6288659793814	0.931558566887324
Lung	BI_PF_ILD_atlas_v1	cell_type	Capillary Aerocyte	EPAS1	0.9898893047556	95.2577319587629	0.92122653911261
Lung	BI_PF_ILD_atlas_v1	cell_type	Capillary Aerocyte	ADGRL2	3.38944498974689	85.4639175257732	0.916808619879727
Lung	BI_PF_ILD_atlas_v1	cell_type	Capillary Aerocyte	EMCN	3.29971552716654	84.9484536082474	0.914663240890135
Lung	BI_PF_ILD_atlas_v1	cell_type	Capillary Aerocyte	RAMP2	2.2729978885189	86.0824742268041	0.911222059093152
Lung	BI_PF_ILD_atlas_v1	cell_type	Capillary Aerocyte	SPTBN1	0.963069010320477	92.7835051546392	0.902485202750977
Lung	BI_PF_ILD_atlas_v1	cell_type	Capillary Aerocyte	SLC9A3R2	2.19892853459101	83.8144329896907	0.892454044261559
Lung	BI_PF_ILD_atlas_v1	cell_type	Capillary Aerocyte	SDPR	1.94013510109408	82.7835051546392	0.887703708558394
Lung	BI_PF_ILD_atlas_v1	cell_type	Capillary Aerocyte	PECAM1	0.92942639950597	93.6082474226804	0.886063073666428
Lung	BI_PF_ILD_atlas_v1	cell_type	Capillary Aerocyte	EGFL7	2.03991910077593	80.9278350515464	0.881263714614661
Lung	BI_PF_ILD_atlas_v1	cell_type	Capillary Aerocyte	STXBP6	2.90576208372465	77.5257731958763	0.873633874906522
Lung	BI_PF_ILD_atlas_v1	cell_type	Capillary Aerocyte	APP	0.586194727139558	92.3711340206186	0.86908114545166
Lung	BI_PF_ILD_atlas_v1	cell_type	Capillary Aerocyte	CAV1	0.943890018981741	84.7422680412371	0.868972140920375
Lung	BI_PF_ILD_atlas_v1	cell_type	Capillary Aerocyte	HPGD	2.4215409002937	82.4742268041237	0.860913492127094
Lung	BI_PF_ILD_atlas_v1	cell_type	Capillary Aerocyte	SPARC	0.715502514016895	86.9072164948454	0.857980154137798
Lung	BI_PF_ILD_atlas_v1	cell_type	Capillary Aerocyte	IL32	1.19749881238209	81.2371134020619	0.853850836285542
Lung	BI_PF_ILD_atlas_v1	cell_type	Capillary Aerocyte	CDH5	2.69924295237222	72.2680412371134	0.850650564454803
Lung	BI_PF_ILD_atlas_v1	cell_type	Capillary Aerocyte	SLCO2A1	1.75141295131676	72.1649484536082	0.844535003236291
Lung	BI_PF_ILD_atlas_v1	cell_type	Capillary Aerocyte	ESAM	2.37641638661479	72.680412371134	0.843838439917791
Lung	BI_PF_ILD_atlas_v1	cell_type	Capillary Aerocyte	TCF4	0.409123188084751	84.1237113402062	0.839968945479201
Lung	BI_PF_ILD_atlas_v1	cell_type	Capillary Aerocyte	ARHGAP29	1.31574524606432	73.6082474226804	0.835714141659981
Lung	BI_PF_ILD_atlas_v1	cell_type	Capillary Aerocyte	HLA-E	0.251749141234951	97.6288659793814	0.834768590220218
Lung	BI_PF_ILD_atlas_v1	cell_type	Capillary Aerocyte	TM4SF1	0.45670492048921	79.6907216494845	0.833910570135087
Lung	BI_PF_ILD_atlas_v1	cell_type	Capillary Aerocyte	PTRF	0.900097957334498	77.7319587628866	0.833745647028166
Lung	BI_PF_ILD_atlas_v1	cell_type	Capillary Aerocyte	HECW2	2.91351722681008	68.3505154639175	0.829669192214901
Lung	BI_PF_ILD_atlas_v1	cell_type	Capillary Aerocyte	HYAL2	1.31489169302251	73.1958762886598	0.82873162453082
Lung	BI_PF_ILD_atlas_v1	cell_type	Capillary Aerocyte	DOCK9	1.20720405130359	74.639175257732	0.828564917548244
Lung	BI_PF_ILD_atlas_v1	cell_type	Capillary Aerocyte	ITGA1	1.76948842281312	70.7216494845361	0.825439786440205
Lung	BI_PF_ILD_atlas_v1	cell_type	Capillary Aerocyte	ADGRF5	0.679595609975855	74.9484536082474	0.820754451859898
Lung	BI_PF_ILD_atlas_v1	cell_type	Capillary Aerocyte	COL4A2	1.30033522782824	71.0309278350515	0.820688450262783
Lung	BI_PF_ILD_atlas_v1	cell_type	Capillary Aerocyte	TIMP3	-0.312705336931693	75.979381443299	0.819059052195023
Lung	BI_PF_ILD_atlas_v1	cell_type	Capillary Aerocyte	CALD1	-0.0588735404576095	78.5567010309278	0.817673484899732
Lung	BI_PF_ILD_atlas_v1	cell_type	Capillary Aerocyte	SERPINE1	2.21683528676995	69.8969072164948	0.816134510741765
Lung	BI_PF_ILD_atlas_v1	cell_type	Capillary Aerocyte	VIPR1	3.12578252985751	64.4329896907217	0.814956616377116
Lung	BI_PF_ILD_atlas_v1	cell_type	Capillary Aerocyte	CAV2	1.20354025041692	71.0309278350515	0.814092939065365
Lung	BI_PF_ILD_atlas_v1	cell_type	Capillary Aerocyte	PODXL	2.64007413360803	65.4639175257732	0.812653122463662
Lung	BI_PF_ILD_atlas_v1	cell_type	Capillary Aerocyte	CA4	4.66395436792192	62.0618556701031	0.808377333884849
Lung	BI_PF_ILD_atlas_v1	cell_type	Capillary Aerocyte	IFITM3	-0.263231530251968	95.1546391752577	0.803759142291935
Lung	BI_PF_ILD_atlas_v1	cell_type	Capillary Aerocyte	ACVRL1	1.69881618990848	67.1134020618557	0.797727046736019
Lung	BI_PF_ILD_atlas_v1	cell_type	Capillary Aerocyte	SASH1	1.05963470015207	72.0618556701031	0.797356755129563
Lung	BI_PF_ILD_atlas_v1	cell_type	Capillary Aerocyte	PRX	3.15179278299983	61.340206185567	0.797149187416034
Lung	BI_PF_ILD_atlas_v1	cell_type	Capillary Aerocyte	RAMP3	1.46542060628705	62.2680412371134	0.796817473669991
Lung	BI_PF_ILD_atlas_v1	cell_type	Capillary Aerocyte	LHFP	1.08442968851718	67.9381443298969	0.796238610922605
Lung	BI_PF_ILD_atlas_v1	cell_type	Capillary Aerocyte	GALNT18	2.06231275092007	62.9896907216495	0.795771881295625
Lung	BI_PF_ILD_atlas_v1	cell_type	Capillary Aerocyte	ROBO4	3.1981276893371	60.2061855670103	0.794663528137689
Lung	BI_PF_ILD_atlas_v1	cell_type	Capillary Aerocyte	EDNRB	2.87431435657919	61.7525773195876	0.793371590940355
Lung	BI_PF_ILD_atlas_v1	cell_type	Capillary Aerocyte	TMEM100	2.61077553070004	60.6185567010309	0.793098292260308
Lung	BI_PF_ILD_atlas_v1	cell_type	Capillary Aerocyte	CNN3	0.183632870912557	73.7113402061856	0.791416279547476
Lung	BI_PF_ILD_atlas_v1	cell_type	Ciliated	RSPH1	6.78125949480923	98.3441226575809	0.98974147894683
Lung	BI_PF_ILD_atlas_v1	cell_type	Ciliated	LRRIQ1	6.75889915235867	97.4718909710392	0.98553065332163
Lung	BI_PF_ILD_atlas_v1	cell_type	Ciliated	CAPS	6.56415668935825	96.7086882453152	0.979744925026998
Lung	BI_PF_ILD_atlas_v1	cell_type	Ciliated	DNAH12	6.99900769402626	95.8296422487223	0.976688927535472
Lung	BI_PF_ILD_atlas_v1	cell_type	Ciliated	MS4A8	5.96446705925975	94.2146507666099	0.967533194983034
Lung	BI_PF_ILD_atlas_v1	cell_type	Ciliated	CDHR3	6.34096059389664	93.3901192504259	0.963381631246852
Lung	BI_PF_ILD_atlas_v1	cell_type	Ciliated	TPPP3	5.51453275204084	94.2419080068143	0.9626782995731
Lung	BI_PF_ILD_atlas_v1	cell_type	Ciliated	SPAG16	5.00441156849998	94.4258943781942	0.962508298334896
Lung	BI_PF_ILD_atlas_v1	cell_type	Ciliated	FAM183A	6.71440569289465	92.8858603066439	0.96195443832548
Lung	BI_PF_ILD_atlas_v1	cell_type	Ciliated	DNAAF1	5.46097365956193	93.1993185689949	0.959455911881444
Lung	BI_PF_ILD_atlas_v1	cell_type	Ciliated	C9orf24	6.65672416028066	92.2385008517888	0.958098771457558
Lung	BI_PF_ILD_atlas_v1	cell_type	Ciliated	C1orf194	6.82065207852822	91.8773424190801	0.956994931808299
Lung	BI_PF_ILD_atlas_v1	cell_type	Ciliated	C20orf85	6.82560026029805	91.8228279386712	0.956404029596303
Lung	BI_PF_ILD_atlas_v1	cell_type	Ciliated	CFAP43	6.54865590400413	91.6660988074957	0.955821120822659
Lung	BI_PF_ILD_atlas_v1	cell_type	Ciliated	DNAH5	5.71147861638904	92.0340715502555	0.954918984499305
Lung	BI_PF_ILD_atlas_v1	cell_type	Ciliated	STK33	6.097615071866	91.4412265758092	0.952810916367796
Lung	BI_PF_ILD_atlas_v1	cell_type	Ciliated	CCDC146	5.47247315110156	91.9795570698467	0.952652023210493
Lung	BI_PF_ILD_atlas_v1	cell_type	Ciliated	EFHC1	5.02566894876074	92.2589437819421	0.952153112082438
Lung	BI_PF_ILD_atlas_v1	cell_type	Ciliated	TSPAN1	5.41592690180432	92.0068143100511	0.951855835634483
Lung	BI_PF_ILD_atlas_v1	cell_type	Ciliated	SNTN	6.8519290700337	90.664395229983	0.951031917940074
Lung	BI_PF_ILD_atlas_v1	cell_type	Ciliated	HYDIN	6.6420958570506	90.603066439523	0.949810053334271
Lung	BI_PF_ILD_atlas_v1	cell_type	Ciliated	CCDC170	5.34368209962509	91.0051107325383	0.94650775570648
Lung	BI_PF_ILD_atlas_v1	cell_type	Ciliated	PIFO	6.31795826803842	89.6695059625213	0.944120559635529
Lung	BI_PF_ILD_atlas_v1	cell_type	Ciliated	SAXO2	6.30539778588856	88.9335604770017	0.942140156793763
Lung	BI_PF_ILD_atlas_v1	cell_type	Ciliated	DNAH9	6.37826965572358	89.206132879046	0.941474755213872
Lung	BI_PF_ILD_atlas_v1	cell_type	Ciliated	SPAG17	6.59339337306868	88.7086882453152	0.941403577084245
Lung	BI_PF_ILD_atlas_v1	cell_type	Ciliated	C5orf49	6.42427726408251	88.7495741056218	0.940682159313351
Lung	BI_PF_ILD_atlas_v1	cell_type	Ciliated	ERICH3	6.50142463253046	88.5247018739353	0.940584159104574
Lung	BI_PF_ILD_atlas_v1	cell_type	Ciliated	TMC5	3.99060759023911	92.06132879046	0.939930999905736
Lung	BI_PF_ILD_atlas_v1	cell_type	Ciliated	ARMC3	6.4696553010912	87.7410562180579	0.93655310398232
Lung	BI_PF_ILD_atlas_v1	cell_type	Ciliated	CETN2	4.72620317079993	90.1737649063032	0.93376044436615
Lung	BI_PF_ILD_atlas_v1	cell_type	Ciliated	SPAG6	6.08390126978727	87.4616695059625	0.933433852151462
Lung	BI_PF_ILD_atlas_v1	cell_type	Ciliated	DYNC2H1	4.87041174340922	88.8177172061329	0.932799077831
Lung	BI_PF_ILD_atlas_v1	cell_type	Ciliated	AGR3	3.97018354729944	91.045996592845	0.93216506211547
Lung	BI_PF_ILD_atlas_v1	cell_type	Ciliated	CCDC78	6.50219522661108	86.793867120954	0.93131535620718
Lung	BI_PF_ILD_atlas_v1	cell_type	Ciliated	LRRC23	4.71795848106588	88.8449744463373	0.930732267732502
Lung	BI_PF_ILD_atlas_v1	cell_type	Ciliated	PACRG	6.27131482380137	86.4054514480409	0.928082731417379
Lung	BI_PF_ILD_atlas_v1	cell_type	Ciliated	TEKT1	6.42662694615323	86.0238500851789	0.927998858748507
Lung	BI_PF_ILD_atlas_v1	cell_type	Ciliated	DYNLRB2	6.53611783493464	85.9488926746167	0.927127166471824
Lung	BI_PF_ILD_atlas_v1	cell_type	Ciliated	C9orf116	6.39314619186073	85.7444633730835	0.925282123707628
Lung	BI_PF_ILD_atlas_v1	cell_type	Ciliated	SLC44A4	4.87962427886785	86.923339011925	0.924304844624518
Lung	BI_PF_ILD_atlas_v1	cell_type	Ciliated	ROPN1L	6.38945038279237	85.0085178875639	0.92231010529479
Lung	BI_PF_ILD_atlas_v1	cell_type	Ciliated	RSPH9	6.18842937922691	85.1039182282794	0.922300011771688
Lung	BI_PF_ILD_atlas_v1	cell_type	Ciliated	MORN2	5.09964696530108	87.366269165247	0.921976800774429
Lung	BI_PF_ILD_atlas_v1	cell_type	Ciliated	FAM92B	6.58944093658997	84.8449744463373	0.921921630653165
Lung	BI_PF_ILD_atlas_v1	cell_type	Ciliated	SMIM22	4.34894980515987	87.4207836456559	0.920726201756985
Lung	BI_PF_ILD_atlas_v1	cell_type	Ciliated	DNAH7	6.15537592771745	85.1379897785349	0.920635830366846
Lung	BI_PF_ILD_atlas_v1	cell_type	Ciliated	SPEF2	5.41182152076558	85.2402044293015	0.920154281953683
Lung	BI_PF_ILD_atlas_v1	cell_type	Ciliated	DRC3	5.79183458004164	84.9471890971039	0.920008810094653
Lung	BI_PF_ILD_atlas_v1	cell_type	Ciliated	CEP126	4.93030581119879	85.6967632027257	0.917635016341392
Lung	BI_PF_ILD_atlas_v1	cell_type	Ciliated & Club	CAPS	2.60574620802989	97.3973395026027	0.964086142110358
Lung	BI_PF_ILD_atlas_v1	cell_type	Ciliated & Club	C9orf24	2.80406082315842	94.9103528050896	0.954199820858052
Lung	BI_PF_ILD_atlas_v1	cell_type	Ciliated & Club	WFDC2	2.23510848042562	98.2070561017929	0.953168349110452
Lung	BI_PF_ILD_atlas_v1	cell_type	Ciliated & Club	TPPP3	2.57884466922462	95.7779063042221	0.952751068980177
Lung	BI_PF_ILD_atlas_v1	cell_type	Ciliated & Club	RSPH1	2.60933590383645	94.2741469057259	0.948656538282214
Lung	BI_PF_ILD_atlas_v1	cell_type	Ciliated & Club	C20orf85	2.78154416531415	93.5801041064199	0.948225681214971
Lung	BI_PF_ILD_atlas_v1	cell_type	Ciliated & Club	FAM183A	2.7486971335636	93.0595720069404	0.945043236833912
Lung	BI_PF_ILD_atlas_v1	cell_type	Ciliated & Club	TSPAN1	2.57027287334532	93.9271255060729	0.944421994948495
Lung	BI_PF_ILD_atlas_v1	cell_type	Ciliated & Club	ELF3	1.85957599684194	96.6454598033545	0.940551691142439
Lung	BI_PF_ILD_atlas_v1	cell_type	Ciliated & Club	AGR3	2.16126167321035	95.1417004048583	0.940112033714923
Lung	BI_PF_ILD_atlas_v1	cell_type	Ciliated & Club	C5orf49	2.79986022619454	90.5725853094274	0.933795812739647
Lung	BI_PF_ILD_atlas_v1	cell_type	Ciliated & Club	C1orf194	2.57784132826426	90.5147484094853	0.93159594683931
Lung	BI_PF_ILD_atlas_v1	cell_type	Ciliated & Club	PIGR	1.82224609541272	94.4476576055523	0.931561816896574
Lung	BI_PF_ILD_atlas_v1	cell_type	Ciliated & Club	SCGB3A1	2.72671196251429	93.7536148062464	0.930263280244999
Lung	BI_PF_ILD_atlas_v1	cell_type	Ciliated & Club	FXYD3	1.80766555034609	94.6211683053788	0.929227104765669
Lung	BI_PF_ILD_atlas_v1	cell_type	Ciliated & Club	TMC5	2.1803510535811	92.5968768074031	0.928080790107797
Lung	BI_PF_ILD_atlas_v1	cell_type	Ciliated & Club	PIFO	2.64274286998619	89.6471949103528	0.926421520251646
Lung	BI_PF_ILD_atlas_v1	cell_type	Ciliated & Club	CETN2	2.19132626858883	92.0763447079237	0.925178364274382
Lung	BI_PF_ILD_atlas_v1	cell_type	Ciliated & Club	LRRIQ1	2.31769575678326	89.5315211104685	0.92339268705284
Lung	BI_PF_ILD_atlas_v1	cell_type	Ciliated & Club	SMIM22	2.2842596534083	90.6304222093696	0.922052057299398
Lung	BI_PF_ILD_atlas_v1	cell_type	Ciliated & Club	SLPI	1.40136283804585	98.4962406015038	0.920510601006455
Lung	BI_PF_ILD_atlas_v1	cell_type	Ciliated & Club	AGR2	1.85333033220175	92.5968768074031	0.920181133121877
Lung	BI_PF_ILD_atlas_v1	cell_type	Ciliated & Club	DNAAF1	2.59439148140286	88.3747831116252	0.918971827113202
Lung	BI_PF_ILD_atlas_v1	cell_type	Ciliated & Club	C9orf116	2.7352904875342	87.4493927125506	0.917575754900591
Lung	BI_PF_ILD_atlas_v1	cell_type	Ciliated & Club	EZR	0.856876652882071	98.6697513013303	0.916593661099036
Lung	BI_PF_ILD_atlas_v1	cell_type	Ciliated & Club	TACSTD2	1.59050735732198	91.9606709080393	0.915572977831121
Lung	BI_PF_ILD_atlas_v1	cell_type	Ciliated & Club	HMGN3	1.20811656442093	97.0503181029497	0.913839944158981
Lung	BI_PF_ILD_atlas_v1	cell_type	Ciliated & Club	MORN2	2.45408426161912	88.8953152111047	0.913429670941467
Lung	BI_PF_ILD_atlas_v1	cell_type	Ciliated & Club	CD24	2.34359275784934	87.9699248120301	0.912240832051171
Lung	BI_PF_ILD_atlas_v1	cell_type	Ciliated & Club	TMEM190	3.03033463326921	85.7721226142279	0.912193300463422
Lung	BI_PF_ILD_atlas_v1	cell_type	Ciliated & Club	PRDX5	1.42764356102958	97.6286871023713	0.911708027403279
Lung	BI_PF_ILD_atlas_v1	cell_type	Ciliated & Club	PERP	1.67834235645838	90.9774436090226	0.910623915395157
Lung	BI_PF_ILD_atlas_v1	cell_type	Ciliated & Club	MS4A8	2.43979889771984	86.4661654135338	0.909923466242938
Lung	BI_PF_ILD_atlas_v1	cell_type	Ciliated & Club	CLDN4	1.67399273445618	91.0352805089647	0.908375758147739
Lung	BI_PF_ILD_atlas_v1	cell_type	Ciliated & Club	ZMYND10	2.74153449738539	85.2515905147484	0.908289206855889
Lung	BI_PF_ILD_atlas_v1	cell_type	Ciliated & Club	DYNLRB2	2.68638625018059	84.9624060150376	0.906020515864636
Lung	BI_PF_ILD_atlas_v1	cell_type	Ciliated & Club	SNTN	2.56108410476834	84.7310584152689	0.903541501288134
Lung	BI_PF_ILD_atlas_v1	cell_type	Ciliated & Club	CCDC170	2.4905034100714	86.0613071139387	0.903258854123328
Lung	BI_PF_ILD_atlas_v1	cell_type	Ciliated & Club	KRT8	1.25416291457639	93.0017351069983	0.902852934073303
Lung	BI_PF_ILD_atlas_v1	cell_type	Ciliated & Club	SLC44A4	2.37986657894997	85.5986119144014	0.902016857126373
Lung	BI_PF_ILD_atlas_v1	cell_type	Ciliated & Club	CCDC78	2.62098271279028	83.2272990167727	0.89723797404862
Lung	BI_PF_ILD_atlas_v1	cell_type	Ciliated & Club	KRT19	1.07548682074289	91.497975708502	0.896249510903533
Lung	BI_PF_ILD_atlas_v1	cell_type	Ciliated & Club	CCDC146	2.37620678868065	84.7310584152689	0.895736231218136
Lung	BI_PF_ILD_atlas_v1	cell_type	Ciliated & Club	C11orf88	2.73581455343978	82.7067669172932	0.895685044006065
Lung	BI_PF_ILD_atlas_v1	cell_type	Ciliated & Club	PLPP2	2.27644716469878	84.037015615963	0.893608104616832
Lung	BI_PF_ILD_atlas_v1	cell_type	Ciliated & Club	EFHC1	2.15802519104948	84.8467322151533	0.893369962933881
Lung	BI_PF_ILD_atlas_v1	cell_type	Ciliated & Club	DYNLL1	0.986275265479003	98.4384037015616	0.893182123142499
Lung	BI_PF_ILD_atlas_v1	cell_type	Ciliated & Club	CHST9	2.62784689550031	82.4754193175246	0.892416136764825
Lung	BI_PF_ILD_atlas_v1	cell_type	Ciliated & Club	FOXJ1	2.782377091484	81.7813765182186	0.891785257631286
Lung	BI_PF_ILD_atlas_v1	cell_type	Ciliated & Club	DNAH12	1.63758784902763	83.9213418160787	0.891744787576149
Lung	BI_PF_ILD_atlas_v1	cell_type	Club	SCGB3A2	6.06123239156832	92.2518159806295	0.945640174091671
Lung	BI_PF_ILD_atlas_v1	cell_type	Club	WFDC2	2.41137353722213	97.320419693301	0.945366756109527
Lung	BI_PF_ILD_atlas_v1	cell_type	Club	SFTPB	2.11925984084822	99.7578692493947	0.940927036409623
Lung	BI_PF_ILD_atlas_v1	cell_type	Club	CYB5A	2.39459324566273	98.9507667473769	0.937632242521187
Lung	BI_PF_ILD_atlas_v1	cell_type	Club	CXCL17	2.54766080617621	95.1896690879742	0.929370086591971
Lung	BI_PF_ILD_atlas_v1	cell_type	Club	CEACAM6	3.72959917741165	87.8934624697336	0.921247818199527
Lung	BI_PF_ILD_atlas_v1	cell_type	Club	RNASE1	2.5526155191398	97.3688458434221	0.921090529828915
Lung	BI_PF_ILD_atlas_v1	cell_type	Club	SCGB3A1	2.31010650841705	92.8974979822437	0.917451134853626
Lung	BI_PF_ILD_atlas_v1	cell_type	Club	PIGR	2.69201765961105	91.3155770782889	0.914989419811087
Lung	BI_PF_ILD_atlas_v1	cell_type	Club	KRT7	2.30532009250165	90.1856335754641	0.91167516191525
Lung	BI_PF_ILD_atlas_v1	cell_type	Club	GPRC5A	2.65694236575264	91.4124293785311	0.910426621172178
Lung	BI_PF_ILD_atlas_v1	cell_type	Club	SLPI	1.35868738084035	98.2566585956416	0.90382871537403
Lung	BI_PF_ILD_atlas_v1	cell_type	Club	FOLR1	2.81542767556172	87.4414850686037	0.896594236946506
Lung	BI_PF_ILD_atlas_v1	cell_type	Club	AGR3	2.18529646499033	89.0395480225989	0.89623527458286
Lung	BI_PF_ILD_atlas_v1	cell_type	Club	KRT18	1.82473360093523	90.3470540758676	0.881440059208461
Lung	BI_PF_ILD_atlas_v1	cell_type	Club	HOPX	1.59936275851261	90.2017756255044	0.879975644014347
Lung	BI_PF_ILD_atlas_v1	cell_type	Club	MGST1	1.36443636606258	97.7401129943503	0.876057069227531
Lung	BI_PF_ILD_atlas_v1	cell_type	Club	KRT19	1.50216521814379	88.4907183212268	0.874592945030059
Lung	BI_PF_ILD_atlas_v1	cell_type	Club	ELF3	1.77431453108992	87.2477804681195	0.871372456019261
Lung	BI_PF_ILD_atlas_v1	cell_type	Club	FXYD3	1.68329109019733	87.1509281678773	0.870375844803886
Lung	BI_PF_ILD_atlas_v1	cell_type	Club	TACSTD2	1.69751754329712	84.8103309120258	0.868212956141958
Lung	BI_PF_ILD_atlas_v1	cell_type	Club	SFTA2	1.51989398866983	86.2308313155771	0.865904448094222
Lung	BI_PF_ILD_atlas_v1	cell_type	Club	SLC34A2	1.67476641221702	86.9733656174334	0.864777364357555
Lung	BI_PF_ILD_atlas_v1	cell_type	Club	KRT8	1.64239231798313	87.5867635189669	0.863418769473136
Lung	BI_PF_ILD_atlas_v1	cell_type	Club	CLDN4	1.77449912869284	82.8571428571429	0.854497520310376
Lung	BI_PF_ILD_atlas_v1	cell_type	Club	AGR2	1.8030216480593	81.3236481033091	0.853903100225695
Lung	BI_PF_ILD_atlas_v1	cell_type	Club	S100A14	2.03521669569882	80.9685230024213	0.851395654587608
Lung	BI_PF_ILD_atlas_v1	cell_type	Club	ATP1B1	1.69498557528175	90.2502017756255	0.84328972625499
Lung	BI_PF_ILD_atlas_v1	cell_type	Club	CTSE	4.28339617748644	70.4923325262308	0.842110934567838
Lung	BI_PF_ILD_atlas_v1	cell_type	Club	MUC1	1.71409777879772	80.5972558514931	0.839589555668007
Lung	BI_PF_ILD_atlas_v1	cell_type	Club	MMP7	3.95692859782038	70.8474576271186	0.834716542963728
Lung	BI_PF_ILD_atlas_v1	cell_type	Club	LMO7	1.91461239152333	78.0145278450363	0.833136402475846
Lung	BI_PF_ILD_atlas_v1	cell_type	Club	C16orf89	2.38335677930107	75.8514931396287	0.831992018362165
Lung	BI_PF_ILD_atlas_v1	cell_type	Club	NEDD4L	2.14796466163032	78.0790960451977	0.822632400257045
Lung	BI_PF_ILD_atlas_v1	cell_type	Club	EPCAM	1.81053368772882	76.0936238902341	0.820069265824628
Lung	BI_PF_ILD_atlas_v1	cell_type	Club	BCAM	2.26893495036308	71.9774011299435	0.819112736273665
Lung	BI_PF_ILD_atlas_v1	cell_type	Club	SPINT2	1.10592790777018	88.1194511702986	0.816774554757145
Lung	BI_PF_ILD_atlas_v1	cell_type	Club	MALL	1.85185823845118	73.1880548829701	0.815980609714564
Lung	BI_PF_ILD_atlas_v1	cell_type	Club	SFTA1P	2.65504785227615	68.7489911218725	0.814147967189373
Lung	BI_PF_ILD_atlas_v1	cell_type	Club	SDC1	2.67094851457236	68.3131557707829	0.81231325264949
Lung	BI_PF_ILD_atlas_v1	cell_type	Club	DSTN	0.584230262096209	96.4003228410008	0.807094290646756
Lung	BI_PF_ILD_atlas_v1	cell_type	Club	SCNN1B	3.8632252000593	63.454398708636	0.806369666657931
Lung	BI_PF_ILD_atlas_v1	cell_type	Club	SOX4	2.12675797276046	76.9652945924132	0.805875569810313
Lung	BI_PF_ILD_atlas_v1	cell_type	Club	TSC22D1	1.18141941202565	85.5690072639225	0.805438501594978
Lung	BI_PF_ILD_atlas_v1	cell_type	Club	EMP2	1.33695217814609	78.3373688458434	0.805355327467817
Lung	BI_PF_ILD_atlas_v1	cell_type	Club	CYP4B1	1.68560044327606	71.0250201775626	0.804665548472082
Lung	BI_PF_ILD_atlas_v1	cell_type	Club	TM4SF1	0.579044536325164	75.5125100887813	0.804297138160212
Lung	BI_PF_ILD_atlas_v1	cell_type	Club	NKX2-1	2.41265864416667	68.3777239709443	0.80385605034676
Lung	BI_PF_ILD_atlas_v1	cell_type	Club	GSTP1	0.599157483574048	97.6271186440678	0.796390121473253
Lung	BI_PF_ILD_atlas_v1	cell_type	Club	ZFP36L1	0.942949244780616	92.1711057304278	0.795886265335362
Lung	BI_PF_ILD_atlas_v1	cell_type	Club & AT1	SLPI	2.26351461668764	99.3548387096774	0.966634038445789
Lung	BI_PF_ILD_atlas_v1	cell_type	Club & AT1	SFTPB	1.1339435780028	100.0	0.955990768318046
Lung	BI_PF_ILD_atlas_v1	cell_type	Club & AT1	HOPX	1.49480989039806	97.741935483871	0.941984510999097
Lung	BI_PF_ILD_atlas_v1	cell_type	Club & AT1	CEACAM6	1.5577887073399	92.9032258064516	0.939444852391554
Lung	BI_PF_ILD_atlas_v1	cell_type	Club & AT1	SFTA2	1.08033627056723	97.741935483871	0.93843452183285
Lung	BI_PF_ILD_atlas_v1	cell_type	Club & AT1	SCGB3A2	1.02112294023376	92.5806451612903	0.933731950003534
Lung	BI_PF_ILD_atlas_v1	cell_type	Club & AT1	HSD17B6	2.70949010470316	88.7096774193548	0.927761478786575
Lung	BI_PF_ILD_atlas_v1	cell_type	Club & AT1	EMP2	1.00259508112527	95.4838709677419	0.927035866638348
Lung	BI_PF_ILD_atlas_v1	cell_type	Club & AT1	CAV1	1.12958523581722	93.2258064516129	0.917798665816872
Lung	BI_PF_ILD_atlas_v1	cell_type	Club & AT1	CYB5A	0.527859129837594	98.7096774193548	0.916881674686677
Lung	BI_PF_ILD_atlas_v1	cell_type	Club & AT1	SLC34A2	0.600156724135036	93.8709677419355	0.909910292790672
Lung	BI_PF_ILD_atlas_v1	cell_type	Club & AT1	GPRC5A	0.452385422921543	92.258064516129	0.903035624377445
Lung	BI_PF_ILD_atlas_v1	cell_type	Club & AT1	S100A14	1.19233482767644	89.0322580645161	0.901776186399991
Lung	BI_PF_ILD_atlas_v1	cell_type	Club & AT1	RNASE1	0.0941623870361799	97.4193548387097	0.895237947297662
Lung	BI_PF_ILD_atlas_v1	cell_type	Club & AT1	LIMCH1	0.740735985288439	87.0967741935484	0.884195132466527
Lung	BI_PF_ILD_atlas_v1	cell_type	Club & AT1	SFTPC	-0.158321393498868	92.9032258064516	0.882667884844256
Lung	BI_PF_ILD_atlas_v1	cell_type	Club & AT1	PIGR	0.263672031273708	88.0645161290323	0.882516440183623
Lung	BI_PF_ILD_atlas_v1	cell_type	Club & AT1	DSTN	-0.0973325845856792	98.7096774193548	0.882308069212529
Lung	BI_PF_ILD_atlas_v1	cell_type	Club & AT1	MUC1	0.631342235729321	87.0967741935484	0.878141281413693
Lung	BI_PF_ILD_atlas_v1	cell_type	Club & AT1	SELENBP1	0.922228878078635	85.4838709677419	0.875480887381716
Lung	BI_PF_ILD_atlas_v1	cell_type	Club & AT1	SUSD2	1.56242977582608	79.6774193548387	0.871626983118242
Lung	BI_PF_ILD_atlas_v1	cell_type	Club & AT1	MGST1	-0.164657710330455	96.7741935483871	0.870181773594055
Lung	BI_PF_ILD_atlas_v1	cell_type	Club & AT1	MACROD2	1.19175759242716	81.2903225806452	0.867715607260194
Lung	BI_PF_ILD_atlas_v1	cell_type	Club & AT1	LMO7	0.969526603789889	83.5483870967742	0.866821873100551
Lung	BI_PF_ILD_atlas_v1	cell_type	Club & AT1	AQP4	1.07997579769197	79.0322580645161	0.865979336172529
Lung	BI_PF_ILD_atlas_v1	cell_type	Club & AT1	NGFRAP1	0.699507408319734	87.741935483871	0.864337612516595
Lung	BI_PF_ILD_atlas_v1	cell_type	Club & AT1	CLDN18	1.89975328243148	78.3870967741935	0.863004191919689
Lung	BI_PF_ILD_atlas_v1	cell_type	Club & AT1	CLDN4	0.197000785351188	84.5161290322581	0.862983513084587
Lung	BI_PF_ILD_atlas_v1	cell_type	Club & AT1	BCAM	0.613951555805074	80.3225806451613	0.858482334092808
Lung	BI_PF_ILD_atlas_v1	cell_type	Club & AT1	NEDD4L	0.106925388972874	84.8387096774194	0.858391108041377
Lung	BI_PF_ILD_atlas_v1	cell_type	Club & AT1	SLC39A8	0.56476441816617	84.8387096774194	0.856988345904525
Lung	BI_PF_ILD_atlas_v1	cell_type	Club & AT1	AK1	0.860045115590413	81.2903225806452	0.856281857194531
Lung	BI_PF_ILD_atlas_v1	cell_type	Club & AT1	NAPSA	-1.13282508323195	85.8064516129032	0.85544284164548
Lung	BI_PF_ILD_atlas_v1	cell_type	Club & AT1	CYP4B1	0.488011962445275	80.6451612903226	0.855022518498061
Lung	BI_PF_ILD_atlas_v1	cell_type	Club & AT1	CXCL17	-0.134472068185669	85.4838709677419	0.854889750761096
Lung	BI_PF_ILD_atlas_v1	cell_type	Club & AT1	ATP1B1	0.191165511369745	91.2903225806452	0.854002057156323
Lung	BI_PF_ILD_atlas_v1	cell_type	Club & AT1	DHCR24	0.439563187785462	84.1935483870968	0.849696560147527
Lung	BI_PF_ILD_atlas_v1	cell_type	Club & AT1	FOLR1	0.223555950199027	80.9677419354839	0.849015733264448
Lung	BI_PF_ILD_atlas_v1	cell_type	Club & AT1	NKX2-1	1.07169408057833	77.4193548387097	0.848867148563739
Lung	BI_PF_ILD_atlas_v1	cell_type	Club & AT1	SEPP1	0.09409075966248	87.741935483871	0.847831140069848
Lung	BI_PF_ILD_atlas_v1	cell_type	Club & AT1	C16orf89	0.668541765469211	79.6774193548387	0.846996086585528
Lung	BI_PF_ILD_atlas_v1	cell_type	Club & AT1	SFTPD	-0.160352975603958	81.2903225806452	0.846763861536893
Lung	BI_PF_ILD_atlas_v1	cell_type	Club & AT1	KRT7	0.062678574623753	79.3548387096774	0.846232991302154
Lung	BI_PF_ILD_atlas_v1	cell_type	Club & AT1	SFTPA2	-0.449654153387176	83.5483870967742	0.843485176772453
Lung	BI_PF_ILD_atlas_v1	cell_type	Club & AT1	SFTPA1	-0.817312261824334	84.1935483870968	0.843004173782853
Lung	BI_PF_ILD_atlas_v1	cell_type	Club & AT1	WFDC2	-1.77461964039041	87.0967741935484	0.842074465145178
Lung	BI_PF_ILD_atlas_v1	cell_type	Club & AT1	MALL	0.643687328465011	77.4193548387097	0.839820209916626
Lung	BI_PF_ILD_atlas_v1	cell_type	Club & AT1	ATP1A1	-0.301596146746341	94.5161290322581	0.838032929637787
Lung	BI_PF_ILD_atlas_v1	cell_type	Club & AT1	AGR3	-0.720068517262985	81.6129032258064	0.837394238603548
Lung	BI_PF_ILD_atlas_v1	cell_type	Club & AT1	IFT57	0.136331475499757	81.6129032258064	0.83008378268086
Lung	BI_PF_ILD_atlas_v1	cell_type	Dendritic	HLA-DPB1	2.59145873690903	99.2567151937667	0.892754332186059
Lung	BI_PF_ILD_atlas_v1	cell_type	Dendritic	HLA-DPA1	2.23328600821694	98.7902399015788	0.858289757192286
Lung	BI_PF_ILD_atlas_v1	cell_type	Dendritic	HLA-DRA	1.93919522080485	99.7898298134099	0.855093985917317
Lung	BI_PF_ILD_atlas_v1	cell_type	Dendritic	GPR183	3.12107789044869	85.7340578224318	0.85434230935858
Lung	BI_PF_ILD_atlas_v1	cell_type	Dendritic	HLA-DQA1	2.53925776246557	94.7149887225754	0.85325812628952
Lung	BI_PF_ILD_atlas_v1	cell_type	Dendritic	HLA-DQB1	2.18109460040754	96.3092064793931	0.84299990934582
Lung	BI_PF_ILD_atlas_v1	cell_type	Dendritic	CSF2RA	3.5882213125809	81.8741029321304	0.836087943775154
Lung	BI_PF_ILD_atlas_v1	cell_type	Dendritic	CD74	1.88635336780575	99.8769735493131	0.831672189012404
Lung	BI_PF_ILD_atlas_v1	cell_type	Dendritic	HLA-DRB1	1.84532206373496	99.4207504613492	0.830473604914986
Lung	BI_PF_ILD_atlas_v1	cell_type	Dendritic	RGS1	2.7672267263341	82.3508304285421	0.827507676316518
Lung	BI_PF_ILD_atlas_v1	cell_type	Dendritic	SRGN	1.3766273510278	98.7799876973549	0.795446538921834
Lung	BI_PF_ILD_atlas_v1	cell_type	Dendritic	MS4A6A	2.31774453084105	77.5322944433053	0.783806054305415
Lung	BI_PF_ILD_atlas_v1	cell_type	Dendritic	AREG	2.39632842348077	81.5921673159729	0.779653956707523
Lung	BI_PF_ILD_atlas_v1	cell_type	Dendritic	RGS2	2.06409600551996	78.2191921263072	0.773846641143233
Lung	BI_PF_ILD_atlas_v1	cell_type	Dendritic	CD86	2.40451017378226	73.5185564896453	0.757812310966618
Lung	BI_PF_ILD_atlas_v1	cell_type	Dendritic	RGS10	1.93340730636864	77.4092679926184	0.756871132855097
Lung	BI_PF_ILD_atlas_v1	cell_type	Dendritic	HLA-DMB	1.6331012443183	79.2239081402502	0.755425564113172
Lung	BI_PF_ILD_atlas_v1	cell_type	Dendritic	RNASE6	2.54838081766842	65.1578839450482	0.750442130650897
Lung	BI_PF_ILD_atlas_v1	cell_type	Dendritic	REL	1.78865310371475	85.0676645478778	0.749220133696698
Lung	BI_PF_ILD_atlas_v1	cell_type	Dendritic	CXCR4	1.68619428199182	80.6182079147017	0.748258480655805
Lung	BI_PF_ILD_atlas_v1	cell_type	Dendritic	SERPINB9	2.64424827393085	64.2351855648965	0.742658536385798
Lung	BI_PF_ILD_atlas_v1	cell_type	Dendritic	NR4A3	2.70215431636336	62.6973549313102	0.738015614307296
Lung	BI_PF_ILD_atlas_v1	cell_type	Dendritic	RAB31	1.51509345084509	86.7746565511585	0.731207726828056
Lung	BI_PF_ILD_atlas_v1	cell_type	Dendritic	CST3	1.50650826632348	96.9961041623949	0.729271870054035
Lung	BI_PF_ILD_atlas_v1	cell_type	Dendritic	FGL2	2.24111802982543	58.4375640762764	0.727562195367475
Lung	BI_PF_ILD_atlas_v1	cell_type	Dendritic	GNA13	2.03178176411285	72.0319868771786	0.727032046428127
Lung	BI_PF_ILD_atlas_v1	cell_type	Dendritic	CLEC7A	1.63655789062128	76.7633791265122	0.726120738461836
Lung	BI_PF_ILD_atlas_v1	cell_type	Dendritic	COTL1	1.21384830564075	88.2355956530654	0.724558023241565
Lung	BI_PF_ILD_atlas_v1	cell_type	Dendritic	CLEC10A	4.34248693877186	47.8162805003076	0.723737445872655
Lung	BI_PF_ILD_atlas_v1	cell_type	Dendritic	SIPA1L1	2.37123478839061	73.8209965142506	0.723256384322292
Lung	BI_PF_ILD_atlas_v1	cell_type	Dendritic	CD83	2.01712196768156	75.6305105597703	0.723040429685019
Lung	BI_PF_ILD_atlas_v1	cell_type	Dendritic	HERPUD1	1.60787007284034	80.5669468935821	0.719137863533956
Lung	BI_PF_ILD_atlas_v1	cell_type	Dendritic	HLA-DRB5	1.59536755559709	80.356776706992	0.717772165145756
Lung	BI_PF_ILD_atlas_v1	cell_type	Dendritic	LDLRAD4	2.17408124096313	66.8443715398811	0.717545579520546
Lung	BI_PF_ILD_atlas_v1	cell_type	Dendritic	ATP1B3	1.7142599215219	88.6559360262456	0.714056983034766
Lung	BI_PF_ILD_atlas_v1	cell_type	Dendritic	LST1	1.12776752036707	83.5247078121796	0.71363637240053
Lung	BI_PF_ILD_atlas_v1	cell_type	Dendritic	SGK1	1.69958348584092	76.4660652040189	0.712800465993917
Lung	BI_PF_ILD_atlas_v1	cell_type	Dendritic	AIF1	1.12055932436186	86.2159114209555	0.710834542174555
Lung	BI_PF_ILD_atlas_v1	cell_type	Dendritic	STK17B	1.55946662806204	80.361902809104	0.709703105937945
Lung	BI_PF_ILD_atlas_v1	cell_type	Dendritic	SLC8A1	2.26991566009124	71.319458683617	0.709589421316814
Lung	BI_PF_ILD_atlas_v1	cell_type	Dendritic	TET2	2.06401833017422	66.5316793110519	0.709247174762831
Lung	BI_PF_ILD_atlas_v1	cell_type	Dendritic	SEC14L1	1.52586089463602	71.1759278244823	0.708879597106105
Lung	BI_PF_ILD_atlas_v1	cell_type	Dendritic	ENTPD1	2.73441973926798	53.8650809924134	0.708135080017689
Lung	BI_PF_ILD_atlas_v1	cell_type	Dendritic	CPVL	2.1817365887107	62.9280295263482	0.707915860276619
Lung	BI_PF_ILD_atlas_v1	cell_type	Dendritic	NLRP3	2.43676345781803	56.802337502563	0.707465908912461
Lung	BI_PF_ILD_atlas_v1	cell_type	Dendritic	FCGR2B	2.91373435095592	49.892351855649	0.707150429543319
Lung	BI_PF_ILD_atlas_v1	cell_type	Dendritic	SAMSN1	1.45017653243034	79.4187000205044	0.705814868014809
Lung	BI_PF_ILD_atlas_v1	cell_type	Dendritic	RALA	2.00773710127011	67.3262251384048	0.705761883826807
Lung	BI_PF_ILD_atlas_v1	cell_type	Dendritic	MAP2K1	1.80843055337914	77.1324584785729	0.702499282890197
Lung	BI_PF_ILD_atlas_v1	cell_type	Dendritic	LSP1	1.58402051482004	68.1361492720935	0.701208285913708
Lung	BI_PF_ILD_atlas_v1	cell_type	Ionocyte	CD24	1.90228081186431	94.2028985507246	0.951210572133246
Lung	BI_PF_ILD_atlas_v1	cell_type	Ionocyte	EPCAM	1.3226904498507	95.6521739130435	0.948513578912521
Lung	BI_PF_ILD_atlas_v1	cell_type	Ionocyte	KRT8	0.318032548843571	97.1014492753623	0.941373024042295
Lung	BI_PF_ILD_atlas_v1	cell_type	Ionocyte	KRT18	0.492574500517049	95.6521739130435	0.937753796423307
Lung	BI_PF_ILD_atlas_v1	cell_type	Ionocyte	KRT7	0.859456431573474	94.2028985507246	0.935425945595271
Lung	BI_PF_ILD_atlas_v1	cell_type	Ionocyte	HEPACAM2	5.51559561377547	86.9565217391304	0.934696931674865
Lung	BI_PF_ILD_atlas_v1	cell_type	Ionocyte	CD9	-0.133887300292031	100.0	0.930261945559685
Lung	BI_PF_ILD_atlas_v1	cell_type	Ionocyte	PERP	0.274441745769405	94.2028985507246	0.922281315429026
Lung	BI_PF_ILD_atlas_v1	cell_type	Ionocyte	SEC11C	1.29730138192637	92.7536231884058	0.917564079832746
Lung	BI_PF_ILD_atlas_v1	cell_type	Ionocyte	TFF3	0.882842365206838	86.9565217391304	0.915194305173335
Lung	BI_PF_ILD_atlas_v1	cell_type	Ionocyte	TFCP2L1	1.34342307417173	88.4057971014493	0.910615188212449
Lung	BI_PF_ILD_atlas_v1	cell_type	Ionocyte	GOLM1	2.03982534529223	85.5072463768116	0.90746723872497
Lung	BI_PF_ILD_atlas_v1	cell_type	Ionocyte	ASCL3	6.56688299260447	79.7101449275362	0.898531176706477
Lung	BI_PF_ILD_atlas_v1	cell_type	Ionocyte	FOXI1	5.56571784008923	78.2608695652174	0.891203700213358
Lung	BI_PF_ILD_atlas_v1	cell_type	Ionocyte	ATP1B1	0.311713022020199	94.2028985507246	0.890691551623995
Lung	BI_PF_ILD_atlas_v1	cell_type	Ionocyte	ELF3	-0.192915468685413	91.304347826087	0.888058043462386
Lung	BI_PF_ILD_atlas_v1	cell_type	Ionocyte	HMGB3	1.59228438425423	82.6086956521739	0.887842585515916
Lung	BI_PF_ILD_atlas_v1	cell_type	Ionocyte	SYNE2	-0.0199959327084409	88.4057971014493	0.887605730997602
Lung	BI_PF_ILD_atlas_v1	cell_type	Ionocyte	CFTR	4.22541460140046	78.2608695652174	0.88241721506108
Lung	BI_PF_ILD_atlas_v1	cell_type	Ionocyte	ATP6V0B	-0.632722266212959	94.2028985507246	0.874937096363941
Lung	BI_PF_ILD_atlas_v1	cell_type	Ionocyte	TPD52	0.929307060559516	81.1594202898551	0.869957722830709
Lung	BI_PF_ILD_atlas_v1	cell_type	Ionocyte	CLCNKB	4.98494309669108	73.9130434782609	0.869402300014253
Lung	BI_PF_ILD_atlas_v1	cell_type	Ionocyte	H3F3B	-1.48611519633018	100.0	0.867619773318043
Lung	BI_PF_ILD_atlas_v1	cell_type	Ionocyte	CNN3	-0.334796230780604	85.5072463768116	0.866827333834114
Lung	BI_PF_ILD_atlas_v1	cell_type	Ionocyte	ATP1A1	-0.453295813505713	98.5507246376812	0.865435388769579
Lung	BI_PF_ILD_atlas_v1	cell_type	Ionocyte	SOX4	0.153944262114369	84.0579710144928	0.865170764568908
Lung	BI_PF_ILD_atlas_v1	cell_type	Ionocyte	BIK	2.28246692599073	72.463768115942	0.851787666386282
Lung	BI_PF_ILD_atlas_v1	cell_type	Ionocyte	CLNK	2.33021797307895	71.0144927536232	0.848686339532307
Lung	BI_PF_ILD_atlas_v1	cell_type	Ionocyte	SPINT2	-0.683918810065907	89.8550724637681	0.848296983818388
Lung	BI_PF_ILD_atlas_v1	cell_type	Ionocyte	TMPRSS11E	5.89593275732266	69.5652173913043	0.847354154303363
Lung	BI_PF_ILD_atlas_v1	cell_type	Ionocyte	MARCKSL1	0.340958339162399	78.2608695652174	0.845484833106957
Lung	BI_PF_ILD_atlas_v1	cell_type	Ionocyte	STAP1	3.19047648448073	69.5652173913043	0.843219542474298
Lung	BI_PF_ILD_atlas_v1	cell_type	Ionocyte	CLDN4	-0.0210983770855444	81.1594202898551	0.842363839611064
Lung	BI_PF_ILD_atlas_v1	cell_type	Ionocyte	CD2AP	-0.00762758204685188	79.7101449275362	0.841363532794706
Lung	BI_PF_ILD_atlas_v1	cell_type	Ionocyte	ID3	-0.223483907483378	82.6086956521739	0.84080458925549
Lung	BI_PF_ILD_atlas_v1	cell_type	Ionocyte	PLPP2	0.528357047936066	75.3623188405797	0.840771772562261
Lung	BI_PF_ILD_atlas_v1	cell_type	Ionocyte	RASSF6	2.5758167855295	69.5652173913043	0.838178440833815
Lung	BI_PF_ILD_atlas_v1	cell_type	Ionocyte	TACSTD2	-0.867548423484781	79.7101449275362	0.837188951426039
Lung	BI_PF_ILD_atlas_v1	cell_type	Ionocyte	RARRES2	0.886585384828825	75.3623188405797	0.83709137178056
Lung	BI_PF_ILD_atlas_v1	cell_type	Ionocyte	EGFR	0.83826576580019	73.9130434782609	0.833857502276441
Lung	BI_PF_ILD_atlas_v1	cell_type	Ionocyte	DSP	1.45866563526749	72.463768115942	0.831441691928419
Lung	BI_PF_ILD_atlas_v1	cell_type	Ionocyte	NCALD	0.0325634294048101	72.463768115942	0.831194488893064
Lung	BI_PF_ILD_atlas_v1	cell_type	Ionocyte	SCNN1B	1.88667329042996	68.1159420289855	0.830252079283005
Lung	BI_PF_ILD_atlas_v1	cell_type	Ionocyte	AQP3	-0.786768481260837	85.5072463768116	0.828905229915264
Lung	BI_PF_ILD_atlas_v1	cell_type	Ionocyte	ST14	0.0495114608813267	76.8115942028985	0.827510441508268
Lung	BI_PF_ILD_atlas_v1	cell_type	Ionocyte	HES6	3.33209798927891	66.6666666666667	0.824238535562987
Lung	BI_PF_ILD_atlas_v1	cell_type	Ionocyte	PDE1C	3.10121525752273	65.2173913043478	0.822000667035008
Lung	BI_PF_ILD_atlas_v1	cell_type	Ionocyte	KIT	2.50119520674373	65.2173913043478	0.820850157298918
Lung	BI_PF_ILD_atlas_v1	cell_type	Ionocyte	PACRG	0.241910314123782	68.1159420289855	0.818257197610759
Lung	BI_PF_ILD_atlas_v1	cell_type	Ionocyte	BPIFA2	5.73223819839521	63.768115942029	0.817726975893757
Lung	BI_PF_ILD_atlas_v1	cell_type	Lymphatic	CCL21	9.66068100443622	96.4081906680094	0.98138601093835
Lung	BI_PF_ILD_atlas_v1	cell_type	Lymphatic	TFF3	3.78297838195907	93.9241356159785	0.960335368728763
Lung	BI_PF_ILD_atlas_v1	cell_type	Lymphatic	PPFIBP1	3.46766332110161	93.0849278281302	0.949902088992386
Lung	BI_PF_ILD_atlas_v1	cell_type	Lymphatic	GNG11	3.00686579573191	93.7562940584089	0.949366975835562
Lung	BI_PF_ILD_atlas_v1	cell_type	Lymphatic	MMRN1	5.14998749361146	89.2581403155421	0.942949501660751
Lung	BI_PF_ILD_atlas_v1	cell_type	Lymphatic	IGFBP7	1.51220384570106	97.9523329976502	0.933993214910324
Lung	BI_PF_ILD_atlas_v1	cell_type	Lymphatic	SDPR	2.95973423735675	87.4790198053038	0.916997366435907
Lung	BI_PF_ILD_atlas_v1	cell_type	Lymphatic	TFPI	1.97682507587561	92.4135615978516	0.906895277289074
Lung	BI_PF_ILD_atlas_v1	cell_type	Lymphatic	CLDN5	2.06897145792919	82.6451829472977	0.894567234962652
Lung	BI_PF_ILD_atlas_v1	cell_type	Lymphatic	TIMP3	1.01787856701008	88.5867740852635	0.892546284693054
Lung	BI_PF_ILD_atlas_v1	cell_type	Lymphatic	AKAP12	2.942265750439	83.4508224236321	0.888979012210433
Lung	BI_PF_ILD_atlas_v1	cell_type	Lymphatic	APP	1.14085878267632	93.5884525008392	0.881889058193584
Lung	BI_PF_ILD_atlas_v1	cell_type	Lymphatic	RAMP2	2.04712453450625	78.147029204431	0.869339888654317
Lung	BI_PF_ILD_atlas_v1	cell_type	Lymphatic	PKHD1L1	5.00543222012792	72.1383014434374	0.857180053528047
Lung	BI_PF_ILD_atlas_v1	cell_type	Lymphatic	SNCG	4.13694460112407	72.6082578046324	0.854324685837367
Lung	BI_PF_ILD_atlas_v1	cell_type	Lymphatic	CNN3	1.27995567780911	81.9738167170191	0.849832316261427
Lung	BI_PF_ILD_atlas_v1	cell_type	Lymphatic	TM4SF1	0.534770205486872	82.0073850285331	0.84589551867059
Lung	BI_PF_ILD_atlas_v1	cell_type	Lymphatic	LDB2	2.20630073612533	72.9103726082578	0.841824713132972
Lung	BI_PF_ILD_atlas_v1	cell_type	Lymphatic	SPTBN1	0.725489449782872	83.3165491775764	0.829999058318896
Lung	BI_PF_ILD_atlas_v1	cell_type	Lymphatic	CLU	0.542240764910075	82.9808660624371	0.828110821556562
Lung	BI_PF_ILD_atlas_v1	cell_type	Lymphatic	TSHZ2	2.29028615323155	72.306143001007	0.827378938987123
Lung	BI_PF_ILD_atlas_v1	cell_type	Lymphatic	CALD1	0.115259933709187	79.7918764686136	0.822124638602366
Lung	BI_PF_ILD_atlas_v1	cell_type	Lymphatic	CAV1	0.537130470632943	77.3413897280967	0.821664996051985
Lung	BI_PF_ILD_atlas_v1	cell_type	Lymphatic	PCAT19	2.32897031445094	67.5730110775428	0.82157842360307
Lung	BI_PF_ILD_atlas_v1	cell_type	Lymphatic	NNMT	0.559894659220219	79.4897616649883	0.816634872630805
Lung	BI_PF_ILD_atlas_v1	cell_type	Lymphatic	CRIP2	0.895369607446804	74.756629741524	0.815998742548657
Lung	BI_PF_ILD_atlas_v1	cell_type	Lymphatic	HYAL2	1.68476926265305	70.3591809331991	0.814368477353764
Lung	BI_PF_ILD_atlas_v1	cell_type	Lymphatic	SEMA3A	4.24038260807052	64.7532729103726	0.814194822986509
Lung	BI_PF_ILD_atlas_v1	cell_type	Lymphatic	TCF4	0.629738557149814	79.4897616649883	0.805328771322294
Lung	BI_PF_ILD_atlas_v1	cell_type	Lymphatic	NFIB	0.905444290935548	73.3803289694528	0.799654475700006
Lung	BI_PF_ILD_atlas_v1	cell_type	Lymphatic	KALRN	3.44386291327337	62.6720375965089	0.799330488258674
Lung	BI_PF_ILD_atlas_v1	cell_type	Lymphatic	EGFL7	1.71558780644249	65.055387713998	0.796976899909631
Lung	BI_PF_ILD_atlas_v1	cell_type	Lymphatic	CD59	0.10103767185827	90.3323262839879	0.796295259625517
Lung	BI_PF_ILD_atlas_v1	cell_type	Lymphatic	PDPN	2.76269108676001	63.5448136958711	0.795285215910302
Lung	BI_PF_ILD_atlas_v1	cell_type	Lymphatic	ARHGAP29	1.61405327141982	65.558912386707	0.793816757694174
Lung	BI_PF_ILD_atlas_v1	cell_type	Lymphatic	CNKSR3	2.17854072715049	63.7797918764686	0.79297691092776
Lung	BI_PF_ILD_atlas_v1	cell_type	Lymphatic	TBX1	4.12589940872627	59.7851628063108	0.792515608523077
Lung	BI_PF_ILD_atlas_v1	cell_type	Lymphatic	LAMA4	2.27046897611838	63.3098355152736	0.791689101279249
Lung	BI_PF_ILD_atlas_v1	cell_type	Lymphatic	IFITM3	-0.102980363136673	93.0513595166163	0.790958785642418
Lung	BI_PF_ILD_atlas_v1	cell_type	Lymphatic	LHFP	1.23476777232111	67.1701913393756	0.790894529403803
Lung	BI_PF_ILD_atlas_v1	cell_type	Lymphatic	ELK3	1.3426084280362	70.1913393756294	0.789641772968641
Lung	BI_PF_ILD_atlas_v1	cell_type	Lymphatic	PROX1	5.41853354521264	57.30110775428	0.784840146223089
Lung	BI_PF_ILD_atlas_v1	cell_type	Lymphatic	RAB11A	0.536678302529196	80.1275595837529	0.776735159459599
Lung	BI_PF_ILD_atlas_v1	cell_type	Lymphatic	CXorf36	2.78755449824273	56.6968781470292	0.775132717451389
Lung	BI_PF_ILD_atlas_v1	cell_type	Lymphatic	TGFBR2	0.524525788762086	80.4296743873783	0.773885732308717
Lung	BI_PF_ILD_atlas_v1	cell_type	Lymphatic	PRSS23	0.520671894685077	64.7532729103726	0.7723472546305
Lung	BI_PF_ILD_atlas_v1	cell_type	Lymphatic	KANK3	2.93287594665043	56.6968781470292	0.771983060494324
Lung	BI_PF_ILD_atlas_v1	cell_type	Lymphatic	GPM6A	3.41272874689409	56.1597851628063	0.771885137364373
Lung	BI_PF_ILD_atlas_v1	cell_type	Lymphatic	IGFBP4	-0.0788698191253605	70.3256126216851	0.770705270392324
Lung	BI_PF_ILD_atlas_v1	cell_type	Lymphatic	GYPC	0.828853245206168	78.8183954347096	0.770310828528441
Lung	BI_PF_ILD_atlas_v1	cell_type	Macrophage	CTSB	3.85503705537155	98.4706648486945	0.83168053490887
Lung	BI_PF_ILD_atlas_v1	cell_type	Macrophage	CTSL	4.38202984852657	84.956958831071	0.78147581324284
Lung	BI_PF_ILD_atlas_v1	cell_type	Macrophage	PSAP	3.33232926113248	98.46455971835	0.769979840499956
Lung	BI_PF_ILD_atlas_v1	cell_type	Macrophage	GPNMB	4.46684089801151	78.2016321048454	0.762718798408176
Lung	BI_PF_ILD_atlas_v1	cell_type	Macrophage	FCER1G	3.04694689721653	96.4966727039622	0.759227292559551
Lung	BI_PF_ILD_atlas_v1	cell_type	Macrophage	PLAUR	3.15794594172739	85.323266651743	0.755011239131783
Lung	BI_PF_ILD_atlas_v1	cell_type	Macrophage	LGALS1	3.14584139926906	97.0532570870388	0.752328145047246
Lung	BI_PF_ILD_atlas_v1	cell_type	Macrophage	FTL	3.35636411602321	99.9928773479314	0.748630599201929
Lung	BI_PF_ILD_atlas_v1	cell_type	Macrophage	TYROBP	2.80336129476961	98.1959339831905	0.743001836335274
Lung	BI_PF_ILD_atlas_v1	cell_type	Macrophage	LAPTM5	2.93263886794458	95.6857078898635	0.739389566485009
Lung	BI_PF_ILD_atlas_v1	cell_type	Macrophage	ABCA1	3.47207586691855	64.0916583569059	0.729483918968946
Lung	BI_PF_ILD_atlas_v1	cell_type	Macrophage	ITGAX	3.2312897153942	68.973727589084	0.728968130115325
Lung	BI_PF_ILD_atlas_v1	cell_type	Macrophage	SLC16A10	3.35413831223359	67.5970206963919	0.727665927144711
Lung	BI_PF_ILD_atlas_v1	cell_type	Macrophage	ZEB2	2.57886751630462	89.8125724984228	0.725780906193926
Lung	BI_PF_ILD_atlas_v1	cell_type	Macrophage	CSTB	3.57454483441952	93.9722013064979	0.724141241345854
Lung	BI_PF_ILD_atlas_v1	cell_type	Macrophage	CTSZ	3.55279702096958	83.7735810659558	0.723388264850608
Lung	BI_PF_ILD_atlas_v1	cell_type	Macrophage	ATP6V1F	3.15867225345704	88.5304951260709	0.723014519437752
Lung	BI_PF_ILD_atlas_v1	cell_type	Macrophage	EMP3	3.30774237509085	87.8884389181709	0.720944759978648
Lung	BI_PF_ILD_atlas_v1	cell_type	Macrophage	SRGN	2.50141440097642	97.3849691690918	0.720429104868372
Lung	BI_PF_ILD_atlas_v1	cell_type	Macrophage	GK	2.85066170839781	74.7522334601844	0.719547323970616
Lung	BI_PF_ILD_atlas_v1	cell_type	Macrophage	ACP5	3.38835173731379	80.3862512464641	0.718320464483543
Lung	BI_PF_ILD_atlas_v1	cell_type	Macrophage	CAPG	3.30937800843181	82.4538553898126	0.717766578195765
Lung	BI_PF_ILD_atlas_v1	cell_type	Macrophage	CD14	3.65105215845364	62.167524776654	0.714050268437242
Lung	BI_PF_ILD_atlas_v1	cell_type	Macrophage	C5AR1	2.8816555846843	76.3273570890739	0.713147445616871
Lung	BI_PF_ILD_atlas_v1	cell_type	Macrophage	GPR183	2.95395646689783	59.3784977309266	0.712746553980505
Lung	BI_PF_ILD_atlas_v1	cell_type	Macrophage	MS4A4A	3.68302691063889	66.8450721422902	0.71237840916133
Lung	BI_PF_ILD_atlas_v1	cell_type	Macrophage	MRC1	2.91535131448311	79.6363377358107	0.711890523603968
Lung	BI_PF_ILD_atlas_v1	cell_type	Macrophage	RNF130	3.07208820608654	81.0211848022955	0.711609229550778
Lung	BI_PF_ILD_atlas_v1	cell_type	Macrophage	SPP1	7.76995723029438	47.3615661694377	0.711246880785711
Lung	BI_PF_ILD_atlas_v1	cell_type	Macrophage	C15orf48	3.73953298353818	55.5261604835263	0.710890465225259
Lung	BI_PF_ILD_atlas_v1	cell_type	Macrophage	HIF1A	2.57820903227906	78.3817334500092	0.710142992917311
Lung	BI_PF_ILD_atlas_v1	cell_type	Macrophage	SDC2	3.92917688781032	59.991045808828	0.708948445563901
Lung	BI_PF_ILD_atlas_v1	cell_type	Macrophage	CTSS	2.97883342142654	91.3469952583488	0.707510396614107
Lung	BI_PF_ILD_atlas_v1	cell_type	Macrophage	FPR3	4.29108732615796	50.7997720751338	0.705234168319215
Lung	BI_PF_ILD_atlas_v1	cell_type	Macrophage	APOE	4.42181099468213	75.2498015832638	0.705156995134931
Lung	BI_PF_ILD_atlas_v1	cell_type	Macrophage	H2AFY	3.09030771965889	83.2638026821873	0.704700533026286
Lung	BI_PF_ILD_atlas_v1	cell_type	Macrophage	AP2S1	3.11144342607646	83.9058588900873	0.704263461773023
Lung	BI_PF_ILD_atlas_v1	cell_type	Macrophage	CD44	2.69059705753648	91.957508292802	0.703963132625744
Lung	BI_PF_ILD_atlas_v1	cell_type	Macrophage	LIMS1	2.87443152978443	83.1610329880543	0.703951760523838
Lung	BI_PF_ILD_atlas_v1	cell_type	Macrophage	S100A9	2.23382854885672	81.0283074543641	0.703734457025746
Lung	BI_PF_ILD_atlas_v1	cell_type	Macrophage	MGAT1	3.00092856049333	76.397566088036	0.703206117709039
Lung	BI_PF_ILD_atlas_v1	cell_type	Macrophage	SGK1	3.1242267157648	71.2621339465598	0.701216456716327
Lung	BI_PF_ILD_atlas_v1	cell_type	Macrophage	SLC11A1	2.80849311214836	81.2796353202141	0.700817221940818
Lung	BI_PF_ILD_atlas_v1	cell_type	Macrophage	MARCO	2.98276384910495	75.561163230835	0.70028177351094
Lung	BI_PF_ILD_atlas_v1	cell_type	Macrophage	AIF1	2.69433042537522	83.1630680315025	0.700086192787863
Lung	BI_PF_ILD_atlas_v1	cell_type	Macrophage	MPP1	3.53462374966612	60.1660595453713	0.699967473088006
Lung	BI_PF_ILD_atlas_v1	cell_type	Macrophage	NPC2	2.49120722828776	96.4905675736177	0.699565518365585
Lung	BI_PF_ILD_atlas_v1	cell_type	Macrophage	PLA2G7	5.85704635326792	44.1309346954557	0.698996191499851
Lung	BI_PF_ILD_atlas_v1	cell_type	Macrophage	FNIP2	3.1851858881001	63.2094670221209	0.694179540925266
Lung	BI_PF_ILD_atlas_v1	cell_type	Macrophage	GLUL	2.88314842278354	92.9292415393069	0.693120175099954
Lung	BI_PF_ILD_atlas_v1	cell_type	Macrophage FABP4+	C1QA	4.90689299810543	98.9946357299945	0.930360042446337
Lung	BI_PF_ILD_atlas_v1	cell_type	Macrophage FABP4+	FABP4	6.59519544499506	88.5372182594631	0.919553268504156
Lung	BI_PF_ILD_atlas_v1	cell_type	Macrophage FABP4+	C1QB	4.92196294344117	97.5785149931928	0.918447554824455
Lung	BI_PF_ILD_atlas_v1	cell_type	Macrophage FABP4+	APOC1	4.06046528798053	99.3297571533297	0.900532192324517
Lung	BI_PF_ILD_atlas_v1	cell_type	Macrophage FABP4+	MSR1	4.50395011619043	93.7699996509152	0.896605880104257
Lung	BI_PF_ILD_atlas_v1	cell_type	Macrophage FABP4+	C1QC	4.36401333580554	93.6187295639931	0.882797675535498
Lung	BI_PF_ILD_atlas_v1	cell_type	Macrophage FABP4+	MARCO	4.35579336321943	94.2505730809062	0.878009016109463
Lung	BI_PF_ILD_atlas_v1	cell_type	Macrophage FABP4+	CD52	4.35829575184479	95.2780460559234	0.87606247133039
Lung	BI_PF_ILD_atlas_v1	cell_type	Macrophage FABP4+	MCEMP1	5.26675695160946	85.1685497853128	0.87135500901957
Lung	BI_PF_ILD_atlas_v1	cell_type	Macrophage FABP4+	ALOX5AP	4.52093096988305	92.7041273461409	0.863326443848778
Lung	BI_PF_ILD_atlas_v1	cell_type	Macrophage FABP4+	GRN	3.84076565197792	96.3927902349341	0.857878368197801
Lung	BI_PF_ILD_atlas_v1	cell_type	Macrophage FABP4+	PPARG	4.76082997574856	84.6903035874283	0.85477321962525
Lung	BI_PF_ILD_atlas_v1	cell_type	Macrophage FABP4+	SERPINA1	3.79122986526718	93.9701416120737	0.852304257319795
Lung	BI_PF_ILD_atlas_v1	cell_type	Macrophage FABP4+	ACP5	3.80664687426576	93.3604068001722	0.851958369575608
Lung	BI_PF_ILD_atlas_v1	cell_type	Macrophage FABP4+	OLR1	3.87962812724383	91.9815217770744	0.845696552423204
Lung	BI_PF_ILD_atlas_v1	cell_type	Macrophage FABP4+	FTL	3.48590892362325	100.0	0.844036247364045
Lung	BI_PF_ILD_atlas_v1	cell_type	Macrophage FABP4+	FBP1	4.45501727154939	89.5100012799777	0.841489810930141
Lung	BI_PF_ILD_atlas_v1	cell_type	Macrophage FABP4+	CD74	3.26074073061312	99.9034198675805	0.840992515451192
Lung	BI_PF_ILD_atlas_v1	cell_type	Macrophage FABP4+	TREM1	4.57482641314545	82.1722384482016	0.839745424932405
Lung	BI_PF_ILD_atlas_v1	cell_type	Macrophage FABP4+	TYROBP	3.57859241370452	99.1459058169167	0.838587591730335
Lung	BI_PF_ILD_atlas_v1	cell_type	Macrophage FABP4+	HLA-DRA	3.35785224903177	99.7381863880194	0.837337190468839
Lung	BI_PF_ILD_atlas_v1	cell_type	Macrophage FABP4+	MRC1	3.78834036967893	92.0245755710446	0.837277254627331
Lung	BI_PF_ILD_atlas_v1	cell_type	Macrophage FABP4+	SNX10	4.11797157020512	85.319819872235	0.834692259695842
Lung	BI_PF_ILD_atlas_v1	cell_type	Macrophage FABP4+	ALOX5	4.28116751395973	82.5655406741991	0.833759905866365
Lung	BI_PF_ILD_atlas_v1	cell_type	Macrophage FABP4+	ALDH2	4.08392796022486	90.566564656326	0.832830940937039
Lung	BI_PF_ILD_atlas_v1	cell_type	Macrophage FABP4+	VSIG4	4.15206000119225	86.2320948579807	0.832298963685269
Lung	BI_PF_ILD_atlas_v1	cell_type	Macrophage FABP4+	GLUL	3.4129857708797	97.3027379885733	0.828873144668619
Lung	BI_PF_ILD_atlas_v1	cell_type	Macrophage FABP4+	CTSC	3.92271911811834	91.442767544421	0.824444482411709
Lung	BI_PF_ILD_atlas_v1	cell_type	Macrophage FABP4+	C1orf162	3.64392322507272	88.3428943785708	0.820934700557041
Lung	BI_PF_ILD_atlas_v1	cell_type	Macrophage FABP4+	SLC11A1	3.5323780480116	91.3892412059717	0.820223269995221
Lung	BI_PF_ILD_atlas_v1	cell_type	Macrophage FABP4+	HLA-DQA1	3.316671705379	90.6352180034676	0.820023242679289
Lung	BI_PF_ILD_atlas_v1	cell_type	Macrophage FABP4+	ABCG1	4.67148107850192	75.9934372054597	0.819026185447027
Lung	BI_PF_ILD_atlas_v1	cell_type	Macrophage FABP4+	SPI1	3.74258213648042	87.5306903734044	0.817160088938182
Lung	BI_PF_ILD_atlas_v1	cell_type	Macrophage FABP4+	HLA-DPA1	3.1875910804608	97.6832404379851	0.814457677845573
Lung	BI_PF_ILD_atlas_v1	cell_type	Macrophage FABP4+	HLA-DRB1	3.34837906904783	98.3627922130814	0.814218431482897
Lung	BI_PF_ILD_atlas_v1	cell_type	Macrophage FABP4+	INHBA	6.31124483828244	66.9090866777598	0.81218362125546
Lung	BI_PF_ILD_atlas_v1	cell_type	Macrophage FABP4+	CXCL16	3.88527936525463	84.3086375219632	0.81029704763855
Lung	BI_PF_ILD_atlas_v1	cell_type	Macrophage FABP4+	CYP27A1	3.83923393662638	81.2704360069352	0.809934935434418
Lung	BI_PF_ILD_atlas_v1	cell_type	Macrophage FABP4+	TMSB4X	3.18209737895933	99.9767276789351	0.805861217003113
Lung	BI_PF_ILD_atlas_v1	cell_type	Macrophage FABP4+	GLDN	5.55813578032845	65.850196069305	0.804710010607346
Lung	BI_PF_ILD_atlas_v1	cell_type	Macrophage FABP4+	LPL	4.2673135986563	75.3767206972387	0.804109806642033
Lung	BI_PF_ILD_atlas_v1	cell_type	Macrophage FABP4+	HLA-DPB1	2.88638733169297	97.306228836733	0.800988722170854
Lung	BI_PF_ILD_atlas_v1	cell_type	Macrophage FABP4+	GLIPR2	3.63170821130873	84.8927727806933	0.797680297673233
Lung	BI_PF_ILD_atlas_v1	cell_type	Macrophage FABP4+	TCF7L2	3.8297293079944	76.4193206809481	0.795789004424464
Lung	BI_PF_ILD_atlas_v1	cell_type	Macrophage FABP4+	LAPTM5	3.05904752567853	95.5701136852884	0.794536607749258
Lung	BI_PF_ILD_atlas_v1	cell_type	Macrophage FABP4+	APOE	2.60503574430762	92.4399865020538	0.794303083948896
Lung	BI_PF_ILD_atlas_v1	cell_type	Macrophage FABP4+	FCER1G	3.22344366772939	97.1945216956213	0.79421046985042
Lung	BI_PF_ILD_atlas_v1	cell_type	Macrophage FABP4+	TSPO	3.65796744021929	93.6117478676736	0.793041217653766
Lung	BI_PF_ILD_atlas_v1	cell_type	Macrophage FABP4+	LTA4H	3.75662807810419	83.511560525489	0.789793153389705
Lung	BI_PF_ILD_atlas_v1	cell_type	Macrophage FABP4+	PSAP	2.86017725144889	98.1405415469112	0.787677151210084
Lung	BI_PF_ILD_atlas_v1	cell_type	Mesothelial	C3	3.65373246150228	98.3739837398374	0.967327296198658
Lung	BI_PF_ILD_atlas_v1	cell_type	Mesothelial	CCDC80	4.09712475384251	95.4123112659698	0.954154888897526
Lung	BI_PF_ILD_atlas_v1	cell_type	Mesothelial	MT1E	3.01150398743395	96.1672473867596	0.940090337398003
Lung	BI_PF_ILD_atlas_v1	cell_type	Mesothelial	PRG4	7.84846479728616	87.862950058072	0.9374049528502
Lung	BI_PF_ILD_atlas_v1	cell_type	Mesothelial	HP	6.42592976246974	89.2566782810685	0.936457034258157
Lung	BI_PF_ILD_atlas_v1	cell_type	Mesothelial	RARRES1	3.64266825758623	92.3344947735192	0.936254493415328
Lung	BI_PF_ILD_atlas_v1	cell_type	Mesothelial	RARRES2	3.7508045506889	92.2183507549361	0.935790023338953
Lung	BI_PF_ILD_atlas_v1	cell_type	Mesothelial	TIMP1	2.91830756272811	97.32868757259	0.930723700130727
Lung	BI_PF_ILD_atlas_v1	cell_type	Mesothelial	C1R	3.2777500532229	92.9152148664344	0.929910862850206
Lung	BI_PF_ILD_atlas_v1	cell_type	Mesothelial	C1S	2.73246419384878	91.98606271777	0.920141301110095
Lung	BI_PF_ILD_atlas_v1	cell_type	Mesothelial	PLA2G2A	3.78696562480966	85.8885017421603	0.916086163240411
Lung	BI_PF_ILD_atlas_v1	cell_type	Mesothelial	CALD1	2.06753277633614	92.9152148664344	0.908840834130301
Lung	BI_PF_ILD_atlas_v1	cell_type	Mesothelial	NNMT	2.17664871388893	91.6957026713124	0.903991351720728
Lung	BI_PF_ILD_atlas_v1	cell_type	Mesothelial	CFH	2.99607358172003	87.5725900116144	0.899945499107806
Lung	BI_PF_ILD_atlas_v1	cell_type	Mesothelial	PTGIS	3.78728012392481	80.6039488966318	0.884498040666479
Lung	BI_PF_ILD_atlas_v1	cell_type	Mesothelial	CALB2	7.02338689213511	76.945412311266	0.883810099362839
Lung	BI_PF_ILD_atlas_v1	cell_type	Mesothelial	SERPING1	1.6771752429027	95.6445993031359	0.880926181501379
Lung	BI_PF_ILD_atlas_v1	cell_type	Mesothelial	TPM2	1.85929922340996	84.0882694541231	0.880717206385205
Lung	BI_PF_ILD_atlas_v1	cell_type	Mesothelial	SLPI	1.10314244710358	91.753774680604	0.865694626195648
Lung	BI_PF_ILD_atlas_v1	cell_type	Mesothelial	MGP	0.969819214394937	87.3403019744483	0.864232622783341
Lung	BI_PF_ILD_atlas_v1	cell_type	Mesothelial	CLU	0.885428168221159	88.6178861788618	0.859479713041641
Lung	BI_PF_ILD_atlas_v1	cell_type	Mesothelial	CLDN1	3.58106223590226	75.3774680603949	0.858515438157901
Lung	BI_PF_ILD_atlas_v1	cell_type	Mesothelial	MT1M	2.21686509576858	78.7456445993031	0.858376787162299
Lung	BI_PF_ILD_atlas_v1	cell_type	Mesothelial	COL1A2	0.938996080162275	82.1138211382114	0.858153987528683
Lung	BI_PF_ILD_atlas_v1	cell_type	Mesothelial	MT2A	1.3622160496639	99.1289198606272	0.857366076454222
Lung	BI_PF_ILD_atlas_v1	cell_type	Mesothelial	EFEMP1	2.01149847571167	81.6492450638792	0.855100025175941
Lung	BI_PF_ILD_atlas_v1	cell_type	Mesothelial	KRT18	1.82154966663268	85.3077816492451	0.852449117508678
Lung	BI_PF_ILD_atlas_v1	cell_type	Mesothelial	COL1A1	0.971011374729463	80.0232288037166	0.852386072934373
Lung	BI_PF_ILD_atlas_v1	cell_type	Mesothelial	COL6A2	1.29571944229614	82.0557491289199	0.852214833675632
Lung	BI_PF_ILD_atlas_v1	cell_type	Mesothelial	KRT8	1.58502637859566	85.4239256678281	0.85210727456366
Lung	BI_PF_ILD_atlas_v1	cell_type	Mesothelial	IGFBP4	1.11931819093107	84.3205574912892	0.851075825337515
Lung	BI_PF_ILD_atlas_v1	cell_type	Mesothelial	IFITM3	0.779099026557992	95.4123112659698	0.849339261290582
Lung	BI_PF_ILD_atlas_v1	cell_type	Mesothelial	LXN	3.22129363125962	76.3646922183508	0.847262772516561
Lung	BI_PF_ILD_atlas_v1	cell_type	Mesothelial	IL1R1	2.04107101505689	82.8687572590012	0.846945527476479
Lung	BI_PF_ILD_atlas_v1	cell_type	Mesothelial	COL3A1	1.39349269753273	77.8745644599303	0.845924545849724
Lung	BI_PF_ILD_atlas_v1	cell_type	Mesothelial	TM4SF1	1.60013649210241	80.8943089430894	0.844427267467494
Lung	BI_PF_ILD_atlas_v1	cell_type	Mesothelial	OGN	3.6039487443607	73.6353077816492	0.844127142713118
Lung	BI_PF_ILD_atlas_v1	cell_type	Mesothelial	EGFL6	5.07010162811635	68.931475029036	0.836261139074929
Lung	BI_PF_ILD_atlas_v1	cell_type	Mesothelial	PDPN	3.29814340794467	71.7770034843206	0.835951803153632
Lung	BI_PF_ILD_atlas_v1	cell_type	Mesothelial	CPE	2.31558569743738	75.3193960511034	0.834689779618088
Lung	BI_PF_ILD_atlas_v1	cell_type	Mesothelial	PROCR	3.25333889832798	73.9837398373984	0.834063539879898
Lung	BI_PF_ILD_atlas_v1	cell_type	Mesothelial	MT1X	1.6519187466322	88.3275261324042	0.833789553141087
Lung	BI_PF_ILD_atlas_v1	cell_type	Mesothelial	MALAT1	0.6011927702635	100.0	0.82781796357212
Lung	BI_PF_ILD_atlas_v1	cell_type	Mesothelial	SPARC	0.794400344330775	83.6236933797909	0.826720210854021
Lung	BI_PF_ILD_atlas_v1	cell_type	Mesothelial	CFI	2.79487790849447	70.9639953542393	0.8255107419172
Lung	BI_PF_ILD_atlas_v1	cell_type	Mesothelial	SEPP1	1.94566472476586	80.0232288037166	0.823900605632473
Lung	BI_PF_ILD_atlas_v1	cell_type	Mesothelial	KRT19	0.982770117526118	79.2102206736353	0.819701443793018
Lung	BI_PF_ILD_atlas_v1	cell_type	Mesothelial	LAMA4	2.88686760285939	67.3635307781649	0.811123919837442
Lung	BI_PF_ILD_atlas_v1	cell_type	Mesothelial	ADAMTS9	2.18538631530767	66.3182346109175	0.807590292828317
Lung	BI_PF_ILD_atlas_v1	cell_type	Mesothelial	SOD2	1.0074139501187	94.4250871080139	0.805164341858323
Lung	BI_PF_ILD_atlas_v1	cell_type	Monocyte	FCN1	4.64761971625068	79.6459881996066	0.86277419803418
Lung	BI_PF_ILD_atlas_v1	cell_type	Monocyte	NAMPT	2.74936674123835	97.0365678855962	0.851787297251515
Lung	BI_PF_ILD_atlas_v1	cell_type	Monocyte	S100A8	4.64511699341363	81.8327277575919	0.812923694682079
Lung	BI_PF_ILD_atlas_v1	cell_type	Monocyte	SAMSN1	2.69366599587595	91.4463815460515	0.809474435564241
Lung	BI_PF_ILD_atlas_v1	cell_type	Monocyte	S100A9	3.96055610816213	88.8629620987366	0.803794727552491
Lung	BI_PF_ILD_atlas_v1	cell_type	Monocyte	VCAN	3.32148679658742	76.5392179739325	0.779771990587513
Lung	BI_PF_ILD_atlas_v1	cell_type	Monocyte	SRGN	1.83541858452514	98.9999666655555	0.768404461577341
Lung	BI_PF_ILD_atlas_v1	cell_type	Monocyte	TNFRSF1B	2.86947107354517	69.0256341878063	0.751429701494016
Lung	BI_PF_ILD_atlas_v1	cell_type	Monocyte	LST1	2.38254996323471	85.206173539118	0.748181281795549
Lung	BI_PF_ILD_atlas_v1	cell_type	Monocyte	THBS1	2.76023626167708	76.619220640688	0.747310986260813
Lung	BI_PF_ILD_atlas_v1	cell_type	Monocyte	C5AR1	2.33630914093391	82.9894329810994	0.74303605544607
Lung	BI_PF_ILD_atlas_v1	cell_type	Monocyte	AIF1	2.01275555438023	88.5829527650922	0.73538808585551
Lung	BI_PF_ILD_atlas_v1	cell_type	Monocyte	SIPA1L1	2.52537489350623	76.8292276409214	0.732467155648173
Lung	BI_PF_ILD_atlas_v1	cell_type	Monocyte	RNF144B	2.90002688320596	72.4857495249842	0.730417537041168
Lung	BI_PF_ILD_atlas_v1	cell_type	Monocyte	S100A12	6.45616741123936	48.0749358311944	0.729880308540567
Lung	BI_PF_ILD_atlas_v1	cell_type	Monocyte	CD300E	3.96354100477935	52.1784059468649	0.726971059120294
Lung	BI_PF_ILD_atlas_v1	cell_type	Monocyte	COTL1	2.03368751660978	88.3062768758959	0.726615704776213
Lung	BI_PF_ILD_atlas_v1	cell_type	Monocyte	RGS2	2.0581957238422	71.7023900796693	0.7229463747693
Lung	BI_PF_ILD_atlas_v1	cell_type	Monocyte	PLAUR	2.01354537840399	84.5728190939698	0.718443497233293
Lung	BI_PF_ILD_atlas_v1	cell_type	Monocyte	NLRP3	3.09067549483433	58.5152838427948	0.718147317916255
Lung	BI_PF_ILD_atlas_v1	cell_type	Monocyte	PTPRE	2.17480998654558	71.5457181906064	0.715252124959296
Lung	BI_PF_ILD_atlas_v1	cell_type	Monocyte	FPR1	2.31396355903373	67.8022600753358	0.713069632636261
Lung	BI_PF_ILD_atlas_v1	cell_type	Monocyte	JARID2	2.64638224818412	73.2357745258175	0.712400120697123
Lung	BI_PF_ILD_atlas_v1	cell_type	Monocyte	SERPINB9	2.41930047190263	59.2819760658689	0.71119506501306
Lung	BI_PF_ILD_atlas_v1	cell_type	Monocyte	ADGRE2	3.35337848301067	52.2317410580353	0.71030284721141
Lung	BI_PF_ILD_atlas_v1	cell_type	Monocyte	IL1R2	3.76900945713627	49.7183239441315	0.709261403444992
Lung	BI_PF_ILD_atlas_v1	cell_type	Monocyte	LILRA5	4.35965605736204	46.4548818293943	0.708994184217173
Lung	BI_PF_ILD_atlas_v1	cell_type	Monocyte	C10orf54	2.71720488920871	57.958598619954	0.705702273786415
Lung	BI_PF_ILD_atlas_v1	cell_type	Monocyte	FAM49A	2.34978493632921	73.089102970099	0.703764216361149
Lung	BI_PF_ILD_atlas_v1	cell_type	Monocyte	ZEB2	2.02579657839314	90.8863628787626	0.703610442104546
Lung	BI_PF_ILD_atlas_v1	cell_type	Monocyte	SAT1	1.46268981388823	99.8033267775592	0.70283935745927
Lung	BI_PF_ILD_atlas_v1	cell_type	Monocyte	IRAK3	2.26144794299408	75.2291743058102	0.702819975721628
Lung	BI_PF_ILD_atlas_v1	cell_type	Monocyte	PFKFB3	2.26371226925647	65.198839961332	0.702805859395836
Lung	BI_PF_ILD_atlas_v1	cell_type	Monocyte	FGL2	2.97846438649829	52.3650788359612	0.698728342672399
Lung	BI_PF_ILD_atlas_v1	cell_type	Monocyte	TBXAS1	2.27398564476728	72.0057335244508	0.697877553164984
Lung	BI_PF_ILD_atlas_v1	cell_type	Monocyte	MAP2K1	2.23839994416051	76.9958998633288	0.697835541324373
Lung	BI_PF_ILD_atlas_v1	cell_type	Monocyte	LILRB2	3.53664064676027	47.7382579419314	0.694322672504189
Lung	BI_PF_ILD_atlas_v1	cell_type	Monocyte	CLEC7A	1.96765734659114	72.7590919697323	0.692630744094058
Lung	BI_PF_ILD_atlas_v1	cell_type	Monocyte	TIMP1	1.00827753290205	87.4362478749292	0.687392164771041
Lung	BI_PF_ILD_atlas_v1	cell_type	Monocyte	KYNU	2.15482838866696	73.7391246374879	0.683841956068759
Lung	BI_PF_ILD_atlas_v1	cell_type	Monocyte	EREG	2.76527977697749	55.2851761725391	0.683341587255268
Lung	BI_PF_ILD_atlas_v1	cell_type	Monocyte	CORO1A	2.22695042023349	53.9317977265909	0.683106976963482
Lung	BI_PF_ILD_atlas_v1	cell_type	Monocyte	PTPRC	1.63910250220296	83.2261075369179	0.682176788295407
Lung	BI_PF_ILD_atlas_v1	cell_type	Monocyte	RILPL2	1.93393643239227	70.1356711890396	0.68034559295864
Lung	BI_PF_ILD_atlas_v1	cell_type	Monocyte	APOBEC3A	5.36085142671092	37.6879229307644	0.680233340944337
Lung	BI_PF_ILD_atlas_v1	cell_type	Monocyte	CHD1	1.98465214919649	73.7724590819694	0.679994278404669
Lung	BI_PF_ILD_atlas_v1	cell_type	Monocyte	SLC25A37	2.46696762854386	57.171905730191	0.679585304274067
Lung	BI_PF_ILD_atlas_v1	cell_type	Monocyte	TET2	2.20577427594109	62.2954098469949	0.676628983622624
Lung	BI_PF_ILD_atlas_v1	cell_type	Monocyte	IFITM2	1.45608918764337	80.8926964232141	0.676345373449378
Lung	BI_PF_ILD_atlas_v1	cell_type	Monocyte	GAB2	2.49254687099222	65.6421880729358	0.676280080641618
Lung	BI_PF_ILD_atlas_v1	cell_type	Mucous	WFDC2	4.43965819649873	99.5914661824784	0.985690180202147
Lung	BI_PF_ILD_atlas_v1	cell_type	Mucous	SCGB3A1	5.95230836490345	98.093508851566	0.977950111947715
Lung	BI_PF_ILD_atlas_v1	cell_type	Mucous	SLPI	3.63769290995728	99.7276441216523	0.969245906207778
Lung	BI_PF_ILD_atlas_v1	cell_type	Mucous	BPIFB1	6.82735082699087	93.6223331820245	0.963847657594427
Lung	BI_PF_ILD_atlas_v1	cell_type	Mucous	LCN2	5.2204907606326	94.0762596459374	0.96021884728113
Lung	BI_PF_ILD_atlas_v1	cell_type	Mucous	KRT19	3.35651238457259	97.1402632773491	0.955130652594216
Lung	BI_PF_ILD_atlas_v1	cell_type	Mucous	CXCL17	2.87270076438701	96.9813890149796	0.949812503808268
Lung	BI_PF_ILD_atlas_v1	cell_type	Mucous	KRT7	2.98846085215662	95.5061280072628	0.948837270955613
Lung	BI_PF_ILD_atlas_v1	cell_type	Mucous	PIGR	3.5038839728596	94.6209714026328	0.947368193646109
Lung	BI_PF_ILD_atlas_v1	cell_type	Mucous	AGR2	3.89352310210525	94.3940081706763	0.944542336578834
Lung	BI_PF_ILD_atlas_v1	cell_type	Mucous	TACSTD2	2.68536484902822	93.2591920108942	0.92882785697862
Lung	BI_PF_ILD_atlas_v1	cell_type	Mucous	ELF3	2.27093727229104	94.0308669995461	0.92249685273078
Lung	BI_PF_ILD_atlas_v1	cell_type	Mucous	CP	4.14853167527046	86.4049024058103	0.917363934578452
Lung	BI_PF_ILD_atlas_v1	cell_type	Mucous	SCGB1A1	4.76880788959249	91.0349523377213	0.915207949586689
Lung	BI_PF_ILD_atlas_v1	cell_type	Mucous	FXYD3	2.17191239517573	92.9187471629596	0.915130504531221
Lung	BI_PF_ILD_atlas_v1	cell_type	Mucous	TSPAN8	4.3427799960537	83.5224693599637	0.906669524934566
Lung	BI_PF_ILD_atlas_v1	cell_type	Mucous	KRT18	1.99099791427223	93.1684067181117	0.905412160328457
Lung	BI_PF_ILD_atlas_v1	cell_type	Mucous	CEACAM6	3.00159169065329	84.9977303676804	0.901926774435956
Lung	BI_PF_ILD_atlas_v1	cell_type	Mucous	MDK	2.9154683676805	86.995006808897	0.900589540625131
Lung	BI_PF_ILD_atlas_v1	cell_type	Mucous	AQP5	4.45217119359248	79.1647753064004	0.8864308415881
Lung	BI_PF_ILD_atlas_v1	cell_type	Mucous	XBP1	1.87925694080104	93.6223331820245	0.883675414949086
Lung	BI_PF_ILD_atlas_v1	cell_type	Mucous	CYB5A	1.18265489089479	96.5955515206537	0.877136601139659
Lung	BI_PF_ILD_atlas_v1	cell_type	Mucous	TSPAN1	1.71644301384753	82.4330458465729	0.876525315325114
Lung	BI_PF_ILD_atlas_v1	cell_type	Mucous	CLDN4	2.12860744122474	85.3154788924194	0.874516873133844
Lung	BI_PF_ILD_atlas_v1	cell_type	Mucous	KLK11	4.02077450397713	76.6000907852928	0.872949703248954
Lung	BI_PF_ILD_atlas_v1	cell_type	Mucous	SPINT2	1.43231705136407	92.0108942351339	0.868479730827425
Lung	BI_PF_ILD_atlas_v1	cell_type	Mucous	TMC5	2.00326545024192	83.0004539264639	0.867387307918495
Lung	BI_PF_ILD_atlas_v1	cell_type	Mucous	PERP	1.79451962827068	84.2487517022242	0.867110782853095
Lung	BI_PF_ILD_atlas_v1	cell_type	Mucous	MGST1	1.06186261153542	96.0962324103495	0.865971875028331
Lung	BI_PF_ILD_atlas_v1	cell_type	Mucous	KRT8	1.73390500962635	86.8815251929188	0.863383666406807
Lung	BI_PF_ILD_atlas_v1	cell_type	Mucous	TMEM45A	3.87791477095943	75.192918747163	0.859238738757412
Lung	BI_PF_ILD_atlas_v1	cell_type	Mucous	PLPP2	2.32728503204263	76.6681797548797	0.853277036033814
Lung	BI_PF_ILD_atlas_v1	cell_type	Mucous	CLU	1.64242849786247	85.1339083068543	0.849515453306603
Lung	BI_PF_ILD_atlas_v1	cell_type	Mucous	FOLR1	2.19452347405689	78.9605083976396	0.847574542577103
Lung	BI_PF_ILD_atlas_v1	cell_type	Mucous	MUC5B	6.18614355974736	69.6550158874262	0.844708849473692
Lung	BI_PF_ILD_atlas_v1	cell_type	Mucous	MUC1	1.32185114669666	81.343622333182	0.839617319086527
Lung	BI_PF_ILD_atlas_v1	cell_type	Mucous	SAA1	3.77114742100295	70.4266908760781	0.837547172474931
Lung	BI_PF_ILD_atlas_v1	cell_type	Mucous	EPCAM	1.67833036702841	78.5292782569224	0.835226944648807
Lung	BI_PF_ILD_atlas_v1	cell_type	Mucous	EHF	2.68517790023304	73.1729459827508	0.834890177180746
Lung	BI_PF_ILD_atlas_v1	cell_type	Mucous	GSTP1	0.732056179309033	98.1389014979573	0.826941355950485
Lung	BI_PF_ILD_atlas_v1	cell_type	Mucous	S100P	4.18370130932703	69.859282796187	0.826491341021755
Lung	BI_PF_ILD_atlas_v1	cell_type	Mucous	SPINT1	2.19901066454107	74.5347253744893	0.823676668170788
Lung	BI_PF_ILD_atlas_v1	cell_type	Mucous	MMP7	3.2666894878429	69.0649114843395	0.823352987307978
Lung	BI_PF_ILD_atlas_v1	cell_type	Mucous	TNFSF10	1.81629061344493	75.3290966863368	0.822756633935448
Lung	BI_PF_ILD_atlas_v1	cell_type	Mucous	KLF5	2.11262634371214	73.604176123468	0.82227058493819
Lung	BI_PF_ILD_atlas_v1	cell_type	Mucous	LMO7	1.63301497882682	75.7830231502497	0.819623040394463
Lung	BI_PF_ILD_atlas_v1	cell_type	Mucous	ATP1B1	1.05139026097615	88.197911938266	0.818864733244188
Lung	BI_PF_ILD_atlas_v1	cell_type	Mucous	EZR	0.904870272404697	93.9627780299592	0.81863105999544
Lung	BI_PF_ILD_atlas_v1	cell_type	Mucous	GSTA1	2.04334641601793	68.3613254652746	0.818258978112932
Lung	BI_PF_ILD_atlas_v1	cell_type	Mucous	AKR1C1	2.93694974827389	70.3132092600999	0.81822149175421
Lung	BI_PF_ILD_atlas_v1	cell_type	Myofibroblast	COL1A2	5.9409297389364	99.4455159112825	0.991224980302977
Lung	BI_PF_ILD_atlas_v1	cell_type	Myofibroblast	COL3A1	6.4492583295237	98.3124397299904	0.98723399300889
Lung	BI_PF_ILD_atlas_v1	cell_type	Myofibroblast	COL1A1	6.6518746798102	97.9267116682739	0.985078547274586
Lung	BI_PF_ILD_atlas_v1	cell_type	Myofibroblast	SPARC	4.66188027534084	98.424943747991	0.977232197301428
Lung	BI_PF_ILD_atlas_v1	cell_type	Myofibroblast	DCN	3.92500723234179	99.0919318547091	0.973111933278682
Lung	BI_PF_ILD_atlas_v1	cell_type	Myofibroblast	CALD1	3.60365972562714	99.0196078431373	0.972067655633903
Lung	BI_PF_ILD_atlas_v1	cell_type	Myofibroblast	COL6A2	4.45221612562627	98.0151076824172	0.970915623816191
Lung	BI_PF_ILD_atlas_v1	cell_type	Myofibroblast	MGP	3.65045077181999	98.3204757312761	0.963046245888745
Lung	BI_PF_ILD_atlas_v1	cell_type	Myofibroblast	MMP2	4.79478021200106	96.1507553841209	0.96287618284488
Lung	BI_PF_ILD_atlas_v1	cell_type	Myofibroblast	COL6A1	4.68941049965899	95.50787528126	0.960547783863484
Lung	BI_PF_ILD_atlas_v1	cell_type	Myofibroblast	BGN	4.74989372870962	94.3747990999679	0.959179097133911
Lung	BI_PF_ILD_atlas_v1	cell_type	Myofibroblast	RARRES2	4.49916832054021	94.6078431372549	0.958279838012898
Lung	BI_PF_ILD_atlas_v1	cell_type	Myofibroblast	PCOLCE	4.86901720945801	94.069431051109	0.957788504815783
Lung	BI_PF_ILD_atlas_v1	cell_type	Myofibroblast	COL5A2	5.30626380338092	92.5184828029573	0.954605436157748
Lung	BI_PF_ILD_atlas_v1	cell_type	Myofibroblast	FBLN1	3.88499940955152	95.2667952426872	0.951936881376861
Lung	BI_PF_ILD_atlas_v1	cell_type	Myofibroblast	TPM2	3.49418707668677	93.5470909675346	0.951034693811347
Lung	BI_PF_ILD_atlas_v1	cell_type	Myofibroblast	COL6A3	5.29407069927605	92.1809707489553	0.95086619926898
Lung	BI_PF_ILD_atlas_v1	cell_type	Myofibroblast	LUM	5.26156317754065	91.9881067180971	0.949776034945988
Lung	BI_PF_ILD_atlas_v1	cell_type	Myofibroblast	C1S	3.97326240028548	95.0096432015429	0.949228911628609
Lung	BI_PF_ILD_atlas_v1	cell_type	Myofibroblast	CCDC80	3.75288270853177	92.9524268723883	0.944401360183715
Lung	BI_PF_ILD_atlas_v1	cell_type	Myofibroblast	C1R	3.70251086094092	94.101575056252	0.942317061106296
Lung	BI_PF_ILD_atlas_v1	cell_type	Myofibroblast	NNMT	3.02782875609517	95.5721632915461	0.938531691198696
Lung	BI_PF_ILD_atlas_v1	cell_type	Myofibroblast	SPARCL1	2.73570379596603	95.2667952426872	0.932703639732515
Lung	BI_PF_ILD_atlas_v1	cell_type	Myofibroblast	SERPINF1	3.80507000283973	92.3818707810993	0.93086867869453
Lung	BI_PF_ILD_atlas_v1	cell_type	Myofibroblast	TIMP1	3.28498745090963	98.99549983928	0.929866602382346
Lung	BI_PF_ILD_atlas_v1	cell_type	Myofibroblast	CTHRC1	6.67247681267593	85.3182256509161	0.923224573768442
Lung	BI_PF_ILD_atlas_v1	cell_type	Myofibroblast	FSTL1	3.565554402675	88.572806171649	0.915486015504623
Lung	BI_PF_ILD_atlas_v1	cell_type	Myofibroblast	CFH	3.61072900698453	89.0871102539376	0.914259759972874
Lung	BI_PF_ILD_atlas_v1	cell_type	Myofibroblast	SELM	2.62042719308233	92.9926068788171	0.908017394538447
Lung	BI_PF_ILD_atlas_v1	cell_type	Myofibroblast	COL5A1	5.30995580652956	82.2163291546127	0.902660063065068
Lung	BI_PF_ILD_atlas_v1	cell_type	Myofibroblast	HTRA1	4.04600556124645	83.3172613307618	0.895312654493657
Lung	BI_PF_ILD_atlas_v1	cell_type	Myofibroblast	S100A13	2.09899989221351	93.4265509482481	0.892115016385667
Lung	BI_PF_ILD_atlas_v1	cell_type	Myofibroblast	IGF1	4.57698215073087	80.3841208614593	0.889402074954514
Lung	BI_PF_ILD_atlas_v1	cell_type	Myofibroblast	SERPINH1	3.32314453383039	85.6798457087753	0.889229813519598
Lung	BI_PF_ILD_atlas_v1	cell_type	Myofibroblast	OLFML3	4.2156000321174	80.0064288010286	0.885012360863577
Lung	BI_PF_ILD_atlas_v1	cell_type	Myofibroblast	THY1	4.5246408605944	79.2831886853102	0.88398624012396
Lung	BI_PF_ILD_atlas_v1	cell_type	Myofibroblast	MFAP4	4.07732658559789	80.0787528126005	0.882180324131808
Lung	BI_PF_ILD_atlas_v1	cell_type	Myofibroblast	CLEC11A	3.55105443131052	81.4850530376085	0.880231825849533
Lung	BI_PF_ILD_atlas_v1	cell_type	Myofibroblast	IGFBP4	3.00477401653863	87.0138219222115	0.876978903964198
Lung	BI_PF_ILD_atlas_v1	cell_type	Myofibroblast	MEG3	4.19846565116713	78.6322725811636	0.876545694371556
Lung	BI_PF_ILD_atlas_v1	cell_type	Myofibroblast	OGN	4.38966485844832	77.8608164577306	0.876328172283763
Lung	BI_PF_ILD_atlas_v1	cell_type	Myofibroblast	PTGDS	3.6767423950143	78.8894246223079	0.875156089249395
Lung	BI_PF_ILD_atlas_v1	cell_type	Myofibroblast	IFITM3	1.42341764947422	98.2722597235615	0.873775477899406
Lung	BI_PF_ILD_atlas_v1	cell_type	Myofibroblast	C12orf57	1.80385557952364	92.0684667309547	0.873548865517957
Lung	BI_PF_ILD_atlas_v1	cell_type	Myofibroblast	CDH11	4.5636581840141	76.6634522661524	0.873145765699571
Lung	BI_PF_ILD_atlas_v1	cell_type	Myofibroblast	CTSK	3.8861021773241	78.8813886210222	0.870664571513768
Lung	BI_PF_ILD_atlas_v1	cell_type	Myofibroblast	PPIC	2.53519418105374	86.2584378013501	0.87055579502549
Lung	BI_PF_ILD_atlas_v1	cell_type	Myofibroblast	MMP23B	4.73027975761199	75.8277081324333	0.869520983361906
Lung	BI_PF_ILD_atlas_v1	cell_type	Myofibroblast	PPIB	1.82544892434921	89.0228222436516	0.867009144895781
Lung	BI_PF_ILD_atlas_v1	cell_type	Myofibroblast	AEBP1	4.3049912050988	76.4384442301511	0.865311912326278
Lung	BI_PF_ILD_atlas_v1	cell_type	NK	NKG7	4.76543950422451	94.5929974885508	0.955680752800113
Lung	BI_PF_ILD_atlas_v1	cell_type	NK	CD247	5.28234151219943	90.0723888314374	0.938342821965867
Lung	BI_PF_ILD_atlas_v1	cell_type	NK	KLRD1	4.80761544434904	87.7603781947112	0.921186179555675
Lung	BI_PF_ILD_atlas_v1	cell_type	NK	GNLY	5.49188065755937	85.8767912542473	0.91829172562317
Lung	BI_PF_ILD_atlas_v1	cell_type	NK	GZMB	4.74167323777714	85.8324715615305	0.914220880986234
Lung	BI_PF_ILD_atlas_v1	cell_type	NK	PRF1	5.45084194470407	82.8852119958635	0.905121730846732
Lung	BI_PF_ILD_atlas_v1	cell_type	NK	CST7	3.62678126652894	79.0220121140493	0.867043856529032
Lung	BI_PF_ILD_atlas_v1	cell_type	NK	SYTL3	2.6870830470981	89.6661249815335	0.857134897804106
Lung	BI_PF_ILD_atlas_v1	cell_type	NK	KLRB1	4.46184712777755	73.5706899098833	0.855121385951617
Lung	BI_PF_ILD_atlas_v1	cell_type	NK	CCL4	3.59663991096799	82.1539370660363	0.854173244536636
Lung	BI_PF_ILD_atlas_v1	cell_type	NK	CCL5	3.55702389334525	76.3480573201359	0.848403694086487
Lung	BI_PF_ILD_atlas_v1	cell_type	NK	FYN	2.71993185431636	83.1511301521643	0.839317467283269
Lung	BI_PF_ILD_atlas_v1	cell_type	NK	CD7	4.1731362006999	71.6723297385138	0.838814137965154
Lung	BI_PF_ILD_atlas_v1	cell_type	NK	CTSW	4.05923569896573	70.0694341852563	0.824048410213139
Lung	BI_PF_ILD_atlas_v1	cell_type	NK	GNG2	3.4397100746211	73.1496528290737	0.82093597595762
Lung	BI_PF_ILD_atlas_v1	cell_type	NK	MCTP2	3.71029792354731	70.1950066479539	0.813800748607816
Lung	BI_PF_ILD_atlas_v1	cell_type	NK	CARD11	4.20176794384773	66.3835130743093	0.808746679242139
Lung	BI_PF_ILD_atlas_v1	cell_type	NK	PRKCH	2.54496743002792	81.4226621362092	0.806926226434867
Lung	BI_PF_ILD_atlas_v1	cell_type	NK	AOAH	3.18533840571417	72.5956566701138	0.806688237734648
Lung	BI_PF_ILD_atlas_v1	cell_type	NK	PIP4K2A	2.56985174510446	82.5749741468459	0.802620915027739
Lung	BI_PF_ILD_atlas_v1	cell_type	NK	CNOT6L	2.48021342618064	78.0174324124686	0.802152138586417
Lung	BI_PF_ILD_atlas_v1	cell_type	NK	KLRF1	6.14293738966971	60.6293396365785	0.799843564513729
Lung	BI_PF_ILD_atlas_v1	cell_type	NK	GZMA	3.9922011533776	63.3180676613975	0.799572899768026
Lung	BI_PF_ILD_atlas_v1	cell_type	NK	FGFBP2	5.23863612003647	60.4889939429753	0.795551577688402
Lung	BI_PF_ILD_atlas_v1	cell_type	NK	PPP2R5C	2.07240641742367	86.6967055695081	0.793325674512723
Lung	BI_PF_ILD_atlas_v1	cell_type	NK	TMEM2	2.52690202913728	76.9611464027183	0.793282171951939
Lung	BI_PF_ILD_atlas_v1	cell_type	NK	SPON2	2.99497816049603	67.1591076968533	0.790421878747594
Lung	BI_PF_ILD_atlas_v1	cell_type	NK	CD69	2.47697079448641	71.0149209632146	0.789927060935366
Lung	BI_PF_ILD_atlas_v1	cell_type	NK	PITPNC1	2.34400280698748	76.0747525483823	0.776156717748125
Lung	BI_PF_ILD_atlas_v1	cell_type	NK	RUNX3	2.87518916114122	63.5101196631703	0.77041229357792
Lung	BI_PF_ILD_atlas_v1	cell_type	NK	SKAP1	3.18535546393167	60.097503323977	0.765767929776529
Lung	BI_PF_ILD_atlas_v1	cell_type	NK	STAT4	2.85531436924552	64.0493425912247	0.764583115963053
Lung	BI_PF_ILD_atlas_v1	cell_type	NK	KLRC4-KLRK1	4.08840108054382	55.6581474368444	0.76333415146865
Lung	BI_PF_ILD_atlas_v1	cell_type	NK	AKNA	2.47538868130231	67.4102526222485	0.757712339543082
Lung	BI_PF_ILD_atlas_v1	cell_type	NK	YES1	3.3956208882284	58.9230314669818	0.750274400847965
Lung	BI_PF_ILD_atlas_v1	cell_type	NK	IFITM2	0.805647671182772	90.9661693012262	0.735392939860897
Lung	BI_PF_ILD_atlas_v1	cell_type	NK	PARP8	2.05189228148684	65.9477027625942	0.731121927144826
Lung	BI_PF_ILD_atlas_v1	cell_type	NK	RNF125	3.01728447948733	53.9222928054365	0.73007810629551
Lung	BI_PF_ILD_atlas_v1	cell_type	NK	CBLB	1.81866574742608	71.1626532722706	0.729926094522604
Lung	BI_PF_ILD_atlas_v1	cell_type	NK	GZMH	3.70749122336861	47.5180972078594	0.722067436474744
Lung	BI_PF_ILD_atlas_v1	cell_type	NK	TXK	4.45170747911482	47.3555916678978	0.721094100409553
Lung	BI_PF_ILD_atlas_v1	cell_type	NK	APBA2	4.1667587184881	46.831141970749	0.720184100879187
Lung	BI_PF_ILD_atlas_v1	cell_type	NK	ISG20	1.73592885638651	61.7594918008568	0.719107729242554
Lung	BI_PF_ILD_atlas_v1	cell_type	NK	SLA2	4.15071655075222	46.5135175062786	0.717316700601975
Lung	BI_PF_ILD_atlas_v1	cell_type	NK	NCALD	2.8270894155786	50.5244496971488	0.713583613613426
Lung	BI_PF_ILD_atlas_v1	cell_type	NK	PLAC8	1.28602829473923	61.0651499482937	0.713408936695784
Lung	BI_PF_ILD_atlas_v1	cell_type	NK	DUSP2	1.91688772734382	60.097503323977	0.70924084194323
Lung	BI_PF_ILD_atlas_v1	cell_type	NK	CCND3	1.54272858796955	72.7507755946225	0.706956942924097
Lung	BI_PF_ILD_atlas_v1	cell_type	NK	CMC1	2.47589860137949	59.6026000886394	0.706360303656906
Lung	BI_PF_ILD_atlas_v1	cell_type	NK	PYHIN1	4.21140488371677	43.3520460924804	0.705820492511578
Lung	BI_PF_ILD_atlas_v1	cell_type	Pericyte	CALD1	3.08624141722217	99.8142414860681	0.97630717477717
Lung	BI_PF_ILD_atlas_v1	cell_type	Pericyte	COL4A1	3.80190068385649	93.5603715170279	0.956484901387156
Lung	BI_PF_ILD_atlas_v1	cell_type	Pericyte	IGFBP7	2.3763594507783	97.7708978328173	0.946785949961433
Lung	BI_PF_ILD_atlas_v1	cell_type	Pericyte	COL4A2	3.45333761770041	91.8885448916409	0.944937218374475
Lung	BI_PF_ILD_atlas_v1	cell_type	Pericyte	MYL9	2.85799283754216	93.4365325077399	0.943716365850106
Lung	BI_PF_ILD_atlas_v1	cell_type	Pericyte	SPARCL1	1.95313879175079	94.8606811145511	0.927845586717392
Lung	BI_PF_ILD_atlas_v1	cell_type	Pericyte	TPM2	2.50071731949587	90.7739938080495	0.926332753940632
Lung	BI_PF_ILD_atlas_v1	cell_type	Pericyte	PDGFRB	4.3488207468072	87.1826625386997	0.924198215235768
Lung	BI_PF_ILD_atlas_v1	cell_type	Pericyte	BGN	3.46592553999974	87.1207430340557	0.91185531523981
Lung	BI_PF_ILD_atlas_v1	cell_type	Pericyte	PPP1R14A	3.5258399294971	83.5913312693499	0.906108626757592
Lung	BI_PF_ILD_atlas_v1	cell_type	Pericyte	SPARC	1.89240449682703	91.8266253869969	0.903638113845154
Lung	BI_PF_ILD_atlas_v1	cell_type	Pericyte	COX4I2	6.08883115887608	80.9907120743034	0.902927186441663
Lung	BI_PF_ILD_atlas_v1	cell_type	Pericyte	LHFP	2.57232065314683	85.6346749226006	0.899981426510355
Lung	BI_PF_ILD_atlas_v1	cell_type	Pericyte	MAP1B	3.17861095138886	82.7244582043344	0.891703962744596
Lung	BI_PF_ILD_atlas_v1	cell_type	Pericyte	CRISPLD2	2.77241707592939	83.2198142414861	0.888944910916757
Lung	BI_PF_ILD_atlas_v1	cell_type	Pericyte	A2M	0.962194568093505	90.4024767801858	0.887364224626768
Lung	BI_PF_ILD_atlas_v1	cell_type	Pericyte	ITGA1	3.16869725823083	80.9287925696594	0.884784717598247
Lung	BI_PF_ILD_atlas_v1	cell_type	Pericyte	GPX3	2.62331981207255	87.3065015479876	0.883105113173547
Lung	BI_PF_ILD_atlas_v1	cell_type	Pericyte	NDUFA4L2	5.52302874111934	77.2755417956656	0.882507002405189
Lung	BI_PF_ILD_atlas_v1	cell_type	Pericyte	COL1A2	0.806130557519738	85.8204334365325	0.878320417027532
Lung	BI_PF_ILD_atlas_v1	cell_type	Pericyte	NOTCH3	4.00305597502414	76.656346749226	0.875170389019904
Lung	BI_PF_ILD_atlas_v1	cell_type	Pericyte	COL6A2	1.43508266618066	84.8916408668731	0.872954587891896
Lung	BI_PF_ILD_atlas_v1	cell_type	Pericyte	NID1	3.23965198468787	77.2136222910217	0.868775410514402
Lung	BI_PF_ILD_atlas_v1	cell_type	Pericyte	HIGD1B	5.70817832347532	74.3034055727554	0.868462614688674
Lung	BI_PF_ILD_atlas_v1	cell_type	Pericyte	MYO1B	2.26652572286568	80.4953560371517	0.868092724221446
Lung	BI_PF_ILD_atlas_v1	cell_type	Pericyte	CCDC102B	3.13177972233775	77.3993808049536	0.867589857193778
Lung	BI_PF_ILD_atlas_v1	cell_type	Pericyte	TACC1	1.66482412825962	88.9164086687307	0.8608811853604
Lung	BI_PF_ILD_atlas_v1	cell_type	Pericyte	TIMP3	0.853351942781483	81.9814241486068	0.856425494545396
Lung	BI_PF_ILD_atlas_v1	cell_type	Pericyte	TINAGL1	3.08075955377765	74.4891640866873	0.856236874214053
Lung	BI_PF_ILD_atlas_v1	cell_type	Pericyte	RGS5	4.612514679531	72.2600619195047	0.852400117483774
Lung	BI_PF_ILD_atlas_v1	cell_type	Pericyte	TPM1	1.69735424766345	81.7956656346749	0.848682841933784
Lung	BI_PF_ILD_atlas_v1	cell_type	Pericyte	CHN1	3.64846273466675	71.702786377709	0.844989436114012
Lung	BI_PF_ILD_atlas_v1	cell_type	Pericyte	COL18A1	2.77562737505658	73.0030959752322	0.842029913315762
Lung	BI_PF_ILD_atlas_v1	cell_type	Pericyte	EGFL6	4.10178390023881	70.1547987616099	0.8405964887337
Lung	BI_PF_ILD_atlas_v1	cell_type	Pericyte	EPS8	1.31348298769374	82.1052631578947	0.839032852902733
Lung	BI_PF_ILD_atlas_v1	cell_type	Pericyte	CAV1	0.641820475454553	79.8761609907121	0.834875494214641
Lung	BI_PF_ILD_atlas_v1	cell_type	Pericyte	ACTA2	3.24475836498875	69.7832817337461	0.828933727511921
Lung	BI_PF_ILD_atlas_v1	cell_type	Pericyte	MGP	0.303593839425178	80.9907120743034	0.827734422828007
Lung	BI_PF_ILD_atlas_v1	cell_type	Pericyte	CNN3	1.22825006212799	78.2043343653251	0.827547112280806
Lung	BI_PF_ILD_atlas_v1	cell_type	Pericyte	IFITM3	0.368065778916254	94.6749226006192	0.82371105407355
Lung	BI_PF_ILD_atlas_v1	cell_type	Pericyte	DCN	-0.639275968417865	76.9659442724458	0.822330262467685
Lung	BI_PF_ILD_atlas_v1	cell_type	Pericyte	TFPI	0.811888250669621	82.2910216718266	0.820932288848712
Lung	BI_PF_ILD_atlas_v1	cell_type	Pericyte	NR2F2	2.34944473016177	70.030959752322	0.820835638664933
Lung	BI_PF_ILD_atlas_v1	cell_type	Pericyte	PLAC9	1.37265976088854	72.8173374613003	0.819954130519014
Lung	BI_PF_ILD_atlas_v1	cell_type	Pericyte	MFGE8	1.91807211786916	73.8699690402477	0.818504256402979
Lung	BI_PF_ILD_atlas_v1	cell_type	Pericyte	EBF1	2.22639716183648	67.9256965944272	0.817467746608346
Lung	BI_PF_ILD_atlas_v1	cell_type	Pericyte	LAMB1	2.56281562853989	69.7832817337461	0.815360316112155
Lung	BI_PF_ILD_atlas_v1	cell_type	Pericyte	FAM162B	5.48513306042808	63.5913312693499	0.815325403053257
Lung	BI_PF_ILD_atlas_v1	cell_type	Pericyte	GJA4	4.6240183421001	63.2198142414861	0.81279271125344
Lung	BI_PF_ILD_atlas_v1	cell_type	Pericyte	INPP4B	2.32079194385109	67.4303405572755	0.80772730899505
Lung	BI_PF_ILD_atlas_v1	cell_type	Smooth Muscle	MYL9	4.75715765134397	98.7565758010521	0.987810555992913
Lung	BI_PF_ILD_atlas_v1	cell_type	Smooth Muscle	TPM2	5.1641991356797	98.7565758010521	0.986408397968718
Lung	BI_PF_ILD_atlas_v1	cell_type	Smooth Muscle	MYH11	6.25944377369399	94.882831181253	0.972145047551895
Lung	BI_PF_ILD_atlas_v1	cell_type	Smooth Muscle	CALD1	2.92051034034596	98.9956958393113	0.965979209923878
Lung	BI_PF_ILD_atlas_v1	cell_type	Smooth Muscle	PPP1R14A	4.15206746498087	93.2568149210904	0.958124710794746
Lung	BI_PF_ILD_atlas_v1	cell_type	Smooth Muscle	IGFBP7	2.13945718491854	99.2826398852224	0.957239868881802
Lung	BI_PF_ILD_atlas_v1	cell_type	Smooth Muscle	SPARCL1	2.20697651986888	98.5652797704448	0.952759812869862
Lung	BI_PF_ILD_atlas_v1	cell_type	Smooth Muscle	ACTA2	5.77188137636183	90.7221425155428	0.945322456124453
Lung	BI_PF_ILD_atlas_v1	cell_type	Smooth Muscle	SOD3	3.01507677783548	93.3046389287422	0.939250131877857
Lung	BI_PF_ILD_atlas_v1	cell_type	Smooth Muscle	DSTN	1.70734976043224	98.4696317551411	0.931403890427354
Lung	BI_PF_ILD_atlas_v1	cell_type	Smooth Muscle	SELM	2.14292216846215	94.6915351506456	0.926546871612047
Lung	BI_PF_ILD_atlas_v1	cell_type	Smooth Muscle	TPM1	3.15616711244106	91.2003825920612	0.922777585176745
Lung	BI_PF_ILD_atlas_v1	cell_type	Smooth Muscle	TIMP3	1.4280335523615	89.4787183165949	0.90243908298252
Lung	BI_PF_ILD_atlas_v1	cell_type	Smooth Muscle	CRYAB	3.48694301254218	83.1659493065519	0.897844077374815
Lung	BI_PF_ILD_atlas_v1	cell_type	Smooth Muscle	CAV1	1.10607447248159	89.7178383548541	0.897208689136183
Lung	BI_PF_ILD_atlas_v1	cell_type	Smooth Muscle	MGP	0.925593351081234	93.4002869440459	0.895491124484354
Lung	BI_PF_ILD_atlas_v1	cell_type	Smooth Muscle	MYLK	3.42530084118927	82.3051171688187	0.891644312695562
Lung	BI_PF_ILD_atlas_v1	cell_type	Smooth Muscle	PLAC9	2.06872365733226	84.6963175514108	0.887652020950266
Lung	BI_PF_ILD_atlas_v1	cell_type	Smooth Muscle	PRKCDBP	2.37401391226291	83.8833094213295	0.882393283814555
Lung	BI_PF_ILD_atlas_v1	cell_type	Smooth Muscle	IGFBP5	2.35966506332006	82.1138211382114	0.881188261311513
Lung	BI_PF_ILD_atlas_v1	cell_type	Smooth Muscle	BGN	2.41248028848803	81.8747010999522	0.879236873957025
Lung	BI_PF_ILD_atlas_v1	cell_type	Smooth Muscle	MFGE8	2.42543681935464	83.3572453371593	0.877718258777162
Lung	BI_PF_ILD_atlas_v1	cell_type	Smooth Muscle	ACTG2	6.60840929014248	75.4662840746055	0.876138867017316
Lung	BI_PF_ILD_atlas_v1	cell_type	Smooth Muscle	TINAGL1	2.81980858054921	78.3835485413678	0.875637929805362
Lung	BI_PF_ILD_atlas_v1	cell_type	Smooth Muscle	CSRP2	3.74111914522105	77.1879483500717	0.873243642319529
Lung	BI_PF_ILD_atlas_v1	cell_type	Smooth Muscle	TAGLN	5.30345478577662	77.7618364418938	0.872324696954134
Lung	BI_PF_ILD_atlas_v1	cell_type	Smooth Muscle	LMOD1	5.07256323551311	75.3706360593018	0.872182687956905
Lung	BI_PF_ILD_atlas_v1	cell_type	Smooth Muscle	COL6A2	1.10209569873723	85.0310856049737	0.871648850210238
Lung	BI_PF_ILD_atlas_v1	cell_type	Smooth Muscle	CSRP1	2.27559995028255	84.4093735054998	0.870577694924951
Lung	BI_PF_ILD_atlas_v1	cell_type	Smooth Muscle	MCAM	4.13294188098145	74.701099952176	0.866101017175404
Lung	BI_PF_ILD_atlas_v1	cell_type	Smooth Muscle	MAP1B	2.66932653585424	77.7618364418938	0.864483058544825
Lung	BI_PF_ILD_atlas_v1	cell_type	Smooth Muscle	CRIP2	1.17691502720233	83.5007173601148	0.863124386505518
Lung	BI_PF_ILD_atlas_v1	cell_type	Smooth Muscle	CRISPLD2	2.90035343929415	77.714012434242	0.861888840751828
Lung	BI_PF_ILD_atlas_v1	cell_type	Smooth Muscle	COX7A1	2.54110357082557	76.518412242946	0.859496270017255
Lung	BI_PF_ILD_atlas_v1	cell_type	Smooth Muscle	RCAN2	3.75043717214418	72.8359636537542	0.854210286902654
Lung	BI_PF_ILD_atlas_v1	cell_type	Smooth Muscle	PLN	6.2483819647367	70.5882352941177	0.851737600809121
Lung	BI_PF_ILD_atlas_v1	cell_type	Smooth Muscle	DES	6.95831423088239	70.3012912482066	0.84941552096957
Lung	BI_PF_ILD_atlas_v1	cell_type	Smooth Muscle	MSRB3	2.63309238666672	72.9794356767097	0.845251247827164
Lung	BI_PF_ILD_atlas_v1	cell_type	Smooth Muscle	PTRF	1.3485137100238	79.6269727403156	0.844285664882836
Lung	BI_PF_ILD_atlas_v1	cell_type	Smooth Muscle	CNN1	5.26513733738811	69.2969870875179	0.842739061828102
Lung	BI_PF_ILD_atlas_v1	cell_type	Smooth Muscle	A2M	0.0929383541087923	84.8876135820182	0.841999058291351
Lung	BI_PF_ILD_atlas_v1	cell_type	Smooth Muscle	HSPB1	0.487488620646415	96.8436154949785	0.83988060669064
Lung	BI_PF_ILD_atlas_v1	cell_type	Smooth Muscle	PDLIM3	2.30575925681847	73.9359158297465	0.838742109216156
Lung	BI_PF_ILD_atlas_v1	cell_type	Smooth Muscle	LPP	1.06984963298026	92.9220468675275	0.836782381604812
Lung	BI_PF_ILD_atlas_v1	cell_type	Smooth Muscle	SPARC	0.455747372332969	84.1702534672406	0.836533862115236
Lung	BI_PF_ILD_atlas_v1	cell_type	Smooth Muscle	PDGFRB	3.08435518841627	70.3012912482066	0.833477146601651
Lung	BI_PF_ILD_atlas_v1	cell_type	Smooth Muscle	ADAMTS1	2.77971849333669	71.8794835007174	0.833083049177568
Lung	BI_PF_ILD_atlas_v1	cell_type	Smooth Muscle	GPX3	1.25534511926796	81.5399330463893	0.832863692089648
Lung	BI_PF_ILD_atlas_v1	cell_type	Smooth Muscle	AKAP12	1.65008737385467	74.4619799139168	0.832561119656482
Lung	BI_PF_ILD_atlas_v1	cell_type	Smooth Muscle	FLNA	0.851367657939825	90.674318507891	0.827978864351133
Lung	BI_PF_ILD_atlas_v1	cell_type	T cell	CNOT6L	4.00616465729873	83.319438209453	0.862488933410542
Lung	BI_PF_ILD_atlas_v1	cell_type	T cell	FYN	3.60984896349629	82.2227922785865	0.853127882894314
Lung	BI_PF_ILD_atlas_v1	cell_type	T cell	IL32	3.88880241949135	78.5897518117104	0.848917979144694
Lung	BI_PF_ILD_atlas_v1	cell_type	T cell	CD3D	6.63503618320444	70.1693067402039	0.8449944466476
Lung	BI_PF_ILD_atlas_v1	cell_type	T cell	SYTL3	3.20217414997487	85.5127300711858	0.844304807294368
Lung	BI_PF_ILD_atlas_v1	cell_type	T cell	CD69	3.44165163268803	76.9736420188546	0.837614391285805
Lung	BI_PF_ILD_atlas_v1	cell_type	T cell	CCL5	4.69939641827308	71.0735586481113	0.835402938801976
Lung	BI_PF_ILD_atlas_v1	cell_type	T cell	ITK	5.89686604291956	67.6585647405887	0.829332137262538
Lung	BI_PF_ILD_atlas_v1	cell_type	T cell	PARP8	3.93748734047144	75.9603668312704	0.818886690359815
Lung	BI_PF_ILD_atlas_v1	cell_type	T cell	PPP2R5C	2.74335319780331	86.1251843776053	0.798337613460915
Lung	BI_PF_ILD_atlas_v1	cell_type	T cell	PPP1R16B	4.34366066040996	63.5701917527095	0.79505781359064
Lung	BI_PF_ILD_atlas_v1	cell_type	T cell	AIM1	3.29008004672782	77.150003206567	0.792325763310304
Lung	BI_PF_ILD_atlas_v1	cell_type	T cell	CD2	5.62662946332683	59.1387160905535	0.785827364453671
Lung	BI_PF_ILD_atlas_v1	cell_type	T cell	CDC42SE2	2.90816631895508	79.769768485859	0.785657371585716
Lung	BI_PF_ILD_atlas_v1	cell_type	T cell	CD3E	6.12213466324044	56.7883024434041	0.77892010044363
Lung	BI_PF_ILD_atlas_v1	cell_type	T cell	PBX4	5.48405029275263	58.5743602898737	0.778151160073214
Lung	BI_PF_ILD_atlas_v1	cell_type	T cell	STAT4	3.67378746072556	64.2756365035593	0.778132749807775
Lung	BI_PF_ILD_atlas_v1	cell_type	T cell	SKAP1	4.26743302060499	58.4236516385558	0.769423702148734
Lung	BI_PF_ILD_atlas_v1	cell_type	T cell	CXCR4	2.33737147417808	85.6698518566023	0.768856700610959
Lung	BI_PF_ILD_atlas_v1	cell_type	T cell	FAM129A	3.58073080962947	68.6173282883345	0.768461358755638
Lung	BI_PF_ILD_atlas_v1	cell_type	T cell	CBLB	3.00629798414578	73.0648367857372	0.764745928897996
Lung	BI_PF_ILD_atlas_v1	cell_type	T cell	RHOH	3.27776595026747	65.1510293080228	0.76289942950757
Lung	BI_PF_ILD_atlas_v1	cell_type	T cell	BCL11B	6.09201467238491	53.6041813634323	0.762827812313337
Lung	BI_PF_ILD_atlas_v1	cell_type	T cell	ARHGAP15	2.76533968805923	74.2705059962804	0.760132785490459
Lung	BI_PF_ILD_atlas_v1	cell_type	T cell	GNG2	3.26587132315947	60.6939011094722	0.758182235055293
Lung	BI_PF_ILD_atlas_v1	cell_type	T cell	PRKCH	2.72086970783697	73.032771115244	0.755031862369113
Lung	BI_PF_ILD_atlas_v1	cell_type	T cell	TRAC	5.82671970223151	52.5556339383056	0.754383272342256
Lung	BI_PF_ILD_atlas_v1	cell_type	T cell	CD96	5.01241713558467	53.014173026358	0.753819304959683
Lung	BI_PF_ILD_atlas_v1	cell_type	T cell	RNF19A	3.30244783847712	70.2494709164369	0.752923033420944
Lung	BI_PF_ILD_atlas_v1	cell_type	T cell	RNF125	4.08102564578252	54.4378887962547	0.744840449411807
Lung	BI_PF_ILD_atlas_v1	cell_type	T cell	PITPNC1	2.75405044829511	69.3869043801706	0.743306818906732
Lung	BI_PF_ILD_atlas_v1	cell_type	T cell	CD247	3.0312176054261	53.7613031488488	0.743017849350051
Lung	BI_PF_ILD_atlas_v1	cell_type	T cell	TMEM2	2.63473900515359	67.4886166869749	0.73741703066234
Lung	BI_PF_ILD_atlas_v1	cell_type	T cell	CLEC2D	3.98633386077113	52.6999294555249	0.733393093490371
Lung	BI_PF_ILD_atlas_v1	cell_type	T cell	RUNX3	3.48859152145516	54.4699544667479	0.732978020391553
Lung	BI_PF_ILD_atlas_v1	cell_type	T cell	FNBP1	2.39718758778559	79.7986275893029	0.732031780399574
Lung	BI_PF_ILD_atlas_v1	cell_type	T cell	TRBC2	5.3879614481376	48.0728532033605	0.731957810844405
Lung	BI_PF_ILD_atlas_v1	cell_type	T cell	PTPRC	2.03038800492077	88.7257102546014	0.728468362805547
Lung	BI_PF_ILD_atlas_v1	cell_type	T cell	STK4	2.45842197866883	70.6118129930097	0.727651199205565
Lung	BI_PF_ILD_atlas_v1	cell_type	T cell	AC016831.7	2.96792400898422	67.873404732893	0.718313481298569
Lung	BI_PF_ILD_atlas_v1	cell_type	T cell	CD3G	6.03615137261855	44.183287372539	0.716142875721768
Lung	BI_PF_ILD_atlas_v1	cell_type	T cell	STK17B	2.11555309175224	82.3189892900661	0.715361541891092
Lung	BI_PF_ILD_atlas_v1	cell_type	T cell	SMCHD1	2.35454318113719	75.4665555056756	0.715330937926963
Lung	BI_PF_ILD_atlas_v1	cell_type	T cell	ETS1	3.14416860113571	50.7695760918361	0.71453497750947
Lung	BI_PF_ILD_atlas_v1	cell_type	T cell	CAMK4	5.96848022391114	43.4842557557879	0.712481210204343
Lung	BI_PF_ILD_atlas_v1	cell_type	T cell	AC092580.4	5.50637563102661	43.3367536715193	0.711360539864229
Lung	BI_PF_ILD_atlas_v1	cell_type	T cell	RP11-138A9.2	3.26776193503474	55.7205156159815	0.702909478969813
Lung	BI_PF_ILD_atlas_v1	cell_type	T cell	THEMIS	6.57509403539679	40.9286218174822	0.70268180134398
Lung	BI_PF_ILD_atlas_v1	cell_type	T cell	ANKRD44	2.27513895507243	66.5009940357853	0.702679597568943
Lung	BI_PF_ILD_atlas_v1	cell_type	T cell	SPOCK2	4.27564482735995	42.9134868210094	0.702164105000773
Lung	BI_PF_ILD_atlas_v1	cell_type	Vein	VWF	4.2245242086812	98.5942249240122	0.987176532588314
Lung	BI_PF_ILD_atlas_v1	cell_type	Vein	ACKR1	4.12651337105415	94.4528875379939	0.965808537617754
Lung	BI_PF_ILD_atlas_v1	cell_type	Vein	PRSS23	3.09601345073193	93.8449848024316	0.950930519656691
Lung	BI_PF_ILD_atlas_v1	cell_type	Vein	EPAS1	1.99507170904412	95.9726443768997	0.939291427551655
Lung	BI_PF_ILD_atlas_v1	cell_type	Vein	IGFBP7	1.50048525905559	97.4924012158055	0.935979081432676
Lung	BI_PF_ILD_atlas_v1	cell_type	Vein	PTPRB	3.57830677954787	88.5258358662614	0.933965092569278
Lung	BI_PF_ILD_atlas_v1	cell_type	Vein	SLCO2A1	3.69006358221469	88.4118541033435	0.933096341877351
Lung	BI_PF_ILD_atlas_v1	cell_type	Vein	RAMP3	3.86727356657347	87.3480243161094	0.929145618636664
Lung	BI_PF_ILD_atlas_v1	cell_type	Vein	CLDN5	2.54163663675889	88.563829787234	0.926772776668302
Lung	BI_PF_ILD_atlas_v1	cell_type	Vein	CLU	2.01422294521642	93.693009118541	0.91988997513826
Lung	BI_PF_ILD_atlas_v1	cell_type	Vein	TM4SF1	1.71933443800254	92.4012158054711	0.919691530434373
Lung	BI_PF_ILD_atlas_v1	cell_type	Vein	CALCRL	3.15657138694372	86.6261398176292	0.919085404109441
Lung	BI_PF_ILD_atlas_v1	cell_type	Vein	IFI27	1.31059956814043	94.9468085106383	0.91117334009446
Lung	BI_PF_ILD_atlas_v1	cell_type	Vein	LIFR	3.36792303154828	84.8024316109423	0.908165071592465
Lung	BI_PF_ILD_atlas_v1	cell_type	Vein	PECAM1	1.5140666375308	94.7188449848024	0.907124284978988
Lung	BI_PF_ILD_atlas_v1	cell_type	Vein	RAMP2	2.25760851574324	85.1443768996961	0.906592225806739
Lung	BI_PF_ILD_atlas_v1	cell_type	Vein	SPARCL1	1.60238607214176	90.387537993921	0.904594333822058
Lung	BI_PF_ILD_atlas_v1	cell_type	Vein	MGP	1.06464633133777	92.7811550151976	0.901052598995884
Lung	BI_PF_ILD_atlas_v1	cell_type	Vein	IFITM3	0.782725171789799	97.7963525835866	0.896626112985666
Lung	BI_PF_ILD_atlas_v1	cell_type	Vein	CAV1	1.45035620984018	88.7537993920973	0.89537988855809
Lung	BI_PF_ILD_atlas_v1	cell_type	Vein	SRPX	3.27806860494401	81.5729483282675	0.892923592231597
Lung	BI_PF_ILD_atlas_v1	cell_type	Vein	TIMP3	2.09224021077426	86.7401215805471	0.892913230157995
Lung	BI_PF_ILD_atlas_v1	cell_type	Vein	HYAL2	2.84447145171156	83.4726443768997	0.892781152104841
Lung	BI_PF_ILD_atlas_v1	cell_type	Vein	IL33	3.04007863560844	81.2310030395137	0.8908331355446
Lung	BI_PF_ILD_atlas_v1	cell_type	Vein	RGS5	3.43134076144991	78.5334346504559	0.883145067957744
Lung	BI_PF_ILD_atlas_v1	cell_type	Vein	NNMT	1.37972199211345	89.0577507598784	0.882575208006139
Lung	BI_PF_ILD_atlas_v1	cell_type	Vein	GPX3	1.76616375599147	87.9939209726444	0.881080438131161
Lung	BI_PF_ILD_atlas_v1	cell_type	Vein	CD59	0.853808674682344	95.0607902735562	0.872222407621726
Lung	BI_PF_ILD_atlas_v1	cell_type	Vein	CRIP2	1.32617610455354	83.7386018237082	0.869682174545321
Lung	BI_PF_ILD_atlas_v1	cell_type	Vein	CPE	3.08380251871387	79.4072948328268	0.86922312987466
Lung	BI_PF_ILD_atlas_v1	cell_type	Vein	PTRF	1.55365907793377	83.3966565349544	0.867863119697936
Lung	BI_PF_ILD_atlas_v1	cell_type	Vein	GNG11	1.24829201948801	80.6990881458967	0.8648129400222
Lung	BI_PF_ILD_atlas_v1	cell_type	Vein	IFITM2	0.311245006285144	96.5425531914894	0.863511715658436
Lung	BI_PF_ILD_atlas_v1	cell_type	Vein	TFPI	1.03741780926563	87.8419452887538	0.86322175702146
Lung	BI_PF_ILD_atlas_v1	cell_type	Vein	EGFL7	2.30301865559576	75.4179331306991	0.852902362952389
Lung	BI_PF_ILD_atlas_v1	cell_type	Vein	PDLIM1	1.04873267931022	89.6276595744681	0.852273423691724
Lung	BI_PF_ILD_atlas_v1	cell_type	Vein	TCF4	1.06785338688583	85.5623100303951	0.851738012630751
Lung	BI_PF_ILD_atlas_v1	cell_type	Vein	TSPAN7	2.81748356449572	72.6443768996961	0.850827422608035
Lung	BI_PF_ILD_atlas_v1	cell_type	Vein	SDPR	1.8766325187046	75.9878419452888	0.84907714932167
Lung	BI_PF_ILD_atlas_v1	cell_type	Vein	HSPG2	2.25962892592083	75.1519756838906	0.846871795574983
Lung	BI_PF_ILD_atlas_v1	cell_type	Vein	IL1R1	1.74664330994787	81.5349544072948	0.846486153966349
Lung	BI_PF_ILD_atlas_v1	cell_type	Vein	ENG	1.26494777109015	85.6003039513678	0.84642767079569
Lung	BI_PF_ILD_atlas_v1	cell_type	Vein	NPDC1	2.36698292876122	73.6322188449848	0.846133424453558
Lung	BI_PF_ILD_atlas_v1	cell_type	Vein	CLEC14A	2.53332859333358	71.1626139817629	0.844641922560996
Lung	BI_PF_ILD_atlas_v1	cell_type	Vein	TGM2	1.20655509450401	82.4848024316109	0.843282645691633
Lung	BI_PF_ILD_atlas_v1	cell_type	Vein	PCAT19	2.51220220064321	71.5425531914894	0.842622081653141
Lung	BI_PF_ILD_atlas_v1	cell_type	Vein	PRCP	1.5337850404183	81.306990881459	0.842400114641402
Lung	BI_PF_ILD_atlas_v1	cell_type	Vein	SELP	4.18808291023664	69.0729483282675	0.841413724600694
Lung	BI_PF_ILD_atlas_v1	cell_type	Vein	EMCN	2.19206598367495	70.5927051671732	0.839215165562523
Lung	BI_PF_ILD_atlas_v1	cell_type	Vein	SPTBN1	0.775086712322757	84.8404255319149	0.839107395752696
Lung	BI_PF_ILD_atlas_v1	cell_type	pDC	IRF4	4.23467433638284	91.2582781456954	0.950890182741311
Lung	BI_PF_ILD_atlas_v1	cell_type	pDC	GZMB	3.07207958478144	92.317880794702	0.950534179222308
Lung	BI_PF_ILD_atlas_v1	cell_type	pDC	FCHSD2	2.89068791388186	93.3774834437086	0.933273739372528
Lung	BI_PF_ILD_atlas_v1	cell_type	pDC	JCHAIN	2.32782116912132	85.9602649006623	0.925019960018514
Lung	BI_PF_ILD_atlas_v1	cell_type	pDC	SEL1L3	2.10850161470339	88.8741721854305	0.918441115138698
Lung	BI_PF_ILD_atlas_v1	cell_type	pDC	C1orf186	4.01605248866169	82.1192052980132	0.906972232901769
Lung	BI_PF_ILD_atlas_v1	cell_type	pDC	RUBCN	2.52402936424172	84.2384105960265	0.901180355252152
Lung	BI_PF_ILD_atlas_v1	cell_type	pDC	INPP4A	2.13915938640582	85.5629139072848	0.898476638236322
Lung	BI_PF_ILD_atlas_v1	cell_type	pDC	AFF3	1.78180796321837	83.3112582781457	0.891563670180924
Lung	BI_PF_ILD_atlas_v1	cell_type	pDC	TCF4	0.629600603301872	90.728476821192	0.889661714291708
Lung	BI_PF_ILD_atlas_v1	cell_type	pDC	LDLRAD4	1.15760582685212	90.9933774834437	0.888508466590779
Lung	BI_PF_ILD_atlas_v1	cell_type	pDC	PTPRS	2.57028975763075	80.9271523178808	0.884921790264109
Lung	BI_PF_ILD_atlas_v1	cell_type	pDC	ANKRD11	0.719292622626581	94.4370860927152	0.88107269746197
Lung	BI_PF_ILD_atlas_v1	cell_type	pDC	SLC7A5	1.75741663118949	82.2516556291391	0.880751909302488
Lung	BI_PF_ILD_atlas_v1	cell_type	pDC	BCL11A	2.50385702345967	78.6754966887417	0.873411628008815
Lung	BI_PF_ILD_atlas_v1	cell_type	pDC	GPR183	0.814108466620707	88.8741721854305	0.872488751729273
Lung	BI_PF_ILD_atlas_v1	cell_type	pDC	C12orf75	0.805571378305515	81.7218543046358	0.872411836239344
Lung	BI_PF_ILD_atlas_v1	cell_type	pDC	IRF8	1.09012331093998	85.9602649006623	0.870955722745947
Lung	BI_PF_ILD_atlas_v1	cell_type	pDC	SLC15A4	1.84510885088063	80.6622516556291	0.870287820490314
Lung	BI_PF_ILD_atlas_v1	cell_type	pDC	CD2AP	1.41260076876406	82.2516556291391	0.867037667204148
Lung	BI_PF_ILD_atlas_v1	cell_type	pDC	GAB1	2.403039380594	77.4834437086093	0.859297912131722
Lung	BI_PF_ILD_atlas_v1	cell_type	pDC	IL3RA	0.695998139337475	86.3576158940397	0.858195986736463
Lung	BI_PF_ILD_atlas_v1	cell_type	pDC	IRF7	1.4693987912978	77.8807947019868	0.851975496761971
Lung	BI_PF_ILD_atlas_v1	cell_type	pDC	PDE4B	0.606839545166728	88.0794701986755	0.850888385499321
Lung	BI_PF_ILD_atlas_v1	cell_type	pDC	FAM160A1	3.72359863031111	70.9933774834437	0.846209939025506
Lung	BI_PF_ILD_atlas_v1	cell_type	pDC	CXCR4	-0.129835900111311	92.1854304635762	0.842182272784174
Lung	BI_PF_ILD_atlas_v1	cell_type	pDC	ITM2C	2.08076545859508	72.0529801324503	0.840860010102586
Lung	BI_PF_ILD_atlas_v1	cell_type	pDC	CDYL	1.6045525314837	78.6754966887417	0.839664629478282
Lung	BI_PF_ILD_atlas_v1	cell_type	pDC	POLB	2.64242844129948	71.523178807947	0.83761893806266
Lung	BI_PF_ILD_atlas_v1	cell_type	pDC	CLN8	0.978947708395546	80.2649006622517	0.837435879003157
Lung	BI_PF_ILD_atlas_v1	cell_type	pDC	PLAC8	0.437746989875612	79.4701986754967	0.835131933406627
Lung	BI_PF_ILD_atlas_v1	cell_type	pDC	IKZF1	0.812378616542637	81.1920529801324	0.834336872405084
Lung	BI_PF_ILD_atlas_v1	cell_type	pDC	CLIC3	1.56948342662507	71.523178807947	0.831042664723225
Lung	BI_PF_ILD_atlas_v1	cell_type	pDC	MOB1B	1.94319306550197	73.9072847682119	0.830090041482999
Lung	BI_PF_ILD_atlas_v1	cell_type	pDC	CXCR3	3.7824108893046	66.4900662251656	0.829076169424575
Lung	BI_PF_ILD_atlas_v1	cell_type	pDC	PLD4	2.98995620169956	67.0198675496689	0.829068099236982
Lung	BI_PF_ILD_atlas_v1	cell_type	pDC	PRKCB	0.248036630922568	83.3112582781457	0.827297093900603
Lung	BI_PF_ILD_atlas_v1	cell_type	pDC	RABGAP1L	0.555170014881115	86.2251655629139	0.825806683451526
Lung	BI_PF_ILD_atlas_v1	cell_type	pDC	ZFAT	3.34993850728605	67.0198675496689	0.822316131299217
Lung	BI_PF_ILD_atlas_v1	cell_type	pDC	RAPGEF2	1.76177669195933	75.4966887417219	0.821980761274016
Lung	BI_PF_ILD_atlas_v1	cell_type	pDC	HERPUD1	-0.139850049246613	91.6556291390728	0.821677932712293
Lung	BI_PF_ILD_atlas_v1	cell_type	pDC	SNX9	0.183484292492524	87.8145695364238	0.820603069812636
Lung	BI_PF_ILD_atlas_v1	cell_type	pDC	HIVEP1	1.39198004318722	74.5695364238411	0.81937755412923
Lung	BI_PF_ILD_atlas_v1	cell_type	pDC	SEC61B	-0.709831144536144	94.3046357615894	0.813193731932151
Lung	BI_PF_ILD_atlas_v1	cell_type	pDC	CORO1C	0.195750707154913	88.2119205298013	0.811643067573081
Lung	BI_PF_ILD_atlas_v1	cell_type	pDC	LPIN1	1.41916000160895	70.4635761589404	0.809835945532084
Lung	BI_PF_ILD_atlas_v1	cell_type	pDC	CERS6	0.800649909167463	77.0860927152318	0.809739287303551
Lung	BI_PF_ILD_atlas_v1	cell_type	pDC	TSPAN13	0.545252419491252	70.5960264900662	0.805432071566891
Lung	BI_PF_ILD_atlas_v1	cell_type	pDC	CREB3L2	1.20110046406007	71.9205298013245	0.80538652437239
Lung	BI_PF_ILD_atlas_v1	cell_type	pDC	ZC3HAV1	0.880467494487403	80.2649006622517	0.804097933953098
Lung	BI_PF_ILD_atlas_v1	cell_subtype	AT1	EMP2	4.0059861664197	98.224043715847	0.975805586821543
Lung	BI_PF_ILD_atlas_v1	cell_subtype	AT1	AGER	6.28947518842003	92.4408014571949	0.957762460455894
Lung	BI_PF_ILD_atlas_v1	cell_subtype	AT1	CAV1	3.25480238040465	95.856102003643	0.95244187238213
Lung	BI_PF_ILD_atlas_v1	cell_subtype	AT1	LMO7	3.18575691547695	95.6739526411658	0.952376904840826
Lung	BI_PF_ILD_atlas_v1	cell_subtype	AT1	GPRC5A	2.76387449008786	96.5391621129326	0.950195813786647
Lung	BI_PF_ILD_atlas_v1	cell_subtype	AT1	KRT7	3.13106072394395	93.3515482695811	0.936571994650032
Lung	BI_PF_ILD_atlas_v1	cell_subtype	AT1	HOPX	2.40507313914063	92.9872495446266	0.911711134783177
Lung	BI_PF_ILD_atlas_v1	cell_subtype	AT1	KRT19	1.51700217647588	92.7595628415301	0.903661920425394
Lung	BI_PF_ILD_atlas_v1	cell_subtype	AT1	LIMCH1	2.54263000920185	87.3406193078324	0.896368338006079
Lung	BI_PF_ILD_atlas_v1	cell_subtype	AT1	CAV2	2.93065719144968	84.8360655737705	0.8959005396822
Lung	BI_PF_ILD_atlas_v1	cell_subtype	AT1	TSPAN13	2.82147555316448	85.4280510018215	0.895411519605273
Lung	BI_PF_ILD_atlas_v1	cell_subtype	AT1	CEACAM6	2.93477423192756	83.3788706739526	0.892859369192419
Lung	BI_PF_ILD_atlas_v1	cell_subtype	AT1	CLDN18	3.26477416081823	82.8324225865209	0.886809391819676
Lung	BI_PF_ILD_atlas_v1	cell_subtype	AT1	SFTA2	1.51374879683387	89.6630236794171	0.885710959962036
Lung	BI_PF_ILD_atlas_v1	cell_subtype	AT1	CADM1	2.52177707442571	84.016393442623	0.883758298197587
Lung	BI_PF_ILD_atlas_v1	cell_subtype	AT1	CYP4B1	2.34540219748446	83.287795992714	0.875622136333061
Lung	BI_PF_ILD_atlas_v1	cell_subtype	AT1	SLC39A8	1.96671895152976	85.5646630236794	0.869560130911358
Lung	BI_PF_ILD_atlas_v1	cell_subtype	AT1	ANXA3	3.55699095193717	76.3205828779599	0.864906629416193
Lung	BI_PF_ILD_atlas_v1	cell_subtype	AT1	AQP4	3.24571872826755	77.4134790528233	0.864694539516893
Lung	BI_PF_ILD_atlas_v1	cell_subtype	AT1	CD55	1.1761394091076	95.8105646630237	0.863547760409301
Lung	BI_PF_ILD_atlas_v1	cell_subtype	AT1	CLIC3	3.19008109414619	77.4134790528233	0.862510232770777
Lung	BI_PF_ILD_atlas_v1	cell_subtype	AT1	MYL9	1.77941737549435	81.0109289617486	0.86129926145837
Lung	BI_PF_ILD_atlas_v1	cell_subtype	AT1	KRT18	1.70592180054815	86.4298724954463	0.859903454941766
Lung	BI_PF_ILD_atlas_v1	cell_subtype	AT1	SCEL	4.77832603195079	72.3132969034608	0.856845156240515
Lung	BI_PF_ILD_atlas_v1	cell_subtype	AT1	SUSD2	2.8039548762641	76.183970856102	0.854805610435805
Lung	BI_PF_ILD_atlas_v1	cell_subtype	AT1	NEDD4L	1.6920376769862	83.1056466302368	0.854579204150988
Lung	BI_PF_ILD_atlas_v1	cell_subtype	AT1	TACSTD2	1.30931859111624	82.0582877959927	0.85049731365753
Lung	BI_PF_ILD_atlas_v1	cell_subtype	AT1	FXYD3	1.18315881097495	83.6520947176685	0.849812095544994
Lung	BI_PF_ILD_atlas_v1	cell_subtype	AT1	CLIC5	3.98652715365531	71.5391621129326	0.847643863884245
Lung	BI_PF_ILD_atlas_v1	cell_subtype	AT1	RNASE1	0.906119984271705	90.4826958105647	0.838028306570398
Lung	BI_PF_ILD_atlas_v1	cell_subtype	AT1	SFTPB	0.706697215590808	84.7449908925319	0.83715181437142
Lung	BI_PF_ILD_atlas_v1	cell_subtype	AT1	TNNC1	4.20834897533232	68.8979963570127	0.834829835896585
Lung	BI_PF_ILD_atlas_v1	cell_subtype	AT1	FOLR1	1.75235625752249	77.4134790528233	0.834276971371519
Lung	BI_PF_ILD_atlas_v1	cell_subtype	AT1	DSTN	0.835029586246819	94.5810564663024	0.833475554811469
Lung	BI_PF_ILD_atlas_v1	cell_subtype	AT1	LAMA3	4.10296197218583	68.1693989071038	0.82978273922953
Lung	BI_PF_ILD_atlas_v1	cell_subtype	AT1	RAB11FIP1	1.27911382603093	90.0273224043716	0.829650464477376
Lung	BI_PF_ILD_atlas_v1	cell_subtype	AT1	MYO1B	2.19699109331425	73.9981785063752	0.827870291165869
Lung	BI_PF_ILD_atlas_v1	cell_subtype	AT1	KRT8	1.37350560020703	79.3715846994536	0.818847706923517
Lung	BI_PF_ILD_atlas_v1	cell_subtype	AT1	SPTBN1	0.913499820940129	82.5591985428051	0.817665108005669
Lung	BI_PF_ILD_atlas_v1	cell_subtype	AT1	NAPSA	0.717946828685843	76.5482695810565	0.815477781776609
Lung	BI_PF_ILD_atlas_v1	cell_subtype	AT1	DAPK2	3.1211749709511	65.5737704918033	0.809414313196679
Lung	BI_PF_ILD_atlas_v1	cell_subtype	AT1	ANKRD29	3.10827894877679	65.1183970856102	0.805347203998715
Lung	BI_PF_ILD_atlas_v1	cell_subtype	AT1	EPCAM	1.46902716056537	72.8597449908925	0.803242913961473
Lung	BI_PF_ILD_atlas_v1	cell_subtype	AT1	NCKAP5	4.88773842207239	62.0673952641166	0.801112245620292
Lung	BI_PF_ILD_atlas_v1	cell_subtype	AT1	NEBL	2.42231197234353	67.1675774134791	0.801060640847112
Lung	BI_PF_ILD_atlas_v1	cell_subtype	AT1	SDC1	2.09527778345541	66.3023679417122	0.799408475126426
Lung	BI_PF_ILD_atlas_v1	cell_subtype	AT1	COL8A1	2.43804088597726	64.1165755919854	0.795555454720727
Lung	BI_PF_ILD_atlas_v1	cell_subtype	AT1	CDH1	1.70072096103104	68.1693989071038	0.795006021906195
Lung	BI_PF_ILD_atlas_v1	cell_subtype	AT1	ARHGEF26	3.29954095660418	61.7030965391621	0.793528565748268
Lung	BI_PF_ILD_atlas_v1	cell_subtype	AT1	CD151	0.933840261445536	84.3351548269581	0.793344720713107
Lung	BI_PF_ILD_atlas_v1	cell_subtype	AT2	SFTPC	7.27203985642883	99.6252857196388	0.991284615389907
Lung	BI_PF_ILD_atlas_v1	cell_subtype	AT2	SFTPA1	6.728722454687	99.3292614381534	0.989541151472336
Lung	BI_PF_ILD_atlas_v1	cell_subtype	AT2	SFTPA2	6.67636411309723	99.3704800089931	0.989391069941316
Lung	BI_PF_ILD_atlas_v1	cell_subtype	AT2	NAPSA	6.32392600699697	99.6028028628171	0.988848970948935
Lung	BI_PF_ILD_atlas_v1	cell_subtype	AT2	SFTA2	6.24203816273702	99.5728257203882	0.988699123494606
Lung	BI_PF_ILD_atlas_v1	cell_subtype	AT2	SFTPB	5.91696855489209	99.9737700003747	0.986654699209025
Lung	BI_PF_ILD_atlas_v1	cell_subtype	AT2	SFTPD	6.76479602279111	97.3732528946678	0.980369378520468
Lung	BI_PF_ILD_atlas_v1	cell_subtype	AT2	HOPX	5.57260897055864	99.0257428710608	0.97957271659664
Lung	BI_PF_ILD_atlas_v1	cell_subtype	AT2	SLC34A2	5.56645456784867	98.8908457301308	0.977576467685462
Lung	BI_PF_ILD_atlas_v1	cell_subtype	AT2	SLPI	4.63597260518147	99.7152171469255	0.969052011617173
Lung	BI_PF_ILD_atlas_v1	cell_subtype	AT2	PEBP4	6.71142975807438	93.9933300858096	0.963141806141175
Lung	BI_PF_ILD_atlas_v1	cell_subtype	AT2	CTSH	4.45690591429187	98.830891445273	0.946357658666301
Lung	BI_PF_ILD_atlas_v1	cell_subtype	AT2	MGST1	4.32536009993748	99.1568928691872	0.946044853701995
Lung	BI_PF_ILD_atlas_v1	cell_subtype	AT2	LAMP3	6.30566883077398	90.5946715629333	0.943355244792244
Lung	BI_PF_ILD_atlas_v1	cell_subtype	AT2	MUC1	5.20416814060003	92.1609772548432	0.939975408140704
Lung	BI_PF_ILD_atlas_v1	cell_subtype	AT2	CXCL17	4.29313038775977	94.5179300783153	0.939163575818506
Lung	BI_PF_ILD_atlas_v1	cell_subtype	AT2	CYB5A	4.15794342691181	98.8758571589163	0.937935278289276
Lung	BI_PF_ILD_atlas_v1	cell_subtype	AT2	S100A14	5.33849786528743	90.8981901300259	0.934501548891064
Lung	BI_PF_ILD_atlas_v1	cell_subtype	AT2	LRRK2	5.43330867423113	91.2878929816015	0.934104482026563
Lung	BI_PF_ILD_atlas_v1	cell_subtype	AT2	PGC	8.28233220424237	86.8737587589463	0.92789904791491
Lung	BI_PF_ILD_atlas_v1	cell_subtype	AT2	LPCAT1	5.05299836881368	89.8002772885675	0.921048654578733
Lung	BI_PF_ILD_atlas_v1	cell_subtype	AT2	ABCA3	6.16032193269665	85.3449244950725	0.915201362914861
Lung	BI_PF_ILD_atlas_v1	cell_subtype	AT2	SDR16C5	6.31323492620266	84.7266459324765	0.914275139613638
Lung	BI_PF_ILD_atlas_v1	cell_subtype	AT2	DHCR24	4.77939565458227	88.7585715891633	0.908690349081053
Lung	BI_PF_ILD_atlas_v1	cell_subtype	AT2	C16orf89	5.1681495156657	84.7828530745307	0.903182422605319
Lung	BI_PF_ILD_atlas_v1	cell_subtype	AT2	TACC2	5.34814626152093	84.0484130850227	0.896527428864998
Lung	BI_PF_ILD_atlas_v1	cell_subtype	AT2	MALL	5.22827445457373	82.7031888185259	0.893453403592955
Lung	BI_PF_ILD_atlas_v1	cell_subtype	AT2	DSTN	3.08951968720274	98.6735114475213	0.889798664353946
Lung	BI_PF_ILD_atlas_v1	cell_subtype	AT2	RNASE1	3.58229583402413	93.3937872372316	0.889572596103834
Lung	BI_PF_ILD_atlas_v1	cell_subtype	AT2	SEPP1	3.73653247019722	90.5946715629333	0.889499492067762
Lung	BI_PF_ILD_atlas_v1	cell_subtype	AT2	FASN	6.19879072553743	80.1963502829093	0.887988773178862
Lung	BI_PF_ILD_atlas_v1	cell_subtype	AT2	PIGR	3.99396762976341	84.6517030764042	0.887725492759631
Lung	BI_PF_ILD_atlas_v1	cell_subtype	AT2	NPC2	3.0287066008778	99.8126428598194	0.886297780270835
Lung	BI_PF_ILD_atlas_v1	cell_subtype	AT2	KRT18	3.59959407773568	88.6086858770188	0.882934577411194
Lung	BI_PF_ILD_atlas_v1	cell_subtype	AT2	SDC4	4.04830378173032	91.621388691123	0.881861945625977
Lung	BI_PF_ILD_atlas_v1	cell_subtype	AT2	SELENBP1	5.10961274590585	81.8713231161239	0.881139466335136
Lung	BI_PF_ILD_atlas_v1	cell_subtype	AT2	MLPH	4.60161650167678	83.8535616592348	0.874771874516751
Lung	BI_PF_ILD_atlas_v1	cell_subtype	AT2	PLA2G1B	7.58714750826569	75.579870348859	0.874619647647046
Lung	BI_PF_ILD_atlas_v1	cell_subtype	AT2	CLDN18	5.96823920777112	76.748978903586	0.874375720800914
Lung	BI_PF_ILD_atlas_v1	cell_subtype	AT2	FGGY	4.92361287790018	80.4399145651441	0.868863473705834
Lung	BI_PF_ILD_atlas_v1	cell_subtype	AT2	ADGRF5	4.56956153158748	79.0234945853787	0.868094314315939
Lung	BI_PF_ILD_atlas_v1	cell_subtype	AT2	MBIP	4.77838868582887	79.9415445722637	0.867437315797799
Lung	BI_PF_ILD_atlas_v1	cell_subtype	AT2	MAL2	4.58455672456545	78.6225503053921	0.865760075269512
Lung	BI_PF_ILD_atlas_v1	cell_subtype	AT2	WFDC2	2.1175869173951	86.6227001911043	0.863759929563864
Lung	BI_PF_ILD_atlas_v1	cell_subtype	AT2	KRT8	3.32921687090512	85.7908344887024	0.863683683981559
Lung	BI_PF_ILD_atlas_v1	cell_subtype	AT2	SLC39A8	4.22665731751813	82.3921759658261	0.860351606929432
Lung	BI_PF_ILD_atlas_v1	cell_subtype	AT2	ZNF385B	6.20467077101236	73.4027803799603	0.856973525308449
Lung	BI_PF_ILD_atlas_v1	cell_subtype	AT2	MFSD2A	5.71263749844396	74.3845317945067	0.85301881053067
Lung	BI_PF_ILD_atlas_v1	cell_subtype	AT2	ATP1B1	3.39754925800067	90.4185558511635	0.852760656197175
Lung	BI_PF_ILD_atlas_v1	cell_subtype	AT2	DUOX1	5.13733974686212	74.6843032187957	0.852357601969795
Lung	BI_PF_ILD_atlas_v1	cell_subtype	Aberrant basaloid	KRT19	2.24660847549147	95.8563535911602	0.934611432348576
Lung	BI_PF_ILD_atlas_v1	cell_subtype	Aberrant basaloid	KRT7	3.54174378108724	92.2651933701657	0.93417825280715
Lung	BI_PF_ILD_atlas_v1	cell_subtype	Aberrant basaloid	KRT8	2.58556515764434	93.0939226519337	0.917823830070285
Lung	BI_PF_ILD_atlas_v1	cell_subtype	Aberrant basaloid	KRT18	2.46859272865562	93.1860036832413	0.914474782885061
Lung	BI_PF_ILD_atlas_v1	cell_subtype	Aberrant basaloid	GPRC5A	2.07750468168168	90.4235727440147	0.901101969895201
Lung	BI_PF_ILD_atlas_v1	cell_subtype	Aberrant basaloid	TM4SF1	1.97698439889283	89.4106813996317	0.897033166183275
Lung	BI_PF_ILD_atlas_v1	cell_subtype	Aberrant basaloid	OCIAD2	3.07247386951103	85.1749539594843	0.89141039757768
Lung	BI_PF_ILD_atlas_v1	cell_subtype	Aberrant basaloid	PON2	2.09970531361849	88.6740331491713	0.88715180193929
Lung	BI_PF_ILD_atlas_v1	cell_subtype	Aberrant basaloid	ITGB6	3.60711702693173	81.767955801105	0.886814706212148
Lung	BI_PF_ILD_atlas_v1	cell_subtype	Aberrant basaloid	MMP7	3.4880586349854	80.8471454880295	0.885837725755975
Lung	BI_PF_ILD_atlas_v1	cell_subtype	Aberrant basaloid	SOX4	2.31783491612448	87.292817679558	0.877158734452835
Lung	BI_PF_ILD_atlas_v1	cell_subtype	Aberrant basaloid	EPCAM	2.42766720222556	84.2541436464088	0.877102373004792
Lung	BI_PF_ILD_atlas_v1	cell_subtype	Aberrant basaloid	TACSTD2	2.34769460722099	84.0699815837937	0.874195731116006
Lung	BI_PF_ILD_atlas_v1	cell_subtype	Aberrant basaloid	CLDN4	2.07528968708787	84.8066298342541	0.872980784623804
Lung	BI_PF_ILD_atlas_v1	cell_subtype	Aberrant basaloid	WFDC2	1.05548646026493	86.8324125230203	0.866006657320195
Lung	BI_PF_ILD_atlas_v1	cell_subtype	Aberrant basaloid	HOPX	1.69885863690987	85.451197053407	0.858788075726824
Lung	BI_PF_ILD_atlas_v1	cell_subtype	Aberrant basaloid	CTSE	3.77030297077866	73.6648250460405	0.855905570209684
Lung	BI_PF_ILD_atlas_v1	cell_subtype	Aberrant basaloid	ZFP36L1	1.08958895557829	95.2117863720074	0.852251359268438
Lung	BI_PF_ILD_atlas_v1	cell_subtype	Aberrant basaloid	PERP	1.71967583086827	81.8600368324125	0.852017465442202
Lung	BI_PF_ILD_atlas_v1	cell_subtype	Aberrant basaloid	LMO7	1.84172232221351	80.6629834254144	0.850560545766974
Lung	BI_PF_ILD_atlas_v1	cell_subtype	Aberrant basaloid	ELF3	1.24857992653503	83.3333333333333	0.847288275684837
Lung	BI_PF_ILD_atlas_v1	cell_subtype	Aberrant basaloid	GDF15	3.16914943242767	76.3351749539595	0.847285417505302
Lung	BI_PF_ILD_atlas_v1	cell_subtype	Aberrant basaloid	CD24	2.30507719087712	75.8747697974217	0.84548587304477
Lung	BI_PF_ILD_atlas_v1	cell_subtype	Aberrant basaloid	SPINT2	1.34297722539102	87.7532228360958	0.84404367509638
Lung	BI_PF_ILD_atlas_v1	cell_subtype	Aberrant basaloid	SFTPB	0.877577087804907	84.8987108655617	0.838728227331435
Lung	BI_PF_ILD_atlas_v1	cell_subtype	Aberrant basaloid	CDH1	2.23906953389249	75.414364640884	0.83866087410276
Lung	BI_PF_ILD_atlas_v1	cell_subtype	Aberrant basaloid	NAPSA	1.21784732924669	79.097605893186	0.833167297521247
Lung	BI_PF_ILD_atlas_v1	cell_subtype	Aberrant basaloid	LAMB3	3.19317756634442	69.2449355432781	0.824419865548577
Lung	BI_PF_ILD_atlas_v1	cell_subtype	Aberrant basaloid	TRAM1	1.32360761652143	89.134438305709	0.824093905910391
Lung	BI_PF_ILD_atlas_v1	cell_subtype	Aberrant basaloid	MDK	2.61791132964397	73.4806629834254	0.823720734020126
Lung	BI_PF_ILD_atlas_v1	cell_subtype	Aberrant basaloid	CEACAM6	2.5889290715097	70.0736648250461	0.822306684546852
Lung	BI_PF_ILD_atlas_v1	cell_subtype	Aberrant basaloid	SEPW1	1.05782033124076	88.4898710865562	0.820372811638573
Lung	BI_PF_ILD_atlas_v1	cell_subtype	Aberrant basaloid	EMP2	1.20095042878208	79.5580110497238	0.819555484379867
Lung	BI_PF_ILD_atlas_v1	cell_subtype	Aberrant basaloid	SFN	2.95060875659942	69.5211786372007	0.819182567452694
Lung	BI_PF_ILD_atlas_v1	cell_subtype	Aberrant basaloid	SLC34A2	1.21088456791961	78.4530386740332	0.817929509998864
Lung	BI_PF_ILD_atlas_v1	cell_subtype	Aberrant basaloid	RAB11FIP1	1.06129412995062	88.9502762430939	0.816672497220493
Lung	BI_PF_ILD_atlas_v1	cell_subtype	Aberrant basaloid	TPM1	2.21255228215359	76.7955801104972	0.814841603034439
Lung	BI_PF_ILD_atlas_v1	cell_subtype	Aberrant basaloid	SDC1	2.45719968384127	68.232044198895	0.811571438522649
Lung	BI_PF_ILD_atlas_v1	cell_subtype	Aberrant basaloid	C8orf4	1.74116674356093	74.0331491712707	0.811423111307733
Lung	BI_PF_ILD_atlas_v1	cell_subtype	Aberrant basaloid	MAL2	1.81015072318131	72.1915285451197	0.811138135432253
Lung	BI_PF_ILD_atlas_v1	cell_subtype	Aberrant basaloid	CLDN7	2.03255983329825	72.0994475138122	0.809700808444171
Lung	BI_PF_ILD_atlas_v1	cell_subtype	Aberrant basaloid	ATP1B1	0.96259524258713	86.2799263351749	0.80909880631048
Lung	BI_PF_ILD_atlas_v1	cell_subtype	Aberrant basaloid	CD151	1.18873964542526	85.2670349907919	0.808812831120906
Lung	BI_PF_ILD_atlas_v1	cell_subtype	Aberrant basaloid	S100A16	1.76818820362331	72.5598526703499	0.808356127739399
Lung	BI_PF_ILD_atlas_v1	cell_subtype	Aberrant basaloid	MGST1	0.539110208254009	90.3314917127072	0.807608115801007
Lung	BI_PF_ILD_atlas_v1	cell_subtype	Aberrant basaloid	DSTN	0.338511108479335	94.2909760589319	0.800951453687752
Lung	BI_PF_ILD_atlas_v1	cell_subtype	Aberrant basaloid	TMEM98	2.35443563463966	67.9558011049724	0.800424138388338
Lung	BI_PF_ILD_atlas_v1	cell_subtype	Aberrant basaloid	SFTA2	0.794116014597842	74.0331491712707	0.800270324321776
Lung	BI_PF_ILD_atlas_v1	cell_subtype	Aberrant basaloid	MYO6	1.53044343029653	73.7569060773481	0.798916944599322
Lung	BI_PF_ILD_atlas_v1	cell_subtype	Aberrant basaloid	TSPAN13	1.80148008806021	69.4290976058932	0.797654174139691
Lung	BI_PF_ILD_atlas_v1	cell_subtype	Activated NK XCL1+	KLRB1	2.35331877866469	76.290832455216	0.861635269867771
Lung	BI_PF_ILD_atlas_v1	cell_subtype	Activated NK XCL1+	SYTL3	0.571488655657342	89.7787144362487	0.855683302600699
Lung	BI_PF_ILD_atlas_v1	cell_subtype	Activated NK XCL1+	CD69	0.560024271288881	80.1896733403583	0.833694924429448
Lung	BI_PF_ILD_atlas_v1	cell_subtype	Activated NK XCL1+	XCL1	3.85417705921674	62.6975763962065	0.808314080413337
Lung	BI_PF_ILD_atlas_v1	cell_subtype	Activated NK XCL1+	CD7	1.53027387448807	66.5964172813488	0.804924899778003
Lung	BI_PF_ILD_atlas_v1	cell_subtype	Activated NK XCL1+	XCL2	3.324418089079	62.1707060063224	0.803844347515605
Lung	BI_PF_ILD_atlas_v1	cell_subtype	Activated NK XCL1+	FYN	0.274698037894407	75.9747102212856	0.78835190668543
Lung	BI_PF_ILD_atlas_v1	cell_subtype	Activated NK XCL1+	CTSW	1.30636239543968	64.172813487882	0.783462655862881
Lung	BI_PF_ILD_atlas_v1	cell_subtype	Activated NK XCL1+	KLRD1	1.09182086342765	60.8008429926238	0.766473327503188
Lung	BI_PF_ILD_atlas_v1	cell_subtype	Activated NK XCL1+	NCALD	1.08459255220868	58.6933614330875	0.751415039752744
Lung	BI_PF_ILD_atlas_v1	cell_subtype	Activated NK XCL1+	CNOT6L	-0.150014339822882	71.2328767123288	0.746136215935235
Lung	BI_PF_ILD_atlas_v1	cell_subtype	Activated NK XCL1+	TXK	2.15694230933567	52.8977871443625	0.7445175969405
Lung	BI_PF_ILD_atlas_v1	cell_subtype	Activated NK XCL1+	MCTP2	1.21749112702681	58.377239199157	0.74444406464102
Lung	BI_PF_ILD_atlas_v1	cell_subtype	Activated NK XCL1+	PPP1R16B	0.417467321748725	57.8503688092729	0.739303432516474
Lung	BI_PF_ILD_atlas_v1	cell_subtype	Activated NK XCL1+	DUSP2	-0.0587139909381023	65.331928345627	0.734166495946725
Lung	BI_PF_ILD_atlas_v1	cell_subtype	Activated NK XCL1+	RNF125	0.749272935129769	55.6375131717597	0.733009579215393
Lung	BI_PF_ILD_atlas_v1	cell_subtype	Activated NK XCL1+	GNLY	1.3627521098358	52.1601685985248	0.730915372069619
Lung	BI_PF_ILD_atlas_v1	cell_subtype	Activated NK XCL1+	BACH2	1.13068408876748	53.1085353003161	0.729242025035298
Lung	BI_PF_ILD_atlas_v1	cell_subtype	Activated NK XCL1+	STAT4	0.341154561988149	58.4826132771338	0.728092671304048
Lung	BI_PF_ILD_atlas_v1	cell_subtype	Activated NK XCL1+	PARP8	0.0763342430101535	65.331928345627	0.726924200075476
Lung	BI_PF_ILD_atlas_v1	cell_subtype	Activated NK XCL1+	CBLB	-0.254273991533493	70.7060063224447	0.722221395192712
Lung	BI_PF_ILD_atlas_v1	cell_subtype	Activated NK XCL1+	CXCR4	-0.811166403092396	83.245521601686	0.718616700785231
Lung	BI_PF_ILD_atlas_v1	cell_subtype	Activated NK XCL1+	AREG	-1.29014103686607	84.6153846153846	0.718375502228725
Lung	BI_PF_ILD_atlas_v1	cell_subtype	Activated NK XCL1+	IFITM2	-1.03148625460433	87.7766069546892	0.716993187338825
Lung	BI_PF_ILD_atlas_v1	cell_subtype	Activated NK XCL1+	KLRC4-KLRK1	1.22395533583008	47.6290832455216	0.715456548599291
Lung	BI_PF_ILD_atlas_v1	cell_subtype	Activated NK XCL1+	CD96	0.71952260700699	49.1043203371971	0.714416251926764
Lung	BI_PF_ILD_atlas_v1	cell_subtype	Activated NK XCL1+	DENND4A	-0.0907717692647507	74.8155953635406	0.709604370217295
Lung	BI_PF_ILD_atlas_v1	cell_subtype	Activated NK XCL1+	SKAP1	0.482731246288652	50.6849315068493	0.708583209831634
Lung	BI_PF_ILD_atlas_v1	cell_subtype	Activated NK XCL1+	TNFRSF18	2.31312044774439	43.3087460484721	0.706988121413331
Lung	BI_PF_ILD_atlas_v1	cell_subtype	Activated NK XCL1+	ARHGAP15	-0.338996828963032	68.809272918862	0.705534416074972
Lung	BI_PF_ILD_atlas_v1	cell_subtype	Activated NK XCL1+	RPL17-C18orf32	-0.627661089841717	84.9315068493151	0.70470839026471
Lung	BI_PF_ILD_atlas_v1	cell_subtype	Activated NK XCL1+	XYLT1	0.121114986624508	55.8482613277134	0.704680802164583
Lung	BI_PF_ILD_atlas_v1	cell_subtype	Activated NK XCL1+	KLRC1	2.48069031113845	41.9388830347734	0.702321634406597
Lung	BI_PF_ILD_atlas_v1	cell_subtype	Activated NK XCL1+	CCND3	-0.388293828849655	71.9704952581665	0.698329666497034
Lung	BI_PF_ILD_atlas_v1	cell_subtype	Activated NK XCL1+	ATP8B4	1.24703258201271	45.7323498419389	0.696086907810806
Lung	BI_PF_ILD_atlas_v1	cell_subtype	Activated NK XCL1+	NFKB1	-0.36430325026677	69.8630136986301	0.692501281590543
Lung	BI_PF_ILD_atlas_v1	cell_subtype	Activated NK XCL1+	ZFP36L2	-1.10961449068708	89.4625922023182	0.691409398662799
Lung	BI_PF_ILD_atlas_v1	cell_subtype	Activated NK XCL1+	RUNX2	0.842951519138469	45.9430979978925	0.688326872216039
Lung	BI_PF_ILD_atlas_v1	cell_subtype	Activated NK XCL1+	CD247	0.251136363965107	45.6269757639621	0.687853131519234
Lung	BI_PF_ILD_atlas_v1	cell_subtype	Activated NK XCL1+	SIK3	-0.421029151642208	79.4520547945205	0.687726107391724
Lung	BI_PF_ILD_atlas_v1	cell_subtype	Activated NK XCL1+	RP11-277P12.6	2.25068270355028	39.1991570073762	0.687236736478399
Lung	BI_PF_ILD_atlas_v1	cell_subtype	Activated NK XCL1+	INPP5D	0.147804973178696	52.6870389884089	0.686879896465001
Lung	BI_PF_ILD_atlas_v1	cell_subtype	Activated NK XCL1+	NKG7	-0.438767872827977	48.9989462592202	0.685876849535415
Lung	BI_PF_ILD_atlas_v1	cell_subtype	Activated NK XCL1+	PRKX	0.792725460862406	49.1043203371971	0.684999686676736
Lung	BI_PF_ILD_atlas_v1	cell_subtype	Activated NK XCL1+	CARD11	0.692157209950022	44.6786090621707	0.684139867168471
Lung	BI_PF_ILD_atlas_v1	cell_subtype	Activated NK XCL1+	RUNX3	0.225914877205369	48.2613277133825	0.683293336397964
Lung	BI_PF_ILD_atlas_v1	cell_subtype	Activated NK XCL1+	IL7R	-0.446556685572337	59.3256059009484	0.683047848383759
Lung	BI_PF_ILD_atlas_v1	cell_subtype	Activated NK XCL1+	NOL4L	0.781029982973985	47.2075869336143	0.68131707199789
Lung	BI_PF_ILD_atlas_v1	cell_subtype	Activated NK XCL1+	PRKCH	-0.39324728364163	63.6459430979979	0.680472844460287
Lung	BI_PF_ILD_atlas_v1	cell_subtype	Activated NK XCL1+	PLCG2	0.304961588589978	54.0569020021075	0.678962991666973
Lung	BI_PF_ILD_atlas_v1	cell_subtype	Adventital fibroblast	DCN	5.05527589012611	99.4636316064887	0.988068088996269
Lung	BI_PF_ILD_atlas_v1	cell_subtype	Adventital fibroblast	FBLN1	4.86104921867117	98.8880167451596	0.985525516105146
Lung	BI_PF_ILD_atlas_v1	cell_subtype	Adventital fibroblast	IGFBP6	6.2676186817664	96.6509680795395	0.977784507862978
Lung	BI_PF_ILD_atlas_v1	cell_subtype	Adventital fibroblast	CFD	4.58258747179202	97.4228152799581	0.968651333428918
Lung	BI_PF_ILD_atlas_v1	cell_subtype	Adventital fibroblast	C1R	4.0921876054636	96.7948717948718	0.967415189778855
Lung	BI_PF_ILD_atlas_v1	cell_subtype	Adventital fibroblast	C1S	3.88095841277636	96.7948717948718	0.96576631521937
Lung	BI_PF_ILD_atlas_v1	cell_subtype	Adventital fibroblast	COL6A2	3.5753468911453	97.0434327577185	0.962509015565318
Lung	BI_PF_ILD_atlas_v1	cell_subtype	Adventital fibroblast	MGP	3.36727020881237	98.5478806907378	0.961784052616454
Lung	BI_PF_ILD_atlas_v1	cell_subtype	Adventital fibroblast	CCDC80	4.71357604963708	95.6043956043956	0.956073637337676
Lung	BI_PF_ILD_atlas_v1	cell_subtype	Adventital fibroblast	PLAC9	4.37684054386409	93.3935112506541	0.954136175267455
Lung	BI_PF_ILD_atlas_v1	cell_subtype	Adventital fibroblast	SERPINF1	3.6159219622084	96.1538461538462	0.954126975820304
Lung	BI_PF_ILD_atlas_v1	cell_subtype	Adventital fibroblast	C3	3.59672529303354	96.8341182626897	0.953824807651857
Lung	BI_PF_ILD_atlas_v1	cell_subtype	Adventital fibroblast	SPARCL1	2.28641647622966	96.7425431711146	0.949775761327092
Lung	BI_PF_ILD_atlas_v1	cell_subtype	Adventital fibroblast	FSTL1	4.42578125258359	93.0141287284144	0.948804893938131
Lung	BI_PF_ILD_atlas_v1	cell_subtype	Adventital fibroblast	COL1A2	2.71335689469387	95.8529565672423	0.945117934745412
Lung	BI_PF_ILD_atlas_v1	cell_subtype	Adventital fibroblast	SFRP2	5.3227725521617	91.1826268969126	0.944746683865104
Lung	BI_PF_ILD_atlas_v1	cell_subtype	Adventital fibroblast	GSN	2.87196916762843	97.6844583987441	0.943344690964528
Lung	BI_PF_ILD_atlas_v1	cell_subtype	Adventital fibroblast	IGFBP4	3.39762587169753	93.8513867085296	0.942160440517378
Lung	BI_PF_ILD_atlas_v1	cell_subtype	Adventital fibroblast	CLU	2.99897098542941	94.7933019361591	0.940359723706324
Lung	BI_PF_ILD_atlas_v1	cell_subtype	Adventital fibroblast	ADH1B	4.83848106278093	89.9005756148613	0.939848465954521
Lung	BI_PF_ILD_atlas_v1	cell_subtype	Adventital fibroblast	TIMP3	2.6176872405774	93.3673469387755	0.939555201172762
Lung	BI_PF_ILD_atlas_v1	cell_subtype	Adventital fibroblast	FBN1	5.21235464049071	90.0575614861329	0.93897289991902
Lung	BI_PF_ILD_atlas_v1	cell_subtype	Adventital fibroblast	LUM	2.81590051004231	93.0664573521716	0.934231036047248
Lung	BI_PF_ILD_atlas_v1	cell_subtype	Adventital fibroblast	CALD1	2.16414884075727	95.1596023024594	0.933826762506112
Lung	BI_PF_ILD_atlas_v1	cell_subtype	Adventital fibroblast	MMP2	3.16770136788595	92.7655677655678	0.933464058791449
Lung	BI_PF_ILD_atlas_v1	cell_subtype	Adventital fibroblast	ABI3BP	4.20422817541469	89.2857142857143	0.933317261945147
Lung	BI_PF_ILD_atlas_v1	cell_subtype	Adventital fibroblast	COL6A1	3.26467244925583	91.4050235478807	0.931549420437065
Lung	BI_PF_ILD_atlas_v1	cell_subtype	Adventital fibroblast	EFEMP1	3.56839041340125	91.1695447409733	0.929694364890725
Lung	BI_PF_ILD_atlas_v1	cell_subtype	Adventital fibroblast	FBLN2	4.55103816503248	87.2710622710623	0.927803411834934
Lung	BI_PF_ILD_atlas_v1	cell_subtype	Adventital fibroblast	SCARA5	5.95794830539647	85.5834641548927	0.925794805993558
Lung	BI_PF_ILD_atlas_v1	cell_subtype	Adventital fibroblast	LAMA2	4.489367654694	87.6373626373626	0.919718033006492
Lung	BI_PF_ILD_atlas_v1	cell_subtype	Adventital fibroblast	NNMT	2.48488020946022	93.1187859759288	0.916830046067361
Lung	BI_PF_ILD_atlas_v1	cell_subtype	Adventital fibroblast	IGFBP5	4.40504959736324	86.6169544740973	0.916261862958641
Lung	BI_PF_ILD_atlas_v1	cell_subtype	Adventital fibroblast	MFAP5	6.80108046252664	84.0790162218734	0.915935710099012
Lung	BI_PF_ILD_atlas_v1	cell_subtype	Adventital fibroblast	PRELP	4.52206101659056	84.6284667713239	0.914201195013299
Lung	BI_PF_ILD_atlas_v1	cell_subtype	Adventital fibroblast	SERPING1	2.10902852901387	96.9649398220827	0.913564111201268
Lung	BI_PF_ILD_atlas_v1	cell_subtype	Adventital fibroblast	MFAP4	3.21096816863393	86.6823652537938	0.912012510719972
Lung	BI_PF_ILD_atlas_v1	cell_subtype	Adventital fibroblast	PLA2G2A	6.83615894336114	83.1501831501832	0.911581895062387
Lung	BI_PF_ILD_atlas_v1	cell_subtype	Adventital fibroblast	UAP1	3.4669247483661	89.3249607535322	0.909402348434399
Lung	BI_PF_ILD_atlas_v1	cell_subtype	Adventital fibroblast	IFITM3	1.34787599784199	97.4751439037153	0.899442807590557
Lung	BI_PF_ILD_atlas_v1	cell_subtype	Adventital fibroblast	AKAP12	2.98782375889712	85.0863422291994	0.898106663960923
Lung	BI_PF_ILD_atlas_v1	cell_subtype	Adventital fibroblast	PMP22	1.9617153501587	91.548927263213	0.89809749415378
Lung	BI_PF_ILD_atlas_v1	cell_subtype	Adventital fibroblast	CRISPLD2	3.85499181200086	83.5949764521193	0.896146088603526
Lung	BI_PF_ILD_atlas_v1	cell_subtype	Adventital fibroblast	GPX3	2.66452526888752	87.7158555729984	0.89489244801736
Lung	BI_PF_ILD_atlas_v1	cell_subtype	Adventital fibroblast	PCOLCE	3.52077341219852	83.5688121402407	0.892396503273496
Lung	BI_PF_ILD_atlas_v1	cell_subtype	Adventital fibroblast	PTGIS	4.33916938704453	80.1936159079016	0.890303780406195
Lung	BI_PF_ILD_atlas_v1	cell_subtype	Adventital fibroblast	LTBP4	3.11346084699279	82.83621140764	0.890158965872364
Lung	BI_PF_ILD_atlas_v1	cell_subtype	Adventital fibroblast	SELM	1.93373214249776	90.1098901098901	0.88872592206756
Lung	BI_PF_ILD_atlas_v1	cell_subtype	Adventital fibroblast	TIMP1	1.90527942243516	97.854526425955	0.888336946036457
Lung	BI_PF_ILD_atlas_v1	cell_subtype	Adventital fibroblast	PRRX1	4.27455334231674	80.3636839351125	0.888055129607648
Lung	BI_PF_ILD_atlas_v1	cell_subtype	Alveolar fibroblast	A2M	4.78781194018901	98.6051743532059	0.976086711376147
Lung	BI_PF_ILD_atlas_v1	cell_subtype	Alveolar fibroblast	LUM	4.42727620299168	97.3903262092238	0.961273789168476
Lung	BI_PF_ILD_atlas_v1	cell_subtype	Alveolar fibroblast	DCN	3.66387879469798	98.9201349831271	0.960069883092581
Lung	BI_PF_ILD_atlas_v1	cell_subtype	Alveolar fibroblast	FBLN1	3.82723262173701	94.9381327334083	0.944479997413721
Lung	BI_PF_ILD_atlas_v1	cell_subtype	Alveolar fibroblast	MGP	3.29946956696625	97.9077615298088	0.943473877120882
Lung	BI_PF_ILD_atlas_v1	cell_subtype	Alveolar fibroblast	RARRES2	4.11095100819384	93.970753655793	0.942079885019288
Lung	BI_PF_ILD_atlas_v1	cell_subtype	Alveolar fibroblast	SPARCL1	2.6886286013292	97.525309336333	0.941000612304452
Lung	BI_PF_ILD_atlas_v1	cell_subtype	Alveolar fibroblast	PTGDS	4.54362438649578	91.9460067491564	0.939001832111661
Lung	BI_PF_ILD_atlas_v1	cell_subtype	Alveolar fibroblast	ADH1B	4.47774268976537	90.8661417322835	0.936054388394206
Lung	BI_PF_ILD_atlas_v1	cell_subtype	Alveolar fibroblast	MFAP4	4.7225444588156	89.718785151856	0.929186622682932
Lung	BI_PF_ILD_atlas_v1	cell_subtype	Alveolar fibroblast	COL6A2	3.43145287340581	93.3408323959505	0.927756580210337
Lung	BI_PF_ILD_atlas_v1	cell_subtype	Alveolar fibroblast	C1S	3.71840671834328	92.4859392575928	0.927707350848682
Lung	BI_PF_ILD_atlas_v1	cell_subtype	Alveolar fibroblast	C7	4.4061553907303	88.9988751406074	0.927214720146002
Lung	BI_PF_ILD_atlas_v1	cell_subtype	Alveolar fibroblast	COL1A2	3.12604920744278	92.9358830146232	0.924076481396592
Lung	BI_PF_ILD_atlas_v1	cell_subtype	Alveolar fibroblast	CALD1	2.49900662307989	94.1057367829021	0.916729612037531
Lung	BI_PF_ILD_atlas_v1	cell_subtype	Alveolar fibroblast	COL6A3	4.23381502987118	88.2114735658043	0.916432301049923
Lung	BI_PF_ILD_atlas_v1	cell_subtype	Alveolar fibroblast	COL6A1	3.47023933292448	86.8166479190101	0.897554268467363
Lung	BI_PF_ILD_atlas_v1	cell_subtype	Alveolar fibroblast	MMP2	3.76215513936545	87.4915635545557	0.895999448387021
Lung	BI_PF_ILD_atlas_v1	cell_subtype	Alveolar fibroblast	C1R	3.07753276760277	88.2789651293588	0.895682718543378
Lung	BI_PF_ILD_atlas_v1	cell_subtype	Alveolar fibroblast	SCN7A	5.47749762926131	79.0776152980877	0.889200808126094
Lung	BI_PF_ILD_atlas_v1	cell_subtype	Alveolar fibroblast	TIMP3	2.86553711488792	85.511811023622	0.888199455995428
Lung	BI_PF_ILD_atlas_v1	cell_subtype	Alveolar fibroblast	CFD	2.46203546744172	93.2958380202475	0.883892769462078
Lung	BI_PF_ILD_atlas_v1	cell_subtype	Alveolar fibroblast	CDH11	4.48330727581535	79.1451068616423	0.879396290662284
Lung	BI_PF_ILD_atlas_v1	cell_subtype	Alveolar fibroblast	LAMA2	3.82894005807142	80.607424071991	0.876792311487984
Lung	BI_PF_ILD_atlas_v1	cell_subtype	Alveolar fibroblast	CFH	3.47442257784491	83.3520809898763	0.876782432832943
Lung	BI_PF_ILD_atlas_v1	cell_subtype	Alveolar fibroblast	COL1A1	2.57606635868644	82.8346456692913	0.873626895437648
Lung	BI_PF_ILD_atlas_v1	cell_subtype	Alveolar fibroblast	IGFBP7	1.76787057492592	91.5635545556805	0.87345667541893
Lung	BI_PF_ILD_atlas_v1	cell_subtype	Alveolar fibroblast	SPARC	2.42773539012771	88.8638920134983	0.872689642654458
Lung	BI_PF_ILD_atlas_v1	cell_subtype	Alveolar fibroblast	COL3A1	3.04043548542726	82.2947131608549	0.872684760485764
Lung	BI_PF_ILD_atlas_v1	cell_subtype	Alveolar fibroblast	DST	2.42196727794516	91.3385826771654	0.872067495629336
Lung	BI_PF_ILD_atlas_v1	cell_subtype	Alveolar fibroblast	CYR61	3.73944075640999	81.0798650168729	0.862516092595682
Lung	BI_PF_ILD_atlas_v1	cell_subtype	Alveolar fibroblast	FHL1	3.04194594558854	84.1844769403825	0.862170373563781
Lung	BI_PF_ILD_atlas_v1	cell_subtype	Alveolar fibroblast	PLAC9	3.0298561673357	79.7525309336333	0.861345539326362
Lung	BI_PF_ILD_atlas_v1	cell_subtype	Alveolar fibroblast	SERPING1	2.01188929235087	92.8008998875141	0.860551766275736
Lung	BI_PF_ILD_atlas_v1	cell_subtype	Alveolar fibroblast	PLEKHH2	4.49800853146396	73.6332958380202	0.855452298520567
Lung	BI_PF_ILD_atlas_v1	cell_subtype	Alveolar fibroblast	CRISPLD2	3.1472511005941	77.1203599550056	0.855031046352204
Lung	BI_PF_ILD_atlas_v1	cell_subtype	Alveolar fibroblast	ELN	3.62271608236891	75.8380202474691	0.854905626783141
Lung	BI_PF_ILD_atlas_v1	cell_subtype	Alveolar fibroblast	PALLD	2.61172390961252	82.0472440944882	0.852799891261806
Lung	BI_PF_ILD_atlas_v1	cell_subtype	Alveolar fibroblast	NNMT	2.73630706452714	83.3520809898763	0.852100953574119
Lung	BI_PF_ILD_atlas_v1	cell_subtype	Alveolar fibroblast	FN1	1.45632658854641	96.9178852643419	0.84762219901961
Lung	BI_PF_ILD_atlas_v1	cell_subtype	Alveolar fibroblast	PMP22	2.16938939863914	87.244094488189	0.846739358120891
Lung	BI_PF_ILD_atlas_v1	cell_subtype	Alveolar fibroblast	ITGA8	4.84977704726402	70.6861642294713	0.845189314942786
Lung	BI_PF_ILD_atlas_v1	cell_subtype	Alveolar fibroblast	FSTL1	2.70329101736235	76.8503937007874	0.842744026429434
Lung	BI_PF_ILD_atlas_v1	cell_subtype	Alveolar fibroblast	MYLK	3.23866458730892	73.0708661417323	0.839686143738101
Lung	BI_PF_ILD_atlas_v1	cell_subtype	Alveolar fibroblast	SPON1	4.26839894822739	70.7761529808774	0.839328965644175
Lung	BI_PF_ILD_atlas_v1	cell_subtype	Alveolar fibroblast	LTBP4	3.21412052941616	73.8582677165354	0.837588702549111
Lung	BI_PF_ILD_atlas_v1	cell_subtype	Alveolar fibroblast	GPC3	4.7544921257473	69.8762654668166	0.837024444790416
Lung	BI_PF_ILD_atlas_v1	cell_subtype	Alveolar fibroblast	SERPINF1	2.91835323266475	79.2350956130484	0.836085767090912
Lung	BI_PF_ILD_atlas_v1	cell_subtype	Alveolar fibroblast	EMILIN1	4.02491039100492	70.5061867266592	0.833524932444973
Lung	BI_PF_ILD_atlas_v1	cell_subtype	Alveolar fibroblast	MYH10	3.75714178024428	70.8211473565804	0.83269630410686
Lung	BI_PF_ILD_atlas_v1	cell_subtype	Artery	EPAS1	2.8018937008969	98.1716607414931	0.964191330592118
Lung	BI_PF_ILD_atlas_v1	cell_subtype	Artery	CLDN5	3.63005181776287	94.7689182326054	0.961558283031833
Lung	BI_PF_ILD_atlas_v1	cell_subtype	Artery	PTPRB	3.75815815757324	89.1823260538344	0.936850692988382
Lung	BI_PF_ILD_atlas_v1	cell_subtype	Artery	IFI27	2.1173944913335	96.4448958862367	0.929581934679441
Lung	BI_PF_ILD_atlas_v1	cell_subtype	Artery	VWF	2.35662684681042	89.2331132554596	0.927975321008573
Lung	BI_PF_ILD_atlas_v1	cell_subtype	Artery	RAMP2	3.3801880548361	88.0142204164551	0.925005574305524
Lung	BI_PF_ILD_atlas_v1	cell_subtype	Artery	TM4SF1	2.26899136004196	92.9405789740985	0.92271115574581
Lung	BI_PF_ILD_atlas_v1	cell_subtype	Artery	LDB2	2.70672809554467	85.5764347384459	0.909326445899626
Lung	BI_PF_ILD_atlas_v1	cell_subtype	Artery	FAM107A	4.30624481786473	83.0878618588116	0.907332445841906
Lung	BI_PF_ILD_atlas_v1	cell_subtype	Artery	CALCRL	3.39401301594616	84.0528186896902	0.904885663906263
Lung	BI_PF_ILD_atlas_v1	cell_subtype	Artery	IFITM3	1.41376428495319	97.866937531742	0.904425774629529
Lung	BI_PF_ILD_atlas_v1	cell_subtype	Artery	PECAM1	1.76993003234424	93.8039614017268	0.902175053191848
Lung	BI_PF_ILD_atlas_v1	cell_subtype	Artery	MGP	1.55561637151818	92.1787709497207	0.899063498913855
Lung	BI_PF_ILD_atlas_v1	cell_subtype	Artery	CLEC14A	4.0733785850244	80.9040121889284	0.896107565925369
Lung	BI_PF_ILD_atlas_v1	cell_subtype	Artery	CAV1	1.88574010352264	87.6079228034535	0.890293340336381
Lung	BI_PF_ILD_atlas_v1	cell_subtype	Artery	C10orf10	3.83088927078789	80.1929913661757	0.883231562711414
Lung	BI_PF_ILD_atlas_v1	cell_subtype	Artery	CRIP2	2.13402067880245	84.1036058913154	0.878945598107105
Lung	BI_PF_ILD_atlas_v1	cell_subtype	Artery	IFITM2	0.867356171366875	96.0893854748603	0.878776792239892
Lung	BI_PF_ILD_atlas_v1	cell_subtype	Artery	TIMP3	2.12980372080684	84.4083291010665	0.877725274702058
Lung	BI_PF_ILD_atlas_v1	cell_subtype	Artery	SLC9A3R2	3.3124571762482	79.5327577450482	0.873864162169036
Lung	BI_PF_ILD_atlas_v1	cell_subtype	Artery	TFPI	1.8472162522229	86.5413915693245	0.865860200468595
Lung	BI_PF_ILD_atlas_v1	cell_subtype	Artery	ID1	2.30768618591402	82.5799898425597	0.863737584192026
Lung	BI_PF_ILD_atlas_v1	cell_subtype	Artery	S1PR1	3.34222030452689	75.0126968004063	0.863118425307613
Lung	BI_PF_ILD_atlas_v1	cell_subtype	Artery	IL33	3.36284225404423	75.3682072117826	0.860886246094716
Lung	BI_PF_ILD_atlas_v1	cell_subtype	Artery	TMEM100	4.72002359912103	73.3875063484002	0.860579878886574
Lung	BI_PF_ILD_atlas_v1	cell_subtype	Artery	EFNB2	3.53832641090996	74.9111223971559	0.859844747007451
Lung	BI_PF_ILD_atlas_v1	cell_subtype	Artery	TCF4	1.12521306023299	86.389029964449	0.852700617483832
Lung	BI_PF_ILD_atlas_v1	cell_subtype	Artery	EGFL7	2.64725319913881	75.0126968004063	0.851551930495656
Lung	BI_PF_ILD_atlas_v1	cell_subtype	Artery	A2M	0.494708815258217	85.0177755205688	0.851281210821294
Lung	BI_PF_ILD_atlas_v1	cell_subtype	Artery	JAM2	3.44383641509943	72.270187912646	0.85063511702848
Lung	BI_PF_ILD_atlas_v1	cell_subtype	Artery	PLPP1	2.65031114744502	77.602844083291	0.848739681658367
Lung	BI_PF_ILD_atlas_v1	cell_subtype	Artery	ENG	1.61017253276408	85.1701371254444	0.845873628858173
Lung	BI_PF_ILD_atlas_v1	cell_subtype	Artery	CD93	2.02365127284338	76.536312849162	0.845528533008271
Lung	BI_PF_ILD_atlas_v1	cell_subtype	Artery	CDH5	3.26338261181346	71.0005078720162	0.844805825191789
Lung	BI_PF_ILD_atlas_v1	cell_subtype	Artery	PTRF	1.81027910092481	78.5170137125444	0.842198362529441
Lung	BI_PF_ILD_atlas_v1	cell_subtype	Artery	ARGLU1	1.62394062889993	86.4906043676993	0.842082307763888
Lung	BI_PF_ILD_atlas_v1	cell_subtype	Artery	TSPAN7	3.12117394300238	70.8481462671407	0.841615530521099
Lung	BI_PF_ILD_atlas_v1	cell_subtype	Artery	HYAL2	2.30497553670067	74.65718638903	0.841033263357227
Lung	BI_PF_ILD_atlas_v1	cell_subtype	Artery	DKK2	5.85053769577404	68.7150837988827	0.840628597766488
Lung	BI_PF_ILD_atlas_v1	cell_subtype	Artery	STOM	0.99462784011043	91.0614525139665	0.840279783164283
Lung	BI_PF_ILD_atlas_v1	cell_subtype	Artery	EMP1	1.5828557710746	87.0492635855764	0.838219832856671
Lung	BI_PF_ILD_atlas_v1	cell_subtype	Artery	GNG11	1.37817849670071	75.2158456069071	0.834899631459896
Lung	BI_PF_ILD_atlas_v1	cell_subtype	Artery	BST2	1.2004407863408	85.9827323514474	0.834441121525391
Lung	BI_PF_ILD_atlas_v1	cell_subtype	Artery	IGFBP4	1.0381772887987	80.3453529710513	0.832171478695984
Lung	BI_PF_ILD_atlas_v1	cell_subtype	Artery	PIK3R3	2.57346719662736	71.0512950736414	0.831633565730983
Lung	BI_PF_ILD_atlas_v1	cell_subtype	Artery	MT1M	2.77702577350367	72.0670391061452	0.83118543735015
Lung	BI_PF_ILD_atlas_v1	cell_subtype	Artery	SPARCL1	0.855882681334979	78.7201625190452	0.830263765189439
Lung	BI_PF_ILD_atlas_v1	cell_subtype	Artery	GPX3	1.42150271384861	80.9040121889284	0.82876989501647
Lung	BI_PF_ILD_atlas_v1	cell_subtype	Artery	PALMD	2.6680034792519	69.4768918232605	0.826067656327406
Lung	BI_PF_ILD_atlas_v1	cell_subtype	Artery	TNFSF10	2.22553795205475	74.4540375825292	0.825915384595344
Lung	BI_PF_ILD_atlas_v1	cell_subtype	B cell	BANK1	5.79464379752676	84.1340639734931	0.911737745600453
Lung	BI_PF_ILD_atlas_v1	cell_subtype	B cell	TNFRSF13C	7.26456664035015	79.9158914234739	0.898230688311233
Lung	BI_PF_ILD_atlas_v1	cell_subtype	B cell	ADAM28	4.41222874354502	80.8971581496113	0.881505867179661
Lung	BI_PF_ILD_atlas_v1	cell_subtype	B cell	CD79A	6.50599697079859	74.079265961514	0.868207715353783
Lung	BI_PF_ILD_atlas_v1	cell_subtype	B cell	MS4A1	6.95953427983963	73.6842105263158	0.867004784855087
Lung	BI_PF_ILD_atlas_v1	cell_subtype	B cell	ARHGAP24	3.79195145030854	82.8724353256021	0.860437690794472
Lung	BI_PF_ILD_atlas_v1	cell_subtype	B cell	AFF3	4.47950708971662	75.7996686631834	0.85698292182232
Lung	BI_PF_ILD_atlas_v1	cell_subtype	B cell	GNG7	4.6482774399265	70.4473047024341	0.827666116868147
Lung	BI_PF_ILD_atlas_v1	cell_subtype	B cell	ANKRD44	2.83591030403261	83.0635911813432	0.825188863920158
Lung	BI_PF_ILD_atlas_v1	cell_subtype	B cell	SMAP2	1.93299186780825	91.2195743596279	0.813640749036144
Lung	BI_PF_ILD_atlas_v1	cell_subtype	B cell	RALGPS2	4.04390308570076	67.2486300497005	0.803940446316
Lung	BI_PF_ILD_atlas_v1	cell_subtype	B cell	LTB	3.44923530470449	64.8018350962151	0.796908654067064
Lung	BI_PF_ILD_atlas_v1	cell_subtype	B cell	SMCHD1	2.33824140364175	85.2682553842233	0.79597377685228
Lung	BI_PF_ILD_atlas_v1	cell_subtype	B cell	PRKCB	2.70145745900894	75.9398496240601	0.793839590244121
Lung	BI_PF_ILD_atlas_v1	cell_subtype	B cell	CD69	2.3947676559572	70.1796865043966	0.785353544173947
Lung	BI_PF_ILD_atlas_v1	cell_subtype	B cell	ST6GAL1	3.57230715167274	64.9802472282401	0.785140675374467
Lung	BI_PF_ILD_atlas_v1	cell_subtype	B cell	MGAT5	3.2734483323927	73.0979992353766	0.783909735409091
Lung	BI_PF_ILD_atlas_v1	cell_subtype	B cell	BLK	6.2005479580032	56.9899324582643	0.783408312976461
Lung	BI_PF_ILD_atlas_v1	cell_subtype	B cell	CXCR4	1.62227698052339	89.0149101567478	0.783395978491058
Lung	BI_PF_ILD_atlas_v1	cell_subtype	B cell	EBF1	4.41313102707412	59.9592200841086	0.782338284135163
Lung	BI_PF_ILD_atlas_v1	cell_subtype	B cell	RHOH	2.74630436891634	69.5807314897413	0.780606856642415
Lung	BI_PF_ILD_atlas_v1	cell_subtype	B cell	PLCG2	3.21471172442409	68.8288517904932	0.774059502196403
Lung	BI_PF_ILD_atlas_v1	cell_subtype	B cell	MEF2C	2.4552302544642	70.3708423601376	0.772017084323143
Lung	BI_PF_ILD_atlas_v1	cell_subtype	B cell	INPP5D	2.79070334413625	66.433031731872	0.769852647976535
Lung	BI_PF_ILD_atlas_v1	cell_subtype	B cell	BACH2	4.0837395412613	59.0671594239837	0.76834663346647
Lung	BI_PF_ILD_atlas_v1	cell_subtype	B cell	PRDM2	2.63974007290279	72.1804511278195	0.767460526556236
Lung	BI_PF_ILD_atlas_v1	cell_subtype	B cell	BCL11A	3.91877585814468	58.5064355804766	0.76605865878068
Lung	BI_PF_ILD_atlas_v1	cell_subtype	B cell	ARHGAP15	2.08586094987595	75.2262010959602	0.760628170553635
Lung	BI_PF_ILD_atlas_v1	cell_subtype	B cell	LINC00926	5.79827824484823	51.4336689180578	0.75430185974342
Lung	BI_PF_ILD_atlas_v1	cell_subtype	B cell	RPS27	0.990483273910003	99.9872562762839	0.753478748293795
Lung	BI_PF_ILD_atlas_v1	cell_subtype	B cell	NCOA3	2.38001425060528	71.8746017586339	0.744542651244378
Lung	BI_PF_ILD_atlas_v1	cell_subtype	B cell	CD37	1.44109067023455	83.0126162864789	0.74055372074275
Lung	BI_PF_ILD_atlas_v1	cell_subtype	B cell	FNBP1	1.77256707160313	81.1392889002166	0.735738438448304
Lung	BI_PF_ILD_atlas_v1	cell_subtype	B cell	CDC42SE2	1.79276719808888	74.5252962915764	0.733007138552241
Lung	BI_PF_ILD_atlas_v1	cell_subtype	B cell	DENND4A	2.03941120603555	77.2269657193832	0.732904077915774
Lung	BI_PF_ILD_atlas_v1	cell_subtype	B cell	STK4	1.6870244566813	72.7666624187588	0.729358246365689
Lung	BI_PF_ILD_atlas_v1	cell_subtype	B cell	IGHM	3.41493844707256	47.2792149866191	0.729312389380669
Lung	BI_PF_ILD_atlas_v1	cell_subtype	B cell	LY9	4.99667052645146	47.1772651968905	0.727926804529281
Lung	BI_PF_ILD_atlas_v1	cell_subtype	B cell	ARID5B	1.84329909999573	78.4885943672741	0.723958801004638
Lung	BI_PF_ILD_atlas_v1	cell_subtype	B cell	ISG20	1.79562418303077	62.6736332356315	0.722192226288659
Lung	BI_PF_ILD_atlas_v1	cell_subtype	B cell	SSH2	2.02032585909203	76.6662418758761	0.720109052603671
Lung	BI_PF_ILD_atlas_v1	cell_subtype	B cell	TNRC6B	1.68428413041649	75.9525933477762	0.716397112986909
Lung	BI_PF_ILD_atlas_v1	cell_subtype	B cell	RPS29	0.983110516531752	99.8853064865554	0.716032516940431
Lung	BI_PF_ILD_atlas_v1	cell_subtype	B cell	RPL17-C18orf32	1.72475045807539	76.6534981521601	0.714841571058837
Lung	BI_PF_ILD_atlas_v1	cell_subtype	B cell	FCHSD2	2.13193516142954	63.3108194214349	0.711045676497939
Lung	BI_PF_ILD_atlas_v1	cell_subtype	B cell	PLEKHG1	3.02096453709868	49.3819293997706	0.709793741520602
Lung	BI_PF_ILD_atlas_v1	cell_subtype	B cell	CD83	1.6324460290092	75.5193067414298	0.707302989276266
Lung	BI_PF_ILD_atlas_v1	cell_subtype	B cell	JADE3	4.76342187359238	43.7109723461195	0.706958392688629
Lung	BI_PF_ILD_atlas_v1	cell_subtype	B cell	CD79B	4.37530578277868	42.9336051994393	0.706059968116395
Lung	BI_PF_ILD_atlas_v1	cell_subtype	B cell	AC004448.5	1.75052243683402	74.9330954504906	0.704424463634956
Lung	BI_PF_ILD_atlas_v1	cell_subtype	B cell LRMP+	MS4A1	4.50641783812846	96.2025316455696	0.977036360420837
Lung	BI_PF_ILD_atlas_v1	cell_subtype	B cell LRMP+	LRMP	4.42768917574139	96.2025316455696	0.975260618650386
Lung	BI_PF_ILD_atlas_v1	cell_subtype	B cell LRMP+	BACH2	4.05279162375299	94.9367088607595	0.968538325226351
Lung	BI_PF_ILD_atlas_v1	cell_subtype	B cell LRMP+	KIAA0922	2.89259512726088	96.2025316455696	0.963114858408457
Lung	BI_PF_ILD_atlas_v1	cell_subtype	B cell LRMP+	SEL1L3	2.38841510149065	97.4683544303797	0.961624409884169
Lung	BI_PF_ILD_atlas_v1	cell_subtype	B cell LRMP+	ST6GAL1	3.54185401765716	94.9367088607595	0.959385269322667
Lung	BI_PF_ILD_atlas_v1	cell_subtype	B cell LRMP+	PLCG2	2.60562336587265	96.2025316455696	0.956821087348255
Lung	BI_PF_ILD_atlas_v1	cell_subtype	B cell LRMP+	TCL1A	5.81051999769957	89.873417721519	0.948250306045144
Lung	BI_PF_ILD_atlas_v1	cell_subtype	B cell LRMP+	TNFRSF13C	3.74687983280384	91.1392405063291	0.94805239580668
Lung	BI_PF_ILD_atlas_v1	cell_subtype	B cell LRMP+	NCOA3	2.22760313485706	94.9367088607595	0.944279097884902
Lung	BI_PF_ILD_atlas_v1	cell_subtype	B cell LRMP+	RABGAP1L	1.79589020324044	94.9367088607595	0.939677937412122
Lung	BI_PF_ILD_atlas_v1	cell_subtype	B cell LRMP+	AFF3	2.57365195140333	91.1392405063291	0.937639626880729
Lung	BI_PF_ILD_atlas_v1	cell_subtype	B cell LRMP+	TPD52	2.6499224371899	91.1392405063291	0.936712106523955
Lung	BI_PF_ILD_atlas_v1	cell_subtype	B cell LRMP+	CD79B	4.55977588510889	87.3417721518987	0.932162446663314
Lung	BI_PF_ILD_atlas_v1	cell_subtype	B cell LRMP+	CD79A	3.93814389324403	87.3417721518987	0.931265819649102
Lung	BI_PF_ILD_atlas_v1	cell_subtype	B cell LRMP+	FNBP1	0.892295883014941	98.7341772151899	0.929527157263539
Lung	BI_PF_ILD_atlas_v1	cell_subtype	B cell LRMP+	VPREB3	5.40536456954833	86.0759493670886	0.928406210333288
Lung	BI_PF_ILD_atlas_v1	cell_subtype	B cell LRMP+	MARCKSL1	2.64388166115022	91.1392405063291	0.927858487228269
Lung	BI_PF_ILD_atlas_v1	cell_subtype	B cell LRMP+	EBF1	3.35420874477435	87.3417721518987	0.925794572841253
Lung	BI_PF_ILD_atlas_v1	cell_subtype	B cell LRMP+	USP34	1.18333740769814	96.2025316455696	0.924358268447686
Lung	BI_PF_ILD_atlas_v1	cell_subtype	B cell LRMP+	MAP4K4	1.62941128020521	93.6708860759494	0.922647738021437
Lung	BI_PF_ILD_atlas_v1	cell_subtype	B cell LRMP+	RBM6	1.4636949052314	93.6708860759494	0.918402064730743
Lung	BI_PF_ILD_atlas_v1	cell_subtype	B cell LRMP+	SAMD12	3.16725485475366	86.0759493670886	0.91697261360559
Lung	BI_PF_ILD_atlas_v1	cell_subtype	B cell LRMP+	CD22	3.92732477693696	84.8101265822785	0.916288570950141
Lung	BI_PF_ILD_atlas_v1	cell_subtype	B cell LRMP+	TOX	2.98758900621764	86.0759493670886	0.915699056430542
Lung	BI_PF_ILD_atlas_v1	cell_subtype	B cell LRMP+	ZCCHC7	2.29619903036476	89.873417721519	0.914381568623255
Lung	BI_PF_ILD_atlas_v1	cell_subtype	B cell LRMP+	ITSN2	0.79346869417657	94.9367088607595	0.914026991776526
Lung	BI_PF_ILD_atlas_v1	cell_subtype	B cell LRMP+	RGS13	4.42384705598542	83.5443037974684	0.913553942965226
Lung	BI_PF_ILD_atlas_v1	cell_subtype	B cell LRMP+	NLK	2.70290624968407	87.3417721518987	0.909681460931758
Lung	BI_PF_ILD_atlas_v1	cell_subtype	B cell LRMP+	BCL11A	2.92310798903348	84.8101265822785	0.909275060746022
Lung	BI_PF_ILD_atlas_v1	cell_subtype	B cell LRMP+	STRADA	2.82532158284226	87.3417721518987	0.90921383879464
Lung	BI_PF_ILD_atlas_v1	cell_subtype	B cell LRMP+	LPP	1.63835402631954	94.9367088607595	0.904944520914901
Lung	BI_PF_ILD_atlas_v1	cell_subtype	B cell LRMP+	FCHSD2	1.39004434097413	89.873417721519	0.90470756890151
Lung	BI_PF_ILD_atlas_v1	cell_subtype	B cell LRMP+	RHOH	1.86947737774173	88.6075949367088	0.903489213270741
Lung	BI_PF_ILD_atlas_v1	cell_subtype	B cell LRMP+	ISG20	1.42289378992722	91.1392405063291	0.90155791488382
Lung	BI_PF_ILD_atlas_v1	cell_subtype	B cell LRMP+	MEF2C	1.34255369420801	89.873417721519	0.899945248693233
Lung	BI_PF_ILD_atlas_v1	cell_subtype	B cell LRMP+	PRPSAP2	3.37377351396996	83.5443037974684	0.898540224951216
Lung	BI_PF_ILD_atlas_v1	cell_subtype	B cell LRMP+	RAPGEF5	2.53895915495376	82.2784810126582	0.895972165722309
Lung	BI_PF_ILD_atlas_v1	cell_subtype	B cell LRMP+	IRF8	1.30379638812721	91.1392405063291	0.895747610230049
Lung	BI_PF_ILD_atlas_v1	cell_subtype	B cell LRMP+	UVRAG	1.19281556967595	89.873417721519	0.895412555311937
Lung	BI_PF_ILD_atlas_v1	cell_subtype	B cell LRMP+	SNX29	1.49348541828623	91.1392405063291	0.894933100591254
Lung	BI_PF_ILD_atlas_v1	cell_subtype	B cell LRMP+	PIP4K2A	1.30330674955421	91.1392405063291	0.894819408377265
Lung	BI_PF_ILD_atlas_v1	cell_subtype	B cell LRMP+	STAP1	4.15549086422369	79.746835443038	0.894304173753368
Lung	BI_PF_ILD_atlas_v1	cell_subtype	B cell LRMP+	SH3KBP1	1.31416178997173	89.873417721519	0.893540723308379
Lung	BI_PF_ILD_atlas_v1	cell_subtype	B cell LRMP+	EPS15	0.654041265250455	94.9367088607595	0.89335539314023
Lung	BI_PF_ILD_atlas_v1	cell_subtype	B cell LRMP+	LTB	2.47282239411854	82.2784810126582	0.891278921435158
Lung	BI_PF_ILD_atlas_v1	cell_subtype	B cell LRMP+	MGAT5	1.22583711685477	89.873417721519	0.890422799414199
Lung	BI_PF_ILD_atlas_v1	cell_subtype	B cell LRMP+	BCL7A	2.95096933053265	81.0126582278481	0.889034741937172
Lung	BI_PF_ILD_atlas_v1	cell_subtype	B cell LRMP+	AC018890.6	0.784399595364529	96.2025316455696	0.884961179659984
Lung	BI_PF_ILD_atlas_v1	cell_subtype	B cell LRMP+	MCTP2	1.27703527557626	84.8101265822785	0.883297949190823
Lung	BI_PF_ILD_atlas_v1	cell_subtype	Basal	KRT17	7.02288925988433	93.51164797239	0.964408314160318
Lung	BI_PF_ILD_atlas_v1	cell_subtype	Basal	S100A2	6.85193999858065	92.8213977566868	0.959622795633457
Lung	BI_PF_ILD_atlas_v1	cell_subtype	Basal	KRT19	3.8991985359291	96.548748921484	0.954195415560489
Lung	BI_PF_ILD_atlas_v1	cell_subtype	Basal	PERP	3.52599921925293	91.1820534943917	0.926771892629152
Lung	BI_PF_ILD_atlas_v1	cell_subtype	Basal	TACSTD2	3.44253204065166	91.1475409836066	0.923155343800526
Lung	BI_PF_ILD_atlas_v1	cell_subtype	Basal	KRT15	7.32198864955618	83.3994823123382	0.913678412034091
Lung	BI_PF_ILD_atlas_v1	cell_subtype	Basal	KRT5	7.72233398689586	82.6229508196721	0.912003849377629
Lung	BI_PF_ILD_atlas_v1	cell_subtype	Basal	AQP3	3.59828894286768	90.802415875755	0.905034044114732
Lung	BI_PF_ILD_atlas_v1	cell_subtype	Basal	FXYD3	2.60959488334012	89.6980155306298	0.899915246912859
Lung	BI_PF_ILD_atlas_v1	cell_subtype	Basal	KRT18	2.43133281868781	87.3166522864538	0.87576907020986
Lung	BI_PF_ILD_atlas_v1	cell_subtype	Basal	IGFBP2	2.60290152338486	85.4874892148404	0.874444318679861
Lung	BI_PF_ILD_atlas_v1	cell_subtype	Basal	SFN	3.89750340586869	78.1880931837791	0.870719506573546
Lung	BI_PF_ILD_atlas_v1	cell_subtype	Basal	KRT8	2.09300037455963	85.8671268334771	0.85849784213459
Lung	BI_PF_ILD_atlas_v1	cell_subtype	Basal	WFDC2	1.21734388687009	85.6773080241588	0.857106247200998
Lung	BI_PF_ILD_atlas_v1	cell_subtype	Basal	ITGA2	3.96940056882676	73.4081104400345	0.852556491488285
Lung	BI_PF_ILD_atlas_v1	cell_subtype	Basal	ID1	2.73564870640568	79.9309749784297	0.844689477650602
Lung	BI_PF_ILD_atlas_v1	cell_subtype	Basal	CD9	1.32022582300707	96.5314926660915	0.841678459236301
Lung	BI_PF_ILD_atlas_v1	cell_subtype	Basal	SPINT2	1.69740156313537	87.9896462467645	0.835900805105469
Lung	BI_PF_ILD_atlas_v1	cell_subtype	Basal	BCAM	2.87553727051466	74.3054357204487	0.835540947161616
Lung	BI_PF_ILD_atlas_v1	cell_subtype	Basal	ELF3	2.01663400714632	80.2415875754961	0.833804486386309
Lung	BI_PF_ILD_atlas_v1	cell_subtype	Basal	FHL2	3.86513525178128	69.9223468507334	0.833518307029315
Lung	BI_PF_ILD_atlas_v1	cell_subtype	Basal	LAMB3	3.80545792125854	69.3356341673857	0.828516627594815
Lung	BI_PF_ILD_atlas_v1	cell_subtype	Basal	KLF5	2.78326851925427	73.2873166522864	0.823735878866596
Lung	BI_PF_ILD_atlas_v1	cell_subtype	Basal	SERPINF1	1.55885425873399	79.3960310612597	0.823735001556434
Lung	BI_PF_ILD_atlas_v1	cell_subtype	Basal	CLDN1	3.61621249416298	68.1967213114754	0.822903986205121
Lung	BI_PF_ILD_atlas_v1	cell_subtype	Basal	CYB5A	1.33125359222517	92.1829163071613	0.822558023938699
Lung	BI_PF_ILD_atlas_v1	cell_subtype	Basal	ATP1B1	1.73432672224428	87.1268334771355	0.821717195023451
Lung	BI_PF_ILD_atlas_v1	cell_subtype	Basal	EHF	3.0236448054211	69.6635030198447	0.817615886598083
Lung	BI_PF_ILD_atlas_v1	cell_subtype	Basal	MPZL2	2.59728142412766	71.7515099223468	0.813525102695912
Lung	BI_PF_ILD_atlas_v1	cell_subtype	Basal	S100A14	2.25378381111407	73.0284728213978	0.813039525367245
Lung	BI_PF_ILD_atlas_v1	cell_subtype	Basal	GPRC5A	1.92412116492829	76.1518550474547	0.811864933648809
Lung	BI_PF_ILD_atlas_v1	cell_subtype	Basal	ALDH3A1	5.4683268208371	63.3649698015531	0.810572508199609
Lung	BI_PF_ILD_atlas_v1	cell_subtype	Basal	EGFR	3.0470379071378	68.0241587575496	0.80630694310553
Lung	BI_PF_ILD_atlas_v1	cell_subtype	Basal	ADIRF	1.81550103111516	73.0802415875755	0.80556245718216
Lung	BI_PF_ILD_atlas_v1	cell_subtype	Basal	HMGB3	3.23888652687646	67.0923209663503	0.80097311949127
Lung	BI_PF_ILD_atlas_v1	cell_subtype	Basal	RPL10A	1.10555018163806	94.7368421052632	0.800735097611033
Lung	BI_PF_ILD_atlas_v1	cell_subtype	Basal	TSC22D1	1.6610228399848	83.9171699741156	0.800543531255388
Lung	BI_PF_ILD_atlas_v1	cell_subtype	Basal	RPLP1	0.929739793215154	97.1182053494392	0.798498441709052
Lung	BI_PF_ILD_atlas_v1	cell_subtype	Basal	RPS4X	0.887648948788872	95.1682484900777	0.794504535823164
Lung	BI_PF_ILD_atlas_v1	cell_subtype	Basal	PPA1	1.23150790246915	85.2286453839517	0.794025987793263
Lung	BI_PF_ILD_atlas_v1	cell_subtype	Basal	IGFBP7	-0.0758956969215898	82.4331320103537	0.793249111895471
Lung	BI_PF_ILD_atlas_v1	cell_subtype	Basal	LIMA1	1.94208609396948	74.495254529767	0.79230075942786
Lung	BI_PF_ILD_atlas_v1	cell_subtype	Basal	MGST1	0.866274279303331	91.0094909404659	0.790957083909816
Lung	BI_PF_ILD_atlas_v1	cell_subtype	Basal	SDC1	2.8728884447054	64.2795513373598	0.790666845530724
Lung	BI_PF_ILD_atlas_v1	cell_subtype	Basal	KRT7	1.77496351477504	68.5245901639344	0.789779164579731
Lung	BI_PF_ILD_atlas_v1	cell_subtype	Basal	PDLIM1	1.17133158384356	86.6436583261432	0.789387058646156
Lung	BI_PF_ILD_atlas_v1	cell_subtype	Basal	GSTP1	1.16965257613786	94.0638481449525	0.787795033096535
Lung	BI_PF_ILD_atlas_v1	cell_subtype	Basal	F3	3.1943215720335	65.7981018119068	0.786670132662388
Lung	BI_PF_ILD_atlas_v1	cell_subtype	Basal	CLDN4	2.03385154235095	68.9905090595341	0.78344377554126
Lung	BI_PF_ILD_atlas_v1	cell_subtype	Basal	BTF3	0.954548427184395	92.8386540120794	0.782404326992014
Lung	BI_PF_ILD_atlas_v1	cell_subtype	Basophil/Mast	TPSAB1	9.62719599099503	97.5483870967742	0.987484593538616
Lung	BI_PF_ILD_atlas_v1	cell_subtype	Basophil/Mast	TPSB2	9.7228780959734	96.989247311828	0.984585216836351
Lung	BI_PF_ILD_atlas_v1	cell_subtype	Basophil/Mast	CPA3	8.10222630037855	88.3870967741936	0.941454337811848
Lung	BI_PF_ILD_atlas_v1	cell_subtype	Basophil/Mast	IL1RL1	4.92556670045155	83.8279569892473	0.91525742632019
Lung	BI_PF_ILD_atlas_v1	cell_subtype	Basophil/Mast	KIT	6.33109479412269	82.5806451612903	0.911549375596015
Lung	BI_PF_ILD_atlas_v1	cell_subtype	Basophil/Mast	HPGDS	4.60129049048311	78.1935483870968	0.878821166865694
Lung	BI_PF_ILD_atlas_v1	cell_subtype	Basophil/Mast	CD69	2.80456836306392	81.8924731182796	0.861011335690724
Lung	BI_PF_ILD_atlas_v1	cell_subtype	Basophil/Mast	MS4A2	6.9515480962635	70.5376344086021	0.852289682884708
Lung	BI_PF_ILD_atlas_v1	cell_subtype	Basophil/Mast	RGS1	1.70974607978103	86.3225806451613	0.83361083908844
Lung	BI_PF_ILD_atlas_v1	cell_subtype	Basophil/Mast	LTC4S	3.405514988192	67.6129032258064	0.817931989711541
Lung	BI_PF_ILD_atlas_v1	cell_subtype	Basophil/Mast	GATA2	5.10991811290087	63.7849462365591	0.814838648606038
Lung	BI_PF_ILD_atlas_v1	cell_subtype	Basophil/Mast	RGS13	4.94664840412988	61.6774193548387	0.803142864551015
Lung	BI_PF_ILD_atlas_v1	cell_subtype	Basophil/Mast	RGS2	1.16811781777823	82.3655913978495	0.789440696494616
Lung	BI_PF_ILD_atlas_v1	cell_subtype	Basophil/Mast	RHOH	1.30294254630871	72.0430107526882	0.784514362632945
Lung	BI_PF_ILD_atlas_v1	cell_subtype	Basophil/Mast	SLC24A3	4.83055623540921	56.4301075268817	0.774637180898013
Lung	BI_PF_ILD_atlas_v1	cell_subtype	Basophil/Mast	VWA5A	2.87317822659945	58.8817204301075	0.763327578257535
Lung	BI_PF_ILD_atlas_v1	cell_subtype	Basophil/Mast	C1orf186	4.42562590935862	52.8172043010753	0.758814556803108
Lung	BI_PF_ILD_atlas_v1	cell_subtype	Basophil/Mast	HDC	5.36120851087064	51.6129032258064	0.757379742547698
Lung	BI_PF_ILD_atlas_v1	cell_subtype	Basophil/Mast	SLC18A2	4.45458770073174	50.8817204301075	0.747586432744039
Lung	BI_PF_ILD_atlas_v1	cell_subtype	Basophil/Mast	SYTL3	0.506597400811903	75.3978494623656	0.742417145577711
Lung	BI_PF_ILD_atlas_v1	cell_subtype	Basophil/Mast	CLU	-0.304354295712223	70.2795698924731	0.740696150646748
Lung	BI_PF_ILD_atlas_v1	cell_subtype	Basophil/Mast	MAOB	3.45995852085462	48.8172043010753	0.73340770471125
Lung	BI_PF_ILD_atlas_v1	cell_subtype	Basophil/Mast	AREG	0.767959823559043	80.6021505376344	0.71889144931382
Lung	BI_PF_ILD_atlas_v1	cell_subtype	Basophil/Mast	TNIK	1.6661135753038	60.6451612903226	0.717423861527492
Lung	BI_PF_ILD_atlas_v1	cell_subtype	Basophil/Mast	BATF	1.63743626379542	51.3978494623656	0.717028437732349
Lung	BI_PF_ILD_atlas_v1	cell_subtype	Basophil/Mast	FER	2.05733956128747	57.0322580645161	0.716551021045365
Lung	BI_PF_ILD_atlas_v1	cell_subtype	Basophil/Mast	BIRC3	1.48980638622774	58.8817204301075	0.715632918740432
Lung	BI_PF_ILD_atlas_v1	cell_subtype	Basophil/Mast	CHN2	1.81907008336261	56.5161290322581	0.714553263295039
Lung	BI_PF_ILD_atlas_v1	cell_subtype	Basophil/Mast	ADAM12	3.00307510078267	45.0322580645161	0.708126300264417
Lung	BI_PF_ILD_atlas_v1	cell_subtype	Basophil/Mast	RP11-354E11.2	4.89456062713204	41.6774193548387	0.707605280767374
Lung	BI_PF_ILD_atlas_v1	cell_subtype	Basophil/Mast	IL18R1	2.53224493007796	45.8494623655914	0.705895679902369
Lung	BI_PF_ILD_atlas_v1	cell_subtype	Basophil/Mast	PTGS1	2.63203705550016	45.1612903225806	0.705435560884859
Lung	BI_PF_ILD_atlas_v1	cell_subtype	Basophil/Mast	HPGD	1.47337461653069	60.6021505376344	0.701396499377604
Lung	BI_PF_ILD_atlas_v1	cell_subtype	Basophil/Mast	SMYD3	0.847578139983486	63.3548387096774	0.700732729502938
Lung	BI_PF_ILD_atlas_v1	cell_subtype	Basophil/Mast	GALC	1.68528372052573	52.0860215053763	0.698722825844666
Lung	BI_PF_ILD_atlas_v1	cell_subtype	Basophil/Mast	SAMSN1	-0.198712639949716	86.494623655914	0.695161784033139
Lung	BI_PF_ILD_atlas_v1	cell_subtype	Basophil/Mast	SLC26A2	2.21781406356804	44.989247311828	0.692617280063406
Lung	BI_PF_ILD_atlas_v1	cell_subtype	Basophil/Mast	ACSL4	0.867761152406785	67.8709677419355	0.685022746888226
Lung	BI_PF_ILD_atlas_v1	cell_subtype	Basophil/Mast	RAC2	0.721913978670051	60.1720430107527	0.68265571984625
Lung	BI_PF_ILD_atlas_v1	cell_subtype	Basophil/Mast	SOCS1	1.67615330570765	48.6881720430108	0.681315468006371
Lung	BI_PF_ILD_atlas_v1	cell_subtype	Basophil/Mast	SRGN	-0.0756065374578885	97.505376344086	0.676023820007658
Lung	BI_PF_ILD_atlas_v1	cell_subtype	Basophil/Mast	PRKX	1.25970333345945	47.7849462365591	0.675126724330707
Lung	BI_PF_ILD_atlas_v1	cell_subtype	Basophil/Mast	PAK1	1.23354757958076	48.8172043010753	0.674633162709134
Lung	BI_PF_ILD_atlas_v1	cell_subtype	Basophil/Mast	NTM	2.02776655072759	38.0215053763441	0.674415749883609
Lung	BI_PF_ILD_atlas_v1	cell_subtype	Basophil/Mast	STXBP6	1.82747564238515	38.8387096774194	0.671806280108919
Lung	BI_PF_ILD_atlas_v1	cell_subtype	Basophil/Mast	GPR65	1.47646856806253	47.9569892473118	0.670006315641774
Lung	BI_PF_ILD_atlas_v1	cell_subtype	Basophil/Mast	TNFAIP3	0.223932051250514	72.6021505376344	0.668128574103003
Lung	BI_PF_ILD_atlas_v1	cell_subtype	Basophil/Mast	BACE2	0.902645447161382	43.3978494623656	0.667526422193021
Lung	BI_PF_ILD_atlas_v1	cell_subtype	Basophil/Mast	PRKCA	1.42229374064311	46.2365591397849	0.664436095505543
Lung	BI_PF_ILD_atlas_v1	cell_subtype	Basophil/Mast	PHF20	0.440108498161619	71.3978494623656	0.663846314415442
Lung	BI_PF_ILD_atlas_v1	cell_subtype	Bronchial Vessel	VWF	3.75108781294562	95.187969924812	0.962960607042375
Lung	BI_PF_ILD_atlas_v1	cell_subtype	Bronchial Vessel	SPARCL1	3.03090769690038	98.2957393483709	0.955333404516469
Lung	BI_PF_ILD_atlas_v1	cell_subtype	Bronchial Vessel	ADAMTS9	4.52964687519141	91.5288220551379	0.946443567078184
Lung	BI_PF_ILD_atlas_v1	cell_subtype	Bronchial Vessel	TCF4	2.77203783017065	96.140350877193	0.940335579831157
Lung	BI_PF_ILD_atlas_v1	cell_subtype	Bronchial Vessel	IGFBP7	2.50571036140562	97.0426065162907	0.934926760226495
Lung	BI_PF_ILD_atlas_v1	cell_subtype	Bronchial Vessel	ACKR1	4.27356302676901	87.8195488721804	0.93081581591098
Lung	BI_PF_ILD_atlas_v1	cell_subtype	Bronchial Vessel	ADGRL4	4.3674219268311	86.9172932330827	0.925933953865917
Lung	BI_PF_ILD_atlas_v1	cell_subtype	Bronchial Vessel	ZNF385D	4.93714348255114	86.516290726817	0.923403794403424
Lung	BI_PF_ILD_atlas_v1	cell_subtype	Bronchial Vessel	TM4SF1	2.79568876611513	91.0275689223058	0.914948665776109
Lung	BI_PF_ILD_atlas_v1	cell_subtype	Bronchial Vessel	LDB2	3.41542114997829	84.1604010025063	0.901844956114355
Lung	BI_PF_ILD_atlas_v1	cell_subtype	Bronchial Vessel	POSTN	3.80596973060533	83.4085213032581	0.900015400754352
Lung	BI_PF_ILD_atlas_v1	cell_subtype	Bronchial Vessel	EMCN	3.68948136754544	80.7017543859649	0.891896791387986
Lung	BI_PF_ILD_atlas_v1	cell_subtype	Bronchial Vessel	PECAM1	2.09398128053549	93.0325814536341	0.89134951940966
Lung	BI_PF_ILD_atlas_v1	cell_subtype	Bronchial Vessel	GNG11	2.48917282971151	84.5112781954887	0.890177538429274
Lung	BI_PF_ILD_atlas_v1	cell_subtype	Bronchial Vessel	PDLIM1	2.11948552465468	93.734335839599	0.889172422217488
Lung	BI_PF_ILD_atlas_v1	cell_subtype	Bronchial Vessel	EPAS1	1.78327968758628	91.9799498746867	0.88855374437593
Lung	BI_PF_ILD_atlas_v1	cell_subtype	Bronchial Vessel	PLVAP	4.42732172267361	76.1904761904762	0.874118710421877
Lung	BI_PF_ILD_atlas_v1	cell_subtype	Bronchial Vessel	PRSS23	2.67726791972645	81.6541353383459	0.873601929675984
Lung	BI_PF_ILD_atlas_v1	cell_subtype	Bronchial Vessel	EMP1	1.79483065289247	91.6290726817043	0.871243937707454
Lung	BI_PF_ILD_atlas_v1	cell_subtype	Bronchial Vessel	A2M	1.4798002089572	87.2681704260652	0.870868966323913
Lung	BI_PF_ILD_atlas_v1	cell_subtype	Bronchial Vessel	CCL14	4.57778161285177	75.187969924812	0.869369085465927
Lung	BI_PF_ILD_atlas_v1	cell_subtype	Bronchial Vessel	APP	1.52203429870579	92.4812030075188	0.868087956617894
Lung	BI_PF_ILD_atlas_v1	cell_subtype	Bronchial Vessel	CNKSR3	3.57329604779502	77.34335839599	0.865745457729613
Lung	BI_PF_ILD_atlas_v1	cell_subtype	Bronchial Vessel	SPRY1	3.19606993476242	80.6015037593985	0.863560123653443
Lung	BI_PF_ILD_atlas_v1	cell_subtype	Bronchial Vessel	CLDN5	2.47566163809261	76.4912280701754	0.862134456345761
Lung	BI_PF_ILD_atlas_v1	cell_subtype	Bronchial Vessel	CALCRL	3.15941023293337	76.0401002506266	0.861140847673535
Lung	BI_PF_ILD_atlas_v1	cell_subtype	Bronchial Vessel	CAV1	1.99550068983971	83.0576441102757	0.860666850650684
Lung	BI_PF_ILD_atlas_v1	cell_subtype	Bronchial Vessel	RAMP2	2.43741564645124	76.6416040100251	0.860385752125537
Lung	BI_PF_ILD_atlas_v1	cell_subtype	Bronchial Vessel	MGP	0.711179671976792	87.4185463659148	0.859355250704103
Lung	BI_PF_ILD_atlas_v1	cell_subtype	Bronchial Vessel	CD93	2.41001597576193	78.4461152882206	0.85379245760259
Lung	BI_PF_ILD_atlas_v1	cell_subtype	Bronchial Vessel	ERG	4.00717661363867	72.9824561403509	0.852538414565373
Lung	BI_PF_ILD_atlas_v1	cell_subtype	Bronchial Vessel	IGFBP4	1.76089418935331	83.0576441102757	0.851105847353844
Lung	BI_PF_ILD_atlas_v1	cell_subtype	Bronchial Vessel	IFI27	1.26584696677761	87.3182957393484	0.850814110142136
Lung	BI_PF_ILD_atlas_v1	cell_subtype	Bronchial Vessel	NFIB	2.14792659231881	81.7543859649123	0.850643163818885
Lung	BI_PF_ILD_atlas_v1	cell_subtype	Bronchial Vessel	SLCO2A1	3.37364046648264	72.6315789473684	0.849041798931539
Lung	BI_PF_ILD_atlas_v1	cell_subtype	Bronchial Vessel	RAMP3	3.29231231469712	72.1303258145363	0.848575711563134
Lung	BI_PF_ILD_atlas_v1	cell_subtype	Bronchial Vessel	HSPG2	2.93375416101568	75.1378446115288	0.845401093801161
Lung	BI_PF_ILD_atlas_v1	cell_subtype	Bronchial Vessel	CD59	1.24437179570348	91.8796992481203	0.844853271594511
Lung	BI_PF_ILD_atlas_v1	cell_subtype	Bronchial Vessel	WWTR1	2.26010272071997	80.9022556390977	0.843929910198293
Lung	BI_PF_ILD_atlas_v1	cell_subtype	Bronchial Vessel	PTPRB	3.03576236370466	71.4786967418546	0.843400567362671
Lung	BI_PF_ILD_atlas_v1	cell_subtype	Bronchial Vessel	IFITM3	1.09899965881265	93.9348370927318	0.840898721259975
Lung	BI_PF_ILD_atlas_v1	cell_subtype	Bronchial Vessel	FLT1	2.54010709664331	74.937343358396	0.83837327367098
Lung	BI_PF_ILD_atlas_v1	cell_subtype	Bronchial Vessel	RAI14	2.8274359007018	74.6867167919799	0.837892435507205
Lung	BI_PF_ILD_atlas_v1	cell_subtype	Bronchial Vessel	COL4A1	2.68463971631121	72.0300751879699	0.835040756845469
Lung	BI_PF_ILD_atlas_v1	cell_subtype	Bronchial Vessel	MKL2	3.10735892379468	73.3333333333333	0.831947002881122
Lung	BI_PF_ILD_atlas_v1	cell_subtype	Bronchial Vessel	IFITM2	0.825578024716069	93.1829573934837	0.829809382844401
Lung	BI_PF_ILD_atlas_v1	cell_subtype	Bronchial Vessel	CXorf36	3.92314826583638	67.468671679198	0.829552632165334
Lung	BI_PF_ILD_atlas_v1	cell_subtype	Bronchial Vessel	BACE2	2.80245525240051	72.1804511278195	0.827433182661068
Lung	BI_PF_ILD_atlas_v1	cell_subtype	Bronchial Vessel	SPTBN1	1.51996416943536	82.8070175438597	0.827078523858008
Lung	BI_PF_ILD_atlas_v1	cell_subtype	Bronchial Vessel	MCTP1	2.68587539013551	81.203007518797	0.82576047027317
Lung	BI_PF_ILD_atlas_v1	cell_subtype	Bronchial Vessel CXCL12+	GNG11	3.28472763724414	97.2361809045226	0.968161263944154
Lung	BI_PF_ILD_atlas_v1	cell_subtype	Bronchial Vessel CXCL12+	SPARCL1	2.30627857634425	97.9899497487437	0.94781954757227
Lung	BI_PF_ILD_atlas_v1	cell_subtype	Bronchial Vessel CXCL12+	RAMP2	3.50966066364039	92.5251256281407	0.94767312706409
Lung	BI_PF_ILD_atlas_v1	cell_subtype	Bronchial Vessel CXCL12+	TM4SF1	2.84159844866272	95.4145728643216	0.940232639111245
Lung	BI_PF_ILD_atlas_v1	cell_subtype	Bronchial Vessel CXCL12+	IFI27	2.42478016874699	96.9849246231156	0.933441514305324
Lung	BI_PF_ILD_atlas_v1	cell_subtype	Bronchial Vessel CXCL12+	TCF4	2.26293697659144	95.037688442211	0.928608406212968
Lung	BI_PF_ILD_atlas_v1	cell_subtype	Bronchial Vessel CXCL12+	CAV1	2.22828175353677	93.9698492462311	0.927869469012065
Lung	BI_PF_ILD_atlas_v1	cell_subtype	Bronchial Vessel CXCL12+	ADGRL4	3.75153639242221	87.1231155778894	0.925626035933586
Lung	BI_PF_ILD_atlas_v1	cell_subtype	Bronchial Vessel CXCL12+	PECAM1	1.96300678519967	96.7964824120603	0.923423393629252
Lung	BI_PF_ILD_atlas_v1	cell_subtype	Bronchial Vessel CXCL12+	EMCN	3.78988823871013	86.3693467336683	0.92146098016002
Lung	BI_PF_ILD_atlas_v1	cell_subtype	Bronchial Vessel CXCL12+	CRIP2	2.46678752036215	90.9547738693467	0.919493925019222
Lung	BI_PF_ILD_atlas_v1	cell_subtype	Bronchial Vessel CXCL12+	A2M	1.63223373307515	94.0326633165829	0.918470781503067
Lung	BI_PF_ILD_atlas_v1	cell_subtype	Bronchial Vessel CXCL12+	IGFBP7	1.83180639701567	95.7914572864322	0.917692441202655
Lung	BI_PF_ILD_atlas_v1	cell_subtype	Bronchial Vessel CXCL12+	IFITM3	1.50529609918251	99.2462311557789	0.911908133932019
Lung	BI_PF_ILD_atlas_v1	cell_subtype	Bronchial Vessel CXCL12+	VWF	2.4703558838872	85.3015075376884	0.907263275962778
Lung	BI_PF_ILD_atlas_v1	cell_subtype	Bronchial Vessel CXCL12+	EPAS1	1.67235165261176	93.9070351758794	0.900938834751357
Lung	BI_PF_ILD_atlas_v1	cell_subtype	Bronchial Vessel CXCL12+	CLDN5	2.73510065324945	84.0452261306533	0.900870763792931
Lung	BI_PF_ILD_atlas_v1	cell_subtype	Bronchial Vessel CXCL12+	IFITM2	0.978723156930985	98.5552763819096	0.896835495443824
Lung	BI_PF_ILD_atlas_v1	cell_subtype	Bronchial Vessel CXCL12+	SPRY1	3.35498517490682	86.1809045226131	0.896535103046699
Lung	BI_PF_ILD_atlas_v1	cell_subtype	Bronchial Vessel CXCL12+	PLVAP	4.74106130742905	79.3341708542714	0.890736585146701
Lung	BI_PF_ILD_atlas_v1	cell_subtype	Bronchial Vessel CXCL12+	IGFBP4	1.56306459052314	89.572864321608	0.887409282894509
Lung	BI_PF_ILD_atlas_v1	cell_subtype	Bronchial Vessel CXCL12+	CLEC14A	3.4422723507409	79.2085427135678	0.885265493785408
Lung	BI_PF_ILD_atlas_v1	cell_subtype	Bronchial Vessel CXCL12+	LDB2	2.63109889432215	81.4070351758794	0.885021820449286
Lung	BI_PF_ILD_atlas_v1	cell_subtype	Bronchial Vessel CXCL12+	PTRF	2.08334758092563	85.9924623115578	0.881666105269469
Lung	BI_PF_ILD_atlas_v1	cell_subtype	Bronchial Vessel CXCL12+	HYAL2	2.51571324053296	81.6582914572864	0.878620814422237
Lung	BI_PF_ILD_atlas_v1	cell_subtype	Bronchial Vessel CXCL12+	SPARC	1.28317196642542	90.5778894472362	0.877504410518923
Lung	BI_PF_ILD_atlas_v1	cell_subtype	Bronchial Vessel CXCL12+	ESAM	3.14973364816451	78.391959798995	0.873308275980763
Lung	BI_PF_ILD_atlas_v1	cell_subtype	Bronchial Vessel CXCL12+	EGFL7	2.93575851955329	79.2713567839196	0.872789964914251
Lung	BI_PF_ILD_atlas_v1	cell_subtype	Bronchial Vessel CXCL12+	CCDC85B	1.68807669322655	89.3844221105528	0.872417544691339
Lung	BI_PF_ILD_atlas_v1	cell_subtype	Bronchial Vessel CXCL12+	CD34	3.65116672917845	77.1984924623116	0.870839968259861
Lung	BI_PF_ILD_atlas_v1	cell_subtype	Bronchial Vessel CXCL12+	PDLIM1	1.42960002226009	93.2788944723618	0.86959760941106
Lung	BI_PF_ILD_atlas_v1	cell_subtype	Bronchial Vessel CXCL12+	HSPG2	2.90249177108819	79.4597989949749	0.869547659960534
Lung	BI_PF_ILD_atlas_v1	cell_subtype	Bronchial Vessel CXCL12+	EMP1	1.85760701513936	90.7663316582914	0.868615914872314
Lung	BI_PF_ILD_atlas_v1	cell_subtype	Bronchial Vessel CXCL12+	CALCRL	2.5672297110117	77.4497487437186	0.86661503412558
Lung	BI_PF_ILD_atlas_v1	cell_subtype	Bronchial Vessel CXCL12+	CD93	2.26910433842588	80.0251256281407	0.863642805048003
Lung	BI_PF_ILD_atlas_v1	cell_subtype	Bronchial Vessel CXCL12+	TIMP3	1.56162799333108	82.8517587939699	0.862282730575432
Lung	BI_PF_ILD_atlas_v1	cell_subtype	Bronchial Vessel CXCL12+	NFIB	1.93145816038701	82.8517587939699	0.858246042227122
Lung	BI_PF_ILD_atlas_v1	cell_subtype	Bronchial Vessel CXCL12+	SPTBN1	1.51139883113685	86.6206030150754	0.856507951844866
Lung	BI_PF_ILD_atlas_v1	cell_subtype	Bronchial Vessel CXCL12+	CD59	0.805588151033588	95.7286432160804	0.856002508801392
Lung	BI_PF_ILD_atlas_v1	cell_subtype	Bronchial Vessel CXCL12+	COL4A1	2.84400824110804	75.5653266331658	0.854944525888621
Lung	BI_PF_ILD_atlas_v1	cell_subtype	Bronchial Vessel CXCL12+	NPDC1	2.99321280846407	74.6859296482412	0.851886424024293
Lung	BI_PF_ILD_atlas_v1	cell_subtype	Bronchial Vessel CXCL12+	APP	1.11123282985052	91.394472361809	0.850601164556876
Lung	BI_PF_ILD_atlas_v1	cell_subtype	Bronchial Vessel CXCL12+	ADAMTS9	2.94092085101148	73.7437185929648	0.849640723942622
Lung	BI_PF_ILD_atlas_v1	cell_subtype	Bronchial Vessel CXCL12+	VAMP5	1.43460646181839	85.0502512562814	0.849533455643894
Lung	BI_PF_ILD_atlas_v1	cell_subtype	Bronchial Vessel CXCL12+	ARHGAP29	2.39628276758381	76.0050251256282	0.849126779443747
Lung	BI_PF_ILD_atlas_v1	cell_subtype	Bronchial Vessel CXCL12+	ENG	1.82329523921691	85.7412060301507	0.84557157014728
Lung	BI_PF_ILD_atlas_v1	cell_subtype	Bronchial Vessel CXCL12+	SOCS3	1.75931470103756	87.751256281407	0.844609364163899
Lung	BI_PF_ILD_atlas_v1	cell_subtype	Bronchial Vessel CXCL12+	RHOC	1.32495397554771	86.0552763819096	0.844167195666519
Lung	BI_PF_ILD_atlas_v1	cell_subtype	Bronchial Vessel CXCL12+	S100A16	1.73006822567098	79.4597989949749	0.844112627098028
Lung	BI_PF_ILD_atlas_v1	cell_subtype	Bronchial Vessel CXCL12+	COL4A2	2.44406740729423	74.5603015075377	0.841371533587901
Lung	BI_PF_ILD_atlas_v1	cell_subtype	Bronchial Vessel SELE+	ACKR1	5.31511563458287	98.5404896421846	0.987648032218214
Lung	BI_PF_ILD_atlas_v1	cell_subtype	Bronchial Vessel SELE+	SPARCL1	3.33641150151987	99.5762711864407	0.969777763061995
Lung	BI_PF_ILD_atlas_v1	cell_subtype	Bronchial Vessel SELE+	IGFBP7	2.81510002149892	99.5762711864407	0.964735127542527
Lung	BI_PF_ILD_atlas_v1	cell_subtype	Bronchial Vessel SELE+	VWF	3.64174442358988	94.9623352165725	0.960669797340998
Lung	BI_PF_ILD_atlas_v1	cell_subtype	Bronchial Vessel SELE+	GNG11	2.97709205488944	94.3032015065913	0.946018951289153
Lung	BI_PF_ILD_atlas_v1	cell_subtype	Bronchial Vessel SELE+	TM4SF1	3.48900849315632	95.668549905838	0.942217457632967
Lung	BI_PF_ILD_atlas_v1	cell_subtype	Bronchial Vessel SELE+	PDLIM1	2.56943257715677	97.9284369114878	0.936940478165767
Lung	BI_PF_ILD_atlas_v1	cell_subtype	Bronchial Vessel SELE+	ADGRL4	4.25013626196143	88.0885122410546	0.93123417711653
Lung	BI_PF_ILD_atlas_v1	cell_subtype	Bronchial Vessel SELE+	CLDN5	3.50942183885284	88.653483992467	0.927307319654828
Lung	BI_PF_ILD_atlas_v1	cell_subtype	Bronchial Vessel SELE+	IFI27	2.32221719353976	97.4105461393597	0.927125141440395
Lung	BI_PF_ILD_atlas_v1	cell_subtype	Bronchial Vessel SELE+	IGFBP4	2.29287492200979	94.5856873822976	0.921200361474625
Lung	BI_PF_ILD_atlas_v1	cell_subtype	Bronchial Vessel SELE+	POSTN	3.7472889678897	86.5819209039548	0.915644257956244
Lung	BI_PF_ILD_atlas_v1	cell_subtype	Bronchial Vessel SELE+	IFITM3	1.71332998855137	99.3879472693032	0.91555739658683
Lung	BI_PF_ILD_atlas_v1	cell_subtype	Bronchial Vessel SELE+	EMCN	3.81857765446515	84.5103578154426	0.911255865556995
Lung	BI_PF_ILD_atlas_v1	cell_subtype	Bronchial Vessel SELE+	TCF4	2.27056688967505	92.7966101694915	0.909370205523612
Lung	BI_PF_ILD_atlas_v1	cell_subtype	Bronchial Vessel SELE+	RAMP3	3.82798493626824	83.8983050847458	0.908768234113307
Lung	BI_PF_ILD_atlas_v1	cell_subtype	Bronchial Vessel SELE+	PRSS23	2.92452879394315	87.9943502824859	0.908743893212912
Lung	BI_PF_ILD_atlas_v1	cell_subtype	Bronchial Vessel SELE+	RAMP2	2.85906113153941	85.969868173258	0.908414739620989
Lung	BI_PF_ILD_atlas_v1	cell_subtype	Bronchial Vessel SELE+	TSPAN7	4.10428287628044	83.5687382297552	0.907439926729939
Lung	BI_PF_ILD_atlas_v1	cell_subtype	Bronchial Vessel SELE+	CAV1	2.33175406646848	90.8662900188324	0.905217157837954
Lung	BI_PF_ILD_atlas_v1	cell_subtype	Bronchial Vessel SELE+	NNMT	2.21391354373679	93.4557438794727	0.904300656432418
Lung	BI_PF_ILD_atlas_v1	cell_subtype	Bronchial Vessel SELE+	A2M	1.49353294965904	92.8436911487759	0.902362129209649
Lung	BI_PF_ILD_atlas_v1	cell_subtype	Bronchial Vessel SELE+	SOCS3	2.41535842621648	93.9265536723164	0.901391562028828
Lung	BI_PF_ILD_atlas_v1	cell_subtype	Bronchial Vessel SELE+	ZNF385D	4.11678266750648	82.4858757062147	0.900736677795619
Lung	BI_PF_ILD_atlas_v1	cell_subtype	Bronchial Vessel SELE+	LDB2	3.12794831629504	84.2749529190207	0.90011350007769
Lung	BI_PF_ILD_atlas_v1	cell_subtype	Bronchial Vessel SELE+	MGP	1.14780573405839	94.5856873822976	0.899770865810506
Lung	BI_PF_ILD_atlas_v1	cell_subtype	Bronchial Vessel SELE+	NPDC1	3.54463304455434	83.3333333333333	0.898337419709569
Lung	BI_PF_ILD_atlas_v1	cell_subtype	Bronchial Vessel SELE+	ADAMTS9	3.64968051060142	82.1563088512241	0.895484477750983
Lung	BI_PF_ILD_atlas_v1	cell_subtype	Bronchial Vessel SELE+	EPAS1	1.74862845589222	93.7853107344633	0.893586948189568
Lung	BI_PF_ILD_atlas_v1	cell_subtype	Bronchial Vessel SELE+	PECAM1	1.98678963505096	93.1732580037665	0.890651595979011
Lung	BI_PF_ILD_atlas_v1	cell_subtype	Bronchial Vessel SELE+	IFITM2	1.16406322785401	98.7758945386064	0.887412545686755
Lung	BI_PF_ILD_atlas_v1	cell_subtype	Bronchial Vessel SELE+	JAM2	3.89050341395176	78.5310734463277	0.88208851149331
Lung	BI_PF_ILD_atlas_v1	cell_subtype	Bronchial Vessel SELE+	CD59	1.37798708873497	97.0809792843691	0.881003091601287
Lung	BI_PF_ILD_atlas_v1	cell_subtype	Bronchial Vessel SELE+	HLA-E	1.23857351751475	98.3050847457627	0.880452410235336
Lung	BI_PF_ILD_atlas_v1	cell_subtype	Bronchial Vessel SELE+	CCL14	4.74838160803358	76.9774011299435	0.878027430579953
Lung	BI_PF_ILD_atlas_v1	cell_subtype	Bronchial Vessel SELE+	CNN3	2.26424382743192	86.864406779661	0.877993396351111
Lung	BI_PF_ILD_atlas_v1	cell_subtype	Bronchial Vessel SELE+	CLU	2.19310596885854	88.4180790960452	0.87494852388999
Lung	BI_PF_ILD_atlas_v1	cell_subtype	Bronchial Vessel SELE+	PLVAP	4.42229453391042	76.2241054613936	0.874085863416524
Lung	BI_PF_ILD_atlas_v1	cell_subtype	Bronchial Vessel SELE+	HYAL2	2.89311922770032	80.1789077212806	0.868869734138601
Lung	BI_PF_ILD_atlas_v1	cell_subtype	Bronchial Vessel SELE+	RPL3	1.02326391271466	99.623352165725	0.86682295054191
Lung	BI_PF_ILD_atlas_v1	cell_subtype	Bronchial Vessel SELE+	CNKSR3	3.40899643603288	77.1186440677966	0.863863857734444
Lung	BI_PF_ILD_atlas_v1	cell_subtype	Bronchial Vessel SELE+	PTRF	2.16060026219723	83.5687382297552	0.863349381686144
Lung	BI_PF_ILD_atlas_v1	cell_subtype	Bronchial Vessel SELE+	SPRY1	3.2670977911263	80.4143126177024	0.862802494967706
Lung	BI_PF_ILD_atlas_v1	cell_subtype	Bronchial Vessel SELE+	CCDC85B	1.73819587342981	89.3596986817326	0.861790024682017
Lung	BI_PF_ILD_atlas_v1	cell_subtype	Bronchial Vessel SELE+	RPS6	0.920048882067118	99.7645951035782	0.859659084167294
Lung	BI_PF_ILD_atlas_v1	cell_subtype	Bronchial Vessel SELE+	CRIP2	1.95634856408586	82.909604519774	0.858844764902555
Lung	BI_PF_ILD_atlas_v1	cell_subtype	Bronchial Vessel SELE+	CLEC14A	3.28710939998427	73.4934086629002	0.855600301446744
Lung	BI_PF_ILD_atlas_v1	cell_subtype	Bronchial Vessel SELE+	ITM2A	3.10764137177712	76.1299435028249	0.854900451558998
Lung	BI_PF_ILD_atlas_v1	cell_subtype	Bronchial Vessel SELE+	CALCRL	2.89283926819943	74.5291902071563	0.851380822315312
Lung	BI_PF_ILD_atlas_v1	cell_subtype	Bronchial Vessel SELE+	CYYR1	3.88301933015278	71.7984934086629	0.84976538460249
Lung	BI_PF_ILD_atlas_v1	cell_subtype	CD8+ Naive T	CCL5	3.44309614281547	93.9583333333333	0.936838146436666
Lung	BI_PF_ILD_atlas_v1	cell_subtype	CD8+ Naive T	SYTL3	2.74029533448757	94.3589743589744	0.89936353023363
Lung	BI_PF_ILD_atlas_v1	cell_subtype	CD8+ Naive T	PARP8	3.30042951680707	89.8557692307692	0.895955753895493
Lung	BI_PF_ILD_atlas_v1	cell_subtype	CD8+ Naive T	FYN	2.67296642671401	87.8685897435897	0.871782325737359
Lung	BI_PF_ILD_atlas_v1	cell_subtype	CD8+ Naive T	CNOT6L	2.65843664203083	87.4839743589744	0.866219745253841
Lung	BI_PF_ILD_atlas_v1	cell_subtype	CD8+ Naive T	FAM129A	2.99626479197012	84.9198717948718	0.858021565375011
Lung	BI_PF_ILD_atlas_v1	cell_subtype	CD8+ Naive T	CBLB	2.661260895116	86.1217948717949	0.846462960842614
Lung	BI_PF_ILD_atlas_v1	cell_subtype	CD8+ Naive T	CD69	2.32537354825869	81.9551282051282	0.844453572353143
Lung	BI_PF_ILD_atlas_v1	cell_subtype	CD8+ Naive T	PPP1R16B	3.33799572812038	74.3429487179487	0.836531458432633
Lung	BI_PF_ILD_atlas_v1	cell_subtype	CD8+ Naive T	IL32	2.09713973560254	78.5416666666667	0.823632080635563
Lung	BI_PF_ILD_atlas_v1	cell_subtype	CD8+ Naive T	PBX4	3.51450605484443	69.2948717948718	0.817971104035406
Lung	BI_PF_ILD_atlas_v1	cell_subtype	CD8+ Naive T	KLRC4-KLRK1	3.99581518421155	65.0	0.80815857220647
Lung	BI_PF_ILD_atlas_v1	cell_subtype	CD8+ Naive T	CCL4	2.21366320005589	76.4423076923077	0.807125557310163
Lung	BI_PF_ILD_atlas_v1	cell_subtype	CD8+ Naive T	CD3D	3.14984978699771	66.9711538461538	0.806417741497154
Lung	BI_PF_ILD_atlas_v1	cell_subtype	CD8+ Naive T	ITK	3.05118185493717	67.3878205128205	0.806071285868659
Lung	BI_PF_ILD_atlas_v1	cell_subtype	CD8+ Naive T	RUNX3	2.88157346076384	70.1442307692308	0.804196221969233
Lung	BI_PF_ILD_atlas_v1	cell_subtype	CD8+ Naive T	AIM1	1.95583140217782	81.875	0.800850874611325
Lung	BI_PF_ILD_atlas_v1	cell_subtype	CD8+ Naive T	STAT4	2.59583348610475	71.4423076923077	0.800389204590728
Lung	BI_PF_ILD_atlas_v1	cell_subtype	CD8+ Naive T	AC092580.4	4.00120284591981	62.8365384615385	0.798612056803997
Lung	BI_PF_ILD_atlas_v1	cell_subtype	CD8+ Naive T	CD96	3.44875288980238	64.5192307692308	0.79802572006103
Lung	BI_PF_ILD_atlas_v1	cell_subtype	CD8+ Naive T	GZMB	2.74903740471738	64.198717948718	0.789266890328733
Lung	BI_PF_ILD_atlas_v1	cell_subtype	CD8+ Naive T	PPP2R5C	1.7213019759266	87.9967948717949	0.788261691578577
Lung	BI_PF_ILD_atlas_v1	cell_subtype	CD8+ Naive T	PITPNC1	2.09863183147694	78.525641025641	0.787110516867621
Lung	BI_PF_ILD_atlas_v1	cell_subtype	CD8+ Naive T	CDC42SE2	1.86866505132343	81.1858974358974	0.776636638441943
Lung	BI_PF_ILD_atlas_v1	cell_subtype	CD8+ Naive T	CD2	3.01702990761822	60.2564102564103	0.773073355530846
Lung	BI_PF_ILD_atlas_v1	cell_subtype	CD8+ Naive T	CXCR4	1.40144325920537	88.0769230769231	0.770827230116521
Lung	BI_PF_ILD_atlas_v1	cell_subtype	CD8+ Naive T	FNBP1	1.71894611652627	85.4647435897436	0.770304929599264
Lung	BI_PF_ILD_atlas_v1	cell_subtype	CD8+ Naive T	CD7	2.99843198806073	59.8237179487179	0.770020238671227
Lung	BI_PF_ILD_atlas_v1	cell_subtype	CD8+ Naive T	RNF19A	2.31392528578735	74.5352564102564	0.766469013136511
Lung	BI_PF_ILD_atlas_v1	cell_subtype	CD8+ Naive T	SKAP1	2.78799273386402	60.625	0.764338876143037
Lung	BI_PF_ILD_atlas_v1	cell_subtype	CD8+ Naive T	RNF125	2.85572049829558	60.5448717948718	0.762153009727713
Lung	BI_PF_ILD_atlas_v1	cell_subtype	CD8+ Naive T	GNG2	2.32148525522517	64.0544871794872	0.762031460904741
Lung	BI_PF_ILD_atlas_v1	cell_subtype	CD8+ Naive T	PTPN22	3.15866176119507	60.1762820512821	0.759584470122002
Lung	BI_PF_ILD_atlas_v1	cell_subtype	CD8+ Naive T	TOB1	2.60297774190736	73.3814102564102	0.75880120813327
Lung	BI_PF_ILD_atlas_v1	cell_subtype	CD8+ Naive T	STK17B	1.44280900843041	88.3814102564102	0.758122258844336
Lung	BI_PF_ILD_atlas_v1	cell_subtype	CD8+ Naive T	AOAH	2.3470334162597	65.1762820512821	0.7569325074789
Lung	BI_PF_ILD_atlas_v1	cell_subtype	CD8+ Naive T	PRKCH	1.79094844887902	75.7371794871795	0.754926414490575
Lung	BI_PF_ILD_atlas_v1	cell_subtype	CD8+ Naive T	ARHGAP15	1.68476011819347	75.6570512820513	0.750543159864524
Lung	BI_PF_ILD_atlas_v1	cell_subtype	CD8+ Naive T	AC016831.7	1.96572582698422	75.4487179487179	0.74884035513866
Lung	BI_PF_ILD_atlas_v1	cell_subtype	CD8+ Naive T	CAMK4	3.6124451573845	52.3237179487179	0.744623418430476
Lung	BI_PF_ILD_atlas_v1	cell_subtype	CD8+ Naive T	CD3E	2.89854729514395	53.6698717948718	0.744605259416975
Lung	BI_PF_ILD_atlas_v1	cell_subtype	CD8+ Naive T	CD8A	3.9996172960473	50.9775641025641	0.744534023808473
Lung	BI_PF_ILD_atlas_v1	cell_subtype	CD8+ Naive T	RHOH	1.97393929048883	64.2467948717949	0.740137726056544
Lung	BI_PF_ILD_atlas_v1	cell_subtype	CD8+ Naive T	KLRD1	2.44259743838284	55.8814102564103	0.738682576465814
Lung	BI_PF_ILD_atlas_v1	cell_subtype	CD8+ Naive T	PTPRC	1.163108009515	90.224358974359	0.735691386151632
Lung	BI_PF_ILD_atlas_v1	cell_subtype	CD8+ Naive T	CDC14A	3.00220371735519	55.7692307692308	0.7334651896257
Lung	BI_PF_ILD_atlas_v1	cell_subtype	CD8+ Naive T	STK4	1.60533378797862	72.900641025641	0.73151367587051
Lung	BI_PF_ILD_atlas_v1	cell_subtype	CD8+ Naive T	ATXN1	1.70980665537547	79.7435897435898	0.729628412427475
Lung	BI_PF_ILD_atlas_v1	cell_subtype	CD8+ Naive T	CLEC2D	2.57371783374043	54.2147435897436	0.727029607990138
Lung	BI_PF_ILD_atlas_v1	cell_subtype	CD8+ Naive T	TRAC	2.95146650808843	50.0641025641026	0.725501051198293
Lung	BI_PF_ILD_atlas_v1	cell_subtype	COPD Ciliated	DNAH12	4.4658539228275	96.4047252182845	0.970537015506244
Lung	BI_PF_ILD_atlas_v1	cell_subtype	COPD Ciliated	HYDIN	4.40979686588242	95.2234206471495	0.965487702591879
Lung	BI_PF_ILD_atlas_v1	cell_subtype	COPD Ciliated	C4orf22	5.1191277975599	94.4530046224962	0.965438996793344
Lung	BI_PF_ILD_atlas_v1	cell_subtype	COPD Ciliated	RFX3	3.70855511471126	95.8911145351823	0.96115924858515
Lung	BI_PF_ILD_atlas_v1	cell_subtype	COPD Ciliated	DNAH7	4.478285818728	93.8366718027735	0.958752469558593
Lung	BI_PF_ILD_atlas_v1	cell_subtype	COPD Ciliated	RP1	4.98856148317089	93.3744221879815	0.958713312794982
Lung	BI_PF_ILD_atlas_v1	cell_subtype	COPD Ciliated	AGBL4	5.12340376758386	93.1176168464304	0.958538192694632
Lung	BI_PF_ILD_atlas_v1	cell_subtype	COPD Ciliated	STK33	4.26148599813806	94.0934771443246	0.958289729056999
Lung	BI_PF_ILD_atlas_v1	cell_subtype	COPD Ciliated	CFAP54	4.71622829681786	93.2717000513611	0.95794394829257
Lung	BI_PF_ILD_atlas_v1	cell_subtype	COPD Ciliated	MAPK10	4.40446140805051	93.9393939393939	0.957840721860648
Lung	BI_PF_ILD_atlas_v1	cell_subtype	COPD Ciliated	LRRIQ1	3.63642229734151	94.9152542372881	0.956453894401744
Lung	BI_PF_ILD_atlas_v1	cell_subtype	COPD Ciliated	DNAH11	4.30098114707379	93.5285053929122	0.956042351763275
Lung	BI_PF_ILD_atlas_v1	cell_subtype	COPD Ciliated	DNAH9	4.29226269551675	92.9635336414997	0.952208541672378
Lung	BI_PF_ILD_atlas_v1	cell_subtype	COPD Ciliated	TMEM232	4.74243566626132	91.628145865434	0.949114263466134
Lung	BI_PF_ILD_atlas_v1	cell_subtype	COPD Ciliated	SPAG16	3.76788002332302	93.6825885978428	0.948000174285861
Lung	BI_PF_ILD_atlas_v1	cell_subtype	COPD Ciliated	CDHR3	3.99662384171408	92.3472008217771	0.946486084417856
Lung	BI_PF_ILD_atlas_v1	cell_subtype	COPD Ciliated	DCDC1	4.83844884462093	90.8063687724705	0.946249438512312
Lung	BI_PF_ILD_atlas_v1	cell_subtype	COPD Ciliated	NEK10	4.35445169240902	90.8063687724705	0.942101549499977
Lung	BI_PF_ILD_atlas_v1	cell_subtype	COPD Ciliated	CFAP43	3.8197288102735	91.4227015921931	0.941464451762
Lung	BI_PF_ILD_atlas_v1	cell_subtype	COPD Ciliated	ULK4	3.71127786526098	92.2958397534669	0.939952765838609
Lung	BI_PF_ILD_atlas_v1	cell_subtype	COPD Ciliated	PACRG	4.30587642082813	90.0873138161274	0.938192625277353
Lung	BI_PF_ILD_atlas_v1	cell_subtype	COPD Ciliated	ANK3	3.15578077389862	93.4257832562917	0.937788259863293
Lung	BI_PF_ILD_atlas_v1	cell_subtype	COPD Ciliated	RSPH1	2.39456536153776	92.8608115048793	0.935836757971239
Lung	BI_PF_ILD_atlas_v1	cell_subtype	COPD Ciliated	SPAG17	3.94699904075803	89.8818695428865	0.935213336420754
Lung	BI_PF_ILD_atlas_v1	cell_subtype	COPD Ciliated	DNAH3	4.41428145105836	89.2141756548536	0.934824222769279
Lung	BI_PF_ILD_atlas_v1	cell_subtype	COPD Ciliated	CFAP47	4.53696734083148	88.2896764252696	0.93227508581108
Lung	BI_PF_ILD_atlas_v1	cell_subtype	COPD Ciliated	ANKFN1	4.70199551103461	88.0328710837185	0.931893514832272
Lung	BI_PF_ILD_atlas_v1	cell_subtype	COPD Ciliated	DNAH6	4.05393940274095	88.9060092449923	0.930660644368193
Lung	BI_PF_ILD_atlas_v1	cell_subtype	COPD Ciliated	DNAH5	3.40918920640221	89.7277863379558	0.927940939940451
Lung	BI_PF_ILD_atlas_v1	cell_subtype	COPD Ciliated	AQP4-AS1	4.98482096191405	85.8757062146893	0.921889447566898
Lung	BI_PF_ILD_atlas_v1	cell_subtype	COPD Ciliated	FGF14	4.43679768161617	86.5434001027221	0.921123056738615
Lung	BI_PF_ILD_atlas_v1	cell_subtype	COPD Ciliated	DNAAF1	2.94505207109213	88.8032871083718	0.919514309639956
Lung	BI_PF_ILD_atlas_v1	cell_subtype	COPD Ciliated	WDR49	4.20450739965354	86.9542886492039	0.918694513381099
Lung	BI_PF_ILD_atlas_v1	cell_subtype	COPD Ciliated	LMNTD1	5.00520409636787	84.7457627118644	0.917744139336428
Lung	BI_PF_ILD_atlas_v1	cell_subtype	COPD Ciliated	MAGI1	2.99308760681012	88.0842321520288	0.914210051685332
Lung	BI_PF_ILD_atlas_v1	cell_subtype	COPD Ciliated	DYNC2H1	3.1676749211533	86.748844375963	0.907893138837023
Lung	BI_PF_ILD_atlas_v1	cell_subtype	COPD Ciliated	SYNE1	2.11852022782122	92.6553672316384	0.907464819379606
Lung	BI_PF_ILD_atlas_v1	cell_subtype	COPD Ciliated	ECT2L	4.22602718730692	83.9239856189009	0.907173440434378
Lung	BI_PF_ILD_atlas_v1	cell_subtype	COPD Ciliated	SDK1	3.38032782742166	85.1566512583462	0.906975086995622
Lung	BI_PF_ILD_atlas_v1	cell_subtype	COPD Ciliated	SHANK2	4.01641383927346	84.2321520287622	0.906080955097129
Lung	BI_PF_ILD_atlas_v1	cell_subtype	COPD Ciliated	VWA3A	4.16975522346996	83.2049306625578	0.90561118524147
Lung	BI_PF_ILD_atlas_v1	cell_subtype	COPD Ciliated	TTC29	4.11726916474472	83.4103749357987	0.905187787272164
Lung	BI_PF_ILD_atlas_v1	cell_subtype	COPD Ciliated	DMD	3.61326126810283	85.824345146379	0.904602675982663
Lung	BI_PF_ILD_atlas_v1	cell_subtype	COPD Ciliated	DTHD1	3.50088425778222	84.3348741653826	0.903975808144845
Lung	BI_PF_ILD_atlas_v1	cell_subtype	COPD Ciliated	C8orf34	4.30427590891128	83.1022085259373	0.903476325054825
Lung	BI_PF_ILD_atlas_v1	cell_subtype	COPD Ciliated	RNLS	4.65504356479938	82.9481253210067	0.903309304765905
Lung	BI_PF_ILD_atlas_v1	cell_subtype	COPD Ciliated	SPATA17	3.92905396977106	83.4103749357987	0.903267800308503
Lung	BI_PF_ILD_atlas_v1	cell_subtype	COPD Ciliated	DNAI2	3.90416805009475	83.0508474576271	0.902090963488292
Lung	BI_PF_ILD_atlas_v1	cell_subtype	COPD Ciliated	ARMC3	3.53400168100074	83.5644581407293	0.901208325905013
Lung	BI_PF_ILD_atlas_v1	cell_subtype	COPD Ciliated	BCAS3	2.92951979772909	89.3168977914741	0.899221865235117
Lung	BI_PF_ILD_atlas_v1	cell_subtype	Capillary	EPAS1	2.98248550271397	98.8942945599292	0.969294456115645
Lung	BI_PF_ILD_atlas_v1	cell_subtype	Capillary	FCN3	6.05833438736709	88.9871738168952	0.941684633308322
Lung	BI_PF_ILD_atlas_v1	cell_subtype	Capillary	CLDN5	3.11694427796167	89.2083149049093	0.929110355667605
Lung	BI_PF_ILD_atlas_v1	cell_subtype	Capillary	LDB2	3.54878552774839	86.8199911543565	0.916497752106459
Lung	BI_PF_ILD_atlas_v1	cell_subtype	Capillary	IFI27	2.46493180748607	94.2061034940292	0.908026708634296
Lung	BI_PF_ILD_atlas_v1	cell_subtype	Capillary	VWF	2.68669631314646	85.0066342326404	0.906531476354617
Lung	BI_PF_ILD_atlas_v1	cell_subtype	Capillary	RAMP2	3.4706065960124	84.7854931446263	0.906217127544529
Lung	BI_PF_ILD_atlas_v1	cell_subtype	Capillary	PECAM1	1.9698165887815	93.7638213180009	0.895532351855986
Lung	BI_PF_ILD_atlas_v1	cell_subtype	Capillary	TCF4	2.00113448155863	91.375497567448	0.894544070825157
Lung	BI_PF_ILD_atlas_v1	cell_subtype	Capillary	TIMP3	1.96927398453763	87.4391862007961	0.888826639828642
Lung	BI_PF_ILD_atlas_v1	cell_subtype	Capillary	SLCO2A1	3.34825158817868	79.5223352498894	0.88424453217834
Lung	BI_PF_ILD_atlas_v1	cell_subtype	Capillary	GNG11	2.90909704199021	82.3529411764706	0.880991356072787
Lung	BI_PF_ILD_atlas_v1	cell_subtype	Capillary	SPTBN1	1.78893125034286	89.1640866873065	0.873538673142117
Lung	BI_PF_ILD_atlas_v1	cell_subtype	Capillary	ADGRL2	4.19099563260496	76.7801857585139	0.870891921027641
Lung	BI_PF_ILD_atlas_v1	cell_subtype	Capillary	RAMP3	3.55873734304089	75.1437417072092	0.864524612072591
Lung	BI_PF_ILD_atlas_v1	cell_subtype	Capillary	BMPR2	2.35118098352744	85.1835471030518	0.861835384364226
Lung	BI_PF_ILD_atlas_v1	cell_subtype	Capillary	COL4A2	2.72844013107849	77.4878372401592	0.857855668748919
Lung	BI_PF_ILD_atlas_v1	cell_subtype	Capillary	ADGRF5	2.24289573765915	80.6280406899602	0.85755110481321
Lung	BI_PF_ILD_atlas_v1	cell_subtype	Capillary	COL4A1	2.97755358584937	75.8956214064573	0.856947046599165
Lung	BI_PF_ILD_atlas_v1	cell_subtype	Capillary	PTPRB	3.1541159196569	73.5957540911101	0.854767982906393
Lung	BI_PF_ILD_atlas_v1	cell_subtype	Capillary	CAV1	2.05300429836996	81.3799203892083	0.853923403775931
Lung	BI_PF_ILD_atlas_v1	cell_subtype	Capillary	HYAL2	2.82151133467219	76.24944714728	0.850165119010443
Lung	BI_PF_ILD_atlas_v1	cell_subtype	Capillary	CALCRL	3.10385954652695	73.2861565678903	0.84730655628864
Lung	BI_PF_ILD_atlas_v1	cell_subtype	Capillary	EGFL7	2.87531325415854	74.2591773551526	0.846401802172545
Lung	BI_PF_ILD_atlas_v1	cell_subtype	Capillary	TMEM100	4.60292555860584	70.1017249004865	0.843188934243558
Lung	BI_PF_ILD_atlas_v1	cell_subtype	Capillary	CDH5	3.68999393180909	70.1017249004865	0.840720872292574
Lung	BI_PF_ILD_atlas_v1	cell_subtype	Capillary	SDPR	2.7609176581892	73.7284387439186	0.839172339646092
Lung	BI_PF_ILD_atlas_v1	cell_subtype	Capillary	IFITM3	1.18726338667254	95.4002653693056	0.838642043758579
Lung	BI_PF_ILD_atlas_v1	cell_subtype	Capillary	SLC9A3R2	2.96537819448408	73.4630694383016	0.837809482773651
Lung	BI_PF_ILD_atlas_v1	cell_subtype	Capillary	SPARC	1.68265774721952	81.468376824414	0.832386241553934
Lung	BI_PF_ILD_atlas_v1	cell_subtype	Capillary	ARHGAP29	2.54888146639814	71.9150818222026	0.829162853409863
Lung	BI_PF_ILD_atlas_v1	cell_subtype	Capillary	DOCK9	2.42858276970853	74.2591773551526	0.829048058734622
Lung	BI_PF_ILD_atlas_v1	cell_subtype	Capillary	PCAT19	2.99149630430894	68.7748783724016	0.827638113941978
Lung	BI_PF_ILD_atlas_v1	cell_subtype	Capillary	TM4SF1	1.35561774796911	77.797434763379	0.825413626576523
Lung	BI_PF_ILD_atlas_v1	cell_subtype	Capillary	CD93	2.30602070674134	71.9150818222026	0.820681976493216
Lung	BI_PF_ILD_atlas_v1	cell_subtype	Capillary	BTNL9	4.78419081414748	64.7058823529412	0.820025089079874
Lung	BI_PF_ILD_atlas_v1	cell_subtype	Capillary	ENG	1.8882824804701	81.9106590004423	0.819599222533165
Lung	BI_PF_ILD_atlas_v1	cell_subtype	Capillary	ESAM	3.08472392868564	67.9787704555506	0.819396869050578
Lung	BI_PF_ILD_atlas_v1	cell_subtype	Capillary	PCDH17	3.63818214163273	65.9442724458204	0.818512502697849
Lung	BI_PF_ILD_atlas_v1	cell_subtype	Capillary	PODXL	3.45403238679032	66.2538699690403	0.817296238113618
Lung	BI_PF_ILD_atlas_v1	cell_subtype	Capillary	CLEC14A	3.18898870841731	64.9712516585582	0.813622368352589
Lung	BI_PF_ILD_atlas_v1	cell_subtype	Capillary	MT1M	2.77923685930413	68.4210526315789	0.810316176627912
Lung	BI_PF_ILD_atlas_v1	cell_subtype	Capillary	PTRF	1.91090288931251	73.1977001326846	0.810091188445403
Lung	BI_PF_ILD_atlas_v1	cell_subtype	Capillary	STXBP6	3.43526576839178	64.8827952233525	0.808080687488009
Lung	BI_PF_ILD_atlas_v1	cell_subtype	Capillary	GALNT18	3.25168825667994	64.484741264927	0.803593314608414
Lung	BI_PF_ILD_atlas_v1	cell_subtype	Capillary	NOSTRIN	3.39621656489702	63.1136665192393	0.80302554207295
Lung	BI_PF_ILD_atlas_v1	cell_subtype	Capillary	PIK3R3	2.85959411238995	65.1481645289695	0.800914338124134
Lung	BI_PF_ILD_atlas_v1	cell_subtype	Capillary	APP	1.04420615460618	84.7854931446263	0.800431840895394
Lung	BI_PF_ILD_atlas_v1	cell_subtype	Capillary	TFPI	1.4615315522258	77.3109243697479	0.797631606903576
Lung	BI_PF_ILD_atlas_v1	cell_subtype	Capillary	WWTR1	1.63767444062299	73.9053516143299	0.796273002040735
Lung	BI_PF_ILD_atlas_v1	cell_subtype	Capillary Aerocyte	CLDN5	3.49043528437889	96.1855670103093	0.967921764722278
Lung	BI_PF_ILD_atlas_v1	cell_subtype	Capillary Aerocyte	GNG11	3.13967665161821	92.2680412371134	0.936086056302669
Lung	BI_PF_ILD_atlas_v1	cell_subtype	Capillary Aerocyte	IFI27	2.0019811056122	97.6288659793814	0.931558566887324
Lung	BI_PF_ILD_atlas_v1	cell_subtype	Capillary Aerocyte	EPAS1	1.56151537998557	95.2577319587629	0.92122653911261
Lung	BI_PF_ILD_atlas_v1	cell_subtype	Capillary Aerocyte	ADGRL2	3.89230551814215	85.4639175257732	0.916808619879727
Lung	BI_PF_ILD_atlas_v1	cell_subtype	Capillary Aerocyte	EMCN	3.87828370461737	84.9484536082474	0.914663240890135
Lung	BI_PF_ILD_atlas_v1	cell_subtype	Capillary Aerocyte	RAMP2	2.88133516459825	86.0824742268041	0.911222059093152
Lung	BI_PF_ILD_atlas_v1	cell_subtype	Capillary Aerocyte	SPTBN1	1.55525557009681	92.7835051546392	0.902485202750977
Lung	BI_PF_ILD_atlas_v1	cell_subtype	Capillary Aerocyte	SLC9A3R2	2.81453301535431	83.8144329896907	0.892454044261559
Lung	BI_PF_ILD_atlas_v1	cell_subtype	Capillary Aerocyte	SDPR	2.54080709286813	82.7835051546392	0.887703708558394
Lung	BI_PF_ILD_atlas_v1	cell_subtype	Capillary Aerocyte	PECAM1	1.46431641013038	93.6082474226804	0.886063073666428
Lung	BI_PF_ILD_atlas_v1	cell_subtype	Capillary Aerocyte	EGFL7	2.6394486085484	80.9278350515464	0.881263714614661
Lung	BI_PF_ILD_atlas_v1	cell_subtype	Capillary Aerocyte	STXBP6	3.41736346171916	77.5257731958763	0.873633874906522
Lung	BI_PF_ILD_atlas_v1	cell_subtype	Capillary Aerocyte	APP	1.10746413510468	92.3711340206186	0.86908114545166
Lung	BI_PF_ILD_atlas_v1	cell_subtype	Capillary Aerocyte	CAV1	1.57006379569947	84.7422680412371	0.868972140920375
Lung	BI_PF_ILD_atlas_v1	cell_subtype	Capillary Aerocyte	HPGD	2.93782128647757	82.4742268041237	0.860913492127094
Lung	BI_PF_ILD_atlas_v1	cell_subtype	Capillary Aerocyte	SPARC	1.33348757899771	86.9072164948454	0.857980154137798
Lung	BI_PF_ILD_atlas_v1	cell_subtype	Capillary Aerocyte	IL32	1.68013703111036	81.2371134020619	0.853850836285542
Lung	BI_PF_ILD_atlas_v1	cell_subtype	Capillary Aerocyte	CDH5	3.25747860568392	72.2680412371134	0.850650564454803
Lung	BI_PF_ILD_atlas_v1	cell_subtype	Capillary Aerocyte	SLCO2A1	2.33273373958776	72.1649484536082	0.844535003236291
Lung	BI_PF_ILD_atlas_v1	cell_subtype	Capillary Aerocyte	ESAM	2.95474887699124	72.680412371134	0.843838439917791
Lung	BI_PF_ILD_atlas_v1	cell_subtype	Capillary Aerocyte	TCF4	0.947975891220167	84.1237113402062	0.839968945479201
Lung	BI_PF_ILD_atlas_v1	cell_subtype	Capillary Aerocyte	ARHGAP29	1.90175513529433	73.6082474226804	0.835714141659981
Lung	BI_PF_ILD_atlas_v1	cell_subtype	Capillary Aerocyte	HLA-E	0.752513826596871	97.6288659793814	0.834768590220218
Lung	BI_PF_ILD_atlas_v1	cell_subtype	Capillary Aerocyte	TM4SF1	1.09423755197891	79.6907216494845	0.833910570135087
Lung	BI_PF_ILD_atlas_v1	cell_subtype	Capillary Aerocyte	PTRF	1.5227711746731	77.7319587628866	0.833745647028166
Lung	BI_PF_ILD_atlas_v1	cell_subtype	Capillary Aerocyte	HECW2	3.34292222318728	68.3505154639175	0.829669192214901
Lung	BI_PF_ILD_atlas_v1	cell_subtype	Capillary Aerocyte	HYAL2	1.90843955838528	73.1958762886598	0.82873162453082
Lung	BI_PF_ILD_atlas_v1	cell_subtype	Capillary Aerocyte	DOCK9	1.72036576244279	74.639175257732	0.828564917548244
Lung	BI_PF_ILD_atlas_v1	cell_subtype	Capillary Aerocyte	ITGA1	2.26015349458309	70.7216494845361	0.825439786440205
Lung	BI_PF_ILD_atlas_v1	cell_subtype	Capillary Aerocyte	ADGRF5	1.26570143711913	74.9484536082474	0.820754451859898
Lung	BI_PF_ILD_atlas_v1	cell_subtype	Capillary Aerocyte	COL4A2	1.87869366215815	71.0309278350515	0.820688450262783
Lung	BI_PF_ILD_atlas_v1	cell_subtype	Capillary Aerocyte	TIMP3	0.313720780718641	75.979381443299	0.819059052195023
Lung	BI_PF_ILD_atlas_v1	cell_subtype	Capillary Aerocyte	CALD1	0.597733428305377	78.5567010309278	0.817673484899732
Lung	BI_PF_ILD_atlas_v1	cell_subtype	Capillary Aerocyte	SERPINE1	2.79113156011487	69.8969072164948	0.816134510741765
Lung	BI_PF_ILD_atlas_v1	cell_subtype	Capillary Aerocyte	VIPR1	3.58182361724383	64.4329896907217	0.814956616377116
Lung	BI_PF_ILD_atlas_v1	cell_subtype	Capillary Aerocyte	CAV2	1.81255476027744	71.0309278350515	0.814092939065365
Lung	BI_PF_ILD_atlas_v1	cell_subtype	Capillary Aerocyte	PODXL	3.21265338517488	65.4639175257732	0.812653122463662
Lung	BI_PF_ILD_atlas_v1	cell_subtype	Capillary Aerocyte	CA4	4.99832028189559	62.0618556701031	0.808377333884849
Lung	BI_PF_ILD_atlas_v1	cell_subtype	Capillary Aerocyte	IFITM3	0.316750958035229	95.1546391752577	0.803759142291935
Lung	BI_PF_ILD_atlas_v1	cell_subtype	Capillary Aerocyte	ACVRL1	2.2544690040462	67.1134020618557	0.797727046736019
Lung	BI_PF_ILD_atlas_v1	cell_subtype	Capillary Aerocyte	SASH1	1.54790947438798	72.0618556701031	0.797356755129563
Lung	BI_PF_ILD_atlas_v1	cell_subtype	Capillary Aerocyte	PRX	3.54070105370309	61.340206185567	0.797149187416034
Lung	BI_PF_ILD_atlas_v1	cell_subtype	Capillary Aerocyte	RAMP3	2.06373908255791	62.2680412371134	0.796817473669991
Lung	BI_PF_ILD_atlas_v1	cell_subtype	Capillary Aerocyte	LHFP	1.6501334570183	67.9381443298969	0.796238610922605
Lung	BI_PF_ILD_atlas_v1	cell_subtype	Capillary Aerocyte	GALNT18	2.59902212414295	62.9896907216495	0.795771881295625
Lung	BI_PF_ILD_atlas_v1	cell_subtype	Capillary Aerocyte	ROBO4	3.67992937700841	60.2061855670103	0.794663528137689
Lung	BI_PF_ILD_atlas_v1	cell_subtype	Capillary Aerocyte	EDNRB	3.32769504510846	61.7525773195876	0.793371590940355
Lung	BI_PF_ILD_atlas_v1	cell_subtype	Capillary Aerocyte	TMEM100	3.20383390207453	60.6185567010309	0.793098292260308
Lung	BI_PF_ILD_atlas_v1	cell_subtype	Capillary Aerocyte	CNN3	0.805568289134428	73.7113402061856	0.791416279547476
Lung	BI_PF_ILD_atlas_v1	cell_subtype	Ciliated	CAPS	7.0892678096683	99.5521684475173	0.995482503609378
Lung	BI_PF_ILD_atlas_v1	cell_subtype	Ciliated	RSPH1	6.85904206173906	99.1829038340666	0.993337629817917
Lung	BI_PF_ILD_atlas_v1	cell_subtype	Ciliated	TPPP3	6.13135499006976	99.2064739157762	0.99137504254075
Lung	BI_PF_ILD_atlas_v1	cell_subtype	Ciliated	C9orf24	7.20630024376115	98.6093651791326	0.990888784509629
Lung	BI_PF_ILD_atlas_v1	cell_subtype	Ciliated	FAM183A	7.17516561227032	98.3972344437461	0.989878450041016
Lung	BI_PF_ILD_atlas_v1	cell_subtype	Ciliated	C1orf194	7.26373762564916	98.2872407291012	0.98944885023937
Lung	BI_PF_ILD_atlas_v1	cell_subtype	Ciliated	C20orf85	7.39017019338363	98.0436832181018	0.988034844149639
Lung	BI_PF_ILD_atlas_v1	cell_subtype	Ciliated	LRRIQ1	6.27951371357412	97.8629792583281	0.985266096091523
Lung	BI_PF_ILD_atlas_v1	cell_subtype	Ciliated	TSPAN1	6.01369310074317	97.4072910119422	0.980540837148882
Lung	BI_PF_ILD_atlas_v1	cell_subtype	Ciliated	CETN2	5.32680984344016	97.4937146448774	0.978604544040487
Lung	BI_PF_ILD_atlas_v1	cell_subtype	Ciliated	SNTN	7.25433197303202	96.0716530483972	0.978159667108558
Lung	BI_PF_ILD_atlas_v1	cell_subtype	Ciliated	PIFO	6.83314954383428	96.1580766813325	0.977578625740408
Lung	BI_PF_ILD_atlas_v1	cell_subtype	Ciliated	MS4A8	6.13208916278534	95.7416719044626	0.974226882068202
Lung	BI_PF_ILD_atlas_v1	cell_subtype	Ciliated	C5orf49	6.89537066063234	95.3331238214959	0.973998218875591
Lung	BI_PF_ILD_atlas_v1	cell_subtype	Ciliated	DNAH12	5.8881538606589	95.7416719044626	0.972908923615045
Lung	BI_PF_ILD_atlas_v1	cell_subtype	Ciliated	C9orf116	6.91058747942554	94.1624764299183	0.9680249448551
Lung	BI_PF_ILD_atlas_v1	cell_subtype	Ciliated	MORN2	5.70698896399066	94.9874292897549	0.965401073152613
Lung	BI_PF_ILD_atlas_v1	cell_subtype	Ciliated	AGR3	4.63053808994083	96.7394720301697	0.965252258082744
Lung	BI_PF_ILD_atlas_v1	cell_subtype	Ciliated	DYNLRB2	6.99006412215113	93.4082338152106	0.964644324094919
Lung	BI_PF_ILD_atlas_v1	cell_subtype	Ciliated	CCDC146	5.71235574868407	94.1939032055311	0.963668964685887
Lung	BI_PF_ILD_atlas_v1	cell_subtype	Ciliated	CDHR3	5.78132696367392	93.5496543054683	0.961422908359357
Lung	BI_PF_ILD_atlas_v1	cell_subtype	Ciliated	DNAAF1	5.51084951022649	93.8717787554997	0.96115883004473
Lung	BI_PF_ILD_atlas_v1	cell_subtype	Ciliated	PRDX5	3.85517272056624	99.0493400377121	0.960256722924441
Lung	BI_PF_ILD_atlas_v1	cell_subtype	Ciliated	SMIM22	4.97706165274913	94.649591451917	0.960217590705837
Lung	BI_PF_ILD_atlas_v1	cell_subtype	Ciliated	SPAG16	4.92634153619585	94.5395977372721	0.960182999770112
Lung	BI_PF_ILD_atlas_v1	cell_subtype	Ciliated	EFHC1	5.33322160538778	93.8874921433061	0.960072864744452
Lung	BI_PF_ILD_atlas_v1	cell_subtype	Ciliated	CCDC170	5.61299394851742	93.5967944688875	0.959913995555764
Lung	BI_PF_ILD_atlas_v1	cell_subtype	Ciliated	C11orf88	7.13348150456362	91.781898177247	0.956620649401687
Lung	BI_PF_ILD_atlas_v1	cell_subtype	Ciliated	CCDC78	6.78185086368169	91.8840351979887	0.956555531312868
Lung	BI_PF_ILD_atlas_v1	cell_subtype	Ciliated	DNAH5	5.6188099492038	92.3868636077938	0.954629375859189
Lung	BI_PF_ILD_atlas_v1	cell_subtype	Ciliated	CAPSL	7.03834635009692	91.2869264613451	0.954194091795439
Lung	BI_PF_ILD_atlas_v1	cell_subtype	Ciliated	CFAP43	5.98822916073752	91.703331238215	0.953538608306014
Lung	BI_PF_ILD_atlas_v1	cell_subtype	Ciliated	MORN5	6.84356922978204	90.8076681332495	0.951694827155836
Lung	BI_PF_ILD_atlas_v1	cell_subtype	Ciliated	FAM92B	6.91424371133234	90.7448145820239	0.951276234392858
Lung	BI_PF_ILD_atlas_v1	cell_subtype	Ciliated	LRRC23	5.15132525370632	92.1275927089881	0.948534856296125
Lung	BI_PF_ILD_atlas_v1	cell_subtype	Ciliated	ROPN1L	6.69588816753737	90.1948460087995	0.948089586040286
Lung	BI_PF_ILD_atlas_v1	cell_subtype	Ciliated	FXYD3	3.79265609875367	95.8988057825267	0.947950597981433
Lung	BI_PF_ILD_atlas_v1	cell_subtype	Ciliated	FAM229B	5.78127803849523	91.0826524198617	0.947586251892493
Lung	BI_PF_ILD_atlas_v1	cell_subtype	Ciliated	STK33	5.50548676077926	91.0355122564425	0.94744049419704
Lung	BI_PF_ILD_atlas_v1	cell_subtype	Ciliated	ZMYND10	6.88195897353175	90.0141420490258	0.947332619739812
Lung	BI_PF_ILD_atlas_v1	cell_subtype	Ciliated	C12orf75	5.06888011538595	92.0175989943432	0.947192361945714
Lung	BI_PF_ILD_atlas_v1	cell_subtype	Ciliated	SAXO2	6.12186102252475	90.1555625392835	0.946687947773771
Lung	BI_PF_ILD_atlas_v1	cell_subtype	Ciliated	SLC44A4	5.36110408913777	91.2397862979258	0.946683261589838
Lung	BI_PF_ILD_atlas_v1	cell_subtype	Ciliated	ODF3B	4.71823943080951	93.5810810810811	0.946246722154646
Lung	BI_PF_ILD_atlas_v1	cell_subtype	Ciliated	PSENEN	4.15086269401361	94.3588937774984	0.944943090380286
Lung	BI_PF_ILD_atlas_v1	cell_subtype	Ciliated	ERICH3	6.22147743256761	89.7313010685104	0.944897537539687
Lung	BI_PF_ILD_atlas_v1	cell_subtype	Ciliated	MRPS31	4.93664514494722	91.8133249528598	0.944101973952522
Lung	BI_PF_ILD_atlas_v1	cell_subtype	Ciliated	SPAG6	6.12316491892504	89.7391577624136	0.94399244434452
Lung	BI_PF_ILD_atlas_v1	cell_subtype	Ciliated	TMC5	4.37554658437093	93.0153991200503	0.943800778248575
Lung	BI_PF_ILD_atlas_v1	cell_subtype	Ciliated	EFCAB1	6.73053351683287	89.2284726587052	0.943468425343795
Lung	BI_PF_ILD_atlas_v1	cell_subtype	Ciliated & Club	CAPS	3.31130671932974	97.3973395026027	0.964086142110358
Lung	BI_PF_ILD_atlas_v1	cell_subtype	Ciliated & Club	C9orf24	3.50064184810052	94.9103528050896	0.954199820858052
Lung	BI_PF_ILD_atlas_v1	cell_subtype	Ciliated & Club	WFDC2	2.94214488211346	98.2070561017929	0.953168349110452
Lung	BI_PF_ILD_atlas_v1	cell_subtype	Ciliated & Club	TPPP3	3.2636987366731	95.7779063042221	0.952751068980177
Lung	BI_PF_ILD_atlas_v1	cell_subtype	Ciliated & Club	RSPH1	3.28422608227559	94.2741469057259	0.948656538282214
Lung	BI_PF_ILD_atlas_v1	cell_subtype	Ciliated & Club	C20orf85	3.49433290020281	93.5801041064199	0.948225681214971
Lung	BI_PF_ILD_atlas_v1	cell_subtype	Ciliated & Club	FAM183A	3.43630002191055	93.0595720069404	0.945043236833912
Lung	BI_PF_ILD_atlas_v1	cell_subtype	Ciliated & Club	TSPAN1	3.28079454339694	93.9271255060729	0.944421994948495
Lung	BI_PF_ILD_atlas_v1	cell_subtype	Ciliated & Club	ELF3	2.54542989886975	96.6454598033545	0.940551691142439
Lung	BI_PF_ILD_atlas_v1	cell_subtype	Ciliated & Club	AGR3	2.8527290704993	95.1417004048583	0.940112033714923
Lung	BI_PF_ILD_atlas_v1	cell_subtype	Ciliated & Club	C5orf49	3.48472793891673	90.5725853094274	0.933795812739647
Lung	BI_PF_ILD_atlas_v1	cell_subtype	Ciliated & Club	C1orf194	3.25878434985826	90.5147484094853	0.93159594683931
Lung	BI_PF_ILD_atlas_v1	cell_subtype	Ciliated & Club	PIGR	2.51383886351195	94.4476576055523	0.931561816896574
Lung	BI_PF_ILD_atlas_v1	cell_subtype	Ciliated & Club	SCGB3A1	3.42569732462424	93.7536148062464	0.930263280244999
Lung	BI_PF_ILD_atlas_v1	cell_subtype	Ciliated & Club	FXYD3	2.49893610975496	94.6211683053788	0.929227104765669
Lung	BI_PF_ILD_atlas_v1	cell_subtype	Ciliated & Club	TMC5	2.83610940140569	92.5968768074031	0.928080790107797
Lung	BI_PF_ILD_atlas_v1	cell_subtype	Ciliated & Club	PIFO	3.33754751741164	89.6471949103528	0.926421520251646
Lung	BI_PF_ILD_atlas_v1	cell_subtype	Ciliated & Club	CETN2	2.85449751705869	92.0763447079237	0.925178364274382
Lung	BI_PF_ILD_atlas_v1	cell_subtype	Ciliated & Club	LRRIQ1	2.94406416780402	89.5315211104685	0.92339268705284
Lung	BI_PF_ILD_atlas_v1	cell_subtype	Ciliated & Club	SMIM22	2.96142264971485	90.6304222093696	0.922052057299398
Lung	BI_PF_ILD_atlas_v1	cell_subtype	Ciliated & Club	SLPI	2.0914094966098	98.4962406015038	0.920510601006455
Lung	BI_PF_ILD_atlas_v1	cell_subtype	Ciliated & Club	AGR2	2.56060308962649	92.5968768074031	0.920181133121877
Lung	BI_PF_ILD_atlas_v1	cell_subtype	Ciliated & Club	DNAAF1	3.20219822527563	88.3747831116252	0.918971827113202
Lung	BI_PF_ILD_atlas_v1	cell_subtype	Ciliated & Club	C9orf116	3.42571215440933	87.4493927125506	0.917575754900591
Lung	BI_PF_ILD_atlas_v1	cell_subtype	Ciliated & Club	EZR	1.44083441308354	98.6697513013303	0.916593661099036
Lung	BI_PF_ILD_atlas_v1	cell_subtype	Ciliated & Club	TACSTD2	2.29604091235127	91.9606709080393	0.915572977831121
Lung	BI_PF_ILD_atlas_v1	cell_subtype	Ciliated & Club	HMGN3	1.86880264875872	97.0503181029497	0.913839944158981
Lung	BI_PF_ILD_atlas_v1	cell_subtype	Ciliated & Club	MORN2	3.13849240913219	88.8953152111047	0.913429670941467
Lung	BI_PF_ILD_atlas_v1	cell_subtype	Ciliated & Club	CD24	3.04650212016236	87.9699248120301	0.912240832051171
Lung	BI_PF_ILD_atlas_v1	cell_subtype	Ciliated & Club	TMEM190	3.73404559349926	85.7721226142279	0.912193300463422
Lung	BI_PF_ILD_atlas_v1	cell_subtype	Ciliated & Club	PRDX5	2.09558455726012	97.6286871023713	0.911708027403279
Lung	BI_PF_ILD_atlas_v1	cell_subtype	Ciliated & Club	PERP	2.37850185643939	90.9774436090226	0.910623915395157
Lung	BI_PF_ILD_atlas_v1	cell_subtype	Ciliated & Club	MS4A8	3.09199712431743	86.4661654135338	0.909923466242938
Lung	BI_PF_ILD_atlas_v1	cell_subtype	Ciliated & Club	CLDN4	2.35816988052853	91.0352805089647	0.908375758147739
Lung	BI_PF_ILD_atlas_v1	cell_subtype	Ciliated & Club	ZMYND10	3.42946449472641	85.2515905147484	0.908289206855889
Lung	BI_PF_ILD_atlas_v1	cell_subtype	Ciliated & Club	DYNLRB2	3.36879814977944	84.9624060150376	0.906020515864636
Lung	BI_PF_ILD_atlas_v1	cell_subtype	Ciliated & Club	SNTN	3.25745110300755	84.7310584152689	0.903541501288134
Lung	BI_PF_ILD_atlas_v1	cell_subtype	Ciliated & Club	CCDC170	3.11422508644025	86.0613071139387	0.903258854123328
Lung	BI_PF_ILD_atlas_v1	cell_subtype	Ciliated & Club	KRT8	1.95284359428146	93.0017351069983	0.902852934073303
Lung	BI_PF_ILD_atlas_v1	cell_subtype	Ciliated & Club	SLC44A4	3.05817101584875	85.5986119144014	0.902016857126373
Lung	BI_PF_ILD_atlas_v1	cell_subtype	Ciliated & Club	CCDC78	3.29956371593856	83.2272990167727	0.89723797404862
Lung	BI_PF_ILD_atlas_v1	cell_subtype	Ciliated & Club	KRT19	1.78206561017108	91.497975708502	0.896249510903533
Lung	BI_PF_ILD_atlas_v1	cell_subtype	Ciliated & Club	CCDC146	3.00977463376004	84.7310584152689	0.895736231218136
Lung	BI_PF_ILD_atlas_v1	cell_subtype	Ciliated & Club	C11orf88	3.42561444414094	82.7067669172932	0.895685044006065
Lung	BI_PF_ILD_atlas_v1	cell_subtype	Ciliated & Club	PLPP2	2.95776327687191	84.037015615963	0.893608104616832
Lung	BI_PF_ILD_atlas_v1	cell_subtype	Ciliated & Club	EFHC1	2.81110395389628	84.8467322151533	0.893369962933881
Lung	BI_PF_ILD_atlas_v1	cell_subtype	Ciliated & Club	DYNLL1	1.6304095385701	98.4384037015616	0.893182123142499
Lung	BI_PF_ILD_atlas_v1	cell_subtype	Ciliated & Club	CHST9	3.31629638120227	82.4754193175246	0.892416136764825
Lung	BI_PF_ILD_atlas_v1	cell_subtype	Ciliated & Club	FOXJ1	3.45106878882563	81.7813765182186	0.891785257631286
Lung	BI_PF_ILD_atlas_v1	cell_subtype	Ciliated & Club	DNAH12	2.20617285101954	83.9213418160787	0.891744787576149
Lung	BI_PF_ILD_atlas_v1	cell_subtype	Club	SCGB3A2	6.74466241127876	92.2518159806295	0.945640174091671
Lung	BI_PF_ILD_atlas_v1	cell_subtype	Club	WFDC2	3.14180974788083	97.320419693301	0.945366756109527
Lung	BI_PF_ILD_atlas_v1	cell_subtype	Club	SFTPB	2.79778315916956	99.7578692493947	0.940927036409623
Lung	BI_PF_ILD_atlas_v1	cell_subtype	Club	CYB5A	3.08644329716608	98.9507667473769	0.937632242521187
Lung	BI_PF_ILD_atlas_v1	cell_subtype	Club	CXCL17	3.24273561472389	95.1896690879742	0.929370086591971
Lung	BI_PF_ILD_atlas_v1	cell_subtype	Club	CEACAM6	4.4356157616216	87.8934624697336	0.921247818199527
Lung	BI_PF_ILD_atlas_v1	cell_subtype	Club	RNASE1	3.1600391400828	97.3688458434221	0.921090529828915
Lung	BI_PF_ILD_atlas_v1	cell_subtype	Club	SCGB3A1	3.01394404482019	92.8974979822437	0.917451134853626
Lung	BI_PF_ILD_atlas_v1	cell_subtype	Club	PIGR	3.37436359079256	91.3155770782889	0.914989419811087
Lung	BI_PF_ILD_atlas_v1	cell_subtype	Club	KRT7	3.0162530440222	90.1856335754641	0.91167516191525
Lung	BI_PF_ILD_atlas_v1	cell_subtype	Club	GPRC5A	3.34723353058536	91.4124293785311	0.910426621172178
Lung	BI_PF_ILD_atlas_v1	cell_subtype	Club	SLPI	2.05284287248704	98.2566585956416	0.90382871537403
Lung	BI_PF_ILD_atlas_v1	cell_subtype	Club	FOLR1	3.51662579819764	87.4414850686037	0.896594236946506
Lung	BI_PF_ILD_atlas_v1	cell_subtype	Club	AGR3	2.88977066802165	89.0395480225989	0.89623527458286
Lung	BI_PF_ILD_atlas_v1	cell_subtype	Club	KRT18	2.54244408420489	90.3470540758676	0.881440059208461
Lung	BI_PF_ILD_atlas_v1	cell_subtype	Club	HOPX	2.28508779192586	90.2017756255044	0.879975644014347
Lung	BI_PF_ILD_atlas_v1	cell_subtype	Club	MGST1	2.02863269134806	97.7401129943503	0.876057069227531
Lung	BI_PF_ILD_atlas_v1	cell_subtype	Club	KRT19	2.23192063936716	88.4907183212268	0.874592945030059
Lung	BI_PF_ILD_atlas_v1	cell_subtype	Club	ELF3	2.45901180697568	87.2477804681195	0.871372456019261
Lung	BI_PF_ILD_atlas_v1	cell_subtype	Club	FXYD3	2.38869962641823	87.1509281678773	0.870375844803886
Lung	BI_PF_ILD_atlas_v1	cell_subtype	Club	TACSTD2	2.4120963045068	84.8103309120258	0.868212956141958
Lung	BI_PF_ILD_atlas_v1	cell_subtype	Club	SFTA2	2.19647107735668	86.2308313155771	0.865904448094222
Lung	BI_PF_ILD_atlas_v1	cell_subtype	Club	SLC34A2	2.36376074708697	86.9733656174334	0.864777364357555
Lung	BI_PF_ILD_atlas_v1	cell_subtype	Club	KRT8	2.35777380201885	87.5867635189669	0.863418769473136
Lung	BI_PF_ILD_atlas_v1	cell_subtype	Club	CLDN4	2.46906623678841	82.8571428571429	0.854497520310376
Lung	BI_PF_ILD_atlas_v1	cell_subtype	Club	AGR2	2.52703875431558	81.3236481033091	0.853903100225695
Lung	BI_PF_ILD_atlas_v1	cell_subtype	Club	S100A14	2.70853540933994	80.9685230024213	0.851395654587608
Lung	BI_PF_ILD_atlas_v1	cell_subtype	Club	ATP1B1	2.36844888874394	90.2502017756255	0.84328972625499
Lung	BI_PF_ILD_atlas_v1	cell_subtype	Club	CTSE	4.94611877043408	70.4923325262308	0.842110934567838
Lung	BI_PF_ILD_atlas_v1	cell_subtype	Club	MUC1	2.40906906673095	80.5972558514931	0.839589555668007
Lung	BI_PF_ILD_atlas_v1	cell_subtype	Club	MMP7	4.63053574576721	70.8474576271186	0.834716542963728
Lung	BI_PF_ILD_atlas_v1	cell_subtype	Club	LMO7	2.59784218243454	78.0145278450363	0.833136402475846
Lung	BI_PF_ILD_atlas_v1	cell_subtype	Club	C16orf89	3.05964481008003	75.8514931396287	0.831992018362165
Lung	BI_PF_ILD_atlas_v1	cell_subtype	Club	NEDD4L	2.7394342376263	78.0790960451977	0.822632400257045
Lung	BI_PF_ILD_atlas_v1	cell_subtype	Club	EPCAM	2.50322610847292	76.0936238902341	0.820069265824628
Lung	BI_PF_ILD_atlas_v1	cell_subtype	Club	BCAM	2.97354911696433	71.9774011299435	0.819112736273665
Lung	BI_PF_ILD_atlas_v1	cell_subtype	Club	SPINT2	1.76823447011648	88.1194511702986	0.816774554757145
Lung	BI_PF_ILD_atlas_v1	cell_subtype	Club	MALL	2.52851115713326	73.1880548829701	0.815980609714564
Lung	BI_PF_ILD_atlas_v1	cell_subtype	Club	SFTA1P	3.29609710745595	68.7489911218725	0.814147967189373
Lung	BI_PF_ILD_atlas_v1	cell_subtype	Club	SDC1	3.34186713108479	68.3131557707829	0.81231325264949
Lung	BI_PF_ILD_atlas_v1	cell_subtype	Club	DSTN	1.26431651652297	96.4003228410008	0.807094290646756
Lung	BI_PF_ILD_atlas_v1	cell_subtype	Club	SCNN1B	4.44777056120247	63.454398708636	0.806369666657931
Lung	BI_PF_ILD_atlas_v1	cell_subtype	Club	SOX4	2.75893846515948	76.9652945924132	0.805875569810313
Lung	BI_PF_ILD_atlas_v1	cell_subtype	Club	TSC22D1	1.84260701201842	85.5690072639225	0.805438501594978
Lung	BI_PF_ILD_atlas_v1	cell_subtype	Club	EMP2	2.04970806702674	78.3373688458434	0.805355327467817
Lung	BI_PF_ILD_atlas_v1	cell_subtype	Club	CYP4B1	2.3971061854533	71.0250201775626	0.804665548472082
Lung	BI_PF_ILD_atlas_v1	cell_subtype	Club	TM4SF1	1.30094932964045	75.5125100887813	0.804297138160212
Lung	BI_PF_ILD_atlas_v1	cell_subtype	Club	NKX2-1	3.09637949285945	68.3777239709443	0.80385605034676
Lung	BI_PF_ILD_atlas_v1	cell_subtype	Club	GSTP1	1.27185704636331	97.6271186440678	0.796390121473253
Lung	BI_PF_ILD_atlas_v1	cell_subtype	Club	ZFP36L1	1.55288699591802	92.1711057304278	0.795886265335362
Lung	BI_PF_ILD_atlas_v1	cell_subtype	Club & AT1	SLPI	2.83253164003927	99.3548387096774	0.966634038445789
Lung	BI_PF_ILD_atlas_v1	cell_subtype	Club & AT1	SFTPB	1.69549001070519	100.0	0.955990768318046
Lung	BI_PF_ILD_atlas_v1	cell_subtype	Club & AT1	HOPX	2.04828083057825	97.741935483871	0.941984510999097
Lung	BI_PF_ILD_atlas_v1	cell_subtype	Club & AT1	CEACAM6	2.13672399370092	92.9032258064516	0.939444852391554
Lung	BI_PF_ILD_atlas_v1	cell_subtype	Club & AT1	SFTA2	1.64022271924124	97.741935483871	0.93843452183285
Lung	BI_PF_ILD_atlas_v1	cell_subtype	Club & AT1	SCGB3A2	1.60457392325632	92.5806451612903	0.933731950003534
Lung	BI_PF_ILD_atlas_v1	cell_subtype	Club & AT1	HSD17B6	3.22511178917472	88.7096774193548	0.927761478786575
Lung	BI_PF_ILD_atlas_v1	cell_subtype	Club & AT1	EMP2	1.59639557919683	95.4838709677419	0.927035866638348
Lung	BI_PF_ILD_atlas_v1	cell_subtype	Club & AT1	CAV1	1.7520663097115	93.2258064516129	0.917798665816872
Lung	BI_PF_ILD_atlas_v1	cell_subtype	Club & AT1	CYB5A	1.09257034574484	98.7096774193548	0.916881674686677
Lung	BI_PF_ILD_atlas_v1	cell_subtype	Club & AT1	SLC34A2	1.16138735505122	93.8709677419355	0.909910292790672
Lung	BI_PF_ILD_atlas_v1	cell_subtype	Club & AT1	GPRC5A	1.03979687027081	92.258064516129	0.903035624377445
Lung	BI_PF_ILD_atlas_v1	cell_subtype	Club & AT1	S100A14	1.75430956494327	89.0322580645161	0.901776186399991
Lung	BI_PF_ILD_atlas_v1	cell_subtype	Club & AT1	RNASE1	0.590385155920281	97.4193548387097	0.895237947297662
Lung	BI_PF_ILD_atlas_v1	cell_subtype	Club & AT1	LIMCH1	1.31084835854921	87.0967741935484	0.884195132466527
Lung	BI_PF_ILD_atlas_v1	cell_subtype	Club & AT1	SFTPC	0.403857101571045	92.9032258064516	0.882667884844256
Lung	BI_PF_ILD_atlas_v1	cell_subtype	Club & AT1	PIGR	0.863417449998551	88.0645161290323	0.882516440183623
Lung	BI_PF_ILD_atlas_v1	cell_subtype	Club & AT1	DSTN	0.475853365485704	98.7096774193548	0.882308069212529
Lung	BI_PF_ILD_atlas_v1	cell_subtype	Club & AT1	MUC1	1.20559421142788	87.0967741935484	0.878141281413693
Lung	BI_PF_ILD_atlas_v1	cell_subtype	Club & AT1	SELENBP1	1.47427656745013	85.4838709677419	0.875480887381716
Lung	BI_PF_ILD_atlas_v1	cell_subtype	Club & AT1	SUSD2	2.09215867460797	79.6774193548387	0.871626983118242
Lung	BI_PF_ILD_atlas_v1	cell_subtype	Club & AT1	MGST1	0.383877049970076	96.7741935483871	0.870181773594055
Lung	BI_PF_ILD_atlas_v1	cell_subtype	Club & AT1	MACROD2	1.70343131253	81.2903225806452	0.867715607260194
Lung	BI_PF_ILD_atlas_v1	cell_subtype	Club & AT1	LMO7	1.54317602591354	83.5483870967742	0.866821873100551
Lung	BI_PF_ILD_atlas_v1	cell_subtype	Club & AT1	AQP4	1.62918036897016	79.0322580645161	0.865979336172529
Lung	BI_PF_ILD_atlas_v1	cell_subtype	Club & AT1	NGFRAP1	1.26675902876278	87.741935483871	0.864337612516595
Lung	BI_PF_ILD_atlas_v1	cell_subtype	Club & AT1	CLDN18	2.44936756741964	78.3870967741935	0.863004191919689
Lung	BI_PF_ILD_atlas_v1	cell_subtype	Club & AT1	CLDN4	0.765149276822397	84.5161290322581	0.862983513084587
Lung	BI_PF_ILD_atlas_v1	cell_subtype	Club & AT1	BCAM	1.18845169747648	80.3225806451613	0.858482334092808
Lung	BI_PF_ILD_atlas_v1	cell_subtype	Club & AT1	NEDD4L	0.619349510223826	84.8387096774194	0.858391108041377
Lung	BI_PF_ILD_atlas_v1	cell_subtype	Club & AT1	SLC39A8	0.981783148692039	84.8387096774194	0.856988345904525
Lung	BI_PF_ILD_atlas_v1	cell_subtype	Club & AT1	AK1	1.40607454644398	81.2903225806452	0.856281857194531
Lung	BI_PF_ILD_atlas_v1	cell_subtype	Club & AT1	NAPSA	-0.571532831308003	85.8064516129032	0.85544284164548
Lung	BI_PF_ILD_atlas_v1	cell_subtype	Club & AT1	CYP4B1	1.06546304948426	80.6451612903226	0.855022518498061
Lung	BI_PF_ILD_atlas_v1	cell_subtype	Club & AT1	CXCL17	0.446071262613827	85.4838709677419	0.854889750761096
Lung	BI_PF_ILD_atlas_v1	cell_subtype	Club & AT1	ATP1B1	0.756082771001448	91.2903225806452	0.854002057156323
Lung	BI_PF_ILD_atlas_v1	cell_subtype	Club & AT1	DHCR24	1.00736949075863	84.1935483870968	0.849696560147527
Lung	BI_PF_ILD_atlas_v1	cell_subtype	Club & AT1	FOLR1	0.79051324016345	80.9677419354839	0.849015733264448
Lung	BI_PF_ILD_atlas_v1	cell_subtype	Club & AT1	NKX2-1	1.62276228878548	77.4193548387097	0.848867148563739
Lung	BI_PF_ILD_atlas_v1	cell_subtype	Club & AT1	SEPP1	0.639126723925465	87.741935483871	0.847831140069848
Lung	BI_PF_ILD_atlas_v1	cell_subtype	Club & AT1	C16orf89	1.2252372492067	79.6774193548387	0.846996086585528
Lung	BI_PF_ILD_atlas_v1	cell_subtype	Club & AT1	SFTPD	0.397898296029782	81.2903225806452	0.846763861536893
Lung	BI_PF_ILD_atlas_v1	cell_subtype	Club & AT1	KRT7	0.638167407324815	79.3548387096774	0.846232991302154
Lung	BI_PF_ILD_atlas_v1	cell_subtype	Club & AT1	SFTPA2	0.133466590193542	83.5483870967742	0.843485176772453
Lung	BI_PF_ILD_atlas_v1	cell_subtype	Club & AT1	SFTPA1	-0.246320939633437	84.1935483870968	0.843004173782853
Lung	BI_PF_ILD_atlas_v1	cell_subtype	Club & AT1	WFDC2	-1.18866661340689	87.0967741935484	0.842074465145178
Lung	BI_PF_ILD_atlas_v1	cell_subtype	Club & AT1	MALL	1.19548777619432	77.4193548387097	0.839820209916626
Lung	BI_PF_ILD_atlas_v1	cell_subtype	Club & AT1	ATP1A1	0.197916367287381	94.5161290322581	0.838032929637787
Lung	BI_PF_ILD_atlas_v1	cell_subtype	Club & AT1	AGR3	-0.143392318620049	81.6129032258064	0.837394238603548
Lung	BI_PF_ILD_atlas_v1	cell_subtype	Club & AT1	IFT57	0.702523920979203	81.6129032258064	0.83008378268086
Lung	BI_PF_ILD_atlas_v1	cell_subtype	Cytotoxic T	CCL5	4.0502853785929	95.98850701735	0.953293788472815
Lung	BI_PF_ILD_atlas_v1	cell_subtype	Cytotoxic T	NKG7	3.88254342714061	90.4409326997458	0.919808554119036
Lung	BI_PF_ILD_atlas_v1	cell_subtype	Cytotoxic T	CD3D	3.89022347067022	75.1906287987623	0.853049350818653
Lung	BI_PF_ILD_atlas_v1	cell_subtype	Cytotoxic T	FYN	2.49556451780776	84.6502375953144	0.849144039615442
Lung	BI_PF_ILD_atlas_v1	cell_subtype	Cytotoxic T	IL32	2.69203296042159	81.688584373964	0.846675127421973
Lung	BI_PF_ILD_atlas_v1	cell_subtype	Cytotoxic T	CST7	3.1246410613455	76.1410100563598	0.844328338536705
Lung	BI_PF_ILD_atlas_v1	cell_subtype	Cytotoxic T	PPP2R5C	2.21293022967544	90.2420156923417	0.834080000921145
Lung	BI_PF_ILD_atlas_v1	cell_subtype	Cytotoxic T	CCL4	2.4464725973104	80.6608465023759	0.830732106958715
Lung	BI_PF_ILD_atlas_v1	cell_subtype	Cytotoxic T	GZMH	4.77092267264643	67.4549673997127	0.82460741161549
Lung	BI_PF_ILD_atlas_v1	cell_subtype	Cytotoxic T	SYTL3	2.02474919500912	85.5785169632004	0.823989570435481
Lung	BI_PF_ILD_atlas_v1	cell_subtype	Cytotoxic T	CNOT6L	2.4320218529996	80.1304011492983	0.818182690575467
Lung	BI_PF_ILD_atlas_v1	cell_subtype	Cytotoxic T	GZMA	4.03511583759381	62.1615648137916	0.790883791234681
Lung	BI_PF_ILD_atlas_v1	cell_subtype	Cytotoxic T	CD3E	3.75210620092581	60.7691457619626	0.78432077894825
Lung	BI_PF_ILD_atlas_v1	cell_subtype	Cytotoxic T	PARP8	2.25780560811685	74.0413305337606	0.782912605885482
Lung	BI_PF_ILD_atlas_v1	cell_subtype	Cytotoxic T	RUNX3	2.68392403811409	66.1951596861532	0.782369071454081
Lung	BI_PF_ILD_atlas_v1	cell_subtype	Cytotoxic T	CD69	1.86968578135807	71.0244225881313	0.78098428489599
Lung	BI_PF_ILD_atlas_v1	cell_subtype	Cytotoxic T	KLRD1	3.16772909460351	62.0510553652337	0.777106554975439
Lung	BI_PF_ILD_atlas_v1	cell_subtype	Cytotoxic T	PRKCH	2.03347613278894	77.1245441485247	0.76904682868575
Lung	BI_PF_ILD_atlas_v1	cell_subtype	Cytotoxic T	TMEM2	2.0946894623716	73.919770140347	0.767398081721572
Lung	BI_PF_ILD_atlas_v1	cell_subtype	Cytotoxic T	GNG2	2.3414248513809	65.123218035142	0.766827207569784
Lung	BI_PF_ILD_atlas_v1	cell_subtype	Cytotoxic T	CD247	2.23323977757349	60.9791137142226	0.766167296344998
Lung	BI_PF_ILD_atlas_v1	cell_subtype	Cytotoxic T	PRF1	3.13557104700161	57.6306774229197	0.764250042577813
Lung	BI_PF_ILD_atlas_v1	cell_subtype	Cytotoxic T	DUSP2	2.03096034519498	70.1956017239474	0.762147088127498
Lung	BI_PF_ILD_atlas_v1	cell_subtype	Cytotoxic T	AKNA	2.25603277994146	68.3279920433197	0.76030869246701
Lung	BI_PF_ILD_atlas_v1	cell_subtype	Cytotoxic T	CXCR4	1.31241093538742	86.5399491656537	0.758689062953566
Lung	BI_PF_ILD_atlas_v1	cell_subtype	Cytotoxic T	GZMB	2.59145159450361	57.5643717537849	0.756977723765782
Lung	BI_PF_ILD_atlas_v1	cell_subtype	Cytotoxic T	GNLY	3.30675734533243	56.4703282130622	0.756056417398145
Lung	BI_PF_ILD_atlas_v1	cell_subtype	Cytotoxic T	BCL11B	3.36434046026434	54.1606807382031	0.750802581855342
Lung	BI_PF_ILD_atlas_v1	cell_subtype	Cytotoxic T	CD3G	4.03087704901647	53.0003315283457	0.750368692767455
Lung	BI_PF_ILD_atlas_v1	cell_subtype	Cytotoxic T	AOAH	2.42621217320667	63.1561498508122	0.750311789232896
Lung	BI_PF_ILD_atlas_v1	cell_subtype	Cytotoxic T	CTSW	3.05874499754621	57.0670792352746	0.749295638947471
Lung	BI_PF_ILD_atlas_v1	cell_subtype	Cytotoxic T	ISG20	1.92221164826968	66.8692673223561	0.747381674659114
Lung	BI_PF_ILD_atlas_v1	cell_subtype	Cytotoxic T	KLRC4-KLRK1	3.51362801728431	52.8345673555089	0.747057502170627
Lung	BI_PF_ILD_atlas_v1	cell_subtype	Cytotoxic T	PPP1R16B	2.54819907172426	57.4649132500829	0.745360137213647
Lung	BI_PF_ILD_atlas_v1	cell_subtype	Cytotoxic T	PIP4K2A	1.90057535634261	76.0636534423693	0.744872176925042
Lung	BI_PF_ILD_atlas_v1	cell_subtype	Cytotoxic T	CDC42SE2	1.71089752960233	76.8261686374185	0.743960771275376
Lung	BI_PF_ILD_atlas_v1	cell_subtype	Cytotoxic T	SKAP1	2.63085099936059	56.1609017571002	0.741523852344559
Lung	BI_PF_ILD_atlas_v1	cell_subtype	Cytotoxic T	ITK	2.40409131055674	54.9452978229639	0.740949982643407
Lung	BI_PF_ILD_atlas_v1	cell_subtype	Cytotoxic T	STAT4	2.09104184122661	60.4818211957122	0.740020701850028
Lung	BI_PF_ILD_atlas_v1	cell_subtype	Cytotoxic T	CD8A	4.60458380085938	49.5303348436291	0.739531458738414
Lung	BI_PF_ILD_atlas_v1	cell_subtype	Cytotoxic T	TRBC2	3.43182325381808	51.9394408221903	0.739174571971453
Lung	BI_PF_ILD_atlas_v1	cell_subtype	Cytotoxic T	TRAC	3.26418401511498	52.0167974361808	0.737018071665338
Lung	BI_PF_ILD_atlas_v1	cell_subtype	Cytotoxic T	PTPRC	1.28225138722513	90.8277157696983	0.736788881778333
Lung	BI_PF_ILD_atlas_v1	cell_subtype	Cytotoxic T	PITPNC1	1.83274808758379	70.1403469996685	0.736017129569385
Lung	BI_PF_ILD_atlas_v1	cell_subtype	Cytotoxic T	RNF125	2.7560649056844	54.989501602387	0.734304558557207
Lung	BI_PF_ILD_atlas_v1	cell_subtype	Cytotoxic T	CD2	3.05015553194283	52.0720521604597	0.732814324671766
Lung	BI_PF_ILD_atlas_v1	cell_subtype	Cytotoxic T	CBLB	1.69748994178769	69.8198695988507	0.725033752933161
Lung	BI_PF_ILD_atlas_v1	cell_subtype	Cytotoxic T	TRBC1	3.51427589154444	45.5077909161233	0.710225774239041
Lung	BI_PF_ILD_atlas_v1	cell_subtype	Cytotoxic T	AC092580.4	3.1131215559743	45.4635871367002	0.709633486763044
Lung	BI_PF_ILD_atlas_v1	cell_subtype	Cytotoxic T	CLEC2D	2.38324262670033	50.8343463366118	0.708993171666397
Lung	BI_PF_ILD_atlas_v1	cell_subtype	DC CXCL2+/CD14+/CD1C-	GPR183	2.40175748786006	88.9908256880734	0.861911347877149
Lung	BI_PF_ILD_atlas_v1	cell_subtype	DC CXCL2+/CD14+/CD1C-	HLA-DPB1	1.74941152318272	99.2681166890011	0.853109090524468
Lung	BI_PF_ILD_atlas_v1	cell_subtype	DC CXCL2+/CD14+/CD1C-	MS4A6A	2.16325012781726	87.0322647149778	0.83544195443667
Lung	BI_PF_ILD_atlas_v1	cell_subtype	DC CXCL2+/CD14+/CD1C-	HLA-DRA	1.51992260527281	99.8763014122255	0.833919919198652
Lung	BI_PF_ILD_atlas_v1	cell_subtype	DC CXCL2+/CD14+/CD1C-	SRGN	1.24723891636506	99.597979589733	0.823325575261663
Lung	BI_PF_ILD_atlas_v1	cell_subtype	DC CXCL2+/CD14+/CD1C-	HLA-DPA1	1.56471851725091	98.7836305535512	0.822930821325869
Lung	BI_PF_ILD_atlas_v1	cell_subtype	DC CXCL2+/CD14+/CD1C-	HLA-DRB1	1.41941009820009	99.5464385114937	0.811980412013818
Lung	BI_PF_ILD_atlas_v1	cell_subtype	DC CXCL2+/CD14+/CD1C-	RGS2	1.96737799870531	84.2696629213483	0.809124108772655
Lung	BI_PF_ILD_atlas_v1	cell_subtype	DC CXCL2+/CD14+/CD1C-	HLA-DQB1	1.51427888487178	95.8973301721472	0.806724628412772
Lung	BI_PF_ILD_atlas_v1	cell_subtype	DC CXCL2+/CD14+/CD1C-	AREG	2.12811945523248	85.8674363467684	0.801541571788625
Lung	BI_PF_ILD_atlas_v1	cell_subtype	DC CXCL2+/CD14+/CD1C-	CSF2RA	2.28215990920778	77.6105556128234	0.789648360769234
Lung	BI_PF_ILD_atlas_v1	cell_subtype	DC CXCL2+/CD14+/CD1C-	HLA-DQA1	1.62658327270237	91.1246263271828	0.789434395280132
Lung	BI_PF_ILD_atlas_v1	cell_subtype	DC CXCL2+/CD14+/CD1C-	CD74	1.1696625293886	99.9072260591692	0.783501949799585
Lung	BI_PF_ILD_atlas_v1	cell_subtype	DC CXCL2+/CD14+/CD1C-	RGS1	1.92798799691499	77.1466859086692	0.782903401984687
Lung	BI_PF_ILD_atlas_v1	cell_subtype	DC CXCL2+/CD14+/CD1C-	ZNF331	2.02033221505955	85.8262034841769	0.780243793462072
Lung	BI_PF_ILD_atlas_v1	cell_subtype	DC CXCL2+/CD14+/CD1C-	SAMSN1	1.50419200669803	89.9701061746212	0.777286739876777
Lung	BI_PF_ILD_atlas_v1	cell_subtype	DC CXCL2+/CD14+/CD1C-	NAMPT	1.24148937524913	94.2892485310793	0.766434179452778
Lung	BI_PF_ILD_atlas_v1	cell_subtype	DC CXCL2+/CD14+/CD1C-	RAB31	1.48316869180017	91.2586331306051	0.764345154890366
Lung	BI_PF_ILD_atlas_v1	cell_subtype	DC CXCL2+/CD14+/CD1C-	ATP1B3	1.67465126707614	93.3099680445315	0.763291275695989
Lung	BI_PF_ILD_atlas_v1	cell_subtype	DC CXCL2+/CD14+/CD1C-	AIF1	1.12421353105005	92.9697969281517	0.76264538361475
Lung	BI_PF_ILD_atlas_v1	cell_subtype	DC CXCL2+/CD14+/CD1C-	CLEC7A	1.5595136785351	83.3728481599835	0.762183912568213
Lung	BI_PF_ILD_atlas_v1	cell_subtype	DC CXCL2+/CD14+/CD1C-	RNASE6	2.01124333652194	68.827955880837	0.761356598221348
Lung	BI_PF_ILD_atlas_v1	cell_subtype	DC CXCL2+/CD14+/CD1C-	FGL2	2.0024999779677	64.1171013297598	0.753133466349864
Lung	BI_PF_ILD_atlas_v1	cell_subtype	DC CXCL2+/CD14+/CD1C-	HLA-DMB	1.37142139606587	80.3937738377487	0.75306429441243
Lung	BI_PF_ILD_atlas_v1	cell_subtype	DC CXCL2+/CD14+/CD1C-	F13A1	3.49333444465833	55.0561797752809	0.751868644119951
Lung	BI_PF_ILD_atlas_v1	cell_subtype	DC CXCL2+/CD14+/CD1C-	CLEC10A	3.50823860863122	54.3139882486342	0.751344466233254
Lung	BI_PF_ILD_atlas_v1	cell_subtype	DC CXCL2+/CD14+/CD1C-	PLAUR	1.23446754007169	88.3517163179054	0.742124989962483
Lung	BI_PF_ILD_atlas_v1	cell_subtype	DC CXCL2+/CD14+/CD1C-	FCGR2B	2.59697136445175	57.1178229048552	0.740021204205434
Lung	BI_PF_ILD_atlas_v1	cell_subtype	DC CXCL2+/CD14+/CD1C-	FCGR2A	1.48506189099953	77.4971652406968	0.739172599082223
Lung	BI_PF_ILD_atlas_v1	cell_subtype	DC CXCL2+/CD14+/CD1C-	MXD1	1.81551087928855	71.075146892073	0.737130325892979
Lung	BI_PF_ILD_atlas_v1	cell_subtype	DC CXCL2+/CD14+/CD1C-	HERPUD1	1.28744323156151	83.8676425110813	0.733122326791614
Lung	BI_PF_ILD_atlas_v1	cell_subtype	DC CXCL2+/CD14+/CD1C-	CXCR4	1.20246158108448	80.125760230904	0.731069727777639
Lung	BI_PF_ILD_atlas_v1	cell_subtype	DC CXCL2+/CD14+/CD1C-	CPVL	1.73356928874226	68.1269972167818	0.730662859003715
Lung	BI_PF_ILD_atlas_v1	cell_subtype	DC CXCL2+/CD14+/CD1C-	CD86	1.6980766780691	70.4463457375528	0.725989380300149
Lung	BI_PF_ILD_atlas_v1	cell_subtype	DC CXCL2+/CD14+/CD1C-	CREM	1.46877244374441	72.7656942583239	0.725667785986235
Lung	BI_PF_ILD_atlas_v1	cell_subtype	DC CXCL2+/CD14+/CD1C-	NLRP3	2.11177469845053	61.3029584578909	0.725444435991435
Lung	BI_PF_ILD_atlas_v1	cell_subtype	DC CXCL2+/CD14+/CD1C-	CST3	0.92049958120432	98.639315534481	0.724916979050897
Lung	BI_PF_ILD_atlas_v1	cell_subtype	DC CXCL2+/CD14+/CD1C-	TET2	1.75974811965706	70.3432635810741	0.724423057685657
Lung	BI_PF_ILD_atlas_v1	cell_subtype	DC CXCL2+/CD14+/CD1C-	SIPA1L1	2.00896823670455	74.6933305844758	0.722510725066052
Lung	BI_PF_ILD_atlas_v1	cell_subtype	DC CXCL2+/CD14+/CD1C-	C5AR1	1.38835740172475	79.723739820637	0.721903447693509
Lung	BI_PF_ILD_atlas_v1	cell_subtype	DC CXCL2+/CD14+/CD1C-	CSF1R	1.97055964172553	59.6845686011751	0.720788594195853
Lung	BI_PF_ILD_atlas_v1	cell_subtype	DC CXCL2+/CD14+/CD1C-	HIF1A	1.30787556936517	84.4655190186579	0.71868725196291
Lung	BI_PF_ILD_atlas_v1	cell_subtype	DC CXCL2+/CD14+/CD1C-	NR4A2	1.38372206825356	74.1882280177301	0.716588518431116
Lung	BI_PF_ILD_atlas_v1	cell_subtype	DC CXCL2+/CD14+/CD1C-	RGS10	1.27924260750299	73.5491186475621	0.715553798485178
Lung	BI_PF_ILD_atlas_v1	cell_subtype	DC CXCL2+/CD14+/CD1C-	C1orf162	0.946542040601046	86.6817853829502	0.71550450807437
Lung	BI_PF_ILD_atlas_v1	cell_subtype	DC CXCL2+/CD14+/CD1C-	PLXDC2	1.47064215712615	88.7434285125245	0.713082205584536
Lung	BI_PF_ILD_atlas_v1	cell_subtype	DC CXCL2+/CD14+/CD1C-	CD14	1.51528694061638	68.91042160602	0.712348415296547
Lung	BI_PF_ILD_atlas_v1	cell_subtype	DC CXCL2+/CD14+/CD1C-	GK	1.59328324005328	78.1981239047521	0.711131702221683
Lung	BI_PF_ILD_atlas_v1	cell_subtype	DC CXCL2+/CD14+/CD1C-	SAT1	0.69916971020959	99.6907535305639	0.710819280265965
Lung	BI_PF_ILD_atlas_v1	cell_subtype	DC CXCL2+/CD14+/CD1C-	MRC1	1.17473439070571	84.2902793526441	0.71071888833261
Lung	BI_PF_ILD_atlas_v1	cell_subtype	DC LAMP3+/CCR7+	BIRC3	2.61506992520101	97.1973094170404	0.965836833354224
Lung	BI_PF_ILD_atlas_v1	cell_subtype	DC LAMP3+/CCR7+	CSF2RA	2.61861909796771	97.7578475336323	0.963844438383608
Lung	BI_PF_ILD_atlas_v1	cell_subtype	DC LAMP3+/CCR7+	CCR7	4.33673082228469	88.9013452914798	0.940374449930571
Lung	BI_PF_ILD_atlas_v1	cell_subtype	DC LAMP3+/CCR7+	LAMP3	1.93100568941518	93.4977578475336	0.934869561230195
Lung	BI_PF_ILD_atlas_v1	cell_subtype	DC LAMP3+/CCR7+	STK4	1.12676216915997	94.6188340807175	0.923890590087156
Lung	BI_PF_ILD_atlas_v1	cell_subtype	DC LAMP3+/CCR7+	CERS6	2.79258935958558	91.1434977578475	0.921042895513058
Lung	BI_PF_ILD_atlas_v1	cell_subtype	DC LAMP3+/CCR7+	FNBP1	1.50192715489058	96.7488789237668	0.919118808231536
Lung	BI_PF_ILD_atlas_v1	cell_subtype	DC LAMP3+/CCR7+	CD83	1.12590174774594	96.3004484304933	0.913686164292538
Lung	BI_PF_ILD_atlas_v1	cell_subtype	DC LAMP3+/CCR7+	DAPP1	2.77917301355969	85.4260089686099	0.90874602089212
Lung	BI_PF_ILD_atlas_v1	cell_subtype	DC LAMP3+/CCR7+	CFLAR	0.413967089801481	95.1793721973094	0.891796039815536
Lung	BI_PF_ILD_atlas_v1	cell_subtype	DC LAMP3+/CCR7+	PTPN1	1.17033065413288	95.1793721973094	0.891097541319969
Lung	BI_PF_ILD_atlas_v1	cell_subtype	DC LAMP3+/CCR7+	UVRAG	2.34355361124939	87.6681614349776	0.889614250115764
Lung	BI_PF_ILD_atlas_v1	cell_subtype	DC LAMP3+/CCR7+	GPR157	3.31479683458615	80.2690582959641	0.887972338078473
Lung	BI_PF_ILD_atlas_v1	cell_subtype	DC LAMP3+/CCR7+	NFKB1	0.967457177420607	92.8251121076233	0.884878631676134
Lung	BI_PF_ILD_atlas_v1	cell_subtype	DC LAMP3+/CCR7+	RFTN1	1.551502525521	85.0896860986547	0.883369517846012
Lung	BI_PF_ILD_atlas_v1	cell_subtype	DC LAMP3+/CCR7+	REL	0.396222487960149	95.4035874439462	0.876886459587151
Lung	BI_PF_ILD_atlas_v1	cell_subtype	DC LAMP3+/CCR7+	DUSP4	1.90897088898213	81.1659192825112	0.87547987118511
Lung	BI_PF_ILD_atlas_v1	cell_subtype	DC LAMP3+/CCR7+	TBC1D8	1.8363888778467	85.2017937219731	0.872835167360641
Lung	BI_PF_ILD_atlas_v1	cell_subtype	DC LAMP3+/CCR7+	CLIC2	1.90398348156621	80.829596412556	0.867211267122872
Lung	BI_PF_ILD_atlas_v1	cell_subtype	DC LAMP3+/CCR7+	RGS1	0.376058309666342	90.1345291479821	0.86660267178922
Lung	BI_PF_ILD_atlas_v1	cell_subtype	DC LAMP3+/CCR7+	GPR137B	1.40571917405884	84.4170403587444	0.859981278861277
Lung	BI_PF_ILD_atlas_v1	cell_subtype	DC LAMP3+/CCR7+	ARAP2	1.84476226270131	80.0448430493274	0.858083268239878
Lung	BI_PF_ILD_atlas_v1	cell_subtype	DC LAMP3+/CCR7+	FSCN1	3.30128016076624	72.9820627802691	0.850953880411082
Lung	BI_PF_ILD_atlas_v1	cell_subtype	DC LAMP3+/CCR7+	CCL22	5.17696793521287	70.1793721973094	0.847836360186569
Lung	BI_PF_ILD_atlas_v1	cell_subtype	DC LAMP3+/CCR7+	ANKRD33B	4.1090382316778	70.9641255605381	0.846687363378045
Lung	BI_PF_ILD_atlas_v1	cell_subtype	DC LAMP3+/CCR7+	SLC22A23	3.75257834733386	71.9730941704036	0.846291070434407
Lung	BI_PF_ILD_atlas_v1	cell_subtype	DC LAMP3+/CCR7+	NR4A3	1.0092961986409	81.390134529148	0.844416058659047
Lung	BI_PF_ILD_atlas_v1	cell_subtype	DC LAMP3+/CCR7+	IL7R	0.571648910332178	83.7443946188341	0.843864979327288
Lung	BI_PF_ILD_atlas_v1	cell_subtype	DC LAMP3+/CCR7+	NAV1	2.43727573434808	74.4394618834081	0.83958102221557
Lung	BI_PF_ILD_atlas_v1	cell_subtype	DC LAMP3+/CCR7+	ID2	0.654081224755152	90.695067264574	0.839245311903936
Lung	BI_PF_ILD_atlas_v1	cell_subtype	DC LAMP3+/CCR7+	CST7	1.51570827605094	74.2152466367713	0.838373545630954
Lung	BI_PF_ILD_atlas_v1	cell_subtype	DC LAMP3+/CCR7+	SPECC1	2.82000352251226	72.7578475336323	0.837494638262965
Lung	BI_PF_ILD_atlas_v1	cell_subtype	DC LAMP3+/CCR7+	ETV6	0.992469513332789	87.219730941704	0.836035001317397
Lung	BI_PF_ILD_atlas_v1	cell_subtype	DC LAMP3+/CCR7+	ADRBK2	1.5906478082621	82.0627802690583	0.835604897623494
Lung	BI_PF_ILD_atlas_v1	cell_subtype	DC LAMP3+/CCR7+	SMAP2	0.232547273109599	90.2466367713004	0.833881999649936
Lung	BI_PF_ILD_atlas_v1	cell_subtype	DC LAMP3+/CCR7+	LSP1	0.548934515024718	85.3139013452915	0.833333640250569
Lung	BI_PF_ILD_atlas_v1	cell_subtype	DC LAMP3+/CCR7+	AIM1	0.661995395925478	85.5381165919282	0.832055175935013
Lung	BI_PF_ILD_atlas_v1	cell_subtype	DC LAMP3+/CCR7+	PELI1	0.999962833685667	87.780269058296	0.828277317670503
Lung	BI_PF_ILD_atlas_v1	cell_subtype	DC LAMP3+/CCR7+	ZEB1	1.8831052110113	71.52466367713	0.824786886815578
Lung	BI_PF_ILD_atlas_v1	cell_subtype	DC LAMP3+/CCR7+	SLC41A2	2.37364259305821	71.0762331838565	0.824704389305132
Lung	BI_PF_ILD_atlas_v1	cell_subtype	DC LAMP3+/CCR7+	TXN	0.323693750321965	96.1883408071749	0.820790170033612
Lung	BI_PF_ILD_atlas_v1	cell_subtype	DC LAMP3+/CCR7+	IRF4	2.51650888236397	66.8161434977578	0.819652092673994
Lung	BI_PF_ILD_atlas_v1	cell_subtype	DC LAMP3+/CCR7+	MED13L	0.90809281189192	85.0896860986547	0.819004607946826
Lung	BI_PF_ILD_atlas_v1	cell_subtype	DC LAMP3+/CCR7+	IL15	2.48268546320478	69.3946188340807	0.81786165297692
Lung	BI_PF_ILD_atlas_v1	cell_subtype	DC LAMP3+/CCR7+	TRAF1	2.96826704695012	66.0313901345291	0.816452698009013
Lung	BI_PF_ILD_atlas_v1	cell_subtype	DC LAMP3+/CCR7+	FLT3	3.37562558188011	64.9103139013453	0.814293799806262
Lung	BI_PF_ILD_atlas_v1	cell_subtype	DC LAMP3+/CCR7+	HLA-DQA1	-0.345097753458083	94.170403587444	0.814132851869845
Lung	BI_PF_ILD_atlas_v1	cell_subtype	DC LAMP3+/CCR7+	RELB	0.889218213345008	75.5605381165919	0.813120482933329
Lung	BI_PF_ILD_atlas_v1	cell_subtype	DC LAMP3+/CCR7+	ENOX1	4.72821086089871	63.9013452914798	0.81296511647734
Lung	BI_PF_ILD_atlas_v1	cell_subtype	DC LAMP3+/CCR7+	KDM2B	2.23106114481529	71.6367713004484	0.812438044437848
Lung	BI_PF_ILD_atlas_v1	cell_subtype	DC1 CLEC9A+	WDFY4	4.40248248791287	94.7516401124649	0.964813540872229
Lung	BI_PF_ILD_atlas_v1	cell_subtype	DC1 CLEC9A+	CSF2RA	1.9815036512563	93.3458294283036	0.917254190847407
Lung	BI_PF_ILD_atlas_v1	cell_subtype	DC1 CLEC9A+	HDAC9	3.84845789192144	86.1293345829428	0.914070202953159
Lung	BI_PF_ILD_atlas_v1	cell_subtype	DC1 CLEC9A+	HLA-DPB1	1.26168281824327	99.0627928772259	0.912174576069474
Lung	BI_PF_ILD_atlas_v1	cell_subtype	DC1 CLEC9A+	C1orf54	3.01116270913909	85.8481724461106	0.909416327744886
Lung	BI_PF_ILD_atlas_v1	cell_subtype	DC1 CLEC9A+	CPVL	1.76318759775696	90.3467666354264	0.901308968731027
Lung	BI_PF_ILD_atlas_v1	cell_subtype	DC1 CLEC9A+	FNBP1	1.47742598760624	96.1574507966261	0.900353310376479
Lung	BI_PF_ILD_atlas_v1	cell_subtype	DC1 CLEC9A+	SERPINB9	1.93749473452433	88.7535145267104	0.897604311650441
Lung	BI_PF_ILD_atlas_v1	cell_subtype	DC1 CLEC9A+	PFKFB3	1.85344918356671	89.8781630740394	0.891017249726323
Lung	BI_PF_ILD_atlas_v1	cell_subtype	DC1 CLEC9A+	HLA-DQA1	0.581527622712109	98.406747891284	0.890771582468001
Lung	BI_PF_ILD_atlas_v1	cell_subtype	DC1 CLEC9A+	CLEC9A	5.39897076539691	78.3505154639175	0.890341904791438
Lung	BI_PF_ILD_atlas_v1	cell_subtype	DC1 CLEC9A+	SEPT6	1.89109388482365	87.066541705717	0.889458187371052
Lung	BI_PF_ILD_atlas_v1	cell_subtype	DC1 CLEC9A+	SIPA1L3	3.37031881372586	82.4742268041237	0.885835589390138
Lung	BI_PF_ILD_atlas_v1	cell_subtype	DC1 CLEC9A+	DUSP4	2.21880686071915	82.0993439550141	0.881993523014681
Lung	BI_PF_ILD_atlas_v1	cell_subtype	DC1 CLEC9A+	ETV6	1.7338217694361	90.7216494845361	0.880914249223887
Lung	BI_PF_ILD_atlas_v1	cell_subtype	DC1 CLEC9A+	LDLRAD4	1.2657246791938	89.8781630740394	0.874539559107966
Lung	BI_PF_ILD_atlas_v1	cell_subtype	DC1 CLEC9A+	HLA-DPA1	0.664161058571155	97.6569821930647	0.873467261999293
Lung	BI_PF_ILD_atlas_v1	cell_subtype	DC1 CLEC9A+	CPNE3	1.487582882047	85.4732895970009	0.872970895732676
Lung	BI_PF_ILD_atlas_v1	cell_subtype	DC1 CLEC9A+	CADM1	2.33107145432134	80.3186504217432	0.867816575409559
Lung	BI_PF_ILD_atlas_v1	cell_subtype	DC1 CLEC9A+	AIM1	1.42970435469306	88.2849109653233	0.864211599326659
Lung	BI_PF_ILD_atlas_v1	cell_subtype	DC1 CLEC9A+	ZBTB46	3.99370313059298	75.1640112464855	0.863274203667698
Lung	BI_PF_ILD_atlas_v1	cell_subtype	DC1 CLEC9A+	MCOLN2	3.43011613890572	74.2268041237113	0.859690202406603
Lung	BI_PF_ILD_atlas_v1	cell_subtype	DC1 CLEC9A+	CD74	0.316034499301976	99.6251171508903	0.858434028399165
Lung	BI_PF_ILD_atlas_v1	cell_subtype	DC1 CLEC9A+	CLIC2	2.04832561276169	78.912839737582	0.853223233536699
Lung	BI_PF_ILD_atlas_v1	cell_subtype	DC1 CLEC9A+	CST3	1.09165244315502	95.3139643861293	0.85197590948987
Lung	BI_PF_ILD_atlas_v1	cell_subtype	DC1 CLEC9A+	HLA-DQB1	0.0273666235467864	95.7825679475164	0.848891632207989
Lung	BI_PF_ILD_atlas_v1	cell_subtype	DC1 CLEC9A+	LGALS2	3.04469901148077	71.9775070290534	0.844010664779801
Lung	BI_PF_ILD_atlas_v1	cell_subtype	DC1 CLEC9A+	IRAK2	2.74817157228039	74.8828491096532	0.842685192705161
Lung	BI_PF_ILD_atlas_v1	cell_subtype	DC1 CLEC9A+	NAAA	1.86590846905093	76.9447047797563	0.840247255709185
Lung	BI_PF_ILD_atlas_v1	cell_subtype	DC1 CLEC9A+	CHN2	1.91393012867078	77.6944704779756	0.837948281476439
Lung	BI_PF_ILD_atlas_v1	cell_subtype	DC1 CLEC9A+	GNA13	1.16056865929934	86.1293345829428	0.837840863738039
Lung	BI_PF_ILD_atlas_v1	cell_subtype	DC1 CLEC9A+	OXSR1	1.60151566582881	83.1302717900656	0.835755767052893
Lung	BI_PF_ILD_atlas_v1	cell_subtype	DC1 CLEC9A+	DENND1B	1.74927708916094	78.2567947516401	0.834266505192751
Lung	BI_PF_ILD_atlas_v1	cell_subtype	DC1 CLEC9A+	AUTS2	1.9974562000472	75.4451733833177	0.833253301411131
Lung	BI_PF_ILD_atlas_v1	cell_subtype	DC1 CLEC9A+	KIF16B	2.32840622739259	76.7572633552015	0.833020240310504
Lung	BI_PF_ILD_atlas_v1	cell_subtype	DC1 CLEC9A+	CD83	0.677212962610031	89.8781630740394	0.832595463947502
Lung	BI_PF_ILD_atlas_v1	cell_subtype	DC1 CLEC9A+	CLNK	4.43346389827576	67.4789128397376	0.832515987693358
Lung	BI_PF_ILD_atlas_v1	cell_subtype	DC1 CLEC9A+	GPR137B	1.59395914192442	79.8500468603561	0.832389907252099
Lung	BI_PF_ILD_atlas_v1	cell_subtype	DC1 CLEC9A+	ASAP1	0.774826815124658	92.2211808809747	0.830715209541685
Lung	BI_PF_ILD_atlas_v1	cell_subtype	DC1 CLEC9A+	IRF8	1.43466824136228	80.2249297094658	0.827814301410001
Lung	BI_PF_ILD_atlas_v1	cell_subtype	DC1 CLEC9A+	RGS10	0.746465654559545	83.6925960637301	0.826376248490088
Lung	BI_PF_ILD_atlas_v1	cell_subtype	DC1 CLEC9A+	PICALM	1.12120355903176	90.0656044985942	0.824598765786284
Lung	BI_PF_ILD_atlas_v1	cell_subtype	DC1 CLEC9A+	HLA-DRA	-0.144503031764016	99.4376757263355	0.824478507604663
Lung	BI_PF_ILD_atlas_v1	cell_subtype	DC1 CLEC9A+	S100B	3.36715708787339	66.8228678537957	0.824367409795153
Lung	BI_PF_ILD_atlas_v1	cell_subtype	DC1 CLEC9A+	ZEB1	1.84476770174332	72.0712277413308	0.823907730507788
Lung	BI_PF_ILD_atlas_v1	cell_subtype	DC1 CLEC9A+	HLA-DRB1	-0.189677806393645	98.875351452671	0.822900469299135
Lung	BI_PF_ILD_atlas_v1	cell_subtype	DC1 CLEC9A+	PTPN2	0.778885140752004	84.4423617619494	0.820894403625177
Lung	BI_PF_ILD_atlas_v1	cell_subtype	DC1 CLEC9A+	JMJD1C	0.796839746397224	93.8144329896907	0.817112020679377
Lung	BI_PF_ILD_atlas_v1	cell_subtype	DC1 CLEC9A+	VDR	2.19711219272787	71.0402999062793	0.816553717853735
Lung	BI_PF_ILD_atlas_v1	cell_subtype	DC1 CLEC9A+	STK17B	0.630071866488514	90.8153701968135	0.816223394540625
Lung	BI_PF_ILD_atlas_v1	cell_subtype	DC2 C1QC+	HLA-DPB1	1.041083294269	99.8091603053435	0.926198067076929
Lung	BI_PF_ILD_atlas_v1	cell_subtype	DC2 C1QC+	RGS1	1.63090081127255	93.8931297709924	0.907904223044055
Lung	BI_PF_ILD_atlas_v1	cell_subtype	DC2 C1QC+	HLA-DPA1	0.811758938259961	99.8727735368957	0.903142865616646
Lung	BI_PF_ILD_atlas_v1	cell_subtype	DC2 C1QC+	HLA-DQA1	0.843683866349453	99.236641221374	0.894136102816492
Lung	BI_PF_ILD_atlas_v1	cell_subtype	DC2 C1QC+	CD74	0.671567759857711	100.0	0.89224442415972
Lung	BI_PF_ILD_atlas_v1	cell_subtype	DC2 C1QC+	HLA-DQB1	0.620956373565953	99.3638676844784	0.888835911485715
Lung	BI_PF_ILD_atlas_v1	cell_subtype	DC2 C1QC+	MS4A6A	0.978816349165012	93.4478371501272	0.883997914828731
Lung	BI_PF_ILD_atlas_v1	cell_subtype	DC2 C1QC+	HLA-DRA	0.281747895612382	100.0	0.868070479133609
Lung	BI_PF_ILD_atlas_v1	cell_subtype	DC2 C1QC+	RGS10	0.901513646591923	91.8575063613232	0.867021304998995
Lung	BI_PF_ILD_atlas_v1	cell_subtype	DC2 C1QC+	HLA-DRB1	0.316286589729561	99.8727735368957	0.85533423085037
Lung	BI_PF_ILD_atlas_v1	cell_subtype	DC2 C1QC+	C1QC	0.682852633501481	96.8193384223919	0.851083410726649
Lung	BI_PF_ILD_atlas_v1	cell_subtype	DC2 C1QC+	RNASE6	1.16503026870055	80.9160305343512	0.837784791993535
Lung	BI_PF_ILD_atlas_v1	cell_subtype	DC2 C1QC+	HERPUD1	0.933406531825632	90.7760814249364	0.831585209678068
Lung	BI_PF_ILD_atlas_v1	cell_subtype	DC2 C1QC+	AIF1	0.190591662727606	96.9465648854962	0.828834027571836
Lung	BI_PF_ILD_atlas_v1	cell_subtype	DC2 C1QC+	ALOX5AP	0.225607867105698	96.3740458015267	0.826912945960605
Lung	BI_PF_ILD_atlas_v1	cell_subtype	DC2 C1QC+	FAM26F	2.24549146677308	70.8015267175573	0.824871291749284
Lung	BI_PF_ILD_atlas_v1	cell_subtype	DC2 C1QC+	CST3	0.068357708223644	99.8727735368957	0.820969525160862
Lung	BI_PF_ILD_atlas_v1	cell_subtype	DC2 C1QC+	CSF1R	1.12774380472595	77.0356234096692	0.81632767355482
Lung	BI_PF_ILD_atlas_v1	cell_subtype	DC2 C1QC+	PKIB	2.38119964474511	67.6208651399491	0.81498307486834
Lung	BI_PF_ILD_atlas_v1	cell_subtype	DC2 C1QC+	AXL	1.47922450733732	77.9262086513995	0.812233784124354
Lung	BI_PF_ILD_atlas_v1	cell_subtype	DC2 C1QC+	HLA-DMB	0.249411743365715	88.676844783715	0.811877019087715
Lung	BI_PF_ILD_atlas_v1	cell_subtype	DC2 C1QC+	C1QB	-0.131640191331066	97.5190839694656	0.811021032859349
Lung	BI_PF_ILD_atlas_v1	cell_subtype	DC2 C1QC+	HLA-DRB5	0.304462494387302	92.6844783715013	0.805387353542037
Lung	BI_PF_ILD_atlas_v1	cell_subtype	DC2 C1QC+	YWHAH	0.552701500068992	89.3129770992366	0.8048107483118
Lung	BI_PF_ILD_atlas_v1	cell_subtype	DC2 C1QC+	FGL2	0.872296527574445	73.2188295165394	0.798842501113928
Lung	BI_PF_ILD_atlas_v1	cell_subtype	DC2 C1QC+	S100B	3.45222815188226	60.7506361323155	0.792240504005053
Lung	BI_PF_ILD_atlas_v1	cell_subtype	DC2 C1QC+	GPR183	0.718361640351665	77.7989821882952	0.792079350302537
Lung	BI_PF_ILD_atlas_v1	cell_subtype	DC2 C1QC+	ADAM28	1.49910942101802	65.8396946564885	0.791535049472735
Lung	BI_PF_ILD_atlas_v1	cell_subtype	DC2 C1QC+	C1QA	-0.380146116477684	97.7099236641221	0.78894628596048
Lung	BI_PF_ILD_atlas_v1	cell_subtype	DC2 C1QC+	LST1	-0.0787957109723916	92.7480916030534	0.783579485537441
Lung	BI_PF_ILD_atlas_v1	cell_subtype	DC2 C1QC+	PLD4	3.67474250981398	57.8880407124682	0.783069715345344
Lung	BI_PF_ILD_atlas_v1	cell_subtype	DC2 C1QC+	CKLF	0.646455846604856	78.8804071246819	0.780495912715588
Lung	BI_PF_ILD_atlas_v1	cell_subtype	DC2 C1QC+	MEF2C	0.6558215132073	70.6743002544529	0.772590400071064
Lung	BI_PF_ILD_atlas_v1	cell_subtype	DC2 C1QC+	CORO1A	0.517459712116326	70.9287531806616	0.771836014012306
Lung	BI_PF_ILD_atlas_v1	cell_subtype	DC2 C1QC+	CSF2RA	0.460575582034952	75.6361323155216	0.77012966083329
Lung	BI_PF_ILD_atlas_v1	cell_subtype	DC2 C1QC+	HCLS1	0.245256980823607	80.089058524173	0.76483291325258
Lung	BI_PF_ILD_atlas_v1	cell_subtype	DC2 C1QC+	ENTPD1	1.02875403143036	66.2849872773537	0.764308985435046
Lung	BI_PF_ILD_atlas_v1	cell_subtype	DC2 C1QC+	ARHGDIB	-0.271215595697193	92.175572519084	0.763118977148838
Lung	BI_PF_ILD_atlas_v1	cell_subtype	DC2 C1QC+	IGSF6	0.0722183296463301	77.8625954198473	0.76004888867139
Lung	BI_PF_ILD_atlas_v1	cell_subtype	DC2 C1QC+	C10orf54	0.505373964517863	68.2569974554707	0.752645398122671
Lung	BI_PF_ILD_atlas_v1	cell_subtype	DC2 C1QC+	COTL1	-0.213064578070639	91.0941475826972	0.75256350856146
Lung	BI_PF_ILD_atlas_v1	cell_subtype	DC2 C1QC+	FYB	0.173906626829301	76.2086513994911	0.750600153674891
Lung	BI_PF_ILD_atlas_v1	cell_subtype	DC2 C1QC+	TYROBP	-0.657475406323206	99.5547073791349	0.75020706623181
Lung	BI_PF_ILD_atlas_v1	cell_subtype	DC2 C1QC+	CD86	0.461071769985343	74.0458015267176	0.748604607333023
Lung	BI_PF_ILD_atlas_v1	cell_subtype	DC2 C1QC+	FAM49B	-0.179962356125089	87.9770992366412	0.748360184654104
Lung	BI_PF_ILD_atlas_v1	cell_subtype	DC2 C1QC+	SRGN	-0.579588169606932	98.9821882951654	0.748265590269493
Lung	BI_PF_ILD_atlas_v1	cell_subtype	DC2 C1QC+	PAK1	0.991504151663166	61.6412213740458	0.745379812220143
Lung	BI_PF_ILD_atlas_v1	cell_subtype	DC2 C1QC+	TBXAS1	0.260937381681967	79.3893129770992	0.744956322041437
Lung	BI_PF_ILD_atlas_v1	cell_subtype	DC2 C1QC+	NPC2	-0.781005776656302	99.1094147582697	0.74011281527684
Lung	BI_PF_ILD_atlas_v1	cell_subtype	DC2 C1QC+	OGFRL1	0.96582762387038	63.6132315521629	0.73953602829517
Lung	BI_PF_ILD_atlas_v1	cell_subtype	DC2 CD1A+/CD1E+	S100B	5.64716608922514	97.8260869565217	0.987498560385403
Lung	BI_PF_ILD_atlas_v1	cell_subtype	DC2 CD1A+/CD1E+	CD1A	6.68155633054432	95.4106280193237	0.976346093833793
Lung	BI_PF_ILD_atlas_v1	cell_subtype	DC2 CD1A+/CD1E+	PKIB	3.407303265989	96.6183574879227	0.975671952272177
Lung	BI_PF_ILD_atlas_v1	cell_subtype	DC2 CD1A+/CD1E+	HLA-DQB2	5.56435980459845	94.2028985507246	0.965523224100656
Lung	BI_PF_ILD_atlas_v1	cell_subtype	DC2 CD1A+/CD1E+	CD1E	4.15457563081417	91.304347826087	0.952958136975676
Lung	BI_PF_ILD_atlas_v1	cell_subtype	DC2 CD1A+/CD1E+	FCER1A	4.08980959256974	90.5797101449275	0.948593779446911
Lung	BI_PF_ILD_atlas_v1	cell_subtype	DC2 CD1A+/CD1E+	HLA-DQA1	0.987373803136329	100.0	0.946328799689375
Lung	BI_PF_ILD_atlas_v1	cell_subtype	DC2 CD1A+/CD1E+	HLA-DPB1	0.528486194407405	99.7584541062802	0.943329836365225
Lung	BI_PF_ILD_atlas_v1	cell_subtype	DC2 CD1A+/CD1E+	LTB	3.27515504878334	90.5797101449275	0.939910457418591
Lung	BI_PF_ILD_atlas_v1	cell_subtype	DC2 CD1A+/CD1E+	C15orf48	1.44396064145349	95.1690821256039	0.931020800100524
Lung	BI_PF_ILD_atlas_v1	cell_subtype	DC2 CD1A+/CD1E+	HLA-DQB1	0.535159850064364	99.7584541062802	0.927899863250302
Lung	BI_PF_ILD_atlas_v1	cell_subtype	DC2 CD1A+/CD1E+	ENTPD1	2.38782312960244	90.8212560386473	0.921349064862939
Lung	BI_PF_ILD_atlas_v1	cell_subtype	DC2 CD1A+/CD1E+	CD74	0.448027531281927	100.0	0.92106667109933
Lung	BI_PF_ILD_atlas_v1	cell_subtype	DC2 CD1A+/CD1E+	HLA-DPA1	0.198102058916147	99.7584541062802	0.92060457268128
Lung	BI_PF_ILD_atlas_v1	cell_subtype	DC2 CD1A+/CD1E+	LST1	0.596377321676721	97.5845410628019	0.912996033889819
Lung	BI_PF_ILD_atlas_v1	cell_subtype	DC2 CD1A+/CD1E+	CD1C	3.49600464682937	83.0917874396135	0.909048291991554
Lung	BI_PF_ILD_atlas_v1	cell_subtype	DC2 CD1A+/CD1E+	HLA-DRA	-0.159927053310092	100.0	0.900021111526643
Lung	BI_PF_ILD_atlas_v1	cell_subtype	DC2 CD1A+/CD1E+	PAK1	1.45960486943732	87.43961352657	0.899985780929078
Lung	BI_PF_ILD_atlas_v1	cell_subtype	DC2 CD1A+/CD1E+	CD207	6.12567535928176	79.951690821256	0.898968816508661
Lung	BI_PF_ILD_atlas_v1	cell_subtype	DC2 CD1A+/CD1E+	FCGBP	4.82425880458878	80.1932367149759	0.897367919588863
Lung	BI_PF_ILD_atlas_v1	cell_subtype	DC2 CD1A+/CD1E+	HLA-DQA2	2.21121402523148	85.5072463768116	0.887860870940529
Lung	BI_PF_ILD_atlas_v1	cell_subtype	DC2 CD1A+/CD1E+	HLA-DRB1	0.0248739814977288	100.0	0.887265691360819
Lung	BI_PF_ILD_atlas_v1	cell_subtype	DC2 CD1A+/CD1E+	GNA15	1.25367664518913	87.6811594202899	0.885758499318097
Lung	BI_PF_ILD_atlas_v1	cell_subtype	DC2 CD1A+/CD1E+	CKLF	1.01997246279231	90.3381642512077	0.883336458757586
Lung	BI_PF_ILD_atlas_v1	cell_subtype	DC2 CD1A+/CD1E+	STK17B	0.824793104864695	94.9275362318841	0.882885426160418
Lung	BI_PF_ILD_atlas_v1	cell_subtype	DC2 CD1A+/CD1E+	CD86	0.975874146504144	90.3381642512077	0.879257392511905
Lung	BI_PF_ILD_atlas_v1	cell_subtype	DC2 CD1A+/CD1E+	HPGDS	2.82489346293105	78.743961352657	0.878458648495523
Lung	BI_PF_ILD_atlas_v1	cell_subtype	DC2 CD1A+/CD1E+	YWHAH	0.443798920937033	94.2028985507246	0.878025105025633
Lung	BI_PF_ILD_atlas_v1	cell_subtype	DC2 CD1A+/CD1E+	RGS1	0.146879315159084	90.0966183574879	0.863880110981676
Lung	BI_PF_ILD_atlas_v1	cell_subtype	DC2 CD1A+/CD1E+	GSN	-0.00657555505442708	96.3768115942029	0.861253324581565
Lung	BI_PF_ILD_atlas_v1	cell_subtype	DC2 CD1A+/CD1E+	GPR183	0.57668976632794	86.9565217391304	0.86121146145057
Lung	BI_PF_ILD_atlas_v1	cell_subtype	DC2 CD1A+/CD1E+	NDRG2	2.22215189599066	76.0869565217391	0.85958924526983
Lung	BI_PF_ILD_atlas_v1	cell_subtype	DC2 CD1A+/CD1E+	SLC38A1	1.20727739974421	79.951690821256	0.856844884455597
Lung	BI_PF_ILD_atlas_v1	cell_subtype	DC2 CD1A+/CD1E+	ALOX5	0.291850208343979	93.2367149758454	0.855786781485817
Lung	BI_PF_ILD_atlas_v1	cell_subtype	DC2 CD1A+/CD1E+	RGS10	0.207081613791554	90.8212560386473	0.853323212335366
Lung	BI_PF_ILD_atlas_v1	cell_subtype	DC2 CD1A+/CD1E+	PLEK2	4.21890172011422	71.4975845410628	0.852488332317513
Lung	BI_PF_ILD_atlas_v1	cell_subtype	DC2 CD1A+/CD1E+	HLA-DMB	-0.110841380461329	92.512077294686	0.850547472471938
Lung	BI_PF_ILD_atlas_v1	cell_subtype	DC2 CD1A+/CD1E+	LCP1	-0.214606532290258	97.8260869565217	0.850312933717355
Lung	BI_PF_ILD_atlas_v1	cell_subtype	DC2 CD1A+/CD1E+	RALA	0.570327825083152	86.7149758454106	0.848644637640886
Lung	BI_PF_ILD_atlas_v1	cell_subtype	DC2 CD1A+/CD1E+	MCOLN2	2.70190399741103	72.2222222222222	0.848285287507128
Lung	BI_PF_ILD_atlas_v1	cell_subtype	DC2 CD1A+/CD1E+	DENND1B	1.1367928734743	81.1594202898551	0.847616140232806
Lung	BI_PF_ILD_atlas_v1	cell_subtype	DC2 CD1A+/CD1E+	CD83	0.369318918024586	89.8550724637681	0.843663318145801
Lung	BI_PF_ILD_atlas_v1	cell_subtype	DC2 CD1A+/CD1E+	JAML	0.679762017025458	82.3671497584541	0.84205568979492
Lung	BI_PF_ILD_atlas_v1	cell_subtype	DC2 CD1A+/CD1E+	GPR137B	1.27923671171805	82.1256038647343	0.840632705649444
Lung	BI_PF_ILD_atlas_v1	cell_subtype	DC2 CD1A+/CD1E+	GDI2	-0.0936629367961377	91.7874396135266	0.83167285175321
Lung	BI_PF_ILD_atlas_v1	cell_subtype	DC2 CD1A+/CD1E+	HLA-DRB5	-0.272322176088563	93.719806763285	0.830964384948265
Lung	BI_PF_ILD_atlas_v1	cell_subtype	DC2 CD1A+/CD1E+	ADAM28	1.3983392407226	72.7053140096618	0.829331671492161
Lung	BI_PF_ILD_atlas_v1	cell_subtype	DC2 CD1A+/CD1E+	ACTB	-0.485272587776073	100.0	0.828397196097937
Lung	BI_PF_ILD_atlas_v1	cell_subtype	DC2 CD1A+/CD1E+	SLC8A1	1.36666247240708	84.5410628019324	0.825932839462498
Lung	BI_PF_ILD_atlas_v1	cell_subtype	DC2 CD1A+/CD1E+	LDLRAD4	0.243521278586631	86.4734299516908	0.825924556477675
Lung	BI_PF_ILD_atlas_v1	cell_subtype	DC2 CLEC10A+	HLA-DPB1	1.91450537360665	99.6929375639713	0.913472080856815
Lung	BI_PF_ILD_atlas_v1	cell_subtype	DC2 CLEC10A+	HLA-DQA1	2.09803865141658	98.4817468440805	0.90174835673707
Lung	BI_PF_ILD_atlas_v1	cell_subtype	DC2 CLEC10A+	HLA-DPA1	1.57702008944586	99.5735243944046	0.880229129422774
Lung	BI_PF_ILD_atlas_v1	cell_subtype	DC2 CLEC10A+	HLA-DRA	1.28049242359838	100.0	0.869296681119475
Lung	BI_PF_ILD_atlas_v1	cell_subtype	DC2 CLEC10A+	GPR183	2.17029960824951	89.0310474240873	0.868665293944044
Lung	BI_PF_ILD_atlas_v1	cell_subtype	DC2 CLEC10A+	HLA-DQB1	1.63429161349483	97.7823268509041	0.868571477931628
Lung	BI_PF_ILD_atlas_v1	cell_subtype	DC2 CLEC10A+	CSF2RA	2.60040816987709	86.6086659843057	0.86473969260989
Lung	BI_PF_ILD_atlas_v1	cell_subtype	DC2 CLEC10A+	CD74	1.27853381221476	99.9488229273286	0.854361833868011
Lung	BI_PF_ILD_atlas_v1	cell_subtype	DC2 CLEC10A+	RGS1	1.70262873378239	86.9839645172296	0.846274146353829
Lung	BI_PF_ILD_atlas_v1	cell_subtype	DC2 CLEC10A+	HLA-DRB1	1.19157065971771	99.727055612419	0.841625756969789
Lung	BI_PF_ILD_atlas_v1	cell_subtype	DC2 CLEC10A+	AREG	1.83444827387075	89.1334015694302	0.839103993609246
Lung	BI_PF_ILD_atlas_v1	cell_subtype	DC2 CLEC10A+	REL	1.46660194388176	90.805185943364	0.8118643154797
Lung	BI_PF_ILD_atlas_v1	cell_subtype	DC2 CLEC10A+	CXCR4	1.19788710507563	87.1886728079154	0.800232319187662
Lung	BI_PF_ILD_atlas_v1	cell_subtype	DC2 CLEC10A+	SRGN	0.609470103931894	99.078812691914	0.797669026726761
Lung	BI_PF_ILD_atlas_v1	cell_subtype	DC2 CLEC10A+	CD86	1.73974183550604	78.949164107813	0.789321971976621
Lung	BI_PF_ILD_atlas_v1	cell_subtype	DC2 CLEC10A+	CST7	2.56070085375578	64.431934493347	0.785756098273547
Lung	BI_PF_ILD_atlas_v1	cell_subtype	DC2 CLEC10A+	NR4A3	2.13270711990979	71.5284885704538	0.785052243986439
Lung	BI_PF_ILD_atlas_v1	cell_subtype	DC2 CLEC10A+	SERPINB9	2.00897287245777	72.0232002729444	0.78358122331775
Lung	BI_PF_ILD_atlas_v1	cell_subtype	DC2 CLEC10A+	PKIB	3.33668881314744	61.0030706243603	0.783416702279645
Lung	BI_PF_ILD_atlas_v1	cell_subtype	DC2 CLEC10A+	RALA	1.67892183548637	78.7444558171273	0.782412445054131
Lung	BI_PF_ILD_atlas_v1	cell_subtype	DC2 CLEC10A+	IL1R2	2.24161190186137	63.5619242579324	0.771274224144479
Lung	BI_PF_ILD_atlas_v1	cell_subtype	DC2 CLEC10A+	ENTPD1	2.3723333059944	65.6601842374616	0.770851646033062
Lung	BI_PF_ILD_atlas_v1	cell_subtype	DC2 CLEC10A+	RGS10	1.06106181201175	80.7062436028659	0.770057604057928
Lung	BI_PF_ILD_atlas_v1	cell_subtype	DC2 CLEC10A+	LDLRAD4	1.67583209439355	75.2132378027977	0.76941796963125
Lung	BI_PF_ILD_atlas_v1	cell_subtype	DC2 CLEC10A+	STK17B	1.19292409615464	85.9945411122484	0.767683090721537
Lung	BI_PF_ILD_atlas_v1	cell_subtype	DC2 CLEC10A+	RGS2	1.07181519356883	78.3862163084272	0.764846748828764
Lung	BI_PF_ILD_atlas_v1	cell_subtype	DC2 CLEC10A+	SGK1	1.18719636286376	83.0774479699761	0.762735774518213
Lung	BI_PF_ILD_atlas_v1	cell_subtype	DC2 CLEC10A+	NFKB1	1.6663463964096	78.403275332651	0.76263239008561
Lung	BI_PF_ILD_atlas_v1	cell_subtype	DC2 CLEC10A+	HLA-DMB	0.841213420400531	81.3374274991471	0.761481473298834
Lung	BI_PF_ILD_atlas_v1	cell_subtype	DC2 CLEC10A+	CD1C	4.96193415010788	52.8659160696008	0.759100281612186
Lung	BI_PF_ILD_atlas_v1	cell_subtype	DC2 CLEC10A+	LSP1	1.04181438175582	77.5673831456841	0.757832492643375
Lung	BI_PF_ILD_atlas_v1	cell_subtype	DC2 CLEC10A+	COTL1	0.769872954812449	90.4469464346639	0.757775785675983
Lung	BI_PF_ILD_atlas_v1	cell_subtype	DC2 CLEC10A+	AXL	2.38920776010075	66.5643125213238	0.757044538766623
Lung	BI_PF_ILD_atlas_v1	cell_subtype	DC2 CLEC10A+	CLEC10A	3.12226485040393	55.5100648242921	0.756759236040337
Lung	BI_PF_ILD_atlas_v1	cell_subtype	DC2 CLEC10A+	AIM1	1.63777545148498	73.16615489594	0.755594664369065
Lung	BI_PF_ILD_atlas_v1	cell_subtype	DC2 CLEC10A+	PTPN1	1.20074294950532	83.3333333333333	0.75393100101832
Lung	BI_PF_ILD_atlas_v1	cell_subtype	DC2 CLEC10A+	CD83	1.36538190993363	79.8874104401228	0.752276119859546
Lung	BI_PF_ILD_atlas_v1	cell_subtype	DC2 CLEC10A+	FCER1A	4.67108407625645	51.4500170590242	0.751748328651258
Lung	BI_PF_ILD_atlas_v1	cell_subtype	DC2 CLEC10A+	MS4A6A	1.02422241815736	74.7867621972023	0.750965342250616
Lung	BI_PF_ILD_atlas_v1	cell_subtype	DC2 CLEC10A+	SLC8A1	1.82559287211974	76.6120777891505	0.750427962144439
Lung	BI_PF_ILD_atlas_v1	cell_subtype	DC2 CLEC10A+	LST1	0.630823573937302	87.6492664619584	0.746031517059927
Lung	BI_PF_ILD_atlas_v1	cell_subtype	DC2 CLEC10A+	GNA13	1.26471028838855	75.093824633231	0.744647985073288
Lung	BI_PF_ILD_atlas_v1	cell_subtype	DC2 CLEC10A+	CCL17	5.26867400232249	50.3582395087001	0.742842025555636
Lung	BI_PF_ILD_atlas_v1	cell_subtype	DC2 CLEC10A+	SIPA1L1	1.61491096470083	76.5267826680314	0.741164802412968
Lung	BI_PF_ILD_atlas_v1	cell_subtype	DC2 CLEC10A+	YWHAH	1.23776079496411	81.6615489593995	0.740448335483566
Lung	BI_PF_ILD_atlas_v1	cell_subtype	DC2 CLEC10A+	SEC14L1	1.0403005812685	75.3838280450358	0.739658171853803
Lung	BI_PF_ILD_atlas_v1	cell_subtype	DC2 CLEC10A+	SMAP2	0.744454215524961	82.3097918799045	0.739451558324384
Lung	BI_PF_ILD_atlas_v1	cell_subtype	DC2 CLEC10A+	JAML	1.62079890101584	65.2848857045377	0.738682177114954
Lung	BI_PF_ILD_atlas_v1	cell_subtype	DC2 CLEC10A+	HLA-DRB5	0.944457614928908	83.3162743091095	0.736885472218367
Lung	BI_PF_ILD_atlas_v1	cell_subtype	DC2 CLEC10A+	CYTIP	0.829854443331818	76.5779597407028	0.73511783048284
Lung	BI_PF_ILD_atlas_v1	cell_subtype	Fib COL13A1+	FBLN1	4.00523540082188	98.3175604626709	0.969807870654836
Lung	BI_PF_ILD_atlas_v1	cell_subtype	Fib COL13A1+	DCN	3.83403454859138	99.3690851735016	0.968981339143732
Lung	BI_PF_ILD_atlas_v1	cell_subtype	Fib COL13A1+	MGP	3.14102645105922	99.5793901156677	0.961697946050707
Lung	BI_PF_ILD_atlas_v1	cell_subtype	Fib COL13A1+	LUM	3.39625872638241	97.6866456361725	0.96010755023444
Lung	BI_PF_ILD_atlas_v1	cell_subtype	Fib COL13A1+	SPARCL1	2.73473742753005	98.9484752891693	0.958858605733127
Lung	BI_PF_ILD_atlas_v1	cell_subtype	Fib COL13A1+	TIMP3	3.38233310638639	95.8990536277603	0.951339906854995
Lung	BI_PF_ILD_atlas_v1	cell_subtype	Fib COL13A1+	MFAP4	3.85911456321648	93.9011566771819	0.949459264974557
Lung	BI_PF_ILD_atlas_v1	cell_subtype	Fib COL13A1+	COL1A2	2.66535787760862	98.1072555205047	0.949204422373455
Lung	BI_PF_ILD_atlas_v1	cell_subtype	Fib COL13A1+	COL6A2	3.2604325362266	96.7402733964248	0.949096793169718
Lung	BI_PF_ILD_atlas_v1	cell_subtype	Fib COL13A1+	C1S	3.16755987907401	96.2145110410095	0.947542927053928
Lung	BI_PF_ILD_atlas_v1	cell_subtype	Fib COL13A1+	MMP2	3.14787764051985	95.583596214511	0.94231163954495
Lung	BI_PF_ILD_atlas_v1	cell_subtype	Fib COL13A1+	PLAC9	3.53515352177697	93.6908517350158	0.942132581817272
Lung	BI_PF_ILD_atlas_v1	cell_subtype	Fib COL13A1+	LTBP1	3.63168784382862	91.6929547844374	0.940697504528352
Lung	BI_PF_ILD_atlas_v1	cell_subtype	Fib COL13A1+	COL6A1	3.25415987468802	94.1114616193481	0.9376214591388
Lung	BI_PF_ILD_atlas_v1	cell_subtype	Fib COL13A1+	A2M	2.81767137579389	94.3217665615142	0.935785088745601
Lung	BI_PF_ILD_atlas_v1	cell_subtype	Fib COL13A1+	BGN	3.37878618604452	91.5878023133544	0.933267087154812
Lung	BI_PF_ILD_atlas_v1	cell_subtype	Fib COL13A1+	CALD1	2.2753331474783	96.8454258675079	0.933185941643588
Lung	BI_PF_ILD_atlas_v1	cell_subtype	Fib COL13A1+	SERPINF1	2.7986737301993	94.2166140904311	0.927731141107306
Lung	BI_PF_ILD_atlas_v1	cell_subtype	Fib COL13A1+	COL6A3	2.74585689615357	90.6414300736067	0.92099202798714
Lung	BI_PF_ILD_atlas_v1	cell_subtype	Fib COL13A1+	CFH	3.0432328754804	90.5362776025237	0.917191815631763
Lung	BI_PF_ILD_atlas_v1	cell_subtype	Fib COL13A1+	C1R	2.88491082080316	91.7981072555205	0.914789258817859
Lung	BI_PF_ILD_atlas_v1	cell_subtype	Fib COL13A1+	IGFBP4	3.10627601824454	90.9568874868559	0.914311984598644
Lung	BI_PF_ILD_atlas_v1	cell_subtype	Fib COL13A1+	FSTL1	3.17085081513617	89.3796004206099	0.912604720016517
Lung	BI_PF_ILD_atlas_v1	cell_subtype	Fib COL13A1+	COL3A1	2.36944042544467	89.6950578338591	0.908116700743508
Lung	BI_PF_ILD_atlas_v1	cell_subtype	Fib COL13A1+	LTBP4	3.15312133577297	86.4353312302839	0.90519239156391
Lung	BI_PF_ILD_atlas_v1	cell_subtype	Fib COL13A1+	SPARC	2.18478230426612	94.006309148265	0.904452598173097
Lung	BI_PF_ILD_atlas_v1	cell_subtype	Fib COL13A1+	APOD	4.215760990227	83.4910620399579	0.897434948811366
Lung	BI_PF_ILD_atlas_v1	cell_subtype	Fib COL13A1+	NNMT	2.16666146556783	92.2187171398528	0.895873996506664
Lung	BI_PF_ILD_atlas_v1	cell_subtype	Fib COL13A1+	GSN	2.56743238042795	96.3196635120925	0.893041535250959
Lung	BI_PF_ILD_atlas_v1	cell_subtype	Fib COL13A1+	DKK3	4.04638996576035	81.0725552050473	0.892865479062313
Lung	BI_PF_ILD_atlas_v1	cell_subtype	Fib COL13A1+	FBN1	3.20072755283966	84.4374342797056	0.892323928575802
Lung	BI_PF_ILD_atlas_v1	cell_subtype	Fib COL13A1+	DPT	5.00952260878706	80.4416403785489	0.889802980122792
Lung	BI_PF_ILD_atlas_v1	cell_subtype	Fib COL13A1+	FBLN2	3.83134560524517	81.2828601472135	0.888258502145047
Lung	BI_PF_ILD_atlas_v1	cell_subtype	Fib COL13A1+	PCOLCE	2.97479310044056	84.5425867507886	0.888240030003342
Lung	BI_PF_ILD_atlas_v1	cell_subtype	Fib COL13A1+	LTBP2	4.45761431655776	79.2849631966351	0.885766128973494
Lung	BI_PF_ILD_atlas_v1	cell_subtype	Fib COL13A1+	COL1A1	1.99153868857629	85.1735015772871	0.882932050790562
Lung	BI_PF_ILD_atlas_v1	cell_subtype	Fib COL13A1+	PMP22	1.84794058668623	92.1135646687697	0.87742683920185
Lung	BI_PF_ILD_atlas_v1	cell_subtype	Fib COL13A1+	FHL1	2.40265241450293	87.0662460567823	0.873342221223761
Lung	BI_PF_ILD_atlas_v1	cell_subtype	Fib COL13A1+	MEG3	3.679441293084	79.7055730809674	0.873306114336642
Lung	BI_PF_ILD_atlas_v1	cell_subtype	Fib COL13A1+	RARRES2	2.02633060322605	83.1756046267087	0.869665127821334
Lung	BI_PF_ILD_atlas_v1	cell_subtype	Fib COL13A1+	TIMP1	1.74405973045667	98.527865404837	0.86735758911184
Lung	BI_PF_ILD_atlas_v1	cell_subtype	Fib COL13A1+	LAMA2	2.54421149102352	79.4952681388013	0.864760392529908
Lung	BI_PF_ILD_atlas_v1	cell_subtype	Fib COL13A1+	SELM	1.62708365168286	88.7486855941115	0.863698650605668
Lung	BI_PF_ILD_atlas_v1	cell_subtype	Fib COL13A1+	SPON1	3.35738924734817	76.130389064143	0.862911079184426
Lung	BI_PF_ILD_atlas_v1	cell_subtype	Fib COL13A1+	TPM2	1.59213828797739	81.4931650893796	0.861538786609016
Lung	BI_PF_ILD_atlas_v1	cell_subtype	Fib COL13A1+	EID1	1.33909563175846	93.0599369085173	0.860285307412812
Lung	BI_PF_ILD_atlas_v1	cell_subtype	Fib COL13A1+	CNN3	1.68846653733287	84.7528916929548	0.859977044707454
Lung	BI_PF_ILD_atlas_v1	cell_subtype	Fib COL13A1+	ABI3BP	3.09922238267727	77.2870662460568	0.857070314388727
Lung	BI_PF_ILD_atlas_v1	cell_subtype	Fib COL13A1+	CCDC80	2.82585845720544	81.0725552050473	0.856668239139201
Lung	BI_PF_ILD_atlas_v1	cell_subtype	Fib COL13A1+	MXRA8	3.23738358303243	76.3406940063091	0.856613437203156
Lung	BI_PF_ILD_atlas_v1	cell_subtype	Ionocyte	CD24	2.48643717270639	94.2028985507246	0.951210572133246
Lung	BI_PF_ILD_atlas_v1	cell_subtype	Ionocyte	EPCAM	1.88515445856188	95.6521739130435	0.948513578912521
Lung	BI_PF_ILD_atlas_v1	cell_subtype	Ionocyte	KRT8	0.90511949404257	97.1014492753623	0.941373024042295
Lung	BI_PF_ILD_atlas_v1	cell_subtype	Ionocyte	KRT18	1.08062493068873	95.6521739130435	0.937753796423307
Lung	BI_PF_ILD_atlas_v1	cell_subtype	Ionocyte	KRT7	1.44521869221835	94.2028985507246	0.935425945595271
Lung	BI_PF_ILD_atlas_v1	cell_subtype	Ionocyte	HEPACAM2	5.4157936304271	86.9565217391304	0.934696931674865
Lung	BI_PF_ILD_atlas_v1	cell_subtype	Ionocyte	CD9	0.37623556578858	100.0	0.930261945559685
Lung	BI_PF_ILD_atlas_v1	cell_subtype	Ionocyte	PERP	0.856661023239607	94.2028985507246	0.922281315429026
Lung	BI_PF_ILD_atlas_v1	cell_subtype	Ionocyte	SEC11C	1.79520189452981	92.7536231884058	0.917564079832746
Lung	BI_PF_ILD_atlas_v1	cell_subtype	Ionocyte	TFF3	1.46652571466416	86.9565217391304	0.915194305173335
Lung	BI_PF_ILD_atlas_v1	cell_subtype	Ionocyte	TFCP2L1	1.81493730720372	88.4057971014493	0.910615188212449
Lung	BI_PF_ILD_atlas_v1	cell_subtype	Ionocyte	GOLM1	2.54602436135963	85.5072463768116	0.90746723872497
Lung	BI_PF_ILD_atlas_v1	cell_subtype	Ionocyte	ASCL3	6.4444131399907	79.7101449275362	0.898531176706477
Lung	BI_PF_ILD_atlas_v1	cell_subtype	Ionocyte	FOXI1	5.45064778561996	78.2608695652174	0.891203700213358
Lung	BI_PF_ILD_atlas_v1	cell_subtype	Ionocyte	ATP1B1	0.863100842593788	94.2028985507246	0.890691551623995
Lung	BI_PF_ILD_atlas_v1	cell_subtype	Ionocyte	ELF3	0.380281817095398	91.304347826087	0.888058043462386
Lung	BI_PF_ILD_atlas_v1	cell_subtype	Ionocyte	HMGB3	2.10739284694584	82.6086956521739	0.887842585515916
Lung	BI_PF_ILD_atlas_v1	cell_subtype	Ionocyte	SYNE2	0.476434896359431	88.4057971014493	0.887605730997602
Lung	BI_PF_ILD_atlas_v1	cell_subtype	Ionocyte	CFTR	4.64890252004518	78.2608695652174	0.88241721506108
Lung	BI_PF_ILD_atlas_v1	cell_subtype	Ionocyte	ATP6V0B	-0.180488159197344	94.2028985507246	0.874937096363941
Lung	BI_PF_ILD_atlas_v1	cell_subtype	Ionocyte	TPD52	1.40797835044508	81.1594202898551	0.869957722830709
Lung	BI_PF_ILD_atlas_v1	cell_subtype	Ionocyte	CLCNKB	4.90459798270545	73.9130434782609	0.869402300014253
Lung	BI_PF_ILD_atlas_v1	cell_subtype	Ionocyte	H3F3B	-0.999087660222928	100.0	0.867619773318043
Lung	BI_PF_ILD_atlas_v1	cell_subtype	Ionocyte	CNN3	0.264421264000634	85.5072463768116	0.866827333834114
Lung	BI_PF_ILD_atlas_v1	cell_subtype	Ionocyte	ATP1A1	0.0444777395773013	98.5507246376812	0.865435388769579
Lung	BI_PF_ILD_atlas_v1	cell_subtype	Ionocyte	SOX4	0.686847144855008	84.0579710144928	0.865170764568908
Lung	BI_PF_ILD_atlas_v1	cell_subtype	Ionocyte	BIK	2.70881810472764	72.463768115942	0.851787666386282
Lung	BI_PF_ILD_atlas_v1	cell_subtype	Ionocyte	CLNK	2.58284208130846	71.0144927536232	0.848686339532307
Lung	BI_PF_ILD_atlas_v1	cell_subtype	Ionocyte	SPINT2	-0.143675482713103	89.8550724637681	0.848296983818388
Lung	BI_PF_ILD_atlas_v1	cell_subtype	Ionocyte	TMPRSS11E	5.85811203791755	69.5652173913043	0.847354154303363
Lung	BI_PF_ILD_atlas_v1	cell_subtype	Ionocyte	MARCKSL1	0.888030948679817	78.2608695652174	0.845484833106957
Lung	BI_PF_ILD_atlas_v1	cell_subtype	Ionocyte	STAP1	3.57504353706003	69.5652173913043	0.843219542474298
Lung	BI_PF_ILD_atlas_v1	cell_subtype	Ionocyte	CLDN4	0.542912678593926	81.1594202898551	0.842363839611064
Lung	BI_PF_ILD_atlas_v1	cell_subtype	Ionocyte	CD2AP	0.453916375824141	79.7101449275362	0.841363532794706
Lung	BI_PF_ILD_atlas_v1	cell_subtype	Ionocyte	ID3	0.301867363663768	82.6086956521739	0.84080458925549
Lung	BI_PF_ILD_atlas_v1	cell_subtype	Ionocyte	PLPP2	1.08972542143475	75.3623188405797	0.840771772562261
Lung	BI_PF_ILD_atlas_v1	cell_subtype	Ionocyte	RASSF6	3.00614835542181	69.5652173913043	0.838178440833815
Lung	BI_PF_ILD_atlas_v1	cell_subtype	Ionocyte	TACSTD2	-0.28014072205826	79.7101449275362	0.837188951426039
Lung	BI_PF_ILD_atlas_v1	cell_subtype	Ionocyte	RARRES2	1.50796680368933	75.3623188405797	0.83709137178056
Lung	BI_PF_ILD_atlas_v1	cell_subtype	Ionocyte	EGFR	1.39866321805655	73.9130434782609	0.833857502276441
Lung	BI_PF_ILD_atlas_v1	cell_subtype	Ionocyte	DSP	2.0160922093966	72.463768115942	0.831441691928419
Lung	BI_PF_ILD_atlas_v1	cell_subtype	Ionocyte	NCALD	0.427694316609204	72.463768115942	0.831194488893064
Lung	BI_PF_ILD_atlas_v1	cell_subtype	Ionocyte	SCNN1B	2.39984077701192	68.1159420289855	0.830252079283005
Lung	BI_PF_ILD_atlas_v1	cell_subtype	Ionocyte	AQP3	-0.216915463693518	85.5072463768116	0.828905229915264
Lung	BI_PF_ILD_atlas_v1	cell_subtype	Ionocyte	ST14	0.452003468243125	76.8115942028985	0.827510441508268
Lung	BI_PF_ILD_atlas_v1	cell_subtype	Ionocyte	HES6	3.71104536563909	66.6666666666667	0.824238535562987
Lung	BI_PF_ILD_atlas_v1	cell_subtype	Ionocyte	PDE1C	3.37058155862342	65.2173913043478	0.822000667035008
Lung	BI_PF_ILD_atlas_v1	cell_subtype	Ionocyte	KIT	2.97923853323689	65.2173913043478	0.820850157298918
Lung	BI_PF_ILD_atlas_v1	cell_subtype	Ionocyte	PACRG	0.691692830856463	68.1159420289855	0.818257197610759
Lung	BI_PF_ILD_atlas_v1	cell_subtype	Ionocyte	BPIFA2	5.83995751100759	63.768115942029	0.817726975893757
Lung	BI_PF_ILD_atlas_v1	cell_subtype	Lipofibroblast	DCN	2.68012398089538	98.5714285714286	0.957522068749169
Lung	BI_PF_ILD_atlas_v1	cell_subtype	Lipofibroblast	CCDC80	2.97781153946317	97.1428571428571	0.955658700221073
Lung	BI_PF_ILD_atlas_v1	cell_subtype	Lipofibroblast	COL6A2	2.63356627666388	96.9047619047619	0.951376581841615
Lung	BI_PF_ILD_atlas_v1	cell_subtype	Lipofibroblast	FBLN1	2.9787060106213	95.7142857142857	0.949762131936897
Lung	BI_PF_ILD_atlas_v1	cell_subtype	Lipofibroblast	C3	2.97215136468838	95.7142857142857	0.945934652782679
Lung	BI_PF_ILD_atlas_v1	cell_subtype	Lipofibroblast	C1S	2.48672551057461	95.2380952380952	0.938331281660841
Lung	BI_PF_ILD_atlas_v1	cell_subtype	Lipofibroblast	COL1A2	2.05914535627272	95.2380952380952	0.934737169436474
Lung	BI_PF_ILD_atlas_v1	cell_subtype	Lipofibroblast	SPARCL1	1.46573965137926	96.6666666666667	0.931301048165109
Lung	BI_PF_ILD_atlas_v1	cell_subtype	Lipofibroblast	MGP	2.39089804535072	96.6666666666667	0.930845445701899
Lung	BI_PF_ILD_atlas_v1	cell_subtype	Lipofibroblast	COL6A1	2.64443368262085	92.8571428571429	0.930709120126349
Lung	BI_PF_ILD_atlas_v1	cell_subtype	Lipofibroblast	IGFBP4	2.66099081848571	92.1428571428571	0.91912054012409
Lung	BI_PF_ILD_atlas_v1	cell_subtype	Lipofibroblast	SERPINF1	2.57557258344215	91.9047619047619	0.914466602733644
Lung	BI_PF_ILD_atlas_v1	cell_subtype	Lipofibroblast	C1R	2.11187852285432	91.9047619047619	0.912472777624752
Lung	BI_PF_ILD_atlas_v1	cell_subtype	Lipofibroblast	COL1A1	1.96805969828672	90.2380952380952	0.912067674170729
Lung	BI_PF_ILD_atlas_v1	cell_subtype	Lipofibroblast	IGFBP6	2.04599385785272	87.8571428571429	0.907093477630976
Lung	BI_PF_ILD_atlas_v1	cell_subtype	Lipofibroblast	MMP2	2.18861598749384	89.5238095238095	0.903155195960518
Lung	BI_PF_ILD_atlas_v1	cell_subtype	Lipofibroblast	NNMT	2.05446610337926	91.1904761904762	0.895889223871792
Lung	BI_PF_ILD_atlas_v1	cell_subtype	Lipofibroblast	PCOLCE	2.43545503996937	85.952380952381	0.895683144241253
Lung	BI_PF_ILD_atlas_v1	cell_subtype	Lipofibroblast	FSTL1	2.49330778493755	85.952380952381	0.893731183398082
Lung	BI_PF_ILD_atlas_v1	cell_subtype	Lipofibroblast	COL6A3	2.19569695152887	85.0	0.892234075663933
Lung	BI_PF_ILD_atlas_v1	cell_subtype	Lipofibroblast	SPARC	1.25927550550998	92.1428571428571	0.891547806412396
Lung	BI_PF_ILD_atlas_v1	cell_subtype	Lipofibroblast	LUM	2.08546206354049	85.0	0.889330144297882
Lung	BI_PF_ILD_atlas_v1	cell_subtype	Lipofibroblast	PTGDS	3.15803695113054	83.0952380952381	0.889265753409593
Lung	BI_PF_ILD_atlas_v1	cell_subtype	Lipofibroblast	CALD1	1.31658102341043	90.0	0.886679501605235
Lung	BI_PF_ILD_atlas_v1	cell_subtype	Lipofibroblast	COL3A1	1.39780039265448	85.7142857142857	0.886648546092686
Lung	BI_PF_ILD_atlas_v1	cell_subtype	Lipofibroblast	RARRES2	2.08701745261204	85.2380952380952	0.883907687267085
Lung	BI_PF_ILD_atlas_v1	cell_subtype	Lipofibroblast	CXCL12	3.49845382905862	79.2857142857143	0.881269966387223
Lung	BI_PF_ILD_atlas_v1	cell_subtype	Lipofibroblast	CRISPLD2	1.86769784545382	81.1904761904762	0.874689071284281
Lung	BI_PF_ILD_atlas_v1	cell_subtype	Lipofibroblast	CYR61	2.39074272320768	84.2857142857143	0.873224183987354
Lung	BI_PF_ILD_atlas_v1	cell_subtype	Lipofibroblast	RARRES1	2.59950982036512	81.9047619047619	0.87187364504145
Lung	BI_PF_ILD_atlas_v1	cell_subtype	Lipofibroblast	C7	3.30867934149089	78.5714285714286	0.871541806113336
Lung	BI_PF_ILD_atlas_v1	cell_subtype	Lipofibroblast	EFEMP1	1.93018415409652	83.3333333333333	0.870675062441152
Lung	BI_PF_ILD_atlas_v1	cell_subtype	Lipofibroblast	IGFBP7	0.462525722451714	91.1904761904762	0.868223315052635
Lung	BI_PF_ILD_atlas_v1	cell_subtype	Lipofibroblast	IFITM3	0.351474538491825	96.9047619047619	0.867912136066027
Lung	BI_PF_ILD_atlas_v1	cell_subtype	Lipofibroblast	SERPING1	1.08555070759348	94.0476190476191	0.867519444541231
Lung	BI_PF_ILD_atlas_v1	cell_subtype	Lipofibroblast	MYC	2.10397480930089	81.4285714285714	0.866129657857744
Lung	BI_PF_ILD_atlas_v1	cell_subtype	Lipofibroblast	GEM	2.57228658127819	78.0952380952381	0.857658644053722
Lung	BI_PF_ILD_atlas_v1	cell_subtype	Lipofibroblast	TIMP1	0.781405448601303	97.1428571428571	0.856614563115199
Lung	BI_PF_ILD_atlas_v1	cell_subtype	Lipofibroblast	EGR1	1.02258114095345	90.0	0.854735728619744
Lung	BI_PF_ILD_atlas_v1	cell_subtype	Lipofibroblast	GFPT2	3.11022818630319	73.3333333333333	0.852353846050137
Lung	BI_PF_ILD_atlas_v1	cell_subtype	Lipofibroblast	COL14A1	2.89608043007469	75.0	0.849946285340777
Lung	BI_PF_ILD_atlas_v1	cell_subtype	Lipofibroblast	SFRP2	3.57047358423963	74.2857142857143	0.848666279068806
Lung	BI_PF_ILD_atlas_v1	cell_subtype	Lipofibroblast	MT2A	1.19075396430628	97.3809523809524	0.846306878554481
Lung	BI_PF_ILD_atlas_v1	cell_subtype	Lipofibroblast	CLU	1.64975308532901	83.3333333333333	0.845546234540802
Lung	BI_PF_ILD_atlas_v1	cell_subtype	Lipofibroblast	EMP1	1.41142784744942	88.0952380952381	0.843948824247813
Lung	BI_PF_ILD_atlas_v1	cell_subtype	Lipofibroblast	MEDAG	3.79677749756396	70.9523809523809	0.843925604823262
Lung	BI_PF_ILD_atlas_v1	cell_subtype	Lipofibroblast	FGFR1	2.52457840648019	75.7142857142857	0.840598469515904
Lung	BI_PF_ILD_atlas_v1	cell_subtype	Lipofibroblast	TSHZ2	1.82264766647055	75.0	0.838520131471699
Lung	BI_PF_ILD_atlas_v1	cell_subtype	Lipofibroblast	PLA2G2A	3.84708464288312	70.4761904761905	0.838325922575586
Lung	BI_PF_ILD_atlas_v1	cell_subtype	Lipofibroblast	CFH	1.76268197310272	77.3809523809524	0.835677071515594
Lung	BI_PF_ILD_atlas_v1	cell_subtype	Lymphatic	CCL21	10.1683461845826	96.4081906680094	0.98138601093835
Lung	BI_PF_ILD_atlas_v1	cell_subtype	Lymphatic	TFF3	4.43187853320043	93.9241356159785	0.960335368728763
Lung	BI_PF_ILD_atlas_v1	cell_subtype	Lymphatic	PPFIBP1	4.0868350171686	93.0849278281302	0.949902088992386
Lung	BI_PF_ILD_atlas_v1	cell_subtype	Lymphatic	GNG11	3.68319518979806	93.7562940584089	0.949366975835562
Lung	BI_PF_ILD_atlas_v1	cell_subtype	Lymphatic	MMRN1	5.72850976196757	89.2581403155421	0.942949501660751
Lung	BI_PF_ILD_atlas_v1	cell_subtype	Lymphatic	IGFBP7	2.19619039862572	97.9523329976502	0.933993214910324
Lung	BI_PF_ILD_atlas_v1	cell_subtype	Lymphatic	SDPR	3.61494201873577	87.4790198053038	0.916997366435907
Lung	BI_PF_ILD_atlas_v1	cell_subtype	Lymphatic	TFPI	2.61676081616872	92.4135615978516	0.906895277289074
Lung	BI_PF_ILD_atlas_v1	cell_subtype	Lymphatic	CLDN5	2.75605049191809	82.6451829472977	0.894567234962652
Lung	BI_PF_ILD_atlas_v1	cell_subtype	Lymphatic	TIMP3	1.70801153302248	88.5867740852635	0.892546284693054
Lung	BI_PF_ILD_atlas_v1	cell_subtype	Lymphatic	AKAP12	3.58948478580456	83.4508224236321	0.888979012210433
Lung	BI_PF_ILD_atlas_v1	cell_subtype	Lymphatic	APP	1.71411926099759	93.5884525008392	0.881889058193584
Lung	BI_PF_ILD_atlas_v1	cell_subtype	Lymphatic	RAMP2	2.72374320596114	78.147029204431	0.869339888654317
Lung	BI_PF_ILD_atlas_v1	cell_subtype	Lymphatic	PKHD1L1	5.39914102098783	72.1383014434374	0.857180053528047
Lung	BI_PF_ILD_atlas_v1	cell_subtype	Lymphatic	SNCG	4.7320970804031	72.6082578046324	0.854324685837367
Lung	BI_PF_ILD_atlas_v1	cell_subtype	Lymphatic	CNN3	1.95778569836425	81.9738167170191	0.849832316261427
Lung	BI_PF_ILD_atlas_v1	cell_subtype	Lymphatic	TM4SF1	1.21107718730118	82.0073850285331	0.84589551867059
Lung	BI_PF_ILD_atlas_v1	cell_subtype	Lymphatic	LDB2	2.86449741378773	72.9103726082578	0.841824713132972
Lung	BI_PF_ILD_atlas_v1	cell_subtype	Lymphatic	SPTBN1	1.37006774954682	83.3165491775764	0.829999058318896
Lung	BI_PF_ILD_atlas_v1	cell_subtype	Lymphatic	CLU	1.23278138553619	82.9808660624371	0.828110821556562
Lung	BI_PF_ILD_atlas_v1	cell_subtype	Lymphatic	TSHZ2	2.88631934548886	72.306143001007	0.827378938987123
Lung	BI_PF_ILD_atlas_v1	cell_subtype	Lymphatic	CALD1	0.81250056716139	79.7918764686136	0.822124638602366
Lung	BI_PF_ILD_atlas_v1	cell_subtype	Lymphatic	CAV1	1.22463464679253	77.3413897280967	0.821664996051985
Lung	BI_PF_ILD_atlas_v1	cell_subtype	Lymphatic	PCAT19	2.95613971359723	67.5730110775428	0.82157842360307
Lung	BI_PF_ILD_atlas_v1	cell_subtype	Lymphatic	NNMT	1.24455211432671	79.4897616649883	0.816634872630805
Lung	BI_PF_ILD_atlas_v1	cell_subtype	Lymphatic	CRIP2	1.55800574955359	74.756629741524	0.815998742548657
Lung	BI_PF_ILD_atlas_v1	cell_subtype	Lymphatic	HYAL2	2.3297591964731	70.3591809331991	0.814368477353764
Lung	BI_PF_ILD_atlas_v1	cell_subtype	Lymphatic	SEMA3A	4.66106008312911	64.7532729103726	0.814194822986509
Lung	BI_PF_ILD_atlas_v1	cell_subtype	Lymphatic	TCF4	1.22396590459898	79.4897616649883	0.805328771322294
Lung	BI_PF_ILD_atlas_v1	cell_subtype	Lymphatic	NFIB	1.56518740419228	73.3803289694528	0.799654475700006
Lung	BI_PF_ILD_atlas_v1	cell_subtype	Lymphatic	KALRN	4.0027733808934	62.6720375965089	0.799330488258674
Lung	BI_PF_ILD_atlas_v1	cell_subtype	Lymphatic	EGFL7	2.36378486157277	65.055387713998	0.796976899909631
Lung	BI_PF_ILD_atlas_v1	cell_subtype	Lymphatic	CD59	0.724314313835347	90.3323262839879	0.796295259625517
Lung	BI_PF_ILD_atlas_v1	cell_subtype	Lymphatic	PDPN	3.38005688101164	63.5448136958711	0.795285215910302
Lung	BI_PF_ILD_atlas_v1	cell_subtype	Lymphatic	ARHGAP29	2.25202543157357	65.558912386707	0.793816757694174
Lung	BI_PF_ILD_atlas_v1	cell_subtype	Lymphatic	CNKSR3	2.80045640269197	63.7797918764686	0.79297691092776
Lung	BI_PF_ILD_atlas_v1	cell_subtype	Lymphatic	TBX1	4.46274539868858	59.7851628063108	0.792515608523077
Lung	BI_PF_ILD_atlas_v1	cell_subtype	Lymphatic	LAMA4	2.90343838931714	63.3098355152736	0.791689101279249
Lung	BI_PF_ILD_atlas_v1	cell_subtype	Lymphatic	IFITM3	0.533719637444516	93.0513595166163	0.790958785642418
Lung	BI_PF_ILD_atlas_v1	cell_subtype	Lymphatic	LHFP	1.86246186595925	67.1701913393756	0.790894529403803
Lung	BI_PF_ILD_atlas_v1	cell_subtype	Lymphatic	ELK3	1.8529003043049	70.1913393756294	0.789641772968641
Lung	BI_PF_ILD_atlas_v1	cell_subtype	Lymphatic	PROX1	5.59260174425097	57.30110775428	0.784840146223089
Lung	BI_PF_ILD_atlas_v1	cell_subtype	Lymphatic	RAB11A	1.116861744965	80.1275595837529	0.776735159459599
Lung	BI_PF_ILD_atlas_v1	cell_subtype	Lymphatic	CXorf36	3.35009871491939	56.6968781470292	0.775132717451389
Lung	BI_PF_ILD_atlas_v1	cell_subtype	Lymphatic	TGFBR2	1.07018641192469	80.4296743873783	0.773885732308717
Lung	BI_PF_ILD_atlas_v1	cell_subtype	Lymphatic	PRSS23	1.1883968866842	64.7532729103726	0.7723472546305
Lung	BI_PF_ILD_atlas_v1	cell_subtype	Lymphatic	KANK3	3.43852181542422	56.6968781470292	0.771983060494324
Lung	BI_PF_ILD_atlas_v1	cell_subtype	Lymphatic	GPM6A	3.86950331706549	56.1597851628063	0.771885137364373
Lung	BI_PF_ILD_atlas_v1	cell_subtype	Lymphatic	IGFBP4	0.610256641734514	70.3256126216851	0.770705270392324
Lung	BI_PF_ILD_atlas_v1	cell_subtype	Lymphatic	GYPC	1.42052656052279	78.8183954347096	0.770310828528441
Lung	BI_PF_ILD_atlas_v1	cell_subtype	Macrophage C1Q hi	CTSB	1.91821345159913	99.2666452235445	0.812478202383139
Lung	BI_PF_ILD_atlas_v1	cell_subtype	Macrophage C1Q hi	LGMN	2.77511440724752	78.4496622708266	0.784983032353188
Lung	BI_PF_ILD_atlas_v1	cell_subtype	Macrophage C1Q hi	C1QC	1.85742373307107	91.3026696687038	0.780047271016836
Lung	BI_PF_ILD_atlas_v1	cell_subtype	Macrophage C1Q hi	MS4A6A	2.21352259569317	78.2438082984883	0.769541100520442
Lung	BI_PF_ILD_atlas_v1	cell_subtype	Macrophage C1Q hi	C1QA	1.43708417566011	95.484078481827	0.762376961800512
Lung	BI_PF_ILD_atlas_v1	cell_subtype	Macrophage C1Q hi	PSAP	1.6770907490647	98.7648761659698	0.759876011956708
Lung	BI_PF_ILD_atlas_v1	cell_subtype	Macrophage C1Q hi	C1QB	1.47654784739958	92.7693792216147	0.754920512489175
Lung	BI_PF_ILD_atlas_v1	cell_subtype	Macrophage C1Q hi	APOE	2.47807905667338	85.3007397877131	0.750407835183479
Lung	BI_PF_ILD_atlas_v1	cell_subtype	Macrophage C1Q hi	CTSZ	1.95289084292984	90.0739787713091	0.744395321824017
Lung	BI_PF_ILD_atlas_v1	cell_subtype	Macrophage C1Q hi	GPNMB	2.06155985967975	82.4959794146028	0.738651240640466
Lung	BI_PF_ILD_atlas_v1	cell_subtype	Macrophage C1Q hi	ABCA1	2.2301871876924	72.2869089739466	0.736558356666114
Lung	BI_PF_ILD_atlas_v1	cell_subtype	Macrophage C1Q hi	FMN1	2.44386501917558	70.4792537793503	0.735336933531565
Lung	BI_PF_ILD_atlas_v1	cell_subtype	Macrophage C1Q hi	SLCO2B1	2.16334774732886	72.2933419105822	0.730216031764151
Lung	BI_PF_ILD_atlas_v1	cell_subtype	Macrophage C1Q hi	RGS1	1.76412448948824	69.2698616918623	0.727370002565753
Lung	BI_PF_ILD_atlas_v1	cell_subtype	Macrophage C1Q hi	CTSL	1.60116381040019	85.0820199421036	0.713471793729622
Lung	BI_PF_ILD_atlas_v1	cell_subtype	Macrophage C1Q hi	CD163L1	2.54860838190238	61.6789964618849	0.713445160285526
Lung	BI_PF_ILD_atlas_v1	cell_subtype	Macrophage C1Q hi	MS4A4A	1.85800482354191	73.7214538436796	0.71207149797474
Lung	BI_PF_ILD_atlas_v1	cell_subtype	Macrophage C1Q hi	MERTK	2.87511968333097	52.6600192988099	0.711487247230795
Lung	BI_PF_ILD_atlas_v1	cell_subtype	Macrophage C1Q hi	SLC1A3	2.21898516798572	66.375040205854	0.710072945001265
Lung	BI_PF_ILD_atlas_v1	cell_subtype	Macrophage C1Q hi	HLA-DRA	1.30554124320014	99.0221936313927	0.709902115731472
Lung	BI_PF_ILD_atlas_v1	cell_subtype	Macrophage C1Q hi	CD14	1.81546275558272	68.7873914441943	0.70800884073676
Lung	BI_PF_ILD_atlas_v1	cell_subtype	Macrophage C1Q hi	GPR183	1.45823216555494	65.9247346413638	0.707043488546954
Lung	BI_PF_ILD_atlas_v1	cell_subtype	Macrophage C1Q hi	FPR3	2.17124401461737	58.8356384689611	0.706778827911414
Lung	BI_PF_ILD_atlas_v1	cell_subtype	Macrophage C1Q hi	FTL	1.35457491078401	99.9742682534577	0.70673364842031
Lung	BI_PF_ILD_atlas_v1	cell_subtype	Macrophage C1Q hi	DOCK4	1.64419377909137	70.7687359279511	0.706446059575851
Lung	BI_PF_ILD_atlas_v1	cell_subtype	Macrophage C1Q hi	KCNMA1	2.50695321778598	61.0035381151496	0.705145245705271
Lung	BI_PF_ILD_atlas_v1	cell_subtype	Macrophage C1Q hi	GLUL	1.31979229524672	95.1559987134127	0.704871748405881
Lung	BI_PF_ILD_atlas_v1	cell_subtype	Macrophage C1Q hi	CCL18	2.64219389566706	68.3242200064329	0.704085048965983
Lung	BI_PF_ILD_atlas_v1	cell_subtype	Macrophage C1Q hi	TFRC	1.74777027189058	81.691862335156	0.704071922551707
Lung	BI_PF_ILD_atlas_v1	cell_subtype	Macrophage C1Q hi	MFSD1	1.67513449458579	74.274686394339	0.703969903304239
Lung	BI_PF_ILD_atlas_v1	cell_subtype	Macrophage C1Q hi	HIF1A	1.33181890535515	81.3380508201994	0.702037688283241
Lung	BI_PF_ILD_atlas_v1	cell_subtype	Macrophage C1Q hi	MRC1	1.44854762718789	84.5480862013509	0.701624032161385
Lung	BI_PF_ILD_atlas_v1	cell_subtype	Macrophage C1Q hi	SLC16A10	1.85736301334497	70.4663879060791	0.699573941477142
Lung	BI_PF_ILD_atlas_v1	cell_subtype	Macrophage C1Q hi	RP11-295K3.1	2.41039246042615	68.9932454165326	0.697995609430493
Lung	BI_PF_ILD_atlas_v1	cell_subtype	Macrophage C1Q hi	HLA-DQA1	1.46717146522692	80.9263428755227	0.696363388229387
Lung	BI_PF_ILD_atlas_v1	cell_subtype	Macrophage C1Q hi	CPM	1.82843407726212	72.6986169186233	0.696175850299387
Lung	BI_PF_ILD_atlas_v1	cell_subtype	Macrophage C1Q hi	ELL2	1.69153015465678	79.9742682534577	0.696157726068343
Lung	BI_PF_ILD_atlas_v1	cell_subtype	Macrophage C1Q hi	HLA-DPB1	1.26184458903955	93.579929237697	0.695361792673597
Lung	BI_PF_ILD_atlas_v1	cell_subtype	Macrophage C1Q hi	LAPTM5	1.11000141210936	95.8057253136057	0.69520147796362
Lung	BI_PF_ILD_atlas_v1	cell_subtype	Macrophage C1Q hi	CTSS	1.27889341211162	93.1231907365712	0.69057299634516
Lung	BI_PF_ILD_atlas_v1	cell_subtype	Macrophage C1Q hi	FOLR2	4.01981689626947	42.9848825989064	0.690215318187892
Lung	BI_PF_ILD_atlas_v1	cell_subtype	Macrophage C1Q hi	AIF1	1.18239734837486	86.2463814731425	0.689597107580598
Lung	BI_PF_ILD_atlas_v1	cell_subtype	Macrophage C1Q hi	SGK1	1.40725068800726	75.6320360244452	0.68947502323435
Lung	BI_PF_ILD_atlas_v1	cell_subtype	Macrophage C1Q hi	FCER1G	1.04215243618162	95.7156642007076	0.688715946213034
Lung	BI_PF_ILD_atlas_v1	cell_subtype	Macrophage C1Q hi	TGFBI	1.83963848108696	65.422965583789	0.688696767379537
Lung	BI_PF_ILD_atlas_v1	cell_subtype	Macrophage C1Q hi	MAFB	1.59039551823083	70.2219363139273	0.688669368454902
Lung	BI_PF_ILD_atlas_v1	cell_subtype	Macrophage C1Q hi	PLD3	1.88299172879349	74.2682534577034	0.687979930418978
Lung	BI_PF_ILD_atlas_v1	cell_subtype	Macrophage C1Q hi	NPL	2.12437536305259	55.7027983274365	0.687860077735621
Lung	BI_PF_ILD_atlas_v1	cell_subtype	Macrophage C1Q hi	RGS2	1.38536969989485	67.1083949823094	0.686598618589864
Lung	BI_PF_ILD_atlas_v1	cell_subtype	Macrophage C1Q hi	HLA-DRB1	1.14670156075398	96.9507880347379	0.686279980754343
Lung	BI_PF_ILD_atlas_v1	cell_subtype	Macrophage CHI3L1+/CD9 hi/	GPNMB	3.83217872699123	94.8258994891119	0.877547711318052
Lung	BI_PF_ILD_atlas_v1	cell_subtype	Macrophage CHI3L1+/CD9 hi/	APOE	3.69097974112281	93.5106344432769	0.835957748828713
Lung	BI_PF_ILD_atlas_v1	cell_subtype	Macrophage CHI3L1+/CD9 hi/	CSTB	3.03341459408497	99.1992463495054	0.833114071700946
Lung	BI_PF_ILD_atlas_v1	cell_subtype	Macrophage CHI3L1+/CD9 hi/	APOC1	3.19202136834354	96.1230479365194	0.821159710479458
Lung	BI_PF_ILD_atlas_v1	cell_subtype	Macrophage CHI3L1+/CD9 hi/	CTSB	2.66589642878862	98.9673538896337	0.817739318834102
Lung	BI_PF_ILD_atlas_v1	cell_subtype	Macrophage CHI3L1+/CD9 hi/	FTL	2.70578697456045	100.0	0.815948685349474
Lung	BI_PF_ILD_atlas_v1	cell_subtype	Macrophage CHI3L1+/CD9 hi/	LIPA	3.39296979483045	82.118917352078	0.800259416460523
Lung	BI_PF_ILD_atlas_v1	cell_subtype	Macrophage CHI3L1+/CD9 hi/	PSAP	2.560802190083	99.1702597920215	0.798566950402609
Lung	BI_PF_ILD_atlas_v1	cell_subtype	Macrophage CHI3L1+/CD9 hi/	SPP1	4.99466118403413	68.2524729156853	0.797210292579441
Lung	BI_PF_ILD_atlas_v1	cell_subtype	Macrophage CHI3L1+/CD9 hi/	ACP5	2.92728691924885	92.3113156273778	0.788229310602612
Lung	BI_PF_ILD_atlas_v1	cell_subtype	Macrophage CHI3L1+/CD9 hi/	CTSS	2.48194466552502	95.7607159679699	0.77550214189258
Lung	BI_PF_ILD_atlas_v1	cell_subtype	Macrophage CHI3L1+/CD9 hi/	CYP27A1	3.11657066601492	80.774665748759	0.768490422483665
Lung	BI_PF_ILD_atlas_v1	cell_subtype	Macrophage CHI3L1+/CD9 hi/	PLA2G7	4.04986724274794	61.973259900721	0.764248003925303
Lung	BI_PF_ILD_atlas_v1	cell_subtype	Macrophage CHI3L1+/CD9 hi/	CAPG	2.7579605959879	89.7423819703612	0.763913401468577
Lung	BI_PF_ILD_atlas_v1	cell_subtype	Macrophage CHI3L1+/CD9 hi/	CTSL	2.79359486061563	88.5720497119461	0.761963829464857
Lung	BI_PF_ILD_atlas_v1	cell_subtype	Macrophage CHI3L1+/CD9 hi/	FABP5	2.81934886017595	89.47787963332	0.759849716308236
Lung	BI_PF_ILD_atlas_v1	cell_subtype	Macrophage CHI3L1+/CD9 hi/	RNF130	2.42371991900108	88.4669734410667	0.758582728320271
Lung	BI_PF_ILD_atlas_v1	cell_subtype	Macrophage CHI3L1+/CD9 hi/	TYROBP	2.06425213499955	99.0579368817711	0.757066434503921
Lung	BI_PF_ILD_atlas_v1	cell_subtype	Macrophage CHI3L1+/CD9 hi/	CTSZ	2.64431520708261	90.2460234066452	0.75585397927547
Lung	BI_PF_ILD_atlas_v1	cell_subtype	Macrophage CHI3L1+/CD9 hi/	ATP6V1F	2.32357409236433	93.6845537881807	0.754127017874615
Lung	BI_PF_ILD_atlas_v1	cell_subtype	Macrophage CHI3L1+/CD9 hi/	MS4A4A	2.67561119493854	77.0498931120693	0.745810063541593
Lung	BI_PF_ILD_atlas_v1	cell_subtype	Macrophage CHI3L1+/CD9 hi/	LILRB4	3.51497360163066	62.1073227290844	0.744726064789912
Lung	BI_PF_ILD_atlas_v1	cell_subtype	Macrophage CHI3L1+/CD9 hi/	LGALS3	2.73718297056312	96.8440885539331	0.744464515446472
Lung	BI_PF_ILD_atlas_v1	cell_subtype	Macrophage CHI3L1+/CD9 hi/	ASAH1	2.31676298397141	93.8947063299395	0.743989158419709
Lung	BI_PF_ILD_atlas_v1	cell_subtype	Macrophage CHI3L1+/CD9 hi/	SGK1	2.41927185351626	81.7891952606979	0.743946721639964
Lung	BI_PF_ILD_atlas_v1	cell_subtype	Macrophage CHI3L1+/CD9 hi/	NPC2	1.8469748899944	98.3839994202689	0.743270780861909
Lung	BI_PF_ILD_atlas_v1	cell_subtype	Macrophage CHI3L1+/CD9 hi/	SH3BGRL3	2.1789760818457	96.1375412152614	0.741808619652278
Lung	BI_PF_ILD_atlas_v1	cell_subtype	Macrophage CHI3L1+/CD9 hi/	TREM2	3.17189325675582	65.7197724555238	0.741548183341055
Lung	BI_PF_ILD_atlas_v1	cell_subtype	Macrophage CHI3L1+/CD9 hi/	SDC2	3.20957742964319	69.5931011993188	0.73894802429864
Lung	BI_PF_ILD_atlas_v1	cell_subtype	Macrophage CHI3L1+/CD9 hi/	H2AFY	2.23156553565072	89.6409290191674	0.738546562194874
Lung	BI_PF_ILD_atlas_v1	cell_subtype	Macrophage CHI3L1+/CD9 hi/	BRI3	2.53859321381294	90.7134316460741	0.738093915224951
Lung	BI_PF_ILD_atlas_v1	cell_subtype	Macrophage CHI3L1+/CD9 hi/	VIM	2.21569208049937	99.3369324975543	0.735822935878383
Lung	BI_PF_ILD_atlas_v1	cell_subtype	Macrophage CHI3L1+/CD9 hi/	LGALS1	2.16067742116624	97.5433892532338	0.735498418814487
Lung	BI_PF_ILD_atlas_v1	cell_subtype	Macrophage CHI3L1+/CD9 hi/	ITGB2	2.48564323185374	80.4268270589514	0.73389032445069
Lung	BI_PF_ILD_atlas_v1	cell_subtype	Macrophage CHI3L1+/CD9 hi/	ATP6V0B	2.27241377128721	91.238813000471	0.732361135340066
Lung	BI_PF_ILD_atlas_v1	cell_subtype	Macrophage CHI3L1+/CD9 hi/	CD84	3.31637515189763	57.7194825899489	0.731097373176178
Lung	BI_PF_ILD_atlas_v1	cell_subtype	Macrophage CHI3L1+/CD9 hi/	LAPTM5	2.06473545863154	96.4201601507301	0.730755456519779
Lung	BI_PF_ILD_atlas_v1	cell_subtype	Macrophage CHI3L1+/CD9 hi/	CCL18	2.68215512573481	73.3613536722345	0.730028236894862
Lung	BI_PF_ILD_atlas_v1	cell_subtype	Macrophage CHI3L1+/CD9 hi/	SLC1A3	2.6794826050486	68.2017464400884	0.727883532006425
Lung	BI_PF_ILD_atlas_v1	cell_subtype	Macrophage CHI3L1+/CD9 hi/	CD63	2.28502780656988	98.0289140910903	0.725934073478651
Lung	BI_PF_ILD_atlas_v1	cell_subtype	Macrophage CHI3L1+/CD9 hi/	CPM	2.43805754492213	75.973767165477	0.725636317171944
Lung	BI_PF_ILD_atlas_v1	cell_subtype	Macrophage CHI3L1+/CD9 hi/	LGMN	3.17518815140135	68.0205804558136	0.725043070257988
Lung	BI_PF_ILD_atlas_v1	cell_subtype	Macrophage CHI3L1+/CD9 hi/	GRN	2.14658059724955	94.6918366607486	0.724102756469951
Lung	BI_PF_ILD_atlas_v1	cell_subtype	Macrophage CHI3L1+/CD9 hi/	FCER1G	1.91561628365979	96.3549403963912	0.723497816674802
Lung	BI_PF_ILD_atlas_v1	cell_subtype	Macrophage CHI3L1+/CD9 hi/	LAMP1	2.44163312287907	86.0683358092684	0.723244904605974
Lung	BI_PF_ILD_atlas_v1	cell_subtype	Macrophage CHI3L1+/CD9 hi/	FNIP2	2.6177636199447	71.7054965759629	0.723049497105778
Lung	BI_PF_ILD_atlas_v1	cell_subtype	Macrophage CHI3L1+/CD9 hi/	AP2S1	2.06051238376812	89.1662741403674	0.721128271391029
Lung	BI_PF_ILD_atlas_v1	cell_subtype	Macrophage CHI3L1+/CD9 hi/	YBX1	2.07996446838745	96.960034783869	0.719560929571044
Lung	BI_PF_ILD_atlas_v1	cell_subtype	Macrophage CHI3L1+/CD9 hi/	GM2A	3.41801033039844	62.5783542881988	0.719146803841947
Lung	BI_PF_ILD_atlas_v1	cell_subtype	Macrophage CHI3L1+/CD9 hi/	SDCBP	2.04341830977925	93.9236928874235	0.718013461974634
Lung	BI_PF_ILD_atlas_v1	cell_subtype	Macrophage FABP4+	C1QA	5.22878704287817	98.9952690992552	0.929522341985941
Lung	BI_PF_ILD_atlas_v1	cell_subtype	Macrophage FABP4+	FABP4	6.94801416948587	88.6118787765235	0.919409855715501
Lung	BI_PF_ILD_atlas_v1	cell_subtype	Macrophage FABP4+	C1QB	5.24877934784387	97.5759988758256	0.917652757763843
Lung	BI_PF_ILD_atlas_v1	cell_subtype	Macrophage FABP4+	APOC1	4.35751095988357	99.333692444611	0.899713480718588
Lung	BI_PF_ILD_atlas_v1	cell_subtype	Macrophage FABP4+	MSR1	4.64309674939795	93.7631739191531	0.895723059525724
Lung	BI_PF_ILD_atlas_v1	cell_subtype	Macrophage FABP4+	C1QC	4.72717204815202	93.6004028291723	0.881824014682729
Lung	BI_PF_ILD_atlas_v1	cell_subtype	Macrophage FABP4+	MARCO	4.57786898200325	94.2362639936297	0.876995370505838
Lung	BI_PF_ILD_atlas_v1	cell_subtype	Macrophage FABP4+	CD52	4.6775858808871	95.2796383905569	0.875388364783119
Lung	BI_PF_ILD_atlas_v1	cell_subtype	Macrophage FABP4+	MCEMP1	5.60562707055642	85.185488781676	0.870939346344379
Lung	BI_PF_ILD_atlas_v1	cell_subtype	Macrophage FABP4+	ALOX5AP	4.89985198888952	92.7080893718675	0.863085491344458
Lung	BI_PF_ILD_atlas_v1	cell_subtype	Macrophage FABP4+	GRN	4.20600911924803	96.373366434025	0.856918270314619
Lung	BI_PF_ILD_atlas_v1	cell_subtype	Macrophage FABP4+	PPARG	4.83089592073516	84.6643870907302	0.85387003712922
Lung	BI_PF_ILD_atlas_v1	cell_subtype	Macrophage FABP4+	SERPINA1	4.29434737015093	93.9622464752447	0.851676474157039
Lung	BI_PF_ILD_atlas_v1	cell_subtype	Macrophage FABP4+	ACP5	4.13343317580599	93.3439505363249	0.851188812285832
Lung	BI_PF_ILD_atlas_v1	cell_subtype	Macrophage FABP4+	OLR1	4.10549197266654	92.0007962902244	0.845679709449599
Lung	BI_PF_ILD_atlas_v1	cell_subtype	Macrophage FABP4+	FTL	3.83693409292432	100.0	0.843658049771239
Lung	BI_PF_ILD_atlas_v1	cell_subtype	Macrophage FABP4+	FBP1	4.82150669211745	89.5147313691508	0.841226183892047
Lung	BI_PF_ILD_atlas_v1	cell_subtype	Macrophage FABP4+	CD74	3.76850653085434	99.9028057520259	0.84007476067635
Lung	BI_PF_ILD_atlas_v1	cell_subtype	Macrophage FABP4+	TREM1	4.87766296264559	82.1595859290833	0.839120894762957
Lung	BI_PF_ILD_atlas_v1	cell_subtype	Macrophage FABP4+	TYROBP	3.94064788658365	99.1451590238419	0.838062591731329
Lung	BI_PF_ILD_atlas_v1	cell_subtype	Macrophage FABP4+	MRC1	4.03894569296879	92.0066513654035	0.836626465688713
Lung	BI_PF_ILD_atlas_v1	cell_subtype	Macrophage FABP4+	HLA-DRA	3.77038828955437	99.7365216169376	0.8366155239445
Lung	BI_PF_ILD_atlas_v1	cell_subtype	Macrophage FABP4+	SNX10	4.4326386301572	85.3365497212984	0.834493179938995
Lung	BI_PF_ILD_atlas_v1	cell_subtype	Macrophage FABP4+	ALOX5	4.57675251749895	82.5460208909082	0.833104486544419
Lung	BI_PF_ILD_atlas_v1	cell_subtype	Macrophage FABP4+	ALDH2	4.57811008637639	90.5756709916155	0.832386244547463
Lung	BI_PF_ILD_atlas_v1	cell_subtype	Macrophage FABP4+	VSIG4	4.46217730442337	86.1937327275282	0.831467044830959
Lung	BI_PF_ILD_atlas_v1	cell_subtype	Macrophage FABP4+	GLUL	3.77450173732607	97.299639327369	0.828370901465037
Lung	BI_PF_ILD_atlas_v1	cell_subtype	Macrophage FABP4+	CTSC	4.32282294447082	91.414117757272	0.823552132686241
Lung	BI_PF_ILD_atlas_v1	cell_subtype	Macrophage FABP4+	C1orf162	4.01290189104729	88.3261511077802	0.820441653959004
Lung	BI_PF_ILD_atlas_v1	cell_subtype	Macrophage FABP4+	SLC11A1	3.75809775344414	91.3731322310178	0.819877740553155
Lung	BI_PF_ILD_atlas_v1	cell_subtype	Macrophage FABP4+	HLA-DQA1	3.78791213813844	90.5967492622605	0.819138325340218
Lung	BI_PF_ILD_atlas_v1	cell_subtype	Macrophage FABP4+	ABCG1	4.85368198380058	75.9754555248489	0.818393868133327
Lung	BI_PF_ILD_atlas_v1	cell_subtype	Macrophage FABP4+	SPI1	4.11871001665203	87.5076115977329	0.816498282029875
Lung	BI_PF_ILD_atlas_v1	cell_subtype	Macrophage FABP4+	HLA-DPA1	3.65391709112106	97.6720221087639	0.813906074920262
Lung	BI_PF_ILD_atlas_v1	cell_subtype	Macrophage FABP4+	HLA-DRB1	3.79191958075297	98.3523818445829	0.813125575598102
Lung	BI_PF_ILD_atlas_v1	cell_subtype	Macrophage FABP4+	INHBA	6.64049746177592	67.0113354255469	0.812390172646165
Lung	BI_PF_ILD_atlas_v1	cell_subtype	Macrophage FABP4+	CXCL16	4.29238307355405	84.3060564897653	0.810032697606634
Lung	BI_PF_ILD_atlas_v1	cell_subtype	Macrophage FABP4+	CYP27A1	4.13276921303064	81.284837697316	0.809617346324186
Lung	BI_PF_ILD_atlas_v1	cell_subtype	Macrophage FABP4+	TMSB4X	3.58570984429296	99.9765796992833	0.805551870812692
Lung	BI_PF_ILD_atlas_v1	cell_subtype	Macrophage FABP4+	GLDN	5.7889950181292	65.8379783596421	0.8041286945377
Lung	BI_PF_ILD_atlas_v1	cell_subtype	Macrophage FABP4+	LPL	4.58533870541009	75.4004871422549	0.803779706328304
Lung	BI_PF_ILD_atlas_v1	cell_subtype	Macrophage FABP4+	HLA-DPB1	3.31969005062815	97.2937842521898	0.800391839651588
Lung	BI_PF_ILD_atlas_v1	cell_subtype	Macrophage FABP4+	GLIPR2	3.96144303310366	84.897419082861	0.797372099354394
Lung	BI_PF_ILD_atlas_v1	cell_subtype	Macrophage FABP4+	TCF7L2	4.13168456273195	76.374771652068	0.79485138616632
Lung	BI_PF_ILD_atlas_v1	cell_subtype	Macrophage FABP4+	LAPTM5	3.39430084657454	95.5489718487985	0.793908791882832
Lung	BI_PF_ILD_atlas_v1	cell_subtype	Macrophage FABP4+	FCER1G	3.58369345174679	97.187221883929	0.793600748584609
Lung	BI_PF_ILD_atlas_v1	cell_subtype	Macrophage FABP4+	APOE	2.92017523832164	92.4176776429809	0.793272686997632
Lung	BI_PF_ILD_atlas_v1	cell_subtype	Macrophage FABP4+	TSPO	4.07042124601085	93.6004028291723	0.79269440533193
Lung	BI_PF_ILD_atlas_v1	cell_subtype	Macrophage FABP4+	LTA4H	4.16137728363689	83.5331865661155	0.789746916612911
Lung	BI_PF_ILD_atlas_v1	cell_subtype	Macrophage FABP4+	PSAP	3.19367361515594	98.1345730479179	0.786786076879481
Lung	BI_PF_ILD_atlas_v1	cell_subtype	Macrophage FABP4+/PDE4C+	RP11-295K3.1	1.76743885674911	91.8968692449355	0.867462071961315
Lung	BI_PF_ILD_atlas_v1	cell_subtype	Macrophage FABP4+/PDE4C+	PLXDC2	0.9019935458494	98.158379373849	0.867418969905361
Lung	BI_PF_ILD_atlas_v1	cell_subtype	Macrophage FABP4+/PDE4C+	DOCK8	1.34011734549673	93.3701657458564	0.863886481273092
Lung	BI_PF_ILD_atlas_v1	cell_subtype	Macrophage FABP4+/PDE4C+	C1QA	0.567296643893023	98.8950276243094	0.852089186431252
Lung	BI_PF_ILD_atlas_v1	cell_subtype	Macrophage FABP4+/PDE4C+	FRMD4A	1.91707233323736	86.0036832412523	0.850574804944783
Lung	BI_PF_ILD_atlas_v1	cell_subtype	Macrophage FABP4+/PDE4C+	MARCO	0.650253158698316	96.5009208103131	0.84376012056151
Lung	BI_PF_ILD_atlas_v1	cell_subtype	Macrophage FABP4+/PDE4C+	C1QC	0.419476152680774	96.5009208103131	0.8415554527661
Lung	BI_PF_ILD_atlas_v1	cell_subtype	Macrophage FABP4+/PDE4C+	C1QB	0.412907125568223	97.9742173112339	0.839895137433847
Lung	BI_PF_ILD_atlas_v1	cell_subtype	Macrophage FABP4+/PDE4C+	MSR1	1.29383662043549	94.8434622467772	0.838235065749037
Lung	BI_PF_ILD_atlas_v1	cell_subtype	Macrophage FABP4+/PDE4C+	DPYD	0.730391668018604	94.1068139963168	0.83699228755736
Lung	BI_PF_ILD_atlas_v1	cell_subtype	Macrophage FABP4+/PDE4C+	XXbac-BPG181M17.5	1.36729525088832	86.0036832412523	0.834776477197857
Lung	BI_PF_ILD_atlas_v1	cell_subtype	Macrophage FABP4+/PDE4C+	APOC1	0.412000761495898	98.7108655616943	0.832537774041155
Lung	BI_PF_ILD_atlas_v1	cell_subtype	Macrophage FABP4+/PDE4C+	GRN	0.158125634069968	99.4475138121547	0.825507190994473
Lung	BI_PF_ILD_atlas_v1	cell_subtype	Macrophage FABP4+/PDE4C+	AC007192.4	1.0582135177156	91.3443830570902	0.824830239487849
Lung	BI_PF_ILD_atlas_v1	cell_subtype	Macrophage FABP4+/PDE4C+	TANC2	1.64168563338832	83.609576427256	0.822836678691203
Lung	BI_PF_ILD_atlas_v1	cell_subtype	Macrophage FABP4+/PDE4C+	HLA-DRB1	-0.0705458106852692	100.0	0.816825271540742
Lung	BI_PF_ILD_atlas_v1	cell_subtype	Macrophage FABP4+/PDE4C+	MS4A6E	1.12900462243238	87.292817679558	0.816651182628608
Lung	BI_PF_ILD_atlas_v1	cell_subtype	Macrophage FABP4+/PDE4C+	PPARG	1.11776465816165	88.7661141804788	0.816650025247502
Lung	BI_PF_ILD_atlas_v1	cell_subtype	Macrophage FABP4+/PDE4C+	SNTB1	1.22818382427923	87.292817679558	0.815987671525973
Lung	BI_PF_ILD_atlas_v1	cell_subtype	Macrophage FABP4+/PDE4C+	CD74	-0.380370345939873	100.0	0.810515939651658
Lung	BI_PF_ILD_atlas_v1	cell_subtype	Macrophage FABP4+/PDE4C+	RP11-20I23.1	1.04770788277168	87.6611418047882	0.81028455053095
Lung	BI_PF_ILD_atlas_v1	cell_subtype	Macrophage FABP4+/PDE4C+	CRIP1	0.347015488661951	98.158379373849	0.808087598249782
Lung	BI_PF_ILD_atlas_v1	cell_subtype	Macrophage FABP4+/PDE4C+	CCSER1	0.619474201673388	91.7127071823204	0.804127979736447
Lung	BI_PF_ILD_atlas_v1	cell_subtype	Macrophage FABP4+/PDE4C+	FMNL2	0.896919456869938	87.4769797421731	0.80278131491575
Lung	BI_PF_ILD_atlas_v1	cell_subtype	Macrophage FABP4+/PDE4C+	CD52	0.768520203553837	95.0276243093923	0.800476949964179
Lung	BI_PF_ILD_atlas_v1	cell_subtype	Macrophage FABP4+/PDE4C+	MT-ND4L	-0.149146380701275	99.6316758747698	0.800230704460065
Lung	BI_PF_ILD_atlas_v1	cell_subtype	Macrophage FABP4+/PDE4C+	TBXAS1	0.572365770763848	87.6611418047882	0.799719119228257
Lung	BI_PF_ILD_atlas_v1	cell_subtype	Macrophage FABP4+/PDE4C+	ACP5	-0.00324350627006176	95.9484346224678	0.798435008455347
Lung	BI_PF_ILD_atlas_v1	cell_subtype	Macrophage FABP4+/PDE4C+	SCHLAP1	0.753775742631195	91.8968692449355	0.798417837733456
Lung	BI_PF_ILD_atlas_v1	cell_subtype	Macrophage FABP4+/PDE4C+	BCAS4	1.03936791879413	84.1620626151013	0.798324794084671
Lung	BI_PF_ILD_atlas_v1	cell_subtype	Macrophage FABP4+/PDE4C+	PDE4C	3.54358278116943	62.0626151012891	0.798245006291188
Lung	BI_PF_ILD_atlas_v1	cell_subtype	Macrophage FABP4+/PDE4C+	ACER3	0.82492764680786	84.5303867403315	0.797928781263895
Lung	BI_PF_ILD_atlas_v1	cell_subtype	Macrophage FABP4+/PDE4C+	CTSC	0.0210672111438033	95.9484346224678	0.797822643324655
Lung	BI_PF_ILD_atlas_v1	cell_subtype	Macrophage FABP4+/PDE4C+	LINC00486	0.549825732860084	90.0552486187845	0.797624212611965
Lung	BI_PF_ILD_atlas_v1	cell_subtype	Macrophage FABP4+/PDE4C+	APOE	-0.0931572310042235	95.9484346224678	0.797589926377571
Lung	BI_PF_ILD_atlas_v1	cell_subtype	Macrophage FABP4+/PDE4C+	UBE2E2	0.683087773405447	87.8453038674033	0.797458886925729
Lung	BI_PF_ILD_atlas_v1	cell_subtype	Macrophage FABP4+/PDE4C+	LSAMP	2.4683461810843	76.0589318600368	0.796161068890073
Lung	BI_PF_ILD_atlas_v1	cell_subtype	Macrophage FABP4+/PDE4C+	VSIG4	0.142777780883904	92.2651933701657	0.794846364587102
Lung	BI_PF_ILD_atlas_v1	cell_subtype	Macrophage FABP4+/PDE4C+	HLA-DQA1	-0.45209313695507	96.6850828729282	0.794351235981348
Lung	BI_PF_ILD_atlas_v1	cell_subtype	Macrophage FABP4+/PDE4C+	TNS3	0.890468360612156	84.8987108655617	0.793615644851958
Lung	BI_PF_ILD_atlas_v1	cell_subtype	Macrophage FABP4+/PDE4C+	SVIL	1.33193648653226	83.0570902394107	0.793130351385256
Lung	BI_PF_ILD_atlas_v1	cell_subtype	Macrophage FABP4+/PDE4C+	MT-ND6	0.0977570007294428	93.9226519337017	0.792039218244962
Lung	BI_PF_ILD_atlas_v1	cell_subtype	Macrophage FABP4+/PDE4C+	ATG7	0.90817339016401	81.0313075506446	0.791216011868114
Lung	BI_PF_ILD_atlas_v1	cell_subtype	Macrophage FABP4+/PDE4C+	TCF7L2	1.00535159751665	83.4254143646409	0.786925963399697
Lung	BI_PF_ILD_atlas_v1	cell_subtype	Macrophage FABP4+/PDE4C+	C10orf11	0.549461406209454	86.9244935543278	0.786874207448313
Lung	BI_PF_ILD_atlas_v1	cell_subtype	Macrophage FABP4+/PDE4C+	CD163L1	1.14067089507996	76.7955801104972	0.784551003437056
Lung	BI_PF_ILD_atlas_v1	cell_subtype	Macrophage FABP4+/PDE4C+	HLA-DRA	-0.363215066363953	100.0	0.784060310975676
Lung	BI_PF_ILD_atlas_v1	cell_subtype	Macrophage FABP4+/PDE4C+	SERPINA1	-0.233272669289013	95.2117863720074	0.781030056528565
Lung	BI_PF_ILD_atlas_v1	cell_subtype	Macrophage FABP4+/PDE4C+	PTCD1	1.11851257332154	79.0055248618785	0.780803648375852
Lung	BI_PF_ILD_atlas_v1	cell_subtype	Macrophage FABP4+/PDE4C+	SLC8A1	0.436610642214663	84.8987108655617	0.779994177646994
Lung	BI_PF_ILD_atlas_v1	cell_subtype	Macrophage IL1B+	CXCL8	2.88057055626673	85.0502729100833	0.839040745188965
Lung	BI_PF_ILD_atlas_v1	cell_subtype	Macrophage IL1B+	CXCL2	2.13269254321785	91.8471703533467	0.826748851932941
Lung	BI_PF_ILD_atlas_v1	cell_subtype	Macrophage IL1B+	CXCL3	2.83636828251975	89.1353059465671	0.823556268974107
Lung	BI_PF_ILD_atlas_v1	cell_subtype	Macrophage IL1B+	EREG	2.48007131512385	78.5521401896007	0.816147228136152
Lung	BI_PF_ILD_atlas_v1	cell_subtype	Macrophage IL1B+	CCL20	3.63957341588925	69.1180695202528	0.791314292842893
Lung	BI_PF_ILD_atlas_v1	cell_subtype	Macrophage IL1B+	PLAUR	1.7820838890009	93.168629704108	0.783144887722157
Lung	BI_PF_ILD_atlas_v1	cell_subtype	Macrophage IL1B+	IL1B	2.87355309848402	69.0893421430623	0.78013600103726
Lung	BI_PF_ILD_atlas_v1	cell_subtype	Macrophage IL1B+	SOD2	1.51451759162631	94.2717609882218	0.763282559206826
Lung	BI_PF_ILD_atlas_v1	cell_subtype	Macrophage IL1B+	TNFAIP3	1.49696074599207	80.6894570525711	0.740368922320696
Lung	BI_PF_ILD_atlas_v1	cell_subtype	Macrophage IL1B+	ABCA1	1.78720095657214	70.9049123814996	0.731634015930203
Lung	BI_PF_ILD_atlas_v1	cell_subtype	Macrophage IL1B+	NFKBIA	1.39544217585042	93.4041941970698	0.728996553702591
Lung	BI_PF_ILD_atlas_v1	cell_subtype	Macrophage IL1B+	HIF1A	1.32614415543935	84.96983625395	0.723429113751181
Lung	BI_PF_ILD_atlas_v1	cell_subtype	Macrophage IL1B+	KYNU	1.80425286039977	76.7365699511635	0.721445212960757
Lung	BI_PF_ILD_atlas_v1	cell_subtype	Macrophage IL1B+	SLC16A10	1.66222198400441	75.4093651249641	0.715429087055249
Lung	BI_PF_ILD_atlas_v1	cell_subtype	Macrophage IL1B+	NLRP3	1.9393261012468	57.7305372019535	0.711761694442243
Lung	BI_PF_ILD_atlas_v1	cell_subtype	Macrophage IL1B+	SRGN	1.15229106124778	98.632576845734	0.711485594797879
Lung	BI_PF_ILD_atlas_v1	cell_subtype	Macrophage IL1B+	SAMSN1	1.12735565392759	83.6541223786268	0.710709490273593
Lung	BI_PF_ILD_atlas_v1	cell_subtype	Macrophage IL1B+	JARID2	1.47745401396452	71.6518241884516	0.709463188172873
Lung	BI_PF_ILD_atlas_v1	cell_subtype	Macrophage IL1B+	GK	1.54045976719816	79.7759264579144	0.703029571488338
Lung	BI_PF_ILD_atlas_v1	cell_subtype	Macrophage IL1B+	GPR183	1.32422606486328	65.7224935363401	0.70105067248101
Lung	BI_PF_ILD_atlas_v1	cell_subtype	Macrophage IL1B+	C15orf48	1.84227069295738	61.1031312841138	0.695944072011813
Lung	BI_PF_ILD_atlas_v1	cell_subtype	Macrophage IL1B+	NAMPT	0.834519150041398	92.3929905199655	0.695482342637133
Lung	BI_PF_ILD_atlas_v1	cell_subtype	Macrophage IL1B+	CTSL	1.77564944884206	81.8328066647515	0.694222294770075
Lung	BI_PF_ILD_atlas_v1	cell_subtype	Macrophage IL1B+	ELL2	1.14003436572538	82.4475725366274	0.693285231666386
Lung	BI_PF_ILD_atlas_v1	cell_subtype	Macrophage IL1B+	CTSB	1.26521896709727	97.3340993967251	0.692831004166017
Lung	BI_PF_ILD_atlas_v1	cell_subtype	Macrophage IL1B+	OLR1	1.42015098266833	82.5165182418845	0.692784765506803
Lung	BI_PF_ILD_atlas_v1	cell_subtype	Macrophage IL1B+	C5AR1	1.14588287041054	80.2757828210284	0.692000261251323
Lung	BI_PF_ILD_atlas_v1	cell_subtype	Macrophage IL1B+	NFKB1	1.75069677348309	69.2157426027004	0.691034196557382
Lung	BI_PF_ILD_atlas_v1	cell_subtype	Macrophage IL1B+	BASP1	1.30510477071844	68.8422866992244	0.688866854998377
Lung	BI_PF_ILD_atlas_v1	cell_subtype	Macrophage IL1B+	ATP2B1	1.39390556683134	77.7879919563344	0.687755330860506
Lung	BI_PF_ILD_atlas_v1	cell_subtype	Macrophage IL1B+	PDE4B	1.27899145440172	64.9813272048262	0.685433268617794
Lung	BI_PF_ILD_atlas_v1	cell_subtype	Macrophage IL1B+	ATP1B3	0.897346158045423	91.1692042516518	0.685206802804626
Lung	BI_PF_ILD_atlas_v1	cell_subtype	Macrophage IL1B+	ACSL1	1.15827875398368	82.2809537489227	0.682825256640935
Lung	BI_PF_ILD_atlas_v1	cell_subtype	Macrophage IL1B+	DOCK4	1.55872661077953	65.1422005170928	0.681343914582975
Lung	BI_PF_ILD_atlas_v1	cell_subtype	Macrophage IL1B+	BCL2A1	1.47694389698161	69.2329790290147	0.680842730220548
Lung	BI_PF_ILD_atlas_v1	cell_subtype	Macrophage IL1B+	ZEB2	1.18652922901197	89.5834530307383	0.677757448479252
Lung	BI_PF_ILD_atlas_v1	cell_subtype	Macrophage IL1B+	ATP13A3	1.48004380454374	71.6058603849469	0.673981415538947
Lung	BI_PF_ILD_atlas_v1	cell_subtype	Macrophage IL1B+	FNDC3B	1.59609014645385	80.2413099683999	0.67391332236262
Lung	BI_PF_ILD_atlas_v1	cell_subtype	Macrophage IL1B+	MAP3K8	1.1701935507699	79.9540361964953	0.673669582175449
Lung	BI_PF_ILD_atlas_v1	cell_subtype	Macrophage IL1B+	IRAK2	2.22053894676739	43.8839413961505	0.673618903764494
Lung	BI_PF_ILD_atlas_v1	cell_subtype	Macrophage IL1B+	CEBPB	1.07586463445616	93.0939385234128	0.671715009151781
Lung	BI_PF_ILD_atlas_v1	cell_subtype	Macrophage IL1B+	MMP19	1.87382419465405	67.3139902326918	0.671542393196159
Lung	BI_PF_ILD_atlas_v1	cell_subtype	Macrophage IL1B+	SAT1	0.923435056268527	99.8391266877334	0.67131980553237
Lung	BI_PF_ILD_atlas_v1	cell_subtype	Macrophage IL1B+	THBS1	1.04523598542573	68.2562482045389	0.669608461335463
Lung	BI_PF_ILD_atlas_v1	cell_subtype	Macrophage IL1B+	DMXL2	1.53444563100618	57.7937374317725	0.668363729014831
Lung	BI_PF_ILD_atlas_v1	cell_subtype	Macrophage IL1B+	FNIP2	1.42126020718484	65.4926745188164	0.66713796756646
Lung	BI_PF_ILD_atlas_v1	cell_subtype	Macrophage IL1B+	G0S2	2.70687745091171	45.4696926170641	0.66216408389847
Lung	BI_PF_ILD_atlas_v1	cell_subtype	Macrophage IL1B+	AQP9	1.87687276206117	51.2324044814708	0.662062610724824
Lung	BI_PF_ILD_atlas_v1	cell_subtype	Macrophage IL1B+	CD44	1.17405753282853	92.4102269462798	0.660272204586642
Lung	BI_PF_ILD_atlas_v1	cell_subtype	Macrophage IL1B+	RNF144B	1.06640769440075	63.7920137891411	0.659689615356551
Lung	BI_PF_ILD_atlas_v1	cell_subtype	Macrophage LYVE1+	MT2A	0.834917716170803	99.3377483443709	0.90509244488113
Lung	BI_PF_ILD_atlas_v1	cell_subtype	Macrophage LYVE1+	MT1X	1.53045452057617	90.3973509933775	0.869425893152745
Lung	BI_PF_ILD_atlas_v1	cell_subtype	Macrophage LYVE1+	RNASE1	0.254050567228449	91.7218543046358	0.834106727389425
Lung	BI_PF_ILD_atlas_v1	cell_subtype	Macrophage LYVE1+	MT1G	3.26471053674536	70.5298013245033	0.826489612337331
Lung	BI_PF_ILD_atlas_v1	cell_subtype	Macrophage LYVE1+	LYVE1	3.61558480324691	66.5562913907285	0.824718726026213
Lung	BI_PF_ILD_atlas_v1	cell_subtype	Macrophage LYVE1+	HMOX1	1.93468072295523	80.4635761589404	0.810023618760059
Lung	BI_PF_ILD_atlas_v1	cell_subtype	Macrophage LYVE1+	CD163L1	0.99555061618589	78.1456953642384	0.798397837284578
Lung	BI_PF_ILD_atlas_v1	cell_subtype	Macrophage LYVE1+	MS4A6A	-0.614076099053158	85.7615894039735	0.792270274788592
Lung	BI_PF_ILD_atlas_v1	cell_subtype	Macrophage LYVE1+	CD14	-0.474840739364504	82.4503311258278	0.789869435959991
Lung	BI_PF_ILD_atlas_v1	cell_subtype	Macrophage LYVE1+	C1QC	-0.901510249545709	98.0132450331126	0.78825989857954
Lung	BI_PF_ILD_atlas_v1	cell_subtype	Macrophage LYVE1+	C1QA	-1.19034377225226	100.0	0.78563492205211
Lung	BI_PF_ILD_atlas_v1	cell_subtype	Macrophage LYVE1+	S100A9	-0.780679809003292	93.7086092715232	0.781551722800986
Lung	BI_PF_ILD_atlas_v1	cell_subtype	Macrophage LYVE1+	C5AR1	-0.0893682733269978	89.4039735099338	0.780940704584619
Lung	BI_PF_ILD_atlas_v1	cell_subtype	Macrophage LYVE1+	EPB41L3	0.17668835315768	81.7880794701987	0.779346048944493
Lung	BI_PF_ILD_atlas_v1	cell_subtype	Macrophage LYVE1+	C1QB	-1.46265550039152	99.3377483443709	0.770515683010646
Lung	BI_PF_ILD_atlas_v1	cell_subtype	Macrophage LYVE1+	SIPA1L1	-0.503823815179222	86.0927152317881	0.7698929146915
Lung	BI_PF_ILD_atlas_v1	cell_subtype	Macrophage LYVE1+	DOCK4	-0.0380193469344867	79.8013245033112	0.766089920062158
Lung	BI_PF_ILD_atlas_v1	cell_subtype	Macrophage LYVE1+	SNX9	-0.182680967004465	82.1192052980132	0.764207616497578
Lung	BI_PF_ILD_atlas_v1	cell_subtype	Macrophage LYVE1+	NAMPT	-0.585159132261433	95.364238410596	0.763726668642499
Lung	BI_PF_ILD_atlas_v1	cell_subtype	Macrophage LYVE1+	SRGN	-0.799378418167057	99.6688741721854	0.763070460884072
Lung	BI_PF_ILD_atlas_v1	cell_subtype	Macrophage LYVE1+	PAPSS2	0.323431302803509	73.5099337748344	0.761148610926913
Lung	BI_PF_ILD_atlas_v1	cell_subtype	Macrophage LYVE1+	MT1E	1.16727059843117	71.1920529801324	0.758900106517543
Lung	BI_PF_ILD_atlas_v1	cell_subtype	Macrophage LYVE1+	FOLR2	1.75586557377807	57.9470198675497	0.758459084358209
Lung	BI_PF_ILD_atlas_v1	cell_subtype	Macrophage LYVE1+	AIF1	-0.85264611673411	93.046357615894	0.756976327856882
Lung	BI_PF_ILD_atlas_v1	cell_subtype	Macrophage LYVE1+	F13A1	2.24971005168579	56.953642384106	0.75695397616448
Lung	BI_PF_ILD_atlas_v1	cell_subtype	Macrophage LYVE1+	MAP3K8	-0.294847007775848	87.7483443708609	0.755858993204213
Lung	BI_PF_ILD_atlas_v1	cell_subtype	Macrophage LYVE1+	MTSS1	0.208492704148407	68.2119205298013	0.753689861571057
Lung	BI_PF_ILD_atlas_v1	cell_subtype	Macrophage LYVE1+	SAMSN1	-0.505334672538143	87.0860927152318	0.752307737690237
Lung	BI_PF_ILD_atlas_v1	cell_subtype	Macrophage LYVE1+	PELI1	-0.319866793170787	81.7880794701987	0.747632445242653
Lung	BI_PF_ILD_atlas_v1	cell_subtype	Macrophage LYVE1+	EMP1	-0.0622438079390353	75.1655629139073	0.744675041593421
Lung	BI_PF_ILD_atlas_v1	cell_subtype	Macrophage LYVE1+	DNMBP	0.265141657800823	67.2185430463576	0.744526666225628
Lung	BI_PF_ILD_atlas_v1	cell_subtype	Macrophage LYVE1+	AGFG1	0.0777085168761547	78.476821192053	0.744433898858021
Lung	BI_PF_ILD_atlas_v1	cell_subtype	Macrophage LYVE1+	CTSB	-0.966574587533476	98.0132450331126	0.741503311914599
Lung	BI_PF_ILD_atlas_v1	cell_subtype	Macrophage LYVE1+	RBPJ	-0.0608820394449765	86.4238410596027	0.740620632530622
Lung	BI_PF_ILD_atlas_v1	cell_subtype	Macrophage LYVE1+	ELL2	-0.261956800419396	86.0927152317881	0.740511345257798
Lung	BI_PF_ILD_atlas_v1	cell_subtype	Macrophage LYVE1+	S100A8	-0.226818509359699	75.8278145695364	0.739754928520227
Lung	BI_PF_ILD_atlas_v1	cell_subtype	Macrophage LYVE1+	HIF1A	-0.486447800810214	84.7682119205298	0.737808881249185
Lung	BI_PF_ILD_atlas_v1	cell_subtype	Macrophage LYVE1+	FMN1	-0.279663430164728	72.1854304635762	0.735080263555895
Lung	BI_PF_ILD_atlas_v1	cell_subtype	Macrophage LYVE1+	JARID2	-0.213475835761124	79.8013245033112	0.734590621695544
Lung	BI_PF_ILD_atlas_v1	cell_subtype	Macrophage LYVE1+	CTSL	-0.355849660148008	88.7417218543046	0.734160351837227
Lung	BI_PF_ILD_atlas_v1	cell_subtype	Macrophage LYVE1+	ABCA1	-0.0282852036104444	74.5033112582781	0.732496479801164
Lung	BI_PF_ILD_atlas_v1	cell_subtype	Macrophage LYVE1+	RBM47	-0.422683944436343	90.728476821192	0.731826273603909
Lung	BI_PF_ILD_atlas_v1	cell_subtype	Macrophage LYVE1+	PLTP	1.41422918318297	58.6092715231788	0.72911855848459
Lung	BI_PF_ILD_atlas_v1	cell_subtype	Macrophage LYVE1+	CD163	-1.15916979962428	77.4834437086093	0.728181447184697
Lung	BI_PF_ILD_atlas_v1	cell_subtype	Macrophage LYVE1+	THBS1	0.756131736457269	78.1456953642384	0.727358724438573
Lung	BI_PF_ILD_atlas_v1	cell_subtype	Macrophage LYVE1+	ARL4C	0.347575942746232	62.2516556291391	0.726280708275988
Lung	BI_PF_ILD_atlas_v1	cell_subtype	Macrophage LYVE1+	ACSL1	-0.607910658098957	88.0794701986755	0.721618838872544
Lung	BI_PF_ILD_atlas_v1	cell_subtype	Macrophage LYVE1+	FGL2	0.467674157827325	57.9470198675497	0.716153039834347
Lung	BI_PF_ILD_atlas_v1	cell_subtype	Macrophage LYVE1+	RGS2	-0.497730095334969	72.8476821192053	0.713390208827139
Lung	BI_PF_ILD_atlas_v1	cell_subtype	Macrophage LYVE1+	PSAP	-1.15131586469004	99.3377483443709	0.71016188405422
Lung	BI_PF_ILD_atlas_v1	cell_subtype	Macrophage RETN+/VCAN+	CTSB	2.52449165104381	98.3060357495925	0.751425596962479
Lung	BI_PF_ILD_atlas_v1	cell_subtype	Macrophage RETN+/VCAN+	EMP3	2.74651563982553	91.8160686135678	0.739743025045448
Lung	BI_PF_ILD_atlas_v1	cell_subtype	Macrophage RETN+/VCAN+	FCER1G	2.37923936999199	97.5285221898629	0.737871333148946
Lung	BI_PF_ILD_atlas_v1	cell_subtype	Macrophage RETN+/VCAN+	LGALS1	2.35568657856836	98.1350362038101	0.736407204161919
Lung	BI_PF_ILD_atlas_v1	cell_subtype	Macrophage RETN+/VCAN+	S100A8	1.84646167944518	77.3104977689903	0.734399058655541
Lung	BI_PF_ILD_atlas_v1	cell_subtype	Macrophage RETN+/VCAN+	SLC11A1	2.47699076388383	89.3071846527908	0.733691207027346
Lung	BI_PF_ILD_atlas_v1	cell_subtype	Macrophage RETN+/VCAN+	ZEB2	2.20567323070331	92.796644133914	0.731939437969576
Lung	BI_PF_ILD_atlas_v1	cell_subtype	Macrophage RETN+/VCAN+	MRC1	2.66550243261117	85.8871937371416	0.729516571929375
Lung	BI_PF_ILD_atlas_v1	cell_subtype	Macrophage RETN+/VCAN+	CTSL	3.07925939613994	83.6615277740668	0.726686780381832
Lung	BI_PF_ILD_atlas_v1	cell_subtype	Macrophage RETN+/VCAN+	OLR1	2.47009923263485	85.5879445320223	0.724523563201767
Lung	BI_PF_ILD_atlas_v1	cell_subtype	Macrophage RETN+/VCAN+	ANPEP	2.94946080577432	67.8627728645096	0.720332291942568
Lung	BI_PF_ILD_atlas_v1	cell_subtype	Macrophage RETN+/VCAN+	PLAUR	2.2193310511982	86.1169743767868	0.711177468513569
Lung	BI_PF_ILD_atlas_v1	cell_subtype	Macrophage RETN+/VCAN+	SLC16A10	2.61731268454622	70.0884388275844	0.709183706041066
Lung	BI_PF_ILD_atlas_v1	cell_subtype	Macrophage RETN+/VCAN+	S100A9	1.84284379313473	85.5719133246052	0.708276249748559
Lung	BI_PF_ILD_atlas_v1	cell_subtype	Macrophage RETN+/VCAN+	ITGAX	2.37339497226064	71.6220910038208	0.707316263527161
Lung	BI_PF_ILD_atlas_v1	cell_subtype	Macrophage RETN+/VCAN+	AIF1	2.1577637217171	87.4742832714351	0.703372655798073
Lung	BI_PF_ILD_atlas_v1	cell_subtype	Macrophage RETN+/VCAN+	LAPTM5	2.19709111812565	96.0536511074892	0.702552092027321
Lung	BI_PF_ILD_atlas_v1	cell_subtype	Macrophage RETN+/VCAN+	GK	2.16328262871142	77.6845592753894	0.701974442026184
Lung	BI_PF_ILD_atlas_v1	cell_subtype	Macrophage RETN+/VCAN+	TIMP1	1.81000856384043	88.334624736153	0.699060447665486
Lung	BI_PF_ILD_atlas_v1	cell_subtype	Macrophage RETN+/VCAN+	TYROBP	1.96629394282482	98.3995511261923	0.69870746345926
Lung	BI_PF_ILD_atlas_v1	cell_subtype	Macrophage RETN+/VCAN+	S100A4	2.15345372382398	96.8552114783445	0.696331693642946
Lung	BI_PF_ILD_atlas_v1	cell_subtype	Macrophage RETN+/VCAN+	ATP6V1F	2.35788462490191	89.5102466134074	0.694852651365581
Lung	BI_PF_ILD_atlas_v1	cell_subtype	Macrophage RETN+/VCAN+	MARCO	2.3363258385052	80.308333555989	0.693126280913155
Lung	BI_PF_ILD_atlas_v1	cell_subtype	Macrophage RETN+/VCAN+	CYBA	2.11243600790344	96.9220081759158	0.691274629437629
Lung	BI_PF_ILD_atlas_v1	cell_subtype	Macrophage RETN+/VCAN+	AP2S1	2.40694198172217	86.2906457904721	0.690219225656761
Lung	BI_PF_ILD_atlas_v1	cell_subtype	Macrophage RETN+/VCAN+	CD44	2.04820014028803	93.3604082614156	0.690196782172158
Lung	BI_PF_ILD_atlas_v1	cell_subtype	Macrophage RETN+/VCAN+	SRGN	1.87201814669022	97.7823496406338	0.689590023863704
Lung	BI_PF_ILD_atlas_v1	cell_subtype	Macrophage RETN+/VCAN+	VCAN	2.1974739375887	66.7753226280493	0.687175539025546
Lung	BI_PF_ILD_atlas_v1	cell_subtype	Macrophage RETN+/VCAN+	SH3BGRL3	2.51598236360488	92.6336601918401	0.686150357938259
Lung	BI_PF_ILD_atlas_v1	cell_subtype	Macrophage RETN+/VCAN+	MMP19	2.60326718007728	67.1440403986427	0.684846309851302
Lung	BI_PF_ILD_atlas_v1	cell_subtype	Macrophage RETN+/VCAN+	LIMS1	2.17766072573535	84.7249311994015	0.684113629293264
Lung	BI_PF_ILD_atlas_v1	cell_subtype	Macrophage RETN+/VCAN+	HIF1A	1.96623579100646	79.5228043925508	0.683088286008103
Lung	BI_PF_ILD_atlas_v1	cell_subtype	Macrophage RETN+/VCAN+	C5AR1	2.19279958679245	77.011248563871	0.682704749051768
Lung	BI_PF_ILD_atlas_v1	cell_subtype	Macrophage RETN+/VCAN+	JARID2	2.08986276265985	68.3463809549256	0.682544974729627
Lung	BI_PF_ILD_atlas_v1	cell_subtype	Macrophage RETN+/VCAN+	FPR3	3.07029132418949	52.6705319688995	0.682309730485672
Lung	BI_PF_ILD_atlas_v1	cell_subtype	Macrophage RETN+/VCAN+	ATP1B3	1.88133995740942	90.2637133620114	0.681250895084342
Lung	BI_PF_ILD_atlas_v1	cell_subtype	Macrophage RETN+/VCAN+	PSAP	2.00953062896405	98.4556603521522	0.681076761729869
Lung	BI_PF_ILD_atlas_v1	cell_subtype	Macrophage RETN+/VCAN+	AC007192.4	2.76608142682203	64.2985010821065	0.681072519681012
Lung	BI_PF_ILD_atlas_v1	cell_subtype	Macrophage RETN+/VCAN+	S100A11	2.15870438496532	98.4102385978037	0.679432891800962
Lung	BI_PF_ILD_atlas_v1	cell_subtype	Macrophage RETN+/VCAN+	TGFBI	2.91837568083971	62.4201779464023	0.679243458644261
Lung	BI_PF_ILD_atlas_v1	cell_subtype	Macrophage RETN+/VCAN+	C15orf48	2.60273909363007	56.0557886018115	0.678405945042067
Lung	BI_PF_ILD_atlas_v1	cell_subtype	Macrophage RETN+/VCAN+	S100A10	2.38592621010672	96.6655088572421	0.676230409755747
Lung	BI_PF_ILD_atlas_v1	cell_subtype	Macrophage RETN+/VCAN+	GPR183	2.10165071899698	59.1391241617015	0.675883663845643
Lung	BI_PF_ILD_atlas_v1	cell_subtype	Macrophage RETN+/VCAN+	MPP1	2.55402211913279	61.656023726187	0.675465182382137
Lung	BI_PF_ILD_atlas_v1	cell_subtype	Macrophage RETN+/VCAN+	ACSL3	2.22927660141059	71.2560451011302	0.675414725413049
Lung	BI_PF_ILD_atlas_v1	cell_subtype	Macrophage RETN+/VCAN+	ZNF331	2.02667912883371	73.283992839394	0.675327288619212
Lung	BI_PF_ILD_atlas_v1	cell_subtype	Macrophage RETN+/VCAN+	ATP13A3	2.19063566719682	70.5667031821947	0.674499947999297
Lung	BI_PF_ILD_atlas_v1	cell_subtype	Macrophage RETN+/VCAN+	H2AFY	2.28426988596559	84.2359793731798	0.673910747035385
Lung	BI_PF_ILD_atlas_v1	cell_subtype	Macrophage RETN+/VCAN+	PFN1	2.04667915765074	97.3014134181206	0.673842320772333
Lung	BI_PF_ILD_atlas_v1	cell_subtype	Macrophage RETN+/VCAN+	GSTO1	2.36137661347876	84.214604429957	0.671836084050786
Lung	BI_PF_ILD_atlas_v1	cell_subtype	Mesothelial	C3	4.25186785661608	98.3739837398374	0.967327296198658
Lung	BI_PF_ILD_atlas_v1	cell_subtype	Mesothelial	CCDC80	4.73372705404808	95.4123112659698	0.954154888897526
Lung	BI_PF_ILD_atlas_v1	cell_subtype	Mesothelial	MT1E	3.58992102487236	96.1672473867596	0.940090337398003
Lung	BI_PF_ILD_atlas_v1	cell_subtype	Mesothelial	PRG4	8.35593757125341	87.862950058072	0.9374049528502
Lung	BI_PF_ILD_atlas_v1	cell_subtype	Mesothelial	HP	7.0281828100808	89.2566782810685	0.936457034258157
Lung	BI_PF_ILD_atlas_v1	cell_subtype	Mesothelial	RARRES1	4.25273151581684	92.3344947735192	0.936254493415328
Lung	BI_PF_ILD_atlas_v1	cell_subtype	Mesothelial	RARRES2	4.38211589135535	92.2183507549361	0.935790023338953
Lung	BI_PF_ILD_atlas_v1	cell_subtype	Mesothelial	TIMP1	3.43705815013642	97.32868757259	0.930723700130727
Lung	BI_PF_ILD_atlas_v1	cell_subtype	Mesothelial	C1R	3.90838332524103	92.9152148664344	0.929910862850206
Lung	BI_PF_ILD_atlas_v1	cell_subtype	Mesothelial	C1S	3.36653834535951	91.98606271777	0.920141301110095
Lung	BI_PF_ILD_atlas_v1	cell_subtype	Mesothelial	PLA2G2A	4.420710597751	85.8885017421603	0.916086163240411
Lung	BI_PF_ILD_atlas_v1	cell_subtype	Mesothelial	CALD1	2.6968818011317	92.9152148664344	0.908840834130301
Lung	BI_PF_ILD_atlas_v1	cell_subtype	Mesothelial	NNMT	2.80132173376118	91.6957026713124	0.903991351720728
Lung	BI_PF_ILD_atlas_v1	cell_subtype	Mesothelial	CFH	3.61473803707962	87.5725900116144	0.899945499107806
Lung	BI_PF_ILD_atlas_v1	cell_subtype	Mesothelial	PTGIS	4.37324320523741	80.6039488966318	0.884498040666479
Lung	BI_PF_ILD_atlas_v1	cell_subtype	Mesothelial	CALB2	7.21177442881684	76.945412311266	0.883810099362839
Lung	BI_PF_ILD_atlas_v1	cell_subtype	Mesothelial	SERPING1	2.31056767775263	95.6445993031359	0.880926181501379
Lung	BI_PF_ILD_atlas_v1	cell_subtype	Mesothelial	TPM2	2.49481498975447	84.0882694541231	0.880717206385205
Lung	BI_PF_ILD_atlas_v1	cell_subtype	Mesothelial	SLPI	1.70446469989511	91.753774680604	0.865694626195648
Lung	BI_PF_ILD_atlas_v1	cell_subtype	Mesothelial	MGP	1.60851521659057	87.3403019744483	0.864232622783341
Lung	BI_PF_ILD_atlas_v1	cell_subtype	Mesothelial	CLU	1.52607098874004	88.6178861788618	0.859479713041641
Lung	BI_PF_ILD_atlas_v1	cell_subtype	Mesothelial	CLDN1	4.147257301005	75.3774680603949	0.858515438157901
Lung	BI_PF_ILD_atlas_v1	cell_subtype	Mesothelial	MT1M	2.83596995208286	78.7456445993031	0.858376787162299
Lung	BI_PF_ILD_atlas_v1	cell_subtype	Mesothelial	COL1A2	1.57389588573753	82.1138211382114	0.858153987528683
Lung	BI_PF_ILD_atlas_v1	cell_subtype	Mesothelial	MT2A	1.86997006409011	99.1289198606272	0.857366076454222
Lung	BI_PF_ILD_atlas_v1	cell_subtype	Mesothelial	EFEMP1	2.63147044591725	81.6492450638792	0.855100025175941
Lung	BI_PF_ILD_atlas_v1	cell_subtype	Mesothelial	KRT18	2.42918477276474	85.3077816492451	0.852449117508678
Lung	BI_PF_ILD_atlas_v1	cell_subtype	Mesothelial	COL1A1	1.59693934175202	80.0232288037166	0.852386072934373
Lung	BI_PF_ILD_atlas_v1	cell_subtype	Mesothelial	COL6A2	1.92993561938902	82.0557491289199	0.852214833675632
Lung	BI_PF_ILD_atlas_v1	cell_subtype	Mesothelial	KRT8	2.19134621908958	85.4239256678281	0.85210727456366
Lung	BI_PF_ILD_atlas_v1	cell_subtype	Mesothelial	IGFBP4	1.75457265615712	84.3205574912892	0.851075825337515
Lung	BI_PF_ILD_atlas_v1	cell_subtype	Mesothelial	IFITM3	1.36275078193149	95.4123112659698	0.849339261290582
Lung	BI_PF_ILD_atlas_v1	cell_subtype	Mesothelial	LXN	3.79525873534917	76.3646922183508	0.847262772516561
Lung	BI_PF_ILD_atlas_v1	cell_subtype	Mesothelial	IL1R1	2.56397550400658	82.8687572590012	0.846945527476479
Lung	BI_PF_ILD_atlas_v1	cell_subtype	Mesothelial	COL3A1	2.01899513396324	77.8745644599303	0.845924545849724
Lung	BI_PF_ILD_atlas_v1	cell_subtype	Mesothelial	TM4SF1	2.22368873112139	80.8943089430894	0.844427267467494
Lung	BI_PF_ILD_atlas_v1	cell_subtype	Mesothelial	OGN	4.20862260829671	73.6353077816492	0.844127142713118
Lung	BI_PF_ILD_atlas_v1	cell_subtype	Mesothelial	EGFL6	5.63528002743356	68.931475029036	0.836261139074929
Lung	BI_PF_ILD_atlas_v1	cell_subtype	Mesothelial	PDPN	3.87139922745944	71.7770034843206	0.835951803153632
Lung	BI_PF_ILD_atlas_v1	cell_subtype	Mesothelial	CPE	2.93236780473947	75.3193960511034	0.834689779618088
Lung	BI_PF_ILD_atlas_v1	cell_subtype	Mesothelial	PROCR	3.76506657010424	73.9837398373984	0.834063539879898
Lung	BI_PF_ILD_atlas_v1	cell_subtype	Mesothelial	MT1X	2.19316906938075	88.3275261324042	0.833789553141087
Lung	BI_PF_ILD_atlas_v1	cell_subtype	Mesothelial	MALAT1	1.08320990367731	100.0	0.82781796357212
Lung	BI_PF_ILD_atlas_v1	cell_subtype	Mesothelial	SPARC	1.39831240433331	83.6236933797909	0.826720210854021
Lung	BI_PF_ILD_atlas_v1	cell_subtype	Mesothelial	CFI	3.36209118427528	70.9639953542393	0.8255107419172
Lung	BI_PF_ILD_atlas_v1	cell_subtype	Mesothelial	SEPP1	2.50459373350311	80.0232288037166	0.823900605632473
Lung	BI_PF_ILD_atlas_v1	cell_subtype	Mesothelial	KRT19	1.59217431397258	79.2102206736353	0.819701443793018
Lung	BI_PF_ILD_atlas_v1	cell_subtype	Mesothelial	LAMA4	3.46396870426156	67.3635307781649	0.811123919837442
Lung	BI_PF_ILD_atlas_v1	cell_subtype	Mesothelial	ADAMTS9	2.79191138262702	66.3182346109175	0.807590292828317
Lung	BI_PF_ILD_atlas_v1	cell_subtype	Mesothelial	SOD2	1.45518896528136	94.4250871080139	0.805164341858323
Lung	BI_PF_ILD_atlas_v1	cell_subtype	Monocytes CD14+	S100A8	3.78871518585426	95.9776536312849	0.913614325763861
Lung	BI_PF_ILD_atlas_v1	cell_subtype	Monocytes CD14+	S100A9	3.38258866915638	97.0949720670391	0.88945558349626
Lung	BI_PF_ILD_atlas_v1	cell_subtype	Monocytes CD14+	VCAN	3.1505409167169	93.6711891460495	0.884369901609592
Lung	BI_PF_ILD_atlas_v1	cell_subtype	Monocytes CD14+	S100A12	4.74688970378689	72.7613727055068	0.849321088059781
Lung	BI_PF_ILD_atlas_v1	cell_subtype	Monocytes CD14+	NAMPT	2.14214439751603	98.1644054269753	0.848552607991477
Lung	BI_PF_ILD_atlas_v1	cell_subtype	Monocytes CD14+	FCN1	2.83685584805826	80.4229848363927	0.845106026658377
Lung	BI_PF_ILD_atlas_v1	cell_subtype	Monocytes CD14+	THBS1	2.75574755701993	90.7980845969673	0.841969888366484
Lung	BI_PF_ILD_atlas_v1	cell_subtype	Monocytes CD14+	SAMSN1	2.13231383744067	93.6632083000798	0.815821810709745
Lung	BI_PF_ILD_atlas_v1	cell_subtype	Monocytes CD14+	PLAUR	1.83535295727833	91.0454908220271	0.77262239181258
Lung	BI_PF_ILD_atlas_v1	cell_subtype	Monocytes CD14+	SRGN	1.41922460517474	99.3615323224262	0.771352157205407
Lung	BI_PF_ILD_atlas_v1	cell_subtype	Monocytes CD14+	IL1R2	3.31842435814651	62.8411811652035	0.770401253429504
Lung	BI_PF_ILD_atlas_v1	cell_subtype	Monocytes CD14+	JARID2	2.36987639604336	81.8914604948124	0.768149859111887
Lung	BI_PF_ILD_atlas_v1	cell_subtype	Monocytes CD14+	NLRP3	2.7443580814181	67.9968076616121	0.762727944591638
Lung	BI_PF_ILD_atlas_v1	cell_subtype	Monocytes CD14+	EREG	2.65020463199784	70.3112529928172	0.760145358941348
Lung	BI_PF_ILD_atlas_v1	cell_subtype	Monocytes CD14+	SIPA1L1	2.14723538667992	81.6360734237829	0.758014678051807
Lung	BI_PF_ILD_atlas_v1	cell_subtype	Monocytes CD14+	CD300E	3.06633641511053	57.8451715881884	0.747322372586216
Lung	BI_PF_ILD_atlas_v1	cell_subtype	Monocytes CD14+	AREG	1.45640267348482	84.2537909018356	0.745498450257599
Lung	BI_PF_ILD_atlas_v1	cell_subtype	Monocytes CD14+	SLC2A3	1.66911283182691	83.7270550678372	0.74094584682756
Lung	BI_PF_ILD_atlas_v1	cell_subtype	Monocytes CD14+	SLC25A37	2.35970507577166	68.2043096568236	0.740264792574472
Lung	BI_PF_ILD_atlas_v1	cell_subtype	Monocytes CD14+	TNFRSF1B	2.18014306155709	68.5075818036712	0.738422738965523
Lung	BI_PF_ILD_atlas_v1	cell_subtype	Monocytes CD14+	C5AR1	1.59464084958002	83.2561851556265	0.72398607639334
Lung	BI_PF_ILD_atlas_v1	cell_subtype	Monocytes CD14+	SERPINB9	1.91202436529156	62.7693535514765	0.721763915685596
Lung	BI_PF_ILD_atlas_v1	cell_subtype	Monocytes CD14+	GK	1.7450849693263	80.8699122106943	0.718963764200687
Lung	BI_PF_ILD_atlas_v1	cell_subtype	Monocytes CD14+	PFKFB3	1.68911383795595	69.2098962490024	0.715201239377684
Lung	BI_PF_ILD_atlas_v1	cell_subtype	Monocytes CD14+	MAP3K8	1.53728784567423	84.1979249800479	0.714564430270438
Lung	BI_PF_ILD_atlas_v1	cell_subtype	Monocytes CD14+	PTPRE	1.68177223356717	72.9289704708699	0.713909551276759
Lung	BI_PF_ILD_atlas_v1	cell_subtype	Monocytes CD14+	MAP2K1	1.8094636197181	80.2793296089385	0.711653796722263
Lung	BI_PF_ILD_atlas_v1	cell_subtype	Monocytes CD14+	ATP2B1	1.85706734803624	80.0399042298484	0.710622729105602
Lung	BI_PF_ILD_atlas_v1	cell_subtype	Monocytes CD14+	G0S2	2.57133298174009	54.2777334397446	0.709233152910649
Lung	BI_PF_ILD_atlas_v1	cell_subtype	Monocytes CD14+	MXD1	1.86991435874945	67.7094972067039	0.709158462408073
Lung	BI_PF_ILD_atlas_v1	cell_subtype	Monocytes CD14+	ITGAX	1.8364998432248	71.6280925778132	0.703295401256192
Lung	BI_PF_ILD_atlas_v1	cell_subtype	Monocytes CD14+	ZEB2	1.47141938742631	91.292897047087	0.701069198499145
Lung	BI_PF_ILD_atlas_v1	cell_subtype	Monocytes CD14+	ATP13A3	1.72548066824901	75.0438946528332	0.699735935931326
Lung	BI_PF_ILD_atlas_v1	cell_subtype	Monocytes CD14+	KYNU	1.68100124798966	76.4485235434956	0.695817098374359
Lung	BI_PF_ILD_atlas_v1	cell_subtype	Monocytes CD14+	PDE4B	1.72352661297404	67.0231444533121	0.694204868468648
Lung	BI_PF_ILD_atlas_v1	cell_subtype	Monocytes CD14+	FPR1	1.64990314073752	66.5043894652833	0.692964183760024
Lung	BI_PF_ILD_atlas_v1	cell_subtype	Monocytes CD14+	TET2	1.82626246354872	65.7541899441341	0.692191746948761
Lung	BI_PF_ILD_atlas_v1	cell_subtype	Monocytes CD14+	ELL2	1.39213316505478	83.3599361532322	0.690595674394703
Lung	BI_PF_ILD_atlas_v1	cell_subtype	Monocytes CD14+	HIF1A	1.28032956296352	83.487629688747	0.689081903709897
Lung	BI_PF_ILD_atlas_v1	cell_subtype	Monocytes CD14+	RGS2	1.3100031939188	68.1484437350359	0.689018378962734
Lung	BI_PF_ILD_atlas_v1	cell_subtype	Monocytes CD14+	GAB2	2.00050653646589	68.9624900239425	0.688865031998924
Lung	BI_PF_ILD_atlas_v1	cell_subtype	Monocytes CD14+	RILPL2	1.58204744272743	72.1308858739026	0.687696396516986
Lung	BI_PF_ILD_atlas_v1	cell_subtype	Monocytes CD14+	TIMP1	0.779217766623907	88.0845969672785	0.686958159732095
Lung	BI_PF_ILD_atlas_v1	cell_subtype	Monocytes CD14+	ARHGAP26	1.70714238568526	73.5355147645651	0.686558924023173
Lung	BI_PF_ILD_atlas_v1	cell_subtype	Monocytes CD14+	CD14	1.14175696078399	67.4940143655227	0.684509924617575
Lung	BI_PF_ILD_atlas_v1	cell_subtype	Monocytes CD14+	IRAK3	1.62884609369339	74.0622505985635	0.682191141287652
Lung	BI_PF_ILD_atlas_v1	cell_subtype	Monocytes CD14+	CSF3R	1.99768327086019	54.0063846767757	0.681979682599902
Lung	BI_PF_ILD_atlas_v1	cell_subtype	Monocytes CD14+	RNF144B	1.61222385444803	67.9968076616121	0.680741145639378
Lung	BI_PF_ILD_atlas_v1	cell_subtype	Monocytes CD14+	CD93	1.94421028151221	46.0574620909816	0.678956342713039
Lung	BI_PF_ILD_atlas_v1	cell_subtype	Monocytes CD14+	FGD4	1.63988163815529	71.6919393455706	0.677331345292387
Lung	BI_PF_ILD_atlas_v1	cell_subtype	Monocytes CD14+/IL1B	S100A8	3.89586348808874	96.7305936073059	0.923146711695184
Lung	BI_PF_ILD_atlas_v1	cell_subtype	Monocytes CD14+/IL1B	S100A9	3.43729540234176	96.8036529680365	0.895251096715648
Lung	BI_PF_ILD_atlas_v1	cell_subtype	Monocytes CD14+/IL1B	FCN1	3.03034135175458	87.7077625570776	0.8901783568201
Lung	BI_PF_ILD_atlas_v1	cell_subtype	Monocytes CD14+/IL1B	VCAN	2.72162824165306	93.8995433789954	0.886366368875014
Lung	BI_PF_ILD_atlas_v1	cell_subtype	Monocytes CD14+/IL1B	S100A12	4.47400021509682	73.7534246575343	0.850254846831497
Lung	BI_PF_ILD_atlas_v1	cell_subtype	Monocytes CD14+/IL1B	NAMPT	1.26179746802033	93.6986301369863	0.769227164818536
Lung	BI_PF_ILD_atlas_v1	cell_subtype	Monocytes CD14+/IL1B	IL1R2	2.7721820448593	61.9360730593607	0.76264733857641
Lung	BI_PF_ILD_atlas_v1	cell_subtype	Monocytes CD14+/IL1B	RGS2	1.19749714584575	78.3926940639269	0.753619814751037
Lung	BI_PF_ILD_atlas_v1	cell_subtype	Monocytes CD14+/IL1B	THBS1	1.3993813255723	80.1461187214612	0.743180994418395
Lung	BI_PF_ILD_atlas_v1	cell_subtype	Monocytes CD14+/IL1B	SAMSN1	1.19159170396113	86.2831050228311	0.737546599734493
Lung	BI_PF_ILD_atlas_v1	cell_subtype	Monocytes CD14+/IL1B	C10orf54	1.87147009730358	64.5114155251142	0.735206380794914
Lung	BI_PF_ILD_atlas_v1	cell_subtype	Monocytes CD14+/IL1B	SRGN	0.563099777991695	99.1598173515982	0.733705810676178
Lung	BI_PF_ILD_atlas_v1	cell_subtype	Monocytes CD14+/IL1B	CSF3R	1.80498029815197	63.013698630137	0.730200540960704
Lung	BI_PF_ILD_atlas_v1	cell_subtype	Monocytes CD14+/IL1B	NAIP	2.02698997921547	60.0	0.728594525970896
Lung	BI_PF_ILD_atlas_v1	cell_subtype	Monocytes CD14+/IL1B	MNDA	1.53182134037521	75.2876712328767	0.727984153728256
Lung	BI_PF_ILD_atlas_v1	cell_subtype	Monocytes CD14+/IL1B	PTPRE	1.16707119850687	73.7899543378995	0.716025776852675
Lung	BI_PF_ILD_atlas_v1	cell_subtype	Monocytes CD14+/IL1B	AIF1	0.73544507924314	89.4063926940639	0.714545795580477
Lung	BI_PF_ILD_atlas_v1	cell_subtype	Monocytes CD14+/IL1B	CD14	1.00300659082994	70.9771689497717	0.71129565171773
Lung	BI_PF_ILD_atlas_v1	cell_subtype	Monocytes CD14+/IL1B	FPR1	1.25235662864888	69.2237442922374	0.710787767006187
Lung	BI_PF_ILD_atlas_v1	cell_subtype	Monocytes CD14+/IL1B	FGL2	1.57713722658004	56.8036529680365	0.709726961661748
Lung	BI_PF_ILD_atlas_v1	cell_subtype	Monocytes CD14+/IL1B	CORO1A	1.43873109770124	59.689497716895	0.70743748391788
Lung	BI_PF_ILD_atlas_v1	cell_subtype	Monocytes CD14+/IL1B	LST1	0.738582253639568	84.0547945205479	0.704230867623876
Lung	BI_PF_ILD_atlas_v1	cell_subtype	Monocytes CD14+/IL1B	SLC2A3	0.977071536191089	78.958904109589	0.703392695108649
Lung	BI_PF_ILD_atlas_v1	cell_subtype	Monocytes CD14+/IL1B	COTL1	0.871723437921563	87.4155251141552	0.702542972098232
Lung	BI_PF_ILD_atlas_v1	cell_subtype	Monocytes CD14+/IL1B	MS4A6A	0.668533090294973	71.1963470319635	0.702063107455442
Lung	BI_PF_ILD_atlas_v1	cell_subtype	Monocytes CD14+/IL1B	LYZ	1.6247785046011	75.8356164383562	0.701495908650128
Lung	BI_PF_ILD_atlas_v1	cell_subtype	Monocytes CD14+/IL1B	CD300E	2.00914173873767	48.6027397260274	0.693431769512241
Lung	BI_PF_ILD_atlas_v1	cell_subtype	Monocytes CD14+/IL1B	TNFRSF1B	1.08017630815476	61.9908675799087	0.689561052983223
Lung	BI_PF_ILD_atlas_v1	cell_subtype	Monocytes CD14+/IL1B	S100A4	0.546617456684046	97.4246575342466	0.685589620350477
Lung	BI_PF_ILD_atlas_v1	cell_subtype	Monocytes CD14+/IL1B	NLRP3	1.25437989911766	55.1780821917808	0.683541884890232
Lung	BI_PF_ILD_atlas_v1	cell_subtype	Monocytes CD14+/IL1B	CFP	2.53489436771423	42.2100456621005	0.682334054784882
Lung	BI_PF_ILD_atlas_v1	cell_subtype	Monocytes CD14+/IL1B	CSTA	0.860839111248721	68.6392694063927	0.677092445505316
Lung	BI_PF_ILD_atlas_v1	cell_subtype	Monocytes CD14+/IL1B	FYB	1.05139821997358	64.8036529680365	0.676247599891892
Lung	BI_PF_ILD_atlas_v1	cell_subtype	Monocytes CD14+/IL1B	TBXAS1	1.01811577139583	72.0547945205479	0.675951863526277
Lung	BI_PF_ILD_atlas_v1	cell_subtype	Monocytes CD14+/IL1B	MPEG1	1.88285225337488	46.9223744292237	0.675771042672466
Lung	BI_PF_ILD_atlas_v1	cell_subtype	Monocytes CD14+/IL1B	RNASE2	3.08150317998349	40.0730593607306	0.675739457201116
Lung	BI_PF_ILD_atlas_v1	cell_subtype	Monocytes CD14+/IL1B	DPYD	1.08905273704364	77.8812785388128	0.673788347510606
Lung	BI_PF_ILD_atlas_v1	cell_subtype	Monocytes CD14+/IL1B	SLC25A37	1.25310096842075	58.1552511415525	0.671371911395291
Lung	BI_PF_ILD_atlas_v1	cell_subtype	Monocytes CD14+/IL1B	CLEC4E	1.81100238282374	46.4292237442922	0.670517179201056
Lung	BI_PF_ILD_atlas_v1	cell_subtype	Monocytes CD14+/IL1B	CLEC7A	0.838508367947388	71.4703196347032	0.670383319132285
Lung	BI_PF_ILD_atlas_v1	cell_subtype	Monocytes CD14+/IL1B	LILRA5	2.05942867072472	41.6255707762557	0.66979993178432
Lung	BI_PF_ILD_atlas_v1	cell_subtype	Monocytes CD14+/IL1B	SELL	2.74501580631944	37.6803652968037	0.667305268316027
Lung	BI_PF_ILD_atlas_v1	cell_subtype	Monocytes CD14+/IL1B	PRKCB	0.855615243173159	58.1369863013699	0.666772465223554
Lung	BI_PF_ILD_atlas_v1	cell_subtype	Monocytes CD14+/IL1B	FAM65B	1.26003165961432	50.5936073059361	0.663943772003212
Lung	BI_PF_ILD_atlas_v1	cell_subtype	Monocytes CD14+/IL1B	C5AR1	0.788244076440233	74.3926940639269	0.663607924441882
Lung	BI_PF_ILD_atlas_v1	cell_subtype	Monocytes CD14+/IL1B	PTPRC	0.484592658853331	83.1598173515982	0.662566001837237
Lung	BI_PF_ILD_atlas_v1	cell_subtype	Monocytes CD14+/IL1B	CTSS	0.450914408919152	91.4520547945205	0.662065857354499
Lung	BI_PF_ILD_atlas_v1	cell_subtype	Monocytes CD14+/IL1B	AP1S2	0.997001896562452	61.2237442922374	0.660933951919861
Lung	BI_PF_ILD_atlas_v1	cell_subtype	Monocytes CD14+/IL1B	ACSL1	0.893239993339895	80.986301369863	0.65759936933096
Lung	BI_PF_ILD_atlas_v1	cell_subtype	Monocytes CD14+/IL1B	FGR	0.725239528280557	68.1278538812785	0.655727715223795
Lung	BI_PF_ILD_atlas_v1	cell_subtype	Monocytes CD16+	NAMPT	2.08918465281446	97.3820243455061	0.85086856403631
Lung	BI_PF_ILD_atlas_v1	cell_subtype	Monocytes CD16+	LST1	2.50453495490991	91.6374854093714	0.831478468183426
Lung	BI_PF_ILD_atlas_v1	cell_subtype	Monocytes CD16+	FCN1	3.24154273711855	75.1542437885609	0.824551059752626
Lung	BI_PF_ILD_atlas_v1	cell_subtype	Monocytes CD16+	WARS	3.16299232684612	79.1562447890612	0.802885001399908
Lung	BI_PF_ILD_atlas_v1	cell_subtype	Monocytes CD16+	SAMSN1	1.87890215109356	91.4874103718526	0.79874974823949
Lung	BI_PF_ILD_atlas_v1	cell_subtype	Monocytes CD16+	AIF1	1.98023688276246	91.3289978322495	0.794333074205829
Lung	BI_PF_ILD_atlas_v1	cell_subtype	Monocytes CD16+	RNF144B	2.6973542004808	81.3156578289145	0.79216585851951
Lung	BI_PF_ILD_atlas_v1	cell_subtype	Monocytes CD16+	IFITM2	1.77728177024086	90.6369851592463	0.791889844505709
Lung	BI_PF_ILD_atlas_v1	cell_subtype	Monocytes CD16+	COTL1	1.95897404131577	92.2461230615308	0.782854919726532
Lung	BI_PF_ILD_atlas_v1	cell_subtype	Monocytes CD16+	LYN	2.18324647588963	86.7433716858429	0.781020966935192
Lung	BI_PF_ILD_atlas_v1	cell_subtype	Monocytes CD16+	SMAP2	1.88306168989793	86.6016341504085	0.780508399970036
Lung	BI_PF_ILD_atlas_v1	cell_subtype	Monocytes CD16+	MTSS1	2.67100723843559	70.6019676504919	0.776080213563183
Lung	BI_PF_ILD_atlas_v1	cell_subtype	Monocytes CD16+	LILRB2	3.38028957035442	63.8402534600634	0.77524379058592
Lung	BI_PF_ILD_atlas_v1	cell_subtype	Monocytes CD16+	SAT1	1.32246186800595	99.8582624645656	0.772142358819769
Lung	BI_PF_ILD_atlas_v1	cell_subtype	Monocytes CD16+	C5AR1	1.91512616357844	86.634984158746	0.770334904466398
Lung	BI_PF_ILD_atlas_v1	cell_subtype	Monocytes CD16+	FAM49A	2.0236964627461	82.3911955977989	0.765033663719782
Lung	BI_PF_ILD_atlas_v1	cell_subtype	Monocytes CD16+	TNFRSF1B	2.17916572431738	72.7780556945139	0.763258602334733
Lung	BI_PF_ILD_atlas_v1	cell_subtype	Monocytes CD16+	ADGRE2	2.90569252495295	63.1148907787227	0.762047117439505
Lung	BI_PF_ILD_atlas_v1	cell_subtype	Monocytes CD16+	LILRA5	3.78912170601818	57.6538269134567	0.76078844790405
Lung	BI_PF_ILD_atlas_v1	cell_subtype	Monocytes CD16+	TBXAS1	2.05223187764091	80.9571452392863	0.759413582737807
Lung	BI_PF_ILD_atlas_v1	cell_subtype	Monocytes CD16+	SRGN	1.20532791994993	98.5492746373187	0.748923689510818
Lung	BI_PF_ILD_atlas_v1	cell_subtype	Monocytes CD16+	FGL2	2.82995532013878	62.0060030015008	0.745473725406071
Lung	BI_PF_ILD_atlas_v1	cell_subtype	Monocytes CD16+	PAG1	2.39455103139064	73.9369684842421	0.740435646306667
Lung	BI_PF_ILD_atlas_v1	cell_subtype	Monocytes CD16+	PTPRC	1.46709414663081	89.5364348841087	0.740154265367739
Lung	BI_PF_ILD_atlas_v1	cell_subtype	Monocytes CD16+	C10orf54	2.32863221969338	64.765716191429	0.739029515576399
Lung	BI_PF_ILD_atlas_v1	cell_subtype	Monocytes CD16+	CYTIP	1.72371766057444	76.021344005336	0.736258779720934
Lung	BI_PF_ILD_atlas_v1	cell_subtype	Monocytes CD16+	IRAK3	1.77537567005576	78.5392696348174	0.724513293466711
Lung	BI_PF_ILD_atlas_v1	cell_subtype	Monocytes CD16+	SERPINB9	1.93267701403289	62.4895781223945	0.721659402411608
Lung	BI_PF_ILD_atlas_v1	cell_subtype	Monocytes CD16+	SEC14L1	1.63627258006886	73.5534433883608	0.719373202480664
Lung	BI_PF_ILD_atlas_v1	cell_subtype	Monocytes CD16+	CORO1A	1.93801436241951	61.2889778222444	0.718471834662902
Lung	BI_PF_ILD_atlas_v1	cell_subtype	Monocytes CD16+	RGS2	1.45735608161263	72.3611805902951	0.717104773625167
Lung	BI_PF_ILD_atlas_v1	cell_subtype	Monocytes CD16+	SIPA1L1	1.56697505392824	76.0963815240954	0.715790134427781
Lung	BI_PF_ILD_atlas_v1	cell_subtype	Monocytes CD16+	ZEB2	1.39239520705723	92.5962981490745	0.714901668315693
Lung	BI_PF_ILD_atlas_v1	cell_subtype	Monocytes CD16+	CLEC7A	1.53052712495252	76.9634817408704	0.714541745545222
Lung	BI_PF_ILD_atlas_v1	cell_subtype	Monocytes CD16+	RNF149	1.41771816033769	87.0351842587961	0.714428865343321
Lung	BI_PF_ILD_atlas_v1	cell_subtype	Monocytes CD16+	HCK	1.81325970882071	71.4774053693513	0.711616571810302
Lung	BI_PF_ILD_atlas_v1	cell_subtype	Monocytes CD16+	RIN3	1.90860187765817	70.5269301317325	0.71147276272834
Lung	BI_PF_ILD_atlas_v1	cell_subtype	Monocytes CD16+	FCER1G	0.982181944698661	96.4648991162248	0.710926327213131
Lung	BI_PF_ILD_atlas_v1	cell_subtype	Monocytes CD16+	TIMP1	0.743769326637267	89.8949474737369	0.710760284724663
Lung	BI_PF_ILD_atlas_v1	cell_subtype	Monocytes CD16+	IFITM3	0.96811863350327	87.2519593129898	0.710206355705809
Lung	BI_PF_ILD_atlas_v1	cell_subtype	Monocytes CD16+	FPR1	1.68751681490503	68.5092546273137	0.709297468128693
Lung	BI_PF_ILD_atlas_v1	cell_subtype	Monocytes CD16+	VMP1	1.34433153583079	87.6855094213773	0.707247842231066
Lung	BI_PF_ILD_atlas_v1	cell_subtype	Monocytes CD16+	CTSS	1.22786935629518	93.3716858429215	0.70223522287364
Lung	BI_PF_ILD_atlas_v1	cell_subtype	Monocytes CD16+	PFKFB3	1.68124375933707	65.7245289311322	0.700719032951589
Lung	BI_PF_ILD_atlas_v1	cell_subtype	Monocytes CD16+	PRKCB	1.63946740151441	61.7308654327164	0.698204048170917
Lung	BI_PF_ILD_atlas_v1	cell_subtype	Monocytes CD16+	CHD1	1.46820962448752	76.7300316825079	0.695167596178957
Lung	BI_PF_ILD_atlas_v1	cell_subtype	Monocytes CD16+	CD48	2.23923251764009	52.1927630481908	0.694238390359414
Lung	BI_PF_ILD_atlas_v1	cell_subtype	Monocytes CD16+	CD300E	2.63817377040398	47.890611972653	0.693814047772617
Lung	BI_PF_ILD_atlas_v1	cell_subtype	Monocytes CD16+	DNMBP	2.31268011332705	54.7106886776722	0.692577742641222
Lung	BI_PF_ILD_atlas_v1	cell_subtype	Monocytes CD16+	STK17B	1.21776825240631	79.9566449891612	0.692049988573644
Lung	BI_PF_ILD_atlas_v1	cell_subtype	Mucous	WFDC2	5.12477191077271	99.5914661824784	0.985690180202147
Lung	BI_PF_ILD_atlas_v1	cell_subtype	Mucous	SCGB3A1	6.63733079941395	98.093508851566	0.977950111947715
Lung	BI_PF_ILD_atlas_v1	cell_subtype	Mucous	SLPI	4.31364487338015	99.7276441216523	0.969245906207778
Lung	BI_PF_ILD_atlas_v1	cell_subtype	Mucous	BPIFB1	7.4976699140341	93.6223331820245	0.963847657594427
Lung	BI_PF_ILD_atlas_v1	cell_subtype	Mucous	LCN2	5.90095267928121	94.0762596459374	0.96021884728113
Lung	BI_PF_ILD_atlas_v1	cell_subtype	Mucous	KRT19	4.05306158283278	97.1402632773491	0.955130652594216
Lung	BI_PF_ILD_atlas_v1	cell_subtype	Mucous	CXCL17	3.53894977191453	96.9813890149796	0.949812503808268
Lung	BI_PF_ILD_atlas_v1	cell_subtype	Mucous	KRT7	3.66192480460535	95.5061280072628	0.948837270955613
Lung	BI_PF_ILD_atlas_v1	cell_subtype	Mucous	PIGR	4.17150978548991	94.6209714026328	0.947368193646109
Lung	BI_PF_ILD_atlas_v1	cell_subtype	Mucous	AGR2	4.57842831531821	94.3940081706763	0.944542336578834
Lung	BI_PF_ILD_atlas_v1	cell_subtype	Mucous	TACSTD2	3.37823761329438	93.2591920108942	0.92882785697862
Lung	BI_PF_ILD_atlas_v1	cell_subtype	Mucous	ELF3	2.94106135153105	94.0308669995461	0.92249685273078
Lung	BI_PF_ILD_atlas_v1	cell_subtype	Mucous	CP	4.77945685642012	86.4049024058103	0.917363934578452
Lung	BI_PF_ILD_atlas_v1	cell_subtype	Mucous	SCGB1A1	5.48811502623705	91.0349523377213	0.915207949586689
Lung	BI_PF_ILD_atlas_v1	cell_subtype	Mucous	FXYD3	2.85277221019664	92.9187471629596	0.915130504531221
Lung	BI_PF_ILD_atlas_v1	cell_subtype	Mucous	TSPAN8	4.99657665272403	83.5224693599637	0.906669524934566
Lung	BI_PF_ILD_atlas_v1	cell_subtype	Mucous	KRT18	2.67304685060086	93.1684067181117	0.905412160328457
Lung	BI_PF_ILD_atlas_v1	cell_subtype	Mucous	CEACAM6	3.67215015259525	84.9977303676804	0.901926774435956
Lung	BI_PF_ILD_atlas_v1	cell_subtype	Mucous	MDK	3.6067282293482	86.995006808897	0.900589540625131
Lung	BI_PF_ILD_atlas_v1	cell_subtype	Mucous	AQP5	5.07663760444119	79.1647753064004	0.8864308415881
Lung	BI_PF_ILD_atlas_v1	cell_subtype	Mucous	XBP1	2.48390799815364	93.6223331820245	0.883675414949086
Lung	BI_PF_ILD_atlas_v1	cell_subtype	Mucous	CYB5A	1.85140266993548	96.5955515206537	0.877136601139659
Lung	BI_PF_ILD_atlas_v1	cell_subtype	Mucous	TSPAN1	2.41227544061977	82.4330458465729	0.876525315325114
Lung	BI_PF_ILD_atlas_v1	cell_subtype	Mucous	CLDN4	2.78858987758343	85.3154788924194	0.874516873133844
Lung	BI_PF_ILD_atlas_v1	cell_subtype	Mucous	KLK11	4.65471464339821	76.6000907852928	0.872949703248954
Lung	BI_PF_ILD_atlas_v1	cell_subtype	Mucous	SPINT2	2.06801006848862	92.0108942351339	0.868479730827425
Lung	BI_PF_ILD_atlas_v1	cell_subtype	Mucous	TMC5	2.63234899811573	83.0004539264639	0.867387307918495
Lung	BI_PF_ILD_atlas_v1	cell_subtype	Mucous	PERP	2.47664602841197	84.2487517022242	0.867110782853095
Lung	BI_PF_ILD_atlas_v1	cell_subtype	Mucous	MGST1	1.70366652275501	96.0962324103495	0.865971875028331
Lung	BI_PF_ILD_atlas_v1	cell_subtype	Mucous	KRT8	2.41129249687718	86.8815251929188	0.863383666406807
Lung	BI_PF_ILD_atlas_v1	cell_subtype	Mucous	TMEM45A	4.52002938624257	75.192918747163	0.859238738757412
Lung	BI_PF_ILD_atlas_v1	cell_subtype	Mucous	PLPP2	2.99287274351854	76.6681797548797	0.853277036033814
Lung	BI_PF_ILD_atlas_v1	cell_subtype	Mucous	CLU	2.36521520749604	85.1339083068543	0.849515453306603
Lung	BI_PF_ILD_atlas_v1	cell_subtype	Mucous	FOLR1	2.87067127178001	78.9605083976396	0.847574542577103
Lung	BI_PF_ILD_atlas_v1	cell_subtype	Mucous	MUC5B	6.74026326537203	69.6550158874262	0.844708849473692
Lung	BI_PF_ILD_atlas_v1	cell_subtype	Mucous	MUC1	1.99447778320121	81.343622333182	0.839617319086527
Lung	BI_PF_ILD_atlas_v1	cell_subtype	Mucous	SAA1	4.45118475000347	70.4266908760781	0.837547172474931
Lung	BI_PF_ILD_atlas_v1	cell_subtype	Mucous	EPCAM	2.34216773864184	78.5292782569224	0.835226944648807
Lung	BI_PF_ILD_atlas_v1	cell_subtype	Mucous	EHF	3.30778530489	73.1729459827508	0.834890177180746
Lung	BI_PF_ILD_atlas_v1	cell_subtype	Mucous	GSTP1	1.37884471922181	98.1389014979573	0.826941355950485
Lung	BI_PF_ILD_atlas_v1	cell_subtype	Mucous	S100P	4.77093978016434	69.859282796187	0.826491341021755
Lung	BI_PF_ILD_atlas_v1	cell_subtype	Mucous	SPINT1	2.80092771727704	74.5347253744893	0.823676668170788
Lung	BI_PF_ILD_atlas_v1	cell_subtype	Mucous	MMP7	3.9139163226261	69.0649114843395	0.823352987307978
Lung	BI_PF_ILD_atlas_v1	cell_subtype	Mucous	TNFSF10	2.46651220955836	75.3290966863368	0.822756633935448
Lung	BI_PF_ILD_atlas_v1	cell_subtype	Mucous	KLF5	2.75874828416876	73.604176123468	0.82227058493819
Lung	BI_PF_ILD_atlas_v1	cell_subtype	Mucous	LMO7	2.29376548875937	75.7830231502497	0.819623040394463
Lung	BI_PF_ILD_atlas_v1	cell_subtype	Mucous	ATP1B1	1.69703517154461	88.197911938266	0.818864733244188
Lung	BI_PF_ILD_atlas_v1	cell_subtype	Mucous	EZR	1.46758933093278	93.9627780299592	0.81863105999544
Lung	BI_PF_ILD_atlas_v1	cell_subtype	Mucous	GSTA1	2.72707209803354	68.3613254652746	0.818258978112932
Lung	BI_PF_ILD_atlas_v1	cell_subtype	Mucous	AKR1C1	3.58045873347322	70.3132092600999	0.81822149175421
Lung	BI_PF_ILD_atlas_v1	cell_subtype	Myofibroblast	COL1A2	6.74835726646746	99.7779751332149	0.993808514616726
Lung	BI_PF_ILD_atlas_v1	cell_subtype	Myofibroblast	COL1A1	7.51724451888387	99.360568383659	0.9936381222627
Lung	BI_PF_ILD_atlas_v1	cell_subtype	Myofibroblast	COL3A1	7.25193049692189	99.3072824156306	0.993219410308908
Lung	BI_PF_ILD_atlas_v1	cell_subtype	Myofibroblast	SPARC	5.5125417260468	99.031971580817	0.982986199628064
Lung	BI_PF_ILD_atlas_v1	cell_subtype	Myofibroblast	CALD1	4.3775531683536	99.2362344582593	0.973298025446291
Lung	BI_PF_ILD_atlas_v1	cell_subtype	Myofibroblast	COL6A2	5.12729464285264	98.4547069271758	0.972361102705654
Lung	BI_PF_ILD_atlas_v1	cell_subtype	Myofibroblast	DCN	4.3777292994289	99.1030195381883	0.971327689461009
Lung	BI_PF_ILD_atlas_v1	cell_subtype	Myofibroblast	RARRES2	5.36360241049921	95.8348134991119	0.965149730586265
Lung	BI_PF_ILD_atlas_v1	cell_subtype	Myofibroblast	COL5A2	6.06258354572395	94.5737122557726	0.965123370577686
Lung	BI_PF_ILD_atlas_v1	cell_subtype	Myofibroblast	MMP2	5.41823550167815	96.5719360568384	0.964491151609145
Lung	BI_PF_ILD_atlas_v1	cell_subtype	Myofibroblast	COL6A1	5.36769756087056	96.1989342806394	0.96342842214286
Lung	BI_PF_ILD_atlas_v1	cell_subtype	Myofibroblast	PCOLCE	5.59544256322102	95.2397868561279	0.963419376783322
Lung	BI_PF_ILD_atlas_v1	cell_subtype	Myofibroblast	MGP	4.26395154781457	98.214920071048	0.960816872053913
Lung	BI_PF_ILD_atlas_v1	cell_subtype	Myofibroblast	BGN	5.26931315216385	94.7069271758437	0.959194965142981
Lung	BI_PF_ILD_atlas_v1	cell_subtype	Myofibroblast	TPM2	4.35450746105137	94.7158081705151	0.957233699229332
Lung	BI_PF_ILD_atlas_v1	cell_subtype	Myofibroblast	CCDC80	4.52447468923985	95.2220248667851	0.956607587389825
Lung	BI_PF_ILD_atlas_v1	cell_subtype	Myofibroblast	COL6A3	6.05299600510416	92.7353463587922	0.953474253395861
Lung	BI_PF_ILD_atlas_v1	cell_subtype	Myofibroblast	FBLN1	4.24803163061711	95.7726465364121	0.952003527662614
Lung	BI_PF_ILD_atlas_v1	cell_subtype	Myofibroblast	CTHRC1	7.37105033936814	90.461811722913	0.949202909012285
Lung	BI_PF_ILD_atlas_v1	cell_subtype	Myofibroblast	C1S	4.6022715854161	95.0	0.947509322924009
Lung	BI_PF_ILD_atlas_v1	cell_subtype	Myofibroblast	LUM	5.94547104689266	91.5896980461812	0.947124602955764
Lung	BI_PF_ILD_atlas_v1	cell_subtype	Myofibroblast	C1R	4.42969926928044	94.5914742451154	0.944143226095556
Lung	BI_PF_ILD_atlas_v1	cell_subtype	Myofibroblast	NNMT	3.76484465202924	96.0390763765542	0.941169709769579
Lung	BI_PF_ILD_atlas_v1	cell_subtype	Myofibroblast	TIMP1	4.04083286608397	99.1563055062167	0.935971940784835
Lung	BI_PF_ILD_atlas_v1	cell_subtype	Myofibroblast	SERPINF1	4.52186681017765	93.2326820603908	0.934603584632051
Lung	BI_PF_ILD_atlas_v1	cell_subtype	Myofibroblast	SPARCL1	3.29187681466118	94.911190053286	0.928022613507
Lung	BI_PF_ILD_atlas_v1	cell_subtype	Myofibroblast	HTRA1	4.83557626714206	87.2646536412078	0.916863096129154
Lung	BI_PF_ILD_atlas_v1	cell_subtype	Myofibroblast	FSTL1	4.13809550607194	88.8809946714032	0.915578640575739
Lung	BI_PF_ILD_atlas_v1	cell_subtype	Myofibroblast	COL5A1	6.01418034810942	84.8134991119005	0.915481165903454
Lung	BI_PF_ILD_atlas_v1	cell_subtype	Myofibroblast	CFH	4.11534292078104	88.8898756660746	0.911084544634126
Lung	BI_PF_ILD_atlas_v1	cell_subtype	Myofibroblast	SELM	3.36331565160768	93.4635879218472	0.910845891062095
Lung	BI_PF_ILD_atlas_v1	cell_subtype	Myofibroblast	IGF1	5.31616155151312	82.9662522202487	0.902191424890743
Lung	BI_PF_ILD_atlas_v1	cell_subtype	Myofibroblast	SERPINH1	4.14897718434013	87.886323268206	0.901683140708572
Lung	BI_PF_ILD_atlas_v1	cell_subtype	Myofibroblast	S100A13	2.89384425411155	94.3872113676732	0.901229836647394
Lung	BI_PF_ILD_atlas_v1	cell_subtype	Myofibroblast	CLEC11A	4.25383433143415	84.0497335701599	0.894064853645295
Lung	BI_PF_ILD_atlas_v1	cell_subtype	Myofibroblast	THY1	5.25773555038645	81.3232682060391	0.893446908641868
Lung	BI_PF_ILD_atlas_v1	cell_subtype	Myofibroblast	OLFML3	4.8090133204329	81.190053285968	0.890173502685583
Lung	BI_PF_ILD_atlas_v1	cell_subtype	Myofibroblast	OGN	5.05752791188121	80.461811722913	0.888750821678561
Lung	BI_PF_ILD_atlas_v1	cell_subtype	Myofibroblast	PPIB	2.63376468643062	90.3730017761989	0.883102016155975
Lung	BI_PF_ILD_atlas_v1	cell_subtype	Myofibroblast	MMP23B	5.4103793114363	78.5435168738899	0.882848676612611
Lung	BI_PF_ILD_atlas_v1	cell_subtype	Myofibroblast	CDH11	5.26086357117244	78.4813499111901	0.88176277173174
Lung	BI_PF_ILD_atlas_v1	cell_subtype	Myofibroblast	C12orf57	2.52717350971658	92.9484902309059	0.881037159533418
Lung	BI_PF_ILD_atlas_v1	cell_subtype	Myofibroblast	PPIC	3.30981784531705	87.8596802841918	0.879719315454743
Lung	BI_PF_ILD_atlas_v1	cell_subtype	Myofibroblast	PTGDS	4.35194433975853	79.8579040852575	0.879231336794825
Lung	BI_PF_ILD_atlas_v1	cell_subtype	Myofibroblast	MEG3	4.70595649178297	79.0142095914743	0.877268119934664
Lung	BI_PF_ILD_atlas_v1	cell_subtype	Myofibroblast	IGFBP4	3.49961704103973	87.5399644760213	0.876474829414312
Lung	BI_PF_ILD_atlas_v1	cell_subtype	Myofibroblast	IFITM3	2.13086496356663	98.4902309058615	0.876106454204031
Lung	BI_PF_ILD_atlas_v1	cell_subtype	Myofibroblast	MFAP4	4.39029697561019	78.9253996447602	0.874324580921105
Lung	BI_PF_ILD_atlas_v1	cell_subtype	Myofibroblast	CTSK	4.48250153464627	79.4760213143872	0.87346503788819
Lung	BI_PF_ILD_atlas_v1	cell_subtype	Myofibroblast	RCN3	5.23022566320664	77.0159857904085	0.871141383793897
Lung	BI_PF_ILD_atlas_v1	cell_subtype	NK	NKG7	5.2324420354994	98.0300262133609	0.974413656639614
Lung	BI_PF_ILD_atlas_v1	cell_subtype	NK	CD247	5.54928212375739	93.4228294542855	0.955660557731818
Lung	BI_PF_ILD_atlas_v1	cell_subtype	NK	GZMB	5.20616274547577	90.3169433632536	0.93699572358879
Lung	BI_PF_ILD_atlas_v1	cell_subtype	NK	KLRD1	5.08071951821896	89.7926761458416	0.931152346024014
Lung	BI_PF_ILD_atlas_v1	cell_subtype	NK	GNLY	5.82238718158244	88.418460560807	0.930807487716039
Lung	BI_PF_ILD_atlas_v1	cell_subtype	NK	PRF1	5.81052123824836	86.5120343156724	0.923435638748022
Lung	BI_PF_ILD_atlas_v1	cell_subtype	NK	CST7	4.19013221245132	83.0645801890539	0.88771640780173
Lung	BI_PF_ILD_atlas_v1	cell_subtype	NK	CCL4	4.05053108969308	85.8288982444992	0.873995097058259
Lung	BI_PF_ILD_atlas_v1	cell_subtype	NK	CCL5	3.92116254989041	79.0054809754548	0.861748581497591
Lung	BI_PF_ILD_atlas_v1	cell_subtype	NK	SYTL3	2.88650493787541	89.6576376201446	0.855514722046551
Lung	BI_PF_ILD_atlas_v1	cell_subtype	NK	KLRB1	4.60721080564764	73.3656366669315	0.852892648170441
Lung	BI_PF_ILD_atlas_v1	cell_subtype	NK	FYN	2.98762999184844	83.6921121614108	0.841627336642387
Lung	BI_PF_ILD_atlas_v1	cell_subtype	NK	CD7	4.43283922134566	72.0549686234014	0.839800875377296
Lung	BI_PF_ILD_atlas_v1	cell_subtype	NK	GNG2	3.84008678429593	76.6542219397887	0.839405693963137
Lung	BI_PF_ILD_atlas_v1	cell_subtype	NK	CTSW	4.44786404610236	70.5139407419176	0.825626619291087
Lung	BI_PF_ILD_atlas_v1	cell_subtype	NK	AOAH	3.48759991867644	75.1767415998094	0.820520500662517
Lung	BI_PF_ILD_atlas_v1	cell_subtype	NK	FGFBP2	5.74784858944365	64.9455874175868	0.817936998005354
Lung	BI_PF_ILD_atlas_v1	cell_subtype	NK	MCTP2	4.07798542306548	71.0858686154579	0.817662065378441
Lung	BI_PF_ILD_atlas_v1	cell_subtype	NK	CARD11	4.54227332393349	68.0196997378664	0.816921389796695
Lung	BI_PF_ILD_atlas_v1	cell_subtype	NK	PRKCH	2.92835410306608	82.7627293669076	0.815253112679177
Lung	BI_PF_ILD_atlas_v1	cell_subtype	NK	KLRF1	6.34234501100403	63.7222972436254	0.815161138339531
Lung	BI_PF_ILD_atlas_v1	cell_subtype	NK	GZMA	4.43014233132599	66.2959726745572	0.814298904181516
Lung	BI_PF_ILD_atlas_v1	cell_subtype	NK	PIP4K2A	2.95770530459715	83.7079990467869	0.81095113887794
Lung	BI_PF_ILD_atlas_v1	cell_subtype	NK	SPON2	3.63387967333354	71.0779251727699	0.810611905546687
Lung	BI_PF_ILD_atlas_v1	cell_subtype	NK	PPP2R5C	2.48318488241778	88.2675351497339	0.806889452299572
Lung	BI_PF_ILD_atlas_v1	cell_subtype	NK	CNOT6L	2.73541775658436	78.5288744141711	0.805034379859576
Lung	BI_PF_ILD_atlas_v1	cell_subtype	NK	TMEM2	2.95798682542622	78.8386686790055	0.804262821129404
Lung	BI_PF_ILD_atlas_v1	cell_subtype	NK	CD69	2.84312492895797	70.3232981174041	0.785122759316162
Lung	BI_PF_ILD_atlas_v1	cell_subtype	NK	PITPNC1	2.6865219748611	77.3214711255858	0.78357025509957
Lung	BI_PF_ILD_atlas_v1	cell_subtype	NK	RUNX3	3.18473204608078	64.6596234808166	0.775862957996396
Lung	BI_PF_ILD_atlas_v1	cell_subtype	NK	SKAP1	3.41374044758625	60.807053777107	0.768917440820993
Lung	BI_PF_ILD_atlas_v1	cell_subtype	NK	AKNA	2.89342636283472	69.4177456509651	0.768788115808036
Lung	BI_PF_ILD_atlas_v1	cell_subtype	NK	STAT4	3.05160578332523	64.4689808563031	0.766131952888384
Lung	BI_PF_ILD_atlas_v1	cell_subtype	NK	KLRC4-KLRK1	4.17839730249627	56.2634045595361	0.765772993087325
Lung	BI_PF_ILD_atlas_v1	cell_subtype	NK	YES1	3.97563099989233	60.7832234490428	0.760292556559539
Lung	BI_PF_ILD_atlas_v1	cell_subtype	NK	GZMH	4.16368247603606	50.5838430375725	0.737404748175897
Lung	BI_PF_ILD_atlas_v1	cell_subtype	NK	IFITM2	1.34062606990852	91.2066089443165	0.735679094672002
Lung	BI_PF_ILD_atlas_v1	cell_subtype	NK	PARP8	2.27711046341251	65.9941218524108	0.730326352671482
Lung	BI_PF_ILD_atlas_v1	cell_subtype	NK	APBA2	4.36000568649567	48.7886249900707	0.729851053604038
Lung	BI_PF_ILD_atlas_v1	cell_subtype	NK	CBLB	2.12288744966628	71.1970768130908	0.729408556140928
Lung	BI_PF_ILD_atlas_v1	cell_subtype	NK	RNF125	3.16926062819931	53.7929938835491	0.728734182124466
Lung	BI_PF_ILD_atlas_v1	cell_subtype	NK	SLA2	4.36827476053342	48.3199618714751	0.726262782622949
Lung	BI_PF_ILD_atlas_v1	cell_subtype	NK	ISG20	2.25536567812914	63.0391611724521	0.725715948806612
Lung	BI_PF_ILD_atlas_v1	cell_subtype	NK	PLAC8	1.89868887348866	62.7293669076178	0.721833277290879
Lung	BI_PF_ILD_atlas_v1	cell_subtype	NK	PYHIN1	4.52010440664042	45.8733815235523	0.718411958956335
Lung	BI_PF_ILD_atlas_v1	cell_subtype	NK	TXK	4.5475937337523	46.9378028437525	0.718203044737806
Lung	BI_PF_ILD_atlas_v1	cell_subtype	NK	CMC1	2.95727960949284	60.8467709905473	0.712704208957707
Lung	BI_PF_ILD_atlas_v1	cell_subtype	NK	NCALD	3.12944578693072	49.9086504090873	0.709610563335838
Lung	BI_PF_ILD_atlas_v1	cell_subtype	NK	CCND3	2.00617098340252	72.8095956787672	0.706622469778096
Lung	BI_PF_ILD_atlas_v1	cell_subtype	NK	DUSP2	2.35097861380857	59.7029152434665	0.706290692449026
Lung	BI_PF_ILD_atlas_v1	cell_subtype	Peribronchial	MGP	0.987041788890497	98.2832618025751	0.939834276989698
Lung	BI_PF_ILD_atlas_v1	cell_subtype	Peribronchial	DCN	0.482044664113264	97.4248927038627	0.937410235357689
Lung	BI_PF_ILD_atlas_v1	cell_subtype	Peribronchial	CALD1	1.0004241891622	97.4248927038627	0.936549224305458
Lung	BI_PF_ILD_atlas_v1	cell_subtype	Peribronchial	CFH	1.89076972450879	92.7038626609442	0.932133617395275
Lung	BI_PF_ILD_atlas_v1	cell_subtype	Peribronchial	LTBP1	2.28804512345098	90.5579399141631	0.931897630106295
Lung	BI_PF_ILD_atlas_v1	cell_subtype	Peribronchial	BGN	2.8759312946019	89.6995708154506	0.931622628452053
Lung	BI_PF_ILD_atlas_v1	cell_subtype	Peribronchial	CLU	1.73606119812814	93.9914163090129	0.924150276568503
Lung	BI_PF_ILD_atlas_v1	cell_subtype	Peribronchial	SPARCL1	0.0222313280894353	97.4248927038627	0.92142486815198
Lung	BI_PF_ILD_atlas_v1	cell_subtype	Peribronchial	MT1X	1.85435217513422	95.7081545064378	0.921296703624908
Lung	BI_PF_ILD_atlas_v1	cell_subtype	Peribronchial	ASPN	3.8737563507118	84.549356223176	0.914580111510171
Lung	BI_PF_ILD_atlas_v1	cell_subtype	Peribronchial	C1S	1.40759817736912	90.5579399141631	0.907413616135282
Lung	BI_PF_ILD_atlas_v1	cell_subtype	Peribronchial	LTBP2	2.70784365709933	83.2618025751073	0.90409779655538
Lung	BI_PF_ILD_atlas_v1	cell_subtype	Peribronchial	LUM	1.21578168879465	87.9828326180258	0.90264215216875
Lung	BI_PF_ILD_atlas_v1	cell_subtype	Peribronchial	COL1A2	1.01861174140329	88.8412017167382	0.899365647279494
Lung	BI_PF_ILD_atlas_v1	cell_subtype	Peribronchial	MYL9	0.906281471200161	87.9828326180258	0.895795138995543
Lung	BI_PF_ILD_atlas_v1	cell_subtype	Peribronchial	TPM2	1.10410231698801	86.2660944206009	0.894243049349052
Lung	BI_PF_ILD_atlas_v1	cell_subtype	Peribronchial	COL3A1	1.27591904070451	85.4077253218884	0.887760348687881
Lung	BI_PF_ILD_atlas_v1	cell_subtype	Peribronchial	DKK3	2.06176182166851	79.8283261802575	0.883788049102094
Lung	BI_PF_ILD_atlas_v1	cell_subtype	Peribronchial	AEBP1	2.22534056279593	81.1158798283262	0.880781457006008
Lung	BI_PF_ILD_atlas_v1	cell_subtype	Peribronchial	MFAP4	1.6651449887709	79.3991416309013	0.867146399064155
Lung	BI_PF_ILD_atlas_v1	cell_subtype	Peribronchial	ITGBL1	3.67413121191252	75.107296137339	0.866856356945154
Lung	BI_PF_ILD_atlas_v1	cell_subtype	Peribronchial	SPARC	0.693201359572097	87.1244635193133	0.865698360147378
Lung	BI_PF_ILD_atlas_v1	cell_subtype	Peribronchial	RARRES2	0.857542555657375	81.9742489270386	0.86427369344687
Lung	BI_PF_ILD_atlas_v1	cell_subtype	Peribronchial	CNN3	0.486987100353367	84.1201716738197	0.862423217704863
Lung	BI_PF_ILD_atlas_v1	cell_subtype	Peribronchial	NNMT	0.656959958947098	86.6952789699571	0.861898885557648
Lung	BI_PF_ILD_atlas_v1	cell_subtype	Peribronchial	COL1A1	0.573615697817841	80.6866952789699	0.859054017316516
Lung	BI_PF_ILD_atlas_v1	cell_subtype	Peribronchial	COL6A2	0.331246299135467	81.9742489270386	0.856098989041993
Lung	BI_PF_ILD_atlas_v1	cell_subtype	Peribronchial	PRELP	1.7043664083603	75.5364806866953	0.855511287633655
Lung	BI_PF_ILD_atlas_v1	cell_subtype	Peribronchial	A2M	-0.0377115229403264	86.2660944206009	0.855172648277111
Lung	BI_PF_ILD_atlas_v1	cell_subtype	Peribronchial	CTGF	1.74523003918207	78.9699570815451	0.85321034384559
Lung	BI_PF_ILD_atlas_v1	cell_subtype	Peribronchial	ELN	2.41874008599413	74.2489270386266	0.846652335364124
Lung	BI_PF_ILD_atlas_v1	cell_subtype	Peribronchial	PCOLCE	1.51629632806909	76.3948497854077	0.84448367446028
Lung	BI_PF_ILD_atlas_v1	cell_subtype	Peribronchial	IGFBP5	1.3527740448831	75.5364806866953	0.844181805183379
Lung	BI_PF_ILD_atlas_v1	cell_subtype	Peribronchial	C1R	0.929682453049526	79.8283261802575	0.841111112995191
Lung	BI_PF_ILD_atlas_v1	cell_subtype	Peribronchial	CRISPLD2	1.33278690327388	74.6781115879828	0.839513189466146
Lung	BI_PF_ILD_atlas_v1	cell_subtype	Peribronchial	SELM	-0.180513494367054	87.5536480686695	0.837996056230928
Lung	BI_PF_ILD_atlas_v1	cell_subtype	Peribronchial	FHL1	1.22854013431191	81.1158798283262	0.83738643586034
Lung	BI_PF_ILD_atlas_v1	cell_subtype	Peribronchial	MMP2	0.927036493460245	78.1115879828326	0.837300063049436
Lung	BI_PF_ILD_atlas_v1	cell_subtype	Peribronchial	GPX3	0.397837198830438	81.1158798283262	0.830397267150224
Lung	BI_PF_ILD_atlas_v1	cell_subtype	Peribronchial	LAMA2	1.48689745063646	72.9613733905579	0.8293643150415
Lung	BI_PF_ILD_atlas_v1	cell_subtype	Peribronchial	TSPAN8	1.74525456995219	69.0987124463519	0.825048939486802
Lung	BI_PF_ILD_atlas_v1	cell_subtype	Peribronchial	FN1	-0.729090963048797	94.4206008583691	0.820625838461297
Lung	BI_PF_ILD_atlas_v1	cell_subtype	Peribronchial	COL6A3	0.537164231964272	71.6738197424893	0.820002106393997
Lung	BI_PF_ILD_atlas_v1	cell_subtype	Peribronchial	DPT	2.61341389287645	66.9527896995708	0.817932908430817
Lung	BI_PF_ILD_atlas_v1	cell_subtype	Peribronchial	COL5A2	1.22247944053879	69.5278969957081	0.815257553242719
Lung	BI_PF_ILD_atlas_v1	cell_subtype	Peribronchial	COL8A1	1.80278276032435	67.381974248927	0.814313509439082
Lung	BI_PF_ILD_atlas_v1	cell_subtype	Peribronchial	TSC22D1	0.199554429499892	84.549356223176	0.813609498372969
Lung	BI_PF_ILD_atlas_v1	cell_subtype	Peribronchial	MT2A	-0.144788630057823	98.7124463519313	0.813176314412548
Lung	BI_PF_ILD_atlas_v1	cell_subtype	Peribronchial	MXRA8	1.49684706387301	67.8111587982833	0.81176792570673
Lung	BI_PF_ILD_atlas_v1	cell_subtype	Peribronchial	CAV1	-0.792603566073478	76.3948497854077	0.807215613134885
Lung	BI_PF_ILD_atlas_v1	cell_subtype	Pericyte	CALD1	3.7970419658036	99.8142414860681	0.97630717477717
Lung	BI_PF_ILD_atlas_v1	cell_subtype	Pericyte	COL4A1	4.47334137453353	93.5603715170279	0.956484901387156
Lung	BI_PF_ILD_atlas_v1	cell_subtype	Pericyte	IGFBP7	3.06138790853317	97.7708978328173	0.946785949961433
Lung	BI_PF_ILD_atlas_v1	cell_subtype	Pericyte	COL4A2	4.08096438874239	91.8885448916409	0.944937218374475
Lung	BI_PF_ILD_atlas_v1	cell_subtype	Pericyte	MYL9	3.54448085306047	93.4365325077399	0.943716365850106
Lung	BI_PF_ILD_atlas_v1	cell_subtype	Pericyte	SPARCL1	2.66701412433805	94.8606811145511	0.927845586717392
Lung	BI_PF_ILD_atlas_v1	cell_subtype	Pericyte	TPM2	3.20823422510163	90.7739938080495	0.926332753940632
Lung	BI_PF_ILD_atlas_v1	cell_subtype	Pericyte	PDGFRB	4.98394426606469	87.1826625386997	0.924198215235768
Lung	BI_PF_ILD_atlas_v1	cell_subtype	Pericyte	BGN	4.17843361180247	87.1207430340557	0.91185531523981
Lung	BI_PF_ILD_atlas_v1	cell_subtype	Pericyte	PPP1R14A	4.16097767940716	83.5913312693499	0.906108626757592
Lung	BI_PF_ILD_atlas_v1	cell_subtype	Pericyte	SPARC	2.57294015822879	91.8266253869969	0.903638113845154
Lung	BI_PF_ILD_atlas_v1	cell_subtype	Pericyte	COX4I2	6.52688568043527	80.9907120743034	0.902927186441663
Lung	BI_PF_ILD_atlas_v1	cell_subtype	Pericyte	LHFP	3.19604192226622	85.6346749226006	0.899981426510355
Lung	BI_PF_ILD_atlas_v1	cell_subtype	Pericyte	MAP1B	3.83013210999256	82.7244582043344	0.891703962744596
Lung	BI_PF_ILD_atlas_v1	cell_subtype	Pericyte	CRISPLD2	3.4305488562758	83.2198142414861	0.888944910916757
Lung	BI_PF_ILD_atlas_v1	cell_subtype	Pericyte	A2M	1.60571637436261	90.4024767801858	0.887364224626768
Lung	BI_PF_ILD_atlas_v1	cell_subtype	Pericyte	ITGA1	3.72835893241549	80.9287925696594	0.884784717598247
Lung	BI_PF_ILD_atlas_v1	cell_subtype	Pericyte	GPX3	3.28993144430569	87.3065015479876	0.883105113173547
Lung	BI_PF_ILD_atlas_v1	cell_subtype	Pericyte	NDUFA4L2	6.07238962804096	77.2755417956656	0.882507002405189
Lung	BI_PF_ILD_atlas_v1	cell_subtype	Pericyte	COL1A2	1.52018226412857	85.8204334365325	0.878320417027532
Lung	BI_PF_ILD_atlas_v1	cell_subtype	Pericyte	NOTCH3	4.50028306763911	76.656346749226	0.875170389019904
Lung	BI_PF_ILD_atlas_v1	cell_subtype	Pericyte	COL6A2	2.12984615283094	84.8916408668731	0.872954587891896
Lung	BI_PF_ILD_atlas_v1	cell_subtype	Pericyte	NID1	3.83184994474612	77.2136222910217	0.868775410514402
Lung	BI_PF_ILD_atlas_v1	cell_subtype	Pericyte	HIGD1B	6.06231160849083	74.3034055727554	0.868462614688674
Lung	BI_PF_ILD_atlas_v1	cell_subtype	Pericyte	MYO1B	2.89880884627543	80.4953560371517	0.868092724221446
Lung	BI_PF_ILD_atlas_v1	cell_subtype	Pericyte	CCDC102B	3.72174640157047	77.3993808049536	0.867589857193778
Lung	BI_PF_ILD_atlas_v1	cell_subtype	Pericyte	TACC1	2.21491502101411	88.9164086687307	0.8608811853604
Lung	BI_PF_ILD_atlas_v1	cell_subtype	Pericyte	TIMP3	1.54199094966983	81.9814241486068	0.856425494545396
Lung	BI_PF_ILD_atlas_v1	cell_subtype	Pericyte	TINAGL1	3.72407785308976	74.4891640866873	0.856236874214053
Lung	BI_PF_ILD_atlas_v1	cell_subtype	Pericyte	RGS5	5.22189545048956	72.2600619195047	0.852400117483774
Lung	BI_PF_ILD_atlas_v1	cell_subtype	Pericyte	TPM1	2.36574661871077	81.7956656346749	0.848682841933784
Lung	BI_PF_ILD_atlas_v1	cell_subtype	Pericyte	CHN1	4.17535633921919	71.702786377709	0.844989436114012
Lung	BI_PF_ILD_atlas_v1	cell_subtype	Pericyte	COL18A1	3.38274144269753	73.0030959752322	0.842029913315762
Lung	BI_PF_ILD_atlas_v1	cell_subtype	Pericyte	EGFL6	4.72215172243737	70.1547987616099	0.8405964887337
Lung	BI_PF_ILD_atlas_v1	cell_subtype	Pericyte	EPS8	1.88425597855162	82.1052631578947	0.839032852902733
Lung	BI_PF_ILD_atlas_v1	cell_subtype	Pericyte	CAV1	1.32825835336906	79.8761609907121	0.834875494214641
Lung	BI_PF_ILD_atlas_v1	cell_subtype	Pericyte	ACTA2	3.93231652683897	69.7832817337461	0.828933727511921
Lung	BI_PF_ILD_atlas_v1	cell_subtype	Pericyte	MGP	1.02616234010309	80.9907120743034	0.827734422828007
Lung	BI_PF_ILD_atlas_v1	cell_subtype	Pericyte	CNN3	1.90156820864509	78.2043343653251	0.827547112280806
Lung	BI_PF_ILD_atlas_v1	cell_subtype	Pericyte	IFITM3	0.999775946296316	94.6749226006192	0.82371105407355
Lung	BI_PF_ILD_atlas_v1	cell_subtype	Pericyte	DCN	0.088293604310639	76.9659442724458	0.822330262467685
Lung	BI_PF_ILD_atlas_v1	cell_subtype	Pericyte	TFPI	1.46679045010524	82.2910216718266	0.820932288848712
Lung	BI_PF_ILD_atlas_v1	cell_subtype	Pericyte	NR2F2	3.01210975814192	70.030959752322	0.820835638664933
Lung	BI_PF_ILD_atlas_v1	cell_subtype	Pericyte	PLAC9	2.03483054121119	72.8173374613003	0.819954130519014
Lung	BI_PF_ILD_atlas_v1	cell_subtype	Pericyte	MFGE8	2.53942461538817	73.8699690402477	0.818504256402979
Lung	BI_PF_ILD_atlas_v1	cell_subtype	Pericyte	EBF1	2.87994723929758	67.9256965944272	0.817467746608346
Lung	BI_PF_ILD_atlas_v1	cell_subtype	Pericyte	LAMB1	3.1954723128245	69.7832817337461	0.815360316112155
Lung	BI_PF_ILD_atlas_v1	cell_subtype	Pericyte	FAM162B	5.80523644404764	63.5913312693499	0.815325403053257
Lung	BI_PF_ILD_atlas_v1	cell_subtype	Pericyte	GJA4	5.1198530706165	63.2198142414861	0.81279271125344
Lung	BI_PF_ILD_atlas_v1	cell_subtype	Pericyte	INPP4B	2.65053133088563	67.4303405572755	0.80772730899505
Lung	BI_PF_ILD_atlas_v1	cell_subtype	Plasma B	MZB1	8.07773697284533	82.4701195219124	0.910900360767208
Lung	BI_PF_ILD_atlas_v1	cell_subtype	Plasma B	JCHAIN	8.72679038161999	78.9840637450199	0.889661334279831
Lung	BI_PF_ILD_atlas_v1	cell_subtype	Plasma B	IGHG1	9.29841934442569	66.1354581673307	0.823081280765502
Lung	BI_PF_ILD_atlas_v1	cell_subtype	Plasma B	IGHG3	10.6823616096496	65.2390438247012	0.819647831250061
Lung	BI_PF_ILD_atlas_v1	cell_subtype	Plasma B	IGHG4	10.8788851057015	59.9601593625498	0.794225671488714
Lung	BI_PF_ILD_atlas_v1	cell_subtype	Plasma B	DERL3	5.21846779181574	60.0597609561753	0.794004658250133
Lung	BI_PF_ILD_atlas_v1	cell_subtype	Plasma B	PIM2	3.16391717427107	63.2470119521912	0.786490174362751
Lung	BI_PF_ILD_atlas_v1	cell_subtype	Plasma B	HERPUD1	1.63057681373902	87.8486055776892	0.785112626581482
Lung	BI_PF_ILD_atlas_v1	cell_subtype	Plasma B	SSR4	2.03636834226134	85.1593625498008	0.781639974541197
Lung	BI_PF_ILD_atlas_v1	cell_subtype	Plasma B	IGLC2	10.28977327984	58.7649402390438	0.778785579033925
Lung	BI_PF_ILD_atlas_v1	cell_subtype	Plasma B	ST6GAL1	2.45997043748998	64.7410358565737	0.777478638360627
Lung	BI_PF_ILD_atlas_v1	cell_subtype	Plasma B	POU2AF1	4.10958934768817	57.1713147410359	0.776962879430779
Lung	BI_PF_ILD_atlas_v1	cell_subtype	Plasma B	CD79A	4.37546607145006	55.4780876494024	0.768858596229228
Lung	BI_PF_ILD_atlas_v1	cell_subtype	Plasma B	PRDM1	2.12250171357925	62.5498007968127	0.760061828957567
Lung	BI_PF_ILD_atlas_v1	cell_subtype	Plasma B	XBP1	2.04675028136464	78.5856573705179	0.757302451231251
Lung	BI_PF_ILD_atlas_v1	cell_subtype	Plasma B	FAM46C	2.64983824012443	57.1713147410359	0.751938959103886
Lung	BI_PF_ILD_atlas_v1	cell_subtype	Plasma B	IGHA1	8.7612792770597	54.6812749003984	0.751724516170361
Lung	BI_PF_ILD_atlas_v1	cell_subtype	Plasma B	ITM2C	3.21651417306704	54.5816733067729	0.746311422651693
Lung	BI_PF_ILD_atlas_v1	cell_subtype	Plasma B	SEC11C	2.16826589446125	69.5219123505976	0.745045156418172
Lung	BI_PF_ILD_atlas_v1	cell_subtype	Plasma B	TPD52	2.17124801694903	59.3625498007968	0.740198695242238
Lung	BI_PF_ILD_atlas_v1	cell_subtype	Plasma B	TXNDC5	3.93356102780268	50.398406374502	0.736354460229101
Lung	BI_PF_ILD_atlas_v1	cell_subtype	Plasma B	ISG20	1.71898881333623	62.9482071713147	0.732953935733615
Lung	BI_PF_ILD_atlas_v1	cell_subtype	Plasma B	FCRL5	5.11625274516836	45.8167330677291	0.72773477850587
Lung	BI_PF_ILD_atlas_v1	cell_subtype	Plasma B	CREB3L2	2.30516988064689	58.9641434262948	0.726887280290098
Lung	BI_PF_ILD_atlas_v1	cell_subtype	Plasma B	GNG7	2.86747324811174	51.99203187251	0.724591516662923
Lung	BI_PF_ILD_atlas_v1	cell_subtype	Plasma B	IGLC3	9.18210629660303	47.0119521912351	0.721591612546138
Lung	BI_PF_ILD_atlas_v1	cell_subtype	Plasma B	IGHG2	8.25002851861491	44.3227091633466	0.716440203111033
Lung	BI_PF_ILD_atlas_v1	cell_subtype	Plasma B	LINC00152	2.25734128595736	62.9482071713147	0.715515709474055
Lung	BI_PF_ILD_atlas_v1	cell_subtype	Plasma B	HSP90B1	1.32208365816194	84.3625498007968	0.70788937149071
Lung	BI_PF_ILD_atlas_v1	cell_subtype	Plasma B	SEL1L3	1.57076711998154	55.4780876494024	0.707346090231645
Lung	BI_PF_ILD_atlas_v1	cell_subtype	Plasma B	VOPP1	1.59109177910953	62.1513944223108	0.706607231967093
Lung	BI_PF_ILD_atlas_v1	cell_subtype	Plasma B	MEF2C	1.07472934736041	58.0677290836653	0.697656740640726
Lung	BI_PF_ILD_atlas_v1	cell_subtype	Plasma B	ANKRD28	2.01713512215191	74.1035856573705	0.693836292681381
Lung	BI_PF_ILD_atlas_v1	cell_subtype	Plasma B	RALGPS2	2.33152434995763	47.0119521912351	0.691557573115086
Lung	BI_PF_ILD_atlas_v1	cell_subtype	Plasma B	PRDX4	1.79614628128052	59.6613545816733	0.68910136529508
Lung	BI_PF_ILD_atlas_v1	cell_subtype	Plasma B	MALAT1	0.158183063538635	99.5019920318725	0.688254471244096
Lung	BI_PF_ILD_atlas_v1	cell_subtype	Plasma B	IGHGP	8.29313064511789	38.0478087649402	0.683312374575219
Lung	BI_PF_ILD_atlas_v1	cell_subtype	Plasma B	SLAMF7	2.90510811138938	39.6414342629482	0.682809867529929
Lung	BI_PF_ILD_atlas_v1	cell_subtype	Plasma B	CPNE5	4.06706092735918	37.2509960159363	0.681819299504939
Lung	BI_PF_ILD_atlas_v1	cell_subtype	Plasma B	USP48	1.43912626144356	52.6892430278884	0.679721024875093
Lung	BI_PF_ILD_atlas_v1	cell_subtype	Plasma B	RGS1	0.67751449787838	62.3505976095618	0.67925629508995
Lung	BI_PF_ILD_atlas_v1	cell_subtype	Plasma B	FBXW7	1.4030082629869	58.3665338645418	0.67803045891288
Lung	BI_PF_ILD_atlas_v1	cell_subtype	Plasma B	CD38	2.15902771291628	42.1314741035857	0.675993823127706
Lung	BI_PF_ILD_atlas_v1	cell_subtype	Plasma B	UBE2J1	1.08947538473962	61.5537848605578	0.675298332127413
Lung	BI_PF_ILD_atlas_v1	cell_subtype	Plasma B	PDK1	1.90796050007969	43.5258964143426	0.673995501678699
Lung	BI_PF_ILD_atlas_v1	cell_subtype	Plasma B	VIMP	0.949304838845008	67.9282868525896	0.673310711027119
Lung	BI_PF_ILD_atlas_v1	cell_subtype	Plasma B	COBLL1	1.81388450612168	45.0199203187251	0.67284157995606
Lung	BI_PF_ILD_atlas_v1	cell_subtype	Plasma B	SPCS2	0.946591609143574	71.5139442231076	0.670269329277006
Lung	BI_PF_ILD_atlas_v1	cell_subtype	Plasma B	SDF2L1	1.37408715421511	58.0677290836653	0.670102116724827
Lung	BI_PF_ILD_atlas_v1	cell_subtype	Plasma B	IGHM	8.6158641528188	35.5577689243028	0.666346227513553
Lung	BI_PF_ILD_atlas_v1	cell_subtype	Smooth Muscle	MYL9	5.39868855452052	98.7565758010521	0.987810555992913
Lung	BI_PF_ILD_atlas_v1	cell_subtype	Smooth Muscle	TPM2	5.80089428174822	98.7565758010521	0.986408397968718
Lung	BI_PF_ILD_atlas_v1	cell_subtype	Smooth Muscle	MYH11	6.69768198275037	94.882831181253	0.972145047551895
Lung	BI_PF_ILD_atlas_v1	cell_subtype	Smooth Muscle	CALD1	3.57676629306843	98.9956958393113	0.965979209923878
Lung	BI_PF_ILD_atlas_v1	cell_subtype	Smooth Muscle	PPP1R14A	4.71732446024124	93.2568149210904	0.958124710794746
Lung	BI_PF_ILD_atlas_v1	cell_subtype	Smooth Muscle	IGFBP7	2.7949854136655	99.2826398852224	0.957239868881802
Lung	BI_PF_ILD_atlas_v1	cell_subtype	Smooth Muscle	SPARCL1	2.86520768181305	98.5652797704448	0.952759812869862
Lung	BI_PF_ILD_atlas_v1	cell_subtype	Smooth Muscle	ACTA2	6.4135887889027	90.7221425155428	0.945322456124453
Lung	BI_PF_ILD_atlas_v1	cell_subtype	Smooth Muscle	SOD3	3.63369069755776	93.3046389287422	0.939250131877857
Lung	BI_PF_ILD_atlas_v1	cell_subtype	Smooth Muscle	DSTN	2.30227443600432	98.4696317551411	0.931403890427354
Lung	BI_PF_ILD_atlas_v1	cell_subtype	Smooth Muscle	SELM	2.76027274541652	94.6915351506456	0.926546871612047
Lung	BI_PF_ILD_atlas_v1	cell_subtype	Smooth Muscle	TPM1	3.76818796534772	91.2003825920612	0.922777585176745
Lung	BI_PF_ILD_atlas_v1	cell_subtype	Smooth Muscle	TIMP3	2.06129726605332	89.4787183165949	0.90243908298252
Lung	BI_PF_ILD_atlas_v1	cell_subtype	Smooth Muscle	CRYAB	4.10796108045051	83.1659493065519	0.897844077374815
Lung	BI_PF_ILD_atlas_v1	cell_subtype	Smooth Muscle	CAV1	1.75919974228519	89.7178383548541	0.897208689136183
Lung	BI_PF_ILD_atlas_v1	cell_subtype	Smooth Muscle	MGP	1.59894230409839	93.4002869440459	0.895491124484354
Lung	BI_PF_ILD_atlas_v1	cell_subtype	Smooth Muscle	MYLK	4.02024109316504	82.3051171688187	0.891644312695562
Lung	BI_PF_ILD_atlas_v1	cell_subtype	Smooth Muscle	PLAC9	2.69598560486551	84.6963175514108	0.887652020950266
Lung	BI_PF_ILD_atlas_v1	cell_subtype	Smooth Muscle	PRKCDBP	2.97771043042543	83.8833094213295	0.882393283814555
Lung	BI_PF_ILD_atlas_v1	cell_subtype	Smooth Muscle	IGFBP5	3.02393938233503	82.1138211382114	0.881188261311513
Lung	BI_PF_ILD_atlas_v1	cell_subtype	Smooth Muscle	BGN	3.10309224687712	81.8747010999522	0.879236873957025
Lung	BI_PF_ILD_atlas_v1	cell_subtype	Smooth Muscle	MFGE8	3.00865829662823	83.3572453371593	0.877718258777162
Lung	BI_PF_ILD_atlas_v1	cell_subtype	Smooth Muscle	ACTG2	7.01699757137147	75.4662840746055	0.876138867017316
Lung	BI_PF_ILD_atlas_v1	cell_subtype	Smooth Muscle	TINAGL1	3.42719702088712	78.3835485413678	0.875637929805362
Lung	BI_PF_ILD_atlas_v1	cell_subtype	Smooth Muscle	CSRP2	4.32267717065762	77.1879483500717	0.873243642319529
Lung	BI_PF_ILD_atlas_v1	cell_subtype	Smooth Muscle	TAGLN	5.96271725430433	77.7618364418938	0.872324696954134
Lung	BI_PF_ILD_atlas_v1	cell_subtype	Smooth Muscle	LMOD1	5.43016222270147	75.3706360593018	0.872182687956905
Lung	BI_PF_ILD_atlas_v1	cell_subtype	Smooth Muscle	COL6A2	1.76150095695682	85.0310856049737	0.871648850210238
Lung	BI_PF_ILD_atlas_v1	cell_subtype	Smooth Muscle	CSRP1	2.83378397639999	84.4093735054998	0.870577694924951
Lung	BI_PF_ILD_atlas_v1	cell_subtype	Smooth Muscle	MCAM	4.65685276797155	74.701099952176	0.866101017175404
Lung	BI_PF_ILD_atlas_v1	cell_subtype	Smooth Muscle	MAP1B	3.27771838762048	77.7618364418938	0.864483058544825
Lung	BI_PF_ILD_atlas_v1	cell_subtype	Smooth Muscle	CRIP2	1.8099703231492	83.5007173601148	0.863124386505518
Lung	BI_PF_ILD_atlas_v1	cell_subtype	Smooth Muscle	CRISPLD2	3.53375350378292	77.714012434242	0.861888840751828
Lung	BI_PF_ILD_atlas_v1	cell_subtype	Smooth Muscle	COX7A1	3.15511568755971	76.518412242946	0.859496270017255
Lung	BI_PF_ILD_atlas_v1	cell_subtype	Smooth Muscle	RCAN2	4.19182751660169	72.8359636537542	0.854210286902654
Lung	BI_PF_ILD_atlas_v1	cell_subtype	Smooth Muscle	PLN	6.41624073165176	70.5882352941177	0.851737600809121
Lung	BI_PF_ILD_atlas_v1	cell_subtype	Smooth Muscle	DES	7.26993572153227	70.3012912482066	0.84941552096957
Lung	BI_PF_ILD_atlas_v1	cell_subtype	Smooth Muscle	MSRB3	3.20837033057294	72.9794356767097	0.845251247827164
Lung	BI_PF_ILD_atlas_v1	cell_subtype	Smooth Muscle	PTRF	1.98165709656732	79.6269727403156	0.844285664882836
Lung	BI_PF_ILD_atlas_v1	cell_subtype	Smooth Muscle	CNN1	5.67326567023849	69.2969870875179	0.842739061828102
Lung	BI_PF_ILD_atlas_v1	cell_subtype	Smooth Muscle	A2M	0.71161816850306	84.8876135820182	0.841999058291351
Lung	BI_PF_ILD_atlas_v1	cell_subtype	Smooth Muscle	HSPB1	1.06551455253857	96.8436154949785	0.83988060669064
Lung	BI_PF_ILD_atlas_v1	cell_subtype	Smooth Muscle	PDLIM3	2.93618925706195	73.9359158297465	0.838742109216156
Lung	BI_PF_ILD_atlas_v1	cell_subtype	Smooth Muscle	LPP	1.50525898240868	92.9220468675275	0.836782381604812
Lung	BI_PF_ILD_atlas_v1	cell_subtype	Smooth Muscle	SPARC	1.10302223436158	84.1702534672406	0.836533862115236
Lung	BI_PF_ILD_atlas_v1	cell_subtype	Smooth Muscle	PDGFRB	3.64644593083203	70.3012912482066	0.833477146601651
Lung	BI_PF_ILD_atlas_v1	cell_subtype	Smooth Muscle	ADAMTS1	3.39297450167447	71.8794835007174	0.833083049177568
Lung	BI_PF_ILD_atlas_v1	cell_subtype	Smooth Muscle	GPX3	1.87173934769319	81.5399330463893	0.832863692089648
Lung	BI_PF_ILD_atlas_v1	cell_subtype	Smooth Muscle	AKAP12	2.26189346991905	74.4619799139168	0.832561119656482
Lung	BI_PF_ILD_atlas_v1	cell_subtype	Smooth Muscle	FLNA	1.32219349005597	90.674318507891	0.827978864351133
Lung	BI_PF_ILD_atlas_v1	cell_subtype	T CD4+ JUN+	CD69	2.13891381007605	88.9622641509434	0.895304962850002
Lung	BI_PF_ILD_atlas_v1	cell_subtype	T CD4+ JUN+	IL32	1.85331771678844	87.311320754717	0.878656990739327
Lung	BI_PF_ILD_atlas_v1	cell_subtype	T CD4+ JUN+	CCL5	1.93293908677172	84.0094339622641	0.87635906580176
Lung	BI_PF_ILD_atlas_v1	cell_subtype	T CD4+ JUN+	CD3D	2.2100374816815	74.622641509434	0.843200709215085
Lung	BI_PF_ILD_atlas_v1	cell_subtype	T CD4+ JUN+	CD2	2.43306486902311	70.7547169811321	0.826770181894898
Lung	BI_PF_ILD_atlas_v1	cell_subtype	T CD4+ JUN+	ITK	2.00369977565955	68.8207547169811	0.810898287933199
Lung	BI_PF_ILD_atlas_v1	cell_subtype	T CD4+ JUN+	PARP8	1.15680527065377	77.122641509434	0.797728980509732
Lung	BI_PF_ILD_atlas_v1	cell_subtype	T CD4+ JUN+	SKAP1	1.66692529526254	66.7924528301887	0.792011082947504
Lung	BI_PF_ILD_atlas_v1	cell_subtype	T CD4+ JUN+	CD3E	2.53713142954097	62.8301886792453	0.790936854697671
Lung	BI_PF_ILD_atlas_v1	cell_subtype	T CD4+ JUN+	PBX4	1.84036324594412	64.4811320754717	0.786327501135203
Lung	BI_PF_ILD_atlas_v1	cell_subtype	T CD4+ JUN+	CD96	2.0761113468506	62.4056603773585	0.783931742787738
Lung	BI_PF_ILD_atlas_v1	cell_subtype	T CD4+ JUN+	THEMIS	2.78631471993142	59.811320754717	0.783700168982239
Lung	BI_PF_ILD_atlas_v1	cell_subtype	T CD4+ JUN+	RHOH	1.08969812759701	70.4245283018868	0.774811276789632
Lung	BI_PF_ILD_atlas_v1	cell_subtype	T CD4+ JUN+	SYTL3	0.343070001510026	79.1981132075472	0.764684164565197
Lung	BI_PF_ILD_atlas_v1	cell_subtype	T CD4+ JUN+	TRAC	1.92572155743137	57.7358490566038	0.761880727167696
Lung	BI_PF_ILD_atlas_v1	cell_subtype	T CD4+ JUN+	ARHGAP15	0.598457054348038	77.8301886792453	0.758882020715042
Lung	BI_PF_ILD_atlas_v1	cell_subtype	T CD4+ JUN+	CDC42SE2	0.643477957197891	78.3018867924528	0.753931227406147
Lung	BI_PF_ILD_atlas_v1	cell_subtype	T CD4+ JUN+	CXCR4	0.364908884332738	85.7075471698113	0.75306998083286
Lung	BI_PF_ILD_atlas_v1	cell_subtype	T CD4+ JUN+	BATF	2.07058402425142	55.7075471698113	0.742562238435044
Lung	BI_PF_ILD_atlas_v1	cell_subtype	T CD4+ JUN+	CNOT6L	0.57236967315985	70.4245283018868	0.742371440487777
Lung	BI_PF_ILD_atlas_v1	cell_subtype	T CD4+ JUN+	GNG2	0.884966971761262	61.2735849056604	0.741247404068066
Lung	BI_PF_ILD_atlas_v1	cell_subtype	T CD4+ JUN+	GZMA	1.85012588774865	53.2547169811321	0.740493385293801
Lung	BI_PF_ILD_atlas_v1	cell_subtype	T CD4+ JUN+	PPP1R16B	1.12067335207833	57.6415094339623	0.739057244911034
Lung	BI_PF_ILD_atlas_v1	cell_subtype	T CD4+ JUN+	FAM129A	0.782693903089202	68.5377358490566	0.738605085607551
Lung	BI_PF_ILD_atlas_v1	cell_subtype	T CD4+ JUN+	FYN	0.355923277709937	69.0566037735849	0.738146634729772
Lung	BI_PF_ILD_atlas_v1	cell_subtype	T CD4+ JUN+	BCL11B	1.82532344778834	52.6415094339623	0.737900775632824
Lung	BI_PF_ILD_atlas_v1	cell_subtype	T CD4+ JUN+	CBLB	0.467548360824564	72.4528301886792	0.731187610877857
Lung	BI_PF_ILD_atlas_v1	cell_subtype	T CD4+ JUN+	CAMK4	2.10298145263481	49.8584905660377	0.728739313897733
Lung	BI_PF_ILD_atlas_v1	cell_subtype	T CD4+ JUN+	TRBC2	1.85657443887721	49.9056603773585	0.72470668854608
Lung	BI_PF_ILD_atlas_v1	cell_subtype	T CD4+ JUN+	STAT4	0.687867155707282	58.3490566037736	0.721712990613385
Lung	BI_PF_ILD_atlas_v1	cell_subtype	T CD4+ JUN+	CD3G	2.0866095527609	47.9716981132075	0.719648453528488
Lung	BI_PF_ILD_atlas_v1	cell_subtype	T CD4+ JUN+	STK17B	0.158446203208383	84.7169811320755	0.718153991910981
Lung	BI_PF_ILD_atlas_v1	cell_subtype	T CD4+ JUN+	RNF19A	0.936243526339574	67.9716981132076	0.717876476750093
Lung	BI_PF_ILD_atlas_v1	cell_subtype	T CD4+ JUN+	AIM1	0.272706540050541	68.3962264150943	0.705043284842782
Lung	BI_PF_ILD_atlas_v1	cell_subtype	T CD4+ JUN+	ZC3HAV1	0.584369476318852	69.4339622641509	0.703848663464881
Lung	BI_PF_ILD_atlas_v1	cell_subtype	T CD4+ JUN+	IKZF1	0.570390898721959	62.5471698113208	0.701977409419543
Lung	BI_PF_ILD_atlas_v1	cell_subtype	T CD4+ JUN+	RGS1	0.186986880129257	66.6037735849057	0.700639683281231
Lung	BI_PF_ILD_atlas_v1	cell_subtype	T CD4+ JUN+	CORO1A	0.579622549501793	59.5283018867925	0.698159481762001
Lung	BI_PF_ILD_atlas_v1	cell_subtype	T CD4+ JUN+	ANKRD44	0.262961809439127	68.4905660377358	0.697573345482327
Lung	BI_PF_ILD_atlas_v1	cell_subtype	T CD4+ JUN+	LCK	2.08471012932089	43.4905660377359	0.697413935308718
Lung	BI_PF_ILD_atlas_v1	cell_subtype	T CD4+ JUN+	TRERF1	1.5212989138788	48.4433962264151	0.697240450509308
Lung	BI_PF_ILD_atlas_v1	cell_subtype	T CD4+ JUN+	CCL4	0.761038965855929	56.3207547169811	0.695670974177467
Lung	BI_PF_ILD_atlas_v1	cell_subtype	T CD4+ JUN+	AC092580.4	1.73317784924316	43.2547169811321	0.694936141998278
Lung	BI_PF_ILD_atlas_v1	cell_subtype	T CD4+ JUN+	CLEC2D	1.06237869472601	48.7735849056604	0.694760293185003
Lung	BI_PF_ILD_atlas_v1	cell_subtype	T CD4+ JUN+	FNBP1	0.0484572417418052	78.1603773584906	0.694603095496444
Lung	BI_PF_ILD_atlas_v1	cell_subtype	T CD4+ JUN+	INPP4B	1.23403632574404	45.6603773584906	0.692160949964928
Lung	BI_PF_ILD_atlas_v1	cell_subtype	T CD4+ JUN+	PRKCH	0.202114940647473	67.0283018867924	0.691882357742276
Lung	BI_PF_ILD_atlas_v1	cell_subtype	T CD4+ JUN+	SLFN12L	1.8022771556929	42.9716981132075	0.691159518184037
Lung	BI_PF_ILD_atlas_v1	cell_subtype	T CD4+ JUN+	STK4	0.223194942563406	67.5943396226415	0.68934224209697
Lung	BI_PF_ILD_atlas_v1	cell_subtype	T CD4+ JUN+	IL7R	0.358834673779548	60.6132075471698	0.689164189397582
Lung	BI_PF_ILD_atlas_v1	cell_subtype	T regulatory	CD247	1.92014318031077	79.8503973819542	0.865207228706459
Lung	BI_PF_ILD_atlas_v1	cell_subtype	T regulatory	IL32	2.08323133081714	80.9256661991585	0.856788761328513
Lung	BI_PF_ILD_atlas_v1	cell_subtype	T regulatory	SKAP1	2.20158477706382	76.9050958391772	0.851724329727728
Lung	BI_PF_ILD_atlas_v1	cell_subtype	T regulatory	CD3D	2.31381631327876	72.0430107526882	0.834363199611659
Lung	BI_PF_ILD_atlas_v1	cell_subtype	T regulatory	BATF	2.56526217959705	70.1729780271155	0.822228446692012
Lung	BI_PF_ILD_atlas_v1	cell_subtype	T regulatory	TRAC	2.92896685812825	67.5081813931744	0.816692454006644
Lung	BI_PF_ILD_atlas_v1	cell_subtype	T regulatory	CD2	2.1275468661201	67.0874240299205	0.808536065445736
Lung	BI_PF_ILD_atlas_v1	cell_subtype	T regulatory	RHOH	1.06285313011746	74.5675549322113	0.798941836647348
Lung	BI_PF_ILD_atlas_v1	cell_subtype	T regulatory	ITK	1.67592506286265	65.9186535764376	0.795901600459621
Lung	BI_PF_ILD_atlas_v1	cell_subtype	T regulatory	FYN	0.676989421794954	77.466105656849	0.794814504265937
Lung	BI_PF_ILD_atlas_v1	cell_subtype	T regulatory	ICOS	3.26414755364754	61.1033193080879	0.792152263453415
Lung	BI_PF_ILD_atlas_v1	cell_subtype	T regulatory	PBX4	1.87155082137732	64.3291257597008	0.78850581216548
Lung	BI_PF_ILD_atlas_v1	cell_subtype	T regulatory	CLEC2D	1.84394998229095	65.0303880317906	0.785459492888101
Lung	BI_PF_ILD_atlas_v1	cell_subtype	T regulatory	SPOCK2	2.1833868617654	60.7293127629734	0.780809055432763
Lung	BI_PF_ILD_atlas_v1	cell_subtype	T regulatory	CNOT6L	0.952328799057756	75.0350631136045	0.780740873177982
Lung	BI_PF_ILD_atlas_v1	cell_subtype	T regulatory	DUSP16	2.00872181248319	65.0771388499299	0.778690695111349
Lung	BI_PF_ILD_atlas_v1	cell_subtype	T regulatory	LTB	2.44444795503969	60.4488078541374	0.773092113211454
Lung	BI_PF_ILD_atlas_v1	cell_subtype	T regulatory	IL2RA	4.08121285367308	55.6334735857878	0.767600382392937
Lung	BI_PF_ILD_atlas_v1	cell_subtype	T regulatory	STK17B	0.328709289222275	87.7045348293595	0.765543142961806
Lung	BI_PF_ILD_atlas_v1	cell_subtype	T regulatory	CTLA4	3.99651081504449	53.2959326788219	0.761613668243427
Lung	BI_PF_ILD_atlas_v1	cell_subtype	T regulatory	TRBC2	2.39849038188982	56.2879850397382	0.759544712055811
Lung	BI_PF_ILD_atlas_v1	cell_subtype	T regulatory	CD3E	1.95581549303667	56.2412342215989	0.75764760101234
Lung	BI_PF_ILD_atlas_v1	cell_subtype	T regulatory	BCL11B	2.06156395524814	55.960729312763	0.756704796181445
Lung	BI_PF_ILD_atlas_v1	cell_subtype	T regulatory	FAM129A	0.968673901143534	70.2664796633941	0.756294617840072
Lung	BI_PF_ILD_atlas_v1	cell_subtype	T regulatory	CDC42SE2	0.467790802583204	77.1388499298738	0.751898208365211
Lung	BI_PF_ILD_atlas_v1	cell_subtype	T regulatory	PPP1R16B	1.06029056107199	59.4202898550725	0.750064088932475
Lung	BI_PF_ILD_atlas_v1	cell_subtype	T regulatory	GNG2	0.772763781379261	62.3655913978495	0.749368565315636
Lung	BI_PF_ILD_atlas_v1	cell_subtype	T regulatory	FOXO1	0.817864746206846	74.7545582047686	0.749126037420918
Lung	BI_PF_ILD_atlas_v1	cell_subtype	T regulatory	ARHGAP15	0.494270282710584	74.1000467508181	0.748752089610615
Lung	BI_PF_ILD_atlas_v1	cell_subtype	T regulatory	ZEB1	1.74088767686229	57.5970079476391	0.74711059104386
Lung	BI_PF_ILD_atlas_v1	cell_subtype	T regulatory	ETS1	0.976996283606127	59.4670406732118	0.745838162680081
Lung	BI_PF_ILD_atlas_v1	cell_subtype	T regulatory	RNF19A	0.810517054211669	71.2482468443198	0.74254573027567
Lung	BI_PF_ILD_atlas_v1	cell_subtype	T regulatory	LDLRAD4	0.889796083187981	71.6690042075736	0.738204810715003
Lung	BI_PF_ILD_atlas_v1	cell_subtype	T regulatory	SYTL3	-0.0555013353226537	74.4740532959327	0.734849933797096
Lung	BI_PF_ILD_atlas_v1	cell_subtype	T regulatory	TOX	2.53758492632808	52.0804114071996	0.7345288576582
Lung	BI_PF_ILD_atlas_v1	cell_subtype	T regulatory	TIGIT	3.84830597543102	47.7793361383824	0.734157692202121
Lung	BI_PF_ILD_atlas_v1	cell_subtype	T regulatory	SYNE2	0.344760252109351	66.5264142122487	0.731737598371992
Lung	BI_PF_ILD_atlas_v1	cell_subtype	T regulatory	CD7	1.95820098694545	51.7531556802244	0.728477828172434
Lung	BI_PF_ILD_atlas_v1	cell_subtype	T regulatory	SMCHD1	0.342250701624053	77.7466105656849	0.728450242301099
Lung	BI_PF_ILD_atlas_v1	cell_subtype	T regulatory	ABCC1	1.31765310391097	61.711079943899	0.72641782134986
Lung	BI_PF_ILD_atlas_v1	cell_subtype	T regulatory	AC133644.2	2.7056624081439	48.153342683497	0.721432455960102
Lung	BI_PF_ILD_atlas_v1	cell_subtype	T regulatory	PRKCH	0.310283059270233	70.6404862085086	0.721027958653775
Lung	BI_PF_ILD_atlas_v1	cell_subtype	T regulatory	RGS1	-0.157922966699539	70.7339878447873	0.720154980475041
Lung	BI_PF_ILD_atlas_v1	cell_subtype	T regulatory	BCL2	0.998817311513085	57.5970079476391	0.718019521963288
Lung	BI_PF_ILD_atlas_v1	cell_subtype	T regulatory	PTPRC	-0.258833301915872	88.218793828892	0.71685859461011
Lung	BI_PF_ILD_atlas_v1	cell_subtype	T regulatory	STAT4	0.713102086365844	55.9139784946236	0.715488651753118
Lung	BI_PF_ILD_atlas_v1	cell_subtype	T regulatory	ARID5B	-0.00147680241522608	80.0841514726508	0.715262535952525
Lung	BI_PF_ILD_atlas_v1	cell_subtype	T regulatory	PRDM1	1.06488350987371	53.8101916783544	0.714777849631516
Lung	BI_PF_ILD_atlas_v1	cell_subtype	T regulatory	STAM	1.58091330805979	54.4179523141655	0.713694701176971
Lung	BI_PF_ILD_atlas_v1	cell_subtype	T regulatory	TNFRSF18	3.93817551802128	44.2730247779336	0.713651446973969
Lung	BI_PF_ILD_atlas_v1	cell_subtype	Vein	VWF	4.89496751880515	98.5942249240122	0.987176532588314
Lung	BI_PF_ILD_atlas_v1	cell_subtype	Vein	ACKR1	4.78975172177634	94.4528875379939	0.965808537617754
Lung	BI_PF_ILD_atlas_v1	cell_subtype	Vein	PRSS23	3.76543980741417	93.8449848024316	0.950930519656691
Lung	BI_PF_ILD_atlas_v1	cell_subtype	Vein	EPAS1	2.6180630459967	95.9726443768997	0.939291427551655
Lung	BI_PF_ILD_atlas_v1	cell_subtype	Vein	IGFBP7	2.19420812118794	97.4924012158055	0.935979081432676
Lung	BI_PF_ILD_atlas_v1	cell_subtype	Vein	PTPRB	4.20967165296415	88.5258358662614	0.933965092569278
Lung	BI_PF_ILD_atlas_v1	cell_subtype	Vein	SLCO2A1	4.31150731553408	88.4118541033435	0.933096341877351
Lung	BI_PF_ILD_atlas_v1	cell_subtype	Vein	RAMP3	4.50567112221182	87.3480243161094	0.929145618636664
Lung	BI_PF_ILD_atlas_v1	cell_subtype	Vein	CLDN5	3.2239903953805	88.563829787234	0.926772776668302
Lung	BI_PF_ILD_atlas_v1	cell_subtype	Vein	CLU	2.7044221548535	93.693009118541	0.91988997513826
Lung	BI_PF_ILD_atlas_v1	cell_subtype	Vein	TM4SF1	2.38937930549936	92.4012158054711	0.919691530434373
Lung	BI_PF_ILD_atlas_v1	cell_subtype	Vein	CALCRL	3.81671605171992	86.6261398176292	0.919085404109441
Lung	BI_PF_ILD_atlas_v1	cell_subtype	Vein	IFI27	1.97024904560969	94.9468085106383	0.91117334009446
Lung	BI_PF_ILD_atlas_v1	cell_subtype	Vein	LIFR	4.00385671957011	84.8024316109423	0.908165071592465
Lung	BI_PF_ILD_atlas_v1	cell_subtype	Vein	PECAM1	2.09876912657157	94.7188449848024	0.907124284978988
Lung	BI_PF_ILD_atlas_v1	cell_subtype	Vein	RAMP2	2.93304299231136	85.1443768996961	0.906592225806739
Lung	BI_PF_ILD_atlas_v1	cell_subtype	Vein	SPARCL1	2.30490045751741	90.387537993921	0.904594333822058
Lung	BI_PF_ILD_atlas_v1	cell_subtype	Vein	MGP	1.77658000063764	92.7811550151976	0.901052598995884
Lung	BI_PF_ILD_atlas_v1	cell_subtype	Vein	IFITM3	1.40861047416605	97.7963525835866	0.896626112985666
Lung	BI_PF_ILD_atlas_v1	cell_subtype	Vein	CAV1	2.14777812310835	88.7537993920973	0.89537988855809
Lung	BI_PF_ILD_atlas_v1	cell_subtype	Vein	SRPX	3.92750845479518	81.5729483282675	0.892923592231597
Lung	BI_PF_ILD_atlas_v1	cell_subtype	Vein	TIMP3	2.78896563615006	86.7401215805471	0.892913230157995
Lung	BI_PF_ILD_atlas_v1	cell_subtype	Vein	HYAL2	3.49515750637703	83.4726443768997	0.892781152104841
Lung	BI_PF_ILD_atlas_v1	cell_subtype	Vein	IL33	3.69001346209694	81.2310030395137	0.8908331355446
Lung	BI_PF_ILD_atlas_v1	cell_subtype	Vein	RGS5	4.06341967309431	78.5334346504559	0.883145067957744
Lung	BI_PF_ILD_atlas_v1	cell_subtype	Vein	NNMT	2.07526726598598	89.0577507598784	0.882575208006139
Lung	BI_PF_ILD_atlas_v1	cell_subtype	Vein	GPX3	2.41866095787221	87.9939209726444	0.881080438131161
Lung	BI_PF_ILD_atlas_v1	cell_subtype	Vein	CD59	1.47700414608292	95.0607902735562	0.872222407621726
Lung	BI_PF_ILD_atlas_v1	cell_subtype	Vein	CRIP2	1.98579977421837	83.7386018237082	0.869682174545321
Lung	BI_PF_ILD_atlas_v1	cell_subtype	Vein	CPE	3.76882762529721	79.4072948328268	0.86922312987466
Lung	BI_PF_ILD_atlas_v1	cell_subtype	Vein	PTRF	2.22498769833591	83.3966565349544	0.867863119697936
Lung	BI_PF_ILD_atlas_v1	cell_subtype	Vein	GNG11	1.92779895610287	80.6990881458967	0.8648129400222
Lung	BI_PF_ILD_atlas_v1	cell_subtype	Vein	IFITM2	0.870054352424892	96.5425531914894	0.863511715658436
Lung	BI_PF_ILD_atlas_v1	cell_subtype	Vein	TFPI	1.68369220119775	87.8419452887538	0.86322175702146
Lung	BI_PF_ILD_atlas_v1	cell_subtype	Vein	EGFL7	2.94156168541598	75.4179331306991	0.852902362952389
Lung	BI_PF_ILD_atlas_v1	cell_subtype	Vein	PDLIM1	1.71901701208255	89.6276595744681	0.852273423691724
Lung	BI_PF_ILD_atlas_v1	cell_subtype	Vein	TCF4	1.66129633652777	85.5623100303951	0.851738012630751
Lung	BI_PF_ILD_atlas_v1	cell_subtype	Vein	TSPAN7	3.44836619361123	72.6443768996961	0.850827422608035
Lung	BI_PF_ILD_atlas_v1	cell_subtype	Vein	SDPR	2.54377293578007	75.9878419452888	0.84907714932167
Lung	BI_PF_ILD_atlas_v1	cell_subtype	Vein	HSPG2	2.90935080358011	75.1519756838906	0.846871795574983
Lung	BI_PF_ILD_atlas_v1	cell_subtype	Vein	IL1R1	2.31572785232529	81.5349544072948	0.846486153966349
Lung	BI_PF_ILD_atlas_v1	cell_subtype	Vein	ENG	1.81227845540245	85.6003039513678	0.84642767079569
Lung	BI_PF_ILD_atlas_v1	cell_subtype	Vein	NPDC1	3.03116208544907	73.6322188449848	0.846133424453558
Lung	BI_PF_ILD_atlas_v1	cell_subtype	Vein	CLEC14A	3.18139655427034	71.1626139817629	0.844641922560996
Lung	BI_PF_ILD_atlas_v1	cell_subtype	Vein	TGM2	1.8273710550319	82.4848024316109	0.843282645691633
Lung	BI_PF_ILD_atlas_v1	cell_subtype	Vein	PCAT19	3.13249787978167	71.5425531914894	0.842622081653141
Lung	BI_PF_ILD_atlas_v1	cell_subtype	Vein	PRCP	2.04575976060986	81.306990881459	0.842400114641402
Lung	BI_PF_ILD_atlas_v1	cell_subtype	Vein	SELP	4.69100365877827	69.0729483282675	0.841413724600694
Lung	BI_PF_ILD_atlas_v1	cell_subtype	Vein	EMCN	2.83539925126728	70.5927051671732	0.839215165562523
Lung	BI_PF_ILD_atlas_v1	cell_subtype	Vein	SPTBN1	1.41976517931943	84.8404255319149	0.839107395752696
Lung	BI_PF_ILD_atlas_v1	cell_subtype	dividing AT2	KRT7	2.06381403558839	91.3888888888889	0.916062282362074
Lung	BI_PF_ILD_atlas_v1	cell_subtype	dividing AT2	MGST1	1.23013234940061	98.6111111111111	0.911828227981792
Lung	BI_PF_ILD_atlas_v1	cell_subtype	dividing AT2	KRT18	1.54410420604547	93.8888888888889	0.904946590519694
Lung	BI_PF_ILD_atlas_v1	cell_subtype	dividing AT2	KRT8	1.31001631189187	93.8888888888889	0.902717149520216
Lung	BI_PF_ILD_atlas_v1	cell_subtype	dividing AT2	KRT19	1.04640894549867	92.7777777777778	0.897939595708159
Lung	BI_PF_ILD_atlas_v1	cell_subtype	dividing AT2	SLC34A2	1.38964772287944	92.5	0.897936377611229
Lung	BI_PF_ILD_atlas_v1	cell_subtype	dividing AT2	SFTPB	1.09339182443037	93.3333333333333	0.897493678448826
Lung	BI_PF_ILD_atlas_v1	cell_subtype	dividing AT2	SFTA2	1.84769320358536	89.7222222222222	0.895016881807259
Lung	BI_PF_ILD_atlas_v1	cell_subtype	dividing AT2	HOPX	1.71092598617674	90.0	0.89171522710109
Lung	BI_PF_ILD_atlas_v1	cell_subtype	dividing AT2	SLPI	-0.178185254128376	97.7777777777778	0.888834303923633
Lung	BI_PF_ILD_atlas_v1	cell_subtype	dividing AT2	MUC1	1.36222462806102	89.4444444444444	0.88511195341288
Lung	BI_PF_ILD_atlas_v1	cell_subtype	dividing AT2	WFDC2	-0.550177543967618	92.5	0.883456286759791
Lung	BI_PF_ILD_atlas_v1	cell_subtype	dividing AT2	CXCL17	0.576173469401552	89.1666666666667	0.879747933158418
Lung	BI_PF_ILD_atlas_v1	cell_subtype	dividing AT2	NAPSA	0.692051159084166	86.6666666666667	0.873101331418907
Lung	BI_PF_ILD_atlas_v1	cell_subtype	dividing AT2	DSTN	0.87735982044274	98.3333333333333	0.872491692005603
Lung	BI_PF_ILD_atlas_v1	cell_subtype	dividing AT2	SFN	2.65109292797517	79.4444444444444	0.871108433061495
Lung	BI_PF_ILD_atlas_v1	cell_subtype	dividing AT2	S100A14	1.6939424534491	85.2777777777778	0.870850441637969
Lung	BI_PF_ILD_atlas_v1	cell_subtype	dividing AT2	TM4SF1	0.838824748902921	86.3888888888889	0.863723420330953
Lung	BI_PF_ILD_atlas_v1	cell_subtype	dividing AT2	EMP2	0.982810565568847	87.5	0.862371387494681
Lung	BI_PF_ILD_atlas_v1	cell_subtype	dividing AT2	PTMA	0.253135843008085	100.0	0.860703858994544
Lung	BI_PF_ILD_atlas_v1	cell_subtype	dividing AT2	CYB5A	0.290793962652645	95.0	0.857167574358288
Lung	BI_PF_ILD_atlas_v1	cell_subtype	dividing AT2	SFTPA2	0.587851782948853	83.8888888888889	0.852686831276015
Lung	BI_PF_ILD_atlas_v1	cell_subtype	dividing AT2	RPLP0	-0.0466174292396708	98.8888888888889	0.849962519849342
Lung	BI_PF_ILD_atlas_v1	cell_subtype	dividing AT2	SFTPA1	0.234401020209791	82.5	0.84418716137411
Lung	BI_PF_ILD_atlas_v1	cell_subtype	dividing AT2	GSTP1	0.0637229541478916	98.3333333333333	0.843934763643358
Lung	BI_PF_ILD_atlas_v1	cell_subtype	dividing AT2	H2AFZ	0.801735757621828	94.1666666666667	0.843714031338148
Lung	BI_PF_ILD_atlas_v1	cell_subtype	dividing AT2	MRPL14	0.973853072776659	88.8888888888889	0.842712149780031
Lung	BI_PF_ILD_atlas_v1	cell_subtype	dividing AT2	FXYD3	0.859071047199089	82.2222222222222	0.842211613314073
Lung	BI_PF_ILD_atlas_v1	cell_subtype	dividing AT2	MT1E	0.51188395121367	89.4444444444444	0.841991565990909
Lung	BI_PF_ILD_atlas_v1	cell_subtype	dividing AT2	NPC2	0.198049026083389	99.4444444444444	0.841615460272816
Lung	BI_PF_ILD_atlas_v1	cell_subtype	dividing AT2	RPL23A	0.24192359420063	99.1666666666667	0.839367132508846
Lung	BI_PF_ILD_atlas_v1	cell_subtype	dividing AT2	GPRC5A	1.02914473114256	81.9444444444444	0.83910521086273
Lung	BI_PF_ILD_atlas_v1	cell_subtype	dividing AT2	MAL2	1.65375792762607	78.0555555555556	0.838880061797489
Lung	BI_PF_ILD_atlas_v1	cell_subtype	dividing AT2	LMO7	1.17023703938132	80.8333333333333	0.838613719928202
Lung	BI_PF_ILD_atlas_v1	cell_subtype	dividing AT2	EEF1D	0.382828374351421	96.6666666666667	0.837764094049831
Lung	BI_PF_ILD_atlas_v1	cell_subtype	dividing AT2	HINT1	0.113700472384198	97.2222222222222	0.837446233734311
Lung	BI_PF_ILD_atlas_v1	cell_subtype	dividing AT2	DHCR24	0.935165879441762	82.5	0.837390490076633
Lung	BI_PF_ILD_atlas_v1	cell_subtype	dividing AT2	ATP1B1	0.729865090092982	90.8333333333333	0.836367267726479
Lung	BI_PF_ILD_atlas_v1	cell_subtype	dividing AT2	CLDN7	0.938638075539136	79.4444444444444	0.836145483749936
Lung	BI_PF_ILD_atlas_v1	cell_subtype	dividing AT2	RPSA	0.135880582994545	98.8888888888889	0.835990391268254
Lung	BI_PF_ILD_atlas_v1	cell_subtype	dividing AT2	RPLP1	-0.103036657166415	100.0	0.833518280321335
Lung	BI_PF_ILD_atlas_v1	cell_subtype	dividing AT2	AQP3	0.825443680281396	86.1111111111111	0.833320092655886
Lung	BI_PF_ILD_atlas_v1	cell_subtype	dividing AT2	NGFRAP1	0.967977516042042	83.6111111111111	0.830515799712215
Lung	BI_PF_ILD_atlas_v1	cell_subtype	dividing AT2	RPS12	0.0101296434503393	100.0	0.828873470600241
Lung	BI_PF_ILD_atlas_v1	cell_subtype	dividing AT2	PEG10	3.6520386422368	69.4444444444444	0.826049404362052
Lung	BI_PF_ILD_atlas_v1	cell_subtype	dividing AT2	NUCKS1	0.847381825434105	91.3888888888889	0.82555824077824
Lung	BI_PF_ILD_atlas_v1	cell_subtype	dividing AT2	EPCAM	0.627572121346392	77.7777777777778	0.825300740794347
Lung	BI_PF_ILD_atlas_v1	cell_subtype	dividing AT2	SLC25A5	0.201944126544389	96.3888888888889	0.824200557154469
Lung	BI_PF_ILD_atlas_v1	cell_subtype	dividing AT2	SFTPC	0.191948245693922	82.2222222222222	0.823768545259961
Lung	BI_PF_ILD_atlas_v1	cell_subtype	dividing AT2	HMGB1	0.0586535081579829	98.6111111111111	0.821843310729231
Lung	BI_PF_ILD_atlas_v1	cell_subtype	helper T CD4+	ITK	4.11008166533838	83.9610175090849	0.897901711711339
Lung	BI_PF_ILD_atlas_v1	cell_subtype	helper T CD4+	CNOT6L	3.10645742596622	91.1793855302279	0.897861721593601
Lung	BI_PF_ILD_atlas_v1	cell_subtype	helper T CD4+	PBX4	4.0619554152242	80.4426825239511	0.877769759231962
Lung	BI_PF_ILD_atlas_v1	cell_subtype	helper T CD4+	FAM129A	3.17441888826446	86.8351503138421	0.872296638608046
Lung	BI_PF_ILD_atlas_v1	cell_subtype	helper T CD4+	AC016831.7	2.81199584100663	90.419557317476	0.863049988025661
Lung	BI_PF_ILD_atlas_v1	cell_subtype	helper T CD4+	AIM1	2.69528698606994	88.7182028410968	0.862067668880064
Lung	BI_PF_ILD_atlas_v1	cell_subtype	helper T CD4+	RNF19A	2.99089297360266	86.1744301288404	0.852318591220834
Lung	BI_PF_ILD_atlas_v1	cell_subtype	helper T CD4+	FYN	2.5416658624439	85.5467459530889	0.851538355589973
Lung	BI_PF_ILD_atlas_v1	cell_subtype	helper T CD4+	PARP8	2.85346121957232	83.7628014535844	0.848192964424666
Lung	BI_PF_ILD_atlas_v1	cell_subtype	helper T CD4+	SYTL3	2.20239549033658	89.2302609844731	0.847283029864073
Lung	BI_PF_ILD_atlas_v1	cell_subtype	helper T CD4+	PPP1R16B	3.28408234868978	75.9002312520648	0.842887638606072
Lung	BI_PF_ILD_atlas_v1	cell_subtype	helper T CD4+	CD69	2.14549815672137	80.4922365378262	0.832101244968508
Lung	BI_PF_ILD_atlas_v1	cell_subtype	helper T CD4+	IL32	2.14015919966151	79.3194582094483	0.828082017981276
Lung	BI_PF_ILD_atlas_v1	cell_subtype	helper T CD4+	BATF	3.67360805820287	69.9867855963	0.821206523996835
Lung	BI_PF_ILD_atlas_v1	cell_subtype	helper T CD4+	CDC42SE2	2.30050480294382	85.7945160224645	0.818983122759055
Lung	BI_PF_ILD_atlas_v1	cell_subtype	helper T CD4+	RP11-138A9.2	3.03311999353318	77.3372976544433	0.818691619531734
Lung	BI_PF_ILD_atlas_v1	cell_subtype	helper T CD4+	CD3D	3.06490755008429	67.5586389164189	0.808121680098265
Lung	BI_PF_ILD_atlas_v1	cell_subtype	helper T CD4+	ATXN1	2.36653689779851	86.8847043277172	0.804102235658405
Lung	BI_PF_ILD_atlas_v1	cell_subtype	helper T CD4+	CD96	3.67429856901748	65.4443343244136	0.803699368613389
Lung	BI_PF_ILD_atlas_v1	cell_subtype	helper T CD4+	RHOH	2.54153472941372	74.9752229930624	0.802493456839592
Lung	BI_PF_ILD_atlas_v1	cell_subtype	helper T CD4+	ADAM19	3.72533650985449	64.8827221671622	0.798835242851125
Lung	BI_PF_ILD_atlas_v1	cell_subtype	helper T CD4+	FOXO1	2.47747097676159	82.5900231252065	0.798124249361045
Lung	BI_PF_ILD_atlas_v1	cell_subtype	helper T CD4+	RBPJ	1.93954053934532	91.3445655764784	0.795927679096721
Lung	BI_PF_ILD_atlas_v1	cell_subtype	helper T CD4+	CBLB	2.18201614856055	80.1453584407004	0.792466467296829
Lung	BI_PF_ILD_atlas_v1	cell_subtype	helper T CD4+	CD2	3.17751840831952	63.197885695408	0.788149744710815
Lung	BI_PF_ILD_atlas_v1	cell_subtype	helper T CD4+	ARHGAP15	2.05024504780307	80.6408985794516	0.786564753008088
Lung	BI_PF_ILD_atlas_v1	cell_subtype	helper T CD4+	CCL5	1.94098462096402	67.4099768747935	0.785529533340782
Lung	BI_PF_ILD_atlas_v1	cell_subtype	helper T CD4+	FNBP1	1.86254241675002	87.611496531219	0.78425092998796
Lung	BI_PF_ILD_atlas_v1	cell_subtype	helper T CD4+	STAT4	2.52499544257157	68.2854311199207	0.782011837560167
Lung	BI_PF_ILD_atlas_v1	cell_subtype	helper T CD4+	PPP2R5C	1.74752914917792	87.4463164849686	0.781615131157354
Lung	BI_PF_ILD_atlas_v1	cell_subtype	helper T CD4+	PRDM1	2.84525276250402	64.8662041625372	0.774206109814414
Lung	BI_PF_ILD_atlas_v1	cell_subtype	helper T CD4+	RNF125	2.97562515935686	61.9425173439049	0.769404078186756
Lung	BI_PF_ILD_atlas_v1	cell_subtype	helper T CD4+	CXCR4	1.52661339747819	88.1070366699703	0.769288430769189
Lung	BI_PF_ILD_atlas_v1	cell_subtype	helper T CD4+	RGS1	1.6468430768162	77.9154278163198	0.763765293550112
Lung	BI_PF_ILD_atlas_v1	cell_subtype	helper T CD4+	RORA-AS1	3.45792843258182	58.7215064420218	0.761756947478474
Lung	BI_PF_ILD_atlas_v1	cell_subtype	helper T CD4+	RUNX2	3.49502816232551	58.1103402708953	0.756618834100882
Lung	BI_PF_ILD_atlas_v1	cell_subtype	helper T CD4+	MYH9	1.5712615886305	86.8351503138421	0.755534913555642
Lung	BI_PF_ILD_atlas_v1	cell_subtype	helper T CD4+	BCL11B	3.44535259480567	55.3848695077635	0.755424569063502
Lung	BI_PF_ILD_atlas_v1	cell_subtype	helper T CD4+	STK4	1.93188375729647	75.9663032705649	0.754434084278739
Lung	BI_PF_ILD_atlas_v1	cell_subtype	helper T CD4+	CD3E	2.83463112750326	55.2527254707631	0.752234111184737
Lung	BI_PF_ILD_atlas_v1	cell_subtype	helper T CD4+	SKAP1	2.70995128093326	58.3085563263958	0.751491700841175
Lung	BI_PF_ILD_atlas_v1	cell_subtype	helper T CD4+	TRERF1	3.20813926503528	57.8460521968946	0.750736975330449
Lung	BI_PF_ILD_atlas_v1	cell_subtype	helper T CD4+	CAMK4	3.66716315954206	53.0558308556326	0.748246099452604
Lung	BI_PF_ILD_atlas_v1	cell_subtype	helper T CD4+	GNG2	2.17898963988727	61.2817971589032	0.744548147228071
Lung	BI_PF_ILD_atlas_v1	cell_subtype	helper T CD4+	IQGAP2	1.84473188019002	79.203832177073	0.744456772853325
Lung	BI_PF_ILD_atlas_v1	cell_subtype	helper T CD4+	TMEM2	1.90970504859998	70.9117938553023	0.742074168073733
Lung	BI_PF_ILD_atlas_v1	cell_subtype	helper T CD4+	THEMIS	3.86186704381656	51.1397423191278	0.742064168246379
Lung	BI_PF_ILD_atlas_v1	cell_subtype	helper T CD4+	PRKCH	1.76148880801289	72.7783283779319	0.73518872264074
Lung	BI_PF_ILD_atlas_v1	cell_subtype	helper T CD4+	STK17B	1.45439112208857	85.6623719854642	0.73257374761021
Lung	BI_PF_ILD_atlas_v1	cell_subtype	helper T CD4+	PITPNC1	1.76272347492861	70.7135777998018	0.732254571863474
Lung	BI_PF_ILD_atlas_v1	cell_subtype	helper T CD4+ CDR7+	CD69	2.10168206769292	82.3065902578796	0.848946084277655
Lung	BI_PF_ILD_atlas_v1	cell_subtype	helper T CD4+ CDR7+	IL7R	2.19424648689806	85.7987106017192	0.843731310164434
Lung	BI_PF_ILD_atlas_v1	cell_subtype	helper T CD4+ CDR7+	CNOT6L	2.30798126508215	83.3810888252149	0.842456761960206
Lung	BI_PF_ILD_atlas_v1	cell_subtype	helper T CD4+ CDR7+	ITK	3.19838892984276	71.1138968481375	0.828214553078082
Lung	BI_PF_ILD_atlas_v1	cell_subtype	helper T CD4+ CDR7+	AIM1	2.27008794370401	81.2858166189112	0.812205661364328
Lung	BI_PF_ILD_atlas_v1	cell_subtype	helper T CD4+ CDR7+	CD3D	2.58411840596089	66.0279369627507	0.799587971604773
Lung	BI_PF_ILD_atlas_v1	cell_subtype	helper T CD4+ CDR7+	FYN	1.58553679281431	75.1969914040115	0.783938468538153
Lung	BI_PF_ILD_atlas_v1	cell_subtype	helper T CD4+ CDR7+	ARHGAP15	1.63372105393269	77.6504297994269	0.773498712105533
Lung	BI_PF_ILD_atlas_v1	cell_subtype	helper T CD4+ CDR7+	BCL11B	3.14819348208421	58.5601719197708	0.772213238462263
Lung	BI_PF_ILD_atlas_v1	cell_subtype	helper T CD4+ CDR7+	IL32	1.35515353838518	68.6246418338109	0.767268466974859
Lung	BI_PF_ILD_atlas_v1	cell_subtype	helper T CD4+ CDR7+	PPP2R5C	1.22415126958627	84.5451289398281	0.765251003409117
Lung	BI_PF_ILD_atlas_v1	cell_subtype	helper T CD4+ CDR7+	SYTL3	1.11446578236965	78.1160458452722	0.765082945718421
Lung	BI_PF_ILD_atlas_v1	cell_subtype	helper T CD4+ CDR7+	RHOH	1.76825181833811	67.6575931232092	0.760997345979572
Lung	BI_PF_ILD_atlas_v1	cell_subtype	helper T CD4+ CDR7+	STAT4	2.0469912057255	63.5207736389685	0.75920906074456
Lung	BI_PF_ILD_atlas_v1	cell_subtype	helper T CD4+ CDR7+	INPP4B	3.07467898143599	57.4319484240688	0.758657615741294
Lung	BI_PF_ILD_atlas_v1	cell_subtype	helper T CD4+ CDR7+	CD2	2.55279346137298	57.4856733524355	0.758640251095206
Lung	BI_PF_ILD_atlas_v1	cell_subtype	helper T CD4+ CDR7+	CXCR4	0.976334823962197	85.7091690544413	0.752992046047567
Lung	BI_PF_ILD_atlas_v1	cell_subtype	helper T CD4+ CDR7+	CDC42SE2	1.32355426594582	77.9906876790831	0.752259226557703
Lung	BI_PF_ILD_atlas_v1	cell_subtype	helper T CD4+ CDR7+	PBX4	2.49105058654998	56.5723495702006	0.74885939701697
Lung	BI_PF_ILD_atlas_v1	cell_subtype	helper T CD4+ CDR7+	SMCHD1	1.40728608372306	80.3724928366762	0.748760508447174
Lung	BI_PF_ILD_atlas_v1	cell_subtype	helper T CD4+ CDR7+	LTB	2.82121656536839	55.3724928366762	0.746022132420318
Lung	BI_PF_ILD_atlas_v1	cell_subtype	helper T CD4+ CDR7+	CD3E	2.63299210288676	53.4025787965616	0.743840678350222
Lung	BI_PF_ILD_atlas_v1	cell_subtype	helper T CD4+ CDR7+	PARP8	1.62235823434538	67.4247851002865	0.743275624204572
Lung	BI_PF_ILD_atlas_v1	cell_subtype	helper T CD4+ CDR7+	CAMK4	3.12741897382841	51.5401146131805	0.740035122759061
Lung	BI_PF_ILD_atlas_v1	cell_subtype	helper T CD4+ CDR7+	SPOCK2	2.63225574284893	52.4355300859599	0.738315427375893
Lung	BI_PF_ILD_atlas_v1	cell_subtype	helper T CD4+ CDR7+	PDE3B	1.99303997857375	64.7922636103152	0.736943590733356
Lung	BI_PF_ILD_atlas_v1	cell_subtype	helper T CD4+ CDR7+	RNF125	2.32220823608705	55.1396848137536	0.732587809288757
Lung	BI_PF_ILD_atlas_v1	cell_subtype	helper T CD4+ CDR7+	CD247	1.48386968843802	54.2263610315186	0.729359780828778
Lung	BI_PF_ILD_atlas_v1	cell_subtype	helper T CD4+ CDR7+	ABCC1	2.33112254502324	60.5838108882522	0.72552916284905
Lung	BI_PF_ILD_atlas_v1	cell_subtype	helper T CD4+ CDR7+	TRAC	2.54142476676626	50.0895415472779	0.725037994366236
Lung	BI_PF_ILD_atlas_v1	cell_subtype	helper T CD4+ CDR7+	RNF19A	1.66107613377654	67.2277936962751	0.719144644267601
Lung	BI_PF_ILD_atlas_v1	cell_subtype	helper T CD4+ CDR7+	CDC14A	2.29846682440812	53.4025787965616	0.718926193832553
Lung	BI_PF_ILD_atlas_v1	cell_subtype	helper T CD4+ CDR7+	BACH2	2.38891499003411	50.5551575931232	0.718022980808839
Lung	BI_PF_ILD_atlas_v1	cell_subtype	helper T CD4+ CDR7+	ANK3	1.9725976095819	55.336676217765	0.715496531393659
Lung	BI_PF_ILD_atlas_v1	cell_subtype	helper T CD4+ CDR7+	CLEC2D	2.0814267084494	51.9699140401146	0.714555897883993
Lung	BI_PF_ILD_atlas_v1	cell_subtype	helper T CD4+ CDR7+	PITPNC1	1.39514866772998	66.2428366762178	0.713781775473835
Lung	BI_PF_ILD_atlas_v1	cell_subtype	helper T CD4+ CDR7+	PPP1R16B	1.7601782583066	51.8982808022923	0.712833889644174
Lung	BI_PF_ILD_atlas_v1	cell_subtype	helper T CD4+ CDR7+	STK4	1.06664196345974	70.6303724928367	0.712393058856699
Lung	BI_PF_ILD_atlas_v1	cell_subtype	helper T CD4+ CDR7+	IKZF1	1.40218723279226	63.3954154727794	0.712035548093181
Lung	BI_PF_ILD_atlas_v1	cell_subtype	helper T CD4+ CDR7+	LEPROTL1	1.02531671023516	76.2356733524355	0.710721660436201
Lung	BI_PF_ILD_atlas_v1	cell_subtype	helper T CD4+ CDR7+	CD96	2.27082073151004	47.439111747851	0.708526485761919
Lung	BI_PF_ILD_atlas_v1	cell_subtype	helper T CD4+ CDR7+	ETS1	1.65225366369435	51.8803724928367	0.706791359487511
Lung	BI_PF_ILD_atlas_v1	cell_subtype	helper T CD4+ CDR7+	ZFP36L2	0.843282643777827	87.3567335243553	0.705953514418519
Lung	BI_PF_ILD_atlas_v1	cell_subtype	helper T CD4+ CDR7+	SKAP1	1.85058739186114	49.4985673352436	0.704992699855256
Lung	BI_PF_ILD_atlas_v1	cell_subtype	helper T CD4+ CDR7+	PRKCH	1.14944063017199	66.8517191977077	0.702568497662073
Lung	BI_PF_ILD_atlas_v1	cell_subtype	helper T CD4+ CDR7+	SYNE2	0.957132934337356	61.3001432664757	0.701693852574004
Lung	BI_PF_ILD_atlas_v1	cell_subtype	helper T CD4+ CDR7+	SARAF	0.513378007008034	93.0873925501433	0.700206854057653
Lung	BI_PF_ILD_atlas_v1	cell_subtype	helper T CD4+ CDR7+	CD6	2.92451897653932	43.6067335243553	0.700120018043318
Lung	BI_PF_ILD_atlas_v1	cell_subtype	helper T CD4+ CDR7+	SFMBT1	2.51168637656296	48.8359598853868	0.697522065026101
Lung	BI_PF_ILD_atlas_v1	cell_subtype	helper T CD4+ CDR7+	ZC3HAV1	1.15740476765716	68.3022922636103	0.69667726729351
Lung	BI_PF_ILD_atlas_v1	cell_subtype	pDC	IRF4	4.58887212342069	91.2582781456954	0.950890182741311
Lung	BI_PF_ILD_atlas_v1	cell_subtype	pDC	GZMB	3.57274199470561	92.317880794702	0.950534179222308
Lung	BI_PF_ILD_atlas_v1	cell_subtype	pDC	FCHSD2	3.26545849140894	93.3774834437086	0.933273739372528
Lung	BI_PF_ILD_atlas_v1	cell_subtype	pDC	JCHAIN	3.18548093550041	85.9602649006623	0.925019960018514
Lung	BI_PF_ILD_atlas_v1	cell_subtype	pDC	SEL1L3	2.57386528387148	88.8741721854305	0.918441115138698
Lung	BI_PF_ILD_atlas_v1	cell_subtype	pDC	C1orf186	4.47143566195731	82.1192052980132	0.906972232901769
Lung	BI_PF_ILD_atlas_v1	cell_subtype	pDC	RUBCN	2.92855096055596	84.2384105960265	0.901180355252152
Lung	BI_PF_ILD_atlas_v1	cell_subtype	pDC	INPP4A	2.49988235591329	85.5629139072848	0.898476638236322
Lung	BI_PF_ILD_atlas_v1	cell_subtype	pDC	AFF3	2.26607299268981	83.3112582781457	0.891563670180924
Lung	BI_PF_ILD_atlas_v1	cell_subtype	pDC	TCF4	1.16669689163213	90.728476821192	0.889661714291708
Lung	BI_PF_ILD_atlas_v1	cell_subtype	pDC	LDLRAD4	1.44718416911571	90.9933774834437	0.888508466590779
Lung	BI_PF_ILD_atlas_v1	cell_subtype	pDC	PTPRS	3.00423643039082	80.9271523178808	0.884921790264109
Lung	BI_PF_ILD_atlas_v1	cell_subtype	pDC	ANKRD11	1.09826879281471	94.4370860927152	0.88107269746197
Lung	BI_PF_ILD_atlas_v1	cell_subtype	pDC	SLC7A5	2.05184945240088	82.2516556291391	0.880751909302488
Lung	BI_PF_ILD_atlas_v1	cell_subtype	pDC	BCL11A	2.89283665623635	78.6754966887417	0.873411628008815
Lung	BI_PF_ILD_atlas_v1	cell_subtype	pDC	GPR183	1.16409449399298	88.8741721854305	0.872488751729273
Lung	BI_PF_ILD_atlas_v1	cell_subtype	pDC	C12orf75	1.37052085272277	81.7218543046358	0.872411836239344
Lung	BI_PF_ILD_atlas_v1	cell_subtype	pDC	IRF8	1.54669350330857	85.9602649006623	0.870955722745947
Lung	BI_PF_ILD_atlas_v1	cell_subtype	pDC	SLC15A4	2.23554681896661	80.6622516556291	0.870287820490314
Lung	BI_PF_ILD_atlas_v1	cell_subtype	pDC	CD2AP	1.88768790770585	82.2516556291391	0.867037667204148
Lung	BI_PF_ILD_atlas_v1	cell_subtype	pDC	GAB1	2.81680183963576	77.4834437086093	0.859297912131722
Lung	BI_PF_ILD_atlas_v1	cell_subtype	pDC	IL3RA	1.06616370615106	86.3576158940397	0.858195986736463
Lung	BI_PF_ILD_atlas_v1	cell_subtype	pDC	IRF7	1.94347854272507	77.8807947019868	0.851975496761971
Lung	BI_PF_ILD_atlas_v1	cell_subtype	pDC	PDE4B	0.895329600234677	88.0794701986755	0.850888385499321
Lung	BI_PF_ILD_atlas_v1	cell_subtype	pDC	FAM160A1	4.1432217908808	70.9933774834437	0.846209939025506
Lung	BI_PF_ILD_atlas_v1	cell_subtype	pDC	CXCR4	0.264579489328916	92.1854304635762	0.842182272784174
Lung	BI_PF_ILD_atlas_v1	cell_subtype	pDC	ITM2C	2.63843872125163	72.0529801324503	0.840860010102586
Lung	BI_PF_ILD_atlas_v1	cell_subtype	pDC	CDYL	1.9812010517077	78.6754966887417	0.839664629478282
Lung	BI_PF_ILD_atlas_v1	cell_subtype	pDC	POLB	3.06421019574979	71.523178807947	0.83761893806266
Lung	BI_PF_ILD_atlas_v1	cell_subtype	pDC	CLN8	1.3603314241337	80.2649006622517	0.837435879003157
Lung	BI_PF_ILD_atlas_v1	cell_subtype	pDC	PLAC8	0.969570174350304	79.4701986754967	0.835131933406627
Lung	BI_PF_ILD_atlas_v1	cell_subtype	pDC	IKZF1	1.18053087174387	81.1920529801324	0.834336872405084
Lung	BI_PF_ILD_atlas_v1	cell_subtype	pDC	CLIC3	2.13389642487153	71.523178807947	0.831042664723225
Lung	BI_PF_ILD_atlas_v1	cell_subtype	pDC	MOB1B	2.33770783229523	73.9072847682119	0.830090041482999
Lung	BI_PF_ILD_atlas_v1	cell_subtype	pDC	CXCR3	4.05066741739801	66.4900662251656	0.829076169424575
Lung	BI_PF_ILD_atlas_v1	cell_subtype	pDC	PLD4	3.36438210742093	67.0198675496689	0.829068099236982
Lung	BI_PF_ILD_atlas_v1	cell_subtype	pDC	PRKCB	0.560742158942491	83.3112582781457	0.827297093900603
Lung	BI_PF_ILD_atlas_v1	cell_subtype	pDC	RABGAP1L	0.953493295389737	86.2251655629139	0.825806683451526
Lung	BI_PF_ILD_atlas_v1	cell_subtype	pDC	ZFAT	3.66091960207121	67.0198675496689	0.822316131299217
Lung	BI_PF_ILD_atlas_v1	cell_subtype	pDC	RAPGEF2	2.14774651148336	75.4966887417219	0.821980761274016
Lung	BI_PF_ILD_atlas_v1	cell_subtype	pDC	HERPUD1	0.317454134821102	91.6556291390728	0.821677932712293
Lung	BI_PF_ILD_atlas_v1	cell_subtype	pDC	SNX9	0.464987140631766	87.8145695364238	0.820603069812636
Lung	BI_PF_ILD_atlas_v1	cell_subtype	pDC	HIVEP1	1.80611216693895	74.5695364238411	0.81937755412923
Lung	BI_PF_ILD_atlas_v1	cell_subtype	pDC	SEC61B	-0.204258367014897	94.3046357615894	0.813193731932151
Lung	BI_PF_ILD_atlas_v1	cell_subtype	pDC	CORO1C	0.623407686692924	88.2119205298013	0.811643067573081
Lung	BI_PF_ILD_atlas_v1	cell_subtype	pDC	LPIN1	1.85892565728332	70.4635761589404	0.809835945532084
Lung	BI_PF_ILD_atlas_v1	cell_subtype	pDC	CERS6	1.20177703521833	77.0860927152318	0.809739287303551
Lung	BI_PF_ILD_atlas_v1	cell_subtype	pDC	TSPAN13	1.12256293375207	70.5960264900662	0.805432071566891
Lung	BI_PF_ILD_atlas_v1	cell_subtype	pDC	CREB3L2	1.66584998912614	71.9205298013245	0.80538652437239
Lung	BI_PF_ILD_atlas_v1	cell_subtype	pDC	ZC3HAV1	1.24184674551215	80.2649006622517	0.804097933953098
Lung	BI_PF_ILD_atlas_v1	cell_subtype	pre AT2	NAPSA	3.84345840661745	99.9307958477509	0.971582152287766
Lung	BI_PF_ILD_atlas_v1	cell_subtype	pre AT2	SLC34A2	3.35286152029619	99.6193771626298	0.966314263416255
Lung	BI_PF_ILD_atlas_v1	cell_subtype	pre AT2	SFTPB	3.10773848737241	100.0	0.964166083781007
Lung	BI_PF_ILD_atlas_v1	cell_subtype	pre AT2	SFTPA1	3.8990790516073	98.0276816608997	0.960191458903135
Lung	BI_PF_ILD_atlas_v1	cell_subtype	pre AT2	SFTPC	3.4152032849789	99.0657439446367	0.956516123677113
Lung	BI_PF_ILD_atlas_v1	cell_subtype	pre AT2	SFTA2	3.05510387188848	99.5501730103806	0.955478453407075
Lung	BI_PF_ILD_atlas_v1	cell_subtype	pre AT2	SFTPA2	3.74929904122167	97.681660899654	0.955467021323537
Lung	BI_PF_ILD_atlas_v1	cell_subtype	pre AT2	NPC2	2.26072462906677	100.0	0.952244882302643
Lung	BI_PF_ILD_atlas_v1	cell_subtype	pre AT2	SFTPD	3.39003475541512	97.3702422145329	0.949262043275727
Lung	BI_PF_ILD_atlas_v1	cell_subtype	pre AT2	LPCAT1	3.19556954288378	96.401384083045	0.945701853328369
Lung	BI_PF_ILD_atlas_v1	cell_subtype	pre AT2	CXCL17	2.94118570043091	97.2664359861592	0.943739498989038
Lung	BI_PF_ILD_atlas_v1	cell_subtype	pre AT2	HOPX	2.29028722514175	98.0968858131488	0.929986095002009
Lung	BI_PF_ILD_atlas_v1	cell_subtype	pre AT2	CTSH	2.19888852843134	99.4117647058823	0.929327013112888
Lung	BI_PF_ILD_atlas_v1	cell_subtype	pre AT2	MUC1	3.27270531900324	92.4913494809689	0.92730320304639
Lung	BI_PF_ILD_atlas_v1	cell_subtype	pre AT2	LAMP3	3.33825876916768	91.4186851211073	0.923692526200548
Lung	BI_PF_ILD_atlas_v1	cell_subtype	pre AT2	AK1	2.94181635626425	91.6608996539792	0.921797177362014
Lung	BI_PF_ILD_atlas_v1	cell_subtype	pre AT2	CYB5A	1.91331500794468	99.0311418685121	0.920653237000704
Lung	BI_PF_ILD_atlas_v1	cell_subtype	pre AT2	LRRK2	3.12998568931582	92.1107266435986	0.917566393245805
Lung	BI_PF_ILD_atlas_v1	cell_subtype	pre AT2	C4BPA	3.7904810040564	87.5778546712803	0.913159150171115
Lung	BI_PF_ILD_atlas_v1	cell_subtype	pre AT2	WFDC2	1.04934955059515	96.6782006920415	0.91301361783908
Lung	BI_PF_ILD_atlas_v1	cell_subtype	pre AT2	RNASE1	1.93595497988921	98.9273356401384	0.911941919874264
Lung	BI_PF_ILD_atlas_v1	cell_subtype	pre AT2	FOLR1	2.61382650236823	90.5536332179931	0.907079031597067
Lung	BI_PF_ILD_atlas_v1	cell_subtype	pre AT2	DHCR24	2.63461203903143	91.280276816609	0.90447153909896
Lung	BI_PF_ILD_atlas_v1	cell_subtype	pre AT2	MALL	2.82660391942852	88.7543252595156	0.904014442344372
Lung	BI_PF_ILD_atlas_v1	cell_subtype	pre AT2	ABCA3	3.34906428298967	87.2318339100346	0.901684283188883
Lung	BI_PF_ILD_atlas_v1	cell_subtype	pre AT2	SLPI	1.03960596851729	99.1003460207612	0.900807023972659
Lung	BI_PF_ILD_atlas_v1	cell_subtype	pre AT2	C16orf89	2.7477603081909	89.1003460207613	0.900766370036563
Lung	BI_PF_ILD_atlas_v1	cell_subtype	pre AT2	ALPL	3.65120146242853	83.7370242214533	0.895085754219628
Lung	BI_PF_ILD_atlas_v1	cell_subtype	pre AT2	SERPINA1	2.47850717787998	98.2698961937716	0.892558086394489
Lung	BI_PF_ILD_atlas_v1	cell_subtype	pre AT2	PGC	2.0910416704057	85.1557093425605	0.889407029873935
Lung	BI_PF_ILD_atlas_v1	cell_subtype	pre AT2	WIF1	3.46927552492277	82.6297577854671	0.885887690958608
Lung	BI_PF_ILD_atlas_v1	cell_subtype	pre AT2	MGST1	1.64755050442321	98.4083044982699	0.884349201822991
Lung	BI_PF_ILD_atlas_v1	cell_subtype	pre AT2	SEPW1	1.82614166137101	96.2283737024221	0.883631918039601
Lung	BI_PF_ILD_atlas_v1	cell_subtype	pre AT2	S100A14	2.3856946009169	87.3702422145329	0.882965079398103
Lung	BI_PF_ILD_atlas_v1	cell_subtype	pre AT2	SLC22A31	3.62262935700415	81.038062283737	0.881884506063398
Lung	BI_PF_ILD_atlas_v1	cell_subtype	pre AT2	KRT8	1.89733340889737	91.0726643598616	0.878976077342864
Lung	BI_PF_ILD_atlas_v1	cell_subtype	pre AT2	ADGRF5	2.6320055089368	83.2179930795848	0.872366648482731
Lung	BI_PF_ILD_atlas_v1	cell_subtype	pre AT2	KRT18	1.83924877947737	90.5190311418685	0.872048490515892
Lung	BI_PF_ILD_atlas_v1	cell_subtype	pre AT2	PEBP4	2.6083502254719	83.5294117647059	0.868704577405716
Lung	BI_PF_ILD_atlas_v1	cell_subtype	pre AT2	CLDN18	2.91072577928639	80.2768166089965	0.866997616211841
Lung	BI_PF_ILD_atlas_v1	cell_subtype	pre AT2	AQP3	1.77448527271451	92.0761245674741	0.864842789999205
Lung	BI_PF_ILD_atlas_v1	cell_subtype	pre AT2	KRT19	1.06372419988728	88.7889273356401	0.864034573026218
Lung	BI_PF_ILD_atlas_v1	cell_subtype	pre AT2	SFTA1P	3.17260966551315	78.3737024221453	0.863793635346734
Lung	BI_PF_ILD_atlas_v1	cell_subtype	pre AT2	SELENBP1	2.52698311389124	83.4948096885813	0.863228383877724
Lung	BI_PF_ILD_atlas_v1	cell_subtype	pre AT2	AGR3	1.53577072666712	85.5017301038062	0.861547205057307
Lung	BI_PF_ILD_atlas_v1	cell_subtype	pre AT2	NKX2-1	2.75986316378546	79.4117647058823	0.859287182513121
Lung	BI_PF_ILD_atlas_v1	cell_subtype	pre AT2	FXYD3	1.54781571298367	85.8131487889273	0.854868298258779
Lung	BI_PF_ILD_atlas_v1	cell_subtype	pre AT2	C3	1.7449532922231	86.5397923875433	0.85207542465428
Lung	BI_PF_ILD_atlas_v1	cell_subtype	pre AT2	C8orf4	2.2811507293427	80.0346020761246	0.841507490301073
Lung	BI_PF_ILD_atlas_v1	cell_subtype	pre AT2	AGR2	1.41211957219299	80.7958477508651	0.841393525957651
