organ	reference	source_sheet_name	source_row	source_level1	source_level2	detailed_lineage	major_lineage	marker_gene	original_rank	fold_change	pct_positive	auc	fold_change_definition	marker_class	signature_eligible	specificity_status	is_curated_core_anchor	level1_marker_support	functional_category	immune_level1_n	immune_level2_n	detailed_lineage_n	major_lineage_n	immune_level1_labels	immune_level2_labels	major_lineage_labels	nonimmune_level2_n	nonimmune_level2_labels	specificity_limit
Lung	BI_PF_ILD_atlas_v1	Sheet 1	1902	B/Plasma	B cell	B	B	BANK1	1	5.79464379752676	84.1340639734931	0.911737745600453	unknown; source workbook does not define whether this is log2FC	A. Lineage-core	True	relatively_specific_core	True	True		1	1	1	1	B/Plasma	B cell	B	0		Positive top-marker lists only; no complete non-target expression matrix, so cell specificity cannot be fully estimated.
Lung	BI_PF_ILD_atlas_v1	Sheet 1	1903	B/Plasma	B cell	B	B	TNFRSF13C	2	7.26456664035015	79.9158914234739	0.898230688311233	unknown; source workbook does not define whether this is log2FC	A. Lineage-core	True	relatively_specific_core	True	True		1	2	1	1	B/Plasma	B cell;B cell LRMP+	B	0		Positive top-marker lists only; no complete non-target expression matrix, so cell specificity cannot be fully estimated.
Lung	BI_PF_ILD_atlas_v1	Sheet 1	1904	B/Plasma	B cell	B	B	ADAM28	3	4.41222874354502	80.8971581496113	0.881505867179661	unknown; source workbook does not define whether this is log2FC	D. Shared/functional markers	False	shared_or_cross_lineage_risk	False	True		2	3	2	2	B/Plasma;Dendritic	B cell;DC2 C1QC+;DC2 CD1A+/CD1E+	B;DC	0		Positive top-marker lists only; no complete non-target expression matrix, so cell specificity cannot be fully estimated.
Lung	BI_PF_ILD_atlas_v1	Sheet 1	1905	B/Plasma	B cell	B	B	CD79A	4	6.50599697079859	74.079265961514	0.868207715353783	unknown; source workbook does not define whether this is log2FC	D. Shared/functional markers	False	shared_or_cross_lineage_risk	True	True		1	3	2	2	B/Plasma	B cell;B cell LRMP+;Plasma B	B;Plasma	0		Positive top-marker lists only; no complete non-target expression matrix, so cell specificity cannot be fully estimated.
Lung	BI_PF_ILD_atlas_v1	Sheet 1	1906	B/Plasma	B cell	B	B	MS4A1	5	6.95953427983963	73.6842105263158	0.867004784855087	unknown; source workbook does not define whether this is log2FC	A. Lineage-core	True	relatively_specific_core	True	True		1	2	1	1	B/Plasma	B cell;B cell LRMP+	B	0		Positive top-marker lists only; no complete non-target expression matrix, so cell specificity cannot be fully estimated.
Lung	BI_PF_ILD_atlas_v1	Sheet 1	1907	B/Plasma	B cell	B	B	ARHGAP24	6	3.79195145030854	82.8724353256021	0.860437690794472	unknown; source workbook does not define whether this is log2FC	B. Extended lineage markers	True	moderate_extended	False	True		1	1	1	1	B/Plasma	B cell	B	0		Positive top-marker lists only; no complete non-target expression matrix, so cell specificity cannot be fully estimated.
Lung	BI_PF_ILD_atlas_v1	Sheet 1	1908	B/Plasma	B cell	B	B	AFF3	7	4.47950708971662	75.7996686631834	0.85698292182232	unknown; source workbook does not define whether this is log2FC	D. Shared/functional markers	False	shared_or_cross_lineage_risk	False	True		2	3	2	2	B/Plasma;pDC	B cell;B cell LRMP+;pDC	B;DC	0		Positive top-marker lists only; no complete non-target expression matrix, so cell specificity cannot be fully estimated.
Lung	BI_PF_ILD_atlas_v1	Sheet 1	1909	B/Plasma	B cell	B	B	GNG7	8	4.6482774399265	70.4473047024341	0.827666116868147	unknown; source workbook does not define whether this is log2FC	D. Shared/functional markers	False	shared_or_cross_lineage_risk	False	True		1	2	2	2	B/Plasma	B cell;Plasma B	B;Plasma	0		Positive top-marker lists only; no complete non-target expression matrix, so cell specificity cannot be fully estimated.
Lung	BI_PF_ILD_atlas_v1	Sheet 1	1910	B/Plasma	B cell	B	B	ANKRD44	9	2.83591030403261	83.0635911813432	0.825188863920158	unknown; source workbook does not define whether this is log2FC	D. Shared/functional markers	False	shared_or_cross_lineage_risk	False	True		2	2	2	2	B/Plasma;T cell	B cell;T CD4+ JUN+	B;T	0		Positive top-marker lists only; no complete non-target expression matrix, so cell specificity cannot be fully estimated.
Lung	BI_PF_ILD_atlas_v1	Sheet 1	1911	B/Plasma	B cell	B	B	SMAP2	10	1.93299186780825	91.2195743596279	0.813640749036144	unknown; source workbook does not define whether this is log2FC	D. Shared/functional markers	False	shared_or_cross_lineage_risk	False	True		3	4	3	3	B/Plasma;Dendritic;Monocyte	B cell;DC LAMP3+/CCR7+;DC2 CLEC10A+;Monocytes CD16+	B;DC;Monocyte	0		Positive top-marker lists only; no complete non-target expression matrix, so cell specificity cannot be fully estimated.
Lung	BI_PF_ILD_atlas_v1	Sheet 1	1912	B/Plasma	B cell	B	B	RALGPS2	11	4.04390308570076	67.2486300497005	0.803940446316	unknown; source workbook does not define whether this is log2FC	D. Shared/functional markers	False	shared_or_cross_lineage_risk	False	True		1	2	2	2	B/Plasma	B cell;Plasma B	B;Plasma	0		Positive top-marker lists only; no complete non-target expression matrix, so cell specificity cannot be fully estimated.
Lung	BI_PF_ILD_atlas_v1	Sheet 1	1913	B/Plasma	B cell	B	B	LTB	12	3.44923530470449	64.8018350962151	0.796908654067064	unknown; source workbook does not define whether this is log2FC	D. Shared/functional markers	False	shared_or_cross_lineage_risk	False	True		3	5	4	3	B/Plasma;Dendritic;T cell	B cell;B cell LRMP+;DC2 CD1A+/CD1E+;T regulatory;helper T CD4+ CDR7+	B;DC;T	0		Positive top-marker lists only; no complete non-target expression matrix, so cell specificity cannot be fully estimated.
Lung	BI_PF_ILD_atlas_v1	Sheet 1	1914	B/Plasma	B cell	B	B	SMCHD1	13	2.33824140364175	85.2682553842233	0.79597377685228	unknown; source workbook does not define whether this is log2FC	D. Shared/functional markers	False	shared_or_cross_lineage_risk	False	True		2	3	3	2	B/Plasma;T cell	B cell;T regulatory;helper T CD4+ CDR7+	B;T	0		Positive top-marker lists only; no complete non-target expression matrix, so cell specificity cannot be fully estimated.
Lung	BI_PF_ILD_atlas_v1	Sheet 1	1915	B/Plasma	B cell	B	B	PRKCB	14	2.70145745900894	75.9398496240601	0.793839590244121	unknown; source workbook does not define whether this is log2FC	D. Shared/functional markers	False	shared_or_cross_lineage_risk	False	True		3	4	3	3	B/Plasma;Monocyte;pDC	B cell;Monocytes CD14+/IL1B;Monocytes CD16+;pDC	B;DC;Monocyte	0		Positive top-marker lists only; no complete non-target expression matrix, so cell specificity cannot be fully estimated.
Lung	BI_PF_ILD_atlas_v1	Sheet 1	1916	B/Plasma	B cell	B	B	CD69	15	2.3947676559572	70.1796865043966	0.785353544173947	unknown; source workbook does not define whether this is log2FC	D. Shared/functional markers	False	shared_or_cross_lineage_risk	False	True		4	9	7	4	B/Plasma;Basophil/Mast;NK;T cell	Activated NK XCL1+;B cell;Basophil/Mast;CD8+ Naive T;Cytotoxic T;NK;T CD4+ JUN+;helper T CD4+;helper T CD4+ CDR7+	B;Mast/Basophil;NK;T	0		Positive top-marker lists only; no complete non-target expression matrix, so cell specificity cannot be fully estimated.
Lung	BI_PF_ILD_atlas_v1	Sheet 1	1917	B/Plasma	B cell	B	B	ST6GAL1	16	3.57230715167274	64.9802472282401	0.785140675374467	unknown; source workbook does not define whether this is log2FC	D. Shared/functional markers	False	shared_or_cross_lineage_risk	False	True		1	3	2	2	B/Plasma	B cell;B cell LRMP+;Plasma B	B;Plasma	0		Positive top-marker lists only; no complete non-target expression matrix, so cell specificity cannot be fully estimated.
Lung	BI_PF_ILD_atlas_v1	Sheet 1	1918	B/Plasma	B cell	B	B	MGAT5	17	3.2734483323927	73.0979992353766	0.783909735409091	unknown; source workbook does not define whether this is log2FC	B. Extended lineage markers	True	moderate_extended	False	True		1	2	1	1	B/Plasma	B cell;B cell LRMP+	B	0		Positive top-marker lists only; no complete non-target expression matrix, so cell specificity cannot be fully estimated.
Lung	BI_PF_ILD_atlas_v1	Sheet 1	1919	B/Plasma	B cell	B	B	BLK	18	6.2005479580032	56.9899324582643	0.783408312976461	unknown; source workbook does not define whether this is log2FC	A. Lineage-core	True	relatively_specific_core	True	True		1	1	1	1	B/Plasma	B cell	B	0		Positive top-marker lists only; no complete non-target expression matrix, so cell specificity cannot be fully estimated.
Lung	BI_PF_ILD_atlas_v1	Sheet 1	1920	B/Plasma	B cell	B	B	CXCR4	19	1.62227698052339	89.0149101567478	0.783395978491058	unknown; source workbook does not define whether this is log2FC	D. Shared/functional markers	False	shared_or_cross_lineage_risk	False	True		5	10	7	4	B/Plasma;Dendritic;NK;T cell;pDC	Activated NK XCL1+;B cell;CD8+ Naive T;Cytotoxic T;DC CXCL2+/CD14+/CD1C-;DC2 CLEC10A+;T CD4+ JUN+;helper T CD4+;helper T CD4+ CDR7+;pDC	B;DC;NK;T	0		Positive top-marker lists only; no complete non-target expression matrix, so cell specificity cannot be fully estimated.
Lung	BI_PF_ILD_atlas_v1	Sheet 1	1921	B/Plasma	B cell	B	B	EBF1	20	4.41313102707412	59.9592200841086	0.782338284135163	unknown; source workbook does not define whether this is log2FC	D. Shared/functional markers	False	shared_or_cross_lineage_risk	True	True		1	2	1	1	B/Plasma	B cell;B cell LRMP+	B	1	Pericyte	Positive top-marker lists only; no complete non-target expression matrix, so cell specificity cannot be fully estimated.
Lung	BI_PF_ILD_atlas_v1	Sheet 1	1922	B/Plasma	B cell	B	B	RHOH	21	2.74630436891634	69.5807314897413	0.780606856642415	unknown; source workbook does not define whether this is log2FC	D. Shared/functional markers	False	shared_or_cross_lineage_risk	False	True		3	8	5	3	B/Plasma;Basophil/Mast;T cell	B cell;B cell LRMP+;Basophil/Mast;CD8+ Naive T;T CD4+ JUN+;T regulatory;helper T CD4+;helper T CD4+ CDR7+	B;Mast/Basophil;T	0		Positive top-marker lists only; no complete non-target expression matrix, so cell specificity cannot be fully estimated.
Lung	BI_PF_ILD_atlas_v1	Sheet 1	1923	B/Plasma	B cell	B	B	PLCG2	22	3.21471172442409	68.8288517904932	0.774059502196403	unknown; source workbook does not define whether this is log2FC	D. Shared/functional markers	False	shared_or_cross_lineage_risk	False	True		2	3	2	2	B/Plasma;NK	Activated NK XCL1+;B cell;B cell LRMP+	B;NK	0		Positive top-marker lists only; no complete non-target expression matrix, so cell specificity cannot be fully estimated.
Lung	BI_PF_ILD_atlas_v1	Sheet 1	1924	B/Plasma	B cell	B	B	MEF2C	23	2.4552302544642	70.3708423601376	0.772017084323143	unknown; source workbook does not define whether this is log2FC	D. Shared/functional markers	False	shared_or_cross_lineage_risk	False	True		2	4	3	3	B/Plasma;Dendritic	B cell;B cell LRMP+;DC2 C1QC+;Plasma B	B;DC;Plasma	0		Positive top-marker lists only; no complete non-target expression matrix, so cell specificity cannot be fully estimated.
Lung	BI_PF_ILD_atlas_v1	Sheet 1	1925	B/Plasma	B cell	B	B	INPP5D	24	2.79070334413625	66.433031731872	0.769852647976535	unknown; source workbook does not define whether this is log2FC	D. Shared/functional markers	False	shared_or_cross_lineage_risk	False	True		2	2	2	2	B/Plasma;NK	Activated NK XCL1+;B cell	B;NK	0		Positive top-marker lists only; no complete non-target expression matrix, so cell specificity cannot be fully estimated.
Lung	BI_PF_ILD_atlas_v1	Sheet 1	1926	B/Plasma	B cell	B	B	BACH2	25	4.0837395412613	59.0671594239837	0.76834663346647	unknown; source workbook does not define whether this is log2FC	D. Shared/functional markers	False	shared_or_cross_lineage_risk	False	True		3	4	3	3	B/Plasma;NK;T cell	Activated NK XCL1+;B cell;B cell LRMP+;helper T CD4+ CDR7+	B;NK;T	0		Positive top-marker lists only; no complete non-target expression matrix, so cell specificity cannot be fully estimated.
Lung	BI_PF_ILD_atlas_v1	Sheet 1	1927	B/Plasma	B cell	B	B	PRDM2	26	2.63974007290279	72.1804511278195	0.767460526556236	unknown; source workbook does not define whether this is log2FC	B. Extended lineage markers	True	moderate_extended	False	True		1	1	1	1	B/Plasma	B cell	B	0		Positive top-marker lists only; no complete non-target expression matrix, so cell specificity cannot be fully estimated.
Lung	BI_PF_ILD_atlas_v1	Sheet 1	1928	B/Plasma	B cell	B	B	BCL11A	27	3.91877585814468	58.5064355804766	0.76605865878068	unknown; source workbook does not define whether this is log2FC	D. Shared/functional markers	False	shared_or_cross_lineage_risk	False	True		2	3	2	2	B/Plasma;pDC	B cell;B cell LRMP+;pDC	B;DC	0		Positive top-marker lists only; no complete non-target expression matrix, so cell specificity cannot be fully estimated.
Lung	BI_PF_ILD_atlas_v1	Sheet 1	1929	B/Plasma	B cell	B	B	ARHGAP15	28	2.08586094987595	75.2262010959602	0.760628170553635	unknown; source workbook does not define whether this is log2FC	D. Shared/functional markers	False	shared_or_cross_lineage_risk	False	True		3	7	5	3	B/Plasma;NK;T cell	Activated NK XCL1+;B cell;CD8+ Naive T;T CD4+ JUN+;T regulatory;helper T CD4+;helper T CD4+ CDR7+	B;NK;T	0		Positive top-marker lists only; no complete non-target expression matrix, so cell specificity cannot be fully estimated.
Lung	BI_PF_ILD_atlas_v1	Sheet 1	1930	B/Plasma	B cell	B	B	LINC00926	29	5.79827824484823	51.4336689180578	0.75430185974342	unknown; source workbook does not define whether this is log2FC	B. Extended lineage markers	True	moderate_extended	False	True		1	1	1	1	B/Plasma	B cell	B	0		Positive top-marker lists only; no complete non-target expression matrix, so cell specificity cannot be fully estimated.
Lung	BI_PF_ILD_atlas_v1	Sheet 1	1931	B/Plasma	B cell	B	B	RPS27	30	0.990483273910003	99.9872562762839	0.753478748293795	unknown; source workbook does not define whether this is log2FC	D. Shared/functional markers	False	shared_or_cross_lineage_risk	False	True	housekeeping/stress	1	1	1	1	B/Plasma	B cell	B	0		Positive top-marker lists only; no complete non-target expression matrix, so cell specificity cannot be fully estimated.
Lung	BI_PF_ILD_atlas_v1	Sheet 1	1932	B/Plasma	B cell	B	B	NCOA3	31	2.38001425060528	71.8746017586339	0.744542651244378	unknown; source workbook does not define whether this is log2FC	B. Extended lineage markers	False	limited_extended_evidence	False	True		1	2	1	1	B/Plasma	B cell;B cell LRMP+	B	0		Positive top-marker lists only; no complete non-target expression matrix, so cell specificity cannot be fully estimated.
Lung	BI_PF_ILD_atlas_v1	Sheet 1	1933	B/Plasma	B cell	B	B	CD37	32	1.44109067023455	83.0126162864789	0.74055372074275	unknown; source workbook does not define whether this is log2FC	B. Extended lineage markers	False	limited_extended_evidence	False	True		1	1	1	1	B/Plasma	B cell	B	0		Positive top-marker lists only; no complete non-target expression matrix, so cell specificity cannot be fully estimated.
Lung	BI_PF_ILD_atlas_v1	Sheet 1	1934	B/Plasma	B cell	B	B	FNBP1	33	1.77256707160313	81.1392889002166	0.735738438448304	unknown; source workbook does not define whether this is log2FC	D. Shared/functional markers	False	shared_or_cross_lineage_risk	False	True		3	7	4	3	B/Plasma;Dendritic;T cell	B cell;B cell LRMP+;CD8+ Naive T;DC LAMP3+/CCR7+;DC1 CLEC9A+;T CD4+ JUN+;helper T CD4+	B;DC;T	0		Positive top-marker lists only; no complete non-target expression matrix, so cell specificity cannot be fully estimated.
Lung	BI_PF_ILD_atlas_v1	Sheet 1	1935	B/Plasma	B cell	B	B	CDC42SE2	34	1.79276719808888	74.5252962915764	0.733007138552241	unknown; source workbook does not define whether this is log2FC	D. Shared/functional markers	False	shared_or_cross_lineage_risk	False	True		2	7	5	2	B/Plasma;T cell	B cell;CD8+ Naive T;Cytotoxic T;T CD4+ JUN+;T regulatory;helper T CD4+;helper T CD4+ CDR7+	B;T	0		Positive top-marker lists only; no complete non-target expression matrix, so cell specificity cannot be fully estimated.
Lung	BI_PF_ILD_atlas_v1	Sheet 1	1936	B/Plasma	B cell	B	B	DENND4A	35	2.03941120603555	77.2269657193832	0.732904077915774	unknown; source workbook does not define whether this is log2FC	D. Shared/functional markers	False	shared_or_cross_lineage_risk	False	True		2	2	2	2	B/Plasma;NK	Activated NK XCL1+;B cell	B;NK	0		Positive top-marker lists only; no complete non-target expression matrix, so cell specificity cannot be fully estimated.
Lung	BI_PF_ILD_atlas_v1	Sheet 1	1937	B/Plasma	B cell	B	B	STK4	36	1.6870244566813	72.7666624187588	0.729358246365689	unknown; source workbook does not define whether this is log2FC	D. Shared/functional markers	False	shared_or_cross_lineage_risk	False	True		3	6	4	3	B/Plasma;Dendritic;T cell	B cell;CD8+ Naive T;DC LAMP3+/CCR7+;T CD4+ JUN+;helper T CD4+;helper T CD4+ CDR7+	B;DC;T	0		Positive top-marker lists only; no complete non-target expression matrix, so cell specificity cannot be fully estimated.
Lung	BI_PF_ILD_atlas_v1	Sheet 1	1938	B/Plasma	B cell	B	B	IGHM	37	3.41493844707256	47.2792149866191	0.729312389380669	unknown; source workbook does not define whether this is log2FC	D. Shared/functional markers	False	shared_or_cross_lineage_risk	False	True	immunoglobulin/secretory	1	2	2	2	B/Plasma	B cell;Plasma B	B;Plasma	0		Positive top-marker lists only; no complete non-target expression matrix, so cell specificity cannot be fully estimated.
Lung	BI_PF_ILD_atlas_v1	Sheet 1	1939	B/Plasma	B cell	B	B	LY9	38	4.99667052645146	47.1772651968905	0.727926804529281	unknown; source workbook does not define whether this is log2FC	B. Extended lineage markers	False	limited_extended_evidence	False	True		1	1	1	1	B/Plasma	B cell	B	0		Positive top-marker lists only; no complete non-target expression matrix, so cell specificity cannot be fully estimated.
Lung	BI_PF_ILD_atlas_v1	Sheet 1	1940	B/Plasma	B cell	B	B	ARID5B	39	1.84329909999573	78.4885943672741	0.723958801004638	unknown; source workbook does not define whether this is log2FC	D. Shared/functional markers	False	shared_or_cross_lineage_risk	False	True		2	2	2	2	B/Plasma;T cell	B cell;T regulatory	B;T	0		Positive top-marker lists only; no complete non-target expression matrix, so cell specificity cannot be fully estimated.
Lung	BI_PF_ILD_atlas_v1	Sheet 1	1941	B/Plasma	B cell	B	B	ISG20	40	1.79562418303077	62.6736332356315	0.722192226288659	unknown; source workbook does not define whether this is log2FC	D. Shared/functional markers	False	shared_or_cross_lineage_risk	False	True		3	5	4	4	B/Plasma;NK;T cell	B cell;B cell LRMP+;Cytotoxic T;NK;Plasma B	B;NK;Plasma;T	0		Positive top-marker lists only; no complete non-target expression matrix, so cell specificity cannot be fully estimated.
Lung	BI_PF_ILD_atlas_v1	Sheet 1	1942	B/Plasma	B cell	B	B	SSH2	41	2.02032585909203	76.6662418758761	0.720109052603671	unknown; source workbook does not define whether this is log2FC	B. Extended lineage markers	False	limited_extended_evidence	False	True		1	1	1	1	B/Plasma	B cell	B	0		Positive top-marker lists only; no complete non-target expression matrix, so cell specificity cannot be fully estimated.
Lung	BI_PF_ILD_atlas_v1	Sheet 1	1943	B/Plasma	B cell	B	B	TNRC6B	42	1.68428413041649	75.9525933477762	0.716397112986909	unknown; source workbook does not define whether this is log2FC	B. Extended lineage markers	False	limited_extended_evidence	False	True		1	1	1	1	B/Plasma	B cell	B	0		Positive top-marker lists only; no complete non-target expression matrix, so cell specificity cannot be fully estimated.
Lung	BI_PF_ILD_atlas_v1	Sheet 1	1944	B/Plasma	B cell	B	B	RPS29	43	0.983110516531752	99.8853064865554	0.716032516940431	unknown; source workbook does not define whether this is log2FC	D. Shared/functional markers	False	shared_or_cross_lineage_risk	False	False	housekeeping/stress	1	1	1	1	B/Plasma	B cell	B	0		Positive top-marker lists only; no complete non-target expression matrix, so cell specificity cannot be fully estimated.
Lung	BI_PF_ILD_atlas_v1	Sheet 1	1945	B/Plasma	B cell	B	B	RPL17-C18orf32	44	1.72475045807539	76.6534981521601	0.714841571058837	unknown; source workbook does not define whether this is log2FC	D. Shared/functional markers	False	shared_or_cross_lineage_risk	False	False	housekeeping/stress	2	2	2	2	B/Plasma;NK	Activated NK XCL1+;B cell	B;NK	0		Positive top-marker lists only; no complete non-target expression matrix, so cell specificity cannot be fully estimated.
Lung	BI_PF_ILD_atlas_v1	Sheet 1	1946	B/Plasma	B cell	B	B	FCHSD2	45	2.13193516142954	63.3108194214349	0.711045676497939	unknown; source workbook does not define whether this is log2FC	D. Shared/functional markers	False	shared_or_cross_lineage_risk	False	True		2	3	2	2	B/Plasma;pDC	B cell;B cell LRMP+;pDC	B;DC	0		Positive top-marker lists only; no complete non-target expression matrix, so cell specificity cannot be fully estimated.
Lung	BI_PF_ILD_atlas_v1	Sheet 1	1947	B/Plasma	B cell	B	B	PLEKHG1	46	3.02096453709868	49.3819293997706	0.709793741520602	unknown; source workbook does not define whether this is log2FC	B. Extended lineage markers	False	limited_extended_evidence	False	True		1	1	1	1	B/Plasma	B cell	B	0		Positive top-marker lists only; no complete non-target expression matrix, so cell specificity cannot be fully estimated.
Lung	BI_PF_ILD_atlas_v1	Sheet 1	1948	B/Plasma	B cell	B	B	CD83	47	1.6324460290092	75.5193067414298	0.707302989276266	unknown; source workbook does not define whether this is log2FC	D. Shared/functional markers	False	shared_or_cross_lineage_risk	False	False		2	5	2	2	B/Plasma;Dendritic	B cell;DC LAMP3+/CCR7+;DC1 CLEC9A+;DC2 CD1A+/CD1E+;DC2 CLEC10A+	B;DC	0		Positive top-marker lists only; no complete non-target expression matrix, so cell specificity cannot be fully estimated.
Lung	BI_PF_ILD_atlas_v1	Sheet 1	1949	B/Plasma	B cell	B	B	JADE3	48	4.76342187359238	43.7109723461195	0.706958392688629	unknown; source workbook does not define whether this is log2FC	B. Extended lineage markers	False	limited_extended_evidence	False	True		1	1	1	1	B/Plasma	B cell	B	0		Positive top-marker lists only; no complete non-target expression matrix, so cell specificity cannot be fully estimated.
Lung	BI_PF_ILD_atlas_v1	Sheet 1	1950	B/Plasma	B cell	B	B	CD79B	49	4.37530578277868	42.9336051994393	0.706059968116395	unknown; source workbook does not define whether this is log2FC	A. Lineage-core	True	relatively_specific_core	True	True		1	2	1	1	B/Plasma	B cell;B cell LRMP+	B	0		Positive top-marker lists only; no complete non-target expression matrix, so cell specificity cannot be fully estimated.
Lung	BI_PF_ILD_atlas_v1	Sheet 1	1951	B/Plasma	B cell	B	B	AC004448.5	50	1.75052243683402	74.9330954504906	0.704424463634956	unknown; source workbook does not define whether this is log2FC	B. Extended lineage markers	False	limited_extended_evidence	False	False		1	1	1	1	B/Plasma	B cell	B	0		Positive top-marker lists only; no complete non-target expression matrix, so cell specificity cannot be fully estimated.
Lung	BI_PF_ILD_atlas_v1	Sheet 1	1952	B/Plasma	B cell LRMP+	B	B	MS4A1	1	4.50641783812846	96.2025316455696	0.977036360420837	unknown; source workbook does not define whether this is log2FC	A. Lineage-core	True	relatively_specific_core	True	True		1	2	1	1	B/Plasma	B cell;B cell LRMP+	B	0		Positive top-marker lists only; no complete non-target expression matrix, so cell specificity cannot be fully estimated.
Lung	BI_PF_ILD_atlas_v1	Sheet 1	1953	B/Plasma	B cell LRMP+	B	B	LRMP	2	4.42768917574139	96.2025316455696	0.975260618650386	unknown; source workbook does not define whether this is log2FC	C. State-associated markers	True	state_associated_not_lineage_core	False	False		1	1	1	1	B/Plasma	B cell LRMP+	B	0		Positive top-marker lists only; no complete non-target expression matrix, so cell specificity cannot be fully estimated.
Lung	BI_PF_ILD_atlas_v1	Sheet 1	1954	B/Plasma	B cell LRMP+	B	B	BACH2	3	4.05279162375299	94.9367088607595	0.968538325226351	unknown; source workbook does not define whether this is log2FC	D. Shared/functional markers	False	shared_or_cross_lineage_risk	False	True		3	4	3	3	B/Plasma;NK;T cell	Activated NK XCL1+;B cell;B cell LRMP+;helper T CD4+ CDR7+	B;NK;T	0		Positive top-marker lists only; no complete non-target expression matrix, so cell specificity cannot be fully estimated.
Lung	BI_PF_ILD_atlas_v1	Sheet 1	1955	B/Plasma	B cell LRMP+	B	B	KIAA0922	4	2.89259512726088	96.2025316455696	0.963114858408457	unknown; source workbook does not define whether this is log2FC	C. State-associated markers	True	state_associated_not_lineage_core	False	False		1	1	1	1	B/Plasma	B cell LRMP+	B	0		Positive top-marker lists only; no complete non-target expression matrix, so cell specificity cannot be fully estimated.
Lung	BI_PF_ILD_atlas_v1	Sheet 1	1956	B/Plasma	B cell LRMP+	B	B	SEL1L3	5	2.38841510149065	97.4683544303797	0.961624409884169	unknown; source workbook does not define whether this is log2FC	D. Shared/functional markers	False	shared_or_cross_lineage_risk	False	True		2	3	3	3	B/Plasma;pDC	B cell LRMP+;Plasma B;pDC	B;DC;Plasma	0		Positive top-marker lists only; no complete non-target expression matrix, so cell specificity cannot be fully estimated.
Lung	BI_PF_ILD_atlas_v1	Sheet 1	1957	B/Plasma	B cell LRMP+	B	B	ST6GAL1	6	3.54185401765716	94.9367088607595	0.959385269322667	unknown; source workbook does not define whether this is log2FC	D. Shared/functional markers	False	shared_or_cross_lineage_risk	False	True		1	3	2	2	B/Plasma	B cell;B cell LRMP+;Plasma B	B;Plasma	0		Positive top-marker lists only; no complete non-target expression matrix, so cell specificity cannot be fully estimated.
Lung	BI_PF_ILD_atlas_v1	Sheet 1	1958	B/Plasma	B cell LRMP+	B	B	PLCG2	7	2.60562336587265	96.2025316455696	0.956821087348255	unknown; source workbook does not define whether this is log2FC	D. Shared/functional markers	False	shared_or_cross_lineage_risk	False	True		2	3	2	2	B/Plasma;NK	Activated NK XCL1+;B cell;B cell LRMP+	B;NK	0		Positive top-marker lists only; no complete non-target expression matrix, so cell specificity cannot be fully estimated.
Lung	BI_PF_ILD_atlas_v1	Sheet 1	1959	B/Plasma	B cell LRMP+	B	B	TCL1A	8	5.81051999769957	89.873417721519	0.948250306045144	unknown; source workbook does not define whether this is log2FC	C. State-associated markers	True	state_associated_not_lineage_core	False	False		1	1	1	1	B/Plasma	B cell LRMP+	B	0		Positive top-marker lists only; no complete non-target expression matrix, so cell specificity cannot be fully estimated.
Lung	BI_PF_ILD_atlas_v1	Sheet 1	1960	B/Plasma	B cell LRMP+	B	B	TNFRSF13C	9	3.74687983280384	91.1392405063291	0.94805239580668	unknown; source workbook does not define whether this is log2FC	A. Lineage-core	True	relatively_specific_core	True	True		1	2	1	1	B/Plasma	B cell;B cell LRMP+	B	0		Positive top-marker lists only; no complete non-target expression matrix, so cell specificity cannot be fully estimated.
Lung	BI_PF_ILD_atlas_v1	Sheet 1	1961	B/Plasma	B cell LRMP+	B	B	NCOA3	10	2.22760313485706	94.9367088607595	0.944279097884902	unknown; source workbook does not define whether this is log2FC	C. State-associated markers	True	state_associated_not_lineage_core	False	True		1	2	1	1	B/Plasma	B cell;B cell LRMP+	B	0		Positive top-marker lists only; no complete non-target expression matrix, so cell specificity cannot be fully estimated.
Lung	BI_PF_ILD_atlas_v1	Sheet 1	1962	B/Plasma	B cell LRMP+	B	B	RABGAP1L	11	1.79589020324044	94.9367088607595	0.939677937412122	unknown; source workbook does not define whether this is log2FC	D. Shared/functional markers	False	shared_or_cross_lineage_risk	False	False		2	2	2	2	B/Plasma;pDC	B cell LRMP+;pDC	B;DC	0		Positive top-marker lists only; no complete non-target expression matrix, so cell specificity cannot be fully estimated.
Lung	BI_PF_ILD_atlas_v1	Sheet 1	1963	B/Plasma	B cell LRMP+	B	B	AFF3	12	2.57365195140333	91.1392405063291	0.937639626880729	unknown; source workbook does not define whether this is log2FC	D. Shared/functional markers	False	shared_or_cross_lineage_risk	False	True		2	3	2	2	B/Plasma;pDC	B cell;B cell LRMP+;pDC	B;DC	0		Positive top-marker lists only; no complete non-target expression matrix, so cell specificity cannot be fully estimated.
Lung	BI_PF_ILD_atlas_v1	Sheet 1	1964	B/Plasma	B cell LRMP+	B	B	TPD52	13	2.6499224371899	91.1392405063291	0.936712106523955	unknown; source workbook does not define whether this is log2FC	D. Shared/functional markers	False	shared_or_cross_lineage_risk	False	False		1	2	2	2	B/Plasma	B cell LRMP+;Plasma B	B;Plasma	1	Ionocyte	Positive top-marker lists only; no complete non-target expression matrix, so cell specificity cannot be fully estimated.
Lung	BI_PF_ILD_atlas_v1	Sheet 1	1965	B/Plasma	B cell LRMP+	B	B	CD79B	14	4.55977588510889	87.3417721518987	0.932162446663314	unknown; source workbook does not define whether this is log2FC	A. Lineage-core	True	relatively_specific_core	True	True		1	2	1	1	B/Plasma	B cell;B cell LRMP+	B	0		Positive top-marker lists only; no complete non-target expression matrix, so cell specificity cannot be fully estimated.
Lung	BI_PF_ILD_atlas_v1	Sheet 1	1966	B/Plasma	B cell LRMP+	B	B	CD79A	15	3.93814389324403	87.3417721518987	0.931265819649102	unknown; source workbook does not define whether this is log2FC	D. Shared/functional markers	False	shared_or_cross_lineage_risk	True	True		1	3	2	2	B/Plasma	B cell;B cell LRMP+;Plasma B	B;Plasma	0		Positive top-marker lists only; no complete non-target expression matrix, so cell specificity cannot be fully estimated.
Lung	BI_PF_ILD_atlas_v1	Sheet 1	1967	B/Plasma	B cell LRMP+	B	B	FNBP1	16	0.892295883014941	98.7341772151899	0.929527157263539	unknown; source workbook does not define whether this is log2FC	D. Shared/functional markers	False	shared_or_cross_lineage_risk	False	True		3	7	4	3	B/Plasma;Dendritic;T cell	B cell;B cell LRMP+;CD8+ Naive T;DC LAMP3+/CCR7+;DC1 CLEC9A+;T CD4+ JUN+;helper T CD4+	B;DC;T	0		Positive top-marker lists only; no complete non-target expression matrix, so cell specificity cannot be fully estimated.
Lung	BI_PF_ILD_atlas_v1	Sheet 1	1968	B/Plasma	B cell LRMP+	B	B	VPREB3	17	5.40536456954833	86.0759493670886	0.928406210333288	unknown; source workbook does not define whether this is log2FC	C. State-associated markers	True	state_associated_not_lineage_core	False	False		1	1	1	1	B/Plasma	B cell LRMP+	B	0		Positive top-marker lists only; no complete non-target expression matrix, so cell specificity cannot be fully estimated.
Lung	BI_PF_ILD_atlas_v1	Sheet 1	1969	B/Plasma	B cell LRMP+	B	B	MARCKSL1	18	2.64388166115022	91.1392405063291	0.927858487228269	unknown; source workbook does not define whether this is log2FC	D. Shared/functional markers	False	shared_or_cross_lineage_risk	False	False		1	1	1	1	B/Plasma	B cell LRMP+	B	1	Ionocyte	Positive top-marker lists only; no complete non-target expression matrix, so cell specificity cannot be fully estimated.
Lung	BI_PF_ILD_atlas_v1	Sheet 1	1970	B/Plasma	B cell LRMP+	B	B	EBF1	19	3.35420874477435	87.3417721518987	0.925794572841253	unknown; source workbook does not define whether this is log2FC	D. Shared/functional markers	False	shared_or_cross_lineage_risk	True	True		1	2	1	1	B/Plasma	B cell;B cell LRMP+	B	1	Pericyte	Positive top-marker lists only; no complete non-target expression matrix, so cell specificity cannot be fully estimated.
Lung	BI_PF_ILD_atlas_v1	Sheet 1	1971	B/Plasma	B cell LRMP+	B	B	USP34	20	1.18333740769814	96.2025316455696	0.924358268447686	unknown; source workbook does not define whether this is log2FC	C. State-associated markers	True	state_associated_not_lineage_core	False	False		1	1	1	1	B/Plasma	B cell LRMP+	B	0		Positive top-marker lists only; no complete non-target expression matrix, so cell specificity cannot be fully estimated.
Lung	BI_PF_ILD_atlas_v1	Sheet 1	1972	B/Plasma	B cell LRMP+	B	B	MAP4K4	21	1.62941128020521	93.6708860759494	0.922647738021437	unknown; source workbook does not define whether this is log2FC	C. State-associated markers	True	state_associated_not_lineage_core	False	False		1	1	1	1	B/Plasma	B cell LRMP+	B	0		Positive top-marker lists only; no complete non-target expression matrix, so cell specificity cannot be fully estimated.
Lung	BI_PF_ILD_atlas_v1	Sheet 1	1973	B/Plasma	B cell LRMP+	B	B	RBM6	22	1.4636949052314	93.6708860759494	0.918402064730743	unknown; source workbook does not define whether this is log2FC	C. State-associated markers	True	state_associated_not_lineage_core	False	False		1	1	1	1	B/Plasma	B cell LRMP+	B	0		Positive top-marker lists only; no complete non-target expression matrix, so cell specificity cannot be fully estimated.
Lung	BI_PF_ILD_atlas_v1	Sheet 1	1974	B/Plasma	B cell LRMP+	B	B	SAMD12	23	3.16725485475366	86.0759493670886	0.91697261360559	unknown; source workbook does not define whether this is log2FC	C. State-associated markers	True	state_associated_not_lineage_core	False	False		1	1	1	1	B/Plasma	B cell LRMP+	B	0		Positive top-marker lists only; no complete non-target expression matrix, so cell specificity cannot be fully estimated.
Lung	BI_PF_ILD_atlas_v1	Sheet 1	1975	B/Plasma	B cell LRMP+	B	B	CD22	24	3.92732477693696	84.8101265822785	0.916288570950141	unknown; source workbook does not define whether this is log2FC	C. State-associated markers	True	state_associated_not_lineage_core	True	False		1	1	1	1	B/Plasma	B cell LRMP+	B	0		Positive top-marker lists only; no complete non-target expression matrix, so cell specificity cannot be fully estimated.
Lung	BI_PF_ILD_atlas_v1	Sheet 1	1976	B/Plasma	B cell LRMP+	B	B	TOX	25	2.98758900621764	86.0759493670886	0.915699056430542	unknown; source workbook does not define whether this is log2FC	D. Shared/functional markers	False	shared_or_cross_lineage_risk	False	False		2	2	2	2	B/Plasma;T cell	B cell LRMP+;T regulatory	B;T	0		Positive top-marker lists only; no complete non-target expression matrix, so cell specificity cannot be fully estimated.
Lung	BI_PF_ILD_atlas_v1	Sheet 1	1977	B/Plasma	B cell LRMP+	B	B	ZCCHC7	26	2.29619903036476	89.873417721519	0.914381568623255	unknown; source workbook does not define whether this is log2FC	B. Extended lineage markers	True	moderate_extended	False	False		1	1	1	1	B/Plasma	B cell LRMP+	B	0		Positive top-marker lists only; no complete non-target expression matrix, so cell specificity cannot be fully estimated.
Lung	BI_PF_ILD_atlas_v1	Sheet 1	1978	B/Plasma	B cell LRMP+	B	B	ITSN2	27	0.79346869417657	94.9367088607595	0.914026991776526	unknown; source workbook does not define whether this is log2FC	B. Extended lineage markers	True	moderate_extended	False	False		1	1	1	1	B/Plasma	B cell LRMP+	B	0		Positive top-marker lists only; no complete non-target expression matrix, so cell specificity cannot be fully estimated.
Lung	BI_PF_ILD_atlas_v1	Sheet 1	1979	B/Plasma	B cell LRMP+	B	B	RGS13	28	4.42384705598542	83.5443037974684	0.913553942965226	unknown; source workbook does not define whether this is log2FC	D. Shared/functional markers	False	shared_or_cross_lineage_risk	False	False		2	2	2	2	B/Plasma;Basophil/Mast	B cell LRMP+;Basophil/Mast	B;Mast/Basophil	0		Positive top-marker lists only; no complete non-target expression matrix, so cell specificity cannot be fully estimated.
Lung	BI_PF_ILD_atlas_v1	Sheet 1	1980	B/Plasma	B cell LRMP+	B	B	NLK	29	2.70290624968407	87.3417721518987	0.909681460931758	unknown; source workbook does not define whether this is log2FC	B. Extended lineage markers	True	moderate_extended	False	False		1	1	1	1	B/Plasma	B cell LRMP+	B	0		Positive top-marker lists only; no complete non-target expression matrix, so cell specificity cannot be fully estimated.
Lung	BI_PF_ILD_atlas_v1	Sheet 1	1981	B/Plasma	B cell LRMP+	B	B	BCL11A	30	2.92310798903348	84.8101265822785	0.909275060746022	unknown; source workbook does not define whether this is log2FC	D. Shared/functional markers	False	shared_or_cross_lineage_risk	False	True		2	3	2	2	B/Plasma;pDC	B cell;B cell LRMP+;pDC	B;DC	0		Positive top-marker lists only; no complete non-target expression matrix, so cell specificity cannot be fully estimated.
Lung	BI_PF_ILD_atlas_v1	Sheet 1	1982	B/Plasma	B cell LRMP+	B	B	STRADA	31	2.82532158284226	87.3417721518987	0.90921383879464	unknown; source workbook does not define whether this is log2FC	B. Extended lineage markers	False	limited_extended_evidence	False	False		1	1	1	1	B/Plasma	B cell LRMP+	B	0		Positive top-marker lists only; no complete non-target expression matrix, so cell specificity cannot be fully estimated.
Lung	BI_PF_ILD_atlas_v1	Sheet 1	1983	B/Plasma	B cell LRMP+	B	B	LPP	32	1.63835402631954	94.9367088607595	0.904944520914901	unknown; source workbook does not define whether this is log2FC	D. Shared/functional markers	False	shared_or_cross_lineage_risk	False	False		1	1	1	1	B/Plasma	B cell LRMP+	B	1	Smooth Muscle	Positive top-marker lists only; no complete non-target expression matrix, so cell specificity cannot be fully estimated.
Lung	BI_PF_ILD_atlas_v1	Sheet 1	1984	B/Plasma	B cell LRMP+	B	B	FCHSD2	33	1.39004434097413	89.873417721519	0.90470756890151	unknown; source workbook does not define whether this is log2FC	D. Shared/functional markers	False	shared_or_cross_lineage_risk	False	True		2	3	2	2	B/Plasma;pDC	B cell;B cell LRMP+;pDC	B;DC	0		Positive top-marker lists only; no complete non-target expression matrix, so cell specificity cannot be fully estimated.
Lung	BI_PF_ILD_atlas_v1	Sheet 1	1985	B/Plasma	B cell LRMP+	B	B	RHOH	34	1.86947737774173	88.6075949367088	0.903489213270741	unknown; source workbook does not define whether this is log2FC	D. Shared/functional markers	False	shared_or_cross_lineage_risk	False	True		3	8	5	3	B/Plasma;Basophil/Mast;T cell	B cell;B cell LRMP+;Basophil/Mast;CD8+ Naive T;T CD4+ JUN+;T regulatory;helper T CD4+;helper T CD4+ CDR7+	B;Mast/Basophil;T	0		Positive top-marker lists only; no complete non-target expression matrix, so cell specificity cannot be fully estimated.
Lung	BI_PF_ILD_atlas_v1	Sheet 1	1986	B/Plasma	B cell LRMP+	B	B	ISG20	35	1.42289378992722	91.1392405063291	0.90155791488382	unknown; source workbook does not define whether this is log2FC	D. Shared/functional markers	False	shared_or_cross_lineage_risk	False	True		3	5	4	4	B/Plasma;NK;T cell	B cell;B cell LRMP+;Cytotoxic T;NK;Plasma B	B;NK;Plasma;T	0		Positive top-marker lists only; no complete non-target expression matrix, so cell specificity cannot be fully estimated.
Lung	BI_PF_ILD_atlas_v1	Sheet 1	1987	B/Plasma	B cell LRMP+	B	B	MEF2C	36	1.34255369420801	89.873417721519	0.899945248693233	unknown; source workbook does not define whether this is log2FC	D. Shared/functional markers	False	shared_or_cross_lineage_risk	False	True		2	4	3	3	B/Plasma;Dendritic	B cell;B cell LRMP+;DC2 C1QC+;Plasma B	B;DC;Plasma	0		Positive top-marker lists only; no complete non-target expression matrix, so cell specificity cannot be fully estimated.
Lung	BI_PF_ILD_atlas_v1	Sheet 1	1988	B/Plasma	B cell LRMP+	B	B	PRPSAP2	37	3.37377351396996	83.5443037974684	0.898540224951216	unknown; source workbook does not define whether this is log2FC	B. Extended lineage markers	False	limited_extended_evidence	False	False		1	1	1	1	B/Plasma	B cell LRMP+	B	0		Positive top-marker lists only; no complete non-target expression matrix, so cell specificity cannot be fully estimated.
Lung	BI_PF_ILD_atlas_v1	Sheet 1	1989	B/Plasma	B cell LRMP+	B	B	RAPGEF5	38	2.53895915495376	82.2784810126582	0.895972165722309	unknown; source workbook does not define whether this is log2FC	B. Extended lineage markers	False	limited_extended_evidence	False	False		1	1	1	1	B/Plasma	B cell LRMP+	B	0		Positive top-marker lists only; no complete non-target expression matrix, so cell specificity cannot be fully estimated.
Lung	BI_PF_ILD_atlas_v1	Sheet 1	1990	B/Plasma	B cell LRMP+	B	B	IRF8	39	1.30379638812721	91.1392405063291	0.895747610230049	unknown; source workbook does not define whether this is log2FC	D. Shared/functional markers	False	shared_or_cross_lineage_risk	False	False		3	3	3	2	B/Plasma;Dendritic;pDC	B cell LRMP+;DC1 CLEC9A+;pDC	B;DC	0		Positive top-marker lists only; no complete non-target expression matrix, so cell specificity cannot be fully estimated.
Lung	BI_PF_ILD_atlas_v1	Sheet 1	1991	B/Plasma	B cell LRMP+	B	B	UVRAG	40	1.19281556967595	89.873417721519	0.895412555311937	unknown; source workbook does not define whether this is log2FC	D. Shared/functional markers	False	shared_or_cross_lineage_risk	False	False		2	2	2	2	B/Plasma;Dendritic	B cell LRMP+;DC LAMP3+/CCR7+	B;DC	0		Positive top-marker lists only; no complete non-target expression matrix, so cell specificity cannot be fully estimated.
Lung	BI_PF_ILD_atlas_v1	Sheet 1	1992	B/Plasma	B cell LRMP+	B	B	SNX29	41	1.49348541828623	91.1392405063291	0.894933100591254	unknown; source workbook does not define whether this is log2FC	B. Extended lineage markers	False	limited_extended_evidence	False	False		1	1	1	1	B/Plasma	B cell LRMP+	B	0		Positive top-marker lists only; no complete non-target expression matrix, so cell specificity cannot be fully estimated.
Lung	BI_PF_ILD_atlas_v1	Sheet 1	1993	B/Plasma	B cell LRMP+	B	B	PIP4K2A	42	1.30330674955421	91.1392405063291	0.894819408377265	unknown; source workbook does not define whether this is log2FC	D. Shared/functional markers	False	shared_or_cross_lineage_risk	False	False		3	3	3	3	B/Plasma;NK;T cell	B cell LRMP+;Cytotoxic T;NK	B;NK;T	0		Positive top-marker lists only; no complete non-target expression matrix, so cell specificity cannot be fully estimated.
Lung	BI_PF_ILD_atlas_v1	Sheet 1	1994	B/Plasma	B cell LRMP+	B	B	STAP1	43	4.15549086422369	79.746835443038	0.894304173753368	unknown; source workbook does not define whether this is log2FC	D. Shared/functional markers	False	shared_or_cross_lineage_risk	False	False		1	1	1	1	B/Plasma	B cell LRMP+	B	1	Ionocyte	Positive top-marker lists only; no complete non-target expression matrix, so cell specificity cannot be fully estimated.
Lung	BI_PF_ILD_atlas_v1	Sheet 1	1995	B/Plasma	B cell LRMP+	B	B	SH3KBP1	44	1.31416178997173	89.873417721519	0.893540723308379	unknown; source workbook does not define whether this is log2FC	B. Extended lineage markers	False	limited_extended_evidence	False	False		1	1	1	1	B/Plasma	B cell LRMP+	B	0		Positive top-marker lists only; no complete non-target expression matrix, so cell specificity cannot be fully estimated.
Lung	BI_PF_ILD_atlas_v1	Sheet 1	1996	B/Plasma	B cell LRMP+	B	B	EPS15	45	0.654041265250455	94.9367088607595	0.89335539314023	unknown; source workbook does not define whether this is log2FC	B. Extended lineage markers	False	limited_extended_evidence	False	False		1	1	1	1	B/Plasma	B cell LRMP+	B	0		Positive top-marker lists only; no complete non-target expression matrix, so cell specificity cannot be fully estimated.
Lung	BI_PF_ILD_atlas_v1	Sheet 1	1997	B/Plasma	B cell LRMP+	B	B	LTB	46	2.47282239411854	82.2784810126582	0.891278921435158	unknown; source workbook does not define whether this is log2FC	D. Shared/functional markers	False	shared_or_cross_lineage_risk	False	True		3	5	4	3	B/Plasma;Dendritic;T cell	B cell;B cell LRMP+;DC2 CD1A+/CD1E+;T regulatory;helper T CD4+ CDR7+	B;DC;T	0		Positive top-marker lists only; no complete non-target expression matrix, so cell specificity cannot be fully estimated.
Lung	BI_PF_ILD_atlas_v1	Sheet 1	1998	B/Plasma	B cell LRMP+	B	B	MGAT5	47	1.22583711685477	89.873417721519	0.890422799414199	unknown; source workbook does not define whether this is log2FC	B. Extended lineage markers	False	limited_extended_evidence	False	True		1	2	1	1	B/Plasma	B cell;B cell LRMP+	B	0		Positive top-marker lists only; no complete non-target expression matrix, so cell specificity cannot be fully estimated.
Lung	BI_PF_ILD_atlas_v1	Sheet 1	1999	B/Plasma	B cell LRMP+	B	B	BCL7A	48	2.95096933053265	81.0126582278481	0.889034741937172	unknown; source workbook does not define whether this is log2FC	B. Extended lineage markers	False	limited_extended_evidence	False	False		1	1	1	1	B/Plasma	B cell LRMP+	B	0		Positive top-marker lists only; no complete non-target expression matrix, so cell specificity cannot be fully estimated.
Lung	BI_PF_ILD_atlas_v1	Sheet 1	2000	B/Plasma	B cell LRMP+	B	B	AC018890.6	49	0.784399595364529	96.2025316455696	0.884961179659984	unknown; source workbook does not define whether this is log2FC	B. Extended lineage markers	False	limited_extended_evidence	False	False		1	1	1	1	B/Plasma	B cell LRMP+	B	0		Positive top-marker lists only; no complete non-target expression matrix, so cell specificity cannot be fully estimated.
Lung	BI_PF_ILD_atlas_v1	Sheet 1	2001	B/Plasma	B cell LRMP+	B	B	MCTP2	50	1.27703527557626	84.8101265822785	0.883297949190823	unknown; source workbook does not define whether this is log2FC	D. Shared/functional markers	False	shared_or_cross_lineage_risk	False	False		2	3	3	2	B/Plasma;NK	Activated NK XCL1+;B cell LRMP+;NK	B;NK	0		Positive top-marker lists only; no complete non-target expression matrix, so cell specificity cannot be fully estimated.
Lung	BI_PF_ILD_atlas_v1	Sheet 1	2702	Dendritic	DC CXCL2+/CD14+/CD1C-	Dendritic cell	DC	GPR183	1	2.40175748786006	88.9908256880734	0.861911347877149	unknown; source workbook does not define whether this is log2FC	D. Shared/functional markers	False	shared_or_cross_lineage_risk	False	True		3	8	4	2	Dendritic;Macrophage;pDC	DC CXCL2+/CD14+/CD1C-;DC2 C1QC+;DC2 CD1A+/CD1E+;DC2 CLEC10A+;Macrophage C1Q hi;Macrophage IL1B+;Macrophage RETN+/VCAN+;pDC	DC;Macrophage	0		Positive top-marker lists only; no complete non-target expression matrix, so cell specificity cannot be fully estimated.
Lung	BI_PF_ILD_atlas_v1	Sheet 1	2703	Dendritic	DC CXCL2+/CD14+/CD1C-	Dendritic cell	DC	HLA-DPB1	2	1.74941152318272	99.2681166890011	0.853109090524468	unknown; source workbook does not define whether this is log2FC	D. Shared/functional markers	False	shared_or_cross_lineage_risk	False	True	antigen_presentation	3	7	2	2	Dendritic;Macrophage;Macrophage FABP4+	DC CXCL2+/CD14+/CD1C-;DC1 CLEC9A+;DC2 C1QC+;DC2 CD1A+/CD1E+;DC2 CLEC10A+;Macrophage C1Q hi;Macrophage FABP4+	DC;Macrophage	0		Positive top-marker lists only; no complete non-target expression matrix, so cell specificity cannot be fully estimated.
Lung	BI_PF_ILD_atlas_v1	Sheet 1	2704	Dendritic	DC CXCL2+/CD14+/CD1C-	Dendritic cell	DC	MS4A6A	3	2.16325012781726	87.0322647149778	0.83544195443667	unknown; source workbook does not define whether this is log2FC	D. Shared/functional markers	False	shared_or_cross_lineage_risk	False	True		3	6	3	3	Dendritic;Macrophage;Monocyte	DC CXCL2+/CD14+/CD1C-;DC2 C1QC+;DC2 CLEC10A+;Macrophage C1Q hi;Macrophage LYVE1+;Monocytes CD14+/IL1B	DC;Macrophage;Monocyte	0		Positive top-marker lists only; no complete non-target expression matrix, so cell specificity cannot be fully estimated.
Lung	BI_PF_ILD_atlas_v1	Sheet 1	2705	Dendritic	DC CXCL2+/CD14+/CD1C-	Dendritic cell	DC	HLA-DRA	4	1.51992260527281	99.8763014122255	0.833919919198652	unknown; source workbook does not define whether this is log2FC	D. Shared/functional markers	False	shared_or_cross_lineage_risk	False	True	antigen_presentation	3	8	2	2	Dendritic;Macrophage;Macrophage FABP4+	DC CXCL2+/CD14+/CD1C-;DC1 CLEC9A+;DC2 C1QC+;DC2 CD1A+/CD1E+;DC2 CLEC10A+;Macrophage C1Q hi;Macrophage FABP4+;Macrophage FABP4+/PDE4C+	DC;Macrophage	0		Positive top-marker lists only; no complete non-target expression matrix, so cell specificity cannot be fully estimated.
Lung	BI_PF_ILD_atlas_v1	Sheet 1	2706	Dendritic	DC CXCL2+/CD14+/CD1C-	Dendritic cell	DC	SRGN	5	1.24723891636506	99.597979589733	0.823325575261663	unknown; source workbook does not define whether this is log2FC	D. Shared/functional markers	False	shared_or_cross_lineage_risk	False	True		4	10	5	4	Basophil/Mast;Dendritic;Macrophage;Monocyte	Basophil/Mast;DC CXCL2+/CD14+/CD1C-;DC2 C1QC+;DC2 CLEC10A+;Macrophage IL1B+;Macrophage LYVE1+;Macrophage RETN+/VCAN+;Monocytes CD14+;Monocytes CD14+/IL1B;Monocytes CD16+	DC;Macrophage;Mast/Basophil;Monocyte	0		Positive top-marker lists only; no complete non-target expression matrix, so cell specificity cannot be fully estimated.
Lung	BI_PF_ILD_atlas_v1	Sheet 1	2707	Dendritic	DC CXCL2+/CD14+/CD1C-	Dendritic cell	DC	HLA-DPA1	6	1.56471851725091	98.7836305535512	0.822930821325869	unknown; source workbook does not define whether this is log2FC	D. Shared/functional markers	False	shared_or_cross_lineage_risk	False	True	antigen_presentation	2	6	2	2	Dendritic;Macrophage FABP4+	DC CXCL2+/CD14+/CD1C-;DC1 CLEC9A+;DC2 C1QC+;DC2 CD1A+/CD1E+;DC2 CLEC10A+;Macrophage FABP4+	DC;Macrophage	0		Positive top-marker lists only; no complete non-target expression matrix, so cell specificity cannot be fully estimated.
Lung	BI_PF_ILD_atlas_v1	Sheet 1	2708	Dendritic	DC CXCL2+/CD14+/CD1C-	Dendritic cell	DC	HLA-DRB1	7	1.41941009820009	99.5464385114937	0.811980412013818	unknown; source workbook does not define whether this is log2FC	D. Shared/functional markers	False	shared_or_cross_lineage_risk	False	True	antigen_presentation	3	8	2	2	Dendritic;Macrophage;Macrophage FABP4+	DC CXCL2+/CD14+/CD1C-;DC1 CLEC9A+;DC2 C1QC+;DC2 CD1A+/CD1E+;DC2 CLEC10A+;Macrophage C1Q hi;Macrophage FABP4+;Macrophage FABP4+/PDE4C+	DC;Macrophage	0		Positive top-marker lists only; no complete non-target expression matrix, so cell specificity cannot be fully estimated.
Lung	BI_PF_ILD_atlas_v1	Sheet 1	2709	Dendritic	DC CXCL2+/CD14+/CD1C-	Dendritic cell	DC	RGS2	8	1.96737799870531	84.2696629213483	0.809124108772655	unknown; source workbook does not define whether this is log2FC	D. Shared/functional markers	False	shared_or_cross_lineage_risk	False	True		4	8	4	4	Basophil/Mast;Dendritic;Macrophage;Monocyte	Basophil/Mast;DC CXCL2+/CD14+/CD1C-;DC2 CLEC10A+;Macrophage C1Q hi;Macrophage LYVE1+;Monocytes CD14+;Monocytes CD14+/IL1B;Monocytes CD16+	DC;Macrophage;Mast/Basophil;Monocyte	0		Positive top-marker lists only; no complete non-target expression matrix, so cell specificity cannot be fully estimated.
Lung	BI_PF_ILD_atlas_v1	Sheet 1	2710	Dendritic	DC CXCL2+/CD14+/CD1C-	Dendritic cell	DC	HLA-DQB1	9	1.51427888487178	95.8973301721472	0.806724628412772	unknown; source workbook does not define whether this is log2FC	D. Shared/functional markers	False	shared_or_cross_lineage_risk	False	True	antigen_presentation	1	5	1	1	Dendritic	DC CXCL2+/CD14+/CD1C-;DC1 CLEC9A+;DC2 C1QC+;DC2 CD1A+/CD1E+;DC2 CLEC10A+	DC	0		Positive top-marker lists only; no complete non-target expression matrix, so cell specificity cannot be fully estimated.
Lung	BI_PF_ILD_atlas_v1	Sheet 1	2711	Dendritic	DC CXCL2+/CD14+/CD1C-	Dendritic cell	DC	AREG	10	2.12811945523248	85.8674363467684	0.801541571788625	unknown; source workbook does not define whether this is log2FC	D. Shared/functional markers	False	shared_or_cross_lineage_risk	False	True		4	5	4	4	Basophil/Mast;Dendritic;Monocyte;NK	Activated NK XCL1+;Basophil/Mast;DC CXCL2+/CD14+/CD1C-;DC2 CLEC10A+;Monocytes CD14+	DC;Mast/Basophil;Monocyte;NK	0		Positive top-marker lists only; no complete non-target expression matrix, so cell specificity cannot be fully estimated.
Lung	BI_PF_ILD_atlas_v1	Sheet 1	2712	Dendritic	DC CXCL2+/CD14+/CD1C-	Dendritic cell	DC	CSF2RA	11	2.28215990920778	77.6105556128234	0.789648360769234	unknown; source workbook does not define whether this is log2FC	C. State-associated markers	True	state_associated_not_lineage_core	False	True		1	5	1	1	Dendritic	DC CXCL2+/CD14+/CD1C-;DC LAMP3+/CCR7+;DC1 CLEC9A+;DC2 C1QC+;DC2 CLEC10A+	DC	0		Positive top-marker lists only; no complete non-target expression matrix, so cell specificity cannot be fully estimated.
Lung	BI_PF_ILD_atlas_v1	Sheet 1	2713	Dendritic	DC CXCL2+/CD14+/CD1C-	Dendritic cell	DC	HLA-DQA1	12	1.62658327270237	91.1246263271828	0.789434395280132	unknown; source workbook does not define whether this is log2FC	D. Shared/functional markers	False	shared_or_cross_lineage_risk	False	True	antigen_presentation	3	9	2	2	Dendritic;Macrophage;Macrophage FABP4+	DC CXCL2+/CD14+/CD1C-;DC LAMP3+/CCR7+;DC1 CLEC9A+;DC2 C1QC+;DC2 CD1A+/CD1E+;DC2 CLEC10A+;Macrophage C1Q hi;Macrophage FABP4+;Macrophage FABP4+/PDE4C+	DC;Macrophage	0		Positive top-marker lists only; no complete non-target expression matrix, so cell specificity cannot be fully estimated.
Lung	BI_PF_ILD_atlas_v1	Sheet 1	2714	Dendritic	DC CXCL2+/CD14+/CD1C-	Dendritic cell	DC	CD74	13	1.1696625293886	99.9072260591692	0.783501949799585	unknown; source workbook does not define whether this is log2FC	D. Shared/functional markers	False	shared_or_cross_lineage_risk	False	True	antigen_presentation	2	7	2	2	Dendritic;Macrophage FABP4+	DC CXCL2+/CD14+/CD1C-;DC1 CLEC9A+;DC2 C1QC+;DC2 CD1A+/CD1E+;DC2 CLEC10A+;Macrophage FABP4+;Macrophage FABP4+/PDE4C+	DC;Macrophage	0		Positive top-marker lists only; no complete non-target expression matrix, so cell specificity cannot be fully estimated.
Lung	BI_PF_ILD_atlas_v1	Sheet 1	2715	Dendritic	DC CXCL2+/CD14+/CD1C-	Dendritic cell	DC	RGS1	14	1.92798799691499	77.1466859086692	0.782903401984687	unknown; source workbook does not define whether this is log2FC	D. Shared/functional markers	False	shared_or_cross_lineage_risk	False	True		5	11	6	5	B/Plasma;Basophil/Mast;Dendritic;Macrophage;T cell	Basophil/Mast;DC CXCL2+/CD14+/CD1C-;DC LAMP3+/CCR7+;DC2 C1QC+;DC2 CD1A+/CD1E+;DC2 CLEC10A+;Macrophage C1Q hi;Plasma B;T CD4+ JUN+;T regulatory;helper T CD4+	DC;Macrophage;Mast/Basophil;Plasma;T	0		Positive top-marker lists only; no complete non-target expression matrix, so cell specificity cannot be fully estimated.
Lung	BI_PF_ILD_atlas_v1	Sheet 1	2716	Dendritic	DC CXCL2+/CD14+/CD1C-	Dendritic cell	DC	ZNF331	15	2.02033221505955	85.8262034841769	0.780243793462072	unknown; source workbook does not define whether this is log2FC	D. Shared/functional markers	False	shared_or_cross_lineage_risk	False	False		2	2	2	2	Dendritic;Macrophage	DC CXCL2+/CD14+/CD1C-;Macrophage RETN+/VCAN+	DC;Macrophage	0		Positive top-marker lists only; no complete non-target expression matrix, so cell specificity cannot be fully estimated.
Lung	BI_PF_ILD_atlas_v1	Sheet 1	2717	Dendritic	DC CXCL2+/CD14+/CD1C-	Dendritic cell	DC	SAMSN1	16	1.50419200669803	89.9701061746212	0.777286739876777	unknown; source workbook does not define whether this is log2FC	D. Shared/functional markers	False	shared_or_cross_lineage_risk	False	True		4	7	5	4	Basophil/Mast;Dendritic;Macrophage;Monocyte	Basophil/Mast;DC CXCL2+/CD14+/CD1C-;Macrophage IL1B+;Macrophage LYVE1+;Monocytes CD14+;Monocytes CD14+/IL1B;Monocytes CD16+	DC;Macrophage;Mast/Basophil;Monocyte	0		Positive top-marker lists only; no complete non-target expression matrix, so cell specificity cannot be fully estimated.
Lung	BI_PF_ILD_atlas_v1	Sheet 1	2718	Dendritic	DC CXCL2+/CD14+/CD1C-	Dendritic cell	DC	NAMPT	17	1.24148937524913	94.2892485310793	0.766434179452778	unknown; source workbook does not define whether this is log2FC	D. Shared/functional markers	False	shared_or_cross_lineage_risk	False	False		3	6	4	3	Dendritic;Macrophage;Monocyte	DC CXCL2+/CD14+/CD1C-;Macrophage IL1B+;Macrophage LYVE1+;Monocytes CD14+;Monocytes CD14+/IL1B;Monocytes CD16+	DC;Macrophage;Monocyte	0		Positive top-marker lists only; no complete non-target expression matrix, so cell specificity cannot be fully estimated.
Lung	BI_PF_ILD_atlas_v1	Sheet 1	2719	Dendritic	DC CXCL2+/CD14+/CD1C-	Dendritic cell	DC	RAB31	18	1.48316869180017	91.2586331306051	0.764345154890366	unknown; source workbook does not define whether this is log2FC	C. State-associated markers	True	state_associated_not_lineage_core	False	True		1	1	1	1	Dendritic	DC CXCL2+/CD14+/CD1C-	DC	0		Positive top-marker lists only; no complete non-target expression matrix, so cell specificity cannot be fully estimated.
Lung	BI_PF_ILD_atlas_v1	Sheet 1	2720	Dendritic	DC CXCL2+/CD14+/CD1C-	Dendritic cell	DC	ATP1B3	19	1.67465126707614	93.3099680445315	0.763291275695989	unknown; source workbook does not define whether this is log2FC	D. Shared/functional markers	False	shared_or_cross_lineage_risk	False	True		2	3	2	2	Dendritic;Macrophage	DC CXCL2+/CD14+/CD1C-;Macrophage IL1B+;Macrophage RETN+/VCAN+	DC;Macrophage	0		Positive top-marker lists only; no complete non-target expression matrix, so cell specificity cannot be fully estimated.
Lung	BI_PF_ILD_atlas_v1	Sheet 1	2721	Dendritic	DC CXCL2+/CD14+/CD1C-	Dendritic cell	DC	AIF1	20	1.12421353105005	92.9697969281517	0.76264538361475	unknown; source workbook does not define whether this is log2FC	D. Shared/functional markers	False	shared_or_cross_lineage_risk	False	True		3	7	4	3	Dendritic;Macrophage;Monocyte	DC CXCL2+/CD14+/CD1C-;DC2 C1QC+;Macrophage C1Q hi;Macrophage LYVE1+;Macrophage RETN+/VCAN+;Monocytes CD14+/IL1B;Monocytes CD16+	DC;Macrophage;Monocyte	0		Positive top-marker lists only; no complete non-target expression matrix, so cell specificity cannot be fully estimated.
Lung	BI_PF_ILD_atlas_v1	Sheet 1	2722	Dendritic	DC CXCL2+/CD14+/CD1C-	Dendritic cell	DC	CLEC7A	21	1.5595136785351	83.3728481599835	0.762183912568213	unknown; source workbook does not define whether this is log2FC	D. Shared/functional markers	False	shared_or_cross_lineage_risk	False	True		2	3	2	2	Dendritic;Monocyte	DC CXCL2+/CD14+/CD1C-;Monocytes CD14+/IL1B;Monocytes CD16+	DC;Monocyte	0		Positive top-marker lists only; no complete non-target expression matrix, so cell specificity cannot be fully estimated.
Lung	BI_PF_ILD_atlas_v1	Sheet 1	2723	Dendritic	DC CXCL2+/CD14+/CD1C-	Dendritic cell	DC	RNASE6	22	2.01124333652194	68.827955880837	0.761356598221348	unknown; source workbook does not define whether this is log2FC	C. State-associated markers	True	state_associated_not_lineage_core	False	True		1	2	1	1	Dendritic	DC CXCL2+/CD14+/CD1C-;DC2 C1QC+	DC	0		Positive top-marker lists only; no complete non-target expression matrix, so cell specificity cannot be fully estimated.
Lung	BI_PF_ILD_atlas_v1	Sheet 1	2724	Dendritic	DC CXCL2+/CD14+/CD1C-	Dendritic cell	DC	FGL2	23	2.0024999779677	64.1171013297598	0.753133466349864	unknown; source workbook does not define whether this is log2FC	D. Shared/functional markers	False	shared_or_cross_lineage_risk	False	True		3	5	3	3	Dendritic;Macrophage;Monocyte	DC CXCL2+/CD14+/CD1C-;DC2 C1QC+;Macrophage LYVE1+;Monocytes CD14+/IL1B;Monocytes CD16+	DC;Macrophage;Monocyte	0		Positive top-marker lists only; no complete non-target expression matrix, so cell specificity cannot be fully estimated.
Lung	BI_PF_ILD_atlas_v1	Sheet 1	2725	Dendritic	DC CXCL2+/CD14+/CD1C-	Dendritic cell	DC	HLA-DMB	24	1.37142139606587	80.3937738377487	0.75306429441243	unknown; source workbook does not define whether this is log2FC	D. Shared/functional markers	False	shared_or_cross_lineage_risk	False	True	antigen_presentation	1	4	1	1	Dendritic	DC CXCL2+/CD14+/CD1C-;DC2 C1QC+;DC2 CD1A+/CD1E+;DC2 CLEC10A+	DC	0		Positive top-marker lists only; no complete non-target expression matrix, so cell specificity cannot be fully estimated.
Lung	BI_PF_ILD_atlas_v1	Sheet 1	2726	Dendritic	DC CXCL2+/CD14+/CD1C-	Dendritic cell	DC	F13A1	25	3.49333444465833	55.0561797752809	0.751868644119951	unknown; source workbook does not define whether this is log2FC	D. Shared/functional markers	False	shared_or_cross_lineage_risk	False	False		2	2	2	2	Dendritic;Macrophage	DC CXCL2+/CD14+/CD1C-;Macrophage LYVE1+	DC;Macrophage	0		Positive top-marker lists only; no complete non-target expression matrix, so cell specificity cannot be fully estimated.
Lung	BI_PF_ILD_atlas_v1	Sheet 1	2727	Dendritic	DC CXCL2+/CD14+/CD1C-	Dendritic cell	DC	CLEC10A	26	3.50823860863122	54.3139882486342	0.751344466233254	unknown; source workbook does not define whether this is log2FC	A. Lineage-core	True	relatively_specific_core	True	True		1	2	1	1	Dendritic	DC CXCL2+/CD14+/CD1C-;DC2 CLEC10A+	DC	0		Positive top-marker lists only; no complete non-target expression matrix, so cell specificity cannot be fully estimated.
Lung	BI_PF_ILD_atlas_v1	Sheet 1	2728	Dendritic	DC CXCL2+/CD14+/CD1C-	Dendritic cell	DC	PLAUR	27	1.23446754007169	88.3517163179054	0.742124989962483	unknown; source workbook does not define whether this is log2FC	D. Shared/functional markers	False	shared_or_cross_lineage_risk	False	False		3	4	3	3	Dendritic;Macrophage;Monocyte	DC CXCL2+/CD14+/CD1C-;Macrophage IL1B+;Macrophage RETN+/VCAN+;Monocytes CD14+	DC;Macrophage;Monocyte	0		Positive top-marker lists only; no complete non-target expression matrix, so cell specificity cannot be fully estimated.
Lung	BI_PF_ILD_atlas_v1	Sheet 1	2729	Dendritic	DC CXCL2+/CD14+/CD1C-	Dendritic cell	DC	FCGR2B	28	2.59697136445175	57.1178229048552	0.740021204205434	unknown; source workbook does not define whether this is log2FC	B. Extended lineage markers	True	moderate_extended	False	True		1	1	1	1	Dendritic	DC CXCL2+/CD14+/CD1C-	DC	0		Positive top-marker lists only; no complete non-target expression matrix, so cell specificity cannot be fully estimated.
Lung	BI_PF_ILD_atlas_v1	Sheet 1	2730	Dendritic	DC CXCL2+/CD14+/CD1C-	Dendritic cell	DC	FCGR2A	29	1.48506189099953	77.4971652406968	0.739172599082223	unknown; source workbook does not define whether this is log2FC	B. Extended lineage markers	True	moderate_extended	False	False		1	1	1	1	Dendritic	DC CXCL2+/CD14+/CD1C-	DC	0		Positive top-marker lists only; no complete non-target expression matrix, so cell specificity cannot be fully estimated.
Lung	BI_PF_ILD_atlas_v1	Sheet 1	2731	Dendritic	DC CXCL2+/CD14+/CD1C-	Dendritic cell	DC	MXD1	30	1.81551087928855	71.075146892073	0.737130325892979	unknown; source workbook does not define whether this is log2FC	D. Shared/functional markers	False	shared_or_cross_lineage_risk	False	False		2	2	2	2	Dendritic;Monocyte	DC CXCL2+/CD14+/CD1C-;Monocytes CD14+	DC;Monocyte	0		Positive top-marker lists only; no complete non-target expression matrix, so cell specificity cannot be fully estimated.
Lung	BI_PF_ILD_atlas_v1	Sheet 1	2732	Dendritic	DC CXCL2+/CD14+/CD1C-	Dendritic cell	DC	HERPUD1	31	1.28744323156151	83.8676425110813	0.733122326791614	unknown; source workbook does not define whether this is log2FC	D. Shared/functional markers	False	shared_or_cross_lineage_risk	False	True		3	4	3	2	B/Plasma;Dendritic;pDC	DC CXCL2+/CD14+/CD1C-;DC2 C1QC+;Plasma B;pDC	DC;Plasma	0		Positive top-marker lists only; no complete non-target expression matrix, so cell specificity cannot be fully estimated.
Lung	BI_PF_ILD_atlas_v1	Sheet 1	2733	Dendritic	DC CXCL2+/CD14+/CD1C-	Dendritic cell	DC	CXCR4	32	1.20246158108448	80.125760230904	0.731069727777639	unknown; source workbook does not define whether this is log2FC	D. Shared/functional markers	False	shared_or_cross_lineage_risk	False	True		5	10	7	4	B/Plasma;Dendritic;NK;T cell;pDC	Activated NK XCL1+;B cell;CD8+ Naive T;Cytotoxic T;DC CXCL2+/CD14+/CD1C-;DC2 CLEC10A+;T CD4+ JUN+;helper T CD4+;helper T CD4+ CDR7+;pDC	B;DC;NK;T	0		Positive top-marker lists only; no complete non-target expression matrix, so cell specificity cannot be fully estimated.
Lung	BI_PF_ILD_atlas_v1	Sheet 1	2734	Dendritic	DC CXCL2+/CD14+/CD1C-	Dendritic cell	DC	CPVL	33	1.73356928874226	68.1269972167818	0.730662859003715	unknown; source workbook does not define whether this is log2FC	B. Extended lineage markers	False	limited_extended_evidence	False	True		1	2	1	1	Dendritic	DC CXCL2+/CD14+/CD1C-;DC1 CLEC9A+	DC	0		Positive top-marker lists only; no complete non-target expression matrix, so cell specificity cannot be fully estimated.
Lung	BI_PF_ILD_atlas_v1	Sheet 1	2735	Dendritic	DC CXCL2+/CD14+/CD1C-	Dendritic cell	DC	CD86	34	1.6980766780691	70.4463457375528	0.725989380300149	unknown; source workbook does not define whether this is log2FC	B. Extended lineage markers	False	limited_extended_evidence	False	True		1	4	1	1	Dendritic	DC CXCL2+/CD14+/CD1C-;DC2 C1QC+;DC2 CD1A+/CD1E+;DC2 CLEC10A+	DC	0		Positive top-marker lists only; no complete non-target expression matrix, so cell specificity cannot be fully estimated.
Lung	BI_PF_ILD_atlas_v1	Sheet 1	2736	Dendritic	DC CXCL2+/CD14+/CD1C-	Dendritic cell	DC	CREM	35	1.46877244374441	72.7656942583239	0.725667785986235	unknown; source workbook does not define whether this is log2FC	B. Extended lineage markers	False	limited_extended_evidence	False	False		1	1	1	1	Dendritic	DC CXCL2+/CD14+/CD1C-	DC	0		Positive top-marker lists only; no complete non-target expression matrix, so cell specificity cannot be fully estimated.
Lung	BI_PF_ILD_atlas_v1	Sheet 1	2737	Dendritic	DC CXCL2+/CD14+/CD1C-	Dendritic cell	DC	NLRP3	36	2.11177469845053	61.3029584578909	0.725444435991435	unknown; source workbook does not define whether this is log2FC	D. Shared/functional markers	False	shared_or_cross_lineage_risk	False	True		3	4	3	3	Dendritic;Macrophage;Monocyte	DC CXCL2+/CD14+/CD1C-;Macrophage IL1B+;Monocytes CD14+;Monocytes CD14+/IL1B	DC;Macrophage;Monocyte	0		Positive top-marker lists only; no complete non-target expression matrix, so cell specificity cannot be fully estimated.
Lung	BI_PF_ILD_atlas_v1	Sheet 1	2738	Dendritic	DC CXCL2+/CD14+/CD1C-	Dendritic cell	DC	CST3	37	0.92049958120432	98.639315534481	0.724916979050897	unknown; source workbook does not define whether this is log2FC	B. Extended lineage markers	False	limited_extended_evidence	False	True		1	3	1	1	Dendritic	DC CXCL2+/CD14+/CD1C-;DC1 CLEC9A+;DC2 C1QC+	DC	0		Positive top-marker lists only; no complete non-target expression matrix, so cell specificity cannot be fully estimated.
Lung	BI_PF_ILD_atlas_v1	Sheet 1	2739	Dendritic	DC CXCL2+/CD14+/CD1C-	Dendritic cell	DC	TET2	38	1.75974811965706	70.3432635810741	0.724423057685657	unknown; source workbook does not define whether this is log2FC	D. Shared/functional markers	False	shared_or_cross_lineage_risk	False	True		2	2	2	2	Dendritic;Monocyte	DC CXCL2+/CD14+/CD1C-;Monocytes CD14+	DC;Monocyte	0		Positive top-marker lists only; no complete non-target expression matrix, so cell specificity cannot be fully estimated.
Lung	BI_PF_ILD_atlas_v1	Sheet 1	2740	Dendritic	DC CXCL2+/CD14+/CD1C-	Dendritic cell	DC	SIPA1L1	39	2.00896823670455	74.6933305844758	0.722510725066052	unknown; source workbook does not define whether this is log2FC	D. Shared/functional markers	False	shared_or_cross_lineage_risk	False	True		3	5	3	3	Dendritic;Macrophage;Monocyte	DC CXCL2+/CD14+/CD1C-;DC2 CLEC10A+;Macrophage LYVE1+;Monocytes CD14+;Monocytes CD16+	DC;Macrophage;Monocyte	0		Positive top-marker lists only; no complete non-target expression matrix, so cell specificity cannot be fully estimated.
Lung	BI_PF_ILD_atlas_v1	Sheet 1	2741	Dendritic	DC CXCL2+/CD14+/CD1C-	Dendritic cell	DC	C5AR1	40	1.38835740172475	79.723739820637	0.721903447693509	unknown; source workbook does not define whether this is log2FC	D. Shared/functional markers	False	shared_or_cross_lineage_risk	False	False		3	7	4	3	Dendritic;Macrophage;Monocyte	DC CXCL2+/CD14+/CD1C-;Macrophage IL1B+;Macrophage LYVE1+;Macrophage RETN+/VCAN+;Monocytes CD14+;Monocytes CD14+/IL1B;Monocytes CD16+	DC;Macrophage;Monocyte	0		Positive top-marker lists only; no complete non-target expression matrix, so cell specificity cannot be fully estimated.
Lung	BI_PF_ILD_atlas_v1	Sheet 1	2742	Dendritic	DC CXCL2+/CD14+/CD1C-	Dendritic cell	DC	CSF1R	41	1.97055964172553	59.6845686011751	0.720788594195853	unknown; source workbook does not define whether this is log2FC	B. Extended lineage markers	False	limited_extended_evidence	False	False		1	2	1	1	Dendritic	DC CXCL2+/CD14+/CD1C-;DC2 C1QC+	DC	0		Positive top-marker lists only; no complete non-target expression matrix, so cell specificity cannot be fully estimated.
Lung	BI_PF_ILD_atlas_v1	Sheet 1	2743	Dendritic	DC CXCL2+/CD14+/CD1C-	Dendritic cell	DC	HIF1A	42	1.30787556936517	84.4655190186579	0.71868725196291	unknown; source workbook does not define whether this is log2FC	D. Shared/functional markers	False	shared_or_cross_lineage_risk	False	False		3	6	4	3	Dendritic;Macrophage;Monocyte	DC CXCL2+/CD14+/CD1C-;Macrophage C1Q hi;Macrophage IL1B+;Macrophage LYVE1+;Macrophage RETN+/VCAN+;Monocytes CD14+	DC;Macrophage;Monocyte	0		Positive top-marker lists only; no complete non-target expression matrix, so cell specificity cannot be fully estimated.
Lung	BI_PF_ILD_atlas_v1	Sheet 1	2744	Dendritic	DC CXCL2+/CD14+/CD1C-	Dendritic cell	DC	NR4A2	43	1.38372206825356	74.1882280177301	0.716588518431116	unknown; source workbook does not define whether this is log2FC	B. Extended lineage markers	False	limited_extended_evidence	False	False		1	1	1	1	Dendritic	DC CXCL2+/CD14+/CD1C-	DC	0		Positive top-marker lists only; no complete non-target expression matrix, so cell specificity cannot be fully estimated.
Lung	BI_PF_ILD_atlas_v1	Sheet 1	2745	Dendritic	DC CXCL2+/CD14+/CD1C-	Dendritic cell	DC	RGS10	44	1.27924260750299	73.5491186475621	0.715553798485178	unknown; source workbook does not define whether this is log2FC	B. Extended lineage markers	False	limited_extended_evidence	False	True		1	5	1	1	Dendritic	DC CXCL2+/CD14+/CD1C-;DC1 CLEC9A+;DC2 C1QC+;DC2 CD1A+/CD1E+;DC2 CLEC10A+	DC	0		Positive top-marker lists only; no complete non-target expression matrix, so cell specificity cannot be fully estimated.
Lung	BI_PF_ILD_atlas_v1	Sheet 1	2746	Dendritic	DC CXCL2+/CD14+/CD1C-	Dendritic cell	DC	C1orf162	45	0.946542040601046	86.6817853829502	0.71550450807437	unknown; source workbook does not define whether this is log2FC	D. Shared/functional markers	False	shared_or_cross_lineage_risk	False	False		2	2	2	2	Dendritic;Macrophage FABP4+	DC CXCL2+/CD14+/CD1C-;Macrophage FABP4+	DC;Macrophage	0		Positive top-marker lists only; no complete non-target expression matrix, so cell specificity cannot be fully estimated.
Lung	BI_PF_ILD_atlas_v1	Sheet 1	2747	Dendritic	DC CXCL2+/CD14+/CD1C-	Dendritic cell	DC	PLXDC2	46	1.47064215712615	88.7434285125245	0.713082205584536	unknown; source workbook does not define whether this is log2FC	D. Shared/functional markers	False	shared_or_cross_lineage_risk	False	False		2	2	2	2	Dendritic;Macrophage FABP4+	DC CXCL2+/CD14+/CD1C-;Macrophage FABP4+/PDE4C+	DC;Macrophage	0		Positive top-marker lists only; no complete non-target expression matrix, so cell specificity cannot be fully estimated.
Lung	BI_PF_ILD_atlas_v1	Sheet 1	2748	Dendritic	DC CXCL2+/CD14+/CD1C-	Dendritic cell	DC	CD14	47	1.51528694061638	68.91042160602	0.712348415296547	unknown; source workbook does not define whether this is log2FC	D. Shared/functional markers	False	shared_or_cross_lineage_risk	False	False		3	5	3	3	Dendritic;Macrophage;Monocyte	DC CXCL2+/CD14+/CD1C-;Macrophage C1Q hi;Macrophage LYVE1+;Monocytes CD14+;Monocytes CD14+/IL1B	DC;Macrophage;Monocyte	0		Positive top-marker lists only; no complete non-target expression matrix, so cell specificity cannot be fully estimated.
Lung	BI_PF_ILD_atlas_v1	Sheet 1	2749	Dendritic	DC CXCL2+/CD14+/CD1C-	Dendritic cell	DC	GK	48	1.59328324005328	78.1981239047521	0.711131702221683	unknown; source workbook does not define whether this is log2FC	D. Shared/functional markers	False	shared_or_cross_lineage_risk	False	False		3	4	3	3	Dendritic;Macrophage;Monocyte	DC CXCL2+/CD14+/CD1C-;Macrophage IL1B+;Macrophage RETN+/VCAN+;Monocytes CD14+	DC;Macrophage;Monocyte	0		Positive top-marker lists only; no complete non-target expression matrix, so cell specificity cannot be fully estimated.
Lung	BI_PF_ILD_atlas_v1	Sheet 1	2750	Dendritic	DC CXCL2+/CD14+/CD1C-	Dendritic cell	DC	SAT1	49	0.69916971020959	99.6907535305639	0.710819280265965	unknown; source workbook does not define whether this is log2FC	D. Shared/functional markers	False	shared_or_cross_lineage_risk	False	False		3	3	3	3	Dendritic;Macrophage;Monocyte	DC CXCL2+/CD14+/CD1C-;Macrophage IL1B+;Monocytes CD16+	DC;Macrophage;Monocyte	0		Positive top-marker lists only; no complete non-target expression matrix, so cell specificity cannot be fully estimated.
Lung	BI_PF_ILD_atlas_v1	Sheet 1	2751	Dendritic	DC CXCL2+/CD14+/CD1C-	Dendritic cell	DC	MRC1	50	1.17473439070571	84.2902793526441	0.71071888833261	unknown; source workbook does not define whether this is log2FC	D. Shared/functional markers	False	shared_or_cross_lineage_risk	False	False		3	4	3	2	Dendritic;Macrophage;Macrophage FABP4+	DC CXCL2+/CD14+/CD1C-;Macrophage C1Q hi;Macrophage FABP4+;Macrophage RETN+/VCAN+	DC;Macrophage	0		Positive top-marker lists only; no complete non-target expression matrix, so cell specificity cannot be fully estimated.
Lung	BI_PF_ILD_atlas_v1	Sheet 1	2752	Dendritic	DC LAMP3+/CCR7+	Dendritic cell	DC	BIRC3	1	2.61506992520101	97.1973094170404	0.965836833354224	unknown; source workbook does not define whether this is log2FC	D. Shared/functional markers	False	shared_or_cross_lineage_risk	False	False		2	2	2	2	Basophil/Mast;Dendritic	Basophil/Mast;DC LAMP3+/CCR7+	DC;Mast/Basophil	0		Positive top-marker lists only; no complete non-target expression matrix, so cell specificity cannot be fully estimated.
Lung	BI_PF_ILD_atlas_v1	Sheet 1	2753	Dendritic	DC LAMP3+/CCR7+	Dendritic cell	DC	CSF2RA	2	2.61861909796771	97.7578475336323	0.963844438383608	unknown; source workbook does not define whether this is log2FC	C. State-associated markers	True	state_associated_not_lineage_core	False	True		1	5	1	1	Dendritic	DC CXCL2+/CD14+/CD1C-;DC LAMP3+/CCR7+;DC1 CLEC9A+;DC2 C1QC+;DC2 CLEC10A+	DC	0		Positive top-marker lists only; no complete non-target expression matrix, so cell specificity cannot be fully estimated.
Lung	BI_PF_ILD_atlas_v1	Sheet 1	2754	Dendritic	DC LAMP3+/CCR7+	Dendritic cell	DC	CCR7	3	4.33673082228469	88.9013452914798	0.940374449930571	unknown; source workbook does not define whether this is log2FC	C. State-associated markers	True	state_associated_not_lineage_core	False	False		1	1	1	1	Dendritic	DC LAMP3+/CCR7+	DC	0		Positive top-marker lists only; no complete non-target expression matrix, so cell specificity cannot be fully estimated.
Lung	BI_PF_ILD_atlas_v1	Sheet 1	2755	Dendritic	DC LAMP3+/CCR7+	Dendritic cell	DC	LAMP3	4	1.93100568941518	93.4977578475336	0.934869561230195	unknown; source workbook does not define whether this is log2FC	D. Shared/functional markers	False	shared_or_cross_lineage_risk	False	False		1	1	1	1	Dendritic	DC LAMP3+/CCR7+	DC	2	AT2;pre AT2	Positive top-marker lists only; no complete non-target expression matrix, so cell specificity cannot be fully estimated.
Lung	BI_PF_ILD_atlas_v1	Sheet 1	2756	Dendritic	DC LAMP3+/CCR7+	Dendritic cell	DC	STK4	5	1.12676216915997	94.6188340807175	0.923890590087156	unknown; source workbook does not define whether this is log2FC	D. Shared/functional markers	False	shared_or_cross_lineage_risk	False	False		3	6	4	3	B/Plasma;Dendritic;T cell	B cell;CD8+ Naive T;DC LAMP3+/CCR7+;T CD4+ JUN+;helper T CD4+;helper T CD4+ CDR7+	B;DC;T	0		Positive top-marker lists only; no complete non-target expression matrix, so cell specificity cannot be fully estimated.
Lung	BI_PF_ILD_atlas_v1	Sheet 1	2757	Dendritic	DC LAMP3+/CCR7+	Dendritic cell	DC	CERS6	6	2.79258935958558	91.1434977578475	0.921042895513058	unknown; source workbook does not define whether this is log2FC	C. State-associated markers	True	state_associated_not_lineage_core	False	False		2	2	2	1	Dendritic;pDC	DC LAMP3+/CCR7+;pDC	DC	0		Positive top-marker lists only; no complete non-target expression matrix, so cell specificity cannot be fully estimated.
Lung	BI_PF_ILD_atlas_v1	Sheet 1	2758	Dendritic	DC LAMP3+/CCR7+	Dendritic cell	DC	FNBP1	7	1.50192715489058	96.7488789237668	0.919118808231536	unknown; source workbook does not define whether this is log2FC	D. Shared/functional markers	False	shared_or_cross_lineage_risk	False	False		3	7	4	3	B/Plasma;Dendritic;T cell	B cell;B cell LRMP+;CD8+ Naive T;DC LAMP3+/CCR7+;DC1 CLEC9A+;T CD4+ JUN+;helper T CD4+	B;DC;T	0		Positive top-marker lists only; no complete non-target expression matrix, so cell specificity cannot be fully estimated.
Lung	BI_PF_ILD_atlas_v1	Sheet 1	2759	Dendritic	DC LAMP3+/CCR7+	Dendritic cell	DC	CD83	8	1.12590174774594	96.3004484304933	0.913686164292538	unknown; source workbook does not define whether this is log2FC	D. Shared/functional markers	False	shared_or_cross_lineage_risk	False	True		2	5	2	2	B/Plasma;Dendritic	B cell;DC LAMP3+/CCR7+;DC1 CLEC9A+;DC2 CD1A+/CD1E+;DC2 CLEC10A+	B;DC	0		Positive top-marker lists only; no complete non-target expression matrix, so cell specificity cannot be fully estimated.
Lung	BI_PF_ILD_atlas_v1	Sheet 1	2760	Dendritic	DC LAMP3+/CCR7+	Dendritic cell	DC	DAPP1	9	2.77917301355969	85.4260089686099	0.90874602089212	unknown; source workbook does not define whether this is log2FC	C. State-associated markers	True	state_associated_not_lineage_core	False	False		1	1	1	1	Dendritic	DC LAMP3+/CCR7+	DC	0		Positive top-marker lists only; no complete non-target expression matrix, so cell specificity cannot be fully estimated.
Lung	BI_PF_ILD_atlas_v1	Sheet 1	2761	Dendritic	DC LAMP3+/CCR7+	Dendritic cell	DC	CFLAR	10	0.413967089801481	95.1793721973094	0.891796039815536	unknown; source workbook does not define whether this is log2FC	C. State-associated markers	True	state_associated_not_lineage_core	False	False		1	1	1	1	Dendritic	DC LAMP3+/CCR7+	DC	0		Positive top-marker lists only; no complete non-target expression matrix, so cell specificity cannot be fully estimated.
Lung	BI_PF_ILD_atlas_v1	Sheet 1	2762	Dendritic	DC LAMP3+/CCR7+	Dendritic cell	DC	PTPN1	11	1.17033065413288	95.1793721973094	0.891097541319969	unknown; source workbook does not define whether this is log2FC	C. State-associated markers	True	state_associated_not_lineage_core	False	False		1	2	1	1	Dendritic	DC LAMP3+/CCR7+;DC2 CLEC10A+	DC	0		Positive top-marker lists only; no complete non-target expression matrix, so cell specificity cannot be fully estimated.
Lung	BI_PF_ILD_atlas_v1	Sheet 1	2763	Dendritic	DC LAMP3+/CCR7+	Dendritic cell	DC	UVRAG	12	2.34355361124939	87.6681614349776	0.889614250115764	unknown; source workbook does not define whether this is log2FC	D. Shared/functional markers	False	shared_or_cross_lineage_risk	False	False		2	2	2	2	B/Plasma;Dendritic	B cell LRMP+;DC LAMP3+/CCR7+	B;DC	0		Positive top-marker lists only; no complete non-target expression matrix, so cell specificity cannot be fully estimated.
Lung	BI_PF_ILD_atlas_v1	Sheet 1	2764	Dendritic	DC LAMP3+/CCR7+	Dendritic cell	DC	GPR157	13	3.31479683458615	80.2690582959641	0.887972338078473	unknown; source workbook does not define whether this is log2FC	C. State-associated markers	True	state_associated_not_lineage_core	False	False		1	1	1	1	Dendritic	DC LAMP3+/CCR7+	DC	0		Positive top-marker lists only; no complete non-target expression matrix, so cell specificity cannot be fully estimated.
Lung	BI_PF_ILD_atlas_v1	Sheet 1	2765	Dendritic	DC LAMP3+/CCR7+	Dendritic cell	DC	NFKB1	14	0.967457177420607	92.8251121076233	0.884878631676134	unknown; source workbook does not define whether this is log2FC	D. Shared/functional markers	False	shared_or_cross_lineage_risk	False	False		3	4	3	3	Dendritic;Macrophage;NK	Activated NK XCL1+;DC LAMP3+/CCR7+;DC2 CLEC10A+;Macrophage IL1B+	DC;Macrophage;NK	0		Positive top-marker lists only; no complete non-target expression matrix, so cell specificity cannot be fully estimated.
Lung	BI_PF_ILD_atlas_v1	Sheet 1	2766	Dendritic	DC LAMP3+/CCR7+	Dendritic cell	DC	RFTN1	15	1.551502525521	85.0896860986547	0.883369517846012	unknown; source workbook does not define whether this is log2FC	C. State-associated markers	True	state_associated_not_lineage_core	False	False		1	1	1	1	Dendritic	DC LAMP3+/CCR7+	DC	0		Positive top-marker lists only; no complete non-target expression matrix, so cell specificity cannot be fully estimated.
Lung	BI_PF_ILD_atlas_v1	Sheet 1	2767	Dendritic	DC LAMP3+/CCR7+	Dendritic cell	DC	REL	16	0.396222487960149	95.4035874439462	0.876886459587151	unknown; source workbook does not define whether this is log2FC	C. State-associated markers	True	state_associated_not_lineage_core	False	True		1	2	1	1	Dendritic	DC LAMP3+/CCR7+;DC2 CLEC10A+	DC	0		Positive top-marker lists only; no complete non-target expression matrix, so cell specificity cannot be fully estimated.
Lung	BI_PF_ILD_atlas_v1	Sheet 1	2768	Dendritic	DC LAMP3+/CCR7+	Dendritic cell	DC	DUSP4	17	1.90897088898213	81.1659192825112	0.87547987118511	unknown; source workbook does not define whether this is log2FC	C. State-associated markers	True	state_associated_not_lineage_core	False	False		1	2	1	1	Dendritic	DC LAMP3+/CCR7+;DC1 CLEC9A+	DC	0		Positive top-marker lists only; no complete non-target expression matrix, so cell specificity cannot be fully estimated.
Lung	BI_PF_ILD_atlas_v1	Sheet 1	2769	Dendritic	DC LAMP3+/CCR7+	Dendritic cell	DC	TBC1D8	18	1.8363888778467	85.2017937219731	0.872835167360641	unknown; source workbook does not define whether this is log2FC	C. State-associated markers	True	state_associated_not_lineage_core	False	False		1	1	1	1	Dendritic	DC LAMP3+/CCR7+	DC	0		Positive top-marker lists only; no complete non-target expression matrix, so cell specificity cannot be fully estimated.
Lung	BI_PF_ILD_atlas_v1	Sheet 1	2770	Dendritic	DC LAMP3+/CCR7+	Dendritic cell	DC	CLIC2	19	1.90398348156621	80.829596412556	0.867211267122872	unknown; source workbook does not define whether this is log2FC	C. State-associated markers	True	state_associated_not_lineage_core	False	False		1	2	1	1	Dendritic	DC LAMP3+/CCR7+;DC1 CLEC9A+	DC	0		Positive top-marker lists only; no complete non-target expression matrix, so cell specificity cannot be fully estimated.
Lung	BI_PF_ILD_atlas_v1	Sheet 1	2771	Dendritic	DC LAMP3+/CCR7+	Dendritic cell	DC	RGS1	20	0.376058309666342	90.1345291479821	0.86660267178922	unknown; source workbook does not define whether this is log2FC	D. Shared/functional markers	False	shared_or_cross_lineage_risk	False	True		5	11	6	5	B/Plasma;Basophil/Mast;Dendritic;Macrophage;T cell	Basophil/Mast;DC CXCL2+/CD14+/CD1C-;DC LAMP3+/CCR7+;DC2 C1QC+;DC2 CD1A+/CD1E+;DC2 CLEC10A+;Macrophage C1Q hi;Plasma B;T CD4+ JUN+;T regulatory;helper T CD4+	DC;Macrophage;Mast/Basophil;Plasma;T	0		Positive top-marker lists only; no complete non-target expression matrix, so cell specificity cannot be fully estimated.
Lung	BI_PF_ILD_atlas_v1	Sheet 1	2772	Dendritic	DC LAMP3+/CCR7+	Dendritic cell	DC	GPR137B	21	1.40571917405884	84.4170403587444	0.859981278861277	unknown; source workbook does not define whether this is log2FC	C. State-associated markers	True	state_associated_not_lineage_core	False	False		1	3	1	1	Dendritic	DC LAMP3+/CCR7+;DC1 CLEC9A+;DC2 CD1A+/CD1E+	DC	0		Positive top-marker lists only; no complete non-target expression matrix, so cell specificity cannot be fully estimated.
Lung	BI_PF_ILD_atlas_v1	Sheet 1	2773	Dendritic	DC LAMP3+/CCR7+	Dendritic cell	DC	ARAP2	22	1.84476226270131	80.0448430493274	0.858083268239878	unknown; source workbook does not define whether this is log2FC	C. State-associated markers	True	state_associated_not_lineage_core	False	False		1	1	1	1	Dendritic	DC LAMP3+/CCR7+	DC	0		Positive top-marker lists only; no complete non-target expression matrix, so cell specificity cannot be fully estimated.
Lung	BI_PF_ILD_atlas_v1	Sheet 1	2774	Dendritic	DC LAMP3+/CCR7+	Dendritic cell	DC	FSCN1	23	3.30128016076624	72.9820627802691	0.850953880411082	unknown; source workbook does not define whether this is log2FC	C. State-associated markers	True	state_associated_not_lineage_core	False	False		1	1	1	1	Dendritic	DC LAMP3+/CCR7+	DC	0		Positive top-marker lists only; no complete non-target expression matrix, so cell specificity cannot be fully estimated.
Lung	BI_PF_ILD_atlas_v1	Sheet 1	2775	Dendritic	DC LAMP3+/CCR7+	Dendritic cell	DC	CCL22	24	5.17696793521287	70.1793721973094	0.847836360186569	unknown; source workbook does not define whether this is log2FC	C. State-associated markers	True	state_associated_not_lineage_core	False	False		1	1	1	1	Dendritic	DC LAMP3+/CCR7+	DC	0		Positive top-marker lists only; no complete non-target expression matrix, so cell specificity cannot be fully estimated.
Lung	BI_PF_ILD_atlas_v1	Sheet 1	2776	Dendritic	DC LAMP3+/CCR7+	Dendritic cell	DC	ANKRD33B	25	4.1090382316778	70.9641255605381	0.846687363378045	unknown; source workbook does not define whether this is log2FC	C. State-associated markers	True	state_associated_not_lineage_core	False	False		1	1	1	1	Dendritic	DC LAMP3+/CCR7+	DC	0		Positive top-marker lists only; no complete non-target expression matrix, so cell specificity cannot be fully estimated.
Lung	BI_PF_ILD_atlas_v1	Sheet 1	2777	Dendritic	DC LAMP3+/CCR7+	Dendritic cell	DC	SLC22A23	26	3.75257834733386	71.9730941704036	0.846291070434407	unknown; source workbook does not define whether this is log2FC	B. Extended lineage markers	True	moderate_extended	False	False		1	1	1	1	Dendritic	DC LAMP3+/CCR7+	DC	0		Positive top-marker lists only; no complete non-target expression matrix, so cell specificity cannot be fully estimated.
Lung	BI_PF_ILD_atlas_v1	Sheet 1	2778	Dendritic	DC LAMP3+/CCR7+	Dendritic cell	DC	NR4A3	27	1.0092961986409	81.390134529148	0.844416058659047	unknown; source workbook does not define whether this is log2FC	B. Extended lineage markers	True	moderate_extended	False	True		1	2	1	1	Dendritic	DC LAMP3+/CCR7+;DC2 CLEC10A+	DC	0		Positive top-marker lists only; no complete non-target expression matrix, so cell specificity cannot be fully estimated.
Lung	BI_PF_ILD_atlas_v1	Sheet 1	2779	Dendritic	DC LAMP3+/CCR7+	Dendritic cell	DC	IL7R	28	0.571648910332178	83.7443946188341	0.843864979327288	unknown; source workbook does not define whether this is log2FC	D. Shared/functional markers	False	shared_or_cross_lineage_risk	False	False		3	4	3	3	Dendritic;NK;T cell	Activated NK XCL1+;DC LAMP3+/CCR7+;T CD4+ JUN+;helper T CD4+ CDR7+	DC;NK;T	0		Positive top-marker lists only; no complete non-target expression matrix, so cell specificity cannot be fully estimated.
Lung	BI_PF_ILD_atlas_v1	Sheet 1	2780	Dendritic	DC LAMP3+/CCR7+	Dendritic cell	DC	NAV1	29	2.43727573434808	74.4394618834081	0.83958102221557	unknown; source workbook does not define whether this is log2FC	B. Extended lineage markers	True	moderate_extended	False	False		1	1	1	1	Dendritic	DC LAMP3+/CCR7+	DC	0		Positive top-marker lists only; no complete non-target expression matrix, so cell specificity cannot be fully estimated.
Lung	BI_PF_ILD_atlas_v1	Sheet 1	2781	Dendritic	DC LAMP3+/CCR7+	Dendritic cell	DC	ID2	30	0.654081224755152	90.695067264574	0.839245311903936	unknown; source workbook does not define whether this is log2FC	B. Extended lineage markers	True	moderate_extended	False	False		1	1	1	1	Dendritic	DC LAMP3+/CCR7+	DC	0		Positive top-marker lists only; no complete non-target expression matrix, so cell specificity cannot be fully estimated.
Lung	BI_PF_ILD_atlas_v1	Sheet 1	2782	Dendritic	DC LAMP3+/CCR7+	Dendritic cell	DC	CST7	31	1.51570827605094	74.2152466367713	0.838373545630954	unknown; source workbook does not define whether this is log2FC	D. Shared/functional markers	False	shared_or_cross_lineage_risk	False	False		3	4	3	3	Dendritic;NK;T cell	Cytotoxic T;DC LAMP3+/CCR7+;DC2 CLEC10A+;NK	DC;NK;T	0		Positive top-marker lists only; no complete non-target expression matrix, so cell specificity cannot be fully estimated.
Lung	BI_PF_ILD_atlas_v1	Sheet 1	2783	Dendritic	DC LAMP3+/CCR7+	Dendritic cell	DC	SPECC1	32	2.82000352251226	72.7578475336323	0.837494638262965	unknown; source workbook does not define whether this is log2FC	B. Extended lineage markers	False	limited_extended_evidence	False	False		1	1	1	1	Dendritic	DC LAMP3+/CCR7+	DC	0		Positive top-marker lists only; no complete non-target expression matrix, so cell specificity cannot be fully estimated.
Lung	BI_PF_ILD_atlas_v1	Sheet 1	2784	Dendritic	DC LAMP3+/CCR7+	Dendritic cell	DC	ETV6	33	0.992469513332789	87.219730941704	0.836035001317397	unknown; source workbook does not define whether this is log2FC	B. Extended lineage markers	False	limited_extended_evidence	False	False		1	2	1	1	Dendritic	DC LAMP3+/CCR7+;DC1 CLEC9A+	DC	0		Positive top-marker lists only; no complete non-target expression matrix, so cell specificity cannot be fully estimated.
Lung	BI_PF_ILD_atlas_v1	Sheet 1	2785	Dendritic	DC LAMP3+/CCR7+	Dendritic cell	DC	ADRBK2	34	1.5906478082621	82.0627802690583	0.835604897623494	unknown; source workbook does not define whether this is log2FC	B. Extended lineage markers	False	limited_extended_evidence	False	False		1	1	1	1	Dendritic	DC LAMP3+/CCR7+	DC	0		Positive top-marker lists only; no complete non-target expression matrix, so cell specificity cannot be fully estimated.
Lung	BI_PF_ILD_atlas_v1	Sheet 1	2786	Dendritic	DC LAMP3+/CCR7+	Dendritic cell	DC	SMAP2	35	0.232547273109599	90.2466367713004	0.833881999649936	unknown; source workbook does not define whether this is log2FC	D. Shared/functional markers	False	shared_or_cross_lineage_risk	False	False		3	4	3	3	B/Plasma;Dendritic;Monocyte	B cell;DC LAMP3+/CCR7+;DC2 CLEC10A+;Monocytes CD16+	B;DC;Monocyte	0		Positive top-marker lists only; no complete non-target expression matrix, so cell specificity cannot be fully estimated.
Lung	BI_PF_ILD_atlas_v1	Sheet 1	2787	Dendritic	DC LAMP3+/CCR7+	Dendritic cell	DC	LSP1	36	0.548934515024718	85.3139013452915	0.833333640250569	unknown; source workbook does not define whether this is log2FC	B. Extended lineage markers	False	limited_extended_evidence	False	True		1	2	1	1	Dendritic	DC LAMP3+/CCR7+;DC2 CLEC10A+	DC	0		Positive top-marker lists only; no complete non-target expression matrix, so cell specificity cannot be fully estimated.
Lung	BI_PF_ILD_atlas_v1	Sheet 1	2788	Dendritic	DC LAMP3+/CCR7+	Dendritic cell	DC	AIM1	37	0.661995395925478	85.5381165919282	0.832055175935013	unknown; source workbook does not define whether this is log2FC	D. Shared/functional markers	False	shared_or_cross_lineage_risk	False	False		2	7	3	2	Dendritic;T cell	CD8+ Naive T;DC LAMP3+/CCR7+;DC1 CLEC9A+;DC2 CLEC10A+;T CD4+ JUN+;helper T CD4+;helper T CD4+ CDR7+	DC;T	0		Positive top-marker lists only; no complete non-target expression matrix, so cell specificity cannot be fully estimated.
Lung	BI_PF_ILD_atlas_v1	Sheet 1	2789	Dendritic	DC LAMP3+/CCR7+	Dendritic cell	DC	PELI1	38	0.999962833685667	87.780269058296	0.828277317670503	unknown; source workbook does not define whether this is log2FC	D. Shared/functional markers	False	shared_or_cross_lineage_risk	False	False		2	2	2	2	Dendritic;Macrophage	DC LAMP3+/CCR7+;Macrophage LYVE1+	DC;Macrophage	0		Positive top-marker lists only; no complete non-target expression matrix, so cell specificity cannot be fully estimated.
Lung	BI_PF_ILD_atlas_v1	Sheet 1	2790	Dendritic	DC LAMP3+/CCR7+	Dendritic cell	DC	ZEB1	39	1.8831052110113	71.52466367713	0.824786886815578	unknown; source workbook does not define whether this is log2FC	D. Shared/functional markers	False	shared_or_cross_lineage_risk	False	False		2	3	2	2	Dendritic;T cell	DC LAMP3+/CCR7+;DC1 CLEC9A+;T regulatory	DC;T	0		Positive top-marker lists only; no complete non-target expression matrix, so cell specificity cannot be fully estimated.
Lung	BI_PF_ILD_atlas_v1	Sheet 1	2791	Dendritic	DC LAMP3+/CCR7+	Dendritic cell	DC	SLC41A2	40	2.37364259305821	71.0762331838565	0.824704389305132	unknown; source workbook does not define whether this is log2FC	B. Extended lineage markers	False	limited_extended_evidence	False	False		1	1	1	1	Dendritic	DC LAMP3+/CCR7+	DC	0		Positive top-marker lists only; no complete non-target expression matrix, so cell specificity cannot be fully estimated.
Lung	BI_PF_ILD_atlas_v1	Sheet 1	2792	Dendritic	DC LAMP3+/CCR7+	Dendritic cell	DC	TXN	41	0.323693750321965	96.1883408071749	0.820790170033612	unknown; source workbook does not define whether this is log2FC	B. Extended lineage markers	False	limited_extended_evidence	False	False		1	1	1	1	Dendritic	DC LAMP3+/CCR7+	DC	0		Positive top-marker lists only; no complete non-target expression matrix, so cell specificity cannot be fully estimated.
Lung	BI_PF_ILD_atlas_v1	Sheet 1	2793	Dendritic	DC LAMP3+/CCR7+	Dendritic cell	DC	IRF4	42	2.51650888236397	66.8161434977578	0.819652092673994	unknown; source workbook does not define whether this is log2FC	B. Extended lineage markers	False	limited_extended_evidence	False	False		2	2	2	1	Dendritic;pDC	DC LAMP3+/CCR7+;pDC	DC	0		Positive top-marker lists only; no complete non-target expression matrix, so cell specificity cannot be fully estimated.
Lung	BI_PF_ILD_atlas_v1	Sheet 1	2794	Dendritic	DC LAMP3+/CCR7+	Dendritic cell	DC	MED13L	43	0.90809281189192	85.0896860986547	0.819004607946826	unknown; source workbook does not define whether this is log2FC	B. Extended lineage markers	False	limited_extended_evidence	False	False		1	1	1	1	Dendritic	DC LAMP3+/CCR7+	DC	0		Positive top-marker lists only; no complete non-target expression matrix, so cell specificity cannot be fully estimated.
Lung	BI_PF_ILD_atlas_v1	Sheet 1	2795	Dendritic	DC LAMP3+/CCR7+	Dendritic cell	DC	IL15	44	2.48268546320478	69.3946188340807	0.81786165297692	unknown; source workbook does not define whether this is log2FC	B. Extended lineage markers	False	limited_extended_evidence	False	False		1	1	1	1	Dendritic	DC LAMP3+/CCR7+	DC	0		Positive top-marker lists only; no complete non-target expression matrix, so cell specificity cannot be fully estimated.
Lung	BI_PF_ILD_atlas_v1	Sheet 1	2796	Dendritic	DC LAMP3+/CCR7+	Dendritic cell	DC	TRAF1	45	2.96826704695012	66.0313901345291	0.816452698009013	unknown; source workbook does not define whether this is log2FC	B. Extended lineage markers	False	limited_extended_evidence	False	False		1	1	1	1	Dendritic	DC LAMP3+/CCR7+	DC	0		Positive top-marker lists only; no complete non-target expression matrix, so cell specificity cannot be fully estimated.
Lung	BI_PF_ILD_atlas_v1	Sheet 1	2797	Dendritic	DC LAMP3+/CCR7+	Dendritic cell	DC	FLT3	46	3.37562558188011	64.9103139013453	0.814293799806262	unknown; source workbook does not define whether this is log2FC	B. Extended lineage markers	False	limited_extended_evidence	False	False		1	1	1	1	Dendritic	DC LAMP3+/CCR7+	DC	0		Positive top-marker lists only; no complete non-target expression matrix, so cell specificity cannot be fully estimated.
Lung	BI_PF_ILD_atlas_v1	Sheet 1	2798	Dendritic	DC LAMP3+/CCR7+	Dendritic cell	DC	HLA-DQA1	47	-0.345097753458083	94.170403587444	0.814132851869845	unknown; source workbook does not define whether this is log2FC	D. Shared/functional markers	False	shared_or_cross_lineage_risk	False	True	antigen_presentation	3	9	2	2	Dendritic;Macrophage;Macrophage FABP4+	DC CXCL2+/CD14+/CD1C-;DC LAMP3+/CCR7+;DC1 CLEC9A+;DC2 C1QC+;DC2 CD1A+/CD1E+;DC2 CLEC10A+;Macrophage C1Q hi;Macrophage FABP4+;Macrophage FABP4+/PDE4C+	DC;Macrophage	0		Positive top-marker lists only; no complete non-target expression matrix, so cell specificity cannot be fully estimated.
Lung	BI_PF_ILD_atlas_v1	Sheet 1	2799	Dendritic	DC LAMP3+/CCR7+	Dendritic cell	DC	RELB	48	0.889218213345008	75.5605381165919	0.813120482933329	unknown; source workbook does not define whether this is log2FC	B. Extended lineage markers	False	limited_extended_evidence	False	False		1	1	1	1	Dendritic	DC LAMP3+/CCR7+	DC	0		Positive top-marker lists only; no complete non-target expression matrix, so cell specificity cannot be fully estimated.
Lung	BI_PF_ILD_atlas_v1	Sheet 1	2800	Dendritic	DC LAMP3+/CCR7+	Dendritic cell	DC	ENOX1	49	4.72821086089871	63.9013452914798	0.81296511647734	unknown; source workbook does not define whether this is log2FC	B. Extended lineage markers	False	limited_extended_evidence	False	False		1	1	1	1	Dendritic	DC LAMP3+/CCR7+	DC	0		Positive top-marker lists only; no complete non-target expression matrix, so cell specificity cannot be fully estimated.
Lung	BI_PF_ILD_atlas_v1	Sheet 1	2801	Dendritic	DC LAMP3+/CCR7+	Dendritic cell	DC	KDM2B	50	2.23106114481529	71.6367713004484	0.812438044437848	unknown; source workbook does not define whether this is log2FC	B. Extended lineage markers	False	limited_extended_evidence	False	False		1	1	1	1	Dendritic	DC LAMP3+/CCR7+	DC	0		Positive top-marker lists only; no complete non-target expression matrix, so cell specificity cannot be fully estimated.
Lung	BI_PF_ILD_atlas_v1	Sheet 1	2802	Dendritic	DC1 CLEC9A+	Dendritic cell	DC	WDFY4	1	4.40248248791287	94.7516401124649	0.964813540872229	unknown; source workbook does not define whether this is log2FC	C. State-associated markers	True	state_associated_not_lineage_core	False	False		1	1	1	1	Dendritic	DC1 CLEC9A+	DC	0		Positive top-marker lists only; no complete non-target expression matrix, so cell specificity cannot be fully estimated.
Lung	BI_PF_ILD_atlas_v1	Sheet 1	2803	Dendritic	DC1 CLEC9A+	Dendritic cell	DC	CSF2RA	2	1.9815036512563	93.3458294283036	0.917254190847407	unknown; source workbook does not define whether this is log2FC	C. State-associated markers	True	state_associated_not_lineage_core	False	True		1	5	1	1	Dendritic	DC CXCL2+/CD14+/CD1C-;DC LAMP3+/CCR7+;DC1 CLEC9A+;DC2 C1QC+;DC2 CLEC10A+	DC	0		Positive top-marker lists only; no complete non-target expression matrix, so cell specificity cannot be fully estimated.
Lung	BI_PF_ILD_atlas_v1	Sheet 1	2804	Dendritic	DC1 CLEC9A+	Dendritic cell	DC	HDAC9	3	3.84845789192144	86.1293345829428	0.914070202953159	unknown; source workbook does not define whether this is log2FC	C. State-associated markers	True	state_associated_not_lineage_core	False	False		1	1	1	1	Dendritic	DC1 CLEC9A+	DC	0		Positive top-marker lists only; no complete non-target expression matrix, so cell specificity cannot be fully estimated.
Lung	BI_PF_ILD_atlas_v1	Sheet 1	2805	Dendritic	DC1 CLEC9A+	Dendritic cell	DC	HLA-DPB1	4	1.26168281824327	99.0627928772259	0.912174576069474	unknown; source workbook does not define whether this is log2FC	D. Shared/functional markers	False	shared_or_cross_lineage_risk	False	True	antigen_presentation	3	7	2	2	Dendritic;Macrophage;Macrophage FABP4+	DC CXCL2+/CD14+/CD1C-;DC1 CLEC9A+;DC2 C1QC+;DC2 CD1A+/CD1E+;DC2 CLEC10A+;Macrophage C1Q hi;Macrophage FABP4+	DC;Macrophage	0		Positive top-marker lists only; no complete non-target expression matrix, so cell specificity cannot be fully estimated.
Lung	BI_PF_ILD_atlas_v1	Sheet 1	2806	Dendritic	DC1 CLEC9A+	Dendritic cell	DC	C1orf54	5	3.01116270913909	85.8481724461106	0.909416327744886	unknown; source workbook does not define whether this is log2FC	C. State-associated markers	True	state_associated_not_lineage_core	False	False		1	1	1	1	Dendritic	DC1 CLEC9A+	DC	0		Positive top-marker lists only; no complete non-target expression matrix, so cell specificity cannot be fully estimated.
Lung	BI_PF_ILD_atlas_v1	Sheet 1	2807	Dendritic	DC1 CLEC9A+	Dendritic cell	DC	CPVL	6	1.76318759775696	90.3467666354264	0.901308968731027	unknown; source workbook does not define whether this is log2FC	C. State-associated markers	True	state_associated_not_lineage_core	False	True		1	2	1	1	Dendritic	DC CXCL2+/CD14+/CD1C-;DC1 CLEC9A+	DC	0		Positive top-marker lists only; no complete non-target expression matrix, so cell specificity cannot be fully estimated.
Lung	BI_PF_ILD_atlas_v1	Sheet 1	2808	Dendritic	DC1 CLEC9A+	Dendritic cell	DC	FNBP1	7	1.47742598760624	96.1574507966261	0.900353310376479	unknown; source workbook does not define whether this is log2FC	D. Shared/functional markers	False	shared_or_cross_lineage_risk	False	False		3	7	4	3	B/Plasma;Dendritic;T cell	B cell;B cell LRMP+;CD8+ Naive T;DC LAMP3+/CCR7+;DC1 CLEC9A+;T CD4+ JUN+;helper T CD4+	B;DC;T	0		Positive top-marker lists only; no complete non-target expression matrix, so cell specificity cannot be fully estimated.
Lung	BI_PF_ILD_atlas_v1	Sheet 1	2809	Dendritic	DC1 CLEC9A+	Dendritic cell	DC	SERPINB9	8	1.93749473452433	88.7535145267104	0.897604311650441	unknown; source workbook does not define whether this is log2FC	D. Shared/functional markers	False	shared_or_cross_lineage_risk	False	True		2	4	2	2	Dendritic;Monocyte	DC1 CLEC9A+;DC2 CLEC10A+;Monocytes CD14+;Monocytes CD16+	DC;Monocyte	0		Positive top-marker lists only; no complete non-target expression matrix, so cell specificity cannot be fully estimated.
Lung	BI_PF_ILD_atlas_v1	Sheet 1	2810	Dendritic	DC1 CLEC9A+	Dendritic cell	DC	PFKFB3	9	1.85344918356671	89.8781630740394	0.891017249726323	unknown; source workbook does not define whether this is log2FC	D. Shared/functional markers	False	shared_or_cross_lineage_risk	False	False		2	3	2	2	Dendritic;Monocyte	DC1 CLEC9A+;Monocytes CD14+;Monocytes CD16+	DC;Monocyte	0		Positive top-marker lists only; no complete non-target expression matrix, so cell specificity cannot be fully estimated.
Lung	BI_PF_ILD_atlas_v1	Sheet 1	2811	Dendritic	DC1 CLEC9A+	Dendritic cell	DC	HLA-DQA1	10	0.581527622712109	98.406747891284	0.890771582468001	unknown; source workbook does not define whether this is log2FC	D. Shared/functional markers	False	shared_or_cross_lineage_risk	False	True	antigen_presentation	3	9	2	2	Dendritic;Macrophage;Macrophage FABP4+	DC CXCL2+/CD14+/CD1C-;DC LAMP3+/CCR7+;DC1 CLEC9A+;DC2 C1QC+;DC2 CD1A+/CD1E+;DC2 CLEC10A+;Macrophage C1Q hi;Macrophage FABP4+;Macrophage FABP4+/PDE4C+	DC;Macrophage	0		Positive top-marker lists only; no complete non-target expression matrix, so cell specificity cannot be fully estimated.
Lung	BI_PF_ILD_atlas_v1	Sheet 1	2812	Dendritic	DC1 CLEC9A+	Dendritic cell	DC	CLEC9A	11	5.39897076539691	78.3505154639175	0.890341904791438	unknown; source workbook does not define whether this is log2FC	C. State-associated markers	True	state_associated_not_lineage_core	True	False		1	1	1	1	Dendritic	DC1 CLEC9A+	DC	0		Positive top-marker lists only; no complete non-target expression matrix, so cell specificity cannot be fully estimated.
Lung	BI_PF_ILD_atlas_v1	Sheet 1	2813	Dendritic	DC1 CLEC9A+	Dendritic cell	DC	SEPT6	12	1.89109388482365	87.066541705717	0.889458187371052	unknown; source workbook does not define whether this is log2FC	C. State-associated markers	True	state_associated_not_lineage_core	False	False		1	1	1	1	Dendritic	DC1 CLEC9A+	DC	0		Positive top-marker lists only; no complete non-target expression matrix, so cell specificity cannot be fully estimated.
Lung	BI_PF_ILD_atlas_v1	Sheet 1	2814	Dendritic	DC1 CLEC9A+	Dendritic cell	DC	SIPA1L3	13	3.37031881372586	82.4742268041237	0.885835589390138	unknown; source workbook does not define whether this is log2FC	C. State-associated markers	True	state_associated_not_lineage_core	False	False		1	1	1	1	Dendritic	DC1 CLEC9A+	DC	0		Positive top-marker lists only; no complete non-target expression matrix, so cell specificity cannot be fully estimated.
Lung	BI_PF_ILD_atlas_v1	Sheet 1	2815	Dendritic	DC1 CLEC9A+	Dendritic cell	DC	DUSP4	14	2.21880686071915	82.0993439550141	0.881993523014681	unknown; source workbook does not define whether this is log2FC	C. State-associated markers	True	state_associated_not_lineage_core	False	False		1	2	1	1	Dendritic	DC LAMP3+/CCR7+;DC1 CLEC9A+	DC	0		Positive top-marker lists only; no complete non-target expression matrix, so cell specificity cannot be fully estimated.
Lung	BI_PF_ILD_atlas_v1	Sheet 1	2816	Dendritic	DC1 CLEC9A+	Dendritic cell	DC	ETV6	15	1.7338217694361	90.7216494845361	0.880914249223887	unknown; source workbook does not define whether this is log2FC	C. State-associated markers	True	state_associated_not_lineage_core	False	False		1	2	1	1	Dendritic	DC LAMP3+/CCR7+;DC1 CLEC9A+	DC	0		Positive top-marker lists only; no complete non-target expression matrix, so cell specificity cannot be fully estimated.
Lung	BI_PF_ILD_atlas_v1	Sheet 1	2817	Dendritic	DC1 CLEC9A+	Dendritic cell	DC	LDLRAD4	16	1.2657246791938	89.8781630740394	0.874539559107966	unknown; source workbook does not define whether this is log2FC	D. Shared/functional markers	False	shared_or_cross_lineage_risk	False	True		3	5	3	2	Dendritic;T cell;pDC	DC1 CLEC9A+;DC2 CD1A+/CD1E+;DC2 CLEC10A+;T regulatory;pDC	DC;T	0		Positive top-marker lists only; no complete non-target expression matrix, so cell specificity cannot be fully estimated.
Lung	BI_PF_ILD_atlas_v1	Sheet 1	2818	Dendritic	DC1 CLEC9A+	Dendritic cell	DC	HLA-DPA1	17	0.664161058571155	97.6569821930647	0.873467261999293	unknown; source workbook does not define whether this is log2FC	D. Shared/functional markers	False	shared_or_cross_lineage_risk	False	True	antigen_presentation	2	6	2	2	Dendritic;Macrophage FABP4+	DC CXCL2+/CD14+/CD1C-;DC1 CLEC9A+;DC2 C1QC+;DC2 CD1A+/CD1E+;DC2 CLEC10A+;Macrophage FABP4+	DC;Macrophage	0		Positive top-marker lists only; no complete non-target expression matrix, so cell specificity cannot be fully estimated.
Lung	BI_PF_ILD_atlas_v1	Sheet 1	2819	Dendritic	DC1 CLEC9A+	Dendritic cell	DC	CPNE3	18	1.487582882047	85.4732895970009	0.872970895732676	unknown; source workbook does not define whether this is log2FC	C. State-associated markers	True	state_associated_not_lineage_core	False	False		1	1	1	1	Dendritic	DC1 CLEC9A+	DC	0		Positive top-marker lists only; no complete non-target expression matrix, so cell specificity cannot be fully estimated.
Lung	BI_PF_ILD_atlas_v1	Sheet 1	2820	Dendritic	DC1 CLEC9A+	Dendritic cell	DC	CADM1	19	2.33107145432134	80.3186504217432	0.867816575409559	unknown; source workbook does not define whether this is log2FC	D. Shared/functional markers	False	shared_or_cross_lineage_risk	True	False		1	1	1	1	Dendritic	DC1 CLEC9A+	DC	1	AT1	Positive top-marker lists only; no complete non-target expression matrix, so cell specificity cannot be fully estimated.
Lung	BI_PF_ILD_atlas_v1	Sheet 1	2821	Dendritic	DC1 CLEC9A+	Dendritic cell	DC	AIM1	20	1.42970435469306	88.2849109653233	0.864211599326659	unknown; source workbook does not define whether this is log2FC	D. Shared/functional markers	False	shared_or_cross_lineage_risk	False	False		2	7	3	2	Dendritic;T cell	CD8+ Naive T;DC LAMP3+/CCR7+;DC1 CLEC9A+;DC2 CLEC10A+;T CD4+ JUN+;helper T CD4+;helper T CD4+ CDR7+	DC;T	0		Positive top-marker lists only; no complete non-target expression matrix, so cell specificity cannot be fully estimated.
Lung	BI_PF_ILD_atlas_v1	Sheet 1	2822	Dendritic	DC1 CLEC9A+	Dendritic cell	DC	ZBTB46	21	3.99370313059298	75.1640112464855	0.863274203667698	unknown; source workbook does not define whether this is log2FC	C. State-associated markers	True	state_associated_not_lineage_core	False	False		1	1	1	1	Dendritic	DC1 CLEC9A+	DC	0		Positive top-marker lists only; no complete non-target expression matrix, so cell specificity cannot be fully estimated.
Lung	BI_PF_ILD_atlas_v1	Sheet 1	2823	Dendritic	DC1 CLEC9A+	Dendritic cell	DC	MCOLN2	22	3.43011613890572	74.2268041237113	0.859690202406603	unknown; source workbook does not define whether this is log2FC	C. State-associated markers	True	state_associated_not_lineage_core	False	False		1	2	1	1	Dendritic	DC1 CLEC9A+;DC2 CD1A+/CD1E+	DC	0		Positive top-marker lists only; no complete non-target expression matrix, so cell specificity cannot be fully estimated.
Lung	BI_PF_ILD_atlas_v1	Sheet 1	2824	Dendritic	DC1 CLEC9A+	Dendritic cell	DC	CD74	23	0.316034499301976	99.6251171508903	0.858434028399165	unknown; source workbook does not define whether this is log2FC	D. Shared/functional markers	False	shared_or_cross_lineage_risk	False	True	antigen_presentation	2	7	2	2	Dendritic;Macrophage FABP4+	DC CXCL2+/CD14+/CD1C-;DC1 CLEC9A+;DC2 C1QC+;DC2 CD1A+/CD1E+;DC2 CLEC10A+;Macrophage FABP4+;Macrophage FABP4+/PDE4C+	DC;Macrophage	0		Positive top-marker lists only; no complete non-target expression matrix, so cell specificity cannot be fully estimated.
Lung	BI_PF_ILD_atlas_v1	Sheet 1	2825	Dendritic	DC1 CLEC9A+	Dendritic cell	DC	CLIC2	24	2.04832561276169	78.912839737582	0.853223233536699	unknown; source workbook does not define whether this is log2FC	C. State-associated markers	True	state_associated_not_lineage_core	False	False		1	2	1	1	Dendritic	DC LAMP3+/CCR7+;DC1 CLEC9A+	DC	0		Positive top-marker lists only; no complete non-target expression matrix, so cell specificity cannot be fully estimated.
Lung	BI_PF_ILD_atlas_v1	Sheet 1	2826	Dendritic	DC1 CLEC9A+	Dendritic cell	DC	CST3	25	1.09165244315502	95.3139643861293	0.85197590948987	unknown; source workbook does not define whether this is log2FC	C. State-associated markers	True	state_associated_not_lineage_core	False	True		1	3	1	1	Dendritic	DC CXCL2+/CD14+/CD1C-;DC1 CLEC9A+;DC2 C1QC+	DC	0		Positive top-marker lists only; no complete non-target expression matrix, so cell specificity cannot be fully estimated.
Lung	BI_PF_ILD_atlas_v1	Sheet 1	2827	Dendritic	DC1 CLEC9A+	Dendritic cell	DC	HLA-DQB1	26	0.0273666235467864	95.7825679475164	0.848891632207989	unknown; source workbook does not define whether this is log2FC	D. Shared/functional markers	False	shared_or_cross_lineage_risk	False	True	antigen_presentation	1	5	1	1	Dendritic	DC CXCL2+/CD14+/CD1C-;DC1 CLEC9A+;DC2 C1QC+;DC2 CD1A+/CD1E+;DC2 CLEC10A+	DC	0		Positive top-marker lists only; no complete non-target expression matrix, so cell specificity cannot be fully estimated.
Lung	BI_PF_ILD_atlas_v1	Sheet 1	2828	Dendritic	DC1 CLEC9A+	Dendritic cell	DC	LGALS2	27	3.04469901148077	71.9775070290534	0.844010664779801	unknown; source workbook does not define whether this is log2FC	B. Extended lineage markers	True	moderate_extended	False	False		1	1	1	1	Dendritic	DC1 CLEC9A+	DC	0		Positive top-marker lists only; no complete non-target expression matrix, so cell specificity cannot be fully estimated.
Lung	BI_PF_ILD_atlas_v1	Sheet 1	2829	Dendritic	DC1 CLEC9A+	Dendritic cell	DC	IRAK2	28	2.74817157228039	74.8828491096532	0.842685192705161	unknown; source workbook does not define whether this is log2FC	D. Shared/functional markers	False	shared_or_cross_lineage_risk	False	False		2	2	2	2	Dendritic;Macrophage	DC1 CLEC9A+;Macrophage IL1B+	DC;Macrophage	0		Positive top-marker lists only; no complete non-target expression matrix, so cell specificity cannot be fully estimated.
Lung	BI_PF_ILD_atlas_v1	Sheet 1	2830	Dendritic	DC1 CLEC9A+	Dendritic cell	DC	NAAA	29	1.86590846905093	76.9447047797563	0.840247255709185	unknown; source workbook does not define whether this is log2FC	B. Extended lineage markers	True	moderate_extended	False	False		1	1	1	1	Dendritic	DC1 CLEC9A+	DC	0		Positive top-marker lists only; no complete non-target expression matrix, so cell specificity cannot be fully estimated.
Lung	BI_PF_ILD_atlas_v1	Sheet 1	2831	Dendritic	DC1 CLEC9A+	Dendritic cell	DC	CHN2	30	1.91393012867078	77.6944704779756	0.837948281476439	unknown; source workbook does not define whether this is log2FC	D. Shared/functional markers	False	shared_or_cross_lineage_risk	False	False		2	2	2	2	Basophil/Mast;Dendritic	Basophil/Mast;DC1 CLEC9A+	DC;Mast/Basophil	0		Positive top-marker lists only; no complete non-target expression matrix, so cell specificity cannot be fully estimated.
Lung	BI_PF_ILD_atlas_v1	Sheet 1	2832	Dendritic	DC1 CLEC9A+	Dendritic cell	DC	GNA13	31	1.16056865929934	86.1293345829428	0.837840863738039	unknown; source workbook does not define whether this is log2FC	B. Extended lineage markers	False	limited_extended_evidence	False	True		1	2	1	1	Dendritic	DC1 CLEC9A+;DC2 CLEC10A+	DC	0		Positive top-marker lists only; no complete non-target expression matrix, so cell specificity cannot be fully estimated.
Lung	BI_PF_ILD_atlas_v1	Sheet 1	2833	Dendritic	DC1 CLEC9A+	Dendritic cell	DC	OXSR1	32	1.60151566582881	83.1302717900656	0.835755767052893	unknown; source workbook does not define whether this is log2FC	B. Extended lineage markers	False	limited_extended_evidence	False	False		1	1	1	1	Dendritic	DC1 CLEC9A+	DC	0		Positive top-marker lists only; no complete non-target expression matrix, so cell specificity cannot be fully estimated.
Lung	BI_PF_ILD_atlas_v1	Sheet 1	2834	Dendritic	DC1 CLEC9A+	Dendritic cell	DC	DENND1B	33	1.74927708916094	78.2567947516401	0.834266505192751	unknown; source workbook does not define whether this is log2FC	B. Extended lineage markers	False	limited_extended_evidence	False	False		1	2	1	1	Dendritic	DC1 CLEC9A+;DC2 CD1A+/CD1E+	DC	0		Positive top-marker lists only; no complete non-target expression matrix, so cell specificity cannot be fully estimated.
Lung	BI_PF_ILD_atlas_v1	Sheet 1	2835	Dendritic	DC1 CLEC9A+	Dendritic cell	DC	AUTS2	34	1.9974562000472	75.4451733833177	0.833253301411131	unknown; source workbook does not define whether this is log2FC	B. Extended lineage markers	False	limited_extended_evidence	False	False		1	1	1	1	Dendritic	DC1 CLEC9A+	DC	0		Positive top-marker lists only; no complete non-target expression matrix, so cell specificity cannot be fully estimated.
Lung	BI_PF_ILD_atlas_v1	Sheet 1	2836	Dendritic	DC1 CLEC9A+	Dendritic cell	DC	KIF16B	35	2.32840622739259	76.7572633552015	0.833020240310504	unknown; source workbook does not define whether this is log2FC	B. Extended lineage markers	False	limited_extended_evidence	False	False		1	1	1	1	Dendritic	DC1 CLEC9A+	DC	0		Positive top-marker lists only; no complete non-target expression matrix, so cell specificity cannot be fully estimated.
Lung	BI_PF_ILD_atlas_v1	Sheet 1	2837	Dendritic	DC1 CLEC9A+	Dendritic cell	DC	CD83	36	0.677212962610031	89.8781630740394	0.832595463947502	unknown; source workbook does not define whether this is log2FC	D. Shared/functional markers	False	shared_or_cross_lineage_risk	False	True		2	5	2	2	B/Plasma;Dendritic	B cell;DC LAMP3+/CCR7+;DC1 CLEC9A+;DC2 CD1A+/CD1E+;DC2 CLEC10A+	B;DC	0		Positive top-marker lists only; no complete non-target expression matrix, so cell specificity cannot be fully estimated.
Lung	BI_PF_ILD_atlas_v1	Sheet 1	2838	Dendritic	DC1 CLEC9A+	Dendritic cell	DC	CLNK	37	4.43346389827576	67.4789128397376	0.832515987693358	unknown; source workbook does not define whether this is log2FC	D. Shared/functional markers	False	shared_or_cross_lineage_risk	False	False		1	1	1	1	Dendritic	DC1 CLEC9A+	DC	1	Ionocyte	Positive top-marker lists only; no complete non-target expression matrix, so cell specificity cannot be fully estimated.
Lung	BI_PF_ILD_atlas_v1	Sheet 1	2839	Dendritic	DC1 CLEC9A+	Dendritic cell	DC	GPR137B	38	1.59395914192442	79.8500468603561	0.832389907252099	unknown; source workbook does not define whether this is log2FC	B. Extended lineage markers	False	limited_extended_evidence	False	False		1	3	1	1	Dendritic	DC LAMP3+/CCR7+;DC1 CLEC9A+;DC2 CD1A+/CD1E+	DC	0		Positive top-marker lists only; no complete non-target expression matrix, so cell specificity cannot be fully estimated.
Lung	BI_PF_ILD_atlas_v1	Sheet 1	2840	Dendritic	DC1 CLEC9A+	Dendritic cell	DC	ASAP1	39	0.774826815124658	92.2211808809747	0.830715209541685	unknown; source workbook does not define whether this is log2FC	B. Extended lineage markers	False	limited_extended_evidence	False	False		1	1	1	1	Dendritic	DC1 CLEC9A+	DC	0		Positive top-marker lists only; no complete non-target expression matrix, so cell specificity cannot be fully estimated.
Lung	BI_PF_ILD_atlas_v1	Sheet 1	2841	Dendritic	DC1 CLEC9A+	Dendritic cell	DC	IRF8	40	1.43466824136228	80.2249297094658	0.827814301410001	unknown; source workbook does not define whether this is log2FC	D. Shared/functional markers	False	shared_or_cross_lineage_risk	False	False		3	3	3	2	B/Plasma;Dendritic;pDC	B cell LRMP+;DC1 CLEC9A+;pDC	B;DC	0		Positive top-marker lists only; no complete non-target expression matrix, so cell specificity cannot be fully estimated.
Lung	BI_PF_ILD_atlas_v1	Sheet 1	2842	Dendritic	DC1 CLEC9A+	Dendritic cell	DC	RGS10	41	0.746465654559545	83.6925960637301	0.826376248490088	unknown; source workbook does not define whether this is log2FC	B. Extended lineage markers	False	limited_extended_evidence	False	True		1	5	1	1	Dendritic	DC CXCL2+/CD14+/CD1C-;DC1 CLEC9A+;DC2 C1QC+;DC2 CD1A+/CD1E+;DC2 CLEC10A+	DC	0		Positive top-marker lists only; no complete non-target expression matrix, so cell specificity cannot be fully estimated.
Lung	BI_PF_ILD_atlas_v1	Sheet 1	2843	Dendritic	DC1 CLEC9A+	Dendritic cell	DC	PICALM	42	1.12120355903176	90.0656044985942	0.824598765786284	unknown; source workbook does not define whether this is log2FC	B. Extended lineage markers	False	limited_extended_evidence	False	False		1	1	1	1	Dendritic	DC1 CLEC9A+	DC	0		Positive top-marker lists only; no complete non-target expression matrix, so cell specificity cannot be fully estimated.
Lung	BI_PF_ILD_atlas_v1	Sheet 1	2844	Dendritic	DC1 CLEC9A+	Dendritic cell	DC	HLA-DRA	43	-0.144503031764016	99.4376757263355	0.824478507604663	unknown; source workbook does not define whether this is log2FC	D. Shared/functional markers	False	shared_or_cross_lineage_risk	False	True	antigen_presentation	3	8	2	2	Dendritic;Macrophage;Macrophage FABP4+	DC CXCL2+/CD14+/CD1C-;DC1 CLEC9A+;DC2 C1QC+;DC2 CD1A+/CD1E+;DC2 CLEC10A+;Macrophage C1Q hi;Macrophage FABP4+;Macrophage FABP4+/PDE4C+	DC;Macrophage	0		Positive top-marker lists only; no complete non-target expression matrix, so cell specificity cannot be fully estimated.
Lung	BI_PF_ILD_atlas_v1	Sheet 1	2845	Dendritic	DC1 CLEC9A+	Dendritic cell	DC	S100B	44	3.36715708787339	66.8228678537957	0.824367409795153	unknown; source workbook does not define whether this is log2FC	B. Extended lineage markers	False	limited_extended_evidence	False	False		1	3	1	1	Dendritic	DC1 CLEC9A+;DC2 C1QC+;DC2 CD1A+/CD1E+	DC	0		Positive top-marker lists only; no complete non-target expression matrix, so cell specificity cannot be fully estimated.
Lung	BI_PF_ILD_atlas_v1	Sheet 1	2846	Dendritic	DC1 CLEC9A+	Dendritic cell	DC	ZEB1	45	1.84476770174332	72.0712277413308	0.823907730507788	unknown; source workbook does not define whether this is log2FC	D. Shared/functional markers	False	shared_or_cross_lineage_risk	False	False		2	3	2	2	Dendritic;T cell	DC LAMP3+/CCR7+;DC1 CLEC9A+;T regulatory	DC;T	0		Positive top-marker lists only; no complete non-target expression matrix, so cell specificity cannot be fully estimated.
Lung	BI_PF_ILD_atlas_v1	Sheet 1	2847	Dendritic	DC1 CLEC9A+	Dendritic cell	DC	HLA-DRB1	46	-0.189677806393645	98.875351452671	0.822900469299135	unknown; source workbook does not define whether this is log2FC	D. Shared/functional markers	False	shared_or_cross_lineage_risk	False	True	antigen_presentation	3	8	2	2	Dendritic;Macrophage;Macrophage FABP4+	DC CXCL2+/CD14+/CD1C-;DC1 CLEC9A+;DC2 C1QC+;DC2 CD1A+/CD1E+;DC2 CLEC10A+;Macrophage C1Q hi;Macrophage FABP4+;Macrophage FABP4+/PDE4C+	DC;Macrophage	0		Positive top-marker lists only; no complete non-target expression matrix, so cell specificity cannot be fully estimated.
Lung	BI_PF_ILD_atlas_v1	Sheet 1	2848	Dendritic	DC1 CLEC9A+	Dendritic cell	DC	PTPN2	47	0.778885140752004	84.4423617619494	0.820894403625177	unknown; source workbook does not define whether this is log2FC	B. Extended lineage markers	False	limited_extended_evidence	False	False		1	1	1	1	Dendritic	DC1 CLEC9A+	DC	0		Positive top-marker lists only; no complete non-target expression matrix, so cell specificity cannot be fully estimated.
Lung	BI_PF_ILD_atlas_v1	Sheet 1	2849	Dendritic	DC1 CLEC9A+	Dendritic cell	DC	JMJD1C	48	0.796839746397224	93.8144329896907	0.817112020679377	unknown; source workbook does not define whether this is log2FC	B. Extended lineage markers	False	limited_extended_evidence	False	False		1	1	1	1	Dendritic	DC1 CLEC9A+	DC	0		Positive top-marker lists only; no complete non-target expression matrix, so cell specificity cannot be fully estimated.
Lung	BI_PF_ILD_atlas_v1	Sheet 1	2850	Dendritic	DC1 CLEC9A+	Dendritic cell	DC	VDR	49	2.19711219272787	71.0402999062793	0.816553717853735	unknown; source workbook does not define whether this is log2FC	B. Extended lineage markers	False	limited_extended_evidence	False	False		1	1	1	1	Dendritic	DC1 CLEC9A+	DC	0		Positive top-marker lists only; no complete non-target expression matrix, so cell specificity cannot be fully estimated.
Lung	BI_PF_ILD_atlas_v1	Sheet 1	2851	Dendritic	DC1 CLEC9A+	Dendritic cell	DC	STK17B	50	0.630071866488514	90.8153701968135	0.816223394540625	unknown; source workbook does not define whether this is log2FC	D. Shared/functional markers	False	shared_or_cross_lineage_risk	False	True		3	8	5	3	Dendritic;Monocyte;T cell	CD8+ Naive T;DC1 CLEC9A+;DC2 CD1A+/CD1E+;DC2 CLEC10A+;Monocytes CD16+;T CD4+ JUN+;T regulatory;helper T CD4+	DC;Monocyte;T	0		Positive top-marker lists only; no complete non-target expression matrix, so cell specificity cannot be fully estimated.
Lung	BI_PF_ILD_atlas_v1	Sheet 1	2852	Dendritic	DC2 C1QC+	Dendritic cell	DC	HLA-DPB1	1	1.041083294269	99.8091603053435	0.926198067076929	unknown; source workbook does not define whether this is log2FC	D. Shared/functional markers	False	shared_or_cross_lineage_risk	False	True	antigen_presentation	3	7	2	2	Dendritic;Macrophage;Macrophage FABP4+	DC CXCL2+/CD14+/CD1C-;DC1 CLEC9A+;DC2 C1QC+;DC2 CD1A+/CD1E+;DC2 CLEC10A+;Macrophage C1Q hi;Macrophage FABP4+	DC;Macrophage	0		Positive top-marker lists only; no complete non-target expression matrix, so cell specificity cannot be fully estimated.
Lung	BI_PF_ILD_atlas_v1	Sheet 1	2853	Dendritic	DC2 C1QC+	Dendritic cell	DC	RGS1	2	1.63090081127255	93.8931297709924	0.907904223044055	unknown; source workbook does not define whether this is log2FC	D. Shared/functional markers	False	shared_or_cross_lineage_risk	False	True		5	11	6	5	B/Plasma;Basophil/Mast;Dendritic;Macrophage;T cell	Basophil/Mast;DC CXCL2+/CD14+/CD1C-;DC LAMP3+/CCR7+;DC2 C1QC+;DC2 CD1A+/CD1E+;DC2 CLEC10A+;Macrophage C1Q hi;Plasma B;T CD4+ JUN+;T regulatory;helper T CD4+	DC;Macrophage;Mast/Basophil;Plasma;T	0		Positive top-marker lists only; no complete non-target expression matrix, so cell specificity cannot be fully estimated.
Lung	BI_PF_ILD_atlas_v1	Sheet 1	2854	Dendritic	DC2 C1QC+	Dendritic cell	DC	HLA-DPA1	3	0.811758938259961	99.8727735368957	0.903142865616646	unknown; source workbook does not define whether this is log2FC	D. Shared/functional markers	False	shared_or_cross_lineage_risk	False	True	antigen_presentation	2	6	2	2	Dendritic;Macrophage FABP4+	DC CXCL2+/CD14+/CD1C-;DC1 CLEC9A+;DC2 C1QC+;DC2 CD1A+/CD1E+;DC2 CLEC10A+;Macrophage FABP4+	DC;Macrophage	0		Positive top-marker lists only; no complete non-target expression matrix, so cell specificity cannot be fully estimated.
Lung	BI_PF_ILD_atlas_v1	Sheet 1	2855	Dendritic	DC2 C1QC+	Dendritic cell	DC	HLA-DQA1	4	0.843683866349453	99.236641221374	0.894136102816492	unknown; source workbook does not define whether this is log2FC	D. Shared/functional markers	False	shared_or_cross_lineage_risk	False	True	antigen_presentation	3	9	2	2	Dendritic;Macrophage;Macrophage FABP4+	DC CXCL2+/CD14+/CD1C-;DC LAMP3+/CCR7+;DC1 CLEC9A+;DC2 C1QC+;DC2 CD1A+/CD1E+;DC2 CLEC10A+;Macrophage C1Q hi;Macrophage FABP4+;Macrophage FABP4+/PDE4C+	DC;Macrophage	0		Positive top-marker lists only; no complete non-target expression matrix, so cell specificity cannot be fully estimated.
Lung	BI_PF_ILD_atlas_v1	Sheet 1	2856	Dendritic	DC2 C1QC+	Dendritic cell	DC	CD74	5	0.671567759857711	100.0	0.89224442415972	unknown; source workbook does not define whether this is log2FC	D. Shared/functional markers	False	shared_or_cross_lineage_risk	False	True	antigen_presentation	2	7	2	2	Dendritic;Macrophage FABP4+	DC CXCL2+/CD14+/CD1C-;DC1 CLEC9A+;DC2 C1QC+;DC2 CD1A+/CD1E+;DC2 CLEC10A+;Macrophage FABP4+;Macrophage FABP4+/PDE4C+	DC;Macrophage	0		Positive top-marker lists only; no complete non-target expression matrix, so cell specificity cannot be fully estimated.
Lung	BI_PF_ILD_atlas_v1	Sheet 1	2857	Dendritic	DC2 C1QC+	Dendritic cell	DC	HLA-DQB1	6	0.620956373565953	99.3638676844784	0.888835911485715	unknown; source workbook does not define whether this is log2FC	D. Shared/functional markers	False	shared_or_cross_lineage_risk	False	True	antigen_presentation	1	5	1	1	Dendritic	DC CXCL2+/CD14+/CD1C-;DC1 CLEC9A+;DC2 C1QC+;DC2 CD1A+/CD1E+;DC2 CLEC10A+	DC	0		Positive top-marker lists only; no complete non-target expression matrix, so cell specificity cannot be fully estimated.
Lung	BI_PF_ILD_atlas_v1	Sheet 1	2858	Dendritic	DC2 C1QC+	Dendritic cell	DC	MS4A6A	7	0.978816349165012	93.4478371501272	0.883997914828731	unknown; source workbook does not define whether this is log2FC	D. Shared/functional markers	False	shared_or_cross_lineage_risk	False	True		3	6	3	3	Dendritic;Macrophage;Monocyte	DC CXCL2+/CD14+/CD1C-;DC2 C1QC+;DC2 CLEC10A+;Macrophage C1Q hi;Macrophage LYVE1+;Monocytes CD14+/IL1B	DC;Macrophage;Monocyte	0		Positive top-marker lists only; no complete non-target expression matrix, so cell specificity cannot be fully estimated.
Lung	BI_PF_ILD_atlas_v1	Sheet 1	2859	Dendritic	DC2 C1QC+	Dendritic cell	DC	HLA-DRA	8	0.281747895612382	100.0	0.868070479133609	unknown; source workbook does not define whether this is log2FC	D. Shared/functional markers	False	shared_or_cross_lineage_risk	False	True	antigen_presentation	3	8	2	2	Dendritic;Macrophage;Macrophage FABP4+	DC CXCL2+/CD14+/CD1C-;DC1 CLEC9A+;DC2 C1QC+;DC2 CD1A+/CD1E+;DC2 CLEC10A+;Macrophage C1Q hi;Macrophage FABP4+;Macrophage FABP4+/PDE4C+	DC;Macrophage	0		Positive top-marker lists only; no complete non-target expression matrix, so cell specificity cannot be fully estimated.
Lung	BI_PF_ILD_atlas_v1	Sheet 1	2860	Dendritic	DC2 C1QC+	Dendritic cell	DC	RGS10	9	0.901513646591923	91.8575063613232	0.867021304998995	unknown; source workbook does not define whether this is log2FC	C. State-associated markers	True	state_associated_not_lineage_core	False	True		1	5	1	1	Dendritic	DC CXCL2+/CD14+/CD1C-;DC1 CLEC9A+;DC2 C1QC+;DC2 CD1A+/CD1E+;DC2 CLEC10A+	DC	0		Positive top-marker lists only; no complete non-target expression matrix, so cell specificity cannot be fully estimated.
Lung	BI_PF_ILD_atlas_v1	Sheet 1	2861	Dendritic	DC2 C1QC+	Dendritic cell	DC	HLA-DRB1	10	0.316286589729561	99.8727735368957	0.85533423085037	unknown; source workbook does not define whether this is log2FC	D. Shared/functional markers	False	shared_or_cross_lineage_risk	False	True	antigen_presentation	3	8	2	2	Dendritic;Macrophage;Macrophage FABP4+	DC CXCL2+/CD14+/CD1C-;DC1 CLEC9A+;DC2 C1QC+;DC2 CD1A+/CD1E+;DC2 CLEC10A+;Macrophage C1Q hi;Macrophage FABP4+;Macrophage FABP4+/PDE4C+	DC;Macrophage	0		Positive top-marker lists only; no complete non-target expression matrix, so cell specificity cannot be fully estimated.
Lung	BI_PF_ILD_atlas_v1	Sheet 1	2862	Dendritic	DC2 C1QC+	Dendritic cell	DC	C1QC	11	0.682852633501481	96.8193384223919	0.851083410726649	unknown; source workbook does not define whether this is log2FC	D. Shared/functional markers	False	shared_or_cross_lineage_risk	False	False		3	5	2	2	Dendritic;Macrophage;Macrophage FABP4+	DC2 C1QC+;Macrophage C1Q hi;Macrophage FABP4+;Macrophage FABP4+/PDE4C+;Macrophage LYVE1+	DC;Macrophage	0		Positive top-marker lists only; no complete non-target expression matrix, so cell specificity cannot be fully estimated.
Lung	BI_PF_ILD_atlas_v1	Sheet 1	2863	Dendritic	DC2 C1QC+	Dendritic cell	DC	RNASE6	12	1.16503026870055	80.9160305343512	0.837784791993535	unknown; source workbook does not define whether this is log2FC	C. State-associated markers	True	state_associated_not_lineage_core	False	True		1	2	1	1	Dendritic	DC CXCL2+/CD14+/CD1C-;DC2 C1QC+	DC	0		Positive top-marker lists only; no complete non-target expression matrix, so cell specificity cannot be fully estimated.
Lung	BI_PF_ILD_atlas_v1	Sheet 1	2864	Dendritic	DC2 C1QC+	Dendritic cell	DC	HERPUD1	13	0.933406531825632	90.7760814249364	0.831585209678068	unknown; source workbook does not define whether this is log2FC	D. Shared/functional markers	False	shared_or_cross_lineage_risk	False	True		3	4	3	2	B/Plasma;Dendritic;pDC	DC CXCL2+/CD14+/CD1C-;DC2 C1QC+;Plasma B;pDC	DC;Plasma	0		Positive top-marker lists only; no complete non-target expression matrix, so cell specificity cannot be fully estimated.
Lung	BI_PF_ILD_atlas_v1	Sheet 1	2865	Dendritic	DC2 C1QC+	Dendritic cell	DC	AIF1	14	0.190591662727606	96.9465648854962	0.828834027571836	unknown; source workbook does not define whether this is log2FC	D. Shared/functional markers	False	shared_or_cross_lineage_risk	False	True		3	7	4	3	Dendritic;Macrophage;Monocyte	DC CXCL2+/CD14+/CD1C-;DC2 C1QC+;Macrophage C1Q hi;Macrophage LYVE1+;Macrophage RETN+/VCAN+;Monocytes CD14+/IL1B;Monocytes CD16+	DC;Macrophage;Monocyte	0		Positive top-marker lists only; no complete non-target expression matrix, so cell specificity cannot be fully estimated.
Lung	BI_PF_ILD_atlas_v1	Sheet 1	2866	Dendritic	DC2 C1QC+	Dendritic cell	DC	ALOX5AP	15	0.225607867105698	96.3740458015267	0.826912945960605	unknown; source workbook does not define whether this is log2FC	D. Shared/functional markers	False	shared_or_cross_lineage_risk	False	False		2	2	2	2	Dendritic;Macrophage FABP4+	DC2 C1QC+;Macrophage FABP4+	DC;Macrophage	0		Positive top-marker lists only; no complete non-target expression matrix, so cell specificity cannot be fully estimated.
Lung	BI_PF_ILD_atlas_v1	Sheet 1	2867	Dendritic	DC2 C1QC+	Dendritic cell	DC	FAM26F	16	2.24549146677308	70.8015267175573	0.824871291749284	unknown; source workbook does not define whether this is log2FC	C. State-associated markers	True	state_associated_not_lineage_core	False	False		1	1	1	1	Dendritic	DC2 C1QC+	DC	0		Positive top-marker lists only; no complete non-target expression matrix, so cell specificity cannot be fully estimated.
Lung	BI_PF_ILD_atlas_v1	Sheet 1	2868	Dendritic	DC2 C1QC+	Dendritic cell	DC	CST3	17	0.068357708223644	99.8727735368957	0.820969525160862	unknown; source workbook does not define whether this is log2FC	C. State-associated markers	True	state_associated_not_lineage_core	False	True		1	3	1	1	Dendritic	DC CXCL2+/CD14+/CD1C-;DC1 CLEC9A+;DC2 C1QC+	DC	0		Positive top-marker lists only; no complete non-target expression matrix, so cell specificity cannot be fully estimated.
Lung	BI_PF_ILD_atlas_v1	Sheet 1	2869	Dendritic	DC2 C1QC+	Dendritic cell	DC	CSF1R	18	1.12774380472595	77.0356234096692	0.81632767355482	unknown; source workbook does not define whether this is log2FC	C. State-associated markers	True	state_associated_not_lineage_core	False	False		1	2	1	1	Dendritic	DC CXCL2+/CD14+/CD1C-;DC2 C1QC+	DC	0		Positive top-marker lists only; no complete non-target expression matrix, so cell specificity cannot be fully estimated.
Lung	BI_PF_ILD_atlas_v1	Sheet 1	2870	Dendritic	DC2 C1QC+	Dendritic cell	DC	PKIB	19	2.38119964474511	67.6208651399491	0.81498307486834	unknown; source workbook does not define whether this is log2FC	C. State-associated markers	True	state_associated_not_lineage_core	False	False		1	3	1	1	Dendritic	DC2 C1QC+;DC2 CD1A+/CD1E+;DC2 CLEC10A+	DC	0		Positive top-marker lists only; no complete non-target expression matrix, so cell specificity cannot be fully estimated.
Lung	BI_PF_ILD_atlas_v1	Sheet 1	2871	Dendritic	DC2 C1QC+	Dendritic cell	DC	AXL	20	1.47922450733732	77.9262086513995	0.812233784124354	unknown; source workbook does not define whether this is log2FC	C. State-associated markers	True	state_associated_not_lineage_core	False	False		1	2	1	1	Dendritic	DC2 C1QC+;DC2 CLEC10A+	DC	0		Positive top-marker lists only; no complete non-target expression matrix, so cell specificity cannot be fully estimated.
Lung	BI_PF_ILD_atlas_v1	Sheet 1	2872	Dendritic	DC2 C1QC+	Dendritic cell	DC	HLA-DMB	21	0.249411743365715	88.676844783715	0.811877019087715	unknown; source workbook does not define whether this is log2FC	D. Shared/functional markers	False	shared_or_cross_lineage_risk	False	True	antigen_presentation	1	4	1	1	Dendritic	DC CXCL2+/CD14+/CD1C-;DC2 C1QC+;DC2 CD1A+/CD1E+;DC2 CLEC10A+	DC	0		Positive top-marker lists only; no complete non-target expression matrix, so cell specificity cannot be fully estimated.
Lung	BI_PF_ILD_atlas_v1	Sheet 1	2873	Dendritic	DC2 C1QC+	Dendritic cell	DC	C1QB	22	-0.131640191331066	97.5190839694656	0.811021032859349	unknown; source workbook does not define whether this is log2FC	D. Shared/functional markers	False	shared_or_cross_lineage_risk	False	False		3	5	2	2	Dendritic;Macrophage;Macrophage FABP4+	DC2 C1QC+;Macrophage C1Q hi;Macrophage FABP4+;Macrophage FABP4+/PDE4C+;Macrophage LYVE1+	DC;Macrophage	0		Positive top-marker lists only; no complete non-target expression matrix, so cell specificity cannot be fully estimated.
Lung	BI_PF_ILD_atlas_v1	Sheet 1	2874	Dendritic	DC2 C1QC+	Dendritic cell	DC	HLA-DRB5	23	0.304462494387302	92.6844783715013	0.805387353542037	unknown; source workbook does not define whether this is log2FC	D. Shared/functional markers	False	shared_or_cross_lineage_risk	False	True	antigen_presentation	1	3	1	1	Dendritic	DC2 C1QC+;DC2 CD1A+/CD1E+;DC2 CLEC10A+	DC	0		Positive top-marker lists only; no complete non-target expression matrix, so cell specificity cannot be fully estimated.
Lung	BI_PF_ILD_atlas_v1	Sheet 1	2875	Dendritic	DC2 C1QC+	Dendritic cell	DC	YWHAH	24	0.552701500068992	89.3129770992366	0.8048107483118	unknown; source workbook does not define whether this is log2FC	C. State-associated markers	True	state_associated_not_lineage_core	False	False		1	3	1	1	Dendritic	DC2 C1QC+;DC2 CD1A+/CD1E+;DC2 CLEC10A+	DC	0		Positive top-marker lists only; no complete non-target expression matrix, so cell specificity cannot be fully estimated.
Lung	BI_PF_ILD_atlas_v1	Sheet 1	2876	Dendritic	DC2 C1QC+	Dendritic cell	DC	FGL2	25	0.872296527574445	73.2188295165394	0.798842501113928	unknown; source workbook does not define whether this is log2FC	D. Shared/functional markers	False	shared_or_cross_lineage_risk	False	True		3	5	3	3	Dendritic;Macrophage;Monocyte	DC CXCL2+/CD14+/CD1C-;DC2 C1QC+;Macrophage LYVE1+;Monocytes CD14+/IL1B;Monocytes CD16+	DC;Macrophage;Monocyte	0		Positive top-marker lists only; no complete non-target expression matrix, so cell specificity cannot be fully estimated.
Lung	BI_PF_ILD_atlas_v1	Sheet 1	2877	Dendritic	DC2 C1QC+	Dendritic cell	DC	S100B	26	3.45222815188226	60.7506361323155	0.792240504005053	unknown; source workbook does not define whether this is log2FC	B. Extended lineage markers	True	moderate_extended	False	False		1	3	1	1	Dendritic	DC1 CLEC9A+;DC2 C1QC+;DC2 CD1A+/CD1E+	DC	0		Positive top-marker lists only; no complete non-target expression matrix, so cell specificity cannot be fully estimated.
Lung	BI_PF_ILD_atlas_v1	Sheet 1	2878	Dendritic	DC2 C1QC+	Dendritic cell	DC	GPR183	27	0.718361640351665	77.7989821882952	0.792079350302537	unknown; source workbook does not define whether this is log2FC	D. Shared/functional markers	False	shared_or_cross_lineage_risk	False	True		3	8	4	2	Dendritic;Macrophage;pDC	DC CXCL2+/CD14+/CD1C-;DC2 C1QC+;DC2 CD1A+/CD1E+;DC2 CLEC10A+;Macrophage C1Q hi;Macrophage IL1B+;Macrophage RETN+/VCAN+;pDC	DC;Macrophage	0		Positive top-marker lists only; no complete non-target expression matrix, so cell specificity cannot be fully estimated.
Lung	BI_PF_ILD_atlas_v1	Sheet 1	2879	Dendritic	DC2 C1QC+	Dendritic cell	DC	ADAM28	28	1.49910942101802	65.8396946564885	0.791535049472735	unknown; source workbook does not define whether this is log2FC	D. Shared/functional markers	False	shared_or_cross_lineage_risk	False	False		2	3	2	2	B/Plasma;Dendritic	B cell;DC2 C1QC+;DC2 CD1A+/CD1E+	B;DC	0		Positive top-marker lists only; no complete non-target expression matrix, so cell specificity cannot be fully estimated.
Lung	BI_PF_ILD_atlas_v1	Sheet 1	2880	Dendritic	DC2 C1QC+	Dendritic cell	DC	C1QA	29	-0.380146116477684	97.7099236641221	0.78894628596048	unknown; source workbook does not define whether this is log2FC	D. Shared/functional markers	False	shared_or_cross_lineage_risk	False	False		3	5	2	2	Dendritic;Macrophage;Macrophage FABP4+	DC2 C1QC+;Macrophage C1Q hi;Macrophage FABP4+;Macrophage FABP4+/PDE4C+;Macrophage LYVE1+	DC;Macrophage	0		Positive top-marker lists only; no complete non-target expression matrix, so cell specificity cannot be fully estimated.
Lung	BI_PF_ILD_atlas_v1	Sheet 1	2881	Dendritic	DC2 C1QC+	Dendritic cell	DC	LST1	30	-0.0787957109723916	92.7480916030534	0.783579485537441	unknown; source workbook does not define whether this is log2FC	D. Shared/functional markers	False	shared_or_cross_lineage_risk	False	True		2	5	2	2	Dendritic;Monocyte	DC2 C1QC+;DC2 CD1A+/CD1E+;DC2 CLEC10A+;Monocytes CD14+/IL1B;Monocytes CD16+	DC;Monocyte	0		Positive top-marker lists only; no complete non-target expression matrix, so cell specificity cannot be fully estimated.
Lung	BI_PF_ILD_atlas_v1	Sheet 1	2882	Dendritic	DC2 C1QC+	Dendritic cell	DC	PLD4	31	3.67474250981398	57.8880407124682	0.783069715345344	unknown; source workbook does not define whether this is log2FC	B. Extended lineage markers	False	limited_extended_evidence	False	False		2	2	2	1	Dendritic;pDC	DC2 C1QC+;pDC	DC	0		Positive top-marker lists only; no complete non-target expression matrix, so cell specificity cannot be fully estimated.
Lung	BI_PF_ILD_atlas_v1	Sheet 1	2883	Dendritic	DC2 C1QC+	Dendritic cell	DC	CKLF	32	0.646455846604856	78.8804071246819	0.780495912715588	unknown; source workbook does not define whether this is log2FC	B. Extended lineage markers	False	limited_extended_evidence	False	False		1	2	1	1	Dendritic	DC2 C1QC+;DC2 CD1A+/CD1E+	DC	0		Positive top-marker lists only; no complete non-target expression matrix, so cell specificity cannot be fully estimated.
Lung	BI_PF_ILD_atlas_v1	Sheet 1	2884	Dendritic	DC2 C1QC+	Dendritic cell	DC	MEF2C	33	0.6558215132073	70.6743002544529	0.772590400071064	unknown; source workbook does not define whether this is log2FC	D. Shared/functional markers	False	shared_or_cross_lineage_risk	False	False		2	4	3	3	B/Plasma;Dendritic	B cell;B cell LRMP+;DC2 C1QC+;Plasma B	B;DC;Plasma	0		Positive top-marker lists only; no complete non-target expression matrix, so cell specificity cannot be fully estimated.
Lung	BI_PF_ILD_atlas_v1	Sheet 1	2885	Dendritic	DC2 C1QC+	Dendritic cell	DC	CORO1A	34	0.517459712116326	70.9287531806616	0.771836014012306	unknown; source workbook does not define whether this is log2FC	D. Shared/functional markers	False	shared_or_cross_lineage_risk	False	False		3	4	3	3	Dendritic;Monocyte;T cell	DC2 C1QC+;Monocytes CD14+/IL1B;Monocytes CD16+;T CD4+ JUN+	DC;Monocyte;T	0		Positive top-marker lists only; no complete non-target expression matrix, so cell specificity cannot be fully estimated.
Lung	BI_PF_ILD_atlas_v1	Sheet 1	2886	Dendritic	DC2 C1QC+	Dendritic cell	DC	CSF2RA	35	0.460575582034952	75.6361323155216	0.77012966083329	unknown; source workbook does not define whether this is log2FC	B. Extended lineage markers	False	limited_extended_evidence	False	True		1	5	1	1	Dendritic	DC CXCL2+/CD14+/CD1C-;DC LAMP3+/CCR7+;DC1 CLEC9A+;DC2 C1QC+;DC2 CLEC10A+	DC	0		Positive top-marker lists only; no complete non-target expression matrix, so cell specificity cannot be fully estimated.
Lung	BI_PF_ILD_atlas_v1	Sheet 1	2887	Dendritic	DC2 C1QC+	Dendritic cell	DC	HCLS1	36	0.245256980823607	80.089058524173	0.76483291325258	unknown; source workbook does not define whether this is log2FC	B. Extended lineage markers	False	limited_extended_evidence	False	False		1	1	1	1	Dendritic	DC2 C1QC+	DC	0		Positive top-marker lists only; no complete non-target expression matrix, so cell specificity cannot be fully estimated.
Lung	BI_PF_ILD_atlas_v1	Sheet 1	2888	Dendritic	DC2 C1QC+	Dendritic cell	DC	ENTPD1	37	1.02875403143036	66.2849872773537	0.764308985435046	unknown; source workbook does not define whether this is log2FC	B. Extended lineage markers	False	limited_extended_evidence	False	True		1	3	1	1	Dendritic	DC2 C1QC+;DC2 CD1A+/CD1E+;DC2 CLEC10A+	DC	0		Positive top-marker lists only; no complete non-target expression matrix, so cell specificity cannot be fully estimated.
Lung	BI_PF_ILD_atlas_v1	Sheet 1	2889	Dendritic	DC2 C1QC+	Dendritic cell	DC	ARHGDIB	38	-0.271215595697193	92.175572519084	0.763118977148838	unknown; source workbook does not define whether this is log2FC	B. Extended lineage markers	False	limited_extended_evidence	False	False		1	1	1	1	Dendritic	DC2 C1QC+	DC	0		Positive top-marker lists only; no complete non-target expression matrix, so cell specificity cannot be fully estimated.
Lung	BI_PF_ILD_atlas_v1	Sheet 1	2890	Dendritic	DC2 C1QC+	Dendritic cell	DC	IGSF6	39	0.0722183296463301	77.8625954198473	0.76004888867139	unknown; source workbook does not define whether this is log2FC	B. Extended lineage markers	False	limited_extended_evidence	False	False		1	1	1	1	Dendritic	DC2 C1QC+	DC	0		Positive top-marker lists only; no complete non-target expression matrix, so cell specificity cannot be fully estimated.
Lung	BI_PF_ILD_atlas_v1	Sheet 1	2891	Dendritic	DC2 C1QC+	Dendritic cell	DC	C10orf54	40	0.505373964517863	68.2569974554707	0.752645398122671	unknown; source workbook does not define whether this is log2FC	D. Shared/functional markers	False	shared_or_cross_lineage_risk	False	False		2	3	2	2	Dendritic;Monocyte	DC2 C1QC+;Monocytes CD14+/IL1B;Monocytes CD16+	DC;Monocyte	0		Positive top-marker lists only; no complete non-target expression matrix, so cell specificity cannot be fully estimated.
Lung	BI_PF_ILD_atlas_v1	Sheet 1	2892	Dendritic	DC2 C1QC+	Dendritic cell	DC	COTL1	41	-0.213064578070639	91.0941475826972	0.75256350856146	unknown; source workbook does not define whether this is log2FC	D. Shared/functional markers	False	shared_or_cross_lineage_risk	False	True		2	4	2	2	Dendritic;Monocyte	DC2 C1QC+;DC2 CLEC10A+;Monocytes CD14+/IL1B;Monocytes CD16+	DC;Monocyte	0		Positive top-marker lists only; no complete non-target expression matrix, so cell specificity cannot be fully estimated.
Lung	BI_PF_ILD_atlas_v1	Sheet 1	2893	Dendritic	DC2 C1QC+	Dendritic cell	DC	FYB	42	0.173906626829301	76.2086513994911	0.750600153674891	unknown; source workbook does not define whether this is log2FC	D. Shared/functional markers	False	shared_or_cross_lineage_risk	False	False		2	2	2	2	Dendritic;Monocyte	DC2 C1QC+;Monocytes CD14+/IL1B	DC;Monocyte	0		Positive top-marker lists only; no complete non-target expression matrix, so cell specificity cannot be fully estimated.
Lung	BI_PF_ILD_atlas_v1	Sheet 1	2894	Dendritic	DC2 C1QC+	Dendritic cell	DC	TYROBP	43	-0.657475406323206	99.5547073791349	0.75020706623181	unknown; source workbook does not define whether this is log2FC	D. Shared/functional markers	False	shared_or_cross_lineage_risk	False	False		3	4	3	2	Dendritic;Macrophage;Macrophage FABP4+	DC2 C1QC+;Macrophage CHI3L1+/CD9 hi/;Macrophage FABP4+;Macrophage RETN+/VCAN+	DC;Macrophage	0		Positive top-marker lists only; no complete non-target expression matrix, so cell specificity cannot be fully estimated.
Lung	BI_PF_ILD_atlas_v1	Sheet 1	2895	Dendritic	DC2 C1QC+	Dendritic cell	DC	CD86	44	0.461071769985343	74.0458015267176	0.748604607333023	unknown; source workbook does not define whether this is log2FC	B. Extended lineage markers	False	limited_extended_evidence	False	True		1	4	1	1	Dendritic	DC CXCL2+/CD14+/CD1C-;DC2 C1QC+;DC2 CD1A+/CD1E+;DC2 CLEC10A+	DC	0		Positive top-marker lists only; no complete non-target expression matrix, so cell specificity cannot be fully estimated.
Lung	BI_PF_ILD_atlas_v1	Sheet 1	2896	Dendritic	DC2 C1QC+	Dendritic cell	DC	FAM49B	45	-0.179962356125089	87.9770992366412	0.748360184654104	unknown; source workbook does not define whether this is log2FC	B. Extended lineage markers	False	limited_extended_evidence	False	False		1	1	1	1	Dendritic	DC2 C1QC+	DC	0		Positive top-marker lists only; no complete non-target expression matrix, so cell specificity cannot be fully estimated.
Lung	BI_PF_ILD_atlas_v1	Sheet 1	2897	Dendritic	DC2 C1QC+	Dendritic cell	DC	SRGN	46	-0.579588169606932	98.9821882951654	0.748265590269493	unknown; source workbook does not define whether this is log2FC	D. Shared/functional markers	False	shared_or_cross_lineage_risk	False	True		4	10	5	4	Basophil/Mast;Dendritic;Macrophage;Monocyte	Basophil/Mast;DC CXCL2+/CD14+/CD1C-;DC2 C1QC+;DC2 CLEC10A+;Macrophage IL1B+;Macrophage LYVE1+;Macrophage RETN+/VCAN+;Monocytes CD14+;Monocytes CD14+/IL1B;Monocytes CD16+	DC;Macrophage;Mast/Basophil;Monocyte	0		Positive top-marker lists only; no complete non-target expression matrix, so cell specificity cannot be fully estimated.
Lung	BI_PF_ILD_atlas_v1	Sheet 1	2898	Dendritic	DC2 C1QC+	Dendritic cell	DC	PAK1	47	0.991504151663166	61.6412213740458	0.745379812220143	unknown; source workbook does not define whether this is log2FC	D. Shared/functional markers	False	shared_or_cross_lineage_risk	False	False		2	3	2	2	Basophil/Mast;Dendritic	Basophil/Mast;DC2 C1QC+;DC2 CD1A+/CD1E+	DC;Mast/Basophil	0		Positive top-marker lists only; no complete non-target expression matrix, so cell specificity cannot be fully estimated.
Lung	BI_PF_ILD_atlas_v1	Sheet 1	2899	Dendritic	DC2 C1QC+	Dendritic cell	DC	TBXAS1	48	0.260937381681967	79.3893129770992	0.744956322041437	unknown; source workbook does not define whether this is log2FC	D. Shared/functional markers	False	shared_or_cross_lineage_risk	False	False		3	4	3	3	Dendritic;Macrophage FABP4+;Monocyte	DC2 C1QC+;Macrophage FABP4+/PDE4C+;Monocytes CD14+/IL1B;Monocytes CD16+	DC;Macrophage;Monocyte	0		Positive top-marker lists only; no complete non-target expression matrix, so cell specificity cannot be fully estimated.
Lung	BI_PF_ILD_atlas_v1	Sheet 1	2900	Dendritic	DC2 C1QC+	Dendritic cell	DC	NPC2	49	-0.781005776656302	99.1094147582697	0.74011281527684	unknown; source workbook does not define whether this is log2FC	D. Shared/functional markers	False	shared_or_cross_lineage_risk	False	False		2	2	2	2	Dendritic;Macrophage	DC2 C1QC+;Macrophage CHI3L1+/CD9 hi/	DC;Macrophage	3	AT2;dividing AT2;pre AT2	Positive top-marker lists only; no complete non-target expression matrix, so cell specificity cannot be fully estimated.
Lung	BI_PF_ILD_atlas_v1	Sheet 1	2901	Dendritic	DC2 C1QC+	Dendritic cell	DC	OGFRL1	50	0.96582762387038	63.6132315521629	0.73953602829517	unknown; source workbook does not define whether this is log2FC	B. Extended lineage markers	False	limited_extended_evidence	False	False		1	1	1	1	Dendritic	DC2 C1QC+	DC	0		Positive top-marker lists only; no complete non-target expression matrix, so cell specificity cannot be fully estimated.
Lung	BI_PF_ILD_atlas_v1	Sheet 1	2902	Dendritic	DC2 CD1A+/CD1E+	Dendritic cell	DC	S100B	1	5.64716608922514	97.8260869565217	0.987498560385403	unknown; source workbook does not define whether this is log2FC	C. State-associated markers	True	state_associated_not_lineage_core	False	False		1	3	1	1	Dendritic	DC1 CLEC9A+;DC2 C1QC+;DC2 CD1A+/CD1E+	DC	0		Positive top-marker lists only; no complete non-target expression matrix, so cell specificity cannot be fully estimated.
Lung	BI_PF_ILD_atlas_v1	Sheet 1	2903	Dendritic	DC2 CD1A+/CD1E+	Dendritic cell	DC	CD1A	2	6.68155633054432	95.4106280193237	0.976346093833793	unknown; source workbook does not define whether this is log2FC	C. State-associated markers	True	state_associated_not_lineage_core	False	False		1	1	1	1	Dendritic	DC2 CD1A+/CD1E+	DC	0		Positive top-marker lists only; no complete non-target expression matrix, so cell specificity cannot be fully estimated.
Lung	BI_PF_ILD_atlas_v1	Sheet 1	2904	Dendritic	DC2 CD1A+/CD1E+	Dendritic cell	DC	PKIB	3	3.407303265989	96.6183574879227	0.975671952272177	unknown; source workbook does not define whether this is log2FC	C. State-associated markers	True	state_associated_not_lineage_core	False	False		1	3	1	1	Dendritic	DC2 C1QC+;DC2 CD1A+/CD1E+;DC2 CLEC10A+	DC	0		Positive top-marker lists only; no complete non-target expression matrix, so cell specificity cannot be fully estimated.
Lung	BI_PF_ILD_atlas_v1	Sheet 1	2905	Dendritic	DC2 CD1A+/CD1E+	Dendritic cell	DC	HLA-DQB2	4	5.56435980459845	94.2028985507246	0.965523224100656	unknown; source workbook does not define whether this is log2FC	D. Shared/functional markers	False	shared_or_cross_lineage_risk	False	False	antigen_presentation	1	1	1	1	Dendritic	DC2 CD1A+/CD1E+	DC	0		Positive top-marker lists only; no complete non-target expression matrix, so cell specificity cannot be fully estimated.
Lung	BI_PF_ILD_atlas_v1	Sheet 1	2906	Dendritic	DC2 CD1A+/CD1E+	Dendritic cell	DC	CD1E	5	4.15457563081417	91.304347826087	0.952958136975676	unknown; source workbook does not define whether this is log2FC	C. State-associated markers	True	state_associated_not_lineage_core	False	False		1	1	1	1	Dendritic	DC2 CD1A+/CD1E+	DC	0		Positive top-marker lists only; no complete non-target expression matrix, so cell specificity cannot be fully estimated.
Lung	BI_PF_ILD_atlas_v1	Sheet 1	2907	Dendritic	DC2 CD1A+/CD1E+	Dendritic cell	DC	FCER1A	6	4.08980959256974	90.5797101449275	0.948593779446911	unknown; source workbook does not define whether this is log2FC	C. State-associated markers	True	state_associated_not_lineage_core	True	False		1	2	1	1	Dendritic	DC2 CD1A+/CD1E+;DC2 CLEC10A+	DC	0		Positive top-marker lists only; no complete non-target expression matrix, so cell specificity cannot be fully estimated.
Lung	BI_PF_ILD_atlas_v1	Sheet 1	2908	Dendritic	DC2 CD1A+/CD1E+	Dendritic cell	DC	HLA-DQA1	7	0.987373803136329	100.0	0.946328799689375	unknown; source workbook does not define whether this is log2FC	D. Shared/functional markers	False	shared_or_cross_lineage_risk	False	True	antigen_presentation	3	9	2	2	Dendritic;Macrophage;Macrophage FABP4+	DC CXCL2+/CD14+/CD1C-;DC LAMP3+/CCR7+;DC1 CLEC9A+;DC2 C1QC+;DC2 CD1A+/CD1E+;DC2 CLEC10A+;Macrophage C1Q hi;Macrophage FABP4+;Macrophage FABP4+/PDE4C+	DC;Macrophage	0		Positive top-marker lists only; no complete non-target expression matrix, so cell specificity cannot be fully estimated.
Lung	BI_PF_ILD_atlas_v1	Sheet 1	2909	Dendritic	DC2 CD1A+/CD1E+	Dendritic cell	DC	HLA-DPB1	8	0.528486194407405	99.7584541062802	0.943329836365225	unknown; source workbook does not define whether this is log2FC	D. Shared/functional markers	False	shared_or_cross_lineage_risk	False	True	antigen_presentation	3	7	2	2	Dendritic;Macrophage;Macrophage FABP4+	DC CXCL2+/CD14+/CD1C-;DC1 CLEC9A+;DC2 C1QC+;DC2 CD1A+/CD1E+;DC2 CLEC10A+;Macrophage C1Q hi;Macrophage FABP4+	DC;Macrophage	0		Positive top-marker lists only; no complete non-target expression matrix, so cell specificity cannot be fully estimated.
Lung	BI_PF_ILD_atlas_v1	Sheet 1	2910	Dendritic	DC2 CD1A+/CD1E+	Dendritic cell	DC	LTB	9	3.27515504878334	90.5797101449275	0.939910457418591	unknown; source workbook does not define whether this is log2FC	D. Shared/functional markers	False	shared_or_cross_lineage_risk	False	False		3	5	4	3	B/Plasma;Dendritic;T cell	B cell;B cell LRMP+;DC2 CD1A+/CD1E+;T regulatory;helper T CD4+ CDR7+	B;DC;T	0		Positive top-marker lists only; no complete non-target expression matrix, so cell specificity cannot be fully estimated.
Lung	BI_PF_ILD_atlas_v1	Sheet 1	2911	Dendritic	DC2 CD1A+/CD1E+	Dendritic cell	DC	C15orf48	10	1.44396064145349	95.1690821256039	0.931020800100524	unknown; source workbook does not define whether this is log2FC	D. Shared/functional markers	False	shared_or_cross_lineage_risk	False	False		2	3	2	2	Dendritic;Macrophage	DC2 CD1A+/CD1E+;Macrophage IL1B+;Macrophage RETN+/VCAN+	DC;Macrophage	0		Positive top-marker lists only; no complete non-target expression matrix, so cell specificity cannot be fully estimated.
Lung	BI_PF_ILD_atlas_v1	Sheet 1	2912	Dendritic	DC2 CD1A+/CD1E+	Dendritic cell	DC	HLA-DQB1	11	0.535159850064364	99.7584541062802	0.927899863250302	unknown; source workbook does not define whether this is log2FC	D. Shared/functional markers	False	shared_or_cross_lineage_risk	False	True	antigen_presentation	1	5	1	1	Dendritic	DC CXCL2+/CD14+/CD1C-;DC1 CLEC9A+;DC2 C1QC+;DC2 CD1A+/CD1E+;DC2 CLEC10A+	DC	0		Positive top-marker lists only; no complete non-target expression matrix, so cell specificity cannot be fully estimated.
Lung	BI_PF_ILD_atlas_v1	Sheet 1	2913	Dendritic	DC2 CD1A+/CD1E+	Dendritic cell	DC	ENTPD1	12	2.38782312960244	90.8212560386473	0.921349064862939	unknown; source workbook does not define whether this is log2FC	C. State-associated markers	True	state_associated_not_lineage_core	False	True		1	3	1	1	Dendritic	DC2 C1QC+;DC2 CD1A+/CD1E+;DC2 CLEC10A+	DC	0		Positive top-marker lists only; no complete non-target expression matrix, so cell specificity cannot be fully estimated.
Lung	BI_PF_ILD_atlas_v1	Sheet 1	2914	Dendritic	DC2 CD1A+/CD1E+	Dendritic cell	DC	CD74	13	0.448027531281927	100.0	0.92106667109933	unknown; source workbook does not define whether this is log2FC	D. Shared/functional markers	False	shared_or_cross_lineage_risk	False	True	antigen_presentation	2	7	2	2	Dendritic;Macrophage FABP4+	DC CXCL2+/CD14+/CD1C-;DC1 CLEC9A+;DC2 C1QC+;DC2 CD1A+/CD1E+;DC2 CLEC10A+;Macrophage FABP4+;Macrophage FABP4+/PDE4C+	DC;Macrophage	0		Positive top-marker lists only; no complete non-target expression matrix, so cell specificity cannot be fully estimated.
Lung	BI_PF_ILD_atlas_v1	Sheet 1	2915	Dendritic	DC2 CD1A+/CD1E+	Dendritic cell	DC	HLA-DPA1	14	0.198102058916147	99.7584541062802	0.92060457268128	unknown; source workbook does not define whether this is log2FC	D. Shared/functional markers	False	shared_or_cross_lineage_risk	False	True	antigen_presentation	2	6	2	2	Dendritic;Macrophage FABP4+	DC CXCL2+/CD14+/CD1C-;DC1 CLEC9A+;DC2 C1QC+;DC2 CD1A+/CD1E+;DC2 CLEC10A+;Macrophage FABP4+	DC;Macrophage	0		Positive top-marker lists only; no complete non-target expression matrix, so cell specificity cannot be fully estimated.
Lung	BI_PF_ILD_atlas_v1	Sheet 1	2916	Dendritic	DC2 CD1A+/CD1E+	Dendritic cell	DC	LST1	15	0.596377321676721	97.5845410628019	0.912996033889819	unknown; source workbook does not define whether this is log2FC	D. Shared/functional markers	False	shared_or_cross_lineage_risk	False	True		2	5	2	2	Dendritic;Monocyte	DC2 C1QC+;DC2 CD1A+/CD1E+;DC2 CLEC10A+;Monocytes CD14+/IL1B;Monocytes CD16+	DC;Monocyte	0		Positive top-marker lists only; no complete non-target expression matrix, so cell specificity cannot be fully estimated.
Lung	BI_PF_ILD_atlas_v1	Sheet 1	2917	Dendritic	DC2 CD1A+/CD1E+	Dendritic cell	DC	CD1C	16	3.49600464682937	83.0917874396135	0.909048291991554	unknown; source workbook does not define whether this is log2FC	C. State-associated markers	True	state_associated_not_lineage_core	True	False		1	2	1	1	Dendritic	DC2 CD1A+/CD1E+;DC2 CLEC10A+	DC	0		Positive top-marker lists only; no complete non-target expression matrix, so cell specificity cannot be fully estimated.
Lung	BI_PF_ILD_atlas_v1	Sheet 1	2918	Dendritic	DC2 CD1A+/CD1E+	Dendritic cell	DC	HLA-DRA	17	-0.159927053310092	100.0	0.900021111526643	unknown; source workbook does not define whether this is log2FC	D. Shared/functional markers	False	shared_or_cross_lineage_risk	False	True	antigen_presentation	3	8	2	2	Dendritic;Macrophage;Macrophage FABP4+	DC CXCL2+/CD14+/CD1C-;DC1 CLEC9A+;DC2 C1QC+;DC2 CD1A+/CD1E+;DC2 CLEC10A+;Macrophage C1Q hi;Macrophage FABP4+;Macrophage FABP4+/PDE4C+	DC;Macrophage	0		Positive top-marker lists only; no complete non-target expression matrix, so cell specificity cannot be fully estimated.
Lung	BI_PF_ILD_atlas_v1	Sheet 1	2919	Dendritic	DC2 CD1A+/CD1E+	Dendritic cell	DC	PAK1	18	1.45960486943732	87.43961352657	0.899985780929078	unknown; source workbook does not define whether this is log2FC	D. Shared/functional markers	False	shared_or_cross_lineage_risk	False	False		2	3	2	2	Basophil/Mast;Dendritic	Basophil/Mast;DC2 C1QC+;DC2 CD1A+/CD1E+	DC;Mast/Basophil	0		Positive top-marker lists only; no complete non-target expression matrix, so cell specificity cannot be fully estimated.
Lung	BI_PF_ILD_atlas_v1	Sheet 1	2920	Dendritic	DC2 CD1A+/CD1E+	Dendritic cell	DC	CD207	19	6.12567535928176	79.951690821256	0.898968816508661	unknown; source workbook does not define whether this is log2FC	C. State-associated markers	True	state_associated_not_lineage_core	False	False		1	1	1	1	Dendritic	DC2 CD1A+/CD1E+	DC	0		Positive top-marker lists only; no complete non-target expression matrix, so cell specificity cannot be fully estimated.
Lung	BI_PF_ILD_atlas_v1	Sheet 1	2921	Dendritic	DC2 CD1A+/CD1E+	Dendritic cell	DC	FCGBP	20	4.82425880458878	80.1932367149759	0.897367919588863	unknown; source workbook does not define whether this is log2FC	C. State-associated markers	True	state_associated_not_lineage_core	False	False		1	1	1	1	Dendritic	DC2 CD1A+/CD1E+	DC	0		Positive top-marker lists only; no complete non-target expression matrix, so cell specificity cannot be fully estimated.
Lung	BI_PF_ILD_atlas_v1	Sheet 1	2922	Dendritic	DC2 CD1A+/CD1E+	Dendritic cell	DC	HLA-DQA2	21	2.21121402523148	85.5072463768116	0.887860870940529	unknown; source workbook does not define whether this is log2FC	D. Shared/functional markers	False	shared_or_cross_lineage_risk	False	False	antigen_presentation	1	1	1	1	Dendritic	DC2 CD1A+/CD1E+	DC	0		Positive top-marker lists only; no complete non-target expression matrix, so cell specificity cannot be fully estimated.
Lung	BI_PF_ILD_atlas_v1	Sheet 1	2923	Dendritic	DC2 CD1A+/CD1E+	Dendritic cell	DC	HLA-DRB1	22	0.0248739814977288	100.0	0.887265691360819	unknown; source workbook does not define whether this is log2FC	D. Shared/functional markers	False	shared_or_cross_lineage_risk	False	True	antigen_presentation	3	8	2	2	Dendritic;Macrophage;Macrophage FABP4+	DC CXCL2+/CD14+/CD1C-;DC1 CLEC9A+;DC2 C1QC+;DC2 CD1A+/CD1E+;DC2 CLEC10A+;Macrophage C1Q hi;Macrophage FABP4+;Macrophage FABP4+/PDE4C+	DC;Macrophage	0		Positive top-marker lists only; no complete non-target expression matrix, so cell specificity cannot be fully estimated.
Lung	BI_PF_ILD_atlas_v1	Sheet 1	2924	Dendritic	DC2 CD1A+/CD1E+	Dendritic cell	DC	GNA15	23	1.25367664518913	87.6811594202899	0.885758499318097	unknown; source workbook does not define whether this is log2FC	C. State-associated markers	True	state_associated_not_lineage_core	False	False		1	1	1	1	Dendritic	DC2 CD1A+/CD1E+	DC	0		Positive top-marker lists only; no complete non-target expression matrix, so cell specificity cannot be fully estimated.
Lung	BI_PF_ILD_atlas_v1	Sheet 1	2925	Dendritic	DC2 CD1A+/CD1E+	Dendritic cell	DC	CKLF	24	1.01997246279231	90.3381642512077	0.883336458757586	unknown; source workbook does not define whether this is log2FC	C. State-associated markers	True	state_associated_not_lineage_core	False	False		1	2	1	1	Dendritic	DC2 C1QC+;DC2 CD1A+/CD1E+	DC	0		Positive top-marker lists only; no complete non-target expression matrix, so cell specificity cannot be fully estimated.
Lung	BI_PF_ILD_atlas_v1	Sheet 1	2926	Dendritic	DC2 CD1A+/CD1E+	Dendritic cell	DC	STK17B	25	0.824793104864695	94.9275362318841	0.882885426160418	unknown; source workbook does not define whether this is log2FC	D. Shared/functional markers	False	shared_or_cross_lineage_risk	False	True		3	8	5	3	Dendritic;Monocyte;T cell	CD8+ Naive T;DC1 CLEC9A+;DC2 CD1A+/CD1E+;DC2 CLEC10A+;Monocytes CD16+;T CD4+ JUN+;T regulatory;helper T CD4+	DC;Monocyte;T	0		Positive top-marker lists only; no complete non-target expression matrix, so cell specificity cannot be fully estimated.
Lung	BI_PF_ILD_atlas_v1	Sheet 1	2927	Dendritic	DC2 CD1A+/CD1E+	Dendritic cell	DC	CD86	26	0.975874146504144	90.3381642512077	0.879257392511905	unknown; source workbook does not define whether this is log2FC	B. Extended lineage markers	True	moderate_extended	False	True		1	4	1	1	Dendritic	DC CXCL2+/CD14+/CD1C-;DC2 C1QC+;DC2 CD1A+/CD1E+;DC2 CLEC10A+	DC	0		Positive top-marker lists only; no complete non-target expression matrix, so cell specificity cannot be fully estimated.
Lung	BI_PF_ILD_atlas_v1	Sheet 1	2928	Dendritic	DC2 CD1A+/CD1E+	Dendritic cell	DC	HPGDS	27	2.82489346293105	78.743961352657	0.878458648495523	unknown; source workbook does not define whether this is log2FC	D. Shared/functional markers	False	shared_or_cross_lineage_risk	False	False		2	2	2	2	Basophil/Mast;Dendritic	Basophil/Mast;DC2 CD1A+/CD1E+	DC;Mast/Basophil	0		Positive top-marker lists only; no complete non-target expression matrix, so cell specificity cannot be fully estimated.
Lung	BI_PF_ILD_atlas_v1	Sheet 1	2929	Dendritic	DC2 CD1A+/CD1E+	Dendritic cell	DC	YWHAH	28	0.443798920937033	94.2028985507246	0.878025105025633	unknown; source workbook does not define whether this is log2FC	B. Extended lineage markers	True	moderate_extended	False	False		1	3	1	1	Dendritic	DC2 C1QC+;DC2 CD1A+/CD1E+;DC2 CLEC10A+	DC	0		Positive top-marker lists only; no complete non-target expression matrix, so cell specificity cannot be fully estimated.
Lung	BI_PF_ILD_atlas_v1	Sheet 1	2930	Dendritic	DC2 CD1A+/CD1E+	Dendritic cell	DC	RGS1	29	0.146879315159084	90.0966183574879	0.863880110981676	unknown; source workbook does not define whether this is log2FC	D. Shared/functional markers	False	shared_or_cross_lineage_risk	False	True		5	11	6	5	B/Plasma;Basophil/Mast;Dendritic;Macrophage;T cell	Basophil/Mast;DC CXCL2+/CD14+/CD1C-;DC LAMP3+/CCR7+;DC2 C1QC+;DC2 CD1A+/CD1E+;DC2 CLEC10A+;Macrophage C1Q hi;Plasma B;T CD4+ JUN+;T regulatory;helper T CD4+	DC;Macrophage;Mast/Basophil;Plasma;T	0		Positive top-marker lists only; no complete non-target expression matrix, so cell specificity cannot be fully estimated.
Lung	BI_PF_ILD_atlas_v1	Sheet 1	2931	Dendritic	DC2 CD1A+/CD1E+	Dendritic cell	DC	GSN	30	-0.00657555505442708	96.3768115942029	0.861253324581565	unknown; source workbook does not define whether this is log2FC	D. Shared/functional markers	False	shared_or_cross_lineage_risk	False	False		1	1	1	1	Dendritic	DC2 CD1A+/CD1E+	DC	2	Adventital fibroblast;Fib COL13A1+	Positive top-marker lists only; no complete non-target expression matrix, so cell specificity cannot be fully estimated.
Lung	BI_PF_ILD_atlas_v1	Sheet 1	2932	Dendritic	DC2 CD1A+/CD1E+	Dendritic cell	DC	GPR183	31	0.57668976632794	86.9565217391304	0.86121146145057	unknown; source workbook does not define whether this is log2FC	D. Shared/functional markers	False	shared_or_cross_lineage_risk	False	True		3	8	4	2	Dendritic;Macrophage;pDC	DC CXCL2+/CD14+/CD1C-;DC2 C1QC+;DC2 CD1A+/CD1E+;DC2 CLEC10A+;Macrophage C1Q hi;Macrophage IL1B+;Macrophage RETN+/VCAN+;pDC	DC;Macrophage	0		Positive top-marker lists only; no complete non-target expression matrix, so cell specificity cannot be fully estimated.
Lung	BI_PF_ILD_atlas_v1	Sheet 1	2933	Dendritic	DC2 CD1A+/CD1E+	Dendritic cell	DC	NDRG2	32	2.22215189599066	76.0869565217391	0.85958924526983	unknown; source workbook does not define whether this is log2FC	B. Extended lineage markers	False	limited_extended_evidence	False	False		1	1	1	1	Dendritic	DC2 CD1A+/CD1E+	DC	0		Positive top-marker lists only; no complete non-target expression matrix, so cell specificity cannot be fully estimated.
Lung	BI_PF_ILD_atlas_v1	Sheet 1	2934	Dendritic	DC2 CD1A+/CD1E+	Dendritic cell	DC	SLC38A1	33	1.20727739974421	79.951690821256	0.856844884455597	unknown; source workbook does not define whether this is log2FC	B. Extended lineage markers	False	limited_extended_evidence	False	False		1	1	1	1	Dendritic	DC2 CD1A+/CD1E+	DC	0		Positive top-marker lists only; no complete non-target expression matrix, so cell specificity cannot be fully estimated.
Lung	BI_PF_ILD_atlas_v1	Sheet 1	2935	Dendritic	DC2 CD1A+/CD1E+	Dendritic cell	DC	ALOX5	34	0.291850208343979	93.2367149758454	0.855786781485817	unknown; source workbook does not define whether this is log2FC	D. Shared/functional markers	False	shared_or_cross_lineage_risk	False	False		2	2	2	2	Dendritic;Macrophage FABP4+	DC2 CD1A+/CD1E+;Macrophage FABP4+	DC;Macrophage	0		Positive top-marker lists only; no complete non-target expression matrix, so cell specificity cannot be fully estimated.
Lung	BI_PF_ILD_atlas_v1	Sheet 1	2936	Dendritic	DC2 CD1A+/CD1E+	Dendritic cell	DC	RGS10	35	0.207081613791554	90.8212560386473	0.853323212335366	unknown; source workbook does not define whether this is log2FC	B. Extended lineage markers	False	limited_extended_evidence	False	True		1	5	1	1	Dendritic	DC CXCL2+/CD14+/CD1C-;DC1 CLEC9A+;DC2 C1QC+;DC2 CD1A+/CD1E+;DC2 CLEC10A+	DC	0		Positive top-marker lists only; no complete non-target expression matrix, so cell specificity cannot be fully estimated.
Lung	BI_PF_ILD_atlas_v1	Sheet 1	2937	Dendritic	DC2 CD1A+/CD1E+	Dendritic cell	DC	PLEK2	36	4.21890172011422	71.4975845410628	0.852488332317513	unknown; source workbook does not define whether this is log2FC	B. Extended lineage markers	False	limited_extended_evidence	False	False		1	1	1	1	Dendritic	DC2 CD1A+/CD1E+	DC	0		Positive top-marker lists only; no complete non-target expression matrix, so cell specificity cannot be fully estimated.
Lung	BI_PF_ILD_atlas_v1	Sheet 1	2938	Dendritic	DC2 CD1A+/CD1E+	Dendritic cell	DC	HLA-DMB	37	-0.110841380461329	92.512077294686	0.850547472471938	unknown; source workbook does not define whether this is log2FC	D. Shared/functional markers	False	shared_or_cross_lineage_risk	False	True	antigen_presentation	1	4	1	1	Dendritic	DC CXCL2+/CD14+/CD1C-;DC2 C1QC+;DC2 CD1A+/CD1E+;DC2 CLEC10A+	DC	0		Positive top-marker lists only; no complete non-target expression matrix, so cell specificity cannot be fully estimated.
Lung	BI_PF_ILD_atlas_v1	Sheet 1	2939	Dendritic	DC2 CD1A+/CD1E+	Dendritic cell	DC	LCP1	38	-0.214606532290258	97.8260869565217	0.850312933717355	unknown; source workbook does not define whether this is log2FC	B. Extended lineage markers	False	limited_extended_evidence	False	False		1	1	1	1	Dendritic	DC2 CD1A+/CD1E+	DC	0		Positive top-marker lists only; no complete non-target expression matrix, so cell specificity cannot be fully estimated.
Lung	BI_PF_ILD_atlas_v1	Sheet 1	2940	Dendritic	DC2 CD1A+/CD1E+	Dendritic cell	DC	RALA	39	0.570327825083152	86.7149758454106	0.848644637640886	unknown; source workbook does not define whether this is log2FC	B. Extended lineage markers	False	limited_extended_evidence	False	True		1	2	1	1	Dendritic	DC2 CD1A+/CD1E+;DC2 CLEC10A+	DC	0		Positive top-marker lists only; no complete non-target expression matrix, so cell specificity cannot be fully estimated.
Lung	BI_PF_ILD_atlas_v1	Sheet 1	2941	Dendritic	DC2 CD1A+/CD1E+	Dendritic cell	DC	MCOLN2	40	2.70190399741103	72.2222222222222	0.848285287507128	unknown; source workbook does not define whether this is log2FC	B. Extended lineage markers	False	limited_extended_evidence	False	False		1	2	1	1	Dendritic	DC1 CLEC9A+;DC2 CD1A+/CD1E+	DC	0		Positive top-marker lists only; no complete non-target expression matrix, so cell specificity cannot be fully estimated.
Lung	BI_PF_ILD_atlas_v1	Sheet 1	2942	Dendritic	DC2 CD1A+/CD1E+	Dendritic cell	DC	DENND1B	41	1.1367928734743	81.1594202898551	0.847616140232806	unknown; source workbook does not define whether this is log2FC	B. Extended lineage markers	False	limited_extended_evidence	False	False		1	2	1	1	Dendritic	DC1 CLEC9A+;DC2 CD1A+/CD1E+	DC	0		Positive top-marker lists only; no complete non-target expression matrix, so cell specificity cannot be fully estimated.
Lung	BI_PF_ILD_atlas_v1	Sheet 1	2943	Dendritic	DC2 CD1A+/CD1E+	Dendritic cell	DC	CD83	42	0.369318918024586	89.8550724637681	0.843663318145801	unknown; source workbook does not define whether this is log2FC	D. Shared/functional markers	False	shared_or_cross_lineage_risk	False	True		2	5	2	2	B/Plasma;Dendritic	B cell;DC LAMP3+/CCR7+;DC1 CLEC9A+;DC2 CD1A+/CD1E+;DC2 CLEC10A+	B;DC	0		Positive top-marker lists only; no complete non-target expression matrix, so cell specificity cannot be fully estimated.
Lung	BI_PF_ILD_atlas_v1	Sheet 1	2944	Dendritic	DC2 CD1A+/CD1E+	Dendritic cell	DC	JAML	43	0.679762017025458	82.3671497584541	0.84205568979492	unknown; source workbook does not define whether this is log2FC	B. Extended lineage markers	False	limited_extended_evidence	False	False		1	2	1	1	Dendritic	DC2 CD1A+/CD1E+;DC2 CLEC10A+	DC	0		Positive top-marker lists only; no complete non-target expression matrix, so cell specificity cannot be fully estimated.
Lung	BI_PF_ILD_atlas_v1	Sheet 1	2945	Dendritic	DC2 CD1A+/CD1E+	Dendritic cell	DC	GPR137B	44	1.27923671171805	82.1256038647343	0.840632705649444	unknown; source workbook does not define whether this is log2FC	B. Extended lineage markers	False	limited_extended_evidence	False	False		1	3	1	1	Dendritic	DC LAMP3+/CCR7+;DC1 CLEC9A+;DC2 CD1A+/CD1E+	DC	0		Positive top-marker lists only; no complete non-target expression matrix, so cell specificity cannot be fully estimated.
Lung	BI_PF_ILD_atlas_v1	Sheet 1	2946	Dendritic	DC2 CD1A+/CD1E+	Dendritic cell	DC	GDI2	45	-0.0936629367961377	91.7874396135266	0.83167285175321	unknown; source workbook does not define whether this is log2FC	B. Extended lineage markers	False	limited_extended_evidence	False	False		1	1	1	1	Dendritic	DC2 CD1A+/CD1E+	DC	0		Positive top-marker lists only; no complete non-target expression matrix, so cell specificity cannot be fully estimated.
Lung	BI_PF_ILD_atlas_v1	Sheet 1	2947	Dendritic	DC2 CD1A+/CD1E+	Dendritic cell	DC	HLA-DRB5	46	-0.272322176088563	93.719806763285	0.830964384948265	unknown; source workbook does not define whether this is log2FC	D. Shared/functional markers	False	shared_or_cross_lineage_risk	False	True	antigen_presentation	1	3	1	1	Dendritic	DC2 C1QC+;DC2 CD1A+/CD1E+;DC2 CLEC10A+	DC	0		Positive top-marker lists only; no complete non-target expression matrix, so cell specificity cannot be fully estimated.
Lung	BI_PF_ILD_atlas_v1	Sheet 1	2948	Dendritic	DC2 CD1A+/CD1E+	Dendritic cell	DC	ADAM28	47	1.3983392407226	72.7053140096618	0.829331671492161	unknown; source workbook does not define whether this is log2FC	D. Shared/functional markers	False	shared_or_cross_lineage_risk	False	False		2	3	2	2	B/Plasma;Dendritic	B cell;DC2 C1QC+;DC2 CD1A+/CD1E+	B;DC	0		Positive top-marker lists only; no complete non-target expression matrix, so cell specificity cannot be fully estimated.
Lung	BI_PF_ILD_atlas_v1	Sheet 1	2949	Dendritic	DC2 CD1A+/CD1E+	Dendritic cell	DC	ACTB	48	-0.485272587776073	100.0	0.828397196097937	unknown; source workbook does not define whether this is log2FC	B. Extended lineage markers	False	limited_extended_evidence	False	False		1	1	1	1	Dendritic	DC2 CD1A+/CD1E+	DC	0		Positive top-marker lists only; no complete non-target expression matrix, so cell specificity cannot be fully estimated.
Lung	BI_PF_ILD_atlas_v1	Sheet 1	2950	Dendritic	DC2 CD1A+/CD1E+	Dendritic cell	DC	SLC8A1	49	1.36666247240708	84.5410628019324	0.825932839462498	unknown; source workbook does not define whether this is log2FC	D. Shared/functional markers	False	shared_or_cross_lineage_risk	False	True		2	3	2	2	Dendritic;Macrophage FABP4+	DC2 CD1A+/CD1E+;DC2 CLEC10A+;Macrophage FABP4+/PDE4C+	DC;Macrophage	0		Positive top-marker lists only; no complete non-target expression matrix, so cell specificity cannot be fully estimated.
Lung	BI_PF_ILD_atlas_v1	Sheet 1	2951	Dendritic	DC2 CD1A+/CD1E+	Dendritic cell	DC	LDLRAD4	50	0.243521278586631	86.4734299516908	0.825924556477675	unknown; source workbook does not define whether this is log2FC	D. Shared/functional markers	False	shared_or_cross_lineage_risk	False	True		3	5	3	2	Dendritic;T cell;pDC	DC1 CLEC9A+;DC2 CD1A+/CD1E+;DC2 CLEC10A+;T regulatory;pDC	DC;T	0		Positive top-marker lists only; no complete non-target expression matrix, so cell specificity cannot be fully estimated.
Lung	BI_PF_ILD_atlas_v1	Sheet 1	2952	Dendritic	DC2 CLEC10A+	Dendritic cell	DC	HLA-DPB1	1	1.91450537360665	99.6929375639713	0.913472080856815	unknown; source workbook does not define whether this is log2FC	D. Shared/functional markers	False	shared_or_cross_lineage_risk	False	True	antigen_presentation	3	7	2	2	Dendritic;Macrophage;Macrophage FABP4+	DC CXCL2+/CD14+/CD1C-;DC1 CLEC9A+;DC2 C1QC+;DC2 CD1A+/CD1E+;DC2 CLEC10A+;Macrophage C1Q hi;Macrophage FABP4+	DC;Macrophage	0		Positive top-marker lists only; no complete non-target expression matrix, so cell specificity cannot be fully estimated.
Lung	BI_PF_ILD_atlas_v1	Sheet 1	2953	Dendritic	DC2 CLEC10A+	Dendritic cell	DC	HLA-DQA1	2	2.09803865141658	98.4817468440805	0.90174835673707	unknown; source workbook does not define whether this is log2FC	D. Shared/functional markers	False	shared_or_cross_lineage_risk	False	True	antigen_presentation	3	9	2	2	Dendritic;Macrophage;Macrophage FABP4+	DC CXCL2+/CD14+/CD1C-;DC LAMP3+/CCR7+;DC1 CLEC9A+;DC2 C1QC+;DC2 CD1A+/CD1E+;DC2 CLEC10A+;Macrophage C1Q hi;Macrophage FABP4+;Macrophage FABP4+/PDE4C+	DC;Macrophage	0		Positive top-marker lists only; no complete non-target expression matrix, so cell specificity cannot be fully estimated.
Lung	BI_PF_ILD_atlas_v1	Sheet 1	2954	Dendritic	DC2 CLEC10A+	Dendritic cell	DC	HLA-DPA1	3	1.57702008944586	99.5735243944046	0.880229129422774	unknown; source workbook does not define whether this is log2FC	D. Shared/functional markers	False	shared_or_cross_lineage_risk	False	True	antigen_presentation	2	6	2	2	Dendritic;Macrophage FABP4+	DC CXCL2+/CD14+/CD1C-;DC1 CLEC9A+;DC2 C1QC+;DC2 CD1A+/CD1E+;DC2 CLEC10A+;Macrophage FABP4+	DC;Macrophage	0		Positive top-marker lists only; no complete non-target expression matrix, so cell specificity cannot be fully estimated.
Lung	BI_PF_ILD_atlas_v1	Sheet 1	2955	Dendritic	DC2 CLEC10A+	Dendritic cell	DC	HLA-DRA	4	1.28049242359838	100.0	0.869296681119475	unknown; source workbook does not define whether this is log2FC	D. Shared/functional markers	False	shared_or_cross_lineage_risk	False	True	antigen_presentation	3	8	2	2	Dendritic;Macrophage;Macrophage FABP4+	DC CXCL2+/CD14+/CD1C-;DC1 CLEC9A+;DC2 C1QC+;DC2 CD1A+/CD1E+;DC2 CLEC10A+;Macrophage C1Q hi;Macrophage FABP4+;Macrophage FABP4+/PDE4C+	DC;Macrophage	0		Positive top-marker lists only; no complete non-target expression matrix, so cell specificity cannot be fully estimated.
Lung	BI_PF_ILD_atlas_v1	Sheet 1	2956	Dendritic	DC2 CLEC10A+	Dendritic cell	DC	GPR183	5	2.17029960824951	89.0310474240873	0.868665293944044	unknown; source workbook does not define whether this is log2FC	D. Shared/functional markers	False	shared_or_cross_lineage_risk	False	True		3	8	4	2	Dendritic;Macrophage;pDC	DC CXCL2+/CD14+/CD1C-;DC2 C1QC+;DC2 CD1A+/CD1E+;DC2 CLEC10A+;Macrophage C1Q hi;Macrophage IL1B+;Macrophage RETN+/VCAN+;pDC	DC;Macrophage	0		Positive top-marker lists only; no complete non-target expression matrix, so cell specificity cannot be fully estimated.
Lung	BI_PF_ILD_atlas_v1	Sheet 1	2957	Dendritic	DC2 CLEC10A+	Dendritic cell	DC	HLA-DQB1	6	1.63429161349483	97.7823268509041	0.868571477931628	unknown; source workbook does not define whether this is log2FC	D. Shared/functional markers	False	shared_or_cross_lineage_risk	False	True	antigen_presentation	1	5	1	1	Dendritic	DC CXCL2+/CD14+/CD1C-;DC1 CLEC9A+;DC2 C1QC+;DC2 CD1A+/CD1E+;DC2 CLEC10A+	DC	0		Positive top-marker lists only; no complete non-target expression matrix, so cell specificity cannot be fully estimated.
Lung	BI_PF_ILD_atlas_v1	Sheet 1	2958	Dendritic	DC2 CLEC10A+	Dendritic cell	DC	CSF2RA	7	2.60040816987709	86.6086659843057	0.86473969260989	unknown; source workbook does not define whether this is log2FC	C. State-associated markers	True	state_associated_not_lineage_core	False	True		1	5	1	1	Dendritic	DC CXCL2+/CD14+/CD1C-;DC LAMP3+/CCR7+;DC1 CLEC9A+;DC2 C1QC+;DC2 CLEC10A+	DC	0		Positive top-marker lists only; no complete non-target expression matrix, so cell specificity cannot be fully estimated.
Lung	BI_PF_ILD_atlas_v1	Sheet 1	2959	Dendritic	DC2 CLEC10A+	Dendritic cell	DC	CD74	8	1.27853381221476	99.9488229273286	0.854361833868011	unknown; source workbook does not define whether this is log2FC	D. Shared/functional markers	False	shared_or_cross_lineage_risk	False	True	antigen_presentation	2	7	2	2	Dendritic;Macrophage FABP4+	DC CXCL2+/CD14+/CD1C-;DC1 CLEC9A+;DC2 C1QC+;DC2 CD1A+/CD1E+;DC2 CLEC10A+;Macrophage FABP4+;Macrophage FABP4+/PDE4C+	DC;Macrophage	0		Positive top-marker lists only; no complete non-target expression matrix, so cell specificity cannot be fully estimated.
Lung	BI_PF_ILD_atlas_v1	Sheet 1	2960	Dendritic	DC2 CLEC10A+	Dendritic cell	DC	RGS1	9	1.70262873378239	86.9839645172296	0.846274146353829	unknown; source workbook does not define whether this is log2FC	D. Shared/functional markers	False	shared_or_cross_lineage_risk	False	True		5	11	6	5	B/Plasma;Basophil/Mast;Dendritic;Macrophage;T cell	Basophil/Mast;DC CXCL2+/CD14+/CD1C-;DC LAMP3+/CCR7+;DC2 C1QC+;DC2 CD1A+/CD1E+;DC2 CLEC10A+;Macrophage C1Q hi;Plasma B;T CD4+ JUN+;T regulatory;helper T CD4+	DC;Macrophage;Mast/Basophil;Plasma;T	0		Positive top-marker lists only; no complete non-target expression matrix, so cell specificity cannot be fully estimated.
Lung	BI_PF_ILD_atlas_v1	Sheet 1	2961	Dendritic	DC2 CLEC10A+	Dendritic cell	DC	HLA-DRB1	10	1.19157065971771	99.727055612419	0.841625756969789	unknown; source workbook does not define whether this is log2FC	D. Shared/functional markers	False	shared_or_cross_lineage_risk	False	True	antigen_presentation	3	8	2	2	Dendritic;Macrophage;Macrophage FABP4+	DC CXCL2+/CD14+/CD1C-;DC1 CLEC9A+;DC2 C1QC+;DC2 CD1A+/CD1E+;DC2 CLEC10A+;Macrophage C1Q hi;Macrophage FABP4+;Macrophage FABP4+/PDE4C+	DC;Macrophage	0		Positive top-marker lists only; no complete non-target expression matrix, so cell specificity cannot be fully estimated.
Lung	BI_PF_ILD_atlas_v1	Sheet 1	2962	Dendritic	DC2 CLEC10A+	Dendritic cell	DC	AREG	11	1.83444827387075	89.1334015694302	0.839103993609246	unknown; source workbook does not define whether this is log2FC	D. Shared/functional markers	False	shared_or_cross_lineage_risk	False	True		4	5	4	4	Basophil/Mast;Dendritic;Monocyte;NK	Activated NK XCL1+;Basophil/Mast;DC CXCL2+/CD14+/CD1C-;DC2 CLEC10A+;Monocytes CD14+	DC;Mast/Basophil;Monocyte;NK	0		Positive top-marker lists only; no complete non-target expression matrix, so cell specificity cannot be fully estimated.
Lung	BI_PF_ILD_atlas_v1	Sheet 1	2963	Dendritic	DC2 CLEC10A+	Dendritic cell	DC	REL	12	1.46660194388176	90.805185943364	0.8118643154797	unknown; source workbook does not define whether this is log2FC	C. State-associated markers	True	state_associated_not_lineage_core	False	True		1	2	1	1	Dendritic	DC LAMP3+/CCR7+;DC2 CLEC10A+	DC	0		Positive top-marker lists only; no complete non-target expression matrix, so cell specificity cannot be fully estimated.
Lung	BI_PF_ILD_atlas_v1	Sheet 1	2964	Dendritic	DC2 CLEC10A+	Dendritic cell	DC	CXCR4	13	1.19788710507563	87.1886728079154	0.800232319187662	unknown; source workbook does not define whether this is log2FC	D. Shared/functional markers	False	shared_or_cross_lineage_risk	False	True		5	10	7	4	B/Plasma;Dendritic;NK;T cell;pDC	Activated NK XCL1+;B cell;CD8+ Naive T;Cytotoxic T;DC CXCL2+/CD14+/CD1C-;DC2 CLEC10A+;T CD4+ JUN+;helper T CD4+;helper T CD4+ CDR7+;pDC	B;DC;NK;T	0		Positive top-marker lists only; no complete non-target expression matrix, so cell specificity cannot be fully estimated.
Lung	BI_PF_ILD_atlas_v1	Sheet 1	2965	Dendritic	DC2 CLEC10A+	Dendritic cell	DC	SRGN	14	0.609470103931894	99.078812691914	0.797669026726761	unknown; source workbook does not define whether this is log2FC	D. Shared/functional markers	False	shared_or_cross_lineage_risk	False	True		4	10	5	4	Basophil/Mast;Dendritic;Macrophage;Monocyte	Basophil/Mast;DC CXCL2+/CD14+/CD1C-;DC2 C1QC+;DC2 CLEC10A+;Macrophage IL1B+;Macrophage LYVE1+;Macrophage RETN+/VCAN+;Monocytes CD14+;Monocytes CD14+/IL1B;Monocytes CD16+	DC;Macrophage;Mast/Basophil;Monocyte	0		Positive top-marker lists only; no complete non-target expression matrix, so cell specificity cannot be fully estimated.
Lung	BI_PF_ILD_atlas_v1	Sheet 1	2966	Dendritic	DC2 CLEC10A+	Dendritic cell	DC	CD86	15	1.73974183550604	78.949164107813	0.789321971976621	unknown; source workbook does not define whether this is log2FC	C. State-associated markers	True	state_associated_not_lineage_core	False	True		1	4	1	1	Dendritic	DC CXCL2+/CD14+/CD1C-;DC2 C1QC+;DC2 CD1A+/CD1E+;DC2 CLEC10A+	DC	0		Positive top-marker lists only; no complete non-target expression matrix, so cell specificity cannot be fully estimated.
Lung	BI_PF_ILD_atlas_v1	Sheet 1	2967	Dendritic	DC2 CLEC10A+	Dendritic cell	DC	CST7	16	2.56070085375578	64.431934493347	0.785756098273547	unknown; source workbook does not define whether this is log2FC	D. Shared/functional markers	False	shared_or_cross_lineage_risk	False	False		3	4	3	3	Dendritic;NK;T cell	Cytotoxic T;DC LAMP3+/CCR7+;DC2 CLEC10A+;NK	DC;NK;T	0		Positive top-marker lists only; no complete non-target expression matrix, so cell specificity cannot be fully estimated.
Lung	BI_PF_ILD_atlas_v1	Sheet 1	2968	Dendritic	DC2 CLEC10A+	Dendritic cell	DC	NR4A3	17	2.13270711990979	71.5284885704538	0.785052243986439	unknown; source workbook does not define whether this is log2FC	C. State-associated markers	True	state_associated_not_lineage_core	False	True		1	2	1	1	Dendritic	DC LAMP3+/CCR7+;DC2 CLEC10A+	DC	0		Positive top-marker lists only; no complete non-target expression matrix, so cell specificity cannot be fully estimated.
Lung	BI_PF_ILD_atlas_v1	Sheet 1	2969	Dendritic	DC2 CLEC10A+	Dendritic cell	DC	SERPINB9	18	2.00897287245777	72.0232002729444	0.78358122331775	unknown; source workbook does not define whether this is log2FC	D. Shared/functional markers	False	shared_or_cross_lineage_risk	False	True		2	4	2	2	Dendritic;Monocyte	DC1 CLEC9A+;DC2 CLEC10A+;Monocytes CD14+;Monocytes CD16+	DC;Monocyte	0		Positive top-marker lists only; no complete non-target expression matrix, so cell specificity cannot be fully estimated.
Lung	BI_PF_ILD_atlas_v1	Sheet 1	2970	Dendritic	DC2 CLEC10A+	Dendritic cell	DC	PKIB	19	3.33668881314744	61.0030706243603	0.783416702279645	unknown; source workbook does not define whether this is log2FC	C. State-associated markers	True	state_associated_not_lineage_core	False	False		1	3	1	1	Dendritic	DC2 C1QC+;DC2 CD1A+/CD1E+;DC2 CLEC10A+	DC	0		Positive top-marker lists only; no complete non-target expression matrix, so cell specificity cannot be fully estimated.
Lung	BI_PF_ILD_atlas_v1	Sheet 1	2971	Dendritic	DC2 CLEC10A+	Dendritic cell	DC	RALA	20	1.67892183548637	78.7444558171273	0.782412445054131	unknown; source workbook does not define whether this is log2FC	C. State-associated markers	True	state_associated_not_lineage_core	False	True		1	2	1	1	Dendritic	DC2 CD1A+/CD1E+;DC2 CLEC10A+	DC	0		Positive top-marker lists only; no complete non-target expression matrix, so cell specificity cannot be fully estimated.
Lung	BI_PF_ILD_atlas_v1	Sheet 1	2972	Dendritic	DC2 CLEC10A+	Dendritic cell	DC	IL1R2	21	2.24161190186137	63.5619242579324	0.771274224144479	unknown; source workbook does not define whether this is log2FC	D. Shared/functional markers	False	shared_or_cross_lineage_risk	False	False		2	3	2	2	Dendritic;Monocyte	DC2 CLEC10A+;Monocytes CD14+;Monocytes CD14+/IL1B	DC;Monocyte	0		Positive top-marker lists only; no complete non-target expression matrix, so cell specificity cannot be fully estimated.
Lung	BI_PF_ILD_atlas_v1	Sheet 1	2973	Dendritic	DC2 CLEC10A+	Dendritic cell	DC	ENTPD1	22	2.3723333059944	65.6601842374616	0.770851646033062	unknown; source workbook does not define whether this is log2FC	C. State-associated markers	True	state_associated_not_lineage_core	False	True		1	3	1	1	Dendritic	DC2 C1QC+;DC2 CD1A+/CD1E+;DC2 CLEC10A+	DC	0		Positive top-marker lists only; no complete non-target expression matrix, so cell specificity cannot be fully estimated.
Lung	BI_PF_ILD_atlas_v1	Sheet 1	2974	Dendritic	DC2 CLEC10A+	Dendritic cell	DC	RGS10	23	1.06106181201175	80.7062436028659	0.770057604057928	unknown; source workbook does not define whether this is log2FC	C. State-associated markers	True	state_associated_not_lineage_core	False	True		1	5	1	1	Dendritic	DC CXCL2+/CD14+/CD1C-;DC1 CLEC9A+;DC2 C1QC+;DC2 CD1A+/CD1E+;DC2 CLEC10A+	DC	0		Positive top-marker lists only; no complete non-target expression matrix, so cell specificity cannot be fully estimated.
Lung	BI_PF_ILD_atlas_v1	Sheet 1	2975	Dendritic	DC2 CLEC10A+	Dendritic cell	DC	LDLRAD4	24	1.67583209439355	75.2132378027977	0.76941796963125	unknown; source workbook does not define whether this is log2FC	D. Shared/functional markers	False	shared_or_cross_lineage_risk	False	True		3	5	3	2	Dendritic;T cell;pDC	DC1 CLEC9A+;DC2 CD1A+/CD1E+;DC2 CLEC10A+;T regulatory;pDC	DC;T	0		Positive top-marker lists only; no complete non-target expression matrix, so cell specificity cannot be fully estimated.
Lung	BI_PF_ILD_atlas_v1	Sheet 1	2976	Dendritic	DC2 CLEC10A+	Dendritic cell	DC	STK17B	25	1.19292409615464	85.9945411122484	0.767683090721537	unknown; source workbook does not define whether this is log2FC	D. Shared/functional markers	False	shared_or_cross_lineage_risk	False	True		3	8	5	3	Dendritic;Monocyte;T cell	CD8+ Naive T;DC1 CLEC9A+;DC2 CD1A+/CD1E+;DC2 CLEC10A+;Monocytes CD16+;T CD4+ JUN+;T regulatory;helper T CD4+	DC;Monocyte;T	0		Positive top-marker lists only; no complete non-target expression matrix, so cell specificity cannot be fully estimated.
Lung	BI_PF_ILD_atlas_v1	Sheet 1	2977	Dendritic	DC2 CLEC10A+	Dendritic cell	DC	RGS2	26	1.07181519356883	78.3862163084272	0.764846748828764	unknown; source workbook does not define whether this is log2FC	D. Shared/functional markers	False	shared_or_cross_lineage_risk	False	True		4	8	4	4	Basophil/Mast;Dendritic;Macrophage;Monocyte	Basophil/Mast;DC CXCL2+/CD14+/CD1C-;DC2 CLEC10A+;Macrophage C1Q hi;Macrophage LYVE1+;Monocytes CD14+;Monocytes CD14+/IL1B;Monocytes CD16+	DC;Macrophage;Mast/Basophil;Monocyte	0		Positive top-marker lists only; no complete non-target expression matrix, so cell specificity cannot be fully estimated.
Lung	BI_PF_ILD_atlas_v1	Sheet 1	2978	Dendritic	DC2 CLEC10A+	Dendritic cell	DC	SGK1	27	1.18719636286376	83.0774479699761	0.762735774518213	unknown; source workbook does not define whether this is log2FC	D. Shared/functional markers	False	shared_or_cross_lineage_risk	False	True		2	3	3	2	Dendritic;Macrophage	DC2 CLEC10A+;Macrophage C1Q hi;Macrophage CHI3L1+/CD9 hi/	DC;Macrophage	0		Positive top-marker lists only; no complete non-target expression matrix, so cell specificity cannot be fully estimated.
Lung	BI_PF_ILD_atlas_v1	Sheet 1	2979	Dendritic	DC2 CLEC10A+	Dendritic cell	DC	NFKB1	28	1.6663463964096	78.403275332651	0.76263239008561	unknown; source workbook does not define whether this is log2FC	D. Shared/functional markers	False	shared_or_cross_lineage_risk	False	False		3	4	3	3	Dendritic;Macrophage;NK	Activated NK XCL1+;DC LAMP3+/CCR7+;DC2 CLEC10A+;Macrophage IL1B+	DC;Macrophage;NK	0		Positive top-marker lists only; no complete non-target expression matrix, so cell specificity cannot be fully estimated.
Lung	BI_PF_ILD_atlas_v1	Sheet 1	2980	Dendritic	DC2 CLEC10A+	Dendritic cell	DC	HLA-DMB	29	0.841213420400531	81.3374274991471	0.761481473298834	unknown; source workbook does not define whether this is log2FC	D. Shared/functional markers	False	shared_or_cross_lineage_risk	False	True	antigen_presentation	1	4	1	1	Dendritic	DC CXCL2+/CD14+/CD1C-;DC2 C1QC+;DC2 CD1A+/CD1E+;DC2 CLEC10A+	DC	0		Positive top-marker lists only; no complete non-target expression matrix, so cell specificity cannot be fully estimated.
Lung	BI_PF_ILD_atlas_v1	Sheet 1	2981	Dendritic	DC2 CLEC10A+	Dendritic cell	DC	CD1C	30	4.96193415010788	52.8659160696008	0.759100281612186	unknown; source workbook does not define whether this is log2FC	B. Extended lineage markers	True	moderate_extended	True	False		1	2	1	1	Dendritic	DC2 CD1A+/CD1E+;DC2 CLEC10A+	DC	0		Positive top-marker lists only; no complete non-target expression matrix, so cell specificity cannot be fully estimated.
Lung	BI_PF_ILD_atlas_v1	Sheet 1	2982	Dendritic	DC2 CLEC10A+	Dendritic cell	DC	LSP1	31	1.04181438175582	77.5673831456841	0.757832492643375	unknown; source workbook does not define whether this is log2FC	B. Extended lineage markers	False	limited_extended_evidence	False	True		1	2	1	1	Dendritic	DC LAMP3+/CCR7+;DC2 CLEC10A+	DC	0		Positive top-marker lists only; no complete non-target expression matrix, so cell specificity cannot be fully estimated.
Lung	BI_PF_ILD_atlas_v1	Sheet 1	2983	Dendritic	DC2 CLEC10A+	Dendritic cell	DC	COTL1	32	0.769872954812449	90.4469464346639	0.757775785675983	unknown; source workbook does not define whether this is log2FC	D. Shared/functional markers	False	shared_or_cross_lineage_risk	False	True		2	4	2	2	Dendritic;Monocyte	DC2 C1QC+;DC2 CLEC10A+;Monocytes CD14+/IL1B;Monocytes CD16+	DC;Monocyte	0		Positive top-marker lists only; no complete non-target expression matrix, so cell specificity cannot be fully estimated.
Lung	BI_PF_ILD_atlas_v1	Sheet 1	2984	Dendritic	DC2 CLEC10A+	Dendritic cell	DC	AXL	33	2.38920776010075	66.5643125213238	0.757044538766623	unknown; source workbook does not define whether this is log2FC	B. Extended lineage markers	False	limited_extended_evidence	False	False		1	2	1	1	Dendritic	DC2 C1QC+;DC2 CLEC10A+	DC	0		Positive top-marker lists only; no complete non-target expression matrix, so cell specificity cannot be fully estimated.
Lung	BI_PF_ILD_atlas_v1	Sheet 1	2985	Dendritic	DC2 CLEC10A+	Dendritic cell	DC	CLEC10A	34	3.12226485040393	55.5100648242921	0.756759236040337	unknown; source workbook does not define whether this is log2FC	A. Lineage-core	True	relatively_specific_core	True	True		1	2	1	1	Dendritic	DC CXCL2+/CD14+/CD1C-;DC2 CLEC10A+	DC	0		Positive top-marker lists only; no complete non-target expression matrix, so cell specificity cannot be fully estimated.
Lung	BI_PF_ILD_atlas_v1	Sheet 1	2986	Dendritic	DC2 CLEC10A+	Dendritic cell	DC	AIM1	35	1.63777545148498	73.16615489594	0.755594664369065	unknown; source workbook does not define whether this is log2FC	D. Shared/functional markers	False	shared_or_cross_lineage_risk	False	False		2	7	3	2	Dendritic;T cell	CD8+ Naive T;DC LAMP3+/CCR7+;DC1 CLEC9A+;DC2 CLEC10A+;T CD4+ JUN+;helper T CD4+;helper T CD4+ CDR7+	DC;T	0		Positive top-marker lists only; no complete non-target expression matrix, so cell specificity cannot be fully estimated.
Lung	BI_PF_ILD_atlas_v1	Sheet 1	2987	Dendritic	DC2 CLEC10A+	Dendritic cell	DC	PTPN1	36	1.20074294950532	83.3333333333333	0.75393100101832	unknown; source workbook does not define whether this is log2FC	B. Extended lineage markers	False	limited_extended_evidence	False	False		1	2	1	1	Dendritic	DC LAMP3+/CCR7+;DC2 CLEC10A+	DC	0		Positive top-marker lists only; no complete non-target expression matrix, so cell specificity cannot be fully estimated.
Lung	BI_PF_ILD_atlas_v1	Sheet 1	2988	Dendritic	DC2 CLEC10A+	Dendritic cell	DC	CD83	37	1.36538190993363	79.8874104401228	0.752276119859546	unknown; source workbook does not define whether this is log2FC	D. Shared/functional markers	False	shared_or_cross_lineage_risk	False	True		2	5	2	2	B/Plasma;Dendritic	B cell;DC LAMP3+/CCR7+;DC1 CLEC9A+;DC2 CD1A+/CD1E+;DC2 CLEC10A+	B;DC	0		Positive top-marker lists only; no complete non-target expression matrix, so cell specificity cannot be fully estimated.
Lung	BI_PF_ILD_atlas_v1	Sheet 1	2989	Dendritic	DC2 CLEC10A+	Dendritic cell	DC	FCER1A	38	4.67108407625645	51.4500170590242	0.751748328651258	unknown; source workbook does not define whether this is log2FC	B. Extended lineage markers	False	limited_extended_evidence	True	False		1	2	1	1	Dendritic	DC2 CD1A+/CD1E+;DC2 CLEC10A+	DC	0		Positive top-marker lists only; no complete non-target expression matrix, so cell specificity cannot be fully estimated.
Lung	BI_PF_ILD_atlas_v1	Sheet 1	2990	Dendritic	DC2 CLEC10A+	Dendritic cell	DC	MS4A6A	39	1.02422241815736	74.7867621972023	0.750965342250616	unknown; source workbook does not define whether this is log2FC	D. Shared/functional markers	False	shared_or_cross_lineage_risk	False	True		3	6	3	3	Dendritic;Macrophage;Monocyte	DC CXCL2+/CD14+/CD1C-;DC2 C1QC+;DC2 CLEC10A+;Macrophage C1Q hi;Macrophage LYVE1+;Monocytes CD14+/IL1B	DC;Macrophage;Monocyte	0		Positive top-marker lists only; no complete non-target expression matrix, so cell specificity cannot be fully estimated.
Lung	BI_PF_ILD_atlas_v1	Sheet 1	2991	Dendritic	DC2 CLEC10A+	Dendritic cell	DC	SLC8A1	40	1.82559287211974	76.6120777891505	0.750427962144439	unknown; source workbook does not define whether this is log2FC	D. Shared/functional markers	False	shared_or_cross_lineage_risk	False	True		2	3	2	2	Dendritic;Macrophage FABP4+	DC2 CD1A+/CD1E+;DC2 CLEC10A+;Macrophage FABP4+/PDE4C+	DC;Macrophage	0		Positive top-marker lists only; no complete non-target expression matrix, so cell specificity cannot be fully estimated.
Lung	BI_PF_ILD_atlas_v1	Sheet 1	2992	Dendritic	DC2 CLEC10A+	Dendritic cell	DC	LST1	41	0.630823573937302	87.6492664619584	0.746031517059927	unknown; source workbook does not define whether this is log2FC	D. Shared/functional markers	False	shared_or_cross_lineage_risk	False	True		2	5	2	2	Dendritic;Monocyte	DC2 C1QC+;DC2 CD1A+/CD1E+;DC2 CLEC10A+;Monocytes CD14+/IL1B;Monocytes CD16+	DC;Monocyte	0		Positive top-marker lists only; no complete non-target expression matrix, so cell specificity cannot be fully estimated.
Lung	BI_PF_ILD_atlas_v1	Sheet 1	2993	Dendritic	DC2 CLEC10A+	Dendritic cell	DC	GNA13	42	1.26471028838855	75.093824633231	0.744647985073288	unknown; source workbook does not define whether this is log2FC	B. Extended lineage markers	False	limited_extended_evidence	False	True		1	2	1	1	Dendritic	DC1 CLEC9A+;DC2 CLEC10A+	DC	0		Positive top-marker lists only; no complete non-target expression matrix, so cell specificity cannot be fully estimated.
Lung	BI_PF_ILD_atlas_v1	Sheet 1	2994	Dendritic	DC2 CLEC10A+	Dendritic cell	DC	CCL17	43	5.26867400232249	50.3582395087001	0.742842025555636	unknown; source workbook does not define whether this is log2FC	B. Extended lineage markers	False	limited_extended_evidence	False	False		1	1	1	1	Dendritic	DC2 CLEC10A+	DC	0		Positive top-marker lists only; no complete non-target expression matrix, so cell specificity cannot be fully estimated.
Lung	BI_PF_ILD_atlas_v1	Sheet 1	2995	Dendritic	DC2 CLEC10A+	Dendritic cell	DC	SIPA1L1	44	1.61491096470083	76.5267826680314	0.741164802412968	unknown; source workbook does not define whether this is log2FC	D. Shared/functional markers	False	shared_or_cross_lineage_risk	False	True		3	5	3	3	Dendritic;Macrophage;Monocyte	DC CXCL2+/CD14+/CD1C-;DC2 CLEC10A+;Macrophage LYVE1+;Monocytes CD14+;Monocytes CD16+	DC;Macrophage;Monocyte	0		Positive top-marker lists only; no complete non-target expression matrix, so cell specificity cannot be fully estimated.
Lung	BI_PF_ILD_atlas_v1	Sheet 1	2996	Dendritic	DC2 CLEC10A+	Dendritic cell	DC	YWHAH	45	1.23776079496411	81.6615489593995	0.740448335483566	unknown; source workbook does not define whether this is log2FC	B. Extended lineage markers	False	limited_extended_evidence	False	False		1	3	1	1	Dendritic	DC2 C1QC+;DC2 CD1A+/CD1E+;DC2 CLEC10A+	DC	0		Positive top-marker lists only; no complete non-target expression matrix, so cell specificity cannot be fully estimated.
Lung	BI_PF_ILD_atlas_v1	Sheet 1	2997	Dendritic	DC2 CLEC10A+	Dendritic cell	DC	SEC14L1	46	1.0403005812685	75.3838280450358	0.739658171853803	unknown; source workbook does not define whether this is log2FC	D. Shared/functional markers	False	shared_or_cross_lineage_risk	False	True		2	2	2	2	Dendritic;Monocyte	DC2 CLEC10A+;Monocytes CD16+	DC;Monocyte	0		Positive top-marker lists only; no complete non-target expression matrix, so cell specificity cannot be fully estimated.
Lung	BI_PF_ILD_atlas_v1	Sheet 1	2998	Dendritic	DC2 CLEC10A+	Dendritic cell	DC	SMAP2	47	0.744454215524961	82.3097918799045	0.739451558324384	unknown; source workbook does not define whether this is log2FC	D. Shared/functional markers	False	shared_or_cross_lineage_risk	False	False		3	4	3	3	B/Plasma;Dendritic;Monocyte	B cell;DC LAMP3+/CCR7+;DC2 CLEC10A+;Monocytes CD16+	B;DC;Monocyte	0		Positive top-marker lists only; no complete non-target expression matrix, so cell specificity cannot be fully estimated.
Lung	BI_PF_ILD_atlas_v1	Sheet 1	2999	Dendritic	DC2 CLEC10A+	Dendritic cell	DC	JAML	48	1.62079890101584	65.2848857045377	0.738682177114954	unknown; source workbook does not define whether this is log2FC	B. Extended lineage markers	False	limited_extended_evidence	False	False		1	2	1	1	Dendritic	DC2 CD1A+/CD1E+;DC2 CLEC10A+	DC	0		Positive top-marker lists only; no complete non-target expression matrix, so cell specificity cannot be fully estimated.
Lung	BI_PF_ILD_atlas_v1	Sheet 1	3000	Dendritic	DC2 CLEC10A+	Dendritic cell	DC	HLA-DRB5	49	0.944457614928908	83.3162743091095	0.736885472218367	unknown; source workbook does not define whether this is log2FC	D. Shared/functional markers	False	shared_or_cross_lineage_risk	False	True	antigen_presentation	1	3	1	1	Dendritic	DC2 C1QC+;DC2 CD1A+/CD1E+;DC2 CLEC10A+	DC	0		Positive top-marker lists only; no complete non-target expression matrix, so cell specificity cannot be fully estimated.
Lung	BI_PF_ILD_atlas_v1	Sheet 1	3001	Dendritic	DC2 CLEC10A+	Dendritic cell	DC	CYTIP	50	0.829854443331818	76.5779597407028	0.73511783048284	unknown; source workbook does not define whether this is log2FC	D. Shared/functional markers	False	shared_or_cross_lineage_risk	False	False		2	2	2	2	Dendritic;Monocyte	DC2 CLEC10A+;Monocytes CD16+	DC;Monocyte	0		Positive top-marker lists only; no complete non-target expression matrix, so cell specificity cannot be fully estimated.
Lung	BI_PF_ILD_atlas_v1	Sheet 1	4402	pDC	pDC	pDC	DC	IRF4	1	4.58887212342069	91.2582781456954	0.950890182741311	unknown; source workbook does not define whether this is log2FC	B. Extended lineage markers	True	moderate_extended	False	True		2	2	2	1	Dendritic;pDC	DC LAMP3+/CCR7+;pDC	DC	0		Positive top-marker lists only; no complete non-target expression matrix, so cell specificity cannot be fully estimated.
Lung	BI_PF_ILD_atlas_v1	Sheet 1	4403	pDC	pDC	pDC	DC	GZMB	2	3.57274199470561	92.317880794702	0.950534179222308	unknown; source workbook does not define whether this is log2FC	D. Shared/functional markers	False	shared_or_cross_lineage_risk	False	True	cytotoxicity	3	4	4	3	NK;T cell;pDC	CD8+ Naive T;Cytotoxic T;NK;pDC	DC;NK;T	0		Positive top-marker lists only; no complete non-target expression matrix, so cell specificity cannot be fully estimated.
Lung	BI_PF_ILD_atlas_v1	Sheet 1	4404	pDC	pDC	pDC	DC	FCHSD2	3	3.26545849140894	93.3774834437086	0.933273739372528	unknown; source workbook does not define whether this is log2FC	D. Shared/functional markers	False	shared_or_cross_lineage_risk	False	True		2	3	2	2	B/Plasma;pDC	B cell;B cell LRMP+;pDC	B;DC	0		Positive top-marker lists only; no complete non-target expression matrix, so cell specificity cannot be fully estimated.
Lung	BI_PF_ILD_atlas_v1	Sheet 1	4405	pDC	pDC	pDC	DC	JCHAIN	4	3.18548093550041	85.9602649006623	0.925019960018514	unknown; source workbook does not define whether this is log2FC	D. Shared/functional markers	False	shared_or_cross_lineage_risk	False	True	immunoglobulin/secretory	2	2	2	2	B/Plasma;pDC	Plasma B;pDC	DC;Plasma	0		Positive top-marker lists only; no complete non-target expression matrix, so cell specificity cannot be fully estimated.
Lung	BI_PF_ILD_atlas_v1	Sheet 1	4406	pDC	pDC	pDC	DC	SEL1L3	5	2.57386528387148	88.8741721854305	0.918441115138698	unknown; source workbook does not define whether this is log2FC	D. Shared/functional markers	False	shared_or_cross_lineage_risk	False	True		2	3	3	3	B/Plasma;pDC	B cell LRMP+;Plasma B;pDC	B;DC;Plasma	0		Positive top-marker lists only; no complete non-target expression matrix, so cell specificity cannot be fully estimated.
Lung	BI_PF_ILD_atlas_v1	Sheet 1	4407	pDC	pDC	pDC	DC	C1orf186	6	4.47143566195731	82.1192052980132	0.906972232901769	unknown; source workbook does not define whether this is log2FC	D. Shared/functional markers	False	shared_or_cross_lineage_risk	False	True		2	2	2	2	Basophil/Mast;pDC	Basophil/Mast;pDC	DC;Mast/Basophil	0		Positive top-marker lists only; no complete non-target expression matrix, so cell specificity cannot be fully estimated.
Lung	BI_PF_ILD_atlas_v1	Sheet 1	4408	pDC	pDC	pDC	DC	RUBCN	7	2.92855096055596	84.2384105960265	0.901180355252152	unknown; source workbook does not define whether this is log2FC	B. Extended lineage markers	True	moderate_extended	False	True		1	1	1	1	pDC	pDC	DC	0		Positive top-marker lists only; no complete non-target expression matrix, so cell specificity cannot be fully estimated.
Lung	BI_PF_ILD_atlas_v1	Sheet 1	4409	pDC	pDC	pDC	DC	INPP4A	8	2.49988235591329	85.5629139072848	0.898476638236322	unknown; source workbook does not define whether this is log2FC	B. Extended lineage markers	True	moderate_extended	False	True		1	1	1	1	pDC	pDC	DC	0		Positive top-marker lists only; no complete non-target expression matrix, so cell specificity cannot be fully estimated.
Lung	BI_PF_ILD_atlas_v1	Sheet 1	4410	pDC	pDC	pDC	DC	AFF3	9	2.26607299268981	83.3112582781457	0.891563670180924	unknown; source workbook does not define whether this is log2FC	D. Shared/functional markers	False	shared_or_cross_lineage_risk	False	True		2	3	2	2	B/Plasma;pDC	B cell;B cell LRMP+;pDC	B;DC	0		Positive top-marker lists only; no complete non-target expression matrix, so cell specificity cannot be fully estimated.
Lung	BI_PF_ILD_atlas_v1	Sheet 1	4411	pDC	pDC	pDC	DC	TCF4	10	1.16669689163213	90.728476821192	0.889661714291708	unknown; source workbook does not define whether this is log2FC	D. Shared/functional markers	False	shared_or_cross_lineage_risk	True	True		1	1	1	1	pDC	pDC	DC	8	Artery;Bronchial Vessel;Bronchial Vessel CXCL12+;Bronchial Vessel SELE+;Capillary;Capillary Aerocyte;Lymphatic;Vein	Positive top-marker lists only; no complete non-target expression matrix, so cell specificity cannot be fully estimated.
Lung	BI_PF_ILD_atlas_v1	Sheet 1	4412	pDC	pDC	pDC	DC	LDLRAD4	11	1.44718416911571	90.9933774834437	0.888508466590779	unknown; source workbook does not define whether this is log2FC	D. Shared/functional markers	False	shared_or_cross_lineage_risk	False	True		3	5	3	2	Dendritic;T cell;pDC	DC1 CLEC9A+;DC2 CD1A+/CD1E+;DC2 CLEC10A+;T regulatory;pDC	DC;T	0		Positive top-marker lists only; no complete non-target expression matrix, so cell specificity cannot be fully estimated.
Lung	BI_PF_ILD_atlas_v1	Sheet 1	4413	pDC	pDC	pDC	DC	PTPRS	12	3.00423643039082	80.9271523178808	0.884921790264109	unknown; source workbook does not define whether this is log2FC	B. Extended lineage markers	True	moderate_extended	False	True		1	1	1	1	pDC	pDC	DC	0		Positive top-marker lists only; no complete non-target expression matrix, so cell specificity cannot be fully estimated.
Lung	BI_PF_ILD_atlas_v1	Sheet 1	4414	pDC	pDC	pDC	DC	ANKRD11	13	1.09826879281471	94.4370860927152	0.88107269746197	unknown; source workbook does not define whether this is log2FC	B. Extended lineage markers	True	moderate_extended	False	True		1	1	1	1	pDC	pDC	DC	0		Positive top-marker lists only; no complete non-target expression matrix, so cell specificity cannot be fully estimated.
Lung	BI_PF_ILD_atlas_v1	Sheet 1	4415	pDC	pDC	pDC	DC	SLC7A5	14	2.05184945240088	82.2516556291391	0.880751909302488	unknown; source workbook does not define whether this is log2FC	B. Extended lineage markers	True	moderate_extended	False	True		1	1	1	1	pDC	pDC	DC	0		Positive top-marker lists only; no complete non-target expression matrix, so cell specificity cannot be fully estimated.
Lung	BI_PF_ILD_atlas_v1	Sheet 1	4416	pDC	pDC	pDC	DC	BCL11A	15	2.89283665623635	78.6754966887417	0.873411628008815	unknown; source workbook does not define whether this is log2FC	D. Shared/functional markers	False	shared_or_cross_lineage_risk	False	True		2	3	2	2	B/Plasma;pDC	B cell;B cell LRMP+;pDC	B;DC	0		Positive top-marker lists only; no complete non-target expression matrix, so cell specificity cannot be fully estimated.
Lung	BI_PF_ILD_atlas_v1	Sheet 1	4417	pDC	pDC	pDC	DC	GPR183	16	1.16409449399298	88.8741721854305	0.872488751729273	unknown; source workbook does not define whether this is log2FC	D. Shared/functional markers	False	shared_or_cross_lineage_risk	False	True		3	8	4	2	Dendritic;Macrophage;pDC	DC CXCL2+/CD14+/CD1C-;DC2 C1QC+;DC2 CD1A+/CD1E+;DC2 CLEC10A+;Macrophage C1Q hi;Macrophage IL1B+;Macrophage RETN+/VCAN+;pDC	DC;Macrophage	0		Positive top-marker lists only; no complete non-target expression matrix, so cell specificity cannot be fully estimated.
Lung	BI_PF_ILD_atlas_v1	Sheet 1	4418	pDC	pDC	pDC	DC	C12orf75	17	1.37052085272277	81.7218543046358	0.872411836239344	unknown; source workbook does not define whether this is log2FC	D. Shared/functional markers	False	shared_or_cross_lineage_risk	False	True		1	1	1	1	pDC	pDC	DC	1	Ciliated	Positive top-marker lists only; no complete non-target expression matrix, so cell specificity cannot be fully estimated.
Lung	BI_PF_ILD_atlas_v1	Sheet 1	4419	pDC	pDC	pDC	DC	IRF8	18	1.54669350330857	85.9602649006623	0.870955722745947	unknown; source workbook does not define whether this is log2FC	D. Shared/functional markers	False	shared_or_cross_lineage_risk	False	True		3	3	3	2	B/Plasma;Dendritic;pDC	B cell LRMP+;DC1 CLEC9A+;pDC	B;DC	0		Positive top-marker lists only; no complete non-target expression matrix, so cell specificity cannot be fully estimated.
Lung	BI_PF_ILD_atlas_v1	Sheet 1	4420	pDC	pDC	pDC	DC	SLC15A4	19	2.23554681896661	80.6622516556291	0.870287820490314	unknown; source workbook does not define whether this is log2FC	B. Extended lineage markers	True	moderate_extended	False	True		1	1	1	1	pDC	pDC	DC	0		Positive top-marker lists only; no complete non-target expression matrix, so cell specificity cannot be fully estimated.
Lung	BI_PF_ILD_atlas_v1	Sheet 1	4421	pDC	pDC	pDC	DC	CD2AP	20	1.88768790770585	82.2516556291391	0.867037667204148	unknown; source workbook does not define whether this is log2FC	D. Shared/functional markers	False	shared_or_cross_lineage_risk	False	True		1	1	1	1	pDC	pDC	DC	1	Ionocyte	Positive top-marker lists only; no complete non-target expression matrix, so cell specificity cannot be fully estimated.
Lung	BI_PF_ILD_atlas_v1	Sheet 1	4422	pDC	pDC	pDC	DC	GAB1	21	2.81680183963576	77.4834437086093	0.859297912131722	unknown; source workbook does not define whether this is log2FC	B. Extended lineage markers	True	moderate_extended	False	True		1	1	1	1	pDC	pDC	DC	0		Positive top-marker lists only; no complete non-target expression matrix, so cell specificity cannot be fully estimated.
Lung	BI_PF_ILD_atlas_v1	Sheet 1	4423	pDC	pDC	pDC	DC	IL3RA	22	1.06616370615106	86.3576158940397	0.858195986736463	unknown; source workbook does not define whether this is log2FC	A. Lineage-core	True	relatively_specific_core	True	True		1	1	1	1	pDC	pDC	DC	0		Positive top-marker lists only; no complete non-target expression matrix, so cell specificity cannot be fully estimated.
Lung	BI_PF_ILD_atlas_v1	Sheet 1	4424	pDC	pDC	pDC	DC	IRF7	23	1.94347854272507	77.8807947019868	0.851975496761971	unknown; source workbook does not define whether this is log2FC	B. Extended lineage markers	True	moderate_extended	False	True		1	1	1	1	pDC	pDC	DC	0		Positive top-marker lists only; no complete non-target expression matrix, so cell specificity cannot be fully estimated.
Lung	BI_PF_ILD_atlas_v1	Sheet 1	4425	pDC	pDC	pDC	DC	PDE4B	24	0.895329600234677	88.0794701986755	0.850888385499321	unknown; source workbook does not define whether this is log2FC	D. Shared/functional markers	False	shared_or_cross_lineage_risk	False	True		3	3	3	3	Macrophage;Monocyte;pDC	Macrophage IL1B+;Monocytes CD14+;pDC	DC;Macrophage;Monocyte	0		Positive top-marker lists only; no complete non-target expression matrix, so cell specificity cannot be fully estimated.
Lung	BI_PF_ILD_atlas_v1	Sheet 1	4426	pDC	pDC	pDC	DC	FAM160A1	25	4.1432217908808	70.9933774834437	0.846209939025506	unknown; source workbook does not define whether this is log2FC	B. Extended lineage markers	True	moderate_extended	False	True		1	1	1	1	pDC	pDC	DC	0		Positive top-marker lists only; no complete non-target expression matrix, so cell specificity cannot be fully estimated.
Lung	BI_PF_ILD_atlas_v1	Sheet 1	4427	pDC	pDC	pDC	DC	CXCR4	26	0.264579489328916	92.1854304635762	0.842182272784174	unknown; source workbook does not define whether this is log2FC	D. Shared/functional markers	False	shared_or_cross_lineage_risk	False	True		5	10	7	4	B/Plasma;Dendritic;NK;T cell;pDC	Activated NK XCL1+;B cell;CD8+ Naive T;Cytotoxic T;DC CXCL2+/CD14+/CD1C-;DC2 CLEC10A+;T CD4+ JUN+;helper T CD4+;helper T CD4+ CDR7+;pDC	B;DC;NK;T	0		Positive top-marker lists only; no complete non-target expression matrix, so cell specificity cannot be fully estimated.
Lung	BI_PF_ILD_atlas_v1	Sheet 1	4428	pDC	pDC	pDC	DC	ITM2C	27	2.63843872125163	72.0529801324503	0.840860010102586	unknown; source workbook does not define whether this is log2FC	D. Shared/functional markers	False	shared_or_cross_lineage_risk	False	True		2	2	2	2	B/Plasma;pDC	Plasma B;pDC	DC;Plasma	0		Positive top-marker lists only; no complete non-target expression matrix, so cell specificity cannot be fully estimated.
Lung	BI_PF_ILD_atlas_v1	Sheet 1	4429	pDC	pDC	pDC	DC	CDYL	28	1.9812010517077	78.6754966887417	0.839664629478282	unknown; source workbook does not define whether this is log2FC	B. Extended lineage markers	True	moderate_extended	False	True		1	1	1	1	pDC	pDC	DC	0		Positive top-marker lists only; no complete non-target expression matrix, so cell specificity cannot be fully estimated.
Lung	BI_PF_ILD_atlas_v1	Sheet 1	4430	pDC	pDC	pDC	DC	POLB	29	3.06421019574979	71.523178807947	0.83761893806266	unknown; source workbook does not define whether this is log2FC	B. Extended lineage markers	True	moderate_extended	False	True		1	1	1	1	pDC	pDC	DC	0		Positive top-marker lists only; no complete non-target expression matrix, so cell specificity cannot be fully estimated.
Lung	BI_PF_ILD_atlas_v1	Sheet 1	4431	pDC	pDC	pDC	DC	CLN8	30	1.3603314241337	80.2649006622517	0.837435879003157	unknown; source workbook does not define whether this is log2FC	B. Extended lineage markers	True	moderate_extended	False	True		1	1	1	1	pDC	pDC	DC	0		Positive top-marker lists only; no complete non-target expression matrix, so cell specificity cannot be fully estimated.
Lung	BI_PF_ILD_atlas_v1	Sheet 1	4432	pDC	pDC	pDC	DC	PLAC8	31	0.969570174350304	79.4701986754967	0.835131933406627	unknown; source workbook does not define whether this is log2FC	D. Shared/functional markers	False	shared_or_cross_lineage_risk	False	True		2	2	2	2	NK;pDC	NK;pDC	DC;NK	0		Positive top-marker lists only; no complete non-target expression matrix, so cell specificity cannot be fully estimated.
Lung	BI_PF_ILD_atlas_v1	Sheet 1	4433	pDC	pDC	pDC	DC	IKZF1	32	1.18053087174387	81.1920529801324	0.834336872405084	unknown; source workbook does not define whether this is log2FC	D. Shared/functional markers	False	shared_or_cross_lineage_risk	False	True		2	3	2	2	T cell;pDC	T CD4+ JUN+;helper T CD4+ CDR7+;pDC	DC;T	0		Positive top-marker lists only; no complete non-target expression matrix, so cell specificity cannot be fully estimated.
Lung	BI_PF_ILD_atlas_v1	Sheet 1	4434	pDC	pDC	pDC	DC	CLIC3	33	2.13389642487153	71.523178807947	0.831042664723225	unknown; source workbook does not define whether this is log2FC	D. Shared/functional markers	False	shared_or_cross_lineage_risk	False	True		1	1	1	1	pDC	pDC	DC	1	AT1	Positive top-marker lists only; no complete non-target expression matrix, so cell specificity cannot be fully estimated.
Lung	BI_PF_ILD_atlas_v1	Sheet 1	4435	pDC	pDC	pDC	DC	MOB1B	34	2.33770783229523	73.9072847682119	0.830090041482999	unknown; source workbook does not define whether this is log2FC	B. Extended lineage markers	False	limited_extended_evidence	False	True		1	1	1	1	pDC	pDC	DC	0		Positive top-marker lists only; no complete non-target expression matrix, so cell specificity cannot be fully estimated.
Lung	BI_PF_ILD_atlas_v1	Sheet 1	4436	pDC	pDC	pDC	DC	CXCR3	35	4.05066741739801	66.4900662251656	0.829076169424575	unknown; source workbook does not define whether this is log2FC	B. Extended lineage markers	False	limited_extended_evidence	False	True		1	1	1	1	pDC	pDC	DC	0		Positive top-marker lists only; no complete non-target expression matrix, so cell specificity cannot be fully estimated.
Lung	BI_PF_ILD_atlas_v1	Sheet 1	4437	pDC	pDC	pDC	DC	PLD4	36	3.36438210742093	67.0198675496689	0.829068099236982	unknown; source workbook does not define whether this is log2FC	B. Extended lineage markers	False	limited_extended_evidence	False	True		2	2	2	1	Dendritic;pDC	DC2 C1QC+;pDC	DC	0		Positive top-marker lists only; no complete non-target expression matrix, so cell specificity cannot be fully estimated.
Lung	BI_PF_ILD_atlas_v1	Sheet 1	4438	pDC	pDC	pDC	DC	PRKCB	37	0.560742158942491	83.3112582781457	0.827297093900603	unknown; source workbook does not define whether this is log2FC	D. Shared/functional markers	False	shared_or_cross_lineage_risk	False	True		3	4	3	3	B/Plasma;Monocyte;pDC	B cell;Monocytes CD14+/IL1B;Monocytes CD16+;pDC	B;DC;Monocyte	0		Positive top-marker lists only; no complete non-target expression matrix, so cell specificity cannot be fully estimated.
Lung	BI_PF_ILD_atlas_v1	Sheet 1	4439	pDC	pDC	pDC	DC	RABGAP1L	38	0.953493295389737	86.2251655629139	0.825806683451526	unknown; source workbook does not define whether this is log2FC	D. Shared/functional markers	False	shared_or_cross_lineage_risk	False	True		2	2	2	2	B/Plasma;pDC	B cell LRMP+;pDC	B;DC	0		Positive top-marker lists only; no complete non-target expression matrix, so cell specificity cannot be fully estimated.
Lung	BI_PF_ILD_atlas_v1	Sheet 1	4440	pDC	pDC	pDC	DC	ZFAT	39	3.66091960207121	67.0198675496689	0.822316131299217	unknown; source workbook does not define whether this is log2FC	B. Extended lineage markers	False	limited_extended_evidence	False	True		1	1	1	1	pDC	pDC	DC	0		Positive top-marker lists only; no complete non-target expression matrix, so cell specificity cannot be fully estimated.
Lung	BI_PF_ILD_atlas_v1	Sheet 1	4441	pDC	pDC	pDC	DC	RAPGEF2	40	2.14774651148336	75.4966887417219	0.821980761274016	unknown; source workbook does not define whether this is log2FC	B. Extended lineage markers	False	limited_extended_evidence	False	True		1	1	1	1	pDC	pDC	DC	0		Positive top-marker lists only; no complete non-target expression matrix, so cell specificity cannot be fully estimated.
Lung	BI_PF_ILD_atlas_v1	Sheet 1	4442	pDC	pDC	pDC	DC	HERPUD1	41	0.317454134821102	91.6556291390728	0.821677932712293	unknown; source workbook does not define whether this is log2FC	D. Shared/functional markers	False	shared_or_cross_lineage_risk	False	True		3	4	3	2	B/Plasma;Dendritic;pDC	DC CXCL2+/CD14+/CD1C-;DC2 C1QC+;Plasma B;pDC	DC;Plasma	0		Positive top-marker lists only; no complete non-target expression matrix, so cell specificity cannot be fully estimated.
Lung	BI_PF_ILD_atlas_v1	Sheet 1	4443	pDC	pDC	pDC	DC	SNX9	42	0.464987140631766	87.8145695364238	0.820603069812636	unknown; source workbook does not define whether this is log2FC	D. Shared/functional markers	False	shared_or_cross_lineage_risk	False	True		2	2	2	2	Macrophage;pDC	Macrophage LYVE1+;pDC	DC;Macrophage	0		Positive top-marker lists only; no complete non-target expression matrix, so cell specificity cannot be fully estimated.
Lung	BI_PF_ILD_atlas_v1	Sheet 1	4444	pDC	pDC	pDC	DC	HIVEP1	43	1.80611216693895	74.5695364238411	0.81937755412923	unknown; source workbook does not define whether this is log2FC	B. Extended lineage markers	False	limited_extended_evidence	False	True		1	1	1	1	pDC	pDC	DC	0		Positive top-marker lists only; no complete non-target expression matrix, so cell specificity cannot be fully estimated.
Lung	BI_PF_ILD_atlas_v1	Sheet 1	4445	pDC	pDC	pDC	DC	SEC61B	44	-0.204258367014897	94.3046357615894	0.813193731932151	unknown; source workbook does not define whether this is log2FC	B. Extended lineage markers	False	limited_extended_evidence	False	True		1	1	1	1	pDC	pDC	DC	0		Positive top-marker lists only; no complete non-target expression matrix, so cell specificity cannot be fully estimated.
Lung	BI_PF_ILD_atlas_v1	Sheet 1	4446	pDC	pDC	pDC	DC	CORO1C	45	0.623407686692924	88.2119205298013	0.811643067573081	unknown; source workbook does not define whether this is log2FC	B. Extended lineage markers	False	limited_extended_evidence	False	True		1	1	1	1	pDC	pDC	DC	0		Positive top-marker lists only; no complete non-target expression matrix, so cell specificity cannot be fully estimated.
Lung	BI_PF_ILD_atlas_v1	Sheet 1	4447	pDC	pDC	pDC	DC	LPIN1	46	1.85892565728332	70.4635761589404	0.809835945532084	unknown; source workbook does not define whether this is log2FC	B. Extended lineage markers	False	limited_extended_evidence	False	True		1	1	1	1	pDC	pDC	DC	0		Positive top-marker lists only; no complete non-target expression matrix, so cell specificity cannot be fully estimated.
Lung	BI_PF_ILD_atlas_v1	Sheet 1	4448	pDC	pDC	pDC	DC	CERS6	47	1.20177703521833	77.0860927152318	0.809739287303551	unknown; source workbook does not define whether this is log2FC	B. Extended lineage markers	False	limited_extended_evidence	False	True		2	2	2	1	Dendritic;pDC	DC LAMP3+/CCR7+;pDC	DC	0		Positive top-marker lists only; no complete non-target expression matrix, so cell specificity cannot be fully estimated.
Lung	BI_PF_ILD_atlas_v1	Sheet 1	4449	pDC	pDC	pDC	DC	TSPAN13	48	1.12256293375207	70.5960264900662	0.805432071566891	unknown; source workbook does not define whether this is log2FC	D. Shared/functional markers	False	shared_or_cross_lineage_risk	False	True		1	1	1	1	pDC	pDC	DC	2	AT1;Aberrant basaloid	Positive top-marker lists only; no complete non-target expression matrix, so cell specificity cannot be fully estimated.
Lung	BI_PF_ILD_atlas_v1	Sheet 1	4450	pDC	pDC	pDC	DC	CREB3L2	49	1.66584998912614	71.9205298013245	0.80538652437239	unknown; source workbook does not define whether this is log2FC	D. Shared/functional markers	False	shared_or_cross_lineage_risk	False	True		2	2	2	2	B/Plasma;pDC	Plasma B;pDC	DC;Plasma	0		Positive top-marker lists only; no complete non-target expression matrix, so cell specificity cannot be fully estimated.
Lung	BI_PF_ILD_atlas_v1	Sheet 1	4451	pDC	pDC	pDC	DC	ZC3HAV1	50	1.24184674551215	80.2649006622517	0.804097933953098	unknown; source workbook does not define whether this is log2FC	D. Shared/functional markers	False	shared_or_cross_lineage_risk	False	True		2	3	2	2	T cell;pDC	T CD4+ JUN+;helper T CD4+ CDR7+;pDC	DC;T	0		Positive top-marker lists only; no complete non-target expression matrix, so cell specificity cannot be fully estimated.
Lung	BI_PF_ILD_atlas_v1	Sheet 1	3202	Macrophage	Macrophage C1Q hi	Alveolar/resident macrophage	Macrophage	CTSB	1	1.91821345159913	99.2666452235445	0.812478202383139	unknown; source workbook does not define whether this is log2FC	B. Extended lineage markers	True	moderate_extended	False	True		1	5	2	1	Macrophage	Macrophage C1Q hi;Macrophage CHI3L1+/CD9 hi/;Macrophage IL1B+;Macrophage LYVE1+;Macrophage RETN+/VCAN+	Macrophage	0		Positive top-marker lists only; no complete non-target expression matrix, so cell specificity cannot be fully estimated.
Lung	BI_PF_ILD_atlas_v1	Sheet 1	3203	Macrophage	Macrophage C1Q hi	Alveolar/resident macrophage	Macrophage	LGMN	2	2.77511440724752	78.4496622708266	0.784983032353188	unknown; source workbook does not define whether this is log2FC	B. Extended lineage markers	True	moderate_extended	False	False		1	2	2	1	Macrophage	Macrophage C1Q hi;Macrophage CHI3L1+/CD9 hi/	Macrophage	0		Positive top-marker lists only; no complete non-target expression matrix, so cell specificity cannot be fully estimated.
Lung	BI_PF_ILD_atlas_v1	Sheet 1	3204	Macrophage	Macrophage C1Q hi	Alveolar/resident macrophage	Macrophage	C1QC	3	1.85742373307107	91.3026696687038	0.780047271016836	unknown; source workbook does not define whether this is log2FC	D. Shared/functional markers	False	shared_or_cross_lineage_risk	True	False		3	5	2	2	Dendritic;Macrophage;Macrophage FABP4+	DC2 C1QC+;Macrophage C1Q hi;Macrophage FABP4+;Macrophage FABP4+/PDE4C+;Macrophage LYVE1+	DC;Macrophage	0		Positive top-marker lists only; no complete non-target expression matrix, so cell specificity cannot be fully estimated.
Lung	BI_PF_ILD_atlas_v1	Sheet 1	3205	Macrophage	Macrophage C1Q hi	Alveolar/resident macrophage	Macrophage	MS4A6A	4	2.21352259569317	78.2438082984883	0.769541100520442	unknown; source workbook does not define whether this is log2FC	D. Shared/functional markers	False	shared_or_cross_lineage_risk	False	False		3	6	3	3	Dendritic;Macrophage;Monocyte	DC CXCL2+/CD14+/CD1C-;DC2 C1QC+;DC2 CLEC10A+;Macrophage C1Q hi;Macrophage LYVE1+;Monocytes CD14+/IL1B	DC;Macrophage;Monocyte	0		Positive top-marker lists only; no complete non-target expression matrix, so cell specificity cannot be fully estimated.
Lung	BI_PF_ILD_atlas_v1	Sheet 1	3206	Macrophage	Macrophage C1Q hi	Alveolar/resident macrophage	Macrophage	C1QA	5	1.43708417566011	95.484078481827	0.762376961800512	unknown; source workbook does not define whether this is log2FC	D. Shared/functional markers	False	shared_or_cross_lineage_risk	True	False		3	5	2	2	Dendritic;Macrophage;Macrophage FABP4+	DC2 C1QC+;Macrophage C1Q hi;Macrophage FABP4+;Macrophage FABP4+/PDE4C+;Macrophage LYVE1+	DC;Macrophage	0		Positive top-marker lists only; no complete non-target expression matrix, so cell specificity cannot be fully estimated.
Lung	BI_PF_ILD_atlas_v1	Sheet 1	3207	Macrophage	Macrophage C1Q hi	Alveolar/resident macrophage	Macrophage	PSAP	6	1.6770907490647	98.7648761659698	0.759876011956708	unknown; source workbook does not define whether this is log2FC	B. Extended lineage markers	True	moderate_extended	False	True		2	5	2	1	Macrophage;Macrophage FABP4+	Macrophage C1Q hi;Macrophage CHI3L1+/CD9 hi/;Macrophage FABP4+;Macrophage LYVE1+;Macrophage RETN+/VCAN+	Macrophage	0		Positive top-marker lists only; no complete non-target expression matrix, so cell specificity cannot be fully estimated.
Lung	BI_PF_ILD_atlas_v1	Sheet 1	3208	Macrophage	Macrophage C1Q hi	Alveolar/resident macrophage	Macrophage	C1QB	7	1.47654784739958	92.7693792216147	0.754920512489175	unknown; source workbook does not define whether this is log2FC	D. Shared/functional markers	False	shared_or_cross_lineage_risk	True	False		3	5	2	2	Dendritic;Macrophage;Macrophage FABP4+	DC2 C1QC+;Macrophage C1Q hi;Macrophage FABP4+;Macrophage FABP4+/PDE4C+;Macrophage LYVE1+	DC;Macrophage	0		Positive top-marker lists only; no complete non-target expression matrix, so cell specificity cannot be fully estimated.
Lung	BI_PF_ILD_atlas_v1	Sheet 1	3209	Macrophage	Macrophage C1Q hi	Alveolar/resident macrophage	Macrophage	APOE	8	2.47807905667338	85.3007397877131	0.750407835183479	unknown; source workbook does not define whether this is log2FC	B. Extended lineage markers	True	moderate_extended	False	True		2	4	2	1	Macrophage;Macrophage FABP4+	Macrophage C1Q hi;Macrophage CHI3L1+/CD9 hi/;Macrophage FABP4+;Macrophage FABP4+/PDE4C+	Macrophage	0		Positive top-marker lists only; no complete non-target expression matrix, so cell specificity cannot be fully estimated.
Lung	BI_PF_ILD_atlas_v1	Sheet 1	3210	Macrophage	Macrophage C1Q hi	Alveolar/resident macrophage	Macrophage	CTSZ	9	1.95289084292984	90.0739787713091	0.744395321824017	unknown; source workbook does not define whether this is log2FC	B. Extended lineage markers	True	moderate_extended	False	True		1	2	2	1	Macrophage	Macrophage C1Q hi;Macrophage CHI3L1+/CD9 hi/	Macrophage	0		Positive top-marker lists only; no complete non-target expression matrix, so cell specificity cannot be fully estimated.
Lung	BI_PF_ILD_atlas_v1	Sheet 1	3211	Macrophage	Macrophage C1Q hi	Alveolar/resident macrophage	Macrophage	GPNMB	10	2.06155985967975	82.4959794146028	0.738651240640466	unknown; source workbook does not define whether this is log2FC	B. Extended lineage markers	True	moderate_extended	False	True		1	2	2	1	Macrophage	Macrophage C1Q hi;Macrophage CHI3L1+/CD9 hi/	Macrophage	0		Positive top-marker lists only; no complete non-target expression matrix, so cell specificity cannot be fully estimated.
Lung	BI_PF_ILD_atlas_v1	Sheet 1	3212	Macrophage	Macrophage C1Q hi	Alveolar/resident macrophage	Macrophage	ABCA1	11	2.2301871876924	72.2869089739466	0.736558356666114	unknown; source workbook does not define whether this is log2FC	B. Extended lineage markers	True	moderate_extended	False	True		1	3	2	1	Macrophage	Macrophage C1Q hi;Macrophage IL1B+;Macrophage LYVE1+	Macrophage	0		Positive top-marker lists only; no complete non-target expression matrix, so cell specificity cannot be fully estimated.
Lung	BI_PF_ILD_atlas_v1	Sheet 1	3213	Macrophage	Macrophage C1Q hi	Alveolar/resident macrophage	Macrophage	FMN1	12	2.44386501917558	70.4792537793503	0.735336933531565	unknown; source workbook does not define whether this is log2FC	B. Extended lineage markers	True	moderate_extended	False	False		1	2	1	1	Macrophage	Macrophage C1Q hi;Macrophage LYVE1+	Macrophage	0		Positive top-marker lists only; no complete non-target expression matrix, so cell specificity cannot be fully estimated.
Lung	BI_PF_ILD_atlas_v1	Sheet 1	3214	Macrophage	Macrophage C1Q hi	Alveolar/resident macrophage	Macrophage	SLCO2B1	13	2.16334774732886	72.2933419105822	0.730216031764151	unknown; source workbook does not define whether this is log2FC	B. Extended lineage markers	True	moderate_extended	False	False		1	1	1	1	Macrophage	Macrophage C1Q hi	Macrophage	0		Positive top-marker lists only; no complete non-target expression matrix, so cell specificity cannot be fully estimated.
Lung	BI_PF_ILD_atlas_v1	Sheet 1	3215	Macrophage	Macrophage C1Q hi	Alveolar/resident macrophage	Macrophage	RGS1	14	1.76412448948824	69.2698616918623	0.727370002565753	unknown; source workbook does not define whether this is log2FC	D. Shared/functional markers	False	shared_or_cross_lineage_risk	False	False		5	11	6	5	B/Plasma;Basophil/Mast;Dendritic;Macrophage;T cell	Basophil/Mast;DC CXCL2+/CD14+/CD1C-;DC LAMP3+/CCR7+;DC2 C1QC+;DC2 CD1A+/CD1E+;DC2 CLEC10A+;Macrophage C1Q hi;Plasma B;T CD4+ JUN+;T regulatory;helper T CD4+	DC;Macrophage;Mast/Basophil;Plasma;T	0		Positive top-marker lists only; no complete non-target expression matrix, so cell specificity cannot be fully estimated.
Lung	BI_PF_ILD_atlas_v1	Sheet 1	3216	Macrophage	Macrophage C1Q hi	Alveolar/resident macrophage	Macrophage	CTSL	15	1.60116381040019	85.0820199421036	0.713471793729622	unknown; source workbook does not define whether this is log2FC	B. Extended lineage markers	False	limited_extended_evidence	False	True		1	5	2	1	Macrophage	Macrophage C1Q hi;Macrophage CHI3L1+/CD9 hi/;Macrophage IL1B+;Macrophage LYVE1+;Macrophage RETN+/VCAN+	Macrophage	0		Positive top-marker lists only; no complete non-target expression matrix, so cell specificity cannot be fully estimated.
Lung	BI_PF_ILD_atlas_v1	Sheet 1	3217	Macrophage	Macrophage C1Q hi	Alveolar/resident macrophage	Macrophage	CD163L1	16	2.54860838190238	61.6789964618849	0.713445160285526	unknown; source workbook does not define whether this is log2FC	B. Extended lineage markers	False	limited_extended_evidence	False	False		2	3	1	1	Macrophage;Macrophage FABP4+	Macrophage C1Q hi;Macrophage FABP4+/PDE4C+;Macrophage LYVE1+	Macrophage	0		Positive top-marker lists only; no complete non-target expression matrix, so cell specificity cannot be fully estimated.
Lung	BI_PF_ILD_atlas_v1	Sheet 1	3218	Macrophage	Macrophage C1Q hi	Alveolar/resident macrophage	Macrophage	MS4A4A	17	1.85800482354191	73.7214538436796	0.71207149797474	unknown; source workbook does not define whether this is log2FC	B. Extended lineage markers	False	limited_extended_evidence	False	True		1	2	2	1	Macrophage	Macrophage C1Q hi;Macrophage CHI3L1+/CD9 hi/	Macrophage	0		Positive top-marker lists only; no complete non-target expression matrix, so cell specificity cannot be fully estimated.
Lung	BI_PF_ILD_atlas_v1	Sheet 1	3219	Macrophage	Macrophage C1Q hi	Alveolar/resident macrophage	Macrophage	MERTK	18	2.87511968333097	52.6600192988099	0.711487247230795	unknown; source workbook does not define whether this is log2FC	B. Extended lineage markers	False	limited_extended_evidence	True	False		1	1	1	1	Macrophage	Macrophage C1Q hi	Macrophage	0		Positive top-marker lists only; no complete non-target expression matrix, so cell specificity cannot be fully estimated.
Lung	BI_PF_ILD_atlas_v1	Sheet 1	3220	Macrophage	Macrophage C1Q hi	Alveolar/resident macrophage	Macrophage	SLC1A3	19	2.21898516798572	66.375040205854	0.710072945001265	unknown; source workbook does not define whether this is log2FC	B. Extended lineage markers	False	limited_extended_evidence	False	False		1	2	2	1	Macrophage	Macrophage C1Q hi;Macrophage CHI3L1+/CD9 hi/	Macrophage	0		Positive top-marker lists only; no complete non-target expression matrix, so cell specificity cannot be fully estimated.
Lung	BI_PF_ILD_atlas_v1	Sheet 1	3221	Macrophage	Macrophage C1Q hi	Alveolar/resident macrophage	Macrophage	HLA-DRA	20	1.30554124320014	99.0221936313927	0.709902115731472	unknown; source workbook does not define whether this is log2FC	D. Shared/functional markers	False	shared_or_cross_lineage_risk	False	False	antigen_presentation	3	8	2	2	Dendritic;Macrophage;Macrophage FABP4+	DC CXCL2+/CD14+/CD1C-;DC1 CLEC9A+;DC2 C1QC+;DC2 CD1A+/CD1E+;DC2 CLEC10A+;Macrophage C1Q hi;Macrophage FABP4+;Macrophage FABP4+/PDE4C+	DC;Macrophage	0		Positive top-marker lists only; no complete non-target expression matrix, so cell specificity cannot be fully estimated.
Lung	BI_PF_ILD_atlas_v1	Sheet 1	3222	Macrophage	Macrophage C1Q hi	Alveolar/resident macrophage	Macrophage	CD14	21	1.81546275558272	68.7873914441943	0.70800884073676	unknown; source workbook does not define whether this is log2FC	D. Shared/functional markers	False	shared_or_cross_lineage_risk	False	True		3	5	3	3	Dendritic;Macrophage;Monocyte	DC CXCL2+/CD14+/CD1C-;Macrophage C1Q hi;Macrophage LYVE1+;Monocytes CD14+;Monocytes CD14+/IL1B	DC;Macrophage;Monocyte	0		Positive top-marker lists only; no complete non-target expression matrix, so cell specificity cannot be fully estimated.
Lung	BI_PF_ILD_atlas_v1	Sheet 1	3223	Macrophage	Macrophage C1Q hi	Alveolar/resident macrophage	Macrophage	GPR183	22	1.45823216555494	65.9247346413638	0.707043488546954	unknown; source workbook does not define whether this is log2FC	D. Shared/functional markers	False	shared_or_cross_lineage_risk	False	True		3	8	4	2	Dendritic;Macrophage;pDC	DC CXCL2+/CD14+/CD1C-;DC2 C1QC+;DC2 CD1A+/CD1E+;DC2 CLEC10A+;Macrophage C1Q hi;Macrophage IL1B+;Macrophage RETN+/VCAN+;pDC	DC;Macrophage	0		Positive top-marker lists only; no complete non-target expression matrix, so cell specificity cannot be fully estimated.
Lung	BI_PF_ILD_atlas_v1	Sheet 1	3224	Macrophage	Macrophage C1Q hi	Alveolar/resident macrophage	Macrophage	FPR3	23	2.17124401461737	58.8356384689611	0.706778827911414	unknown; source workbook does not define whether this is log2FC	B. Extended lineage markers	False	limited_extended_evidence	False	True		1	2	2	1	Macrophage	Macrophage C1Q hi;Macrophage RETN+/VCAN+	Macrophage	0		Positive top-marker lists only; no complete non-target expression matrix, so cell specificity cannot be fully estimated.
Lung	BI_PF_ILD_atlas_v1	Sheet 1	3225	Macrophage	Macrophage C1Q hi	Alveolar/resident macrophage	Macrophage	FTL	24	1.35457491078401	99.9742682534577	0.70673364842031	unknown; source workbook does not define whether this is log2FC	B. Extended lineage markers	False	limited_extended_evidence	False	True		2	3	2	1	Macrophage;Macrophage FABP4+	Macrophage C1Q hi;Macrophage CHI3L1+/CD9 hi/;Macrophage FABP4+	Macrophage	0		Positive top-marker lists only; no complete non-target expression matrix, so cell specificity cannot be fully estimated.
Lung	BI_PF_ILD_atlas_v1	Sheet 1	3226	Macrophage	Macrophage C1Q hi	Alveolar/resident macrophage	Macrophage	DOCK4	25	1.64419377909137	70.7687359279511	0.706446059575851	unknown; source workbook does not define whether this is log2FC	B. Extended lineage markers	False	limited_extended_evidence	False	False		1	3	2	1	Macrophage	Macrophage C1Q hi;Macrophage IL1B+;Macrophage LYVE1+	Macrophage	0		Positive top-marker lists only; no complete non-target expression matrix, so cell specificity cannot be fully estimated.
Lung	BI_PF_ILD_atlas_v1	Sheet 1	3227	Macrophage	Macrophage C1Q hi	Alveolar/resident macrophage	Macrophage	KCNMA1	26	2.50695321778598	61.0035381151496	0.705145245705271	unknown; source workbook does not define whether this is log2FC	B. Extended lineage markers	False	limited_extended_evidence	False	False		1	1	1	1	Macrophage	Macrophage C1Q hi	Macrophage	0		Positive top-marker lists only; no complete non-target expression matrix, so cell specificity cannot be fully estimated.
Lung	BI_PF_ILD_atlas_v1	Sheet 1	3228	Macrophage	Macrophage C1Q hi	Alveolar/resident macrophage	Macrophage	GLUL	27	1.31979229524672	95.1559987134127	0.704871748405881	unknown; source workbook does not define whether this is log2FC	B. Extended lineage markers	False	limited_extended_evidence	False	True		2	2	1	1	Macrophage;Macrophage FABP4+	Macrophage C1Q hi;Macrophage FABP4+	Macrophage	0		Positive top-marker lists only; no complete non-target expression matrix, so cell specificity cannot be fully estimated.
Lung	BI_PF_ILD_atlas_v1	Sheet 1	3229	Macrophage	Macrophage C1Q hi	Alveolar/resident macrophage	Macrophage	CCL18	28	2.64219389566706	68.3242200064329	0.704085048965983	unknown; source workbook does not define whether this is log2FC	B. Extended lineage markers	False	limited_extended_evidence	False	False		1	2	2	1	Macrophage	Macrophage C1Q hi;Macrophage CHI3L1+/CD9 hi/	Macrophage	0		Positive top-marker lists only; no complete non-target expression matrix, so cell specificity cannot be fully estimated.
Lung	BI_PF_ILD_atlas_v1	Sheet 1	3230	Macrophage	Macrophage C1Q hi	Alveolar/resident macrophage	Macrophage	TFRC	29	1.74777027189058	81.691862335156	0.704071922551707	unknown; source workbook does not define whether this is log2FC	B. Extended lineage markers	False	limited_extended_evidence	False	False		1	1	1	1	Macrophage	Macrophage C1Q hi	Macrophage	0		Positive top-marker lists only; no complete non-target expression matrix, so cell specificity cannot be fully estimated.
Lung	BI_PF_ILD_atlas_v1	Sheet 1	3231	Macrophage	Macrophage C1Q hi	Alveolar/resident macrophage	Macrophage	MFSD1	30	1.67513449458579	74.274686394339	0.703969903304239	unknown; source workbook does not define whether this is log2FC	B. Extended lineage markers	False	limited_extended_evidence	False	False		1	1	1	1	Macrophage	Macrophage C1Q hi	Macrophage	0		Positive top-marker lists only; no complete non-target expression matrix, so cell specificity cannot be fully estimated.
Lung	BI_PF_ILD_atlas_v1	Sheet 1	3232	Macrophage	Macrophage C1Q hi	Alveolar/resident macrophage	Macrophage	HIF1A	31	1.33181890535515	81.3380508201994	0.702037688283241	unknown; source workbook does not define whether this is log2FC	D. Shared/functional markers	False	shared_or_cross_lineage_risk	False	True		3	6	4	3	Dendritic;Macrophage;Monocyte	DC CXCL2+/CD14+/CD1C-;Macrophage C1Q hi;Macrophage IL1B+;Macrophage LYVE1+;Macrophage RETN+/VCAN+;Monocytes CD14+	DC;Macrophage;Monocyte	0		Positive top-marker lists only; no complete non-target expression matrix, so cell specificity cannot be fully estimated.
Lung	BI_PF_ILD_atlas_v1	Sheet 1	3233	Macrophage	Macrophage C1Q hi	Alveolar/resident macrophage	Macrophage	MRC1	32	1.44854762718789	84.5480862013509	0.701624032161385	unknown; source workbook does not define whether this is log2FC	D. Shared/functional markers	False	shared_or_cross_lineage_risk	False	True		3	4	3	2	Dendritic;Macrophage;Macrophage FABP4+	DC CXCL2+/CD14+/CD1C-;Macrophage C1Q hi;Macrophage FABP4+;Macrophage RETN+/VCAN+	DC;Macrophage	0		Positive top-marker lists only; no complete non-target expression matrix, so cell specificity cannot be fully estimated.
Lung	BI_PF_ILD_atlas_v1	Sheet 1	3234	Macrophage	Macrophage C1Q hi	Alveolar/resident macrophage	Macrophage	SLC16A10	33	1.85736301334497	70.4663879060791	0.699573941477142	unknown; source workbook does not define whether this is log2FC	B. Extended lineage markers	False	limited_extended_evidence	False	True		1	3	2	1	Macrophage	Macrophage C1Q hi;Macrophage IL1B+;Macrophage RETN+/VCAN+	Macrophage	0		Positive top-marker lists only; no complete non-target expression matrix, so cell specificity cannot be fully estimated.
Lung	BI_PF_ILD_atlas_v1	Sheet 1	3235	Macrophage	Macrophage C1Q hi	Alveolar/resident macrophage	Macrophage	RP11-295K3.1	34	2.41039246042615	68.9932454165326	0.697995609430493	unknown; source workbook does not define whether this is log2FC	B. Extended lineage markers	False	limited_extended_evidence	False	False		2	2	1	1	Macrophage;Macrophage FABP4+	Macrophage C1Q hi;Macrophage FABP4+/PDE4C+	Macrophage	0		Positive top-marker lists only; no complete non-target expression matrix, so cell specificity cannot be fully estimated.
Lung	BI_PF_ILD_atlas_v1	Sheet 1	3236	Macrophage	Macrophage C1Q hi	Alveolar/resident macrophage	Macrophage	HLA-DQA1	35	1.46717146522692	80.9263428755227	0.696363388229387	unknown; source workbook does not define whether this is log2FC	D. Shared/functional markers	False	shared_or_cross_lineage_risk	False	False	antigen_presentation	3	9	2	2	Dendritic;Macrophage;Macrophage FABP4+	DC CXCL2+/CD14+/CD1C-;DC LAMP3+/CCR7+;DC1 CLEC9A+;DC2 C1QC+;DC2 CD1A+/CD1E+;DC2 CLEC10A+;Macrophage C1Q hi;Macrophage FABP4+;Macrophage FABP4+/PDE4C+	DC;Macrophage	0		Positive top-marker lists only; no complete non-target expression matrix, so cell specificity cannot be fully estimated.
Lung	BI_PF_ILD_atlas_v1	Sheet 1	3237	Macrophage	Macrophage C1Q hi	Alveolar/resident macrophage	Macrophage	CPM	36	1.82843407726212	72.6986169186233	0.696175850299387	unknown; source workbook does not define whether this is log2FC	B. Extended lineage markers	False	limited_extended_evidence	False	False		1	2	2	1	Macrophage	Macrophage C1Q hi;Macrophage CHI3L1+/CD9 hi/	Macrophage	0		Positive top-marker lists only; no complete non-target expression matrix, so cell specificity cannot be fully estimated.
Lung	BI_PF_ILD_atlas_v1	Sheet 1	3238	Macrophage	Macrophage C1Q hi	Alveolar/resident macrophage	Macrophage	ELL2	37	1.69153015465678	79.9742682534577	0.696157726068343	unknown; source workbook does not define whether this is log2FC	D. Shared/functional markers	False	shared_or_cross_lineage_risk	False	False		2	4	3	2	Macrophage;Monocyte	Macrophage C1Q hi;Macrophage IL1B+;Macrophage LYVE1+;Monocytes CD14+	Macrophage;Monocyte	0		Positive top-marker lists only; no complete non-target expression matrix, so cell specificity cannot be fully estimated.
Lung	BI_PF_ILD_atlas_v1	Sheet 1	3239	Macrophage	Macrophage C1Q hi	Alveolar/resident macrophage	Macrophage	HLA-DPB1	38	1.26184458903955	93.579929237697	0.695361792673597	unknown; source workbook does not define whether this is log2FC	D. Shared/functional markers	False	shared_or_cross_lineage_risk	False	False	antigen_presentation	3	7	2	2	Dendritic;Macrophage;Macrophage FABP4+	DC CXCL2+/CD14+/CD1C-;DC1 CLEC9A+;DC2 C1QC+;DC2 CD1A+/CD1E+;DC2 CLEC10A+;Macrophage C1Q hi;Macrophage FABP4+	DC;Macrophage	0		Positive top-marker lists only; no complete non-target expression matrix, so cell specificity cannot be fully estimated.
Lung	BI_PF_ILD_atlas_v1	Sheet 1	3240	Macrophage	Macrophage C1Q hi	Alveolar/resident macrophage	Macrophage	LAPTM5	39	1.11000141210936	95.8057253136057	0.69520147796362	unknown; source workbook does not define whether this is log2FC	B. Extended lineage markers	False	limited_extended_evidence	False	True		2	4	2	1	Macrophage;Macrophage FABP4+	Macrophage C1Q hi;Macrophage CHI3L1+/CD9 hi/;Macrophage FABP4+;Macrophage RETN+/VCAN+	Macrophage	0		Positive top-marker lists only; no complete non-target expression matrix, so cell specificity cannot be fully estimated.
Lung	BI_PF_ILD_atlas_v1	Sheet 1	3241	Macrophage	Macrophage C1Q hi	Alveolar/resident macrophage	Macrophage	CTSS	40	1.27889341211162	93.1231907365712	0.69057299634516	unknown; source workbook does not define whether this is log2FC	D. Shared/functional markers	False	shared_or_cross_lineage_risk	False	True		2	4	3	2	Macrophage;Monocyte	Macrophage C1Q hi;Macrophage CHI3L1+/CD9 hi/;Monocytes CD14+/IL1B;Monocytes CD16+	Macrophage;Monocyte	0		Positive top-marker lists only; no complete non-target expression matrix, so cell specificity cannot be fully estimated.
Lung	BI_PF_ILD_atlas_v1	Sheet 1	3242	Macrophage	Macrophage C1Q hi	Alveolar/resident macrophage	Macrophage	FOLR2	41	4.01981689626947	42.9848825989064	0.690215318187892	unknown; source workbook does not define whether this is log2FC	B. Extended lineage markers	False	limited_extended_evidence	False	False		1	2	1	1	Macrophage	Macrophage C1Q hi;Macrophage LYVE1+	Macrophage	0		Positive top-marker lists only; no complete non-target expression matrix, so cell specificity cannot be fully estimated.
Lung	BI_PF_ILD_atlas_v1	Sheet 1	3243	Macrophage	Macrophage C1Q hi	Alveolar/resident macrophage	Macrophage	AIF1	42	1.18239734837486	86.2463814731425	0.689597107580598	unknown; source workbook does not define whether this is log2FC	D. Shared/functional markers	False	shared_or_cross_lineage_risk	False	True		3	7	4	3	Dendritic;Macrophage;Monocyte	DC CXCL2+/CD14+/CD1C-;DC2 C1QC+;Macrophage C1Q hi;Macrophage LYVE1+;Macrophage RETN+/VCAN+;Monocytes CD14+/IL1B;Monocytes CD16+	DC;Macrophage;Monocyte	0		Positive top-marker lists only; no complete non-target expression matrix, so cell specificity cannot be fully estimated.
Lung	BI_PF_ILD_atlas_v1	Sheet 1	3244	Macrophage	Macrophage C1Q hi	Alveolar/resident macrophage	Macrophage	SGK1	43	1.40725068800726	75.6320360244452	0.68947502323435	unknown; source workbook does not define whether this is log2FC	D. Shared/functional markers	False	shared_or_cross_lineage_risk	False	True		2	3	3	2	Dendritic;Macrophage	DC2 CLEC10A+;Macrophage C1Q hi;Macrophage CHI3L1+/CD9 hi/	DC;Macrophage	0		Positive top-marker lists only; no complete non-target expression matrix, so cell specificity cannot be fully estimated.
Lung	BI_PF_ILD_atlas_v1	Sheet 1	3245	Macrophage	Macrophage C1Q hi	Alveolar/resident macrophage	Macrophage	FCER1G	44	1.04215243618162	95.7156642007076	0.688715946213034	unknown; source workbook does not define whether this is log2FC	D. Shared/functional markers	False	shared_or_cross_lineage_risk	False	True		3	5	3	2	Macrophage;Macrophage FABP4+;Monocyte	Macrophage C1Q hi;Macrophage CHI3L1+/CD9 hi/;Macrophage FABP4+;Macrophage RETN+/VCAN+;Monocytes CD16+	Macrophage;Monocyte	0		Positive top-marker lists only; no complete non-target expression matrix, so cell specificity cannot be fully estimated.
Lung	BI_PF_ILD_atlas_v1	Sheet 1	3246	Macrophage	Macrophage C1Q hi	Alveolar/resident macrophage	Macrophage	TGFBI	45	1.83963848108696	65.422965583789	0.688696767379537	unknown; source workbook does not define whether this is log2FC	B. Extended lineage markers	False	limited_extended_evidence	False	False		1	2	2	1	Macrophage	Macrophage C1Q hi;Macrophage RETN+/VCAN+	Macrophage	0		Positive top-marker lists only; no complete non-target expression matrix, so cell specificity cannot be fully estimated.
Lung	BI_PF_ILD_atlas_v1	Sheet 1	3247	Macrophage	Macrophage C1Q hi	Alveolar/resident macrophage	Macrophage	MAFB	46	1.59039551823083	70.2219363139273	0.688669368454902	unknown; source workbook does not define whether this is log2FC	B. Extended lineage markers	False	limited_extended_evidence	False	False		1	1	1	1	Macrophage	Macrophage C1Q hi	Macrophage	0		Positive top-marker lists only; no complete non-target expression matrix, so cell specificity cannot be fully estimated.
Lung	BI_PF_ILD_atlas_v1	Sheet 1	3248	Macrophage	Macrophage C1Q hi	Alveolar/resident macrophage	Macrophage	PLD3	47	1.88299172879349	74.2682534577034	0.687979930418978	unknown; source workbook does not define whether this is log2FC	B. Extended lineage markers	False	limited_extended_evidence	False	False		1	1	1	1	Macrophage	Macrophage C1Q hi	Macrophage	0		Positive top-marker lists only; no complete non-target expression matrix, so cell specificity cannot be fully estimated.
Lung	BI_PF_ILD_atlas_v1	Sheet 1	3249	Macrophage	Macrophage C1Q hi	Alveolar/resident macrophage	Macrophage	NPL	48	2.12437536305259	55.7027983274365	0.687860077735621	unknown; source workbook does not define whether this is log2FC	B. Extended lineage markers	False	limited_extended_evidence	False	False		1	1	1	1	Macrophage	Macrophage C1Q hi	Macrophage	0		Positive top-marker lists only; no complete non-target expression matrix, so cell specificity cannot be fully estimated.
Lung	BI_PF_ILD_atlas_v1	Sheet 1	3250	Macrophage	Macrophage C1Q hi	Alveolar/resident macrophage	Macrophage	RGS2	49	1.38536969989485	67.1083949823094	0.686598618589864	unknown; source workbook does not define whether this is log2FC	D. Shared/functional markers	False	shared_or_cross_lineage_risk	False	False		4	8	4	4	Basophil/Mast;Dendritic;Macrophage;Monocyte	Basophil/Mast;DC CXCL2+/CD14+/CD1C-;DC2 CLEC10A+;Macrophage C1Q hi;Macrophage LYVE1+;Monocytes CD14+;Monocytes CD14+/IL1B;Monocytes CD16+	DC;Macrophage;Mast/Basophil;Monocyte	0		Positive top-marker lists only; no complete non-target expression matrix, so cell specificity cannot be fully estimated.
Lung	BI_PF_ILD_atlas_v1	Sheet 1	3251	Macrophage	Macrophage C1Q hi	Alveolar/resident macrophage	Macrophage	HLA-DRB1	50	1.14670156075398	96.9507880347379	0.686279980754343	unknown; source workbook does not define whether this is log2FC	D. Shared/functional markers	False	shared_or_cross_lineage_risk	False	False	antigen_presentation	3	8	2	2	Dendritic;Macrophage;Macrophage FABP4+	DC CXCL2+/CD14+/CD1C-;DC1 CLEC9A+;DC2 C1QC+;DC2 CD1A+/CD1E+;DC2 CLEC10A+;Macrophage C1Q hi;Macrophage FABP4+;Macrophage FABP4+/PDE4C+	DC;Macrophage	0		Positive top-marker lists only; no complete non-target expression matrix, so cell specificity cannot be fully estimated.
Lung	BI_PF_ILD_atlas_v1	Sheet 1	3252	Macrophage	Macrophage CHI3L1+/CD9 hi/	Inflammatory macrophage	Macrophage	GPNMB	1	3.83217872699123	94.8258994891119	0.877547711318052	unknown; source workbook does not define whether this is log2FC	C. State-associated markers	True	state_associated_not_lineage_core	False	True		1	2	2	1	Macrophage	Macrophage C1Q hi;Macrophage CHI3L1+/CD9 hi/	Macrophage	0		Positive top-marker lists only; no complete non-target expression matrix, so cell specificity cannot be fully estimated.
Lung	BI_PF_ILD_atlas_v1	Sheet 1	3253	Macrophage	Macrophage CHI3L1+/CD9 hi/	Inflammatory macrophage	Macrophage	APOE	2	3.69097974112281	93.5106344432769	0.835957748828713	unknown; source workbook does not define whether this is log2FC	C. State-associated markers	True	state_associated_not_lineage_core	False	True		2	4	2	1	Macrophage;Macrophage FABP4+	Macrophage C1Q hi;Macrophage CHI3L1+/CD9 hi/;Macrophage FABP4+;Macrophage FABP4+/PDE4C+	Macrophage	0		Positive top-marker lists only; no complete non-target expression matrix, so cell specificity cannot be fully estimated.
Lung	BI_PF_ILD_atlas_v1	Sheet 1	3254	Macrophage	Macrophage CHI3L1+/CD9 hi/	Inflammatory macrophage	Macrophage	CSTB	3	3.03341459408497	99.1992463495054	0.833114071700946	unknown; source workbook does not define whether this is log2FC	C. State-associated markers	True	state_associated_not_lineage_core	False	True		1	1	1	1	Macrophage	Macrophage CHI3L1+/CD9 hi/	Macrophage	0		Positive top-marker lists only; no complete non-target expression matrix, so cell specificity cannot be fully estimated.
Lung	BI_PF_ILD_atlas_v1	Sheet 1	3255	Macrophage	Macrophage CHI3L1+/CD9 hi/	Inflammatory macrophage	Macrophage	APOC1	4	3.19202136834354	96.1230479365194	0.821159710479458	unknown; source workbook does not define whether this is log2FC	C. State-associated markers	True	state_associated_not_lineage_core	False	False		2	3	2	1	Macrophage;Macrophage FABP4+	Macrophage CHI3L1+/CD9 hi/;Macrophage FABP4+;Macrophage FABP4+/PDE4C+	Macrophage	0		Positive top-marker lists only; no complete non-target expression matrix, so cell specificity cannot be fully estimated.
Lung	BI_PF_ILD_atlas_v1	Sheet 1	3256	Macrophage	Macrophage CHI3L1+/CD9 hi/	Inflammatory macrophage	Macrophage	CTSB	5	2.66589642878862	98.9673538896337	0.817739318834102	unknown; source workbook does not define whether this is log2FC	C. State-associated markers	True	state_associated_not_lineage_core	False	True		1	5	2	1	Macrophage	Macrophage C1Q hi;Macrophage CHI3L1+/CD9 hi/;Macrophage IL1B+;Macrophage LYVE1+;Macrophage RETN+/VCAN+	Macrophage	0		Positive top-marker lists only; no complete non-target expression matrix, so cell specificity cannot be fully estimated.
Lung	BI_PF_ILD_atlas_v1	Sheet 1	3257	Macrophage	Macrophage CHI3L1+/CD9 hi/	Inflammatory macrophage	Macrophage	FTL	6	2.70578697456045	100.0	0.815948685349474	unknown; source workbook does not define whether this is log2FC	C. State-associated markers	True	state_associated_not_lineage_core	False	True		2	3	2	1	Macrophage;Macrophage FABP4+	Macrophage C1Q hi;Macrophage CHI3L1+/CD9 hi/;Macrophage FABP4+	Macrophage	0		Positive top-marker lists only; no complete non-target expression matrix, so cell specificity cannot be fully estimated.
Lung	BI_PF_ILD_atlas_v1	Sheet 1	3258	Macrophage	Macrophage CHI3L1+/CD9 hi/	Inflammatory macrophage	Macrophage	LIPA	7	3.39296979483045	82.118917352078	0.800259416460523	unknown; source workbook does not define whether this is log2FC	C. State-associated markers	True	state_associated_not_lineage_core	False	False		1	1	1	1	Macrophage	Macrophage CHI3L1+/CD9 hi/	Macrophage	0		Positive top-marker lists only; no complete non-target expression matrix, so cell specificity cannot be fully estimated.
Lung	BI_PF_ILD_atlas_v1	Sheet 1	3259	Macrophage	Macrophage CHI3L1+/CD9 hi/	Inflammatory macrophage	Macrophage	PSAP	8	2.560802190083	99.1702597920215	0.798566950402609	unknown; source workbook does not define whether this is log2FC	C. State-associated markers	True	state_associated_not_lineage_core	False	True		2	5	2	1	Macrophage;Macrophage FABP4+	Macrophage C1Q hi;Macrophage CHI3L1+/CD9 hi/;Macrophage FABP4+;Macrophage LYVE1+;Macrophage RETN+/VCAN+	Macrophage	0		Positive top-marker lists only; no complete non-target expression matrix, so cell specificity cannot be fully estimated.
Lung	BI_PF_ILD_atlas_v1	Sheet 1	3260	Macrophage	Macrophage CHI3L1+/CD9 hi/	Inflammatory macrophage	Macrophage	SPP1	9	4.99466118403413	68.2524729156853	0.797210292579441	unknown; source workbook does not define whether this is log2FC	D. Shared/functional markers	False	shared_or_cross_lineage_risk	False	True	inflammation	1	1	1	1	Macrophage	Macrophage CHI3L1+/CD9 hi/	Macrophage	0		Positive top-marker lists only; no complete non-target expression matrix, so cell specificity cannot be fully estimated.
Lung	BI_PF_ILD_atlas_v1	Sheet 1	3261	Macrophage	Macrophage CHI3L1+/CD9 hi/	Inflammatory macrophage	Macrophage	ACP5	10	2.92728691924885	92.3113156273778	0.788229310602612	unknown; source workbook does not define whether this is log2FC	C. State-associated markers	True	state_associated_not_lineage_core	False	True		2	3	2	1	Macrophage;Macrophage FABP4+	Macrophage CHI3L1+/CD9 hi/;Macrophage FABP4+;Macrophage FABP4+/PDE4C+	Macrophage	0		Positive top-marker lists only; no complete non-target expression matrix, so cell specificity cannot be fully estimated.
Lung	BI_PF_ILD_atlas_v1	Sheet 1	3262	Macrophage	Macrophage CHI3L1+/CD9 hi/	Inflammatory macrophage	Macrophage	CTSS	11	2.48194466552502	95.7607159679699	0.77550214189258	unknown; source workbook does not define whether this is log2FC	D. Shared/functional markers	False	shared_or_cross_lineage_risk	False	True		2	4	3	2	Macrophage;Monocyte	Macrophage C1Q hi;Macrophage CHI3L1+/CD9 hi/;Monocytes CD14+/IL1B;Monocytes CD16+	Macrophage;Monocyte	0		Positive top-marker lists only; no complete non-target expression matrix, so cell specificity cannot be fully estimated.
Lung	BI_PF_ILD_atlas_v1	Sheet 1	3263	Macrophage	Macrophage CHI3L1+/CD9 hi/	Inflammatory macrophage	Macrophage	CYP27A1	12	3.11657066601492	80.774665748759	0.768490422483665	unknown; source workbook does not define whether this is log2FC	C. State-associated markers	True	state_associated_not_lineage_core	False	False		2	2	2	1	Macrophage;Macrophage FABP4+	Macrophage CHI3L1+/CD9 hi/;Macrophage FABP4+	Macrophage	0		Positive top-marker lists only; no complete non-target expression matrix, so cell specificity cannot be fully estimated.
Lung	BI_PF_ILD_atlas_v1	Sheet 1	3264	Macrophage	Macrophage CHI3L1+/CD9 hi/	Inflammatory macrophage	Macrophage	PLA2G7	13	4.04986724274794	61.973259900721	0.764248003925303	unknown; source workbook does not define whether this is log2FC	C. State-associated markers	True	state_associated_not_lineage_core	False	True		1	1	1	1	Macrophage	Macrophage CHI3L1+/CD9 hi/	Macrophage	0		Positive top-marker lists only; no complete non-target expression matrix, so cell specificity cannot be fully estimated.
Lung	BI_PF_ILD_atlas_v1	Sheet 1	3265	Macrophage	Macrophage CHI3L1+/CD9 hi/	Inflammatory macrophage	Macrophage	CAPG	14	2.7579605959879	89.7423819703612	0.763913401468577	unknown; source workbook does not define whether this is log2FC	C. State-associated markers	True	state_associated_not_lineage_core	False	True		1	1	1	1	Macrophage	Macrophage CHI3L1+/CD9 hi/	Macrophage	0		Positive top-marker lists only; no complete non-target expression matrix, so cell specificity cannot be fully estimated.
Lung	BI_PF_ILD_atlas_v1	Sheet 1	3266	Macrophage	Macrophage CHI3L1+/CD9 hi/	Inflammatory macrophage	Macrophage	CTSL	15	2.79359486061563	88.5720497119461	0.761963829464857	unknown; source workbook does not define whether this is log2FC	C. State-associated markers	True	state_associated_not_lineage_core	False	True		1	5	2	1	Macrophage	Macrophage C1Q hi;Macrophage CHI3L1+/CD9 hi/;Macrophage IL1B+;Macrophage LYVE1+;Macrophage RETN+/VCAN+	Macrophage	0		Positive top-marker lists only; no complete non-target expression matrix, so cell specificity cannot be fully estimated.
Lung	BI_PF_ILD_atlas_v1	Sheet 1	3267	Macrophage	Macrophage CHI3L1+/CD9 hi/	Inflammatory macrophage	Macrophage	FABP5	16	2.81934886017595	89.47787963332	0.759849716308236	unknown; source workbook does not define whether this is log2FC	C. State-associated markers	True	state_associated_not_lineage_core	False	False		1	1	1	1	Macrophage	Macrophage CHI3L1+/CD9 hi/	Macrophage	0		Positive top-marker lists only; no complete non-target expression matrix, so cell specificity cannot be fully estimated.
Lung	BI_PF_ILD_atlas_v1	Sheet 1	3268	Macrophage	Macrophage CHI3L1+/CD9 hi/	Inflammatory macrophage	Macrophage	RNF130	17	2.42371991900108	88.4669734410667	0.758582728320271	unknown; source workbook does not define whether this is log2FC	C. State-associated markers	True	state_associated_not_lineage_core	False	True		1	1	1	1	Macrophage	Macrophage CHI3L1+/CD9 hi/	Macrophage	0		Positive top-marker lists only; no complete non-target expression matrix, so cell specificity cannot be fully estimated.
Lung	BI_PF_ILD_atlas_v1	Sheet 1	3269	Macrophage	Macrophage CHI3L1+/CD9 hi/	Inflammatory macrophage	Macrophage	TYROBP	18	2.06425213499955	99.0579368817711	0.757066434503921	unknown; source workbook does not define whether this is log2FC	D. Shared/functional markers	False	shared_or_cross_lineage_risk	False	True		3	4	3	2	Dendritic;Macrophage;Macrophage FABP4+	DC2 C1QC+;Macrophage CHI3L1+/CD9 hi/;Macrophage FABP4+;Macrophage RETN+/VCAN+	DC;Macrophage	0		Positive top-marker lists only; no complete non-target expression matrix, so cell specificity cannot be fully estimated.
Lung	BI_PF_ILD_atlas_v1	Sheet 1	3270	Macrophage	Macrophage CHI3L1+/CD9 hi/	Inflammatory macrophage	Macrophage	CTSZ	19	2.64431520708261	90.2460234066452	0.75585397927547	unknown; source workbook does not define whether this is log2FC	C. State-associated markers	True	state_associated_not_lineage_core	False	True		1	2	2	1	Macrophage	Macrophage C1Q hi;Macrophage CHI3L1+/CD9 hi/	Macrophage	0		Positive top-marker lists only; no complete non-target expression matrix, so cell specificity cannot be fully estimated.
Lung	BI_PF_ILD_atlas_v1	Sheet 1	3271	Macrophage	Macrophage CHI3L1+/CD9 hi/	Inflammatory macrophage	Macrophage	ATP6V1F	20	2.32357409236433	93.6845537881807	0.754127017874615	unknown; source workbook does not define whether this is log2FC	C. State-associated markers	True	state_associated_not_lineage_core	False	True		1	2	1	1	Macrophage	Macrophage CHI3L1+/CD9 hi/;Macrophage RETN+/VCAN+	Macrophage	0		Positive top-marker lists only; no complete non-target expression matrix, so cell specificity cannot be fully estimated.
Lung	BI_PF_ILD_atlas_v1	Sheet 1	3272	Macrophage	Macrophage CHI3L1+/CD9 hi/	Inflammatory macrophage	Macrophage	MS4A4A	21	2.67561119493854	77.0498931120693	0.745810063541593	unknown; source workbook does not define whether this is log2FC	B. Extended lineage markers	True	moderate_extended	False	True		1	2	2	1	Macrophage	Macrophage C1Q hi;Macrophage CHI3L1+/CD9 hi/	Macrophage	0		Positive top-marker lists only; no complete non-target expression matrix, so cell specificity cannot be fully estimated.
Lung	BI_PF_ILD_atlas_v1	Sheet 1	3273	Macrophage	Macrophage CHI3L1+/CD9 hi/	Inflammatory macrophage	Macrophage	LILRB4	22	3.51497360163066	62.1073227290844	0.744726064789912	unknown; source workbook does not define whether this is log2FC	B. Extended lineage markers	True	moderate_extended	False	False		1	1	1	1	Macrophage	Macrophage CHI3L1+/CD9 hi/	Macrophage	0		Positive top-marker lists only; no complete non-target expression matrix, so cell specificity cannot be fully estimated.
Lung	BI_PF_ILD_atlas_v1	Sheet 1	3274	Macrophage	Macrophage CHI3L1+/CD9 hi/	Inflammatory macrophage	Macrophage	LGALS3	23	2.73718297056312	96.8440885539331	0.744464515446472	unknown; source workbook does not define whether this is log2FC	B. Extended lineage markers	True	moderate_extended	False	False		1	1	1	1	Macrophage	Macrophage CHI3L1+/CD9 hi/	Macrophage	0		Positive top-marker lists only; no complete non-target expression matrix, so cell specificity cannot be fully estimated.
Lung	BI_PF_ILD_atlas_v1	Sheet 1	3275	Macrophage	Macrophage CHI3L1+/CD9 hi/	Inflammatory macrophage	Macrophage	ASAH1	24	2.31676298397141	93.8947063299395	0.743989158419709	unknown; source workbook does not define whether this is log2FC	B. Extended lineage markers	True	moderate_extended	False	False		1	1	1	1	Macrophage	Macrophage CHI3L1+/CD9 hi/	Macrophage	0		Positive top-marker lists only; no complete non-target expression matrix, so cell specificity cannot be fully estimated.
Lung	BI_PF_ILD_atlas_v1	Sheet 1	3276	Macrophage	Macrophage CHI3L1+/CD9 hi/	Inflammatory macrophage	Macrophage	SGK1	25	2.41927185351626	81.7891952606979	0.743946721639964	unknown; source workbook does not define whether this is log2FC	D. Shared/functional markers	False	shared_or_cross_lineage_risk	False	True		2	3	3	2	Dendritic;Macrophage	DC2 CLEC10A+;Macrophage C1Q hi;Macrophage CHI3L1+/CD9 hi/	DC;Macrophage	0		Positive top-marker lists only; no complete non-target expression matrix, so cell specificity cannot be fully estimated.
Lung	BI_PF_ILD_atlas_v1	Sheet 1	3277	Macrophage	Macrophage CHI3L1+/CD9 hi/	Inflammatory macrophage	Macrophage	NPC2	26	1.8469748899944	98.3839994202689	0.743270780861909	unknown; source workbook does not define whether this is log2FC	D. Shared/functional markers	False	shared_or_cross_lineage_risk	False	True		2	2	2	2	Dendritic;Macrophage	DC2 C1QC+;Macrophage CHI3L1+/CD9 hi/	DC;Macrophage	3	AT2;dividing AT2;pre AT2	Positive top-marker lists only; no complete non-target expression matrix, so cell specificity cannot be fully estimated.
Lung	BI_PF_ILD_atlas_v1	Sheet 1	3278	Macrophage	Macrophage CHI3L1+/CD9 hi/	Inflammatory macrophage	Macrophage	SH3BGRL3	27	2.1789760818457	96.1375412152614	0.741808619652278	unknown; source workbook does not define whether this is log2FC	B. Extended lineage markers	True	moderate_extended	False	False		1	2	1	1	Macrophage	Macrophage CHI3L1+/CD9 hi/;Macrophage RETN+/VCAN+	Macrophage	0		Positive top-marker lists only; no complete non-target expression matrix, so cell specificity cannot be fully estimated.
Lung	BI_PF_ILD_atlas_v1	Sheet 1	3279	Macrophage	Macrophage CHI3L1+/CD9 hi/	Inflammatory macrophage	Macrophage	TREM2	28	3.17189325675582	65.7197724555238	0.741548183341055	unknown; source workbook does not define whether this is log2FC	B. Extended lineage markers	True	moderate_extended	False	False		1	1	1	1	Macrophage	Macrophage CHI3L1+/CD9 hi/	Macrophage	0		Positive top-marker lists only; no complete non-target expression matrix, so cell specificity cannot be fully estimated.
Lung	BI_PF_ILD_atlas_v1	Sheet 1	3280	Macrophage	Macrophage CHI3L1+/CD9 hi/	Inflammatory macrophage	Macrophage	SDC2	29	3.20957742964319	69.5931011993188	0.73894802429864	unknown; source workbook does not define whether this is log2FC	B. Extended lineage markers	True	moderate_extended	False	True		1	1	1	1	Macrophage	Macrophage CHI3L1+/CD9 hi/	Macrophage	0		Positive top-marker lists only; no complete non-target expression matrix, so cell specificity cannot be fully estimated.
Lung	BI_PF_ILD_atlas_v1	Sheet 1	3281	Macrophage	Macrophage CHI3L1+/CD9 hi/	Inflammatory macrophage	Macrophage	H2AFY	30	2.23156553565072	89.6409290191674	0.738546562194874	unknown; source workbook does not define whether this is log2FC	B. Extended lineage markers	True	moderate_extended	False	True		1	2	1	1	Macrophage	Macrophage CHI3L1+/CD9 hi/;Macrophage RETN+/VCAN+	Macrophage	0		Positive top-marker lists only; no complete non-target expression matrix, so cell specificity cannot be fully estimated.
Lung	BI_PF_ILD_atlas_v1	Sheet 1	3282	Macrophage	Macrophage CHI3L1+/CD9 hi/	Inflammatory macrophage	Macrophage	BRI3	31	2.53859321381294	90.7134316460741	0.738093915224951	unknown; source workbook does not define whether this is log2FC	B. Extended lineage markers	False	limited_extended_evidence	False	False		1	1	1	1	Macrophage	Macrophage CHI3L1+/CD9 hi/	Macrophage	0		Positive top-marker lists only; no complete non-target expression matrix, so cell specificity cannot be fully estimated.
Lung	BI_PF_ILD_atlas_v1	Sheet 1	3283	Macrophage	Macrophage CHI3L1+/CD9 hi/	Inflammatory macrophage	Macrophage	VIM	32	2.21569208049937	99.3369324975543	0.735822935878383	unknown; source workbook does not define whether this is log2FC	B. Extended lineage markers	False	limited_extended_evidence	False	False		1	1	1	1	Macrophage	Macrophage CHI3L1+/CD9 hi/	Macrophage	0		Positive top-marker lists only; no complete non-target expression matrix, so cell specificity cannot be fully estimated.
Lung	BI_PF_ILD_atlas_v1	Sheet 1	3284	Macrophage	Macrophage CHI3L1+/CD9 hi/	Inflammatory macrophage	Macrophage	LGALS1	33	2.16067742116624	97.5433892532338	0.735498418814487	unknown; source workbook does not define whether this is log2FC	B. Extended lineage markers	False	limited_extended_evidence	False	True		1	2	1	1	Macrophage	Macrophage CHI3L1+/CD9 hi/;Macrophage RETN+/VCAN+	Macrophage	0		Positive top-marker lists only; no complete non-target expression matrix, so cell specificity cannot be fully estimated.
Lung	BI_PF_ILD_atlas_v1	Sheet 1	3285	Macrophage	Macrophage CHI3L1+/CD9 hi/	Inflammatory macrophage	Macrophage	ITGB2	34	2.48564323185374	80.4268270589514	0.73389032445069	unknown; source workbook does not define whether this is log2FC	B. Extended lineage markers	False	limited_extended_evidence	False	False		1	1	1	1	Macrophage	Macrophage CHI3L1+/CD9 hi/	Macrophage	0		Positive top-marker lists only; no complete non-target expression matrix, so cell specificity cannot be fully estimated.
Lung	BI_PF_ILD_atlas_v1	Sheet 1	3286	Macrophage	Macrophage CHI3L1+/CD9 hi/	Inflammatory macrophage	Macrophage	ATP6V0B	35	2.27241377128721	91.238813000471	0.732361135340066	unknown; source workbook does not define whether this is log2FC	D. Shared/functional markers	False	shared_or_cross_lineage_risk	False	False		1	1	1	1	Macrophage	Macrophage CHI3L1+/CD9 hi/	Macrophage	1	Ionocyte	Positive top-marker lists only; no complete non-target expression matrix, so cell specificity cannot be fully estimated.
Lung	BI_PF_ILD_atlas_v1	Sheet 1	3287	Macrophage	Macrophage CHI3L1+/CD9 hi/	Inflammatory macrophage	Macrophage	CD84	36	3.31637515189763	57.7194825899489	0.731097373176178	unknown; source workbook does not define whether this is log2FC	B. Extended lineage markers	False	limited_extended_evidence	False	False		1	1	1	1	Macrophage	Macrophage CHI3L1+/CD9 hi/	Macrophage	0		Positive top-marker lists only; no complete non-target expression matrix, so cell specificity cannot be fully estimated.
Lung	BI_PF_ILD_atlas_v1	Sheet 1	3288	Macrophage	Macrophage CHI3L1+/CD9 hi/	Inflammatory macrophage	Macrophage	LAPTM5	37	2.06473545863154	96.4201601507301	0.730755456519779	unknown; source workbook does not define whether this is log2FC	B. Extended lineage markers	False	limited_extended_evidence	False	True		2	4	2	1	Macrophage;Macrophage FABP4+	Macrophage C1Q hi;Macrophage CHI3L1+/CD9 hi/;Macrophage FABP4+;Macrophage RETN+/VCAN+	Macrophage	0		Positive top-marker lists only; no complete non-target expression matrix, so cell specificity cannot be fully estimated.
Lung	BI_PF_ILD_atlas_v1	Sheet 1	3289	Macrophage	Macrophage CHI3L1+/CD9 hi/	Inflammatory macrophage	Macrophage	CCL18	38	2.68215512573481	73.3613536722345	0.730028236894862	unknown; source workbook does not define whether this is log2FC	B. Extended lineage markers	False	limited_extended_evidence	False	False		1	2	2	1	Macrophage	Macrophage C1Q hi;Macrophage CHI3L1+/CD9 hi/	Macrophage	0		Positive top-marker lists only; no complete non-target expression matrix, so cell specificity cannot be fully estimated.
Lung	BI_PF_ILD_atlas_v1	Sheet 1	3290	Macrophage	Macrophage CHI3L1+/CD9 hi/	Inflammatory macrophage	Macrophage	SLC1A3	39	2.6794826050486	68.2017464400884	0.727883532006425	unknown; source workbook does not define whether this is log2FC	B. Extended lineage markers	False	limited_extended_evidence	False	False		1	2	2	1	Macrophage	Macrophage C1Q hi;Macrophage CHI3L1+/CD9 hi/	Macrophage	0		Positive top-marker lists only; no complete non-target expression matrix, so cell specificity cannot be fully estimated.
Lung	BI_PF_ILD_atlas_v1	Sheet 1	3291	Macrophage	Macrophage CHI3L1+/CD9 hi/	Inflammatory macrophage	Macrophage	CD63	40	2.28502780656988	98.0289140910903	0.725934073478651	unknown; source workbook does not define whether this is log2FC	B. Extended lineage markers	False	limited_extended_evidence	False	False		1	1	1	1	Macrophage	Macrophage CHI3L1+/CD9 hi/	Macrophage	0		Positive top-marker lists only; no complete non-target expression matrix, so cell specificity cannot be fully estimated.
Lung	BI_PF_ILD_atlas_v1	Sheet 1	3292	Macrophage	Macrophage CHI3L1+/CD9 hi/	Inflammatory macrophage	Macrophage	CPM	41	2.43805754492213	75.973767165477	0.725636317171944	unknown; source workbook does not define whether this is log2FC	B. Extended lineage markers	False	limited_extended_evidence	False	False		1	2	2	1	Macrophage	Macrophage C1Q hi;Macrophage CHI3L1+/CD9 hi/	Macrophage	0		Positive top-marker lists only; no complete non-target expression matrix, so cell specificity cannot be fully estimated.
Lung	BI_PF_ILD_atlas_v1	Sheet 1	3293	Macrophage	Macrophage CHI3L1+/CD9 hi/	Inflammatory macrophage	Macrophage	LGMN	42	3.17518815140135	68.0205804558136	0.725043070257988	unknown; source workbook does not define whether this is log2FC	B. Extended lineage markers	False	limited_extended_evidence	False	False		1	2	2	1	Macrophage	Macrophage C1Q hi;Macrophage CHI3L1+/CD9 hi/	Macrophage	0		Positive top-marker lists only; no complete non-target expression matrix, so cell specificity cannot be fully estimated.
Lung	BI_PF_ILD_atlas_v1	Sheet 1	3294	Macrophage	Macrophage CHI3L1+/CD9 hi/	Inflammatory macrophage	Macrophage	GRN	43	2.14658059724955	94.6918366607486	0.724102756469951	unknown; source workbook does not define whether this is log2FC	B. Extended lineage markers	False	limited_extended_evidence	False	False		2	3	2	1	Macrophage;Macrophage FABP4+	Macrophage CHI3L1+/CD9 hi/;Macrophage FABP4+;Macrophage FABP4+/PDE4C+	Macrophage	0		Positive top-marker lists only; no complete non-target expression matrix, so cell specificity cannot be fully estimated.
Lung	BI_PF_ILD_atlas_v1	Sheet 1	3295	Macrophage	Macrophage CHI3L1+/CD9 hi/	Inflammatory macrophage	Macrophage	FCER1G	44	1.91561628365979	96.3549403963912	0.723497816674802	unknown; source workbook does not define whether this is log2FC	D. Shared/functional markers	False	shared_or_cross_lineage_risk	False	True		3	5	3	2	Macrophage;Macrophage FABP4+;Monocyte	Macrophage C1Q hi;Macrophage CHI3L1+/CD9 hi/;Macrophage FABP4+;Macrophage RETN+/VCAN+;Monocytes CD16+	Macrophage;Monocyte	0		Positive top-marker lists only; no complete non-target expression matrix, so cell specificity cannot be fully estimated.
Lung	BI_PF_ILD_atlas_v1	Sheet 1	3296	Macrophage	Macrophage CHI3L1+/CD9 hi/	Inflammatory macrophage	Macrophage	LAMP1	45	2.44163312287907	86.0683358092684	0.723244904605974	unknown; source workbook does not define whether this is log2FC	B. Extended lineage markers	False	limited_extended_evidence	False	False		1	1	1	1	Macrophage	Macrophage CHI3L1+/CD9 hi/	Macrophage	0		Positive top-marker lists only; no complete non-target expression matrix, so cell specificity cannot be fully estimated.
Lung	BI_PF_ILD_atlas_v1	Sheet 1	3297	Macrophage	Macrophage CHI3L1+/CD9 hi/	Inflammatory macrophage	Macrophage	FNIP2	46	2.6177636199447	71.7054965759629	0.723049497105778	unknown; source workbook does not define whether this is log2FC	B. Extended lineage markers	False	limited_extended_evidence	False	True		1	2	1	1	Macrophage	Macrophage CHI3L1+/CD9 hi/;Macrophage IL1B+	Macrophage	0		Positive top-marker lists only; no complete non-target expression matrix, so cell specificity cannot be fully estimated.
Lung	BI_PF_ILD_atlas_v1	Sheet 1	3298	Macrophage	Macrophage CHI3L1+/CD9 hi/	Inflammatory macrophage	Macrophage	AP2S1	47	2.06051238376812	89.1662741403674	0.721128271391029	unknown; source workbook does not define whether this is log2FC	B. Extended lineage markers	False	limited_extended_evidence	False	True		1	2	1	1	Macrophage	Macrophage CHI3L1+/CD9 hi/;Macrophage RETN+/VCAN+	Macrophage	0		Positive top-marker lists only; no complete non-target expression matrix, so cell specificity cannot be fully estimated.
Lung	BI_PF_ILD_atlas_v1	Sheet 1	3299	Macrophage	Macrophage CHI3L1+/CD9 hi/	Inflammatory macrophage	Macrophage	YBX1	48	2.07996446838745	96.960034783869	0.719560929571044	unknown; source workbook does not define whether this is log2FC	B. Extended lineage markers	False	limited_extended_evidence	False	False		1	1	1	1	Macrophage	Macrophage CHI3L1+/CD9 hi/	Macrophage	0		Positive top-marker lists only; no complete non-target expression matrix, so cell specificity cannot be fully estimated.
Lung	BI_PF_ILD_atlas_v1	Sheet 1	3300	Macrophage	Macrophage CHI3L1+/CD9 hi/	Inflammatory macrophage	Macrophage	GM2A	49	3.41801033039844	62.5783542881988	0.719146803841947	unknown; source workbook does not define whether this is log2FC	B. Extended lineage markers	False	limited_extended_evidence	False	False		1	1	1	1	Macrophage	Macrophage CHI3L1+/CD9 hi/	Macrophage	0		Positive top-marker lists only; no complete non-target expression matrix, so cell specificity cannot be fully estimated.
Lung	BI_PF_ILD_atlas_v1	Sheet 1	3301	Macrophage	Macrophage CHI3L1+/CD9 hi/	Inflammatory macrophage	Macrophage	SDCBP	50	2.04341830977925	93.9236928874235	0.718013461974634	unknown; source workbook does not define whether this is log2FC	B. Extended lineage markers	False	limited_extended_evidence	False	False		1	1	1	1	Macrophage	Macrophage CHI3L1+/CD9 hi/	Macrophage	0		Positive top-marker lists only; no complete non-target expression matrix, so cell specificity cannot be fully estimated.
Lung	BI_PF_ILD_atlas_v1	Sheet 1	3302	Macrophage FABP4+	Macrophage FABP4+	Alveolar/resident macrophage	Macrophage	C1QA	1	5.22878704287817	98.9952690992552	0.929522341985941	unknown; source workbook does not define whether this is log2FC	D. Shared/functional markers	False	shared_or_cross_lineage_risk	True	True		3	5	2	2	Dendritic;Macrophage;Macrophage FABP4+	DC2 C1QC+;Macrophage C1Q hi;Macrophage FABP4+;Macrophage FABP4+/PDE4C+;Macrophage LYVE1+	DC;Macrophage	0		Positive top-marker lists only; no complete non-target expression matrix, so cell specificity cannot be fully estimated.
Lung	BI_PF_ILD_atlas_v1	Sheet 1	3303	Macrophage FABP4+	Macrophage FABP4+	Alveolar/resident macrophage	Macrophage	FABP4	2	6.94801416948587	88.6118787765235	0.919409855715501	unknown; source workbook does not define whether this is log2FC	A. Lineage-core	True	relatively_specific_core	True	True		1	1	1	1	Macrophage FABP4+	Macrophage FABP4+	Macrophage	0		Positive top-marker lists only; no complete non-target expression matrix, so cell specificity cannot be fully estimated.
Lung	BI_PF_ILD_atlas_v1	Sheet 1	3304	Macrophage FABP4+	Macrophage FABP4+	Alveolar/resident macrophage	Macrophage	C1QB	3	5.24877934784387	97.5759988758256	0.917652757763843	unknown; source workbook does not define whether this is log2FC	D. Shared/functional markers	False	shared_or_cross_lineage_risk	True	True		3	5	2	2	Dendritic;Macrophage;Macrophage FABP4+	DC2 C1QC+;Macrophage C1Q hi;Macrophage FABP4+;Macrophage FABP4+/PDE4C+;Macrophage LYVE1+	DC;Macrophage	0		Positive top-marker lists only; no complete non-target expression matrix, so cell specificity cannot be fully estimated.
Lung	BI_PF_ILD_atlas_v1	Sheet 1	3305	Macrophage FABP4+	Macrophage FABP4+	Alveolar/resident macrophage	Macrophage	APOC1	4	4.35751095988357	99.333692444611	0.899713480718588	unknown; source workbook does not define whether this is log2FC	B. Extended lineage markers	True	moderate_extended	False	True		2	3	2	1	Macrophage;Macrophage FABP4+	Macrophage CHI3L1+/CD9 hi/;Macrophage FABP4+;Macrophage FABP4+/PDE4C+	Macrophage	0		Positive top-marker lists only; no complete non-target expression matrix, so cell specificity cannot be fully estimated.
Lung	BI_PF_ILD_atlas_v1	Sheet 1	3306	Macrophage FABP4+	Macrophage FABP4+	Alveolar/resident macrophage	Macrophage	MSR1	5	4.64309674939795	93.7631739191531	0.895723059525724	unknown; source workbook does not define whether this is log2FC	A. Lineage-core	True	relatively_specific_core	True	True		1	2	1	1	Macrophage FABP4+	Macrophage FABP4+;Macrophage FABP4+/PDE4C+	Macrophage	0		Positive top-marker lists only; no complete non-target expression matrix, so cell specificity cannot be fully estimated.
Lung	BI_PF_ILD_atlas_v1	Sheet 1	3307	Macrophage FABP4+	Macrophage FABP4+	Alveolar/resident macrophage	Macrophage	C1QC	6	4.72717204815202	93.6004028291723	0.881824014682729	unknown; source workbook does not define whether this is log2FC	D. Shared/functional markers	False	shared_or_cross_lineage_risk	True	True		3	5	2	2	Dendritic;Macrophage;Macrophage FABP4+	DC2 C1QC+;Macrophage C1Q hi;Macrophage FABP4+;Macrophage FABP4+/PDE4C+;Macrophage LYVE1+	DC;Macrophage	0		Positive top-marker lists only; no complete non-target expression matrix, so cell specificity cannot be fully estimated.
Lung	BI_PF_ILD_atlas_v1	Sheet 1	3308	Macrophage FABP4+	Macrophage FABP4+	Alveolar/resident macrophage	Macrophage	MARCO	7	4.57786898200325	94.2362639936297	0.876995370505838	unknown; source workbook does not define whether this is log2FC	A. Lineage-core	True	relatively_specific_core	True	True		2	3	2	1	Macrophage;Macrophage FABP4+	Macrophage FABP4+;Macrophage FABP4+/PDE4C+;Macrophage RETN+/VCAN+	Macrophage	0		Positive top-marker lists only; no complete non-target expression matrix, so cell specificity cannot be fully estimated.
Lung	BI_PF_ILD_atlas_v1	Sheet 1	3309	Macrophage FABP4+	Macrophage FABP4+	Alveolar/resident macrophage	Macrophage	CD52	8	4.6775858808871	95.2796383905569	0.875388364783119	unknown; source workbook does not define whether this is log2FC	B. Extended lineage markers	True	moderate_extended	False	True		1	2	1	1	Macrophage FABP4+	Macrophage FABP4+;Macrophage FABP4+/PDE4C+	Macrophage	0		Positive top-marker lists only; no complete non-target expression matrix, so cell specificity cannot be fully estimated.
Lung	BI_PF_ILD_atlas_v1	Sheet 1	3310	Macrophage FABP4+	Macrophage FABP4+	Alveolar/resident macrophage	Macrophage	MCEMP1	9	5.60562707055642	85.185488781676	0.870939346344379	unknown; source workbook does not define whether this is log2FC	B. Extended lineage markers	True	moderate_extended	False	True		1	1	1	1	Macrophage FABP4+	Macrophage FABP4+	Macrophage	0		Positive top-marker lists only; no complete non-target expression matrix, so cell specificity cannot be fully estimated.
Lung	BI_PF_ILD_atlas_v1	Sheet 1	3311	Macrophage FABP4+	Macrophage FABP4+	Alveolar/resident macrophage	Macrophage	ALOX5AP	10	4.89985198888952	92.7080893718675	0.863085491344458	unknown; source workbook does not define whether this is log2FC	D. Shared/functional markers	False	shared_or_cross_lineage_risk	False	True		2	2	2	2	Dendritic;Macrophage FABP4+	DC2 C1QC+;Macrophage FABP4+	DC;Macrophage	0		Positive top-marker lists only; no complete non-target expression matrix, so cell specificity cannot be fully estimated.
Lung	BI_PF_ILD_atlas_v1	Sheet 1	3312	Macrophage FABP4+	Macrophage FABP4+	Alveolar/resident macrophage	Macrophage	GRN	11	4.20600911924803	96.373366434025	0.856918270314619	unknown; source workbook does not define whether this is log2FC	B. Extended lineage markers	True	moderate_extended	False	True		2	3	2	1	Macrophage;Macrophage FABP4+	Macrophage CHI3L1+/CD9 hi/;Macrophage FABP4+;Macrophage FABP4+/PDE4C+	Macrophage	0		Positive top-marker lists only; no complete non-target expression matrix, so cell specificity cannot be fully estimated.
Lung	BI_PF_ILD_atlas_v1	Sheet 1	3313	Macrophage FABP4+	Macrophage FABP4+	Alveolar/resident macrophage	Macrophage	PPARG	12	4.83089592073516	84.6643870907302	0.85387003712922	unknown; source workbook does not define whether this is log2FC	A. Lineage-core	True	relatively_specific_core	True	True		1	2	1	1	Macrophage FABP4+	Macrophage FABP4+;Macrophage FABP4+/PDE4C+	Macrophage	0		Positive top-marker lists only; no complete non-target expression matrix, so cell specificity cannot be fully estimated.
Lung	BI_PF_ILD_atlas_v1	Sheet 1	3314	Macrophage FABP4+	Macrophage FABP4+	Alveolar/resident macrophage	Macrophage	SERPINA1	13	4.29434737015093	93.9622464752447	0.851676474157039	unknown; source workbook does not define whether this is log2FC	D. Shared/functional markers	False	shared_or_cross_lineage_risk	False	True		1	2	1	1	Macrophage FABP4+	Macrophage FABP4+;Macrophage FABP4+/PDE4C+	Macrophage	1	pre AT2	Positive top-marker lists only; no complete non-target expression matrix, so cell specificity cannot be fully estimated.
Lung	BI_PF_ILD_atlas_v1	Sheet 1	3315	Macrophage FABP4+	Macrophage FABP4+	Alveolar/resident macrophage	Macrophage	ACP5	14	4.13343317580599	93.3439505363249	0.851188812285832	unknown; source workbook does not define whether this is log2FC	B. Extended lineage markers	True	moderate_extended	False	True		2	3	2	1	Macrophage;Macrophage FABP4+	Macrophage CHI3L1+/CD9 hi/;Macrophage FABP4+;Macrophage FABP4+/PDE4C+	Macrophage	0		Positive top-marker lists only; no complete non-target expression matrix, so cell specificity cannot be fully estimated.
Lung	BI_PF_ILD_atlas_v1	Sheet 1	3316	Macrophage FABP4+	Macrophage FABP4+	Alveolar/resident macrophage	Macrophage	OLR1	15	4.10549197266654	92.0007962902244	0.845679709449599	unknown; source workbook does not define whether this is log2FC	B. Extended lineage markers	True	moderate_extended	False	True		2	3	2	1	Macrophage;Macrophage FABP4+	Macrophage FABP4+;Macrophage IL1B+;Macrophage RETN+/VCAN+	Macrophage	0		Positive top-marker lists only; no complete non-target expression matrix, so cell specificity cannot be fully estimated.
Lung	BI_PF_ILD_atlas_v1	Sheet 1	3317	Macrophage FABP4+	Macrophage FABP4+	Alveolar/resident macrophage	Macrophage	FTL	16	3.83693409292432	100.0	0.843658049771239	unknown; source workbook does not define whether this is log2FC	B. Extended lineage markers	True	moderate_extended	False	True		2	3	2	1	Macrophage;Macrophage FABP4+	Macrophage C1Q hi;Macrophage CHI3L1+/CD9 hi/;Macrophage FABP4+	Macrophage	0		Positive top-marker lists only; no complete non-target expression matrix, so cell specificity cannot be fully estimated.
Lung	BI_PF_ILD_atlas_v1	Sheet 1	3318	Macrophage FABP4+	Macrophage FABP4+	Alveolar/resident macrophage	Macrophage	FBP1	17	4.82150669211745	89.5147313691508	0.841226183892047	unknown; source workbook does not define whether this is log2FC	B. Extended lineage markers	True	moderate_extended	False	True		1	1	1	1	Macrophage FABP4+	Macrophage FABP4+	Macrophage	0		Positive top-marker lists only; no complete non-target expression matrix, so cell specificity cannot be fully estimated.
Lung	BI_PF_ILD_atlas_v1	Sheet 1	3319	Macrophage FABP4+	Macrophage FABP4+	Alveolar/resident macrophage	Macrophage	CD74	18	3.76850653085434	99.9028057520259	0.84007476067635	unknown; source workbook does not define whether this is log2FC	D. Shared/functional markers	False	shared_or_cross_lineage_risk	False	True	antigen_presentation	2	7	2	2	Dendritic;Macrophage FABP4+	DC CXCL2+/CD14+/CD1C-;DC1 CLEC9A+;DC2 C1QC+;DC2 CD1A+/CD1E+;DC2 CLEC10A+;Macrophage FABP4+;Macrophage FABP4+/PDE4C+	DC;Macrophage	0		Positive top-marker lists only; no complete non-target expression matrix, so cell specificity cannot be fully estimated.
Lung	BI_PF_ILD_atlas_v1	Sheet 1	3320	Macrophage FABP4+	Macrophage FABP4+	Alveolar/resident macrophage	Macrophage	TREM1	19	4.87766296264559	82.1595859290833	0.839120894762957	unknown; source workbook does not define whether this is log2FC	B. Extended lineage markers	True	moderate_extended	False	True		1	1	1	1	Macrophage FABP4+	Macrophage FABP4+	Macrophage	0		Positive top-marker lists only; no complete non-target expression matrix, so cell specificity cannot be fully estimated.
Lung	BI_PF_ILD_atlas_v1	Sheet 1	3321	Macrophage FABP4+	Macrophage FABP4+	Alveolar/resident macrophage	Macrophage	TYROBP	20	3.94064788658365	99.1451590238419	0.838062591731329	unknown; source workbook does not define whether this is log2FC	D. Shared/functional markers	False	shared_or_cross_lineage_risk	False	True		3	4	3	2	Dendritic;Macrophage;Macrophage FABP4+	DC2 C1QC+;Macrophage CHI3L1+/CD9 hi/;Macrophage FABP4+;Macrophage RETN+/VCAN+	DC;Macrophage	0		Positive top-marker lists only; no complete non-target expression matrix, so cell specificity cannot be fully estimated.
Lung	BI_PF_ILD_atlas_v1	Sheet 1	3322	Macrophage FABP4+	Macrophage FABP4+	Alveolar/resident macrophage	Macrophage	MRC1	21	4.03894569296879	92.0066513654035	0.836626465688713	unknown; source workbook does not define whether this is log2FC	D. Shared/functional markers	False	shared_or_cross_lineage_risk	False	True		3	4	3	2	Dendritic;Macrophage;Macrophage FABP4+	DC CXCL2+/CD14+/CD1C-;Macrophage C1Q hi;Macrophage FABP4+;Macrophage RETN+/VCAN+	DC;Macrophage	0		Positive top-marker lists only; no complete non-target expression matrix, so cell specificity cannot be fully estimated.
Lung	BI_PF_ILD_atlas_v1	Sheet 1	3323	Macrophage FABP4+	Macrophage FABP4+	Alveolar/resident macrophage	Macrophage	HLA-DRA	22	3.77038828955437	99.7365216169376	0.8366155239445	unknown; source workbook does not define whether this is log2FC	D. Shared/functional markers	False	shared_or_cross_lineage_risk	False	True	antigen_presentation	3	8	2	2	Dendritic;Macrophage;Macrophage FABP4+	DC CXCL2+/CD14+/CD1C-;DC1 CLEC9A+;DC2 C1QC+;DC2 CD1A+/CD1E+;DC2 CLEC10A+;Macrophage C1Q hi;Macrophage FABP4+;Macrophage FABP4+/PDE4C+	DC;Macrophage	0		Positive top-marker lists only; no complete non-target expression matrix, so cell specificity cannot be fully estimated.
Lung	BI_PF_ILD_atlas_v1	Sheet 1	3324	Macrophage FABP4+	Macrophage FABP4+	Alveolar/resident macrophage	Macrophage	SNX10	23	4.4326386301572	85.3365497212984	0.834493179938995	unknown; source workbook does not define whether this is log2FC	B. Extended lineage markers	True	moderate_extended	False	True		1	1	1	1	Macrophage FABP4+	Macrophage FABP4+	Macrophage	0		Positive top-marker lists only; no complete non-target expression matrix, so cell specificity cannot be fully estimated.
Lung	BI_PF_ILD_atlas_v1	Sheet 1	3325	Macrophage FABP4+	Macrophage FABP4+	Alveolar/resident macrophage	Macrophage	ALOX5	24	4.57675251749895	82.5460208909082	0.833104486544419	unknown; source workbook does not define whether this is log2FC	D. Shared/functional markers	False	shared_or_cross_lineage_risk	False	True		2	2	2	2	Dendritic;Macrophage FABP4+	DC2 CD1A+/CD1E+;Macrophage FABP4+	DC;Macrophage	0		Positive top-marker lists only; no complete non-target expression matrix, so cell specificity cannot be fully estimated.
Lung	BI_PF_ILD_atlas_v1	Sheet 1	3326	Macrophage FABP4+	Macrophage FABP4+	Alveolar/resident macrophage	Macrophage	ALDH2	25	4.57811008637639	90.5756709916155	0.832386244547463	unknown; source workbook does not define whether this is log2FC	B. Extended lineage markers	True	moderate_extended	False	True		1	1	1	1	Macrophage FABP4+	Macrophage FABP4+	Macrophage	0		Positive top-marker lists only; no complete non-target expression matrix, so cell specificity cannot be fully estimated.
Lung	BI_PF_ILD_atlas_v1	Sheet 1	3327	Macrophage FABP4+	Macrophage FABP4+	Alveolar/resident macrophage	Macrophage	VSIG4	26	4.46217730442337	86.1937327275282	0.831467044830959	unknown; source workbook does not define whether this is log2FC	B. Extended lineage markers	True	moderate_extended	False	True		1	2	1	1	Macrophage FABP4+	Macrophage FABP4+;Macrophage FABP4+/PDE4C+	Macrophage	0		Positive top-marker lists only; no complete non-target expression matrix, so cell specificity cannot be fully estimated.
Lung	BI_PF_ILD_atlas_v1	Sheet 1	3328	Macrophage FABP4+	Macrophage FABP4+	Alveolar/resident macrophage	Macrophage	GLUL	27	3.77450173732607	97.299639327369	0.828370901465037	unknown; source workbook does not define whether this is log2FC	B. Extended lineage markers	True	moderate_extended	False	True		2	2	1	1	Macrophage;Macrophage FABP4+	Macrophage C1Q hi;Macrophage FABP4+	Macrophage	0		Positive top-marker lists only; no complete non-target expression matrix, so cell specificity cannot be fully estimated.
Lung	BI_PF_ILD_atlas_v1	Sheet 1	3329	Macrophage FABP4+	Macrophage FABP4+	Alveolar/resident macrophage	Macrophage	CTSC	28	4.32282294447082	91.414117757272	0.823552132686241	unknown; source workbook does not define whether this is log2FC	B. Extended lineage markers	True	moderate_extended	False	True		1	2	1	1	Macrophage FABP4+	Macrophage FABP4+;Macrophage FABP4+/PDE4C+	Macrophage	0		Positive top-marker lists only; no complete non-target expression matrix, so cell specificity cannot be fully estimated.
Lung	BI_PF_ILD_atlas_v1	Sheet 1	3330	Macrophage FABP4+	Macrophage FABP4+	Alveolar/resident macrophage	Macrophage	C1orf162	29	4.01290189104729	88.3261511077802	0.820441653959004	unknown; source workbook does not define whether this is log2FC	D. Shared/functional markers	False	shared_or_cross_lineage_risk	False	True		2	2	2	2	Dendritic;Macrophage FABP4+	DC CXCL2+/CD14+/CD1C-;Macrophage FABP4+	DC;Macrophage	0		Positive top-marker lists only; no complete non-target expression matrix, so cell specificity cannot be fully estimated.
Lung	BI_PF_ILD_atlas_v1	Sheet 1	3331	Macrophage FABP4+	Macrophage FABP4+	Alveolar/resident macrophage	Macrophage	SLC11A1	30	3.75809775344414	91.3731322310178	0.819877740553155	unknown; source workbook does not define whether this is log2FC	B. Extended lineage markers	True	moderate_extended	False	True		2	2	2	1	Macrophage;Macrophage FABP4+	Macrophage FABP4+;Macrophage RETN+/VCAN+	Macrophage	0		Positive top-marker lists only; no complete non-target expression matrix, so cell specificity cannot be fully estimated.
Lung	BI_PF_ILD_atlas_v1	Sheet 1	3332	Macrophage FABP4+	Macrophage FABP4+	Alveolar/resident macrophage	Macrophage	HLA-DQA1	31	3.78791213813844	90.5967492622605	0.819138325340218	unknown; source workbook does not define whether this is log2FC	D. Shared/functional markers	False	shared_or_cross_lineage_risk	False	True	antigen_presentation	3	9	2	2	Dendritic;Macrophage;Macrophage FABP4+	DC CXCL2+/CD14+/CD1C-;DC LAMP3+/CCR7+;DC1 CLEC9A+;DC2 C1QC+;DC2 CD1A+/CD1E+;DC2 CLEC10A+;Macrophage C1Q hi;Macrophage FABP4+;Macrophage FABP4+/PDE4C+	DC;Macrophage	0		Positive top-marker lists only; no complete non-target expression matrix, so cell specificity cannot be fully estimated.
Lung	BI_PF_ILD_atlas_v1	Sheet 1	3333	Macrophage FABP4+	Macrophage FABP4+	Alveolar/resident macrophage	Macrophage	ABCG1	32	4.85368198380058	75.9754555248489	0.818393868133327	unknown; source workbook does not define whether this is log2FC	B. Extended lineage markers	False	limited_extended_evidence	False	True		1	1	1	1	Macrophage FABP4+	Macrophage FABP4+	Macrophage	0		Positive top-marker lists only; no complete non-target expression matrix, so cell specificity cannot be fully estimated.
Lung	BI_PF_ILD_atlas_v1	Sheet 1	3334	Macrophage FABP4+	Macrophage FABP4+	Alveolar/resident macrophage	Macrophage	SPI1	33	4.11871001665203	87.5076115977329	0.816498282029875	unknown; source workbook does not define whether this is log2FC	B. Extended lineage markers	False	limited_extended_evidence	False	True		1	1	1	1	Macrophage FABP4+	Macrophage FABP4+	Macrophage	0		Positive top-marker lists only; no complete non-target expression matrix, so cell specificity cannot be fully estimated.
Lung	BI_PF_ILD_atlas_v1	Sheet 1	3335	Macrophage FABP4+	Macrophage FABP4+	Alveolar/resident macrophage	Macrophage	HLA-DPA1	34	3.65391709112106	97.6720221087639	0.813906074920262	unknown; source workbook does not define whether this is log2FC	D. Shared/functional markers	False	shared_or_cross_lineage_risk	False	True	antigen_presentation	2	6	2	2	Dendritic;Macrophage FABP4+	DC CXCL2+/CD14+/CD1C-;DC1 CLEC9A+;DC2 C1QC+;DC2 CD1A+/CD1E+;DC2 CLEC10A+;Macrophage FABP4+	DC;Macrophage	0		Positive top-marker lists only; no complete non-target expression matrix, so cell specificity cannot be fully estimated.
Lung	BI_PF_ILD_atlas_v1	Sheet 1	3336	Macrophage FABP4+	Macrophage FABP4+	Alveolar/resident macrophage	Macrophage	HLA-DRB1	35	3.79191958075297	98.3523818445829	0.813125575598102	unknown; source workbook does not define whether this is log2FC	D. Shared/functional markers	False	shared_or_cross_lineage_risk	False	True	antigen_presentation	3	8	2	2	Dendritic;Macrophage;Macrophage FABP4+	DC CXCL2+/CD14+/CD1C-;DC1 CLEC9A+;DC2 C1QC+;DC2 CD1A+/CD1E+;DC2 CLEC10A+;Macrophage C1Q hi;Macrophage FABP4+;Macrophage FABP4+/PDE4C+	DC;Macrophage	0		Positive top-marker lists only; no complete non-target expression matrix, so cell specificity cannot be fully estimated.
Lung	BI_PF_ILD_atlas_v1	Sheet 1	3337	Macrophage FABP4+	Macrophage FABP4+	Alveolar/resident macrophage	Macrophage	INHBA	36	6.64049746177592	67.0113354255469	0.812390172646165	unknown; source workbook does not define whether this is log2FC	B. Extended lineage markers	False	limited_extended_evidence	False	True		1	1	1	1	Macrophage FABP4+	Macrophage FABP4+	Macrophage	0		Positive top-marker lists only; no complete non-target expression matrix, so cell specificity cannot be fully estimated.
Lung	BI_PF_ILD_atlas_v1	Sheet 1	3338	Macrophage FABP4+	Macrophage FABP4+	Alveolar/resident macrophage	Macrophage	CXCL16	37	4.29238307355405	84.3060564897653	0.810032697606634	unknown; source workbook does not define whether this is log2FC	B. Extended lineage markers	False	limited_extended_evidence	False	True		1	1	1	1	Macrophage FABP4+	Macrophage FABP4+	Macrophage	0		Positive top-marker lists only; no complete non-target expression matrix, so cell specificity cannot be fully estimated.
Lung	BI_PF_ILD_atlas_v1	Sheet 1	3339	Macrophage FABP4+	Macrophage FABP4+	Alveolar/resident macrophage	Macrophage	CYP27A1	38	4.13276921303064	81.284837697316	0.809617346324186	unknown; source workbook does not define whether this is log2FC	B. Extended lineage markers	False	limited_extended_evidence	False	True		2	2	2	1	Macrophage;Macrophage FABP4+	Macrophage CHI3L1+/CD9 hi/;Macrophage FABP4+	Macrophage	0		Positive top-marker lists only; no complete non-target expression matrix, so cell specificity cannot be fully estimated.
Lung	BI_PF_ILD_atlas_v1	Sheet 1	3340	Macrophage FABP4+	Macrophage FABP4+	Alveolar/resident macrophage	Macrophage	TMSB4X	39	3.58570984429296	99.9765796992833	0.805551870812692	unknown; source workbook does not define whether this is log2FC	B. Extended lineage markers	False	limited_extended_evidence	False	True		1	1	1	1	Macrophage FABP4+	Macrophage FABP4+	Macrophage	0		Positive top-marker lists only; no complete non-target expression matrix, so cell specificity cannot be fully estimated.
Lung	BI_PF_ILD_atlas_v1	Sheet 1	3341	Macrophage FABP4+	Macrophage FABP4+	Alveolar/resident macrophage	Macrophage	GLDN	40	5.7889950181292	65.8379783596421	0.8041286945377	unknown; source workbook does not define whether this is log2FC	B. Extended lineage markers	False	limited_extended_evidence	False	True		1	1	1	1	Macrophage FABP4+	Macrophage FABP4+	Macrophage	0		Positive top-marker lists only; no complete non-target expression matrix, so cell specificity cannot be fully estimated.
Lung	BI_PF_ILD_atlas_v1	Sheet 1	3342	Macrophage FABP4+	Macrophage FABP4+	Alveolar/resident macrophage	Macrophage	LPL	41	4.58533870541009	75.4004871422549	0.803779706328304	unknown; source workbook does not define whether this is log2FC	B. Extended lineage markers	False	limited_extended_evidence	False	True		1	1	1	1	Macrophage FABP4+	Macrophage FABP4+	Macrophage	0		Positive top-marker lists only; no complete non-target expression matrix, so cell specificity cannot be fully estimated.
Lung	BI_PF_ILD_atlas_v1	Sheet 1	3343	Macrophage FABP4+	Macrophage FABP4+	Alveolar/resident macrophage	Macrophage	HLA-DPB1	42	3.31969005062815	97.2937842521898	0.800391839651588	unknown; source workbook does not define whether this is log2FC	D. Shared/functional markers	False	shared_or_cross_lineage_risk	False	True	antigen_presentation	3	7	2	2	Dendritic;Macrophage;Macrophage FABP4+	DC CXCL2+/CD14+/CD1C-;DC1 CLEC9A+;DC2 C1QC+;DC2 CD1A+/CD1E+;DC2 CLEC10A+;Macrophage C1Q hi;Macrophage FABP4+	DC;Macrophage	0		Positive top-marker lists only; no complete non-target expression matrix, so cell specificity cannot be fully estimated.
Lung	BI_PF_ILD_atlas_v1	Sheet 1	3344	Macrophage FABP4+	Macrophage FABP4+	Alveolar/resident macrophage	Macrophage	GLIPR2	43	3.96144303310366	84.897419082861	0.797372099354394	unknown; source workbook does not define whether this is log2FC	B. Extended lineage markers	False	limited_extended_evidence	False	True		1	1	1	1	Macrophage FABP4+	Macrophage FABP4+	Macrophage	0		Positive top-marker lists only; no complete non-target expression matrix, so cell specificity cannot be fully estimated.
Lung	BI_PF_ILD_atlas_v1	Sheet 1	3345	Macrophage FABP4+	Macrophage FABP4+	Alveolar/resident macrophage	Macrophage	TCF7L2	44	4.13168456273195	76.374771652068	0.79485138616632	unknown; source workbook does not define whether this is log2FC	B. Extended lineage markers	False	limited_extended_evidence	False	True		1	2	1	1	Macrophage FABP4+	Macrophage FABP4+;Macrophage FABP4+/PDE4C+	Macrophage	0		Positive top-marker lists only; no complete non-target expression matrix, so cell specificity cannot be fully estimated.
Lung	BI_PF_ILD_atlas_v1	Sheet 1	3346	Macrophage FABP4+	Macrophage FABP4+	Alveolar/resident macrophage	Macrophage	LAPTM5	45	3.39430084657454	95.5489718487985	0.793908791882832	unknown; source workbook does not define whether this is log2FC	B. Extended lineage markers	False	limited_extended_evidence	False	True		2	4	2	1	Macrophage;Macrophage FABP4+	Macrophage C1Q hi;Macrophage CHI3L1+/CD9 hi/;Macrophage FABP4+;Macrophage RETN+/VCAN+	Macrophage	0		Positive top-marker lists only; no complete non-target expression matrix, so cell specificity cannot be fully estimated.
Lung	BI_PF_ILD_atlas_v1	Sheet 1	3347	Macrophage FABP4+	Macrophage FABP4+	Alveolar/resident macrophage	Macrophage	FCER1G	46	3.58369345174679	97.187221883929	0.793600748584609	unknown; source workbook does not define whether this is log2FC	D. Shared/functional markers	False	shared_or_cross_lineage_risk	False	True		3	5	3	2	Macrophage;Macrophage FABP4+;Monocyte	Macrophage C1Q hi;Macrophage CHI3L1+/CD9 hi/;Macrophage FABP4+;Macrophage RETN+/VCAN+;Monocytes CD16+	Macrophage;Monocyte	0		Positive top-marker lists only; no complete non-target expression matrix, so cell specificity cannot be fully estimated.
Lung	BI_PF_ILD_atlas_v1	Sheet 1	3348	Macrophage FABP4+	Macrophage FABP4+	Alveolar/resident macrophage	Macrophage	APOE	47	2.92017523832164	92.4176776429809	0.793272686997632	unknown; source workbook does not define whether this is log2FC	B. Extended lineage markers	False	limited_extended_evidence	False	True		2	4	2	1	Macrophage;Macrophage FABP4+	Macrophage C1Q hi;Macrophage CHI3L1+/CD9 hi/;Macrophage FABP4+;Macrophage FABP4+/PDE4C+	Macrophage	0		Positive top-marker lists only; no complete non-target expression matrix, so cell specificity cannot be fully estimated.
Lung	BI_PF_ILD_atlas_v1	Sheet 1	3349	Macrophage FABP4+	Macrophage FABP4+	Alveolar/resident macrophage	Macrophage	TSPO	48	4.07042124601085	93.6004028291723	0.79269440533193	unknown; source workbook does not define whether this is log2FC	B. Extended lineage markers	False	limited_extended_evidence	False	True		1	1	1	1	Macrophage FABP4+	Macrophage FABP4+	Macrophage	0		Positive top-marker lists only; no complete non-target expression matrix, so cell specificity cannot be fully estimated.
Lung	BI_PF_ILD_atlas_v1	Sheet 1	3350	Macrophage FABP4+	Macrophage FABP4+	Alveolar/resident macrophage	Macrophage	LTA4H	49	4.16137728363689	83.5331865661155	0.789746916612911	unknown; source workbook does not define whether this is log2FC	B. Extended lineage markers	False	limited_extended_evidence	False	True		1	1	1	1	Macrophage FABP4+	Macrophage FABP4+	Macrophage	0		Positive top-marker lists only; no complete non-target expression matrix, so cell specificity cannot be fully estimated.
Lung	BI_PF_ILD_atlas_v1	Sheet 1	3351	Macrophage FABP4+	Macrophage FABP4+	Alveolar/resident macrophage	Macrophage	PSAP	50	3.19367361515594	98.1345730479179	0.786786076879481	unknown; source workbook does not define whether this is log2FC	B. Extended lineage markers	False	limited_extended_evidence	False	True		2	5	2	1	Macrophage;Macrophage FABP4+	Macrophage C1Q hi;Macrophage CHI3L1+/CD9 hi/;Macrophage FABP4+;Macrophage LYVE1+;Macrophage RETN+/VCAN+	Macrophage	0		Positive top-marker lists only; no complete non-target expression matrix, so cell specificity cannot be fully estimated.
Lung	BI_PF_ILD_atlas_v1	Sheet 1	3352	Macrophage FABP4+	Macrophage FABP4+/PDE4C+	Alveolar/resident macrophage	Macrophage	RP11-295K3.1	1	1.76743885674911	91.8968692449355	0.867462071961315	unknown; source workbook does not define whether this is log2FC	C. State-associated markers	True	state_associated_not_lineage_core	False	False		2	2	1	1	Macrophage;Macrophage FABP4+	Macrophage C1Q hi;Macrophage FABP4+/PDE4C+	Macrophage	0		Positive top-marker lists only; no complete non-target expression matrix, so cell specificity cannot be fully estimated.
Lung	BI_PF_ILD_atlas_v1	Sheet 1	3353	Macrophage FABP4+	Macrophage FABP4+/PDE4C+	Alveolar/resident macrophage	Macrophage	PLXDC2	2	0.9019935458494	98.158379373849	0.867418969905361	unknown; source workbook does not define whether this is log2FC	D. Shared/functional markers	False	shared_or_cross_lineage_risk	False	False		2	2	2	2	Dendritic;Macrophage FABP4+	DC CXCL2+/CD14+/CD1C-;Macrophage FABP4+/PDE4C+	DC;Macrophage	0		Positive top-marker lists only; no complete non-target expression matrix, so cell specificity cannot be fully estimated.
Lung	BI_PF_ILD_atlas_v1	Sheet 1	3354	Macrophage FABP4+	Macrophage FABP4+/PDE4C+	Alveolar/resident macrophage	Macrophage	DOCK8	3	1.34011734549673	93.3701657458564	0.863886481273092	unknown; source workbook does not define whether this is log2FC	C. State-associated markers	True	state_associated_not_lineage_core	False	False		1	1	1	1	Macrophage FABP4+	Macrophage FABP4+/PDE4C+	Macrophage	0		Positive top-marker lists only; no complete non-target expression matrix, so cell specificity cannot be fully estimated.
Lung	BI_PF_ILD_atlas_v1	Sheet 1	3355	Macrophage FABP4+	Macrophage FABP4+/PDE4C+	Alveolar/resident macrophage	Macrophage	C1QA	4	0.567296643893023	98.8950276243094	0.852089186431252	unknown; source workbook does not define whether this is log2FC	D. Shared/functional markers	False	shared_or_cross_lineage_risk	True	True		3	5	2	2	Dendritic;Macrophage;Macrophage FABP4+	DC2 C1QC+;Macrophage C1Q hi;Macrophage FABP4+;Macrophage FABP4+/PDE4C+;Macrophage LYVE1+	DC;Macrophage	0		Positive top-marker lists only; no complete non-target expression matrix, so cell specificity cannot be fully estimated.
Lung	BI_PF_ILD_atlas_v1	Sheet 1	3356	Macrophage FABP4+	Macrophage FABP4+/PDE4C+	Alveolar/resident macrophage	Macrophage	FRMD4A	5	1.91707233323736	86.0036832412523	0.850574804944783	unknown; source workbook does not define whether this is log2FC	C. State-associated markers	True	state_associated_not_lineage_core	False	False		1	1	1	1	Macrophage FABP4+	Macrophage FABP4+/PDE4C+	Macrophage	0		Positive top-marker lists only; no complete non-target expression matrix, so cell specificity cannot be fully estimated.
Lung	BI_PF_ILD_atlas_v1	Sheet 1	3357	Macrophage FABP4+	Macrophage FABP4+/PDE4C+	Alveolar/resident macrophage	Macrophage	MARCO	6	0.650253158698316	96.5009208103131	0.84376012056151	unknown; source workbook does not define whether this is log2FC	A. Lineage-core	True	relatively_specific_core	True	True		2	3	2	1	Macrophage;Macrophage FABP4+	Macrophage FABP4+;Macrophage FABP4+/PDE4C+;Macrophage RETN+/VCAN+	Macrophage	0		Positive top-marker lists only; no complete non-target expression matrix, so cell specificity cannot be fully estimated.
Lung	BI_PF_ILD_atlas_v1	Sheet 1	3358	Macrophage FABP4+	Macrophage FABP4+/PDE4C+	Alveolar/resident macrophage	Macrophage	C1QC	7	0.419476152680774	96.5009208103131	0.8415554527661	unknown; source workbook does not define whether this is log2FC	D. Shared/functional markers	False	shared_or_cross_lineage_risk	True	True		3	5	2	2	Dendritic;Macrophage;Macrophage FABP4+	DC2 C1QC+;Macrophage C1Q hi;Macrophage FABP4+;Macrophage FABP4+/PDE4C+;Macrophage LYVE1+	DC;Macrophage	0		Positive top-marker lists only; no complete non-target expression matrix, so cell specificity cannot be fully estimated.
Lung	BI_PF_ILD_atlas_v1	Sheet 1	3359	Macrophage FABP4+	Macrophage FABP4+/PDE4C+	Alveolar/resident macrophage	Macrophage	C1QB	8	0.412907125568223	97.9742173112339	0.839895137433847	unknown; source workbook does not define whether this is log2FC	D. Shared/functional markers	False	shared_or_cross_lineage_risk	True	True		3	5	2	2	Dendritic;Macrophage;Macrophage FABP4+	DC2 C1QC+;Macrophage C1Q hi;Macrophage FABP4+;Macrophage FABP4+/PDE4C+;Macrophage LYVE1+	DC;Macrophage	0		Positive top-marker lists only; no complete non-target expression matrix, so cell specificity cannot be fully estimated.
Lung	BI_PF_ILD_atlas_v1	Sheet 1	3360	Macrophage FABP4+	Macrophage FABP4+/PDE4C+	Alveolar/resident macrophage	Macrophage	MSR1	9	1.29383662043549	94.8434622467772	0.838235065749037	unknown; source workbook does not define whether this is log2FC	A. Lineage-core	True	relatively_specific_core	True	True		1	2	1	1	Macrophage FABP4+	Macrophage FABP4+;Macrophage FABP4+/PDE4C+	Macrophage	0		Positive top-marker lists only; no complete non-target expression matrix, so cell specificity cannot be fully estimated.
Lung	BI_PF_ILD_atlas_v1	Sheet 1	3361	Macrophage FABP4+	Macrophage FABP4+/PDE4C+	Alveolar/resident macrophage	Macrophage	DPYD	10	0.730391668018604	94.1068139963168	0.83699228755736	unknown; source workbook does not define whether this is log2FC	D. Shared/functional markers	False	shared_or_cross_lineage_risk	False	False		2	2	2	2	Macrophage FABP4+;Monocyte	Macrophage FABP4+/PDE4C+;Monocytes CD14+/IL1B	Macrophage;Monocyte	0		Positive top-marker lists only; no complete non-target expression matrix, so cell specificity cannot be fully estimated.
Lung	BI_PF_ILD_atlas_v1	Sheet 1	3362	Macrophage FABP4+	Macrophage FABP4+/PDE4C+	Alveolar/resident macrophage	Macrophage	XXbac-BPG181M17.5	11	1.36729525088832	86.0036832412523	0.834776477197857	unknown; source workbook does not define whether this is log2FC	C. State-associated markers	True	state_associated_not_lineage_core	False	False		1	1	1	1	Macrophage FABP4+	Macrophage FABP4+/PDE4C+	Macrophage	0		Positive top-marker lists only; no complete non-target expression matrix, so cell specificity cannot be fully estimated.
Lung	BI_PF_ILD_atlas_v1	Sheet 1	3363	Macrophage FABP4+	Macrophage FABP4+/PDE4C+	Alveolar/resident macrophage	Macrophage	APOC1	12	0.412000761495898	98.7108655616943	0.832537774041155	unknown; source workbook does not define whether this is log2FC	C. State-associated markers	True	state_associated_not_lineage_core	False	True		2	3	2	1	Macrophage;Macrophage FABP4+	Macrophage CHI3L1+/CD9 hi/;Macrophage FABP4+;Macrophage FABP4+/PDE4C+	Macrophage	0		Positive top-marker lists only; no complete non-target expression matrix, so cell specificity cannot be fully estimated.
Lung	BI_PF_ILD_atlas_v1	Sheet 1	3364	Macrophage FABP4+	Macrophage FABP4+/PDE4C+	Alveolar/resident macrophage	Macrophage	GRN	13	0.158125634069968	99.4475138121547	0.825507190994473	unknown; source workbook does not define whether this is log2FC	C. State-associated markers	True	state_associated_not_lineage_core	False	True		2	3	2	1	Macrophage;Macrophage FABP4+	Macrophage CHI3L1+/CD9 hi/;Macrophage FABP4+;Macrophage FABP4+/PDE4C+	Macrophage	0		Positive top-marker lists only; no complete non-target expression matrix, so cell specificity cannot be fully estimated.
Lung	BI_PF_ILD_atlas_v1	Sheet 1	3365	Macrophage FABP4+	Macrophage FABP4+/PDE4C+	Alveolar/resident macrophage	Macrophage	AC007192.4	14	1.0582135177156	91.3443830570902	0.824830239487849	unknown; source workbook does not define whether this is log2FC	C. State-associated markers	True	state_associated_not_lineage_core	False	False		2	2	2	1	Macrophage;Macrophage FABP4+	Macrophage FABP4+/PDE4C+;Macrophage RETN+/VCAN+	Macrophage	0		Positive top-marker lists only; no complete non-target expression matrix, so cell specificity cannot be fully estimated.
Lung	BI_PF_ILD_atlas_v1	Sheet 1	3366	Macrophage FABP4+	Macrophage FABP4+/PDE4C+	Alveolar/resident macrophage	Macrophage	TANC2	15	1.64168563338832	83.609576427256	0.822836678691203	unknown; source workbook does not define whether this is log2FC	C. State-associated markers	True	state_associated_not_lineage_core	False	False		1	1	1	1	Macrophage FABP4+	Macrophage FABP4+/PDE4C+	Macrophage	0		Positive top-marker lists only; no complete non-target expression matrix, so cell specificity cannot be fully estimated.
Lung	BI_PF_ILD_atlas_v1	Sheet 1	3367	Macrophage FABP4+	Macrophage FABP4+/PDE4C+	Alveolar/resident macrophage	Macrophage	HLA-DRB1	16	-0.0705458106852692	100.0	0.816825271540742	unknown; source workbook does not define whether this is log2FC	D. Shared/functional markers	False	shared_or_cross_lineage_risk	False	True	antigen_presentation	3	8	2	2	Dendritic;Macrophage;Macrophage FABP4+	DC CXCL2+/CD14+/CD1C-;DC1 CLEC9A+;DC2 C1QC+;DC2 CD1A+/CD1E+;DC2 CLEC10A+;Macrophage C1Q hi;Macrophage FABP4+;Macrophage FABP4+/PDE4C+	DC;Macrophage	0		Positive top-marker lists only; no complete non-target expression matrix, so cell specificity cannot be fully estimated.
Lung	BI_PF_ILD_atlas_v1	Sheet 1	3368	Macrophage FABP4+	Macrophage FABP4+/PDE4C+	Alveolar/resident macrophage	Macrophage	MS4A6E	17	1.12900462243238	87.292817679558	0.816651182628608	unknown; source workbook does not define whether this is log2FC	C. State-associated markers	True	state_associated_not_lineage_core	False	False		1	1	1	1	Macrophage FABP4+	Macrophage FABP4+/PDE4C+	Macrophage	0		Positive top-marker lists only; no complete non-target expression matrix, so cell specificity cannot be fully estimated.
Lung	BI_PF_ILD_atlas_v1	Sheet 1	3369	Macrophage FABP4+	Macrophage FABP4+/PDE4C+	Alveolar/resident macrophage	Macrophage	PPARG	18	1.11776465816165	88.7661141804788	0.816650025247502	unknown; source workbook does not define whether this is log2FC	A. Lineage-core	True	relatively_specific_core	True	True		1	2	1	1	Macrophage FABP4+	Macrophage FABP4+;Macrophage FABP4+/PDE4C+	Macrophage	0		Positive top-marker lists only; no complete non-target expression matrix, so cell specificity cannot be fully estimated.
Lung	BI_PF_ILD_atlas_v1	Sheet 1	3370	Macrophage FABP4+	Macrophage FABP4+/PDE4C+	Alveolar/resident macrophage	Macrophage	SNTB1	19	1.22818382427923	87.292817679558	0.815987671525973	unknown; source workbook does not define whether this is log2FC	C. State-associated markers	True	state_associated_not_lineage_core	False	False		1	1	1	1	Macrophage FABP4+	Macrophage FABP4+/PDE4C+	Macrophage	0		Positive top-marker lists only; no complete non-target expression matrix, so cell specificity cannot be fully estimated.
Lung	BI_PF_ILD_atlas_v1	Sheet 1	3371	Macrophage FABP4+	Macrophage FABP4+/PDE4C+	Alveolar/resident macrophage	Macrophage	CD74	20	-0.380370345939873	100.0	0.810515939651658	unknown; source workbook does not define whether this is log2FC	D. Shared/functional markers	False	shared_or_cross_lineage_risk	False	True	antigen_presentation	2	7	2	2	Dendritic;Macrophage FABP4+	DC CXCL2+/CD14+/CD1C-;DC1 CLEC9A+;DC2 C1QC+;DC2 CD1A+/CD1E+;DC2 CLEC10A+;Macrophage FABP4+;Macrophage FABP4+/PDE4C+	DC;Macrophage	0		Positive top-marker lists only; no complete non-target expression matrix, so cell specificity cannot be fully estimated.
Lung	BI_PF_ILD_atlas_v1	Sheet 1	3372	Macrophage FABP4+	Macrophage FABP4+/PDE4C+	Alveolar/resident macrophage	Macrophage	RP11-20I23.1	21	1.04770788277168	87.6611418047882	0.81028455053095	unknown; source workbook does not define whether this is log2FC	C. State-associated markers	True	state_associated_not_lineage_core	False	False		1	1	1	1	Macrophage FABP4+	Macrophage FABP4+/PDE4C+	Macrophage	0		Positive top-marker lists only; no complete non-target expression matrix, so cell specificity cannot be fully estimated.
Lung	BI_PF_ILD_atlas_v1	Sheet 1	3373	Macrophage FABP4+	Macrophage FABP4+/PDE4C+	Alveolar/resident macrophage	Macrophage	CRIP1	22	0.347015488661951	98.158379373849	0.808087598249782	unknown; source workbook does not define whether this is log2FC	C. State-associated markers	True	state_associated_not_lineage_core	False	False		1	1	1	1	Macrophage FABP4+	Macrophage FABP4+/PDE4C+	Macrophage	0		Positive top-marker lists only; no complete non-target expression matrix, so cell specificity cannot be fully estimated.
Lung	BI_PF_ILD_atlas_v1	Sheet 1	3374	Macrophage FABP4+	Macrophage FABP4+/PDE4C+	Alveolar/resident macrophage	Macrophage	CCSER1	23	0.619474201673388	91.7127071823204	0.804127979736447	unknown; source workbook does not define whether this is log2FC	C. State-associated markers	True	state_associated_not_lineage_core	False	False		1	1	1	1	Macrophage FABP4+	Macrophage FABP4+/PDE4C+	Macrophage	0		Positive top-marker lists only; no complete non-target expression matrix, so cell specificity cannot be fully estimated.
Lung	BI_PF_ILD_atlas_v1	Sheet 1	3375	Macrophage FABP4+	Macrophage FABP4+/PDE4C+	Alveolar/resident macrophage	Macrophage	FMNL2	24	0.896919456869938	87.4769797421731	0.80278131491575	unknown; source workbook does not define whether this is log2FC	C. State-associated markers	True	state_associated_not_lineage_core	False	False		1	1	1	1	Macrophage FABP4+	Macrophage FABP4+/PDE4C+	Macrophage	0		Positive top-marker lists only; no complete non-target expression matrix, so cell specificity cannot be fully estimated.
Lung	BI_PF_ILD_atlas_v1	Sheet 1	3376	Macrophage FABP4+	Macrophage FABP4+/PDE4C+	Alveolar/resident macrophage	Macrophage	CD52	25	0.768520203553837	95.0276243093923	0.800476949964179	unknown; source workbook does not define whether this is log2FC	C. State-associated markers	True	state_associated_not_lineage_core	False	True		1	2	1	1	Macrophage FABP4+	Macrophage FABP4+;Macrophage FABP4+/PDE4C+	Macrophage	0		Positive top-marker lists only; no complete non-target expression matrix, so cell specificity cannot be fully estimated.
Lung	BI_PF_ILD_atlas_v1	Sheet 1	3377	Macrophage FABP4+	Macrophage FABP4+/PDE4C+	Alveolar/resident macrophage	Macrophage	MT-ND4L	26	-0.149146380701275	99.6316758747698	0.800230704460065	unknown; source workbook does not define whether this is log2FC	D. Shared/functional markers	False	shared_or_cross_lineage_risk	False	False	housekeeping/stress	1	1	1	1	Macrophage FABP4+	Macrophage FABP4+/PDE4C+	Macrophage	0		Positive top-marker lists only; no complete non-target expression matrix, so cell specificity cannot be fully estimated.
Lung	BI_PF_ILD_atlas_v1	Sheet 1	3378	Macrophage FABP4+	Macrophage FABP4+/PDE4C+	Alveolar/resident macrophage	Macrophage	TBXAS1	27	0.572365770763848	87.6611418047882	0.799719119228257	unknown; source workbook does not define whether this is log2FC	D. Shared/functional markers	False	shared_or_cross_lineage_risk	False	False		3	4	3	3	Dendritic;Macrophage FABP4+;Monocyte	DC2 C1QC+;Macrophage FABP4+/PDE4C+;Monocytes CD14+/IL1B;Monocytes CD16+	DC;Macrophage;Monocyte	0		Positive top-marker lists only; no complete non-target expression matrix, so cell specificity cannot be fully estimated.
Lung	BI_PF_ILD_atlas_v1	Sheet 1	3379	Macrophage FABP4+	Macrophage FABP4+/PDE4C+	Alveolar/resident macrophage	Macrophage	ACP5	28	-0.00324350627006176	95.9484346224678	0.798435008455347	unknown; source workbook does not define whether this is log2FC	B. Extended lineage markers	True	moderate_extended	False	True		2	3	2	1	Macrophage;Macrophage FABP4+	Macrophage CHI3L1+/CD9 hi/;Macrophage FABP4+;Macrophage FABP4+/PDE4C+	Macrophage	0		Positive top-marker lists only; no complete non-target expression matrix, so cell specificity cannot be fully estimated.
Lung	BI_PF_ILD_atlas_v1	Sheet 1	3380	Macrophage FABP4+	Macrophage FABP4+/PDE4C+	Alveolar/resident macrophage	Macrophage	SCHLAP1	29	0.753775742631195	91.8968692449355	0.798417837733456	unknown; source workbook does not define whether this is log2FC	B. Extended lineage markers	True	moderate_extended	False	False		1	1	1	1	Macrophage FABP4+	Macrophage FABP4+/PDE4C+	Macrophage	0		Positive top-marker lists only; no complete non-target expression matrix, so cell specificity cannot be fully estimated.
Lung	BI_PF_ILD_atlas_v1	Sheet 1	3381	Macrophage FABP4+	Macrophage FABP4+/PDE4C+	Alveolar/resident macrophage	Macrophage	BCAS4	30	1.03936791879413	84.1620626151013	0.798324794084671	unknown; source workbook does not define whether this is log2FC	B. Extended lineage markers	True	moderate_extended	False	False		1	1	1	1	Macrophage FABP4+	Macrophage FABP4+/PDE4C+	Macrophage	0		Positive top-marker lists only; no complete non-target expression matrix, so cell specificity cannot be fully estimated.
Lung	BI_PF_ILD_atlas_v1	Sheet 1	3382	Macrophage FABP4+	Macrophage FABP4+/PDE4C+	Alveolar/resident macrophage	Macrophage	PDE4C	31	3.54358278116943	62.0626151012891	0.798245006291188	unknown; source workbook does not define whether this is log2FC	B. Extended lineage markers	False	limited_extended_evidence	False	False		1	1	1	1	Macrophage FABP4+	Macrophage FABP4+/PDE4C+	Macrophage	0		Positive top-marker lists only; no complete non-target expression matrix, so cell specificity cannot be fully estimated.
Lung	BI_PF_ILD_atlas_v1	Sheet 1	3383	Macrophage FABP4+	Macrophage FABP4+/PDE4C+	Alveolar/resident macrophage	Macrophage	ACER3	32	0.82492764680786	84.5303867403315	0.797928781263895	unknown; source workbook does not define whether this is log2FC	B. Extended lineage markers	False	limited_extended_evidence	False	False		1	1	1	1	Macrophage FABP4+	Macrophage FABP4+/PDE4C+	Macrophage	0		Positive top-marker lists only; no complete non-target expression matrix, so cell specificity cannot be fully estimated.
Lung	BI_PF_ILD_atlas_v1	Sheet 1	3384	Macrophage FABP4+	Macrophage FABP4+/PDE4C+	Alveolar/resident macrophage	Macrophage	CTSC	33	0.0210672111438033	95.9484346224678	0.797822643324655	unknown; source workbook does not define whether this is log2FC	B. Extended lineage markers	False	limited_extended_evidence	False	True		1	2	1	1	Macrophage FABP4+	Macrophage FABP4+;Macrophage FABP4+/PDE4C+	Macrophage	0		Positive top-marker lists only; no complete non-target expression matrix, so cell specificity cannot be fully estimated.
Lung	BI_PF_ILD_atlas_v1	Sheet 1	3385	Macrophage FABP4+	Macrophage FABP4+/PDE4C+	Alveolar/resident macrophage	Macrophage	LINC00486	34	0.549825732860084	90.0552486187845	0.797624212611965	unknown; source workbook does not define whether this is log2FC	B. Extended lineage markers	False	limited_extended_evidence	False	False		1	1	1	1	Macrophage FABP4+	Macrophage FABP4+/PDE4C+	Macrophage	0		Positive top-marker lists only; no complete non-target expression matrix, so cell specificity cannot be fully estimated.
Lung	BI_PF_ILD_atlas_v1	Sheet 1	3386	Macrophage FABP4+	Macrophage FABP4+/PDE4C+	Alveolar/resident macrophage	Macrophage	APOE	35	-0.0931572310042235	95.9484346224678	0.797589926377571	unknown; source workbook does not define whether this is log2FC	B. Extended lineage markers	False	limited_extended_evidence	False	True		2	4	2	1	Macrophage;Macrophage FABP4+	Macrophage C1Q hi;Macrophage CHI3L1+/CD9 hi/;Macrophage FABP4+;Macrophage FABP4+/PDE4C+	Macrophage	0		Positive top-marker lists only; no complete non-target expression matrix, so cell specificity cannot be fully estimated.
Lung	BI_PF_ILD_atlas_v1	Sheet 1	3387	Macrophage FABP4+	Macrophage FABP4+/PDE4C+	Alveolar/resident macrophage	Macrophage	UBE2E2	36	0.683087773405447	87.8453038674033	0.797458886925729	unknown; source workbook does not define whether this is log2FC	B. Extended lineage markers	False	limited_extended_evidence	False	False		1	1	1	1	Macrophage FABP4+	Macrophage FABP4+/PDE4C+	Macrophage	0		Positive top-marker lists only; no complete non-target expression matrix, so cell specificity cannot be fully estimated.
Lung	BI_PF_ILD_atlas_v1	Sheet 1	3388	Macrophage FABP4+	Macrophage FABP4+/PDE4C+	Alveolar/resident macrophage	Macrophage	LSAMP	37	2.4683461810843	76.0589318600368	0.796161068890073	unknown; source workbook does not define whether this is log2FC	B. Extended lineage markers	False	limited_extended_evidence	False	False		1	1	1	1	Macrophage FABP4+	Macrophage FABP4+/PDE4C+	Macrophage	0		Positive top-marker lists only; no complete non-target expression matrix, so cell specificity cannot be fully estimated.
Lung	BI_PF_ILD_atlas_v1	Sheet 1	3389	Macrophage FABP4+	Macrophage FABP4+/PDE4C+	Alveolar/resident macrophage	Macrophage	VSIG4	38	0.142777780883904	92.2651933701657	0.794846364587102	unknown; source workbook does not define whether this is log2FC	B. Extended lineage markers	False	limited_extended_evidence	False	True		1	2	1	1	Macrophage FABP4+	Macrophage FABP4+;Macrophage FABP4+/PDE4C+	Macrophage	0		Positive top-marker lists only; no complete non-target expression matrix, so cell specificity cannot be fully estimated.
Lung	BI_PF_ILD_atlas_v1	Sheet 1	3390	Macrophage FABP4+	Macrophage FABP4+/PDE4C+	Alveolar/resident macrophage	Macrophage	HLA-DQA1	39	-0.45209313695507	96.6850828729282	0.794351235981348	unknown; source workbook does not define whether this is log2FC	D. Shared/functional markers	False	shared_or_cross_lineage_risk	False	True	antigen_presentation	3	9	2	2	Dendritic;Macrophage;Macrophage FABP4+	DC CXCL2+/CD14+/CD1C-;DC LAMP3+/CCR7+;DC1 CLEC9A+;DC2 C1QC+;DC2 CD1A+/CD1E+;DC2 CLEC10A+;Macrophage C1Q hi;Macrophage FABP4+;Macrophage FABP4+/PDE4C+	DC;Macrophage	0		Positive top-marker lists only; no complete non-target expression matrix, so cell specificity cannot be fully estimated.
Lung	BI_PF_ILD_atlas_v1	Sheet 1	3391	Macrophage FABP4+	Macrophage FABP4+/PDE4C+	Alveolar/resident macrophage	Macrophage	TNS3	40	0.890468360612156	84.8987108655617	0.793615644851958	unknown; source workbook does not define whether this is log2FC	B. Extended lineage markers	False	limited_extended_evidence	False	False		1	1	1	1	Macrophage FABP4+	Macrophage FABP4+/PDE4C+	Macrophage	0		Positive top-marker lists only; no complete non-target expression matrix, so cell specificity cannot be fully estimated.
Lung	BI_PF_ILD_atlas_v1	Sheet 1	3392	Macrophage FABP4+	Macrophage FABP4+/PDE4C+	Alveolar/resident macrophage	Macrophage	SVIL	41	1.33193648653226	83.0570902394107	0.793130351385256	unknown; source workbook does not define whether this is log2FC	B. Extended lineage markers	False	limited_extended_evidence	False	False		1	1	1	1	Macrophage FABP4+	Macrophage FABP4+/PDE4C+	Macrophage	0		Positive top-marker lists only; no complete non-target expression matrix, so cell specificity cannot be fully estimated.
Lung	BI_PF_ILD_atlas_v1	Sheet 1	3393	Macrophage FABP4+	Macrophage FABP4+/PDE4C+	Alveolar/resident macrophage	Macrophage	MT-ND6	42	0.0977570007294428	93.9226519337017	0.792039218244962	unknown; source workbook does not define whether this is log2FC	D. Shared/functional markers	False	shared_or_cross_lineage_risk	False	False	housekeeping/stress	1	1	1	1	Macrophage FABP4+	Macrophage FABP4+/PDE4C+	Macrophage	0		Positive top-marker lists only; no complete non-target expression matrix, so cell specificity cannot be fully estimated.
Lung	BI_PF_ILD_atlas_v1	Sheet 1	3394	Macrophage FABP4+	Macrophage FABP4+/PDE4C+	Alveolar/resident macrophage	Macrophage	ATG7	43	0.90817339016401	81.0313075506446	0.791216011868114	unknown; source workbook does not define whether this is log2FC	B. Extended lineage markers	False	limited_extended_evidence	False	False		1	1	1	1	Macrophage FABP4+	Macrophage FABP4+/PDE4C+	Macrophage	0		Positive top-marker lists only; no complete non-target expression matrix, so cell specificity cannot be fully estimated.
Lung	BI_PF_ILD_atlas_v1	Sheet 1	3395	Macrophage FABP4+	Macrophage FABP4+/PDE4C+	Alveolar/resident macrophage	Macrophage	TCF7L2	44	1.00535159751665	83.4254143646409	0.786925963399697	unknown; source workbook does not define whether this is log2FC	B. Extended lineage markers	False	limited_extended_evidence	False	True		1	2	1	1	Macrophage FABP4+	Macrophage FABP4+;Macrophage FABP4+/PDE4C+	Macrophage	0		Positive top-marker lists only; no complete non-target expression matrix, so cell specificity cannot be fully estimated.
Lung	BI_PF_ILD_atlas_v1	Sheet 1	3396	Macrophage FABP4+	Macrophage FABP4+/PDE4C+	Alveolar/resident macrophage	Macrophage	C10orf11	45	0.549461406209454	86.9244935543278	0.786874207448313	unknown; source workbook does not define whether this is log2FC	B. Extended lineage markers	False	limited_extended_evidence	False	False		1	1	1	1	Macrophage FABP4+	Macrophage FABP4+/PDE4C+	Macrophage	0		Positive top-marker lists only; no complete non-target expression matrix, so cell specificity cannot be fully estimated.
Lung	BI_PF_ILD_atlas_v1	Sheet 1	3397	Macrophage FABP4+	Macrophage FABP4+/PDE4C+	Alveolar/resident macrophage	Macrophage	CD163L1	46	1.14067089507996	76.7955801104972	0.784551003437056	unknown; source workbook does not define whether this is log2FC	B. Extended lineage markers	False	limited_extended_evidence	False	False		2	3	1	1	Macrophage;Macrophage FABP4+	Macrophage C1Q hi;Macrophage FABP4+/PDE4C+;Macrophage LYVE1+	Macrophage	0		Positive top-marker lists only; no complete non-target expression matrix, so cell specificity cannot be fully estimated.
Lung	BI_PF_ILD_atlas_v1	Sheet 1	3398	Macrophage FABP4+	Macrophage FABP4+/PDE4C+	Alveolar/resident macrophage	Macrophage	HLA-DRA	47	-0.363215066363953	100.0	0.784060310975676	unknown; source workbook does not define whether this is log2FC	D. Shared/functional markers	False	shared_or_cross_lineage_risk	False	True	antigen_presentation	3	8	2	2	Dendritic;Macrophage;Macrophage FABP4+	DC CXCL2+/CD14+/CD1C-;DC1 CLEC9A+;DC2 C1QC+;DC2 CD1A+/CD1E+;DC2 CLEC10A+;Macrophage C1Q hi;Macrophage FABP4+;Macrophage FABP4+/PDE4C+	DC;Macrophage	0		Positive top-marker lists only; no complete non-target expression matrix, so cell specificity cannot be fully estimated.
Lung	BI_PF_ILD_atlas_v1	Sheet 1	3399	Macrophage FABP4+	Macrophage FABP4+/PDE4C+	Alveolar/resident macrophage	Macrophage	SERPINA1	48	-0.233272669289013	95.2117863720074	0.781030056528565	unknown; source workbook does not define whether this is log2FC	D. Shared/functional markers	False	shared_or_cross_lineage_risk	False	True		1	2	1	1	Macrophage FABP4+	Macrophage FABP4+;Macrophage FABP4+/PDE4C+	Macrophage	1	pre AT2	Positive top-marker lists only; no complete non-target expression matrix, so cell specificity cannot be fully estimated.
Lung	BI_PF_ILD_atlas_v1	Sheet 1	3400	Macrophage FABP4+	Macrophage FABP4+/PDE4C+	Alveolar/resident macrophage	Macrophage	PTCD1	49	1.11851257332154	79.0055248618785	0.780803648375852	unknown; source workbook does not define whether this is log2FC	B. Extended lineage markers	False	limited_extended_evidence	False	False		1	1	1	1	Macrophage FABP4+	Macrophage FABP4+/PDE4C+	Macrophage	0		Positive top-marker lists only; no complete non-target expression matrix, so cell specificity cannot be fully estimated.
Lung	BI_PF_ILD_atlas_v1	Sheet 1	3401	Macrophage FABP4+	Macrophage FABP4+/PDE4C+	Alveolar/resident macrophage	Macrophage	SLC8A1	50	0.436610642214663	84.8987108655617	0.779994177646994	unknown; source workbook does not define whether this is log2FC	D. Shared/functional markers	False	shared_or_cross_lineage_risk	False	False		2	3	2	2	Dendritic;Macrophage FABP4+	DC2 CD1A+/CD1E+;DC2 CLEC10A+;Macrophage FABP4+/PDE4C+	DC;Macrophage	0		Positive top-marker lists only; no complete non-target expression matrix, so cell specificity cannot be fully estimated.
Lung	BI_PF_ILD_atlas_v1	Sheet 1	3402	Macrophage	Macrophage IL1B+	Inflammatory macrophage	Macrophage	CXCL8	1	2.88057055626673	85.0502729100833	0.839040745188965	unknown; source workbook does not define whether this is log2FC	D. Shared/functional markers	False	shared_or_cross_lineage_risk	False	False	inflammation	1	1	1	1	Macrophage	Macrophage IL1B+	Macrophage	0		Positive top-marker lists only; no complete non-target expression matrix, so cell specificity cannot be fully estimated.
Lung	BI_PF_ILD_atlas_v1	Sheet 1	3403	Macrophage	Macrophage IL1B+	Inflammatory macrophage	Macrophage	CXCL2	2	2.13269254321785	91.8471703533467	0.826748851932941	unknown; source workbook does not define whether this is log2FC	D. Shared/functional markers	False	shared_or_cross_lineage_risk	False	False	inflammation	1	1	1	1	Macrophage	Macrophage IL1B+	Macrophage	0		Positive top-marker lists only; no complete non-target expression matrix, so cell specificity cannot be fully estimated.
Lung	BI_PF_ILD_atlas_v1	Sheet 1	3404	Macrophage	Macrophage IL1B+	Inflammatory macrophage	Macrophage	CXCL3	3	2.83636828251975	89.1353059465671	0.823556268974107	unknown; source workbook does not define whether this is log2FC	D. Shared/functional markers	False	shared_or_cross_lineage_risk	False	False	inflammation	1	1	1	1	Macrophage	Macrophage IL1B+	Macrophage	0		Positive top-marker lists only; no complete non-target expression matrix, so cell specificity cannot be fully estimated.
Lung	BI_PF_ILD_atlas_v1	Sheet 1	3405	Macrophage	Macrophage IL1B+	Inflammatory macrophage	Macrophage	EREG	4	2.48007131512385	78.5521401896007	0.816147228136152	unknown; source workbook does not define whether this is log2FC	D. Shared/functional markers	False	shared_or_cross_lineage_risk	False	False		2	2	2	2	Macrophage;Monocyte	Macrophage IL1B+;Monocytes CD14+	Macrophage;Monocyte	0		Positive top-marker lists only; no complete non-target expression matrix, so cell specificity cannot be fully estimated.
Lung	BI_PF_ILD_atlas_v1	Sheet 1	3406	Macrophage	Macrophage IL1B+	Inflammatory macrophage	Macrophage	CCL20	5	3.63957341588925	69.1180695202528	0.791314292842893	unknown; source workbook does not define whether this is log2FC	C. State-associated markers	True	state_associated_not_lineage_core	False	False		1	1	1	1	Macrophage	Macrophage IL1B+	Macrophage	0		Positive top-marker lists only; no complete non-target expression matrix, so cell specificity cannot be fully estimated.
Lung	BI_PF_ILD_atlas_v1	Sheet 1	3407	Macrophage	Macrophage IL1B+	Inflammatory macrophage	Macrophage	PLAUR	6	1.7820838890009	93.168629704108	0.783144887722157	unknown; source workbook does not define whether this is log2FC	D. Shared/functional markers	False	shared_or_cross_lineage_risk	False	True		3	4	3	3	Dendritic;Macrophage;Monocyte	DC CXCL2+/CD14+/CD1C-;Macrophage IL1B+;Macrophage RETN+/VCAN+;Monocytes CD14+	DC;Macrophage;Monocyte	0		Positive top-marker lists only; no complete non-target expression matrix, so cell specificity cannot be fully estimated.
Lung	BI_PF_ILD_atlas_v1	Sheet 1	3408	Macrophage	Macrophage IL1B+	Inflammatory macrophage	Macrophage	IL1B	7	2.87355309848402	69.0893421430623	0.78013600103726	unknown; source workbook does not define whether this is log2FC	D. Shared/functional markers	False	shared_or_cross_lineage_risk	False	False	inflammation	1	1	1	1	Macrophage	Macrophage IL1B+	Macrophage	0		Positive top-marker lists only; no complete non-target expression matrix, so cell specificity cannot be fully estimated.
Lung	BI_PF_ILD_atlas_v1	Sheet 1	3409	Macrophage	Macrophage IL1B+	Inflammatory macrophage	Macrophage	SOD2	8	1.51451759162631	94.2717609882218	0.763282559206826	unknown; source workbook does not define whether this is log2FC	D. Shared/functional markers	False	shared_or_cross_lineage_risk	False	False		1	1	1	1	Macrophage	Macrophage IL1B+	Macrophage	1	Mesothelial	Positive top-marker lists only; no complete non-target expression matrix, so cell specificity cannot be fully estimated.
Lung	BI_PF_ILD_atlas_v1	Sheet 1	3410	Macrophage	Macrophage IL1B+	Inflammatory macrophage	Macrophage	TNFAIP3	9	1.49696074599207	80.6894570525711	0.740368922320696	unknown; source workbook does not define whether this is log2FC	D. Shared/functional markers	False	shared_or_cross_lineage_risk	False	False		2	2	2	2	Basophil/Mast;Macrophage	Basophil/Mast;Macrophage IL1B+	Macrophage;Mast/Basophil	0		Positive top-marker lists only; no complete non-target expression matrix, so cell specificity cannot be fully estimated.
Lung	BI_PF_ILD_atlas_v1	Sheet 1	3411	Macrophage	Macrophage IL1B+	Inflammatory macrophage	Macrophage	ABCA1	10	1.78720095657214	70.9049123814996	0.731634015930203	unknown; source workbook does not define whether this is log2FC	B. Extended lineage markers	True	moderate_extended	False	True		1	3	2	1	Macrophage	Macrophage C1Q hi;Macrophage IL1B+;Macrophage LYVE1+	Macrophage	0		Positive top-marker lists only; no complete non-target expression matrix, so cell specificity cannot be fully estimated.
Lung	BI_PF_ILD_atlas_v1	Sheet 1	3412	Macrophage	Macrophage IL1B+	Inflammatory macrophage	Macrophage	NFKBIA	11	1.39544217585042	93.4041941970698	0.728996553702591	unknown; source workbook does not define whether this is log2FC	B. Extended lineage markers	True	moderate_extended	False	False		1	1	1	1	Macrophage	Macrophage IL1B+	Macrophage	0		Positive top-marker lists only; no complete non-target expression matrix, so cell specificity cannot be fully estimated.
Lung	BI_PF_ILD_atlas_v1	Sheet 1	3413	Macrophage	Macrophage IL1B+	Inflammatory macrophage	Macrophage	HIF1A	12	1.32614415543935	84.96983625395	0.723429113751181	unknown; source workbook does not define whether this is log2FC	D. Shared/functional markers	False	shared_or_cross_lineage_risk	False	True		3	6	4	3	Dendritic;Macrophage;Monocyte	DC CXCL2+/CD14+/CD1C-;Macrophage C1Q hi;Macrophage IL1B+;Macrophage LYVE1+;Macrophage RETN+/VCAN+;Monocytes CD14+	DC;Macrophage;Monocyte	0		Positive top-marker lists only; no complete non-target expression matrix, so cell specificity cannot be fully estimated.
Lung	BI_PF_ILD_atlas_v1	Sheet 1	3414	Macrophage	Macrophage IL1B+	Inflammatory macrophage	Macrophage	KYNU	13	1.80425286039977	76.7365699511635	0.721445212960757	unknown; source workbook does not define whether this is log2FC	D. Shared/functional markers	False	shared_or_cross_lineage_risk	False	False		2	2	2	2	Macrophage;Monocyte	Macrophage IL1B+;Monocytes CD14+	Macrophage;Monocyte	0		Positive top-marker lists only; no complete non-target expression matrix, so cell specificity cannot be fully estimated.
Lung	BI_PF_ILD_atlas_v1	Sheet 1	3415	Macrophage	Macrophage IL1B+	Inflammatory macrophage	Macrophage	SLC16A10	14	1.66222198400441	75.4093651249641	0.715429087055249	unknown; source workbook does not define whether this is log2FC	B. Extended lineage markers	False	limited_extended_evidence	False	True		1	3	2	1	Macrophage	Macrophage C1Q hi;Macrophage IL1B+;Macrophage RETN+/VCAN+	Macrophage	0		Positive top-marker lists only; no complete non-target expression matrix, so cell specificity cannot be fully estimated.
Lung	BI_PF_ILD_atlas_v1	Sheet 1	3416	Macrophage	Macrophage IL1B+	Inflammatory macrophage	Macrophage	NLRP3	15	1.9393261012468	57.7305372019535	0.711761694442243	unknown; source workbook does not define whether this is log2FC	D. Shared/functional markers	False	shared_or_cross_lineage_risk	False	False		3	4	3	3	Dendritic;Macrophage;Monocyte	DC CXCL2+/CD14+/CD1C-;Macrophage IL1B+;Monocytes CD14+;Monocytes CD14+/IL1B	DC;Macrophage;Monocyte	0		Positive top-marker lists only; no complete non-target expression matrix, so cell specificity cannot be fully estimated.
Lung	BI_PF_ILD_atlas_v1	Sheet 1	3417	Macrophage	Macrophage IL1B+	Inflammatory macrophage	Macrophage	SRGN	16	1.15229106124778	98.632576845734	0.711485594797879	unknown; source workbook does not define whether this is log2FC	D. Shared/functional markers	False	shared_or_cross_lineage_risk	False	True		4	10	5	4	Basophil/Mast;Dendritic;Macrophage;Monocyte	Basophil/Mast;DC CXCL2+/CD14+/CD1C-;DC2 C1QC+;DC2 CLEC10A+;Macrophage IL1B+;Macrophage LYVE1+;Macrophage RETN+/VCAN+;Monocytes CD14+;Monocytes CD14+/IL1B;Monocytes CD16+	DC;Macrophage;Mast/Basophil;Monocyte	0		Positive top-marker lists only; no complete non-target expression matrix, so cell specificity cannot be fully estimated.
Lung	BI_PF_ILD_atlas_v1	Sheet 1	3418	Macrophage	Macrophage IL1B+	Inflammatory macrophage	Macrophage	SAMSN1	17	1.12735565392759	83.6541223786268	0.710709490273593	unknown; source workbook does not define whether this is log2FC	D. Shared/functional markers	False	shared_or_cross_lineage_risk	False	False		4	7	5	4	Basophil/Mast;Dendritic;Macrophage;Monocyte	Basophil/Mast;DC CXCL2+/CD14+/CD1C-;Macrophage IL1B+;Macrophage LYVE1+;Monocytes CD14+;Monocytes CD14+/IL1B;Monocytes CD16+	DC;Macrophage;Mast/Basophil;Monocyte	0		Positive top-marker lists only; no complete non-target expression matrix, so cell specificity cannot be fully estimated.
Lung	BI_PF_ILD_atlas_v1	Sheet 1	3419	Macrophage	Macrophage IL1B+	Inflammatory macrophage	Macrophage	JARID2	18	1.47745401396452	71.6518241884516	0.709463188172873	unknown; source workbook does not define whether this is log2FC	D. Shared/functional markers	False	shared_or_cross_lineage_risk	False	False		2	4	3	2	Macrophage;Monocyte	Macrophage IL1B+;Macrophage LYVE1+;Macrophage RETN+/VCAN+;Monocytes CD14+	Macrophage;Monocyte	0		Positive top-marker lists only; no complete non-target expression matrix, so cell specificity cannot be fully estimated.
Lung	BI_PF_ILD_atlas_v1	Sheet 1	3420	Macrophage	Macrophage IL1B+	Inflammatory macrophage	Macrophage	GK	19	1.54045976719816	79.7759264579144	0.703029571488338	unknown; source workbook does not define whether this is log2FC	D. Shared/functional markers	False	shared_or_cross_lineage_risk	False	True		3	4	3	3	Dendritic;Macrophage;Monocyte	DC CXCL2+/CD14+/CD1C-;Macrophage IL1B+;Macrophage RETN+/VCAN+;Monocytes CD14+	DC;Macrophage;Monocyte	0		Positive top-marker lists only; no complete non-target expression matrix, so cell specificity cannot be fully estimated.
Lung	BI_PF_ILD_atlas_v1	Sheet 1	3421	Macrophage	Macrophage IL1B+	Inflammatory macrophage	Macrophage	GPR183	20	1.32422606486328	65.7224935363401	0.70105067248101	unknown; source workbook does not define whether this is log2FC	D. Shared/functional markers	False	shared_or_cross_lineage_risk	False	True		3	8	4	2	Dendritic;Macrophage;pDC	DC CXCL2+/CD14+/CD1C-;DC2 C1QC+;DC2 CD1A+/CD1E+;DC2 CLEC10A+;Macrophage C1Q hi;Macrophage IL1B+;Macrophage RETN+/VCAN+;pDC	DC;Macrophage	0		Positive top-marker lists only; no complete non-target expression matrix, so cell specificity cannot be fully estimated.
Lung	BI_PF_ILD_atlas_v1	Sheet 1	3422	Macrophage	Macrophage IL1B+	Inflammatory macrophage	Macrophage	C15orf48	21	1.84227069295738	61.1031312841138	0.695944072011813	unknown; source workbook does not define whether this is log2FC	D. Shared/functional markers	False	shared_or_cross_lineage_risk	False	True		2	3	2	2	Dendritic;Macrophage	DC2 CD1A+/CD1E+;Macrophage IL1B+;Macrophage RETN+/VCAN+	DC;Macrophage	0		Positive top-marker lists only; no complete non-target expression matrix, so cell specificity cannot be fully estimated.
Lung	BI_PF_ILD_atlas_v1	Sheet 1	3423	Macrophage	Macrophage IL1B+	Inflammatory macrophage	Macrophage	NAMPT	22	0.834519150041398	92.3929905199655	0.695482342637133	unknown; source workbook does not define whether this is log2FC	D. Shared/functional markers	False	shared_or_cross_lineage_risk	False	False		3	6	4	3	Dendritic;Macrophage;Monocyte	DC CXCL2+/CD14+/CD1C-;Macrophage IL1B+;Macrophage LYVE1+;Monocytes CD14+;Monocytes CD14+/IL1B;Monocytes CD16+	DC;Macrophage;Monocyte	0		Positive top-marker lists only; no complete non-target expression matrix, so cell specificity cannot be fully estimated.
Lung	BI_PF_ILD_atlas_v1	Sheet 1	3424	Macrophage	Macrophage IL1B+	Inflammatory macrophage	Macrophage	CTSL	23	1.77564944884206	81.8328066647515	0.694222294770075	unknown; source workbook does not define whether this is log2FC	B. Extended lineage markers	False	limited_extended_evidence	False	True		1	5	2	1	Macrophage	Macrophage C1Q hi;Macrophage CHI3L1+/CD9 hi/;Macrophage IL1B+;Macrophage LYVE1+;Macrophage RETN+/VCAN+	Macrophage	0		Positive top-marker lists only; no complete non-target expression matrix, so cell specificity cannot be fully estimated.
Lung	BI_PF_ILD_atlas_v1	Sheet 1	3425	Macrophage	Macrophage IL1B+	Inflammatory macrophage	Macrophage	ELL2	24	1.14003436572538	82.4475725366274	0.693285231666386	unknown; source workbook does not define whether this is log2FC	D. Shared/functional markers	False	shared_or_cross_lineage_risk	False	False		2	4	3	2	Macrophage;Monocyte	Macrophage C1Q hi;Macrophage IL1B+;Macrophage LYVE1+;Monocytes CD14+	Macrophage;Monocyte	0		Positive top-marker lists only; no complete non-target expression matrix, so cell specificity cannot be fully estimated.
Lung	BI_PF_ILD_atlas_v1	Sheet 1	3426	Macrophage	Macrophage IL1B+	Inflammatory macrophage	Macrophage	CTSB	25	1.26521896709727	97.3340993967251	0.692831004166017	unknown; source workbook does not define whether this is log2FC	B. Extended lineage markers	False	limited_extended_evidence	False	True		1	5	2	1	Macrophage	Macrophage C1Q hi;Macrophage CHI3L1+/CD9 hi/;Macrophage IL1B+;Macrophage LYVE1+;Macrophage RETN+/VCAN+	Macrophage	0		Positive top-marker lists only; no complete non-target expression matrix, so cell specificity cannot be fully estimated.
Lung	BI_PF_ILD_atlas_v1	Sheet 1	3427	Macrophage	Macrophage IL1B+	Inflammatory macrophage	Macrophage	OLR1	26	1.42015098266833	82.5165182418845	0.692784765506803	unknown; source workbook does not define whether this is log2FC	B. Extended lineage markers	False	limited_extended_evidence	False	False		2	3	2	1	Macrophage;Macrophage FABP4+	Macrophage FABP4+;Macrophage IL1B+;Macrophage RETN+/VCAN+	Macrophage	0		Positive top-marker lists only; no complete non-target expression matrix, so cell specificity cannot be fully estimated.
Lung	BI_PF_ILD_atlas_v1	Sheet 1	3428	Macrophage	Macrophage IL1B+	Inflammatory macrophage	Macrophage	C5AR1	27	1.14588287041054	80.2757828210284	0.692000261251323	unknown; source workbook does not define whether this is log2FC	D. Shared/functional markers	False	shared_or_cross_lineage_risk	False	True		3	7	4	3	Dendritic;Macrophage;Monocyte	DC CXCL2+/CD14+/CD1C-;Macrophage IL1B+;Macrophage LYVE1+;Macrophage RETN+/VCAN+;Monocytes CD14+;Monocytes CD14+/IL1B;Monocytes CD16+	DC;Macrophage;Monocyte	0		Positive top-marker lists only; no complete non-target expression matrix, so cell specificity cannot be fully estimated.
Lung	BI_PF_ILD_atlas_v1	Sheet 1	3429	Macrophage	Macrophage IL1B+	Inflammatory macrophage	Macrophage	NFKB1	28	1.75069677348309	69.2157426027004	0.691034196557382	unknown; source workbook does not define whether this is log2FC	D. Shared/functional markers	False	shared_or_cross_lineage_risk	False	False		3	4	3	3	Dendritic;Macrophage;NK	Activated NK XCL1+;DC LAMP3+/CCR7+;DC2 CLEC10A+;Macrophage IL1B+	DC;Macrophage;NK	0		Positive top-marker lists only; no complete non-target expression matrix, so cell specificity cannot be fully estimated.
Lung	BI_PF_ILD_atlas_v1	Sheet 1	3430	Macrophage	Macrophage IL1B+	Inflammatory macrophage	Macrophage	BASP1	29	1.30510477071844	68.8422866992244	0.688866854998377	unknown; source workbook does not define whether this is log2FC	B. Extended lineage markers	False	limited_extended_evidence	False	False		1	1	1	1	Macrophage	Macrophage IL1B+	Macrophage	0		Positive top-marker lists only; no complete non-target expression matrix, so cell specificity cannot be fully estimated.
Lung	BI_PF_ILD_atlas_v1	Sheet 1	3431	Macrophage	Macrophage IL1B+	Inflammatory macrophage	Macrophage	ATP2B1	30	1.39390556683134	77.7879919563344	0.687755330860506	unknown; source workbook does not define whether this is log2FC	D. Shared/functional markers	False	shared_or_cross_lineage_risk	False	False		2	2	2	2	Macrophage;Monocyte	Macrophage IL1B+;Monocytes CD14+	Macrophage;Monocyte	0		Positive top-marker lists only; no complete non-target expression matrix, so cell specificity cannot be fully estimated.
Lung	BI_PF_ILD_atlas_v1	Sheet 1	3432	Macrophage	Macrophage IL1B+	Inflammatory macrophage	Macrophage	PDE4B	31	1.27899145440172	64.9813272048262	0.685433268617794	unknown; source workbook does not define whether this is log2FC	D. Shared/functional markers	False	shared_or_cross_lineage_risk	False	False		3	3	3	3	Macrophage;Monocyte;pDC	Macrophage IL1B+;Monocytes CD14+;pDC	DC;Macrophage;Monocyte	0		Positive top-marker lists only; no complete non-target expression matrix, so cell specificity cannot be fully estimated.
Lung	BI_PF_ILD_atlas_v1	Sheet 1	3433	Macrophage	Macrophage IL1B+	Inflammatory macrophage	Macrophage	ATP1B3	32	0.897346158045423	91.1692042516518	0.685206802804626	unknown; source workbook does not define whether this is log2FC	D. Shared/functional markers	False	shared_or_cross_lineage_risk	False	False		2	3	2	2	Dendritic;Macrophage	DC CXCL2+/CD14+/CD1C-;Macrophage IL1B+;Macrophage RETN+/VCAN+	DC;Macrophage	0		Positive top-marker lists only; no complete non-target expression matrix, so cell specificity cannot be fully estimated.
Lung	BI_PF_ILD_atlas_v1	Sheet 1	3434	Macrophage	Macrophage IL1B+	Inflammatory macrophage	Macrophage	ACSL1	33	1.15827875398368	82.2809537489227	0.682825256640935	unknown; source workbook does not define whether this is log2FC	D. Shared/functional markers	False	shared_or_cross_lineage_risk	False	False		2	3	3	2	Macrophage;Monocyte	Macrophage IL1B+;Macrophage LYVE1+;Monocytes CD14+/IL1B	Macrophage;Monocyte	0		Positive top-marker lists only; no complete non-target expression matrix, so cell specificity cannot be fully estimated.
Lung	BI_PF_ILD_atlas_v1	Sheet 1	3435	Macrophage	Macrophage IL1B+	Inflammatory macrophage	Macrophage	DOCK4	34	1.55872661077953	65.1422005170928	0.681343914582975	unknown; source workbook does not define whether this is log2FC	B. Extended lineage markers	False	limited_extended_evidence	False	False		1	3	2	1	Macrophage	Macrophage C1Q hi;Macrophage IL1B+;Macrophage LYVE1+	Macrophage	0		Positive top-marker lists only; no complete non-target expression matrix, so cell specificity cannot be fully estimated.
Lung	BI_PF_ILD_atlas_v1	Sheet 1	3436	Macrophage	Macrophage IL1B+	Inflammatory macrophage	Macrophage	BCL2A1	35	1.47694389698161	69.2329790290147	0.680842730220548	unknown; source workbook does not define whether this is log2FC	B. Extended lineage markers	False	limited_extended_evidence	False	False		1	1	1	1	Macrophage	Macrophage IL1B+	Macrophage	0		Positive top-marker lists only; no complete non-target expression matrix, so cell specificity cannot be fully estimated.
Lung	BI_PF_ILD_atlas_v1	Sheet 1	3437	Macrophage	Macrophage IL1B+	Inflammatory macrophage	Macrophage	ZEB2	36	1.18652922901197	89.5834530307383	0.677757448479252	unknown; source workbook does not define whether this is log2FC	D. Shared/functional markers	False	shared_or_cross_lineage_risk	False	True		2	4	2	2	Macrophage;Monocyte	Macrophage IL1B+;Macrophage RETN+/VCAN+;Monocytes CD14+;Monocytes CD16+	Macrophage;Monocyte	0		Positive top-marker lists only; no complete non-target expression matrix, so cell specificity cannot be fully estimated.
Lung	BI_PF_ILD_atlas_v1	Sheet 1	3438	Macrophage	Macrophage IL1B+	Inflammatory macrophage	Macrophage	ATP13A3	37	1.48004380454374	71.6058603849469	0.673981415538947	unknown; source workbook does not define whether this is log2FC	D. Shared/functional markers	False	shared_or_cross_lineage_risk	False	False		2	3	2	2	Macrophage;Monocyte	Macrophage IL1B+;Macrophage RETN+/VCAN+;Monocytes CD14+	Macrophage;Monocyte	0		Positive top-marker lists only; no complete non-target expression matrix, so cell specificity cannot be fully estimated.
Lung	BI_PF_ILD_atlas_v1	Sheet 1	3439	Macrophage	Macrophage IL1B+	Inflammatory macrophage	Macrophage	FNDC3B	38	1.59609014645385	80.2413099683999	0.67391332236262	unknown; source workbook does not define whether this is log2FC	B. Extended lineage markers	False	limited_extended_evidence	False	False		1	1	1	1	Macrophage	Macrophage IL1B+	Macrophage	0		Positive top-marker lists only; no complete non-target expression matrix, so cell specificity cannot be fully estimated.
Lung	BI_PF_ILD_atlas_v1	Sheet 1	3440	Macrophage	Macrophage IL1B+	Inflammatory macrophage	Macrophage	MAP3K8	39	1.1701935507699	79.9540361964953	0.673669582175449	unknown; source workbook does not define whether this is log2FC	D. Shared/functional markers	False	shared_or_cross_lineage_risk	False	False		2	3	3	2	Macrophage;Monocyte	Macrophage IL1B+;Macrophage LYVE1+;Monocytes CD14+	Macrophage;Monocyte	0		Positive top-marker lists only; no complete non-target expression matrix, so cell specificity cannot be fully estimated.
Lung	BI_PF_ILD_atlas_v1	Sheet 1	3441	Macrophage	Macrophage IL1B+	Inflammatory macrophage	Macrophage	IRAK2	40	2.22053894676739	43.8839413961505	0.673618903764494	unknown; source workbook does not define whether this is log2FC	D. Shared/functional markers	False	shared_or_cross_lineage_risk	False	False		2	2	2	2	Dendritic;Macrophage	DC1 CLEC9A+;Macrophage IL1B+	DC;Macrophage	0		Positive top-marker lists only; no complete non-target expression matrix, so cell specificity cannot be fully estimated.
Lung	BI_PF_ILD_atlas_v1	Sheet 1	3442	Macrophage	Macrophage IL1B+	Inflammatory macrophage	Macrophage	CEBPB	41	1.07586463445616	93.0939385234128	0.671715009151781	unknown; source workbook does not define whether this is log2FC	B. Extended lineage markers	False	limited_extended_evidence	False	False		1	1	1	1	Macrophage	Macrophage IL1B+	Macrophage	0		Positive top-marker lists only; no complete non-target expression matrix, so cell specificity cannot be fully estimated.
Lung	BI_PF_ILD_atlas_v1	Sheet 1	3443	Macrophage	Macrophage IL1B+	Inflammatory macrophage	Macrophage	MMP19	42	1.87382419465405	67.3139902326918	0.671542393196159	unknown; source workbook does not define whether this is log2FC	B. Extended lineage markers	False	limited_extended_evidence	False	False		1	2	1	1	Macrophage	Macrophage IL1B+;Macrophage RETN+/VCAN+	Macrophage	0		Positive top-marker lists only; no complete non-target expression matrix, so cell specificity cannot be fully estimated.
Lung	BI_PF_ILD_atlas_v1	Sheet 1	3444	Macrophage	Macrophage IL1B+	Inflammatory macrophage	Macrophage	SAT1	43	0.923435056268527	99.8391266877334	0.67131980553237	unknown; source workbook does not define whether this is log2FC	D. Shared/functional markers	False	shared_or_cross_lineage_risk	False	False		3	3	3	3	Dendritic;Macrophage;Monocyte	DC CXCL2+/CD14+/CD1C-;Macrophage IL1B+;Monocytes CD16+	DC;Macrophage;Monocyte	0		Positive top-marker lists only; no complete non-target expression matrix, so cell specificity cannot be fully estimated.
Lung	BI_PF_ILD_atlas_v1	Sheet 1	3445	Macrophage	Macrophage IL1B+	Inflammatory macrophage	Macrophage	THBS1	44	1.04523598542573	68.2562482045389	0.669608461335463	unknown; source workbook does not define whether this is log2FC	D. Shared/functional markers	False	shared_or_cross_lineage_risk	False	False		2	4	3	2	Macrophage;Monocyte	Macrophage IL1B+;Macrophage LYVE1+;Monocytes CD14+;Monocytes CD14+/IL1B	Macrophage;Monocyte	0		Positive top-marker lists only; no complete non-target expression matrix, so cell specificity cannot be fully estimated.
Lung	BI_PF_ILD_atlas_v1	Sheet 1	3446	Macrophage	Macrophage IL1B+	Inflammatory macrophage	Macrophage	DMXL2	45	1.53444563100618	57.7937374317725	0.668363729014831	unknown; source workbook does not define whether this is log2FC	B. Extended lineage markers	False	limited_extended_evidence	False	False		1	1	1	1	Macrophage	Macrophage IL1B+	Macrophage	0		Positive top-marker lists only; no complete non-target expression matrix, so cell specificity cannot be fully estimated.
Lung	BI_PF_ILD_atlas_v1	Sheet 1	3447	Macrophage	Macrophage IL1B+	Inflammatory macrophage	Macrophage	FNIP2	46	1.42126020718484	65.4926745188164	0.66713796756646	unknown; source workbook does not define whether this is log2FC	B. Extended lineage markers	False	limited_extended_evidence	False	True		1	2	1	1	Macrophage	Macrophage CHI3L1+/CD9 hi/;Macrophage IL1B+	Macrophage	0		Positive top-marker lists only; no complete non-target expression matrix, so cell specificity cannot be fully estimated.
Lung	BI_PF_ILD_atlas_v1	Sheet 1	3448	Macrophage	Macrophage IL1B+	Inflammatory macrophage	Macrophage	G0S2	47	2.70687745091171	45.4696926170641	0.66216408389847	unknown; source workbook does not define whether this is log2FC	D. Shared/functional markers	False	shared_or_cross_lineage_risk	False	False		2	2	2	2	Macrophage;Monocyte	Macrophage IL1B+;Monocytes CD14+	Macrophage;Monocyte	0		Positive top-marker lists only; no complete non-target expression matrix, so cell specificity cannot be fully estimated.
Lung	BI_PF_ILD_atlas_v1	Sheet 1	3449	Macrophage	Macrophage IL1B+	Inflammatory macrophage	Macrophage	AQP9	48	1.87687276206117	51.2324044814708	0.662062610724824	unknown; source workbook does not define whether this is log2FC	B. Extended lineage markers	False	limited_extended_evidence	False	False		1	1	1	1	Macrophage	Macrophage IL1B+	Macrophage	0		Positive top-marker lists only; no complete non-target expression matrix, so cell specificity cannot be fully estimated.
Lung	BI_PF_ILD_atlas_v1	Sheet 1	3450	Macrophage	Macrophage IL1B+	Inflammatory macrophage	Macrophage	CD44	49	1.17405753282853	92.4102269462798	0.660272204586642	unknown; source workbook does not define whether this is log2FC	B. Extended lineage markers	False	limited_extended_evidence	False	True		1	2	1	1	Macrophage	Macrophage IL1B+;Macrophage RETN+/VCAN+	Macrophage	0		Positive top-marker lists only; no complete non-target expression matrix, so cell specificity cannot be fully estimated.
Lung	BI_PF_ILD_atlas_v1	Sheet 1	3451	Macrophage	Macrophage IL1B+	Inflammatory macrophage	Macrophage	RNF144B	50	1.06640769440075	63.7920137891411	0.659689615356551	unknown; source workbook does not define whether this is log2FC	D. Shared/functional markers	False	shared_or_cross_lineage_risk	False	False		2	3	2	2	Macrophage;Monocyte	Macrophage IL1B+;Monocytes CD14+;Monocytes CD16+	Macrophage;Monocyte	0		Positive top-marker lists only; no complete non-target expression matrix, so cell specificity cannot be fully estimated.
Lung	BI_PF_ILD_atlas_v1	Sheet 1	3452	Macrophage	Macrophage LYVE1+	Alveolar/resident macrophage	Macrophage	MT2A	1	0.834917716170803	99.3377483443709	0.90509244488113	unknown; source workbook does not define whether this is log2FC	D. Shared/functional markers	False	shared_or_cross_lineage_risk	False	False		1	1	1	1	Macrophage	Macrophage LYVE1+	Macrophage	3	Lipofibroblast;Mesothelial;Peribronchial	Positive top-marker lists only; no complete non-target expression matrix, so cell specificity cannot be fully estimated.
Lung	BI_PF_ILD_atlas_v1	Sheet 1	3453	Macrophage	Macrophage LYVE1+	Alveolar/resident macrophage	Macrophage	MT1X	2	1.53045452057617	90.3973509933775	0.869425893152745	unknown; source workbook does not define whether this is log2FC	D. Shared/functional markers	False	shared_or_cross_lineage_risk	False	False		1	1	1	1	Macrophage	Macrophage LYVE1+	Macrophage	2	Mesothelial;Peribronchial	Positive top-marker lists only; no complete non-target expression matrix, so cell specificity cannot be fully estimated.
Lung	BI_PF_ILD_atlas_v1	Sheet 1	3454	Macrophage	Macrophage LYVE1+	Alveolar/resident macrophage	Macrophage	RNASE1	3	0.254050567228449	91.7218543046358	0.834106727389425	unknown; source workbook does not define whether this is log2FC	D. Shared/functional markers	False	shared_or_cross_lineage_risk	False	False		1	1	1	1	Macrophage	Macrophage LYVE1+	Macrophage	5	AT1;AT2;Club;Club & AT1;pre AT2	Positive top-marker lists only; no complete non-target expression matrix, so cell specificity cannot be fully estimated.
Lung	BI_PF_ILD_atlas_v1	Sheet 1	3455	Macrophage	Macrophage LYVE1+	Alveolar/resident macrophage	Macrophage	MT1G	4	3.26471053674536	70.5298013245033	0.826489612337331	unknown; source workbook does not define whether this is log2FC	C. State-associated markers	True	state_associated_not_lineage_core	False	False		1	1	1	1	Macrophage	Macrophage LYVE1+	Macrophage	0		Positive top-marker lists only; no complete non-target expression matrix, so cell specificity cannot be fully estimated.
Lung	BI_PF_ILD_atlas_v1	Sheet 1	3456	Macrophage	Macrophage LYVE1+	Alveolar/resident macrophage	Macrophage	LYVE1	5	3.61558480324691	66.5562913907285	0.824718726026213	unknown; source workbook does not define whether this is log2FC	C. State-associated markers	True	state_associated_not_lineage_core	False	False		1	1	1	1	Macrophage	Macrophage LYVE1+	Macrophage	0		Positive top-marker lists only; no complete non-target expression matrix, so cell specificity cannot be fully estimated.
Lung	BI_PF_ILD_atlas_v1	Sheet 1	3457	Macrophage	Macrophage LYVE1+	Alveolar/resident macrophage	Macrophage	HMOX1	6	1.93468072295523	80.4635761589404	0.810023618760059	unknown; source workbook does not define whether this is log2FC	C. State-associated markers	True	state_associated_not_lineage_core	False	False		1	1	1	1	Macrophage	Macrophage LYVE1+	Macrophage	0		Positive top-marker lists only; no complete non-target expression matrix, so cell specificity cannot be fully estimated.
Lung	BI_PF_ILD_atlas_v1	Sheet 1	3458	Macrophage	Macrophage LYVE1+	Alveolar/resident macrophage	Macrophage	CD163L1	7	0.99555061618589	78.1456953642384	0.798397837284578	unknown; source workbook does not define whether this is log2FC	C. State-associated markers	True	state_associated_not_lineage_core	False	False		2	3	1	1	Macrophage;Macrophage FABP4+	Macrophage C1Q hi;Macrophage FABP4+/PDE4C+;Macrophage LYVE1+	Macrophage	0		Positive top-marker lists only; no complete non-target expression matrix, so cell specificity cannot be fully estimated.
Lung	BI_PF_ILD_atlas_v1	Sheet 1	3459	Macrophage	Macrophage LYVE1+	Alveolar/resident macrophage	Macrophage	MS4A6A	8	-0.614076099053158	85.7615894039735	0.792270274788592	unknown; source workbook does not define whether this is log2FC	D. Shared/functional markers	False	shared_or_cross_lineage_risk	False	False		3	6	3	3	Dendritic;Macrophage;Monocyte	DC CXCL2+/CD14+/CD1C-;DC2 C1QC+;DC2 CLEC10A+;Macrophage C1Q hi;Macrophage LYVE1+;Monocytes CD14+/IL1B	DC;Macrophage;Monocyte	0		Positive top-marker lists only; no complete non-target expression matrix, so cell specificity cannot be fully estimated.
Lung	BI_PF_ILD_atlas_v1	Sheet 1	3460	Macrophage	Macrophage LYVE1+	Alveolar/resident macrophage	Macrophage	CD14	9	-0.474840739364504	82.4503311258278	0.789869435959991	unknown; source workbook does not define whether this is log2FC	D. Shared/functional markers	False	shared_or_cross_lineage_risk	False	True		3	5	3	3	Dendritic;Macrophage;Monocyte	DC CXCL2+/CD14+/CD1C-;Macrophage C1Q hi;Macrophage LYVE1+;Monocytes CD14+;Monocytes CD14+/IL1B	DC;Macrophage;Monocyte	0		Positive top-marker lists only; no complete non-target expression matrix, so cell specificity cannot be fully estimated.
Lung	BI_PF_ILD_atlas_v1	Sheet 1	3461	Macrophage	Macrophage LYVE1+	Alveolar/resident macrophage	Macrophage	C1QC	10	-0.901510249545709	98.0132450331126	0.78825989857954	unknown; source workbook does not define whether this is log2FC	D. Shared/functional markers	False	shared_or_cross_lineage_risk	True	False		3	5	2	2	Dendritic;Macrophage;Macrophage FABP4+	DC2 C1QC+;Macrophage C1Q hi;Macrophage FABP4+;Macrophage FABP4+/PDE4C+;Macrophage LYVE1+	DC;Macrophage	0		Positive top-marker lists only; no complete non-target expression matrix, so cell specificity cannot be fully estimated.
Lung	BI_PF_ILD_atlas_v1	Sheet 1	3462	Macrophage	Macrophage LYVE1+	Alveolar/resident macrophage	Macrophage	C1QA	11	-1.19034377225226	100.0	0.78563492205211	unknown; source workbook does not define whether this is log2FC	D. Shared/functional markers	False	shared_or_cross_lineage_risk	True	False		3	5	2	2	Dendritic;Macrophage;Macrophage FABP4+	DC2 C1QC+;Macrophage C1Q hi;Macrophage FABP4+;Macrophage FABP4+/PDE4C+;Macrophage LYVE1+	DC;Macrophage	0		Positive top-marker lists only; no complete non-target expression matrix, so cell specificity cannot be fully estimated.
Lung	BI_PF_ILD_atlas_v1	Sheet 1	3463	Macrophage	Macrophage LYVE1+	Alveolar/resident macrophage	Macrophage	S100A9	12	-0.780679809003292	93.7086092715232	0.781551722800986	unknown; source workbook does not define whether this is log2FC	D. Shared/functional markers	False	shared_or_cross_lineage_risk	False	True	inflammation	2	4	3	2	Macrophage;Monocyte	Macrophage LYVE1+;Macrophage RETN+/VCAN+;Monocytes CD14+;Monocytes CD14+/IL1B	Macrophage;Monocyte	0		Positive top-marker lists only; no complete non-target expression matrix, so cell specificity cannot be fully estimated.
Lung	BI_PF_ILD_atlas_v1	Sheet 1	3464	Macrophage	Macrophage LYVE1+	Alveolar/resident macrophage	Macrophage	C5AR1	13	-0.0893682733269978	89.4039735099338	0.780940704584619	unknown; source workbook does not define whether this is log2FC	D. Shared/functional markers	False	shared_or_cross_lineage_risk	False	True		3	7	4	3	Dendritic;Macrophage;Monocyte	DC CXCL2+/CD14+/CD1C-;Macrophage IL1B+;Macrophage LYVE1+;Macrophage RETN+/VCAN+;Monocytes CD14+;Monocytes CD14+/IL1B;Monocytes CD16+	DC;Macrophage;Monocyte	0		Positive top-marker lists only; no complete non-target expression matrix, so cell specificity cannot be fully estimated.
Lung	BI_PF_ILD_atlas_v1	Sheet 1	3465	Macrophage	Macrophage LYVE1+	Alveolar/resident macrophage	Macrophage	EPB41L3	14	0.17668835315768	81.7880794701987	0.779346048944493	unknown; source workbook does not define whether this is log2FC	C. State-associated markers	True	state_associated_not_lineage_core	False	False		1	1	1	1	Macrophage	Macrophage LYVE1+	Macrophage	0		Positive top-marker lists only; no complete non-target expression matrix, so cell specificity cannot be fully estimated.
Lung	BI_PF_ILD_atlas_v1	Sheet 1	3466	Macrophage	Macrophage LYVE1+	Alveolar/resident macrophage	Macrophage	C1QB	15	-1.46265550039152	99.3377483443709	0.770515683010646	unknown; source workbook does not define whether this is log2FC	D. Shared/functional markers	False	shared_or_cross_lineage_risk	True	False		3	5	2	2	Dendritic;Macrophage;Macrophage FABP4+	DC2 C1QC+;Macrophage C1Q hi;Macrophage FABP4+;Macrophage FABP4+/PDE4C+;Macrophage LYVE1+	DC;Macrophage	0		Positive top-marker lists only; no complete non-target expression matrix, so cell specificity cannot be fully estimated.
Lung	BI_PF_ILD_atlas_v1	Sheet 1	3467	Macrophage	Macrophage LYVE1+	Alveolar/resident macrophage	Macrophage	SIPA1L1	16	-0.503823815179222	86.0927152317881	0.7698929146915	unknown; source workbook does not define whether this is log2FC	D. Shared/functional markers	False	shared_or_cross_lineage_risk	False	False		3	5	3	3	Dendritic;Macrophage;Monocyte	DC CXCL2+/CD14+/CD1C-;DC2 CLEC10A+;Macrophage LYVE1+;Monocytes CD14+;Monocytes CD16+	DC;Macrophage;Monocyte	0		Positive top-marker lists only; no complete non-target expression matrix, so cell specificity cannot be fully estimated.
Lung	BI_PF_ILD_atlas_v1	Sheet 1	3468	Macrophage	Macrophage LYVE1+	Alveolar/resident macrophage	Macrophage	DOCK4	17	-0.0380193469344867	79.8013245033112	0.766089920062158	unknown; source workbook does not define whether this is log2FC	C. State-associated markers	True	state_associated_not_lineage_core	False	False		1	3	2	1	Macrophage	Macrophage C1Q hi;Macrophage IL1B+;Macrophage LYVE1+	Macrophage	0		Positive top-marker lists only; no complete non-target expression matrix, so cell specificity cannot be fully estimated.
Lung	BI_PF_ILD_atlas_v1	Sheet 1	3469	Macrophage	Macrophage LYVE1+	Alveolar/resident macrophage	Macrophage	SNX9	18	-0.182680967004465	82.1192052980132	0.764207616497578	unknown; source workbook does not define whether this is log2FC	D. Shared/functional markers	False	shared_or_cross_lineage_risk	False	False		2	2	2	2	Macrophage;pDC	Macrophage LYVE1+;pDC	DC;Macrophage	0		Positive top-marker lists only; no complete non-target expression matrix, so cell specificity cannot be fully estimated.
Lung	BI_PF_ILD_atlas_v1	Sheet 1	3470	Macrophage	Macrophage LYVE1+	Alveolar/resident macrophage	Macrophage	NAMPT	19	-0.585159132261433	95.364238410596	0.763726668642499	unknown; source workbook does not define whether this is log2FC	D. Shared/functional markers	False	shared_or_cross_lineage_risk	False	False		3	6	4	3	Dendritic;Macrophage;Monocyte	DC CXCL2+/CD14+/CD1C-;Macrophage IL1B+;Macrophage LYVE1+;Monocytes CD14+;Monocytes CD14+/IL1B;Monocytes CD16+	DC;Macrophage;Monocyte	0		Positive top-marker lists only; no complete non-target expression matrix, so cell specificity cannot be fully estimated.
Lung	BI_PF_ILD_atlas_v1	Sheet 1	3471	Macrophage	Macrophage LYVE1+	Alveolar/resident macrophage	Macrophage	SRGN	20	-0.799378418167057	99.6688741721854	0.763070460884072	unknown; source workbook does not define whether this is log2FC	D. Shared/functional markers	False	shared_or_cross_lineage_risk	False	True		4	10	5	4	Basophil/Mast;Dendritic;Macrophage;Monocyte	Basophil/Mast;DC CXCL2+/CD14+/CD1C-;DC2 C1QC+;DC2 CLEC10A+;Macrophage IL1B+;Macrophage LYVE1+;Macrophage RETN+/VCAN+;Monocytes CD14+;Monocytes CD14+/IL1B;Monocytes CD16+	DC;Macrophage;Mast/Basophil;Monocyte	0		Positive top-marker lists only; no complete non-target expression matrix, so cell specificity cannot be fully estimated.
Lung	BI_PF_ILD_atlas_v1	Sheet 1	3472	Macrophage	Macrophage LYVE1+	Alveolar/resident macrophage	Macrophage	PAPSS2	21	0.323431302803509	73.5099337748344	0.761148610926913	unknown; source workbook does not define whether this is log2FC	C. State-associated markers	True	state_associated_not_lineage_core	False	False		1	1	1	1	Macrophage	Macrophage LYVE1+	Macrophage	0		Positive top-marker lists only; no complete non-target expression matrix, so cell specificity cannot be fully estimated.
Lung	BI_PF_ILD_atlas_v1	Sheet 1	3473	Macrophage	Macrophage LYVE1+	Alveolar/resident macrophage	Macrophage	MT1E	22	1.16727059843117	71.1920529801324	0.758900106517543	unknown; source workbook does not define whether this is log2FC	D. Shared/functional markers	False	shared_or_cross_lineage_risk	False	False		1	1	1	1	Macrophage	Macrophage LYVE1+	Macrophage	2	Mesothelial;dividing AT2	Positive top-marker lists only; no complete non-target expression matrix, so cell specificity cannot be fully estimated.
Lung	BI_PF_ILD_atlas_v1	Sheet 1	3474	Macrophage	Macrophage LYVE1+	Alveolar/resident macrophage	Macrophage	FOLR2	23	1.75586557377807	57.9470198675497	0.758459084358209	unknown; source workbook does not define whether this is log2FC	C. State-associated markers	True	state_associated_not_lineage_core	False	False		1	2	1	1	Macrophage	Macrophage C1Q hi;Macrophage LYVE1+	Macrophage	0		Positive top-marker lists only; no complete non-target expression matrix, so cell specificity cannot be fully estimated.
Lung	BI_PF_ILD_atlas_v1	Sheet 1	3475	Macrophage	Macrophage LYVE1+	Alveolar/resident macrophage	Macrophage	AIF1	24	-0.85264611673411	93.046357615894	0.756976327856882	unknown; source workbook does not define whether this is log2FC	D. Shared/functional markers	False	shared_or_cross_lineage_risk	False	True		3	7	4	3	Dendritic;Macrophage;Monocyte	DC CXCL2+/CD14+/CD1C-;DC2 C1QC+;Macrophage C1Q hi;Macrophage LYVE1+;Macrophage RETN+/VCAN+;Monocytes CD14+/IL1B;Monocytes CD16+	DC;Macrophage;Monocyte	0		Positive top-marker lists only; no complete non-target expression matrix, so cell specificity cannot be fully estimated.
Lung	BI_PF_ILD_atlas_v1	Sheet 1	3476	Macrophage	Macrophage LYVE1+	Alveolar/resident macrophage	Macrophage	F13A1	25	2.24971005168579	56.953642384106	0.75695397616448	unknown; source workbook does not define whether this is log2FC	D. Shared/functional markers	False	shared_or_cross_lineage_risk	False	False		2	2	2	2	Dendritic;Macrophage	DC CXCL2+/CD14+/CD1C-;Macrophage LYVE1+	DC;Macrophage	0		Positive top-marker lists only; no complete non-target expression matrix, so cell specificity cannot be fully estimated.
Lung	BI_PF_ILD_atlas_v1	Sheet 1	3477	Macrophage	Macrophage LYVE1+	Alveolar/resident macrophage	Macrophage	MAP3K8	26	-0.294847007775848	87.7483443708609	0.755858993204213	unknown; source workbook does not define whether this is log2FC	D. Shared/functional markers	False	shared_or_cross_lineage_risk	False	False		2	3	3	2	Macrophage;Monocyte	Macrophage IL1B+;Macrophage LYVE1+;Monocytes CD14+	Macrophage;Monocyte	0		Positive top-marker lists only; no complete non-target expression matrix, so cell specificity cannot be fully estimated.
Lung	BI_PF_ILD_atlas_v1	Sheet 1	3478	Macrophage	Macrophage LYVE1+	Alveolar/resident macrophage	Macrophage	MTSS1	27	0.208492704148407	68.2119205298013	0.753689861571057	unknown; source workbook does not define whether this is log2FC	D. Shared/functional markers	False	shared_or_cross_lineage_risk	False	False		2	2	2	2	Macrophage;Monocyte	Macrophage LYVE1+;Monocytes CD16+	Macrophage;Monocyte	0		Positive top-marker lists only; no complete non-target expression matrix, so cell specificity cannot be fully estimated.
Lung	BI_PF_ILD_atlas_v1	Sheet 1	3479	Macrophage	Macrophage LYVE1+	Alveolar/resident macrophage	Macrophage	SAMSN1	28	-0.505334672538143	87.0860927152318	0.752307737690237	unknown; source workbook does not define whether this is log2FC	D. Shared/functional markers	False	shared_or_cross_lineage_risk	False	False		4	7	5	4	Basophil/Mast;Dendritic;Macrophage;Monocyte	Basophil/Mast;DC CXCL2+/CD14+/CD1C-;Macrophage IL1B+;Macrophage LYVE1+;Monocytes CD14+;Monocytes CD14+/IL1B;Monocytes CD16+	DC;Macrophage;Mast/Basophil;Monocyte	0		Positive top-marker lists only; no complete non-target expression matrix, so cell specificity cannot be fully estimated.
Lung	BI_PF_ILD_atlas_v1	Sheet 1	3480	Macrophage	Macrophage LYVE1+	Alveolar/resident macrophage	Macrophage	PELI1	29	-0.319866793170787	81.7880794701987	0.747632445242653	unknown; source workbook does not define whether this is log2FC	D. Shared/functional markers	False	shared_or_cross_lineage_risk	False	False		2	2	2	2	Dendritic;Macrophage	DC LAMP3+/CCR7+;Macrophage LYVE1+	DC;Macrophage	0		Positive top-marker lists only; no complete non-target expression matrix, so cell specificity cannot be fully estimated.
Lung	BI_PF_ILD_atlas_v1	Sheet 1	3481	Macrophage	Macrophage LYVE1+	Alveolar/resident macrophage	Macrophage	EMP1	30	-0.0622438079390353	75.1655629139073	0.744675041593421	unknown; source workbook does not define whether this is log2FC	D. Shared/functional markers	False	shared_or_cross_lineage_risk	False	False		1	1	1	1	Macrophage	Macrophage LYVE1+	Macrophage	4	Artery;Bronchial Vessel;Bronchial Vessel CXCL12+;Lipofibroblast	Positive top-marker lists only; no complete non-target expression matrix, so cell specificity cannot be fully estimated.
Lung	BI_PF_ILD_atlas_v1	Sheet 1	3482	Macrophage	Macrophage LYVE1+	Alveolar/resident macrophage	Macrophage	DNMBP	31	0.265141657800823	67.2185430463576	0.744526666225628	unknown; source workbook does not define whether this is log2FC	D. Shared/functional markers	False	shared_or_cross_lineage_risk	False	False		2	2	2	2	Macrophage;Monocyte	Macrophage LYVE1+;Monocytes CD16+	Macrophage;Monocyte	0		Positive top-marker lists only; no complete non-target expression matrix, so cell specificity cannot be fully estimated.
Lung	BI_PF_ILD_atlas_v1	Sheet 1	3483	Macrophage	Macrophage LYVE1+	Alveolar/resident macrophage	Macrophage	AGFG1	32	0.0777085168761547	78.476821192053	0.744433898858021	unknown; source workbook does not define whether this is log2FC	B. Extended lineage markers	False	limited_extended_evidence	False	False		1	1	1	1	Macrophage	Macrophage LYVE1+	Macrophage	0		Positive top-marker lists only; no complete non-target expression matrix, so cell specificity cannot be fully estimated.
Lung	BI_PF_ILD_atlas_v1	Sheet 1	3484	Macrophage	Macrophage LYVE1+	Alveolar/resident macrophage	Macrophage	CTSB	33	-0.966574587533476	98.0132450331126	0.741503311914599	unknown; source workbook does not define whether this is log2FC	B. Extended lineage markers	False	limited_extended_evidence	False	True		1	5	2	1	Macrophage	Macrophage C1Q hi;Macrophage CHI3L1+/CD9 hi/;Macrophage IL1B+;Macrophage LYVE1+;Macrophage RETN+/VCAN+	Macrophage	0		Positive top-marker lists only; no complete non-target expression matrix, so cell specificity cannot be fully estimated.
Lung	BI_PF_ILD_atlas_v1	Sheet 1	3485	Macrophage	Macrophage LYVE1+	Alveolar/resident macrophage	Macrophage	RBPJ	34	-0.0608820394449765	86.4238410596027	0.740620632530622	unknown; source workbook does not define whether this is log2FC	D. Shared/functional markers	False	shared_or_cross_lineage_risk	False	False		2	2	2	2	Macrophage;T cell	Macrophage LYVE1+;helper T CD4+	Macrophage;T	0		Positive top-marker lists only; no complete non-target expression matrix, so cell specificity cannot be fully estimated.
Lung	BI_PF_ILD_atlas_v1	Sheet 1	3486	Macrophage	Macrophage LYVE1+	Alveolar/resident macrophage	Macrophage	ELL2	35	-0.261956800419396	86.0927152317881	0.740511345257798	unknown; source workbook does not define whether this is log2FC	D. Shared/functional markers	False	shared_or_cross_lineage_risk	False	False		2	4	3	2	Macrophage;Monocyte	Macrophage C1Q hi;Macrophage IL1B+;Macrophage LYVE1+;Monocytes CD14+	Macrophage;Monocyte	0		Positive top-marker lists only; no complete non-target expression matrix, so cell specificity cannot be fully estimated.
Lung	BI_PF_ILD_atlas_v1	Sheet 1	3487	Macrophage	Macrophage LYVE1+	Alveolar/resident macrophage	Macrophage	S100A8	36	-0.226818509359699	75.8278145695364	0.739754928520227	unknown; source workbook does not define whether this is log2FC	D. Shared/functional markers	False	shared_or_cross_lineage_risk	False	False	inflammation	2	4	3	2	Macrophage;Monocyte	Macrophage LYVE1+;Macrophage RETN+/VCAN+;Monocytes CD14+;Monocytes CD14+/IL1B	Macrophage;Monocyte	0		Positive top-marker lists only; no complete non-target expression matrix, so cell specificity cannot be fully estimated.
Lung	BI_PF_ILD_atlas_v1	Sheet 1	3488	Macrophage	Macrophage LYVE1+	Alveolar/resident macrophage	Macrophage	HIF1A	37	-0.486447800810214	84.7682119205298	0.737808881249185	unknown; source workbook does not define whether this is log2FC	D. Shared/functional markers	False	shared_or_cross_lineage_risk	False	True		3	6	4	3	Dendritic;Macrophage;Monocyte	DC CXCL2+/CD14+/CD1C-;Macrophage C1Q hi;Macrophage IL1B+;Macrophage LYVE1+;Macrophage RETN+/VCAN+;Monocytes CD14+	DC;Macrophage;Monocyte	0		Positive top-marker lists only; no complete non-target expression matrix, so cell specificity cannot be fully estimated.
Lung	BI_PF_ILD_atlas_v1	Sheet 1	3489	Macrophage	Macrophage LYVE1+	Alveolar/resident macrophage	Macrophage	FMN1	38	-0.279663430164728	72.1854304635762	0.735080263555895	unknown; source workbook does not define whether this is log2FC	B. Extended lineage markers	False	limited_extended_evidence	False	False		1	2	1	1	Macrophage	Macrophage C1Q hi;Macrophage LYVE1+	Macrophage	0		Positive top-marker lists only; no complete non-target expression matrix, so cell specificity cannot be fully estimated.
Lung	BI_PF_ILD_atlas_v1	Sheet 1	3490	Macrophage	Macrophage LYVE1+	Alveolar/resident macrophage	Macrophage	JARID2	39	-0.213475835761124	79.8013245033112	0.734590621695544	unknown; source workbook does not define whether this is log2FC	D. Shared/functional markers	False	shared_or_cross_lineage_risk	False	False		2	4	3	2	Macrophage;Monocyte	Macrophage IL1B+;Macrophage LYVE1+;Macrophage RETN+/VCAN+;Monocytes CD14+	Macrophage;Monocyte	0		Positive top-marker lists only; no complete non-target expression matrix, so cell specificity cannot be fully estimated.
Lung	BI_PF_ILD_atlas_v1	Sheet 1	3491	Macrophage	Macrophage LYVE1+	Alveolar/resident macrophage	Macrophage	CTSL	40	-0.355849660148008	88.7417218543046	0.734160351837227	unknown; source workbook does not define whether this is log2FC	B. Extended lineage markers	False	limited_extended_evidence	False	True		1	5	2	1	Macrophage	Macrophage C1Q hi;Macrophage CHI3L1+/CD9 hi/;Macrophage IL1B+;Macrophage LYVE1+;Macrophage RETN+/VCAN+	Macrophage	0		Positive top-marker lists only; no complete non-target expression matrix, so cell specificity cannot be fully estimated.
Lung	BI_PF_ILD_atlas_v1	Sheet 1	3492	Macrophage	Macrophage LYVE1+	Alveolar/resident macrophage	Macrophage	ABCA1	41	-0.0282852036104444	74.5033112582781	0.732496479801164	unknown; source workbook does not define whether this is log2FC	B. Extended lineage markers	False	limited_extended_evidence	False	True		1	3	2	1	Macrophage	Macrophage C1Q hi;Macrophage IL1B+;Macrophage LYVE1+	Macrophage	0		Positive top-marker lists only; no complete non-target expression matrix, so cell specificity cannot be fully estimated.
Lung	BI_PF_ILD_atlas_v1	Sheet 1	3493	Macrophage	Macrophage LYVE1+	Alveolar/resident macrophage	Macrophage	RBM47	42	-0.422683944436343	90.728476821192	0.731826273603909	unknown; source workbook does not define whether this is log2FC	B. Extended lineage markers	False	limited_extended_evidence	False	False		1	1	1	1	Macrophage	Macrophage LYVE1+	Macrophage	0		Positive top-marker lists only; no complete non-target expression matrix, so cell specificity cannot be fully estimated.
Lung	BI_PF_ILD_atlas_v1	Sheet 1	3494	Macrophage	Macrophage LYVE1+	Alveolar/resident macrophage	Macrophage	PLTP	43	1.41422918318297	58.6092715231788	0.72911855848459	unknown; source workbook does not define whether this is log2FC	B. Extended lineage markers	False	limited_extended_evidence	False	False		1	1	1	1	Macrophage	Macrophage LYVE1+	Macrophage	0		Positive top-marker lists only; no complete non-target expression matrix, so cell specificity cannot be fully estimated.
Lung	BI_PF_ILD_atlas_v1	Sheet 1	3495	Macrophage	Macrophage LYVE1+	Alveolar/resident macrophage	Macrophage	CD163	44	-1.15916979962428	77.4834437086093	0.728181447184697	unknown; source workbook does not define whether this is log2FC	B. Extended lineage markers	False	limited_extended_evidence	False	False		1	1	1	1	Macrophage	Macrophage LYVE1+	Macrophage	0		Positive top-marker lists only; no complete non-target expression matrix, so cell specificity cannot be fully estimated.
Lung	BI_PF_ILD_atlas_v1	Sheet 1	3496	Macrophage	Macrophage LYVE1+	Alveolar/resident macrophage	Macrophage	THBS1	45	0.756131736457269	78.1456953642384	0.727358724438573	unknown; source workbook does not define whether this is log2FC	D. Shared/functional markers	False	shared_or_cross_lineage_risk	False	False		2	4	3	2	Macrophage;Monocyte	Macrophage IL1B+;Macrophage LYVE1+;Monocytes CD14+;Monocytes CD14+/IL1B	Macrophage;Monocyte	0		Positive top-marker lists only; no complete non-target expression matrix, so cell specificity cannot be fully estimated.
Lung	BI_PF_ILD_atlas_v1	Sheet 1	3497	Macrophage	Macrophage LYVE1+	Alveolar/resident macrophage	Macrophage	ARL4C	46	0.347575942746232	62.2516556291391	0.726280708275988	unknown; source workbook does not define whether this is log2FC	B. Extended lineage markers	False	limited_extended_evidence	False	False		1	1	1	1	Macrophage	Macrophage LYVE1+	Macrophage	0		Positive top-marker lists only; no complete non-target expression matrix, so cell specificity cannot be fully estimated.
Lung	BI_PF_ILD_atlas_v1	Sheet 1	3498	Macrophage	Macrophage LYVE1+	Alveolar/resident macrophage	Macrophage	ACSL1	47	-0.607910658098957	88.0794701986755	0.721618838872544	unknown; source workbook does not define whether this is log2FC	D. Shared/functional markers	False	shared_or_cross_lineage_risk	False	False		2	3	3	2	Macrophage;Monocyte	Macrophage IL1B+;Macrophage LYVE1+;Monocytes CD14+/IL1B	Macrophage;Monocyte	0		Positive top-marker lists only; no complete non-target expression matrix, so cell specificity cannot be fully estimated.
Lung	BI_PF_ILD_atlas_v1	Sheet 1	3499	Macrophage	Macrophage LYVE1+	Alveolar/resident macrophage	Macrophage	FGL2	48	0.467674157827325	57.9470198675497	0.716153039834347	unknown; source workbook does not define whether this is log2FC	D. Shared/functional markers	False	shared_or_cross_lineage_risk	False	False		3	5	3	3	Dendritic;Macrophage;Monocyte	DC CXCL2+/CD14+/CD1C-;DC2 C1QC+;Macrophage LYVE1+;Monocytes CD14+/IL1B;Monocytes CD16+	DC;Macrophage;Monocyte	0		Positive top-marker lists only; no complete non-target expression matrix, so cell specificity cannot be fully estimated.
Lung	BI_PF_ILD_atlas_v1	Sheet 1	3500	Macrophage	Macrophage LYVE1+	Alveolar/resident macrophage	Macrophage	RGS2	49	-0.497730095334969	72.8476821192053	0.713390208827139	unknown; source workbook does not define whether this is log2FC	D. Shared/functional markers	False	shared_or_cross_lineage_risk	False	False		4	8	4	4	Basophil/Mast;Dendritic;Macrophage;Monocyte	Basophil/Mast;DC CXCL2+/CD14+/CD1C-;DC2 CLEC10A+;Macrophage C1Q hi;Macrophage LYVE1+;Monocytes CD14+;Monocytes CD14+/IL1B;Monocytes CD16+	DC;Macrophage;Mast/Basophil;Monocyte	0		Positive top-marker lists only; no complete non-target expression matrix, so cell specificity cannot be fully estimated.
Lung	BI_PF_ILD_atlas_v1	Sheet 1	3501	Macrophage	Macrophage LYVE1+	Alveolar/resident macrophage	Macrophage	PSAP	50	-1.15131586469004	99.3377483443709	0.71016188405422	unknown; source workbook does not define whether this is log2FC	B. Extended lineage markers	False	limited_extended_evidence	False	True		2	5	2	1	Macrophage;Macrophage FABP4+	Macrophage C1Q hi;Macrophage CHI3L1+/CD9 hi/;Macrophage FABP4+;Macrophage LYVE1+;Macrophage RETN+/VCAN+	Macrophage	0		Positive top-marker lists only; no complete non-target expression matrix, so cell specificity cannot be fully estimated.
Lung	BI_PF_ILD_atlas_v1	Sheet 1	3502	Macrophage	Macrophage RETN+/VCAN+	Inflammatory macrophage	Macrophage	CTSB	1	2.52449165104381	98.3060357495925	0.751425596962479	unknown; source workbook does not define whether this is log2FC	C. State-associated markers	True	state_associated_not_lineage_core	False	True		1	5	2	1	Macrophage	Macrophage C1Q hi;Macrophage CHI3L1+/CD9 hi/;Macrophage IL1B+;Macrophage LYVE1+;Macrophage RETN+/VCAN+	Macrophage	0		Positive top-marker lists only; no complete non-target expression matrix, so cell specificity cannot be fully estimated.
Lung	BI_PF_ILD_atlas_v1	Sheet 1	3503	Macrophage	Macrophage RETN+/VCAN+	Inflammatory macrophage	Macrophage	EMP3	2	2.74651563982553	91.8160686135678	0.739743025045448	unknown; source workbook does not define whether this is log2FC	B. Extended lineage markers	True	moderate_extended	False	True		1	1	1	1	Macrophage	Macrophage RETN+/VCAN+	Macrophage	0		Positive top-marker lists only; no complete non-target expression matrix, so cell specificity cannot be fully estimated.
Lung	BI_PF_ILD_atlas_v1	Sheet 1	3504	Macrophage	Macrophage RETN+/VCAN+	Inflammatory macrophage	Macrophage	FCER1G	3	2.37923936999199	97.5285221898629	0.737871333148946	unknown; source workbook does not define whether this is log2FC	D. Shared/functional markers	False	shared_or_cross_lineage_risk	False	True		3	5	3	2	Macrophage;Macrophage FABP4+;Monocyte	Macrophage C1Q hi;Macrophage CHI3L1+/CD9 hi/;Macrophage FABP4+;Macrophage RETN+/VCAN+;Monocytes CD16+	Macrophage;Monocyte	0		Positive top-marker lists only; no complete non-target expression matrix, so cell specificity cannot be fully estimated.
Lung	BI_PF_ILD_atlas_v1	Sheet 1	3505	Macrophage	Macrophage RETN+/VCAN+	Inflammatory macrophage	Macrophage	LGALS1	4	2.35568657856836	98.1350362038101	0.736407204161919	unknown; source workbook does not define whether this is log2FC	B. Extended lineage markers	True	moderate_extended	False	True		1	2	1	1	Macrophage	Macrophage CHI3L1+/CD9 hi/;Macrophage RETN+/VCAN+	Macrophage	0		Positive top-marker lists only; no complete non-target expression matrix, so cell specificity cannot be fully estimated.
Lung	BI_PF_ILD_atlas_v1	Sheet 1	3506	Macrophage	Macrophage RETN+/VCAN+	Inflammatory macrophage	Macrophage	S100A8	5	1.84646167944518	77.3104977689903	0.734399058655541	unknown; source workbook does not define whether this is log2FC	D. Shared/functional markers	False	shared_or_cross_lineage_risk	False	False	inflammation	2	4	3	2	Macrophage;Monocyte	Macrophage LYVE1+;Macrophage RETN+/VCAN+;Monocytes CD14+;Monocytes CD14+/IL1B	Macrophage;Monocyte	0		Positive top-marker lists only; no complete non-target expression matrix, so cell specificity cannot be fully estimated.
Lung	BI_PF_ILD_atlas_v1	Sheet 1	3507	Macrophage	Macrophage RETN+/VCAN+	Inflammatory macrophage	Macrophage	SLC11A1	6	2.47699076388383	89.3071846527908	0.733691207027346	unknown; source workbook does not define whether this is log2FC	B. Extended lineage markers	True	moderate_extended	False	True		2	2	2	1	Macrophage;Macrophage FABP4+	Macrophage FABP4+;Macrophage RETN+/VCAN+	Macrophage	0		Positive top-marker lists only; no complete non-target expression matrix, so cell specificity cannot be fully estimated.
Lung	BI_PF_ILD_atlas_v1	Sheet 1	3508	Macrophage	Macrophage RETN+/VCAN+	Inflammatory macrophage	Macrophage	ZEB2	7	2.20567323070331	92.796644133914	0.731939437969576	unknown; source workbook does not define whether this is log2FC	D. Shared/functional markers	False	shared_or_cross_lineage_risk	False	True		2	4	2	2	Macrophage;Monocyte	Macrophage IL1B+;Macrophage RETN+/VCAN+;Monocytes CD14+;Monocytes CD16+	Macrophage;Monocyte	0		Positive top-marker lists only; no complete non-target expression matrix, so cell specificity cannot be fully estimated.
Lung	BI_PF_ILD_atlas_v1	Sheet 1	3509	Macrophage	Macrophage RETN+/VCAN+	Inflammatory macrophage	Macrophage	MRC1	8	2.66550243261117	85.8871937371416	0.729516571929375	unknown; source workbook does not define whether this is log2FC	D. Shared/functional markers	False	shared_or_cross_lineage_risk	False	True		3	4	3	2	Dendritic;Macrophage;Macrophage FABP4+	DC CXCL2+/CD14+/CD1C-;Macrophage C1Q hi;Macrophage FABP4+;Macrophage RETN+/VCAN+	DC;Macrophage	0		Positive top-marker lists only; no complete non-target expression matrix, so cell specificity cannot be fully estimated.
Lung	BI_PF_ILD_atlas_v1	Sheet 1	3510	Macrophage	Macrophage RETN+/VCAN+	Inflammatory macrophage	Macrophage	CTSL	9	3.07925939613994	83.6615277740668	0.726686780381832	unknown; source workbook does not define whether this is log2FC	B. Extended lineage markers	True	moderate_extended	False	True		1	5	2	1	Macrophage	Macrophage C1Q hi;Macrophage CHI3L1+/CD9 hi/;Macrophage IL1B+;Macrophage LYVE1+;Macrophage RETN+/VCAN+	Macrophage	0		Positive top-marker lists only; no complete non-target expression matrix, so cell specificity cannot be fully estimated.
Lung	BI_PF_ILD_atlas_v1	Sheet 1	3511	Macrophage	Macrophage RETN+/VCAN+	Inflammatory macrophage	Macrophage	OLR1	10	2.47009923263485	85.5879445320223	0.724523563201767	unknown; source workbook does not define whether this is log2FC	B. Extended lineage markers	True	moderate_extended	False	False		2	3	2	1	Macrophage;Macrophage FABP4+	Macrophage FABP4+;Macrophage IL1B+;Macrophage RETN+/VCAN+	Macrophage	0		Positive top-marker lists only; no complete non-target expression matrix, so cell specificity cannot be fully estimated.
Lung	BI_PF_ILD_atlas_v1	Sheet 1	3512	Macrophage	Macrophage RETN+/VCAN+	Inflammatory macrophage	Macrophage	ANPEP	11	2.94946080577432	67.8627728645096	0.720332291942568	unknown; source workbook does not define whether this is log2FC	B. Extended lineage markers	True	moderate_extended	False	False		1	1	1	1	Macrophage	Macrophage RETN+/VCAN+	Macrophage	0		Positive top-marker lists only; no complete non-target expression matrix, so cell specificity cannot be fully estimated.
Lung	BI_PF_ILD_atlas_v1	Sheet 1	3513	Macrophage	Macrophage RETN+/VCAN+	Inflammatory macrophage	Macrophage	PLAUR	12	2.2193310511982	86.1169743767868	0.711177468513569	unknown; source workbook does not define whether this is log2FC	D. Shared/functional markers	False	shared_or_cross_lineage_risk	False	True		3	4	3	3	Dendritic;Macrophage;Monocyte	DC CXCL2+/CD14+/CD1C-;Macrophage IL1B+;Macrophage RETN+/VCAN+;Monocytes CD14+	DC;Macrophage;Monocyte	0		Positive top-marker lists only; no complete non-target expression matrix, so cell specificity cannot be fully estimated.
Lung	BI_PF_ILD_atlas_v1	Sheet 1	3514	Macrophage	Macrophage RETN+/VCAN+	Inflammatory macrophage	Macrophage	SLC16A10	13	2.61731268454622	70.0884388275844	0.709183706041066	unknown; source workbook does not define whether this is log2FC	B. Extended lineage markers	False	limited_extended_evidence	False	True		1	3	2	1	Macrophage	Macrophage C1Q hi;Macrophage IL1B+;Macrophage RETN+/VCAN+	Macrophage	0		Positive top-marker lists only; no complete non-target expression matrix, so cell specificity cannot be fully estimated.
Lung	BI_PF_ILD_atlas_v1	Sheet 1	3515	Macrophage	Macrophage RETN+/VCAN+	Inflammatory macrophage	Macrophage	S100A9	14	1.84284379313473	85.5719133246052	0.708276249748559	unknown; source workbook does not define whether this is log2FC	D. Shared/functional markers	False	shared_or_cross_lineage_risk	False	True	inflammation	2	4	3	2	Macrophage;Monocyte	Macrophage LYVE1+;Macrophage RETN+/VCAN+;Monocytes CD14+;Monocytes CD14+/IL1B	Macrophage;Monocyte	0		Positive top-marker lists only; no complete non-target expression matrix, so cell specificity cannot be fully estimated.
Lung	BI_PF_ILD_atlas_v1	Sheet 1	3516	Macrophage	Macrophage RETN+/VCAN+	Inflammatory macrophage	Macrophage	ITGAX	15	2.37339497226064	71.6220910038208	0.707316263527161	unknown; source workbook does not define whether this is log2FC	D. Shared/functional markers	False	shared_or_cross_lineage_risk	False	True		2	2	2	2	Macrophage;Monocyte	Macrophage RETN+/VCAN+;Monocytes CD14+	Macrophage;Monocyte	0		Positive top-marker lists only; no complete non-target expression matrix, so cell specificity cannot be fully estimated.
Lung	BI_PF_ILD_atlas_v1	Sheet 1	3517	Macrophage	Macrophage RETN+/VCAN+	Inflammatory macrophage	Macrophage	AIF1	16	2.1577637217171	87.4742832714351	0.703372655798073	unknown; source workbook does not define whether this is log2FC	D. Shared/functional markers	False	shared_or_cross_lineage_risk	False	True		3	7	4	3	Dendritic;Macrophage;Monocyte	DC CXCL2+/CD14+/CD1C-;DC2 C1QC+;Macrophage C1Q hi;Macrophage LYVE1+;Macrophage RETN+/VCAN+;Monocytes CD14+/IL1B;Monocytes CD16+	DC;Macrophage;Monocyte	0		Positive top-marker lists only; no complete non-target expression matrix, so cell specificity cannot be fully estimated.
Lung	BI_PF_ILD_atlas_v1	Sheet 1	3518	Macrophage	Macrophage RETN+/VCAN+	Inflammatory macrophage	Macrophage	LAPTM5	17	2.19709111812565	96.0536511074892	0.702552092027321	unknown; source workbook does not define whether this is log2FC	B. Extended lineage markers	False	limited_extended_evidence	False	True		2	4	2	1	Macrophage;Macrophage FABP4+	Macrophage C1Q hi;Macrophage CHI3L1+/CD9 hi/;Macrophage FABP4+;Macrophage RETN+/VCAN+	Macrophage	0		Positive top-marker lists only; no complete non-target expression matrix, so cell specificity cannot be fully estimated.
Lung	BI_PF_ILD_atlas_v1	Sheet 1	3519	Macrophage	Macrophage RETN+/VCAN+	Inflammatory macrophage	Macrophage	GK	18	2.16328262871142	77.6845592753894	0.701974442026184	unknown; source workbook does not define whether this is log2FC	D. Shared/functional markers	False	shared_or_cross_lineage_risk	False	True		3	4	3	3	Dendritic;Macrophage;Monocyte	DC CXCL2+/CD14+/CD1C-;Macrophage IL1B+;Macrophage RETN+/VCAN+;Monocytes CD14+	DC;Macrophage;Monocyte	0		Positive top-marker lists only; no complete non-target expression matrix, so cell specificity cannot be fully estimated.
Lung	BI_PF_ILD_atlas_v1	Sheet 1	3520	Macrophage	Macrophage RETN+/VCAN+	Inflammatory macrophage	Macrophage	TIMP1	19	1.81000856384043	88.334624736153	0.699060447665486	unknown; source workbook does not define whether this is log2FC	D. Shared/functional markers	False	shared_or_cross_lineage_risk	False	False		2	3	2	2	Macrophage;Monocyte	Macrophage RETN+/VCAN+;Monocytes CD14+;Monocytes CD16+	Macrophage;Monocyte	5	Adventital fibroblast;Fib COL13A1+;Lipofibroblast;Mesothelial;Myofibroblast	Positive top-marker lists only; no complete non-target expression matrix, so cell specificity cannot be fully estimated.
Lung	BI_PF_ILD_atlas_v1	Sheet 1	3521	Macrophage	Macrophage RETN+/VCAN+	Inflammatory macrophage	Macrophage	TYROBP	20	1.96629394282482	98.3995511261923	0.69870746345926	unknown; source workbook does not define whether this is log2FC	D. Shared/functional markers	False	shared_or_cross_lineage_risk	False	True		3	4	3	2	Dendritic;Macrophage;Macrophage FABP4+	DC2 C1QC+;Macrophage CHI3L1+/CD9 hi/;Macrophage FABP4+;Macrophage RETN+/VCAN+	DC;Macrophage	0		Positive top-marker lists only; no complete non-target expression matrix, so cell specificity cannot be fully estimated.
Lung	BI_PF_ILD_atlas_v1	Sheet 1	3522	Macrophage	Macrophage RETN+/VCAN+	Inflammatory macrophage	Macrophage	S100A4	21	2.15345372382398	96.8552114783445	0.696331693642946	unknown; source workbook does not define whether this is log2FC	D. Shared/functional markers	False	shared_or_cross_lineage_risk	False	False		2	2	2	2	Macrophage;Monocyte	Macrophage RETN+/VCAN+;Monocytes CD14+/IL1B	Macrophage;Monocyte	0		Positive top-marker lists only; no complete non-target expression matrix, so cell specificity cannot be fully estimated.
Lung	BI_PF_ILD_atlas_v1	Sheet 1	3523	Macrophage	Macrophage RETN+/VCAN+	Inflammatory macrophage	Macrophage	ATP6V1F	22	2.35788462490191	89.5102466134074	0.694852651365581	unknown; source workbook does not define whether this is log2FC	B. Extended lineage markers	False	limited_extended_evidence	False	True		1	2	1	1	Macrophage	Macrophage CHI3L1+/CD9 hi/;Macrophage RETN+/VCAN+	Macrophage	0		Positive top-marker lists only; no complete non-target expression matrix, so cell specificity cannot be fully estimated.
Lung	BI_PF_ILD_atlas_v1	Sheet 1	3524	Macrophage	Macrophage RETN+/VCAN+	Inflammatory macrophage	Macrophage	MARCO	23	2.3363258385052	80.308333555989	0.693126280913155	unknown; source workbook does not define whether this is log2FC	A. Lineage-core	True	relatively_specific_core	True	True		2	3	2	1	Macrophage;Macrophage FABP4+	Macrophage FABP4+;Macrophage FABP4+/PDE4C+;Macrophage RETN+/VCAN+	Macrophage	0		Positive top-marker lists only; no complete non-target expression matrix, so cell specificity cannot be fully estimated.
Lung	BI_PF_ILD_atlas_v1	Sheet 1	3525	Macrophage	Macrophage RETN+/VCAN+	Inflammatory macrophage	Macrophage	CYBA	24	2.11243600790344	96.9220081759158	0.691274629437629	unknown; source workbook does not define whether this is log2FC	B. Extended lineage markers	False	limited_extended_evidence	False	False		1	1	1	1	Macrophage	Macrophage RETN+/VCAN+	Macrophage	0		Positive top-marker lists only; no complete non-target expression matrix, so cell specificity cannot be fully estimated.
Lung	BI_PF_ILD_atlas_v1	Sheet 1	3526	Macrophage	Macrophage RETN+/VCAN+	Inflammatory macrophage	Macrophage	AP2S1	25	2.40694198172217	86.2906457904721	0.690219225656761	unknown; source workbook does not define whether this is log2FC	B. Extended lineage markers	False	limited_extended_evidence	False	True		1	2	1	1	Macrophage	Macrophage CHI3L1+/CD9 hi/;Macrophage RETN+/VCAN+	Macrophage	0		Positive top-marker lists only; no complete non-target expression matrix, so cell specificity cannot be fully estimated.
Lung	BI_PF_ILD_atlas_v1	Sheet 1	3527	Macrophage	Macrophage RETN+/VCAN+	Inflammatory macrophage	Macrophage	CD44	26	2.04820014028803	93.3604082614156	0.690196782172158	unknown; source workbook does not define whether this is log2FC	B. Extended lineage markers	False	limited_extended_evidence	False	True		1	2	1	1	Macrophage	Macrophage IL1B+;Macrophage RETN+/VCAN+	Macrophage	0		Positive top-marker lists only; no complete non-target expression matrix, so cell specificity cannot be fully estimated.
Lung	BI_PF_ILD_atlas_v1	Sheet 1	3528	Macrophage	Macrophage RETN+/VCAN+	Inflammatory macrophage	Macrophage	SRGN	27	1.87201814669022	97.7823496406338	0.689590023863704	unknown; source workbook does not define whether this is log2FC	D. Shared/functional markers	False	shared_or_cross_lineage_risk	False	True		4	10	5	4	Basophil/Mast;Dendritic;Macrophage;Monocyte	Basophil/Mast;DC CXCL2+/CD14+/CD1C-;DC2 C1QC+;DC2 CLEC10A+;Macrophage IL1B+;Macrophage LYVE1+;Macrophage RETN+/VCAN+;Monocytes CD14+;Monocytes CD14+/IL1B;Monocytes CD16+	DC;Macrophage;Mast/Basophil;Monocyte	0		Positive top-marker lists only; no complete non-target expression matrix, so cell specificity cannot be fully estimated.
Lung	BI_PF_ILD_atlas_v1	Sheet 1	3529	Macrophage	Macrophage RETN+/VCAN+	Inflammatory macrophage	Macrophage	VCAN	28	2.1974739375887	66.7753226280493	0.687175539025546	unknown; source workbook does not define whether this is log2FC	D. Shared/functional markers	False	shared_or_cross_lineage_risk	False	False		2	3	2	2	Macrophage;Monocyte	Macrophage RETN+/VCAN+;Monocytes CD14+;Monocytes CD14+/IL1B	Macrophage;Monocyte	0		Positive top-marker lists only; no complete non-target expression matrix, so cell specificity cannot be fully estimated.
Lung	BI_PF_ILD_atlas_v1	Sheet 1	3530	Macrophage	Macrophage RETN+/VCAN+	Inflammatory macrophage	Macrophage	SH3BGRL3	29	2.51598236360488	92.6336601918401	0.686150357938259	unknown; source workbook does not define whether this is log2FC	B. Extended lineage markers	False	limited_extended_evidence	False	False		1	2	1	1	Macrophage	Macrophage CHI3L1+/CD9 hi/;Macrophage RETN+/VCAN+	Macrophage	0		Positive top-marker lists only; no complete non-target expression matrix, so cell specificity cannot be fully estimated.
Lung	BI_PF_ILD_atlas_v1	Sheet 1	3531	Macrophage	Macrophage RETN+/VCAN+	Inflammatory macrophage	Macrophage	MMP19	30	2.60326718007728	67.1440403986427	0.684846309851302	unknown; source workbook does not define whether this is log2FC	B. Extended lineage markers	False	limited_extended_evidence	False	False		1	2	1	1	Macrophage	Macrophage IL1B+;Macrophage RETN+/VCAN+	Macrophage	0		Positive top-marker lists only; no complete non-target expression matrix, so cell specificity cannot be fully estimated.
Lung	BI_PF_ILD_atlas_v1	Sheet 1	3532	Macrophage	Macrophage RETN+/VCAN+	Inflammatory macrophage	Macrophage	LIMS1	31	2.17766072573535	84.7249311994015	0.684113629293264	unknown; source workbook does not define whether this is log2FC	B. Extended lineage markers	False	limited_extended_evidence	False	True		1	1	1	1	Macrophage	Macrophage RETN+/VCAN+	Macrophage	0		Positive top-marker lists only; no complete non-target expression matrix, so cell specificity cannot be fully estimated.
Lung	BI_PF_ILD_atlas_v1	Sheet 1	3533	Macrophage	Macrophage RETN+/VCAN+	Inflammatory macrophage	Macrophage	HIF1A	32	1.96623579100646	79.5228043925508	0.683088286008103	unknown; source workbook does not define whether this is log2FC	D. Shared/functional markers	False	shared_or_cross_lineage_risk	False	True		3	6	4	3	Dendritic;Macrophage;Monocyte	DC CXCL2+/CD14+/CD1C-;Macrophage C1Q hi;Macrophage IL1B+;Macrophage LYVE1+;Macrophage RETN+/VCAN+;Monocytes CD14+	DC;Macrophage;Monocyte	0		Positive top-marker lists only; no complete non-target expression matrix, so cell specificity cannot be fully estimated.
Lung	BI_PF_ILD_atlas_v1	Sheet 1	3534	Macrophage	Macrophage RETN+/VCAN+	Inflammatory macrophage	Macrophage	C5AR1	33	2.19279958679245	77.011248563871	0.682704749051768	unknown; source workbook does not define whether this is log2FC	D. Shared/functional markers	False	shared_or_cross_lineage_risk	False	True		3	7	4	3	Dendritic;Macrophage;Monocyte	DC CXCL2+/CD14+/CD1C-;Macrophage IL1B+;Macrophage LYVE1+;Macrophage RETN+/VCAN+;Monocytes CD14+;Monocytes CD14+/IL1B;Monocytes CD16+	DC;Macrophage;Monocyte	0		Positive top-marker lists only; no complete non-target expression matrix, so cell specificity cannot be fully estimated.
Lung	BI_PF_ILD_atlas_v1	Sheet 1	3535	Macrophage	Macrophage RETN+/VCAN+	Inflammatory macrophage	Macrophage	JARID2	34	2.08986276265985	68.3463809549256	0.682544974729627	unknown; source workbook does not define whether this is log2FC	D. Shared/functional markers	False	shared_or_cross_lineage_risk	False	False		2	4	3	2	Macrophage;Monocyte	Macrophage IL1B+;Macrophage LYVE1+;Macrophage RETN+/VCAN+;Monocytes CD14+	Macrophage;Monocyte	0		Positive top-marker lists only; no complete non-target expression matrix, so cell specificity cannot be fully estimated.
Lung	BI_PF_ILD_atlas_v1	Sheet 1	3536	Macrophage	Macrophage RETN+/VCAN+	Inflammatory macrophage	Macrophage	FPR3	35	3.07029132418949	52.6705319688995	0.682309730485672	unknown; source workbook does not define whether this is log2FC	B. Extended lineage markers	False	limited_extended_evidence	False	True		1	2	2	1	Macrophage	Macrophage C1Q hi;Macrophage RETN+/VCAN+	Macrophage	0		Positive top-marker lists only; no complete non-target expression matrix, so cell specificity cannot be fully estimated.
Lung	BI_PF_ILD_atlas_v1	Sheet 1	3537	Macrophage	Macrophage RETN+/VCAN+	Inflammatory macrophage	Macrophage	ATP1B3	36	1.88133995740942	90.2637133620114	0.681250895084342	unknown; source workbook does not define whether this is log2FC	D. Shared/functional markers	False	shared_or_cross_lineage_risk	False	False		2	3	2	2	Dendritic;Macrophage	DC CXCL2+/CD14+/CD1C-;Macrophage IL1B+;Macrophage RETN+/VCAN+	DC;Macrophage	0		Positive top-marker lists only; no complete non-target expression matrix, so cell specificity cannot be fully estimated.
Lung	BI_PF_ILD_atlas_v1	Sheet 1	3538	Macrophage	Macrophage RETN+/VCAN+	Inflammatory macrophage	Macrophage	PSAP	37	2.00953062896405	98.4556603521522	0.681076761729869	unknown; source workbook does not define whether this is log2FC	B. Extended lineage markers	False	limited_extended_evidence	False	True		2	5	2	1	Macrophage;Macrophage FABP4+	Macrophage C1Q hi;Macrophage CHI3L1+/CD9 hi/;Macrophage FABP4+;Macrophage LYVE1+;Macrophage RETN+/VCAN+	Macrophage	0		Positive top-marker lists only; no complete non-target expression matrix, so cell specificity cannot be fully estimated.
Lung	BI_PF_ILD_atlas_v1	Sheet 1	3539	Macrophage	Macrophage RETN+/VCAN+	Inflammatory macrophage	Macrophage	AC007192.4	38	2.76608142682203	64.2985010821065	0.681072519681012	unknown; source workbook does not define whether this is log2FC	B. Extended lineage markers	False	limited_extended_evidence	False	False		2	2	2	1	Macrophage;Macrophage FABP4+	Macrophage FABP4+/PDE4C+;Macrophage RETN+/VCAN+	Macrophage	0		Positive top-marker lists only; no complete non-target expression matrix, so cell specificity cannot be fully estimated.
Lung	BI_PF_ILD_atlas_v1	Sheet 1	3540	Macrophage	Macrophage RETN+/VCAN+	Inflammatory macrophage	Macrophage	S100A11	39	2.15870438496532	98.4102385978037	0.679432891800962	unknown; source workbook does not define whether this is log2FC	B. Extended lineage markers	False	limited_extended_evidence	False	False		1	1	1	1	Macrophage	Macrophage RETN+/VCAN+	Macrophage	0		Positive top-marker lists only; no complete non-target expression matrix, so cell specificity cannot be fully estimated.
Lung	BI_PF_ILD_atlas_v1	Sheet 1	3541	Macrophage	Macrophage RETN+/VCAN+	Inflammatory macrophage	Macrophage	TGFBI	40	2.91837568083971	62.4201779464023	0.679243458644261	unknown; source workbook does not define whether this is log2FC	B. Extended lineage markers	False	limited_extended_evidence	False	False		1	2	2	1	Macrophage	Macrophage C1Q hi;Macrophage RETN+/VCAN+	Macrophage	0		Positive top-marker lists only; no complete non-target expression matrix, so cell specificity cannot be fully estimated.
Lung	BI_PF_ILD_atlas_v1	Sheet 1	3542	Macrophage	Macrophage RETN+/VCAN+	Inflammatory macrophage	Macrophage	C15orf48	41	2.60273909363007	56.0557886018115	0.678405945042067	unknown; source workbook does not define whether this is log2FC	D. Shared/functional markers	False	shared_or_cross_lineage_risk	False	True		2	3	2	2	Dendritic;Macrophage	DC2 CD1A+/CD1E+;Macrophage IL1B+;Macrophage RETN+/VCAN+	DC;Macrophage	0		Positive top-marker lists only; no complete non-target expression matrix, so cell specificity cannot be fully estimated.
Lung	BI_PF_ILD_atlas_v1	Sheet 1	3543	Macrophage	Macrophage RETN+/VCAN+	Inflammatory macrophage	Macrophage	S100A10	42	2.38592621010672	96.6655088572421	0.676230409755747	unknown; source workbook does not define whether this is log2FC	B. Extended lineage markers	False	limited_extended_evidence	False	False		1	1	1	1	Macrophage	Macrophage RETN+/VCAN+	Macrophage	0		Positive top-marker lists only; no complete non-target expression matrix, so cell specificity cannot be fully estimated.
Lung	BI_PF_ILD_atlas_v1	Sheet 1	3544	Macrophage	Macrophage RETN+/VCAN+	Inflammatory macrophage	Macrophage	GPR183	43	2.10165071899698	59.1391241617015	0.675883663845643	unknown; source workbook does not define whether this is log2FC	D. Shared/functional markers	False	shared_or_cross_lineage_risk	False	True		3	8	4	2	Dendritic;Macrophage;pDC	DC CXCL2+/CD14+/CD1C-;DC2 C1QC+;DC2 CD1A+/CD1E+;DC2 CLEC10A+;Macrophage C1Q hi;Macrophage IL1B+;Macrophage RETN+/VCAN+;pDC	DC;Macrophage	0		Positive top-marker lists only; no complete non-target expression matrix, so cell specificity cannot be fully estimated.
Lung	BI_PF_ILD_atlas_v1	Sheet 1	3545	Macrophage	Macrophage RETN+/VCAN+	Inflammatory macrophage	Macrophage	MPP1	44	2.55402211913279	61.656023726187	0.675465182382137	unknown; source workbook does not define whether this is log2FC	B. Extended lineage markers	False	limited_extended_evidence	False	True		1	1	1	1	Macrophage	Macrophage RETN+/VCAN+	Macrophage	0		Positive top-marker lists only; no complete non-target expression matrix, so cell specificity cannot be fully estimated.
Lung	BI_PF_ILD_atlas_v1	Sheet 1	3546	Macrophage	Macrophage RETN+/VCAN+	Inflammatory macrophage	Macrophage	ACSL3	45	2.22927660141059	71.2560451011302	0.675414725413049	unknown; source workbook does not define whether this is log2FC	B. Extended lineage markers	False	limited_extended_evidence	False	False		1	1	1	1	Macrophage	Macrophage RETN+/VCAN+	Macrophage	0		Positive top-marker lists only; no complete non-target expression matrix, so cell specificity cannot be fully estimated.
Lung	BI_PF_ILD_atlas_v1	Sheet 1	3547	Macrophage	Macrophage RETN+/VCAN+	Inflammatory macrophage	Macrophage	ZNF331	46	2.02667912883371	73.283992839394	0.675327288619212	unknown; source workbook does not define whether this is log2FC	D. Shared/functional markers	False	shared_or_cross_lineage_risk	False	False		2	2	2	2	Dendritic;Macrophage	DC CXCL2+/CD14+/CD1C-;Macrophage RETN+/VCAN+	DC;Macrophage	0		Positive top-marker lists only; no complete non-target expression matrix, so cell specificity cannot be fully estimated.
Lung	BI_PF_ILD_atlas_v1	Sheet 1	3548	Macrophage	Macrophage RETN+/VCAN+	Inflammatory macrophage	Macrophage	ATP13A3	47	2.19063566719682	70.5667031821947	0.674499947999297	unknown; source workbook does not define whether this is log2FC	D. Shared/functional markers	False	shared_or_cross_lineage_risk	False	False		2	3	2	2	Macrophage;Monocyte	Macrophage IL1B+;Macrophage RETN+/VCAN+;Monocytes CD14+	Macrophage;Monocyte	0		Positive top-marker lists only; no complete non-target expression matrix, so cell specificity cannot be fully estimated.
Lung	BI_PF_ILD_atlas_v1	Sheet 1	3549	Macrophage	Macrophage RETN+/VCAN+	Inflammatory macrophage	Macrophage	H2AFY	48	2.28426988596559	84.2359793731798	0.673910747035385	unknown; source workbook does not define whether this is log2FC	B. Extended lineage markers	False	limited_extended_evidence	False	True		1	2	1	1	Macrophage	Macrophage CHI3L1+/CD9 hi/;Macrophage RETN+/VCAN+	Macrophage	0		Positive top-marker lists only; no complete non-target expression matrix, so cell specificity cannot be fully estimated.
Lung	BI_PF_ILD_atlas_v1	Sheet 1	3550	Macrophage	Macrophage RETN+/VCAN+	Inflammatory macrophage	Macrophage	PFN1	49	2.04667915765074	97.3014134181206	0.673842320772333	unknown; source workbook does not define whether this is log2FC	B. Extended lineage markers	False	limited_extended_evidence	False	False		1	1	1	1	Macrophage	Macrophage RETN+/VCAN+	Macrophage	0		Positive top-marker lists only; no complete non-target expression matrix, so cell specificity cannot be fully estimated.
Lung	BI_PF_ILD_atlas_v1	Sheet 1	3551	Macrophage	Macrophage RETN+/VCAN+	Inflammatory macrophage	Macrophage	GSTO1	50	2.36137661347876	84.214604429957	0.671836084050786	unknown; source workbook does not define whether this is log2FC	B. Extended lineage markers	False	limited_extended_evidence	False	False		1	1	1	1	Macrophage	Macrophage RETN+/VCAN+	Macrophage	0		Positive top-marker lists only; no complete non-target expression matrix, so cell specificity cannot be fully estimated.
Lung	BI_PF_ILD_atlas_v1	Sheet 1	2052	Basophil/Mast	Basophil/Mast	Mast/Basophil	Mast/Basophil	TPSAB1	1	9.62719599099503	97.5483870967742	0.987484593538616	unknown; source workbook does not define whether this is log2FC	A. Lineage-core	True	relatively_specific_core	True	True		1	1	1	1	Basophil/Mast	Basophil/Mast	Mast/Basophil	0		Positive top-marker lists only; no complete non-target expression matrix, so cell specificity cannot be fully estimated.
Lung	BI_PF_ILD_atlas_v1	Sheet 1	2053	Basophil/Mast	Basophil/Mast	Mast/Basophil	Mast/Basophil	TPSB2	2	9.7228780959734	96.989247311828	0.984585216836351	unknown; source workbook does not define whether this is log2FC	A. Lineage-core	True	relatively_specific_core	True	True		1	1	1	1	Basophil/Mast	Basophil/Mast	Mast/Basophil	0		Positive top-marker lists only; no complete non-target expression matrix, so cell specificity cannot be fully estimated.
Lung	BI_PF_ILD_atlas_v1	Sheet 1	2054	Basophil/Mast	Basophil/Mast	Mast/Basophil	Mast/Basophil	CPA3	3	8.10222630037855	88.3870967741936	0.941454337811848	unknown; source workbook does not define whether this is log2FC	A. Lineage-core	True	relatively_specific_core	True	True		1	1	1	1	Basophil/Mast	Basophil/Mast	Mast/Basophil	0		Positive top-marker lists only; no complete non-target expression matrix, so cell specificity cannot be fully estimated.
Lung	BI_PF_ILD_atlas_v1	Sheet 1	2055	Basophil/Mast	Basophil/Mast	Mast/Basophil	Mast/Basophil	IL1RL1	4	4.92556670045155	83.8279569892473	0.91525742632019	unknown; source workbook does not define whether this is log2FC	A. Lineage-core	True	relatively_specific_core	True	True		1	1	1	1	Basophil/Mast	Basophil/Mast	Mast/Basophil	0		Positive top-marker lists only; no complete non-target expression matrix, so cell specificity cannot be fully estimated.
Lung	BI_PF_ILD_atlas_v1	Sheet 1	2056	Basophil/Mast	Basophil/Mast	Mast/Basophil	Mast/Basophil	KIT	5	6.33109479412269	82.5806451612903	0.911549375596015	unknown; source workbook does not define whether this is log2FC	D. Shared/functional markers	False	shared_or_cross_lineage_risk	True	True		1	1	1	1	Basophil/Mast	Basophil/Mast	Mast/Basophil	1	Ionocyte	Positive top-marker lists only; no complete non-target expression matrix, so cell specificity cannot be fully estimated.
Lung	BI_PF_ILD_atlas_v1	Sheet 1	2057	Basophil/Mast	Basophil/Mast	Mast/Basophil	Mast/Basophil	HPGDS	6	4.60129049048311	78.1935483870968	0.878821166865694	unknown; source workbook does not define whether this is log2FC	D. Shared/functional markers	False	shared_or_cross_lineage_risk	True	True		2	2	2	2	Basophil/Mast;Dendritic	Basophil/Mast;DC2 CD1A+/CD1E+	DC;Mast/Basophil	0		Positive top-marker lists only; no complete non-target expression matrix, so cell specificity cannot be fully estimated.
Lung	BI_PF_ILD_atlas_v1	Sheet 1	2058	Basophil/Mast	Basophil/Mast	Mast/Basophil	Mast/Basophil	CD69	7	2.80456836306392	81.8924731182796	0.861011335690724	unknown; source workbook does not define whether this is log2FC	D. Shared/functional markers	False	shared_or_cross_lineage_risk	False	True		4	9	7	4	B/Plasma;Basophil/Mast;NK;T cell	Activated NK XCL1+;B cell;Basophil/Mast;CD8+ Naive T;Cytotoxic T;NK;T CD4+ JUN+;helper T CD4+;helper T CD4+ CDR7+	B;Mast/Basophil;NK;T	0		Positive top-marker lists only; no complete non-target expression matrix, so cell specificity cannot be fully estimated.
Lung	BI_PF_ILD_atlas_v1	Sheet 1	2059	Basophil/Mast	Basophil/Mast	Mast/Basophil	Mast/Basophil	MS4A2	8	6.9515480962635	70.5376344086021	0.852289682884708	unknown; source workbook does not define whether this is log2FC	A. Lineage-core	True	relatively_specific_core	True	True		1	1	1	1	Basophil/Mast	Basophil/Mast	Mast/Basophil	0		Positive top-marker lists only; no complete non-target expression matrix, so cell specificity cannot be fully estimated.
Lung	BI_PF_ILD_atlas_v1	Sheet 1	2060	Basophil/Mast	Basophil/Mast	Mast/Basophil	Mast/Basophil	RGS1	9	1.70974607978103	86.3225806451613	0.83361083908844	unknown; source workbook does not define whether this is log2FC	D. Shared/functional markers	False	shared_or_cross_lineage_risk	False	True		5	11	6	5	B/Plasma;Basophil/Mast;Dendritic;Macrophage;T cell	Basophil/Mast;DC CXCL2+/CD14+/CD1C-;DC LAMP3+/CCR7+;DC2 C1QC+;DC2 CD1A+/CD1E+;DC2 CLEC10A+;Macrophage C1Q hi;Plasma B;T CD4+ JUN+;T regulatory;helper T CD4+	DC;Macrophage;Mast/Basophil;Plasma;T	0		Positive top-marker lists only; no complete non-target expression matrix, so cell specificity cannot be fully estimated.
Lung	BI_PF_ILD_atlas_v1	Sheet 1	2061	Basophil/Mast	Basophil/Mast	Mast/Basophil	Mast/Basophil	LTC4S	10	3.405514988192	67.6129032258064	0.817931989711541	unknown; source workbook does not define whether this is log2FC	B. Extended lineage markers	True	moderate_extended	False	True		1	1	1	1	Basophil/Mast	Basophil/Mast	Mast/Basophil	0		Positive top-marker lists only; no complete non-target expression matrix, so cell specificity cannot be fully estimated.
Lung	BI_PF_ILD_atlas_v1	Sheet 1	2062	Basophil/Mast	Basophil/Mast	Mast/Basophil	Mast/Basophil	GATA2	11	5.10991811290087	63.7849462365591	0.814838648606038	unknown; source workbook does not define whether this is log2FC	B. Extended lineage markers	True	moderate_extended	False	True		1	1	1	1	Basophil/Mast	Basophil/Mast	Mast/Basophil	0		Positive top-marker lists only; no complete non-target expression matrix, so cell specificity cannot be fully estimated.
Lung	BI_PF_ILD_atlas_v1	Sheet 1	2063	Basophil/Mast	Basophil/Mast	Mast/Basophil	Mast/Basophil	RGS13	12	4.94664840412988	61.6774193548387	0.803142864551015	unknown; source workbook does not define whether this is log2FC	D. Shared/functional markers	False	shared_or_cross_lineage_risk	False	True		2	2	2	2	B/Plasma;Basophil/Mast	B cell LRMP+;Basophil/Mast	B;Mast/Basophil	0		Positive top-marker lists only; no complete non-target expression matrix, so cell specificity cannot be fully estimated.
Lung	BI_PF_ILD_atlas_v1	Sheet 1	2064	Basophil/Mast	Basophil/Mast	Mast/Basophil	Mast/Basophil	RGS2	13	1.16811781777823	82.3655913978495	0.789440696494616	unknown; source workbook does not define whether this is log2FC	D. Shared/functional markers	False	shared_or_cross_lineage_risk	False	True		4	8	4	4	Basophil/Mast;Dendritic;Macrophage;Monocyte	Basophil/Mast;DC CXCL2+/CD14+/CD1C-;DC2 CLEC10A+;Macrophage C1Q hi;Macrophage LYVE1+;Monocytes CD14+;Monocytes CD14+/IL1B;Monocytes CD16+	DC;Macrophage;Mast/Basophil;Monocyte	0		Positive top-marker lists only; no complete non-target expression matrix, so cell specificity cannot be fully estimated.
Lung	BI_PF_ILD_atlas_v1	Sheet 1	2065	Basophil/Mast	Basophil/Mast	Mast/Basophil	Mast/Basophil	RHOH	14	1.30294254630871	72.0430107526882	0.784514362632945	unknown; source workbook does not define whether this is log2FC	D. Shared/functional markers	False	shared_or_cross_lineage_risk	False	True		3	8	5	3	B/Plasma;Basophil/Mast;T cell	B cell;B cell LRMP+;Basophil/Mast;CD8+ Naive T;T CD4+ JUN+;T regulatory;helper T CD4+;helper T CD4+ CDR7+	B;Mast/Basophil;T	0		Positive top-marker lists only; no complete non-target expression matrix, so cell specificity cannot be fully estimated.
Lung	BI_PF_ILD_atlas_v1	Sheet 1	2066	Basophil/Mast	Basophil/Mast	Mast/Basophil	Mast/Basophil	SLC24A3	15	4.83055623540921	56.4301075268817	0.774637180898013	unknown; source workbook does not define whether this is log2FC	B. Extended lineage markers	True	moderate_extended	False	True		1	1	1	1	Basophil/Mast	Basophil/Mast	Mast/Basophil	0		Positive top-marker lists only; no complete non-target expression matrix, so cell specificity cannot be fully estimated.
Lung	BI_PF_ILD_atlas_v1	Sheet 1	2067	Basophil/Mast	Basophil/Mast	Mast/Basophil	Mast/Basophil	VWA5A	16	2.87317822659945	58.8817204301075	0.763327578257535	unknown; source workbook does not define whether this is log2FC	B. Extended lineage markers	True	moderate_extended	False	True		1	1	1	1	Basophil/Mast	Basophil/Mast	Mast/Basophil	0		Positive top-marker lists only; no complete non-target expression matrix, so cell specificity cannot be fully estimated.
Lung	BI_PF_ILD_atlas_v1	Sheet 1	2068	Basophil/Mast	Basophil/Mast	Mast/Basophil	Mast/Basophil	C1orf186	17	4.42562590935862	52.8172043010753	0.758814556803108	unknown; source workbook does not define whether this is log2FC	D. Shared/functional markers	False	shared_or_cross_lineage_risk	False	True		2	2	2	2	Basophil/Mast;pDC	Basophil/Mast;pDC	DC;Mast/Basophil	0		Positive top-marker lists only; no complete non-target expression matrix, so cell specificity cannot be fully estimated.
Lung	BI_PF_ILD_atlas_v1	Sheet 1	2069	Basophil/Mast	Basophil/Mast	Mast/Basophil	Mast/Basophil	HDC	18	5.36120851087064	51.6129032258064	0.757379742547698	unknown; source workbook does not define whether this is log2FC	A. Lineage-core	True	relatively_specific_core	True	True		1	1	1	1	Basophil/Mast	Basophil/Mast	Mast/Basophil	0		Positive top-marker lists only; no complete non-target expression matrix, so cell specificity cannot be fully estimated.
Lung	BI_PF_ILD_atlas_v1	Sheet 1	2070	Basophil/Mast	Basophil/Mast	Mast/Basophil	Mast/Basophil	SLC18A2	19	4.45458770073174	50.8817204301075	0.747586432744039	unknown; source workbook does not define whether this is log2FC	B. Extended lineage markers	True	moderate_extended	False	True		1	1	1	1	Basophil/Mast	Basophil/Mast	Mast/Basophil	0		Positive top-marker lists only; no complete non-target expression matrix, so cell specificity cannot be fully estimated.
Lung	BI_PF_ILD_atlas_v1	Sheet 1	2071	Basophil/Mast	Basophil/Mast	Mast/Basophil	Mast/Basophil	SYTL3	20	0.506597400811903	75.3978494623656	0.742417145577711	unknown; source workbook does not define whether this is log2FC	D. Shared/functional markers	False	shared_or_cross_lineage_risk	False	True		3	9	7	3	Basophil/Mast;NK;T cell	Activated NK XCL1+;Basophil/Mast;CD8+ Naive T;Cytotoxic T;NK;T CD4+ JUN+;T regulatory;helper T CD4+;helper T CD4+ CDR7+	Mast/Basophil;NK;T	0		Positive top-marker lists only; no complete non-target expression matrix, so cell specificity cannot be fully estimated.
Lung	BI_PF_ILD_atlas_v1	Sheet 1	2072	Basophil/Mast	Basophil/Mast	Mast/Basophil	Mast/Basophil	CLU	21	-0.304354295712223	70.2795698924731	0.740696150646748	unknown; source workbook does not define whether this is log2FC	D. Shared/functional markers	False	shared_or_cross_lineage_risk	False	True		1	1	1	1	Basophil/Mast	Basophil/Mast	Mast/Basophil	8	Adventital fibroblast;Bronchial Vessel SELE+;Lipofibroblast;Lymphatic;Mesothelial;Mucous;Peribronchial;Vein	Positive top-marker lists only; no complete non-target expression matrix, so cell specificity cannot be fully estimated.
Lung	BI_PF_ILD_atlas_v1	Sheet 1	2073	Basophil/Mast	Basophil/Mast	Mast/Basophil	Mast/Basophil	MAOB	22	3.45995852085462	48.8172043010753	0.73340770471125	unknown; source workbook does not define whether this is log2FC	B. Extended lineage markers	True	moderate_extended	False	True		1	1	1	1	Basophil/Mast	Basophil/Mast	Mast/Basophil	0		Positive top-marker lists only; no complete non-target expression matrix, so cell specificity cannot be fully estimated.
Lung	BI_PF_ILD_atlas_v1	Sheet 1	2074	Basophil/Mast	Basophil/Mast	Mast/Basophil	Mast/Basophil	AREG	23	0.767959823559043	80.6021505376344	0.71889144931382	unknown; source workbook does not define whether this is log2FC	D. Shared/functional markers	False	shared_or_cross_lineage_risk	False	True		4	5	4	4	Basophil/Mast;Dendritic;Monocyte;NK	Activated NK XCL1+;Basophil/Mast;DC CXCL2+/CD14+/CD1C-;DC2 CLEC10A+;Monocytes CD14+	DC;Mast/Basophil;Monocyte;NK	0		Positive top-marker lists only; no complete non-target expression matrix, so cell specificity cannot be fully estimated.
Lung	BI_PF_ILD_atlas_v1	Sheet 1	2075	Basophil/Mast	Basophil/Mast	Mast/Basophil	Mast/Basophil	TNIK	24	1.6661135753038	60.6451612903226	0.717423861527492	unknown; source workbook does not define whether this is log2FC	B. Extended lineage markers	False	limited_extended_evidence	False	True		1	1	1	1	Basophil/Mast	Basophil/Mast	Mast/Basophil	0		Positive top-marker lists only; no complete non-target expression matrix, so cell specificity cannot be fully estimated.
Lung	BI_PF_ILD_atlas_v1	Sheet 1	2076	Basophil/Mast	Basophil/Mast	Mast/Basophil	Mast/Basophil	BATF	25	1.63743626379542	51.3978494623656	0.717028437732349	unknown; source workbook does not define whether this is log2FC	D. Shared/functional markers	False	shared_or_cross_lineage_risk	False	True		2	4	3	2	Basophil/Mast;T cell	Basophil/Mast;T CD4+ JUN+;T regulatory;helper T CD4+	Mast/Basophil;T	0		Positive top-marker lists only; no complete non-target expression matrix, so cell specificity cannot be fully estimated.
Lung	BI_PF_ILD_atlas_v1	Sheet 1	2077	Basophil/Mast	Basophil/Mast	Mast/Basophil	Mast/Basophil	FER	26	2.05733956128747	57.0322580645161	0.716551021045365	unknown; source workbook does not define whether this is log2FC	B. Extended lineage markers	False	limited_extended_evidence	False	True		1	1	1	1	Basophil/Mast	Basophil/Mast	Mast/Basophil	0		Positive top-marker lists only; no complete non-target expression matrix, so cell specificity cannot be fully estimated.
Lung	BI_PF_ILD_atlas_v1	Sheet 1	2078	Basophil/Mast	Basophil/Mast	Mast/Basophil	Mast/Basophil	BIRC3	27	1.48980638622774	58.8817204301075	0.715632918740432	unknown; source workbook does not define whether this is log2FC	D. Shared/functional markers	False	shared_or_cross_lineage_risk	False	True		2	2	2	2	Basophil/Mast;Dendritic	Basophil/Mast;DC LAMP3+/CCR7+	DC;Mast/Basophil	0		Positive top-marker lists only; no complete non-target expression matrix, so cell specificity cannot be fully estimated.
Lung	BI_PF_ILD_atlas_v1	Sheet 1	2079	Basophil/Mast	Basophil/Mast	Mast/Basophil	Mast/Basophil	CHN2	28	1.81907008336261	56.5161290322581	0.714553263295039	unknown; source workbook does not define whether this is log2FC	D. Shared/functional markers	False	shared_or_cross_lineage_risk	False	True		2	2	2	2	Basophil/Mast;Dendritic	Basophil/Mast;DC1 CLEC9A+	DC;Mast/Basophil	0		Positive top-marker lists only; no complete non-target expression matrix, so cell specificity cannot be fully estimated.
Lung	BI_PF_ILD_atlas_v1	Sheet 1	2080	Basophil/Mast	Basophil/Mast	Mast/Basophil	Mast/Basophil	ADAM12	29	3.00307510078267	45.0322580645161	0.708126300264417	unknown; source workbook does not define whether this is log2FC	B. Extended lineage markers	False	limited_extended_evidence	False	True		1	1	1	1	Basophil/Mast	Basophil/Mast	Mast/Basophil	0		Positive top-marker lists only; no complete non-target expression matrix, so cell specificity cannot be fully estimated.
Lung	BI_PF_ILD_atlas_v1	Sheet 1	2081	Basophil/Mast	Basophil/Mast	Mast/Basophil	Mast/Basophil	RP11-354E11.2	30	4.89456062713204	41.6774193548387	0.707605280767374	unknown; source workbook does not define whether this is log2FC	B. Extended lineage markers	False	limited_extended_evidence	False	True		1	1	1	1	Basophil/Mast	Basophil/Mast	Mast/Basophil	0		Positive top-marker lists only; no complete non-target expression matrix, so cell specificity cannot be fully estimated.
Lung	BI_PF_ILD_atlas_v1	Sheet 1	2082	Basophil/Mast	Basophil/Mast	Mast/Basophil	Mast/Basophil	IL18R1	31	2.53224493007796	45.8494623655914	0.705895679902369	unknown; source workbook does not define whether this is log2FC	B. Extended lineage markers	False	limited_extended_evidence	False	True		1	1	1	1	Basophil/Mast	Basophil/Mast	Mast/Basophil	0		Positive top-marker lists only; no complete non-target expression matrix, so cell specificity cannot be fully estimated.
Lung	BI_PF_ILD_atlas_v1	Sheet 1	2083	Basophil/Mast	Basophil/Mast	Mast/Basophil	Mast/Basophil	PTGS1	32	2.63203705550016	45.1612903225806	0.705435560884859	unknown; source workbook does not define whether this is log2FC	B. Extended lineage markers	False	limited_extended_evidence	False	True		1	1	1	1	Basophil/Mast	Basophil/Mast	Mast/Basophil	0		Positive top-marker lists only; no complete non-target expression matrix, so cell specificity cannot be fully estimated.
Lung	BI_PF_ILD_atlas_v1	Sheet 1	2084	Basophil/Mast	Basophil/Mast	Mast/Basophil	Mast/Basophil	HPGD	33	1.47337461653069	60.6021505376344	0.701396499377604	unknown; source workbook does not define whether this is log2FC	D. Shared/functional markers	False	shared_or_cross_lineage_risk	False	True		1	1	1	1	Basophil/Mast	Basophil/Mast	Mast/Basophil	1	Capillary Aerocyte	Positive top-marker lists only; no complete non-target expression matrix, so cell specificity cannot be fully estimated.
Lung	BI_PF_ILD_atlas_v1	Sheet 1	2085	Basophil/Mast	Basophil/Mast	Mast/Basophil	Mast/Basophil	SMYD3	34	0.847578139983486	63.3548387096774	0.700732729502938	unknown; source workbook does not define whether this is log2FC	B. Extended lineage markers	False	limited_extended_evidence	False	True		1	1	1	1	Basophil/Mast	Basophil/Mast	Mast/Basophil	0		Positive top-marker lists only; no complete non-target expression matrix, so cell specificity cannot be fully estimated.
Lung	BI_PF_ILD_atlas_v1	Sheet 1	2086	Basophil/Mast	Basophil/Mast	Mast/Basophil	Mast/Basophil	GALC	35	1.68528372052573	52.0860215053763	0.698722825844666	unknown; source workbook does not define whether this is log2FC	B. Extended lineage markers	False	limited_extended_evidence	False	True		1	1	1	1	Basophil/Mast	Basophil/Mast	Mast/Basophil	0		Positive top-marker lists only; no complete non-target expression matrix, so cell specificity cannot be fully estimated.
Lung	BI_PF_ILD_atlas_v1	Sheet 1	2087	Basophil/Mast	Basophil/Mast	Mast/Basophil	Mast/Basophil	SAMSN1	36	-0.198712639949716	86.494623655914	0.695161784033139	unknown; source workbook does not define whether this is log2FC	D. Shared/functional markers	False	shared_or_cross_lineage_risk	False	True		4	7	5	4	Basophil/Mast;Dendritic;Macrophage;Monocyte	Basophil/Mast;DC CXCL2+/CD14+/CD1C-;Macrophage IL1B+;Macrophage LYVE1+;Monocytes CD14+;Monocytes CD14+/IL1B;Monocytes CD16+	DC;Macrophage;Mast/Basophil;Monocyte	0		Positive top-marker lists only; no complete non-target expression matrix, so cell specificity cannot be fully estimated.
Lung	BI_PF_ILD_atlas_v1	Sheet 1	2088	Basophil/Mast	Basophil/Mast	Mast/Basophil	Mast/Basophil	SLC26A2	37	2.21781406356804	44.989247311828	0.692617280063406	unknown; source workbook does not define whether this is log2FC	B. Extended lineage markers	False	limited_extended_evidence	False	True		1	1	1	1	Basophil/Mast	Basophil/Mast	Mast/Basophil	0		Positive top-marker lists only; no complete non-target expression matrix, so cell specificity cannot be fully estimated.
Lung	BI_PF_ILD_atlas_v1	Sheet 1	2089	Basophil/Mast	Basophil/Mast	Mast/Basophil	Mast/Basophil	ACSL4	38	0.867761152406785	67.8709677419355	0.685022746888226	unknown; source workbook does not define whether this is log2FC	B. Extended lineage markers	False	limited_extended_evidence	False	True		1	1	1	1	Basophil/Mast	Basophil/Mast	Mast/Basophil	0		Positive top-marker lists only; no complete non-target expression matrix, so cell specificity cannot be fully estimated.
Lung	BI_PF_ILD_atlas_v1	Sheet 1	2090	Basophil/Mast	Basophil/Mast	Mast/Basophil	Mast/Basophil	RAC2	39	0.721913978670051	60.1720430107527	0.68265571984625	unknown; source workbook does not define whether this is log2FC	B. Extended lineage markers	False	limited_extended_evidence	False	True		1	1	1	1	Basophil/Mast	Basophil/Mast	Mast/Basophil	0		Positive top-marker lists only; no complete non-target expression matrix, so cell specificity cannot be fully estimated.
Lung	BI_PF_ILD_atlas_v1	Sheet 1	2091	Basophil/Mast	Basophil/Mast	Mast/Basophil	Mast/Basophil	SOCS1	40	1.67615330570765	48.6881720430108	0.681315468006371	unknown; source workbook does not define whether this is log2FC	B. Extended lineage markers	False	limited_extended_evidence	False	True		1	1	1	1	Basophil/Mast	Basophil/Mast	Mast/Basophil	0		Positive top-marker lists only; no complete non-target expression matrix, so cell specificity cannot be fully estimated.
Lung	BI_PF_ILD_atlas_v1	Sheet 1	2092	Basophil/Mast	Basophil/Mast	Mast/Basophil	Mast/Basophil	SRGN	41	-0.0756065374578885	97.505376344086	0.676023820007658	unknown; source workbook does not define whether this is log2FC	D. Shared/functional markers	False	shared_or_cross_lineage_risk	False	True		4	10	5	4	Basophil/Mast;Dendritic;Macrophage;Monocyte	Basophil/Mast;DC CXCL2+/CD14+/CD1C-;DC2 C1QC+;DC2 CLEC10A+;Macrophage IL1B+;Macrophage LYVE1+;Macrophage RETN+/VCAN+;Monocytes CD14+;Monocytes CD14+/IL1B;Monocytes CD16+	DC;Macrophage;Mast/Basophil;Monocyte	0		Positive top-marker lists only; no complete non-target expression matrix, so cell specificity cannot be fully estimated.
Lung	BI_PF_ILD_atlas_v1	Sheet 1	2093	Basophil/Mast	Basophil/Mast	Mast/Basophil	Mast/Basophil	PRKX	42	1.25970333345945	47.7849462365591	0.675126724330707	unknown; source workbook does not define whether this is log2FC	D. Shared/functional markers	False	shared_or_cross_lineage_risk	False	True		2	2	2	2	Basophil/Mast;NK	Activated NK XCL1+;Basophil/Mast	Mast/Basophil;NK	0		Positive top-marker lists only; no complete non-target expression matrix, so cell specificity cannot be fully estimated.
Lung	BI_PF_ILD_atlas_v1	Sheet 1	2094	Basophil/Mast	Basophil/Mast	Mast/Basophil	Mast/Basophil	PAK1	43	1.23354757958076	48.8172043010753	0.674633162709134	unknown; source workbook does not define whether this is log2FC	D. Shared/functional markers	False	shared_or_cross_lineage_risk	False	True		2	3	2	2	Basophil/Mast;Dendritic	Basophil/Mast;DC2 C1QC+;DC2 CD1A+/CD1E+	DC;Mast/Basophil	0		Positive top-marker lists only; no complete non-target expression matrix, so cell specificity cannot be fully estimated.
Lung	BI_PF_ILD_atlas_v1	Sheet 1	2095	Basophil/Mast	Basophil/Mast	Mast/Basophil	Mast/Basophil	NTM	44	2.02776655072759	38.0215053763441	0.674415749883609	unknown; source workbook does not define whether this is log2FC	B. Extended lineage markers	False	limited_extended_evidence	False	True		1	1	1	1	Basophil/Mast	Basophil/Mast	Mast/Basophil	0		Positive top-marker lists only; no complete non-target expression matrix, so cell specificity cannot be fully estimated.
Lung	BI_PF_ILD_atlas_v1	Sheet 1	2096	Basophil/Mast	Basophil/Mast	Mast/Basophil	Mast/Basophil	STXBP6	45	1.82747564238515	38.8387096774194	0.671806280108919	unknown; source workbook does not define whether this is log2FC	D. Shared/functional markers	False	shared_or_cross_lineage_risk	False	True		1	1	1	1	Basophil/Mast	Basophil/Mast	Mast/Basophil	2	Capillary;Capillary Aerocyte	Positive top-marker lists only; no complete non-target expression matrix, so cell specificity cannot be fully estimated.
Lung	BI_PF_ILD_atlas_v1	Sheet 1	2097	Basophil/Mast	Basophil/Mast	Mast/Basophil	Mast/Basophil	GPR65	46	1.47646856806253	47.9569892473118	0.670006315641774	unknown; source workbook does not define whether this is log2FC	B. Extended lineage markers	False	limited_extended_evidence	False	True		1	1	1	1	Basophil/Mast	Basophil/Mast	Mast/Basophil	0		Positive top-marker lists only; no complete non-target expression matrix, so cell specificity cannot be fully estimated.
Lung	BI_PF_ILD_atlas_v1	Sheet 1	2098	Basophil/Mast	Basophil/Mast	Mast/Basophil	Mast/Basophil	TNFAIP3	47	0.223932051250514	72.6021505376344	0.668128574103003	unknown; source workbook does not define whether this is log2FC	D. Shared/functional markers	False	shared_or_cross_lineage_risk	False	True		2	2	2	2	Basophil/Mast;Macrophage	Basophil/Mast;Macrophage IL1B+	Macrophage;Mast/Basophil	0		Positive top-marker lists only; no complete non-target expression matrix, so cell specificity cannot be fully estimated.
Lung	BI_PF_ILD_atlas_v1	Sheet 1	2099	Basophil/Mast	Basophil/Mast	Mast/Basophil	Mast/Basophil	BACE2	48	0.902645447161382	43.3978494623656	0.667526422193021	unknown; source workbook does not define whether this is log2FC	D. Shared/functional markers	False	shared_or_cross_lineage_risk	False	True		1	1	1	1	Basophil/Mast	Basophil/Mast	Mast/Basophil	1	Bronchial Vessel	Positive top-marker lists only; no complete non-target expression matrix, so cell specificity cannot be fully estimated.
Lung	BI_PF_ILD_atlas_v1	Sheet 1	2100	Basophil/Mast	Basophil/Mast	Mast/Basophil	Mast/Basophil	PRKCA	49	1.42229374064311	46.2365591397849	0.664436095505543	unknown; source workbook does not define whether this is log2FC	B. Extended lineage markers	False	limited_extended_evidence	False	True		1	1	1	1	Basophil/Mast	Basophil/Mast	Mast/Basophil	0		Positive top-marker lists only; no complete non-target expression matrix, so cell specificity cannot be fully estimated.
Lung	BI_PF_ILD_atlas_v1	Sheet 1	2101	Basophil/Mast	Basophil/Mast	Mast/Basophil	Mast/Basophil	PHF20	50	0.440108498161619	71.3978494623656	0.663846314415442	unknown; source workbook does not define whether this is log2FC	B. Extended lineage markers	False	limited_extended_evidence	False	True		1	1	1	1	Basophil/Mast	Basophil/Mast	Mast/Basophil	0		Positive top-marker lists only; no complete non-target expression matrix, so cell specificity cannot be fully estimated.
Lung	BI_PF_ILD_atlas_v1	Sheet 1	3602	Monocyte	Monocytes CD14+	Monocyte	Monocyte	S100A8	1	3.78871518585426	95.9776536312849	0.913614325763861	unknown; source workbook does not define whether this is log2FC	D. Shared/functional markers	False	shared_or_cross_lineage_risk	False	True	inflammation	2	4	3	2	Macrophage;Monocyte	Macrophage LYVE1+;Macrophage RETN+/VCAN+;Monocytes CD14+;Monocytes CD14+/IL1B	Macrophage;Monocyte	0		Positive top-marker lists only; no complete non-target expression matrix, so cell specificity cannot be fully estimated.
Lung	BI_PF_ILD_atlas_v1	Sheet 1	3603	Monocyte	Monocytes CD14+	Monocyte	Monocyte	S100A9	2	3.38258866915638	97.0949720670391	0.88945558349626	unknown; source workbook does not define whether this is log2FC	D. Shared/functional markers	False	shared_or_cross_lineage_risk	False	True	inflammation	2	4	3	2	Macrophage;Monocyte	Macrophage LYVE1+;Macrophage RETN+/VCAN+;Monocytes CD14+;Monocytes CD14+/IL1B	Macrophage;Monocyte	0		Positive top-marker lists only; no complete non-target expression matrix, so cell specificity cannot be fully estimated.
Lung	BI_PF_ILD_atlas_v1	Sheet 1	3604	Monocyte	Monocytes CD14+	Monocyte	Monocyte	VCAN	3	3.1505409167169	93.6711891460495	0.884369901609592	unknown; source workbook does not define whether this is log2FC	D. Shared/functional markers	False	shared_or_cross_lineage_risk	True	True		2	3	2	2	Macrophage;Monocyte	Macrophage RETN+/VCAN+;Monocytes CD14+;Monocytes CD14+/IL1B	Macrophage;Monocyte	0		Positive top-marker lists only; no complete non-target expression matrix, so cell specificity cannot be fully estimated.
Lung	BI_PF_ILD_atlas_v1	Sheet 1	3605	Monocyte	Monocytes CD14+	Monocyte	Monocyte	S100A12	4	4.74688970378689	72.7613727055068	0.849321088059781	unknown; source workbook does not define whether this is log2FC	D. Shared/functional markers	False	shared_or_cross_lineage_risk	True	True	inflammation	1	2	1	1	Monocyte	Monocytes CD14+;Monocytes CD14+/IL1B	Monocyte	0		Positive top-marker lists only; no complete non-target expression matrix, so cell specificity cannot be fully estimated.
Lung	BI_PF_ILD_atlas_v1	Sheet 1	3606	Monocyte	Monocytes CD14+	Monocyte	Monocyte	NAMPT	5	2.14214439751603	98.1644054269753	0.848552607991477	unknown; source workbook does not define whether this is log2FC	D. Shared/functional markers	False	shared_or_cross_lineage_risk	False	True		3	6	4	3	Dendritic;Macrophage;Monocyte	DC CXCL2+/CD14+/CD1C-;Macrophage IL1B+;Macrophage LYVE1+;Monocytes CD14+;Monocytes CD14+/IL1B;Monocytes CD16+	DC;Macrophage;Monocyte	0		Positive top-marker lists only; no complete non-target expression matrix, so cell specificity cannot be fully estimated.
Lung	BI_PF_ILD_atlas_v1	Sheet 1	3607	Monocyte	Monocytes CD14+	Monocyte	Monocyte	FCN1	6	2.83685584805826	80.4229848363927	0.845106026658377	unknown; source workbook does not define whether this is log2FC	A. Lineage-core	True	relatively_specific_core	True	True		1	3	1	1	Monocyte	Monocytes CD14+;Monocytes CD14+/IL1B;Monocytes CD16+	Monocyte	0		Positive top-marker lists only; no complete non-target expression matrix, so cell specificity cannot be fully estimated.
Lung	BI_PF_ILD_atlas_v1	Sheet 1	3608	Monocyte	Monocytes CD14+	Monocyte	Monocyte	THBS1	7	2.75574755701993	90.7980845969673	0.841969888366484	unknown; source workbook does not define whether this is log2FC	D. Shared/functional markers	False	shared_or_cross_lineage_risk	False	True		2	4	3	2	Macrophage;Monocyte	Macrophage IL1B+;Macrophage LYVE1+;Monocytes CD14+;Monocytes CD14+/IL1B	Macrophage;Monocyte	0		Positive top-marker lists only; no complete non-target expression matrix, so cell specificity cannot be fully estimated.
Lung	BI_PF_ILD_atlas_v1	Sheet 1	3609	Monocyte	Monocytes CD14+	Monocyte	Monocyte	SAMSN1	8	2.13231383744067	93.6632083000798	0.815821810709745	unknown; source workbook does not define whether this is log2FC	D. Shared/functional markers	False	shared_or_cross_lineage_risk	False	True		4	7	5	4	Basophil/Mast;Dendritic;Macrophage;Monocyte	Basophil/Mast;DC CXCL2+/CD14+/CD1C-;Macrophage IL1B+;Macrophage LYVE1+;Monocytes CD14+;Monocytes CD14+/IL1B;Monocytes CD16+	DC;Macrophage;Mast/Basophil;Monocyte	0		Positive top-marker lists only; no complete non-target expression matrix, so cell specificity cannot be fully estimated.
Lung	BI_PF_ILD_atlas_v1	Sheet 1	3610	Monocyte	Monocytes CD14+	Monocyte	Monocyte	PLAUR	9	1.83535295727833	91.0454908220271	0.77262239181258	unknown; source workbook does not define whether this is log2FC	D. Shared/functional markers	False	shared_or_cross_lineage_risk	False	True		3	4	3	3	Dendritic;Macrophage;Monocyte	DC CXCL2+/CD14+/CD1C-;Macrophage IL1B+;Macrophage RETN+/VCAN+;Monocytes CD14+	DC;Macrophage;Monocyte	0		Positive top-marker lists only; no complete non-target expression matrix, so cell specificity cannot be fully estimated.
Lung	BI_PF_ILD_atlas_v1	Sheet 1	3611	Monocyte	Monocytes CD14+	Monocyte	Monocyte	SRGN	10	1.41922460517474	99.3615323224262	0.771352157205407	unknown; source workbook does not define whether this is log2FC	D. Shared/functional markers	False	shared_or_cross_lineage_risk	False	True		4	10	5	4	Basophil/Mast;Dendritic;Macrophage;Monocyte	Basophil/Mast;DC CXCL2+/CD14+/CD1C-;DC2 C1QC+;DC2 CLEC10A+;Macrophage IL1B+;Macrophage LYVE1+;Macrophage RETN+/VCAN+;Monocytes CD14+;Monocytes CD14+/IL1B;Monocytes CD16+	DC;Macrophage;Mast/Basophil;Monocyte	0		Positive top-marker lists only; no complete non-target expression matrix, so cell specificity cannot be fully estimated.
Lung	BI_PF_ILD_atlas_v1	Sheet 1	3612	Monocyte	Monocytes CD14+	Monocyte	Monocyte	IL1R2	11	3.31842435814651	62.8411811652035	0.770401253429504	unknown; source workbook does not define whether this is log2FC	D. Shared/functional markers	False	shared_or_cross_lineage_risk	False	True		2	3	2	2	Dendritic;Monocyte	DC2 CLEC10A+;Monocytes CD14+;Monocytes CD14+/IL1B	DC;Monocyte	0		Positive top-marker lists only; no complete non-target expression matrix, so cell specificity cannot be fully estimated.
Lung	BI_PF_ILD_atlas_v1	Sheet 1	3613	Monocyte	Monocytes CD14+	Monocyte	Monocyte	JARID2	12	2.36987639604336	81.8914604948124	0.768149859111887	unknown; source workbook does not define whether this is log2FC	D. Shared/functional markers	False	shared_or_cross_lineage_risk	False	True		2	4	3	2	Macrophage;Monocyte	Macrophage IL1B+;Macrophage LYVE1+;Macrophage RETN+/VCAN+;Monocytes CD14+	Macrophage;Monocyte	0		Positive top-marker lists only; no complete non-target expression matrix, so cell specificity cannot be fully estimated.
Lung	BI_PF_ILD_atlas_v1	Sheet 1	3614	Monocyte	Monocytes CD14+	Monocyte	Monocyte	NLRP3	13	2.7443580814181	67.9968076616121	0.762727944591638	unknown; source workbook does not define whether this is log2FC	D. Shared/functional markers	False	shared_or_cross_lineage_risk	False	True		3	4	3	3	Dendritic;Macrophage;Monocyte	DC CXCL2+/CD14+/CD1C-;Macrophage IL1B+;Monocytes CD14+;Monocytes CD14+/IL1B	DC;Macrophage;Monocyte	0		Positive top-marker lists only; no complete non-target expression matrix, so cell specificity cannot be fully estimated.
Lung	BI_PF_ILD_atlas_v1	Sheet 1	3615	Monocyte	Monocytes CD14+	Monocyte	Monocyte	EREG	14	2.65020463199784	70.3112529928172	0.760145358941348	unknown; source workbook does not define whether this is log2FC	D. Shared/functional markers	False	shared_or_cross_lineage_risk	False	True		2	2	2	2	Macrophage;Monocyte	Macrophage IL1B+;Monocytes CD14+	Macrophage;Monocyte	0		Positive top-marker lists only; no complete non-target expression matrix, so cell specificity cannot be fully estimated.
Lung	BI_PF_ILD_atlas_v1	Sheet 1	3616	Monocyte	Monocytes CD14+	Monocyte	Monocyte	SIPA1L1	15	2.14723538667992	81.6360734237829	0.758014678051807	unknown; source workbook does not define whether this is log2FC	D. Shared/functional markers	False	shared_or_cross_lineage_risk	False	True		3	5	3	3	Dendritic;Macrophage;Monocyte	DC CXCL2+/CD14+/CD1C-;DC2 CLEC10A+;Macrophage LYVE1+;Monocytes CD14+;Monocytes CD16+	DC;Macrophage;Monocyte	0		Positive top-marker lists only; no complete non-target expression matrix, so cell specificity cannot be fully estimated.
Lung	BI_PF_ILD_atlas_v1	Sheet 1	3617	Monocyte	Monocytes CD14+	Monocyte	Monocyte	CD300E	16	3.06633641511053	57.8451715881884	0.747322372586216	unknown; source workbook does not define whether this is log2FC	A. Lineage-core	True	relatively_specific_core	True	True		1	3	1	1	Monocyte	Monocytes CD14+;Monocytes CD14+/IL1B;Monocytes CD16+	Monocyte	0		Positive top-marker lists only; no complete non-target expression matrix, so cell specificity cannot be fully estimated.
Lung	BI_PF_ILD_atlas_v1	Sheet 1	3618	Monocyte	Monocytes CD14+	Monocyte	Monocyte	AREG	17	1.45640267348482	84.2537909018356	0.745498450257599	unknown; source workbook does not define whether this is log2FC	D. Shared/functional markers	False	shared_or_cross_lineage_risk	False	False		4	5	4	4	Basophil/Mast;Dendritic;Monocyte;NK	Activated NK XCL1+;Basophil/Mast;DC CXCL2+/CD14+/CD1C-;DC2 CLEC10A+;Monocytes CD14+	DC;Mast/Basophil;Monocyte;NK	0		Positive top-marker lists only; no complete non-target expression matrix, so cell specificity cannot be fully estimated.
Lung	BI_PF_ILD_atlas_v1	Sheet 1	3619	Monocyte	Monocytes CD14+	Monocyte	Monocyte	SLC2A3	18	1.66911283182691	83.7270550678372	0.74094584682756	unknown; source workbook does not define whether this is log2FC	B. Extended lineage markers	True	moderate_extended	False	False		1	2	1	1	Monocyte	Monocytes CD14+;Monocytes CD14+/IL1B	Monocyte	0		Positive top-marker lists only; no complete non-target expression matrix, so cell specificity cannot be fully estimated.
Lung	BI_PF_ILD_atlas_v1	Sheet 1	3620	Monocyte	Monocytes CD14+	Monocyte	Monocyte	SLC25A37	19	2.35970507577166	68.2043096568236	0.740264792574472	unknown; source workbook does not define whether this is log2FC	B. Extended lineage markers	True	moderate_extended	False	True		1	2	1	1	Monocyte	Monocytes CD14+;Monocytes CD14+/IL1B	Monocyte	0		Positive top-marker lists only; no complete non-target expression matrix, so cell specificity cannot be fully estimated.
Lung	BI_PF_ILD_atlas_v1	Sheet 1	3621	Monocyte	Monocytes CD14+	Monocyte	Monocyte	TNFRSF1B	20	2.18014306155709	68.5075818036712	0.738422738965523	unknown; source workbook does not define whether this is log2FC	B. Extended lineage markers	True	moderate_extended	False	True		1	3	1	1	Monocyte	Monocytes CD14+;Monocytes CD14+/IL1B;Monocytes CD16+	Monocyte	0		Positive top-marker lists only; no complete non-target expression matrix, so cell specificity cannot be fully estimated.
Lung	BI_PF_ILD_atlas_v1	Sheet 1	3622	Monocyte	Monocytes CD14+	Monocyte	Monocyte	C5AR1	21	1.59464084958002	83.2561851556265	0.72398607639334	unknown; source workbook does not define whether this is log2FC	D. Shared/functional markers	False	shared_or_cross_lineage_risk	False	True		3	7	4	3	Dendritic;Macrophage;Monocyte	DC CXCL2+/CD14+/CD1C-;Macrophage IL1B+;Macrophage LYVE1+;Macrophage RETN+/VCAN+;Monocytes CD14+;Monocytes CD14+/IL1B;Monocytes CD16+	DC;Macrophage;Monocyte	0		Positive top-marker lists only; no complete non-target expression matrix, so cell specificity cannot be fully estimated.
Lung	BI_PF_ILD_atlas_v1	Sheet 1	3623	Monocyte	Monocytes CD14+	Monocyte	Monocyte	SERPINB9	22	1.91202436529156	62.7693535514765	0.721763915685596	unknown; source workbook does not define whether this is log2FC	D. Shared/functional markers	False	shared_or_cross_lineage_risk	False	True		2	4	2	2	Dendritic;Monocyte	DC1 CLEC9A+;DC2 CLEC10A+;Monocytes CD14+;Monocytes CD16+	DC;Monocyte	0		Positive top-marker lists only; no complete non-target expression matrix, so cell specificity cannot be fully estimated.
Lung	BI_PF_ILD_atlas_v1	Sheet 1	3624	Monocyte	Monocytes CD14+	Monocyte	Monocyte	GK	23	1.7450849693263	80.8699122106943	0.718963764200687	unknown; source workbook does not define whether this is log2FC	D. Shared/functional markers	False	shared_or_cross_lineage_risk	False	False		3	4	3	3	Dendritic;Macrophage;Monocyte	DC CXCL2+/CD14+/CD1C-;Macrophage IL1B+;Macrophage RETN+/VCAN+;Monocytes CD14+	DC;Macrophage;Monocyte	0		Positive top-marker lists only; no complete non-target expression matrix, so cell specificity cannot be fully estimated.
Lung	BI_PF_ILD_atlas_v1	Sheet 1	3625	Monocyte	Monocytes CD14+	Monocyte	Monocyte	PFKFB3	24	1.68911383795595	69.2098962490024	0.715201239377684	unknown; source workbook does not define whether this is log2FC	D. Shared/functional markers	False	shared_or_cross_lineage_risk	False	True		2	3	2	2	Dendritic;Monocyte	DC1 CLEC9A+;Monocytes CD14+;Monocytes CD16+	DC;Monocyte	0		Positive top-marker lists only; no complete non-target expression matrix, so cell specificity cannot be fully estimated.
Lung	BI_PF_ILD_atlas_v1	Sheet 1	3626	Monocyte	Monocytes CD14+	Monocyte	Monocyte	MAP3K8	25	1.53728784567423	84.1979249800479	0.714564430270438	unknown; source workbook does not define whether this is log2FC	D. Shared/functional markers	False	shared_or_cross_lineage_risk	False	False		2	3	3	2	Macrophage;Monocyte	Macrophage IL1B+;Macrophage LYVE1+;Monocytes CD14+	Macrophage;Monocyte	0		Positive top-marker lists only; no complete non-target expression matrix, so cell specificity cannot be fully estimated.
Lung	BI_PF_ILD_atlas_v1	Sheet 1	3627	Monocyte	Monocytes CD14+	Monocyte	Monocyte	PTPRE	26	1.68177223356717	72.9289704708699	0.713909551276759	unknown; source workbook does not define whether this is log2FC	B. Extended lineage markers	False	limited_extended_evidence	False	True		1	2	1	1	Monocyte	Monocytes CD14+;Monocytes CD14+/IL1B	Monocyte	0		Positive top-marker lists only; no complete non-target expression matrix, so cell specificity cannot be fully estimated.
Lung	BI_PF_ILD_atlas_v1	Sheet 1	3628	Monocyte	Monocytes CD14+	Monocyte	Monocyte	MAP2K1	27	1.8094636197181	80.2793296089385	0.711653796722263	unknown; source workbook does not define whether this is log2FC	B. Extended lineage markers	False	limited_extended_evidence	False	True		1	1	1	1	Monocyte	Monocytes CD14+	Monocyte	0		Positive top-marker lists only; no complete non-target expression matrix, so cell specificity cannot be fully estimated.
Lung	BI_PF_ILD_atlas_v1	Sheet 1	3629	Monocyte	Monocytes CD14+	Monocyte	Monocyte	ATP2B1	28	1.85706734803624	80.0399042298484	0.710622729105602	unknown; source workbook does not define whether this is log2FC	D. Shared/functional markers	False	shared_or_cross_lineage_risk	False	False		2	2	2	2	Macrophage;Monocyte	Macrophage IL1B+;Monocytes CD14+	Macrophage;Monocyte	0		Positive top-marker lists only; no complete non-target expression matrix, so cell specificity cannot be fully estimated.
Lung	BI_PF_ILD_atlas_v1	Sheet 1	3630	Monocyte	Monocytes CD14+	Monocyte	Monocyte	G0S2	29	2.57133298174009	54.2777334397446	0.709233152910649	unknown; source workbook does not define whether this is log2FC	D. Shared/functional markers	False	shared_or_cross_lineage_risk	False	False		2	2	2	2	Macrophage;Monocyte	Macrophage IL1B+;Monocytes CD14+	Macrophage;Monocyte	0		Positive top-marker lists only; no complete non-target expression matrix, so cell specificity cannot be fully estimated.
Lung	BI_PF_ILD_atlas_v1	Sheet 1	3631	Monocyte	Monocytes CD14+	Monocyte	Monocyte	MXD1	30	1.86991435874945	67.7094972067039	0.709158462408073	unknown; source workbook does not define whether this is log2FC	D. Shared/functional markers	False	shared_or_cross_lineage_risk	False	False		2	2	2	2	Dendritic;Monocyte	DC CXCL2+/CD14+/CD1C-;Monocytes CD14+	DC;Monocyte	0		Positive top-marker lists only; no complete non-target expression matrix, so cell specificity cannot be fully estimated.
Lung	BI_PF_ILD_atlas_v1	Sheet 1	3632	Monocyte	Monocytes CD14+	Monocyte	Monocyte	ITGAX	31	1.8364998432248	71.6280925778132	0.703295401256192	unknown; source workbook does not define whether this is log2FC	D. Shared/functional markers	False	shared_or_cross_lineage_risk	False	False		2	2	2	2	Macrophage;Monocyte	Macrophage RETN+/VCAN+;Monocytes CD14+	Macrophage;Monocyte	0		Positive top-marker lists only; no complete non-target expression matrix, so cell specificity cannot be fully estimated.
Lung	BI_PF_ILD_atlas_v1	Sheet 1	3633	Monocyte	Monocytes CD14+	Monocyte	Monocyte	ZEB2	32	1.47141938742631	91.292897047087	0.701069198499145	unknown; source workbook does not define whether this is log2FC	D. Shared/functional markers	False	shared_or_cross_lineage_risk	False	True		2	4	2	2	Macrophage;Monocyte	Macrophage IL1B+;Macrophage RETN+/VCAN+;Monocytes CD14+;Monocytes CD16+	Macrophage;Monocyte	0		Positive top-marker lists only; no complete non-target expression matrix, so cell specificity cannot be fully estimated.
Lung	BI_PF_ILD_atlas_v1	Sheet 1	3634	Monocyte	Monocytes CD14+	Monocyte	Monocyte	ATP13A3	33	1.72548066824901	75.0438946528332	0.699735935931326	unknown; source workbook does not define whether this is log2FC	D. Shared/functional markers	False	shared_or_cross_lineage_risk	False	False		2	3	2	2	Macrophage;Monocyte	Macrophage IL1B+;Macrophage RETN+/VCAN+;Monocytes CD14+	Macrophage;Monocyte	0		Positive top-marker lists only; no complete non-target expression matrix, so cell specificity cannot be fully estimated.
Lung	BI_PF_ILD_atlas_v1	Sheet 1	3635	Monocyte	Monocytes CD14+	Monocyte	Monocyte	KYNU	34	1.68100124798966	76.4485235434956	0.695817098374359	unknown; source workbook does not define whether this is log2FC	D. Shared/functional markers	False	shared_or_cross_lineage_risk	False	True		2	2	2	2	Macrophage;Monocyte	Macrophage IL1B+;Monocytes CD14+	Macrophage;Monocyte	0		Positive top-marker lists only; no complete non-target expression matrix, so cell specificity cannot be fully estimated.
Lung	BI_PF_ILD_atlas_v1	Sheet 1	3636	Monocyte	Monocytes CD14+	Monocyte	Monocyte	PDE4B	35	1.72352661297404	67.0231444533121	0.694204868468648	unknown; source workbook does not define whether this is log2FC	D. Shared/functional markers	False	shared_or_cross_lineage_risk	False	False		3	3	3	3	Macrophage;Monocyte;pDC	Macrophage IL1B+;Monocytes CD14+;pDC	DC;Macrophage;Monocyte	0		Positive top-marker lists only; no complete non-target expression matrix, so cell specificity cannot be fully estimated.
Lung	BI_PF_ILD_atlas_v1	Sheet 1	3637	Monocyte	Monocytes CD14+	Monocyte	Monocyte	FPR1	36	1.64990314073752	66.5043894652833	0.692964183760024	unknown; source workbook does not define whether this is log2FC	B. Extended lineage markers	False	limited_extended_evidence	False	True		1	3	1	1	Monocyte	Monocytes CD14+;Monocytes CD14+/IL1B;Monocytes CD16+	Monocyte	0		Positive top-marker lists only; no complete non-target expression matrix, so cell specificity cannot be fully estimated.
Lung	BI_PF_ILD_atlas_v1	Sheet 1	3638	Monocyte	Monocytes CD14+	Monocyte	Monocyte	TET2	37	1.82626246354872	65.7541899441341	0.692191746948761	unknown; source workbook does not define whether this is log2FC	D. Shared/functional markers	False	shared_or_cross_lineage_risk	False	True		2	2	2	2	Dendritic;Monocyte	DC CXCL2+/CD14+/CD1C-;Monocytes CD14+	DC;Monocyte	0		Positive top-marker lists only; no complete non-target expression matrix, so cell specificity cannot be fully estimated.
Lung	BI_PF_ILD_atlas_v1	Sheet 1	3639	Monocyte	Monocytes CD14+	Monocyte	Monocyte	ELL2	38	1.39213316505478	83.3599361532322	0.690595674394703	unknown; source workbook does not define whether this is log2FC	D. Shared/functional markers	False	shared_or_cross_lineage_risk	False	False		2	4	3	2	Macrophage;Monocyte	Macrophage C1Q hi;Macrophage IL1B+;Macrophage LYVE1+;Monocytes CD14+	Macrophage;Monocyte	0		Positive top-marker lists only; no complete non-target expression matrix, so cell specificity cannot be fully estimated.
Lung	BI_PF_ILD_atlas_v1	Sheet 1	3640	Monocyte	Monocytes CD14+	Monocyte	Monocyte	HIF1A	39	1.28032956296352	83.487629688747	0.689081903709897	unknown; source workbook does not define whether this is log2FC	D. Shared/functional markers	False	shared_or_cross_lineage_risk	False	False		3	6	4	3	Dendritic;Macrophage;Monocyte	DC CXCL2+/CD14+/CD1C-;Macrophage C1Q hi;Macrophage IL1B+;Macrophage LYVE1+;Macrophage RETN+/VCAN+;Monocytes CD14+	DC;Macrophage;Monocyte	0		Positive top-marker lists only; no complete non-target expression matrix, so cell specificity cannot be fully estimated.
Lung	BI_PF_ILD_atlas_v1	Sheet 1	3641	Monocyte	Monocytes CD14+	Monocyte	Monocyte	RGS2	40	1.3100031939188	68.1484437350359	0.689018378962734	unknown; source workbook does not define whether this is log2FC	D. Shared/functional markers	False	shared_or_cross_lineage_risk	False	True		4	8	4	4	Basophil/Mast;Dendritic;Macrophage;Monocyte	Basophil/Mast;DC CXCL2+/CD14+/CD1C-;DC2 CLEC10A+;Macrophage C1Q hi;Macrophage LYVE1+;Monocytes CD14+;Monocytes CD14+/IL1B;Monocytes CD16+	DC;Macrophage;Mast/Basophil;Monocyte	0		Positive top-marker lists only; no complete non-target expression matrix, so cell specificity cannot be fully estimated.
Lung	BI_PF_ILD_atlas_v1	Sheet 1	3642	Monocyte	Monocytes CD14+	Monocyte	Monocyte	GAB2	41	2.00050653646589	68.9624900239425	0.688865031998924	unknown; source workbook does not define whether this is log2FC	B. Extended lineage markers	False	limited_extended_evidence	False	True		1	1	1	1	Monocyte	Monocytes CD14+	Monocyte	0		Positive top-marker lists only; no complete non-target expression matrix, so cell specificity cannot be fully estimated.
Lung	BI_PF_ILD_atlas_v1	Sheet 1	3643	Monocyte	Monocytes CD14+	Monocyte	Monocyte	RILPL2	42	1.58204744272743	72.1308858739026	0.687696396516986	unknown; source workbook does not define whether this is log2FC	B. Extended lineage markers	False	limited_extended_evidence	False	True		1	1	1	1	Monocyte	Monocytes CD14+	Monocyte	0		Positive top-marker lists only; no complete non-target expression matrix, so cell specificity cannot be fully estimated.
Lung	BI_PF_ILD_atlas_v1	Sheet 1	3644	Monocyte	Monocytes CD14+	Monocyte	Monocyte	TIMP1	43	0.779217766623907	88.0845969672785	0.686958159732095	unknown; source workbook does not define whether this is log2FC	D. Shared/functional markers	False	shared_or_cross_lineage_risk	False	True		2	3	2	2	Macrophage;Monocyte	Macrophage RETN+/VCAN+;Monocytes CD14+;Monocytes CD16+	Macrophage;Monocyte	5	Adventital fibroblast;Fib COL13A1+;Lipofibroblast;Mesothelial;Myofibroblast	Positive top-marker lists only; no complete non-target expression matrix, so cell specificity cannot be fully estimated.
Lung	BI_PF_ILD_atlas_v1	Sheet 1	3645	Monocyte	Monocytes CD14+	Monocyte	Monocyte	ARHGAP26	44	1.70714238568526	73.5355147645651	0.686558924023173	unknown; source workbook does not define whether this is log2FC	B. Extended lineage markers	False	limited_extended_evidence	False	False		1	1	1	1	Monocyte	Monocytes CD14+	Monocyte	0		Positive top-marker lists only; no complete non-target expression matrix, so cell specificity cannot be fully estimated.
Lung	BI_PF_ILD_atlas_v1	Sheet 1	3646	Monocyte	Monocytes CD14+	Monocyte	Monocyte	CD14	45	1.14175696078399	67.4940143655227	0.684509924617575	unknown; source workbook does not define whether this is log2FC	D. Shared/functional markers	False	shared_or_cross_lineage_risk	True	False		3	5	3	3	Dendritic;Macrophage;Monocyte	DC CXCL2+/CD14+/CD1C-;Macrophage C1Q hi;Macrophage LYVE1+;Monocytes CD14+;Monocytes CD14+/IL1B	DC;Macrophage;Monocyte	0		Positive top-marker lists only; no complete non-target expression matrix, so cell specificity cannot be fully estimated.
Lung	BI_PF_ILD_atlas_v1	Sheet 1	3647	Monocyte	Monocytes CD14+	Monocyte	Monocyte	IRAK3	46	1.62884609369339	74.0622505985635	0.682191141287652	unknown; source workbook does not define whether this is log2FC	B. Extended lineage markers	False	limited_extended_evidence	False	True		1	2	1	1	Monocyte	Monocytes CD14+;Monocytes CD16+	Monocyte	0		Positive top-marker lists only; no complete non-target expression matrix, so cell specificity cannot be fully estimated.
Lung	BI_PF_ILD_atlas_v1	Sheet 1	3648	Monocyte	Monocytes CD14+	Monocyte	Monocyte	CSF3R	47	1.99768327086019	54.0063846767757	0.681979682599902	unknown; source workbook does not define whether this is log2FC	B. Extended lineage markers	False	limited_extended_evidence	False	False		1	2	1	1	Monocyte	Monocytes CD14+;Monocytes CD14+/IL1B	Monocyte	0		Positive top-marker lists only; no complete non-target expression matrix, so cell specificity cannot be fully estimated.
Lung	BI_PF_ILD_atlas_v1	Sheet 1	3649	Monocyte	Monocytes CD14+	Monocyte	Monocyte	RNF144B	48	1.61222385444803	67.9968076616121	0.680741145639378	unknown; source workbook does not define whether this is log2FC	D. Shared/functional markers	False	shared_or_cross_lineage_risk	False	True		2	3	2	2	Macrophage;Monocyte	Macrophage IL1B+;Monocytes CD14+;Monocytes CD16+	Macrophage;Monocyte	0		Positive top-marker lists only; no complete non-target expression matrix, so cell specificity cannot be fully estimated.
Lung	BI_PF_ILD_atlas_v1	Sheet 1	3650	Monocyte	Monocytes CD14+	Monocyte	Monocyte	CD93	49	1.94421028151221	46.0574620909816	0.678956342713039	unknown; source workbook does not define whether this is log2FC	D. Shared/functional markers	False	shared_or_cross_lineage_risk	False	False		1	1	1	1	Monocyte	Monocytes CD14+	Monocyte	4	Artery;Bronchial Vessel;Bronchial Vessel CXCL12+;Capillary	Positive top-marker lists only; no complete non-target expression matrix, so cell specificity cannot be fully estimated.
Lung	BI_PF_ILD_atlas_v1	Sheet 1	3651	Monocyte	Monocytes CD14+	Monocyte	Monocyte	FGD4	50	1.63988163815529	71.6919393455706	0.677331345292387	unknown; source workbook does not define whether this is log2FC	B. Extended lineage markers	False	limited_extended_evidence	False	False		1	1	1	1	Monocyte	Monocytes CD14+	Monocyte	0		Positive top-marker lists only; no complete non-target expression matrix, so cell specificity cannot be fully estimated.
Lung	BI_PF_ILD_atlas_v1	Sheet 1	3652	Monocyte	Monocytes CD14+/IL1B	Monocyte	Monocyte	S100A8	1	3.89586348808874	96.7305936073059	0.923146711695184	unknown; source workbook does not define whether this is log2FC	D. Shared/functional markers	False	shared_or_cross_lineage_risk	False	True	inflammation	2	4	3	2	Macrophage;Monocyte	Macrophage LYVE1+;Macrophage RETN+/VCAN+;Monocytes CD14+;Monocytes CD14+/IL1B	Macrophage;Monocyte	0		Positive top-marker lists only; no complete non-target expression matrix, so cell specificity cannot be fully estimated.
Lung	BI_PF_ILD_atlas_v1	Sheet 1	3653	Monocyte	Monocytes CD14+/IL1B	Monocyte	Monocyte	S100A9	2	3.43729540234176	96.8036529680365	0.895251096715648	unknown; source workbook does not define whether this is log2FC	D. Shared/functional markers	False	shared_or_cross_lineage_risk	False	True	inflammation	2	4	3	2	Macrophage;Monocyte	Macrophage LYVE1+;Macrophage RETN+/VCAN+;Monocytes CD14+;Monocytes CD14+/IL1B	Macrophage;Monocyte	0		Positive top-marker lists only; no complete non-target expression matrix, so cell specificity cannot be fully estimated.
Lung	BI_PF_ILD_atlas_v1	Sheet 1	3654	Monocyte	Monocytes CD14+/IL1B	Monocyte	Monocyte	FCN1	3	3.03034135175458	87.7077625570776	0.8901783568201	unknown; source workbook does not define whether this is log2FC	A. Lineage-core	True	relatively_specific_core	True	True		1	3	1	1	Monocyte	Monocytes CD14+;Monocytes CD14+/IL1B;Monocytes CD16+	Monocyte	0		Positive top-marker lists only; no complete non-target expression matrix, so cell specificity cannot be fully estimated.
Lung	BI_PF_ILD_atlas_v1	Sheet 1	3655	Monocyte	Monocytes CD14+/IL1B	Monocyte	Monocyte	VCAN	4	2.72162824165306	93.8995433789954	0.886366368875014	unknown; source workbook does not define whether this is log2FC	D. Shared/functional markers	False	shared_or_cross_lineage_risk	True	True		2	3	2	2	Macrophage;Monocyte	Macrophage RETN+/VCAN+;Monocytes CD14+;Monocytes CD14+/IL1B	Macrophage;Monocyte	0		Positive top-marker lists only; no complete non-target expression matrix, so cell specificity cannot be fully estimated.
Lung	BI_PF_ILD_atlas_v1	Sheet 1	3656	Monocyte	Monocytes CD14+/IL1B	Monocyte	Monocyte	S100A12	5	4.47400021509682	73.7534246575343	0.850254846831497	unknown; source workbook does not define whether this is log2FC	D. Shared/functional markers	False	shared_or_cross_lineage_risk	True	True	inflammation	1	2	1	1	Monocyte	Monocytes CD14+;Monocytes CD14+/IL1B	Monocyte	0		Positive top-marker lists only; no complete non-target expression matrix, so cell specificity cannot be fully estimated.
Lung	BI_PF_ILD_atlas_v1	Sheet 1	3657	Monocyte	Monocytes CD14+/IL1B	Monocyte	Monocyte	NAMPT	6	1.26179746802033	93.6986301369863	0.769227164818536	unknown; source workbook does not define whether this is log2FC	D. Shared/functional markers	False	shared_or_cross_lineage_risk	False	True		3	6	4	3	Dendritic;Macrophage;Monocyte	DC CXCL2+/CD14+/CD1C-;Macrophage IL1B+;Macrophage LYVE1+;Monocytes CD14+;Monocytes CD14+/IL1B;Monocytes CD16+	DC;Macrophage;Monocyte	0		Positive top-marker lists only; no complete non-target expression matrix, so cell specificity cannot be fully estimated.
Lung	BI_PF_ILD_atlas_v1	Sheet 1	3658	Monocyte	Monocytes CD14+/IL1B	Monocyte	Monocyte	IL1R2	7	2.7721820448593	61.9360730593607	0.76264733857641	unknown; source workbook does not define whether this is log2FC	D. Shared/functional markers	False	shared_or_cross_lineage_risk	False	True		2	3	2	2	Dendritic;Monocyte	DC2 CLEC10A+;Monocytes CD14+;Monocytes CD14+/IL1B	DC;Monocyte	0		Positive top-marker lists only; no complete non-target expression matrix, so cell specificity cannot be fully estimated.
Lung	BI_PF_ILD_atlas_v1	Sheet 1	3659	Monocyte	Monocytes CD14+/IL1B	Monocyte	Monocyte	RGS2	8	1.19749714584575	78.3926940639269	0.753619814751037	unknown; source workbook does not define whether this is log2FC	D. Shared/functional markers	False	shared_or_cross_lineage_risk	False	True		4	8	4	4	Basophil/Mast;Dendritic;Macrophage;Monocyte	Basophil/Mast;DC CXCL2+/CD14+/CD1C-;DC2 CLEC10A+;Macrophage C1Q hi;Macrophage LYVE1+;Monocytes CD14+;Monocytes CD14+/IL1B;Monocytes CD16+	DC;Macrophage;Mast/Basophil;Monocyte	0		Positive top-marker lists only; no complete non-target expression matrix, so cell specificity cannot be fully estimated.
Lung	BI_PF_ILD_atlas_v1	Sheet 1	3660	Monocyte	Monocytes CD14+/IL1B	Monocyte	Monocyte	THBS1	9	1.3993813255723	80.1461187214612	0.743180994418395	unknown; source workbook does not define whether this is log2FC	D. Shared/functional markers	False	shared_or_cross_lineage_risk	False	True		2	4	3	2	Macrophage;Monocyte	Macrophage IL1B+;Macrophage LYVE1+;Monocytes CD14+;Monocytes CD14+/IL1B	Macrophage;Monocyte	0		Positive top-marker lists only; no complete non-target expression matrix, so cell specificity cannot be fully estimated.
Lung	BI_PF_ILD_atlas_v1	Sheet 1	3661	Monocyte	Monocytes CD14+/IL1B	Monocyte	Monocyte	SAMSN1	10	1.19159170396113	86.2831050228311	0.737546599734493	unknown; source workbook does not define whether this is log2FC	D. Shared/functional markers	False	shared_or_cross_lineage_risk	False	True		4	7	5	4	Basophil/Mast;Dendritic;Macrophage;Monocyte	Basophil/Mast;DC CXCL2+/CD14+/CD1C-;Macrophage IL1B+;Macrophage LYVE1+;Monocytes CD14+;Monocytes CD14+/IL1B;Monocytes CD16+	DC;Macrophage;Mast/Basophil;Monocyte	0		Positive top-marker lists only; no complete non-target expression matrix, so cell specificity cannot be fully estimated.
Lung	BI_PF_ILD_atlas_v1	Sheet 1	3662	Monocyte	Monocytes CD14+/IL1B	Monocyte	Monocyte	C10orf54	11	1.87147009730358	64.5114155251142	0.735206380794914	unknown; source workbook does not define whether this is log2FC	D. Shared/functional markers	False	shared_or_cross_lineage_risk	False	True		2	3	2	2	Dendritic;Monocyte	DC2 C1QC+;Monocytes CD14+/IL1B;Monocytes CD16+	DC;Monocyte	0		Positive top-marker lists only; no complete non-target expression matrix, so cell specificity cannot be fully estimated.
Lung	BI_PF_ILD_atlas_v1	Sheet 1	3663	Monocyte	Monocytes CD14+/IL1B	Monocyte	Monocyte	SRGN	12	0.563099777991695	99.1598173515982	0.733705810676178	unknown; source workbook does not define whether this is log2FC	D. Shared/functional markers	False	shared_or_cross_lineage_risk	False	True		4	10	5	4	Basophil/Mast;Dendritic;Macrophage;Monocyte	Basophil/Mast;DC CXCL2+/CD14+/CD1C-;DC2 C1QC+;DC2 CLEC10A+;Macrophage IL1B+;Macrophage LYVE1+;Macrophage RETN+/VCAN+;Monocytes CD14+;Monocytes CD14+/IL1B;Monocytes CD16+	DC;Macrophage;Mast/Basophil;Monocyte	0		Positive top-marker lists only; no complete non-target expression matrix, so cell specificity cannot be fully estimated.
Lung	BI_PF_ILD_atlas_v1	Sheet 1	3664	Monocyte	Monocytes CD14+/IL1B	Monocyte	Monocyte	CSF3R	13	1.80498029815197	63.013698630137	0.730200540960704	unknown; source workbook does not define whether this is log2FC	B. Extended lineage markers	True	moderate_extended	False	False		1	2	1	1	Monocyte	Monocytes CD14+;Monocytes CD14+/IL1B	Monocyte	0		Positive top-marker lists only; no complete non-target expression matrix, so cell specificity cannot be fully estimated.
Lung	BI_PF_ILD_atlas_v1	Sheet 1	3665	Monocyte	Monocytes CD14+/IL1B	Monocyte	Monocyte	NAIP	14	2.02698997921547	60.0	0.728594525970896	unknown; source workbook does not define whether this is log2FC	B. Extended lineage markers	True	moderate_extended	False	False		1	1	1	1	Monocyte	Monocytes CD14+/IL1B	Monocyte	0		Positive top-marker lists only; no complete non-target expression matrix, so cell specificity cannot be fully estimated.
Lung	BI_PF_ILD_atlas_v1	Sheet 1	3666	Monocyte	Monocytes CD14+/IL1B	Monocyte	Monocyte	MNDA	15	1.53182134037521	75.2876712328767	0.727984153728256	unknown; source workbook does not define whether this is log2FC	B. Extended lineage markers	True	moderate_extended	False	False		1	1	1	1	Monocyte	Monocytes CD14+/IL1B	Monocyte	0		Positive top-marker lists only; no complete non-target expression matrix, so cell specificity cannot be fully estimated.
Lung	BI_PF_ILD_atlas_v1	Sheet 1	3667	Monocyte	Monocytes CD14+/IL1B	Monocyte	Monocyte	PTPRE	16	1.16707119850687	73.7899543378995	0.716025776852675	unknown; source workbook does not define whether this is log2FC	B. Extended lineage markers	False	limited_extended_evidence	False	True		1	2	1	1	Monocyte	Monocytes CD14+;Monocytes CD14+/IL1B	Monocyte	0		Positive top-marker lists only; no complete non-target expression matrix, so cell specificity cannot be fully estimated.
Lung	BI_PF_ILD_atlas_v1	Sheet 1	3668	Monocyte	Monocytes CD14+/IL1B	Monocyte	Monocyte	AIF1	17	0.73544507924314	89.4063926940639	0.714545795580477	unknown; source workbook does not define whether this is log2FC	D. Shared/functional markers	False	shared_or_cross_lineage_risk	False	True		3	7	4	3	Dendritic;Macrophage;Monocyte	DC CXCL2+/CD14+/CD1C-;DC2 C1QC+;Macrophage C1Q hi;Macrophage LYVE1+;Macrophage RETN+/VCAN+;Monocytes CD14+/IL1B;Monocytes CD16+	DC;Macrophage;Monocyte	0		Positive top-marker lists only; no complete non-target expression matrix, so cell specificity cannot be fully estimated.
Lung	BI_PF_ILD_atlas_v1	Sheet 1	3669	Monocyte	Monocytes CD14+/IL1B	Monocyte	Monocyte	CD14	18	1.00300659082994	70.9771689497717	0.71129565171773	unknown; source workbook does not define whether this is log2FC	D. Shared/functional markers	False	shared_or_cross_lineage_risk	True	False		3	5	3	3	Dendritic;Macrophage;Monocyte	DC CXCL2+/CD14+/CD1C-;Macrophage C1Q hi;Macrophage LYVE1+;Monocytes CD14+;Monocytes CD14+/IL1B	DC;Macrophage;Monocyte	0		Positive top-marker lists only; no complete non-target expression matrix, so cell specificity cannot be fully estimated.
Lung	BI_PF_ILD_atlas_v1	Sheet 1	3670	Monocyte	Monocytes CD14+/IL1B	Monocyte	Monocyte	FPR1	19	1.25235662864888	69.2237442922374	0.710787767006187	unknown; source workbook does not define whether this is log2FC	B. Extended lineage markers	False	limited_extended_evidence	False	True		1	3	1	1	Monocyte	Monocytes CD14+;Monocytes CD14+/IL1B;Monocytes CD16+	Monocyte	0		Positive top-marker lists only; no complete non-target expression matrix, so cell specificity cannot be fully estimated.
Lung	BI_PF_ILD_atlas_v1	Sheet 1	3671	Monocyte	Monocytes CD14+/IL1B	Monocyte	Monocyte	FGL2	20	1.57713722658004	56.8036529680365	0.709726961661748	unknown; source workbook does not define whether this is log2FC	D. Shared/functional markers	False	shared_or_cross_lineage_risk	False	True		3	5	3	3	Dendritic;Macrophage;Monocyte	DC CXCL2+/CD14+/CD1C-;DC2 C1QC+;Macrophage LYVE1+;Monocytes CD14+/IL1B;Monocytes CD16+	DC;Macrophage;Monocyte	0		Positive top-marker lists only; no complete non-target expression matrix, so cell specificity cannot be fully estimated.
Lung	BI_PF_ILD_atlas_v1	Sheet 1	3672	Monocyte	Monocytes CD14+/IL1B	Monocyte	Monocyte	CORO1A	21	1.43873109770124	59.689497716895	0.70743748391788	unknown; source workbook does not define whether this is log2FC	D. Shared/functional markers	False	shared_or_cross_lineage_risk	False	True		3	4	3	3	Dendritic;Monocyte;T cell	DC2 C1QC+;Monocytes CD14+/IL1B;Monocytes CD16+;T CD4+ JUN+	DC;Monocyte;T	0		Positive top-marker lists only; no complete non-target expression matrix, so cell specificity cannot be fully estimated.
Lung	BI_PF_ILD_atlas_v1	Sheet 1	3673	Monocyte	Monocytes CD14+/IL1B	Monocyte	Monocyte	LST1	22	0.738582253639568	84.0547945205479	0.704230867623876	unknown; source workbook does not define whether this is log2FC	D. Shared/functional markers	False	shared_or_cross_lineage_risk	False	True		2	5	2	2	Dendritic;Monocyte	DC2 C1QC+;DC2 CD1A+/CD1E+;DC2 CLEC10A+;Monocytes CD14+/IL1B;Monocytes CD16+	DC;Monocyte	0		Positive top-marker lists only; no complete non-target expression matrix, so cell specificity cannot be fully estimated.
Lung	BI_PF_ILD_atlas_v1	Sheet 1	3674	Monocyte	Monocytes CD14+/IL1B	Monocyte	Monocyte	SLC2A3	23	0.977071536191089	78.958904109589	0.703392695108649	unknown; source workbook does not define whether this is log2FC	B. Extended lineage markers	False	limited_extended_evidence	False	False		1	2	1	1	Monocyte	Monocytes CD14+;Monocytes CD14+/IL1B	Monocyte	0		Positive top-marker lists only; no complete non-target expression matrix, so cell specificity cannot be fully estimated.
Lung	BI_PF_ILD_atlas_v1	Sheet 1	3675	Monocyte	Monocytes CD14+/IL1B	Monocyte	Monocyte	COTL1	24	0.871723437921563	87.4155251141552	0.702542972098232	unknown; source workbook does not define whether this is log2FC	D. Shared/functional markers	False	shared_or_cross_lineage_risk	False	True		2	4	2	2	Dendritic;Monocyte	DC2 C1QC+;DC2 CLEC10A+;Monocytes CD14+/IL1B;Monocytes CD16+	DC;Monocyte	0		Positive top-marker lists only; no complete non-target expression matrix, so cell specificity cannot be fully estimated.
Lung	BI_PF_ILD_atlas_v1	Sheet 1	3676	Monocyte	Monocytes CD14+/IL1B	Monocyte	Monocyte	MS4A6A	25	0.668533090294973	71.1963470319635	0.702063107455442	unknown; source workbook does not define whether this is log2FC	D. Shared/functional markers	False	shared_or_cross_lineage_risk	False	False		3	6	3	3	Dendritic;Macrophage;Monocyte	DC CXCL2+/CD14+/CD1C-;DC2 C1QC+;DC2 CLEC10A+;Macrophage C1Q hi;Macrophage LYVE1+;Monocytes CD14+/IL1B	DC;Macrophage;Monocyte	0		Positive top-marker lists only; no complete non-target expression matrix, so cell specificity cannot be fully estimated.
Lung	BI_PF_ILD_atlas_v1	Sheet 1	3677	Monocyte	Monocytes CD14+/IL1B	Monocyte	Monocyte	LYZ	26	1.6247785046011	75.8356164383562	0.701495908650128	unknown; source workbook does not define whether this is log2FC	B. Extended lineage markers	False	limited_extended_evidence	False	False		1	1	1	1	Monocyte	Monocytes CD14+/IL1B	Monocyte	0		Positive top-marker lists only; no complete non-target expression matrix, so cell specificity cannot be fully estimated.
Lung	BI_PF_ILD_atlas_v1	Sheet 1	3678	Monocyte	Monocytes CD14+/IL1B	Monocyte	Monocyte	CD300E	27	2.00914173873767	48.6027397260274	0.693431769512241	unknown; source workbook does not define whether this is log2FC	A. Lineage-core	True	relatively_specific_core	True	True		1	3	1	1	Monocyte	Monocytes CD14+;Monocytes CD14+/IL1B;Monocytes CD16+	Monocyte	0		Positive top-marker lists only; no complete non-target expression matrix, so cell specificity cannot be fully estimated.
Lung	BI_PF_ILD_atlas_v1	Sheet 1	3679	Monocyte	Monocytes CD14+/IL1B	Monocyte	Monocyte	TNFRSF1B	28	1.08017630815476	61.9908675799087	0.689561052983223	unknown; source workbook does not define whether this is log2FC	B. Extended lineage markers	False	limited_extended_evidence	False	True		1	3	1	1	Monocyte	Monocytes CD14+;Monocytes CD14+/IL1B;Monocytes CD16+	Monocyte	0		Positive top-marker lists only; no complete non-target expression matrix, so cell specificity cannot be fully estimated.
Lung	BI_PF_ILD_atlas_v1	Sheet 1	3680	Monocyte	Monocytes CD14+/IL1B	Monocyte	Monocyte	S100A4	29	0.546617456684046	97.4246575342466	0.685589620350477	unknown; source workbook does not define whether this is log2FC	D. Shared/functional markers	False	shared_or_cross_lineage_risk	False	False		2	2	2	2	Macrophage;Monocyte	Macrophage RETN+/VCAN+;Monocytes CD14+/IL1B	Macrophage;Monocyte	0		Positive top-marker lists only; no complete non-target expression matrix, so cell specificity cannot be fully estimated.
Lung	BI_PF_ILD_atlas_v1	Sheet 1	3681	Monocyte	Monocytes CD14+/IL1B	Monocyte	Monocyte	NLRP3	30	1.25437989911766	55.1780821917808	0.683541884890232	unknown; source workbook does not define whether this is log2FC	D. Shared/functional markers	False	shared_or_cross_lineage_risk	False	True		3	4	3	3	Dendritic;Macrophage;Monocyte	DC CXCL2+/CD14+/CD1C-;Macrophage IL1B+;Monocytes CD14+;Monocytes CD14+/IL1B	DC;Macrophage;Monocyte	0		Positive top-marker lists only; no complete non-target expression matrix, so cell specificity cannot be fully estimated.
Lung	BI_PF_ILD_atlas_v1	Sheet 1	3682	Monocyte	Monocytes CD14+/IL1B	Monocyte	Monocyte	CFP	31	2.53489436771423	42.2100456621005	0.682334054784882	unknown; source workbook does not define whether this is log2FC	B. Extended lineage markers	False	limited_extended_evidence	False	False		1	1	1	1	Monocyte	Monocytes CD14+/IL1B	Monocyte	0		Positive top-marker lists only; no complete non-target expression matrix, so cell specificity cannot be fully estimated.
Lung	BI_PF_ILD_atlas_v1	Sheet 1	3683	Monocyte	Monocytes CD14+/IL1B	Monocyte	Monocyte	CSTA	32	0.860839111248721	68.6392694063927	0.677092445505316	unknown; source workbook does not define whether this is log2FC	B. Extended lineage markers	False	limited_extended_evidence	False	False		1	1	1	1	Monocyte	Monocytes CD14+/IL1B	Monocyte	0		Positive top-marker lists only; no complete non-target expression matrix, so cell specificity cannot be fully estimated.
Lung	BI_PF_ILD_atlas_v1	Sheet 1	3684	Monocyte	Monocytes CD14+/IL1B	Monocyte	Monocyte	FYB	33	1.05139821997358	64.8036529680365	0.676247599891892	unknown; source workbook does not define whether this is log2FC	D. Shared/functional markers	False	shared_or_cross_lineage_risk	False	False		2	2	2	2	Dendritic;Monocyte	DC2 C1QC+;Monocytes CD14+/IL1B	DC;Monocyte	0		Positive top-marker lists only; no complete non-target expression matrix, so cell specificity cannot be fully estimated.
Lung	BI_PF_ILD_atlas_v1	Sheet 1	3685	Monocyte	Monocytes CD14+/IL1B	Monocyte	Monocyte	TBXAS1	34	1.01811577139583	72.0547945205479	0.675951863526277	unknown; source workbook does not define whether this is log2FC	D. Shared/functional markers	False	shared_or_cross_lineage_risk	False	True		3	4	3	3	Dendritic;Macrophage FABP4+;Monocyte	DC2 C1QC+;Macrophage FABP4+/PDE4C+;Monocytes CD14+/IL1B;Monocytes CD16+	DC;Macrophage;Monocyte	0		Positive top-marker lists only; no complete non-target expression matrix, so cell specificity cannot be fully estimated.
Lung	BI_PF_ILD_atlas_v1	Sheet 1	3686	Monocyte	Monocytes CD14+/IL1B	Monocyte	Monocyte	MPEG1	35	1.88285225337488	46.9223744292237	0.675771042672466	unknown; source workbook does not define whether this is log2FC	B. Extended lineage markers	False	limited_extended_evidence	False	False		1	1	1	1	Monocyte	Monocytes CD14+/IL1B	Monocyte	0		Positive top-marker lists only; no complete non-target expression matrix, so cell specificity cannot be fully estimated.
Lung	BI_PF_ILD_atlas_v1	Sheet 1	3687	Monocyte	Monocytes CD14+/IL1B	Monocyte	Monocyte	RNASE2	36	3.08150317998349	40.0730593607306	0.675739457201116	unknown; source workbook does not define whether this is log2FC	B. Extended lineage markers	False	limited_extended_evidence	False	False		1	1	1	1	Monocyte	Monocytes CD14+/IL1B	Monocyte	0		Positive top-marker lists only; no complete non-target expression matrix, so cell specificity cannot be fully estimated.
Lung	BI_PF_ILD_atlas_v1	Sheet 1	3688	Monocyte	Monocytes CD14+/IL1B	Monocyte	Monocyte	DPYD	37	1.08905273704364	77.8812785388128	0.673788347510606	unknown; source workbook does not define whether this is log2FC	D. Shared/functional markers	False	shared_or_cross_lineage_risk	False	False		2	2	2	2	Macrophage FABP4+;Monocyte	Macrophage FABP4+/PDE4C+;Monocytes CD14+/IL1B	Macrophage;Monocyte	0		Positive top-marker lists only; no complete non-target expression matrix, so cell specificity cannot be fully estimated.
Lung	BI_PF_ILD_atlas_v1	Sheet 1	3689	Monocyte	Monocytes CD14+/IL1B	Monocyte	Monocyte	SLC25A37	38	1.25310096842075	58.1552511415525	0.671371911395291	unknown; source workbook does not define whether this is log2FC	B. Extended lineage markers	False	limited_extended_evidence	False	True		1	2	1	1	Monocyte	Monocytes CD14+;Monocytes CD14+/IL1B	Monocyte	0		Positive top-marker lists only; no complete non-target expression matrix, so cell specificity cannot be fully estimated.
Lung	BI_PF_ILD_atlas_v1	Sheet 1	3690	Monocyte	Monocytes CD14+/IL1B	Monocyte	Monocyte	CLEC4E	39	1.81100238282374	46.4292237442922	0.670517179201056	unknown; source workbook does not define whether this is log2FC	B. Extended lineage markers	False	limited_extended_evidence	False	False		1	1	1	1	Monocyte	Monocytes CD14+/IL1B	Monocyte	0		Positive top-marker lists only; no complete non-target expression matrix, so cell specificity cannot be fully estimated.
Lung	BI_PF_ILD_atlas_v1	Sheet 1	3691	Monocyte	Monocytes CD14+/IL1B	Monocyte	Monocyte	CLEC7A	40	0.838508367947388	71.4703196347032	0.670383319132285	unknown; source workbook does not define whether this is log2FC	D. Shared/functional markers	False	shared_or_cross_lineage_risk	False	True		2	3	2	2	Dendritic;Monocyte	DC CXCL2+/CD14+/CD1C-;Monocytes CD14+/IL1B;Monocytes CD16+	DC;Monocyte	0		Positive top-marker lists only; no complete non-target expression matrix, so cell specificity cannot be fully estimated.
Lung	BI_PF_ILD_atlas_v1	Sheet 1	3692	Monocyte	Monocytes CD14+/IL1B	Monocyte	Monocyte	LILRA5	41	2.05942867072472	41.6255707762557	0.66979993178432	unknown; source workbook does not define whether this is log2FC	B. Extended lineage markers	False	limited_extended_evidence	False	True		1	2	1	1	Monocyte	Monocytes CD14+/IL1B;Monocytes CD16+	Monocyte	0		Positive top-marker lists only; no complete non-target expression matrix, so cell specificity cannot be fully estimated.
Lung	BI_PF_ILD_atlas_v1	Sheet 1	3693	Monocyte	Monocytes CD14+/IL1B	Monocyte	Monocyte	SELL	42	2.74501580631944	37.6803652968037	0.667305268316027	unknown; source workbook does not define whether this is log2FC	B. Extended lineage markers	False	limited_extended_evidence	False	False		1	1	1	1	Monocyte	Monocytes CD14+/IL1B	Monocyte	0		Positive top-marker lists only; no complete non-target expression matrix, so cell specificity cannot be fully estimated.
Lung	BI_PF_ILD_atlas_v1	Sheet 1	3694	Monocyte	Monocytes CD14+/IL1B	Monocyte	Monocyte	PRKCB	43	0.855615243173159	58.1369863013699	0.666772465223554	unknown; source workbook does not define whether this is log2FC	D. Shared/functional markers	False	shared_or_cross_lineage_risk	False	False		3	4	3	3	B/Plasma;Monocyte;pDC	B cell;Monocytes CD14+/IL1B;Monocytes CD16+;pDC	B;DC;Monocyte	0		Positive top-marker lists only; no complete non-target expression matrix, so cell specificity cannot be fully estimated.
Lung	BI_PF_ILD_atlas_v1	Sheet 1	3695	Monocyte	Monocytes CD14+/IL1B	Monocyte	Monocyte	FAM65B	44	1.26003165961432	50.5936073059361	0.663943772003212	unknown; source workbook does not define whether this is log2FC	B. Extended lineage markers	False	limited_extended_evidence	False	False		1	1	1	1	Monocyte	Monocytes CD14+/IL1B	Monocyte	0		Positive top-marker lists only; no complete non-target expression matrix, so cell specificity cannot be fully estimated.
Lung	BI_PF_ILD_atlas_v1	Sheet 1	3696	Monocyte	Monocytes CD14+/IL1B	Monocyte	Monocyte	C5AR1	45	0.788244076440233	74.3926940639269	0.663607924441882	unknown; source workbook does not define whether this is log2FC	D. Shared/functional markers	False	shared_or_cross_lineage_risk	False	True		3	7	4	3	Dendritic;Macrophage;Monocyte	DC CXCL2+/CD14+/CD1C-;Macrophage IL1B+;Macrophage LYVE1+;Macrophage RETN+/VCAN+;Monocytes CD14+;Monocytes CD14+/IL1B;Monocytes CD16+	DC;Macrophage;Monocyte	0		Positive top-marker lists only; no complete non-target expression matrix, so cell specificity cannot be fully estimated.
Lung	BI_PF_ILD_atlas_v1	Sheet 1	3697	Monocyte	Monocytes CD14+/IL1B	Monocyte	Monocyte	PTPRC	46	0.484592658853331	83.1598173515982	0.662566001837237	unknown; source workbook does not define whether this is log2FC	D. Shared/functional markers	False	shared_or_cross_lineage_risk	False	True		2	5	4	2	Monocyte;T cell	CD8+ Naive T;Cytotoxic T;Monocytes CD14+/IL1B;Monocytes CD16+;T regulatory	Monocyte;T	0		Positive top-marker lists only; no complete non-target expression matrix, so cell specificity cannot be fully estimated.
Lung	BI_PF_ILD_atlas_v1	Sheet 1	3698	Monocyte	Monocytes CD14+/IL1B	Monocyte	Monocyte	CTSS	47	0.450914408919152	91.4520547945205	0.662065857354499	unknown; source workbook does not define whether this is log2FC	D. Shared/functional markers	False	shared_or_cross_lineage_risk	False	False		2	4	3	2	Macrophage;Monocyte	Macrophage C1Q hi;Macrophage CHI3L1+/CD9 hi/;Monocytes CD14+/IL1B;Monocytes CD16+	Macrophage;Monocyte	0		Positive top-marker lists only; no complete non-target expression matrix, so cell specificity cannot be fully estimated.
Lung	BI_PF_ILD_atlas_v1	Sheet 1	3699	Monocyte	Monocytes CD14+/IL1B	Monocyte	Monocyte	AP1S2	48	0.997001896562452	61.2237442922374	0.660933951919861	unknown; source workbook does not define whether this is log2FC	B. Extended lineage markers	False	limited_extended_evidence	False	False		1	1	1	1	Monocyte	Monocytes CD14+/IL1B	Monocyte	0		Positive top-marker lists only; no complete non-target expression matrix, so cell specificity cannot be fully estimated.
Lung	BI_PF_ILD_atlas_v1	Sheet 1	3700	Monocyte	Monocytes CD14+/IL1B	Monocyte	Monocyte	ACSL1	49	0.893239993339895	80.986301369863	0.65759936933096	unknown; source workbook does not define whether this is log2FC	D. Shared/functional markers	False	shared_or_cross_lineage_risk	False	False		2	3	3	2	Macrophage;Monocyte	Macrophage IL1B+;Macrophage LYVE1+;Monocytes CD14+/IL1B	Macrophage;Monocyte	0		Positive top-marker lists only; no complete non-target expression matrix, so cell specificity cannot be fully estimated.
Lung	BI_PF_ILD_atlas_v1	Sheet 1	3701	Monocyte	Monocytes CD14+/IL1B	Monocyte	Monocyte	FGR	50	0.725239528280557	68.1278538812785	0.655727715223795	unknown; source workbook does not define whether this is log2FC	B. Extended lineage markers	False	limited_extended_evidence	False	False		1	1	1	1	Monocyte	Monocytes CD14+/IL1B	Monocyte	0		Positive top-marker lists only; no complete non-target expression matrix, so cell specificity cannot be fully estimated.
Lung	BI_PF_ILD_atlas_v1	Sheet 1	3702	Monocyte	Monocytes CD16+	Monocyte	Monocyte	NAMPT	1	2.08918465281446	97.3820243455061	0.85086856403631	unknown; source workbook does not define whether this is log2FC	D. Shared/functional markers	False	shared_or_cross_lineage_risk	False	True		3	6	4	3	Dendritic;Macrophage;Monocyte	DC CXCL2+/CD14+/CD1C-;Macrophage IL1B+;Macrophage LYVE1+;Monocytes CD14+;Monocytes CD14+/IL1B;Monocytes CD16+	DC;Macrophage;Monocyte	0		Positive top-marker lists only; no complete non-target expression matrix, so cell specificity cannot be fully estimated.
Lung	BI_PF_ILD_atlas_v1	Sheet 1	3703	Monocyte	Monocytes CD16+	Monocyte	Monocyte	LST1	2	2.50453495490991	91.6374854093714	0.831478468183426	unknown; source workbook does not define whether this is log2FC	D. Shared/functional markers	False	shared_or_cross_lineage_risk	False	True		2	5	2	2	Dendritic;Monocyte	DC2 C1QC+;DC2 CD1A+/CD1E+;DC2 CLEC10A+;Monocytes CD14+/IL1B;Monocytes CD16+	DC;Monocyte	0		Positive top-marker lists only; no complete non-target expression matrix, so cell specificity cannot be fully estimated.
Lung	BI_PF_ILD_atlas_v1	Sheet 1	3704	Monocyte	Monocytes CD16+	Monocyte	Monocyte	FCN1	3	3.24154273711855	75.1542437885609	0.824551059752626	unknown; source workbook does not define whether this is log2FC	A. Lineage-core	True	relatively_specific_core	True	True		1	3	1	1	Monocyte	Monocytes CD14+;Monocytes CD14+/IL1B;Monocytes CD16+	Monocyte	0		Positive top-marker lists only; no complete non-target expression matrix, so cell specificity cannot be fully estimated.
Lung	BI_PF_ILD_atlas_v1	Sheet 1	3705	Monocyte	Monocytes CD16+	Monocyte	Monocyte	WARS	4	3.16299232684612	79.1562447890612	0.802885001399908	unknown; source workbook does not define whether this is log2FC	B. Extended lineage markers	True	moderate_extended	False	False		1	1	1	1	Monocyte	Monocytes CD16+	Monocyte	0		Positive top-marker lists only; no complete non-target expression matrix, so cell specificity cannot be fully estimated.
Lung	BI_PF_ILD_atlas_v1	Sheet 1	3706	Monocyte	Monocytes CD16+	Monocyte	Monocyte	SAMSN1	5	1.87890215109356	91.4874103718526	0.79874974823949	unknown; source workbook does not define whether this is log2FC	D. Shared/functional markers	False	shared_or_cross_lineage_risk	False	True		4	7	5	4	Basophil/Mast;Dendritic;Macrophage;Monocyte	Basophil/Mast;DC CXCL2+/CD14+/CD1C-;Macrophage IL1B+;Macrophage LYVE1+;Monocytes CD14+;Monocytes CD14+/IL1B;Monocytes CD16+	DC;Macrophage;Mast/Basophil;Monocyte	0		Positive top-marker lists only; no complete non-target expression matrix, so cell specificity cannot be fully estimated.
Lung	BI_PF_ILD_atlas_v1	Sheet 1	3707	Monocyte	Monocytes CD16+	Monocyte	Monocyte	AIF1	6	1.98023688276246	91.3289978322495	0.794333074205829	unknown; source workbook does not define whether this is log2FC	D. Shared/functional markers	False	shared_or_cross_lineage_risk	False	True		3	7	4	3	Dendritic;Macrophage;Monocyte	DC CXCL2+/CD14+/CD1C-;DC2 C1QC+;Macrophage C1Q hi;Macrophage LYVE1+;Macrophage RETN+/VCAN+;Monocytes CD14+/IL1B;Monocytes CD16+	DC;Macrophage;Monocyte	0		Positive top-marker lists only; no complete non-target expression matrix, so cell specificity cannot be fully estimated.
Lung	BI_PF_ILD_atlas_v1	Sheet 1	3708	Monocyte	Monocytes CD16+	Monocyte	Monocyte	RNF144B	7	2.6973542004808	81.3156578289145	0.79216585851951	unknown; source workbook does not define whether this is log2FC	D. Shared/functional markers	False	shared_or_cross_lineage_risk	False	True		2	3	2	2	Macrophage;Monocyte	Macrophage IL1B+;Monocytes CD14+;Monocytes CD16+	Macrophage;Monocyte	0		Positive top-marker lists only; no complete non-target expression matrix, so cell specificity cannot be fully estimated.
Lung	BI_PF_ILD_atlas_v1	Sheet 1	3709	Monocyte	Monocytes CD16+	Monocyte	Monocyte	IFITM2	8	1.77728177024086	90.6369851592463	0.791889844505709	unknown; source workbook does not define whether this is log2FC	D. Shared/functional markers	False	shared_or_cross_lineage_risk	False	True		2	3	3	2	Monocyte;NK	Activated NK XCL1+;Monocytes CD16+;NK	Monocyte;NK	5	Artery;Bronchial Vessel;Bronchial Vessel CXCL12+;Bronchial Vessel SELE+;Vein	Positive top-marker lists only; no complete non-target expression matrix, so cell specificity cannot be fully estimated.
Lung	BI_PF_ILD_atlas_v1	Sheet 1	3710	Monocyte	Monocytes CD16+	Monocyte	Monocyte	COTL1	9	1.95897404131577	92.2461230615308	0.782854919726532	unknown; source workbook does not define whether this is log2FC	D. Shared/functional markers	False	shared_or_cross_lineage_risk	False	True		2	4	2	2	Dendritic;Monocyte	DC2 C1QC+;DC2 CLEC10A+;Monocytes CD14+/IL1B;Monocytes CD16+	DC;Monocyte	0		Positive top-marker lists only; no complete non-target expression matrix, so cell specificity cannot be fully estimated.
Lung	BI_PF_ILD_atlas_v1	Sheet 1	3711	Monocyte	Monocytes CD16+	Monocyte	Monocyte	LYN	10	2.18324647588963	86.7433716858429	0.781020966935192	unknown; source workbook does not define whether this is log2FC	B. Extended lineage markers	True	moderate_extended	False	False		1	1	1	1	Monocyte	Monocytes CD16+	Monocyte	0		Positive top-marker lists only; no complete non-target expression matrix, so cell specificity cannot be fully estimated.
Lung	BI_PF_ILD_atlas_v1	Sheet 1	3712	Monocyte	Monocytes CD16+	Monocyte	Monocyte	SMAP2	11	1.88306168989793	86.6016341504085	0.780508399970036	unknown; source workbook does not define whether this is log2FC	D. Shared/functional markers	False	shared_or_cross_lineage_risk	False	False		3	4	3	3	B/Plasma;Dendritic;Monocyte	B cell;DC LAMP3+/CCR7+;DC2 CLEC10A+;Monocytes CD16+	B;DC;Monocyte	0		Positive top-marker lists only; no complete non-target expression matrix, so cell specificity cannot be fully estimated.
Lung	BI_PF_ILD_atlas_v1	Sheet 1	3713	Monocyte	Monocytes CD16+	Monocyte	Monocyte	MTSS1	12	2.67100723843559	70.6019676504919	0.776080213563183	unknown; source workbook does not define whether this is log2FC	D. Shared/functional markers	False	shared_or_cross_lineage_risk	False	False		2	2	2	2	Macrophage;Monocyte	Macrophage LYVE1+;Monocytes CD16+	Macrophage;Monocyte	0		Positive top-marker lists only; no complete non-target expression matrix, so cell specificity cannot be fully estimated.
Lung	BI_PF_ILD_atlas_v1	Sheet 1	3714	Monocyte	Monocytes CD16+	Monocyte	Monocyte	LILRB2	13	3.38028957035442	63.8402534600634	0.77524379058592	unknown; source workbook does not define whether this is log2FC	B. Extended lineage markers	True	moderate_extended	False	True		1	1	1	1	Monocyte	Monocytes CD16+	Monocyte	0		Positive top-marker lists only; no complete non-target expression matrix, so cell specificity cannot be fully estimated.
Lung	BI_PF_ILD_atlas_v1	Sheet 1	3715	Monocyte	Monocytes CD16+	Monocyte	Monocyte	SAT1	14	1.32246186800595	99.8582624645656	0.772142358819769	unknown; source workbook does not define whether this is log2FC	D. Shared/functional markers	False	shared_or_cross_lineage_risk	False	True		3	3	3	3	Dendritic;Macrophage;Monocyte	DC CXCL2+/CD14+/CD1C-;Macrophage IL1B+;Monocytes CD16+	DC;Macrophage;Monocyte	0		Positive top-marker lists only; no complete non-target expression matrix, so cell specificity cannot be fully estimated.
Lung	BI_PF_ILD_atlas_v1	Sheet 1	3716	Monocyte	Monocytes CD16+	Monocyte	Monocyte	C5AR1	15	1.91512616357844	86.634984158746	0.770334904466398	unknown; source workbook does not define whether this is log2FC	D. Shared/functional markers	False	shared_or_cross_lineage_risk	False	True		3	7	4	3	Dendritic;Macrophage;Monocyte	DC CXCL2+/CD14+/CD1C-;Macrophage IL1B+;Macrophage LYVE1+;Macrophage RETN+/VCAN+;Monocytes CD14+;Monocytes CD14+/IL1B;Monocytes CD16+	DC;Macrophage;Monocyte	0		Positive top-marker lists only; no complete non-target expression matrix, so cell specificity cannot be fully estimated.
Lung	BI_PF_ILD_atlas_v1	Sheet 1	3717	Monocyte	Monocytes CD16+	Monocyte	Monocyte	FAM49A	16	2.0236964627461	82.3911955977989	0.765033663719782	unknown; source workbook does not define whether this is log2FC	B. Extended lineage markers	True	moderate_extended	False	True		1	1	1	1	Monocyte	Monocytes CD16+	Monocyte	0		Positive top-marker lists only; no complete non-target expression matrix, so cell specificity cannot be fully estimated.
Lung	BI_PF_ILD_atlas_v1	Sheet 1	3718	Monocyte	Monocytes CD16+	Monocyte	Monocyte	TNFRSF1B	17	2.17916572431738	72.7780556945139	0.763258602334733	unknown; source workbook does not define whether this is log2FC	B. Extended lineage markers	True	moderate_extended	False	True		1	3	1	1	Monocyte	Monocytes CD14+;Monocytes CD14+/IL1B;Monocytes CD16+	Monocyte	0		Positive top-marker lists only; no complete non-target expression matrix, so cell specificity cannot be fully estimated.
Lung	BI_PF_ILD_atlas_v1	Sheet 1	3719	Monocyte	Monocytes CD16+	Monocyte	Monocyte	ADGRE2	18	2.90569252495295	63.1148907787227	0.762047117439505	unknown; source workbook does not define whether this is log2FC	B. Extended lineage markers	True	moderate_extended	False	True		1	1	1	1	Monocyte	Monocytes CD16+	Monocyte	0		Positive top-marker lists only; no complete non-target expression matrix, so cell specificity cannot be fully estimated.
Lung	BI_PF_ILD_atlas_v1	Sheet 1	3720	Monocyte	Monocytes CD16+	Monocyte	Monocyte	LILRA5	19	3.78912170601818	57.6538269134567	0.76078844790405	unknown; source workbook does not define whether this is log2FC	B. Extended lineage markers	True	moderate_extended	False	True		1	2	1	1	Monocyte	Monocytes CD14+/IL1B;Monocytes CD16+	Monocyte	0		Positive top-marker lists only; no complete non-target expression matrix, so cell specificity cannot be fully estimated.
Lung	BI_PF_ILD_atlas_v1	Sheet 1	3721	Monocyte	Monocytes CD16+	Monocyte	Monocyte	TBXAS1	20	2.05223187764091	80.9571452392863	0.759413582737807	unknown; source workbook does not define whether this is log2FC	D. Shared/functional markers	False	shared_or_cross_lineage_risk	False	True		3	4	3	3	Dendritic;Macrophage FABP4+;Monocyte	DC2 C1QC+;Macrophage FABP4+/PDE4C+;Monocytes CD14+/IL1B;Monocytes CD16+	DC;Macrophage;Monocyte	0		Positive top-marker lists only; no complete non-target expression matrix, so cell specificity cannot be fully estimated.
Lung	BI_PF_ILD_atlas_v1	Sheet 1	3722	Monocyte	Monocytes CD16+	Monocyte	Monocyte	SRGN	21	1.20532791994993	98.5492746373187	0.748923689510818	unknown; source workbook does not define whether this is log2FC	D. Shared/functional markers	False	shared_or_cross_lineage_risk	False	True		4	10	5	4	Basophil/Mast;Dendritic;Macrophage;Monocyte	Basophil/Mast;DC CXCL2+/CD14+/CD1C-;DC2 C1QC+;DC2 CLEC10A+;Macrophage IL1B+;Macrophage LYVE1+;Macrophage RETN+/VCAN+;Monocytes CD14+;Monocytes CD14+/IL1B;Monocytes CD16+	DC;Macrophage;Mast/Basophil;Monocyte	0		Positive top-marker lists only; no complete non-target expression matrix, so cell specificity cannot be fully estimated.
Lung	BI_PF_ILD_atlas_v1	Sheet 1	3723	Monocyte	Monocytes CD16+	Monocyte	Monocyte	FGL2	22	2.82995532013878	62.0060030015008	0.745473725406071	unknown; source workbook does not define whether this is log2FC	D. Shared/functional markers	False	shared_or_cross_lineage_risk	False	True		3	5	3	3	Dendritic;Macrophage;Monocyte	DC CXCL2+/CD14+/CD1C-;DC2 C1QC+;Macrophage LYVE1+;Monocytes CD14+/IL1B;Monocytes CD16+	DC;Macrophage;Monocyte	0		Positive top-marker lists only; no complete non-target expression matrix, so cell specificity cannot be fully estimated.
Lung	BI_PF_ILD_atlas_v1	Sheet 1	3724	Monocyte	Monocytes CD16+	Monocyte	Monocyte	PAG1	23	2.39455103139064	73.9369684842421	0.740435646306667	unknown; source workbook does not define whether this is log2FC	B. Extended lineage markers	True	moderate_extended	False	False		1	1	1	1	Monocyte	Monocytes CD16+	Monocyte	0		Positive top-marker lists only; no complete non-target expression matrix, so cell specificity cannot be fully estimated.
Lung	BI_PF_ILD_atlas_v1	Sheet 1	3725	Monocyte	Monocytes CD16+	Monocyte	Monocyte	PTPRC	24	1.46709414663081	89.5364348841087	0.740154265367739	unknown; source workbook does not define whether this is log2FC	D. Shared/functional markers	False	shared_or_cross_lineage_risk	False	True		2	5	4	2	Monocyte;T cell	CD8+ Naive T;Cytotoxic T;Monocytes CD14+/IL1B;Monocytes CD16+;T regulatory	Monocyte;T	0		Positive top-marker lists only; no complete non-target expression matrix, so cell specificity cannot be fully estimated.
Lung	BI_PF_ILD_atlas_v1	Sheet 1	3726	Monocyte	Monocytes CD16+	Monocyte	Monocyte	C10orf54	25	2.32863221969338	64.765716191429	0.739029515576399	unknown; source workbook does not define whether this is log2FC	D. Shared/functional markers	False	shared_or_cross_lineage_risk	False	True		2	3	2	2	Dendritic;Monocyte	DC2 C1QC+;Monocytes CD14+/IL1B;Monocytes CD16+	DC;Monocyte	0		Positive top-marker lists only; no complete non-target expression matrix, so cell specificity cannot be fully estimated.
Lung	BI_PF_ILD_atlas_v1	Sheet 1	3727	Monocyte	Monocytes CD16+	Monocyte	Monocyte	CYTIP	26	1.72371766057444	76.021344005336	0.736258779720934	unknown; source workbook does not define whether this is log2FC	D. Shared/functional markers	False	shared_or_cross_lineage_risk	False	False		2	2	2	2	Dendritic;Monocyte	DC2 CLEC10A+;Monocytes CD16+	DC;Monocyte	0		Positive top-marker lists only; no complete non-target expression matrix, so cell specificity cannot be fully estimated.
Lung	BI_PF_ILD_atlas_v1	Sheet 1	3728	Monocyte	Monocytes CD16+	Monocyte	Monocyte	IRAK3	27	1.77537567005576	78.5392696348174	0.724513293466711	unknown; source workbook does not define whether this is log2FC	B. Extended lineage markers	True	moderate_extended	False	True		1	2	1	1	Monocyte	Monocytes CD14+;Monocytes CD16+	Monocyte	0		Positive top-marker lists only; no complete non-target expression matrix, so cell specificity cannot be fully estimated.
Lung	BI_PF_ILD_atlas_v1	Sheet 1	3729	Monocyte	Monocytes CD16+	Monocyte	Monocyte	SERPINB9	28	1.93267701403289	62.4895781223945	0.721659402411608	unknown; source workbook does not define whether this is log2FC	D. Shared/functional markers	False	shared_or_cross_lineage_risk	False	True		2	4	2	2	Dendritic;Monocyte	DC1 CLEC9A+;DC2 CLEC10A+;Monocytes CD14+;Monocytes CD16+	DC;Monocyte	0		Positive top-marker lists only; no complete non-target expression matrix, so cell specificity cannot be fully estimated.
Lung	BI_PF_ILD_atlas_v1	Sheet 1	3730	Monocyte	Monocytes CD16+	Monocyte	Monocyte	SEC14L1	29	1.63627258006886	73.5534433883608	0.719373202480664	unknown; source workbook does not define whether this is log2FC	D. Shared/functional markers	False	shared_or_cross_lineage_risk	False	False		2	2	2	2	Dendritic;Monocyte	DC2 CLEC10A+;Monocytes CD16+	DC;Monocyte	0		Positive top-marker lists only; no complete non-target expression matrix, so cell specificity cannot be fully estimated.
Lung	BI_PF_ILD_atlas_v1	Sheet 1	3731	Monocyte	Monocytes CD16+	Monocyte	Monocyte	CORO1A	30	1.93801436241951	61.2889778222444	0.718471834662902	unknown; source workbook does not define whether this is log2FC	D. Shared/functional markers	False	shared_or_cross_lineage_risk	False	True		3	4	3	3	Dendritic;Monocyte;T cell	DC2 C1QC+;Monocytes CD14+/IL1B;Monocytes CD16+;T CD4+ JUN+	DC;Monocyte;T	0		Positive top-marker lists only; no complete non-target expression matrix, so cell specificity cannot be fully estimated.
Lung	BI_PF_ILD_atlas_v1	Sheet 1	3732	Monocyte	Monocytes CD16+	Monocyte	Monocyte	RGS2	31	1.45735608161263	72.3611805902951	0.717104773625167	unknown; source workbook does not define whether this is log2FC	D. Shared/functional markers	False	shared_or_cross_lineage_risk	False	True		4	8	4	4	Basophil/Mast;Dendritic;Macrophage;Monocyte	Basophil/Mast;DC CXCL2+/CD14+/CD1C-;DC2 CLEC10A+;Macrophage C1Q hi;Macrophage LYVE1+;Monocytes CD14+;Monocytes CD14+/IL1B;Monocytes CD16+	DC;Macrophage;Mast/Basophil;Monocyte	0		Positive top-marker lists only; no complete non-target expression matrix, so cell specificity cannot be fully estimated.
Lung	BI_PF_ILD_atlas_v1	Sheet 1	3733	Monocyte	Monocytes CD16+	Monocyte	Monocyte	SIPA1L1	32	1.56697505392824	76.0963815240954	0.715790134427781	unknown; source workbook does not define whether this is log2FC	D. Shared/functional markers	False	shared_or_cross_lineage_risk	False	True		3	5	3	3	Dendritic;Macrophage;Monocyte	DC CXCL2+/CD14+/CD1C-;DC2 CLEC10A+;Macrophage LYVE1+;Monocytes CD14+;Monocytes CD16+	DC;Macrophage;Monocyte	0		Positive top-marker lists only; no complete non-target expression matrix, so cell specificity cannot be fully estimated.
Lung	BI_PF_ILD_atlas_v1	Sheet 1	3734	Monocyte	Monocytes CD16+	Monocyte	Monocyte	ZEB2	33	1.39239520705723	92.5962981490745	0.714901668315693	unknown; source workbook does not define whether this is log2FC	D. Shared/functional markers	False	shared_or_cross_lineage_risk	False	True		2	4	2	2	Macrophage;Monocyte	Macrophage IL1B+;Macrophage RETN+/VCAN+;Monocytes CD14+;Monocytes CD16+	Macrophage;Monocyte	0		Positive top-marker lists only; no complete non-target expression matrix, so cell specificity cannot be fully estimated.
Lung	BI_PF_ILD_atlas_v1	Sheet 1	3735	Monocyte	Monocytes CD16+	Monocyte	Monocyte	CLEC7A	34	1.53052712495252	76.9634817408704	0.714541745545222	unknown; source workbook does not define whether this is log2FC	D. Shared/functional markers	False	shared_or_cross_lineage_risk	False	True		2	3	2	2	Dendritic;Monocyte	DC CXCL2+/CD14+/CD1C-;Monocytes CD14+/IL1B;Monocytes CD16+	DC;Monocyte	0		Positive top-marker lists only; no complete non-target expression matrix, so cell specificity cannot be fully estimated.
Lung	BI_PF_ILD_atlas_v1	Sheet 1	3736	Monocyte	Monocytes CD16+	Monocyte	Monocyte	RNF149	35	1.41771816033769	87.0351842587961	0.714428865343321	unknown; source workbook does not define whether this is log2FC	B. Extended lineage markers	False	limited_extended_evidence	False	False		1	1	1	1	Monocyte	Monocytes CD16+	Monocyte	0		Positive top-marker lists only; no complete non-target expression matrix, so cell specificity cannot be fully estimated.
Lung	BI_PF_ILD_atlas_v1	Sheet 1	3737	Monocyte	Monocytes CD16+	Monocyte	Monocyte	HCK	36	1.81325970882071	71.4774053693513	0.711616571810302	unknown; source workbook does not define whether this is log2FC	B. Extended lineage markers	False	limited_extended_evidence	False	False		1	1	1	1	Monocyte	Monocytes CD16+	Monocyte	0		Positive top-marker lists only; no complete non-target expression matrix, so cell specificity cannot be fully estimated.
Lung	BI_PF_ILD_atlas_v1	Sheet 1	3738	Monocyte	Monocytes CD16+	Monocyte	Monocyte	RIN3	37	1.90860187765817	70.5269301317325	0.71147276272834	unknown; source workbook does not define whether this is log2FC	B. Extended lineage markers	False	limited_extended_evidence	False	False		1	1	1	1	Monocyte	Monocytes CD16+	Monocyte	0		Positive top-marker lists only; no complete non-target expression matrix, so cell specificity cannot be fully estimated.
Lung	BI_PF_ILD_atlas_v1	Sheet 1	3739	Monocyte	Monocytes CD16+	Monocyte	Monocyte	FCER1G	38	0.982181944698661	96.4648991162248	0.710926327213131	unknown; source workbook does not define whether this is log2FC	D. Shared/functional markers	False	shared_or_cross_lineage_risk	False	False		3	5	3	2	Macrophage;Macrophage FABP4+;Monocyte	Macrophage C1Q hi;Macrophage CHI3L1+/CD9 hi/;Macrophage FABP4+;Macrophage RETN+/VCAN+;Monocytes CD16+	Macrophage;Monocyte	0		Positive top-marker lists only; no complete non-target expression matrix, so cell specificity cannot be fully estimated.
Lung	BI_PF_ILD_atlas_v1	Sheet 1	3740	Monocyte	Monocytes CD16+	Monocyte	Monocyte	TIMP1	39	0.743769326637267	89.8949474737369	0.710760284724663	unknown; source workbook does not define whether this is log2FC	D. Shared/functional markers	False	shared_or_cross_lineage_risk	False	True		2	3	2	2	Macrophage;Monocyte	Macrophage RETN+/VCAN+;Monocytes CD14+;Monocytes CD16+	Macrophage;Monocyte	5	Adventital fibroblast;Fib COL13A1+;Lipofibroblast;Mesothelial;Myofibroblast	Positive top-marker lists only; no complete non-target expression matrix, so cell specificity cannot be fully estimated.
Lung	BI_PF_ILD_atlas_v1	Sheet 1	3741	Monocyte	Monocytes CD16+	Monocyte	Monocyte	IFITM3	40	0.96811863350327	87.2519593129898	0.710206355705809	unknown; source workbook does not define whether this is log2FC	D. Shared/functional markers	False	shared_or_cross_lineage_risk	False	False		1	1	1	1	Monocyte	Monocytes CD16+	Monocyte	13	Adventital fibroblast;Artery;Bronchial Vessel;Bronchial Vessel CXCL12+;Bronchial Vessel SELE+;Capillary;Capillary Aerocyte;Lipofibroblast;Lymphatic;Mesothelial;Myofibroblast;Pericyte;Vein	Positive top-marker lists only; no complete non-target expression matrix, so cell specificity cannot be fully estimated.
Lung	BI_PF_ILD_atlas_v1	Sheet 1	3742	Monocyte	Monocytes CD16+	Monocyte	Monocyte	FPR1	41	1.68751681490503	68.5092546273137	0.709297468128693	unknown; source workbook does not define whether this is log2FC	B. Extended lineage markers	False	limited_extended_evidence	False	True		1	3	1	1	Monocyte	Monocytes CD14+;Monocytes CD14+/IL1B;Monocytes CD16+	Monocyte	0		Positive top-marker lists only; no complete non-target expression matrix, so cell specificity cannot be fully estimated.
Lung	BI_PF_ILD_atlas_v1	Sheet 1	3743	Monocyte	Monocytes CD16+	Monocyte	Monocyte	VMP1	42	1.34433153583079	87.6855094213773	0.707247842231066	unknown; source workbook does not define whether this is log2FC	B. Extended lineage markers	False	limited_extended_evidence	False	False		1	1	1	1	Monocyte	Monocytes CD16+	Monocyte	0		Positive top-marker lists only; no complete non-target expression matrix, so cell specificity cannot be fully estimated.
Lung	BI_PF_ILD_atlas_v1	Sheet 1	3744	Monocyte	Monocytes CD16+	Monocyte	Monocyte	CTSS	43	1.22786935629518	93.3716858429215	0.70223522287364	unknown; source workbook does not define whether this is log2FC	D. Shared/functional markers	False	shared_or_cross_lineage_risk	False	False		2	4	3	2	Macrophage;Monocyte	Macrophage C1Q hi;Macrophage CHI3L1+/CD9 hi/;Monocytes CD14+/IL1B;Monocytes CD16+	Macrophage;Monocyte	0		Positive top-marker lists only; no complete non-target expression matrix, so cell specificity cannot be fully estimated.
Lung	BI_PF_ILD_atlas_v1	Sheet 1	3745	Monocyte	Monocytes CD16+	Monocyte	Monocyte	PFKFB3	44	1.68124375933707	65.7245289311322	0.700719032951589	unknown; source workbook does not define whether this is log2FC	D. Shared/functional markers	False	shared_or_cross_lineage_risk	False	True		2	3	2	2	Dendritic;Monocyte	DC1 CLEC9A+;Monocytes CD14+;Monocytes CD16+	DC;Monocyte	0		Positive top-marker lists only; no complete non-target expression matrix, so cell specificity cannot be fully estimated.
Lung	BI_PF_ILD_atlas_v1	Sheet 1	3746	Monocyte	Monocytes CD16+	Monocyte	Monocyte	PRKCB	45	1.63946740151441	61.7308654327164	0.698204048170917	unknown; source workbook does not define whether this is log2FC	D. Shared/functional markers	False	shared_or_cross_lineage_risk	False	False		3	4	3	3	B/Plasma;Monocyte;pDC	B cell;Monocytes CD14+/IL1B;Monocytes CD16+;pDC	B;DC;Monocyte	0		Positive top-marker lists only; no complete non-target expression matrix, so cell specificity cannot be fully estimated.
Lung	BI_PF_ILD_atlas_v1	Sheet 1	3747	Monocyte	Monocytes CD16+	Monocyte	Monocyte	CHD1	46	1.46820962448752	76.7300316825079	0.695167596178957	unknown; source workbook does not define whether this is log2FC	B. Extended lineage markers	False	limited_extended_evidence	False	True		1	1	1	1	Monocyte	Monocytes CD16+	Monocyte	0		Positive top-marker lists only; no complete non-target expression matrix, so cell specificity cannot be fully estimated.
Lung	BI_PF_ILD_atlas_v1	Sheet 1	3748	Monocyte	Monocytes CD16+	Monocyte	Monocyte	CD48	47	2.23923251764009	52.1927630481908	0.694238390359414	unknown; source workbook does not define whether this is log2FC	B. Extended lineage markers	False	limited_extended_evidence	False	False		1	1	1	1	Monocyte	Monocytes CD16+	Monocyte	0		Positive top-marker lists only; no complete non-target expression matrix, so cell specificity cannot be fully estimated.
Lung	BI_PF_ILD_atlas_v1	Sheet 1	3749	Monocyte	Monocytes CD16+	Monocyte	Monocyte	CD300E	48	2.63817377040398	47.890611972653	0.693814047772617	unknown; source workbook does not define whether this is log2FC	A. Lineage-core	True	relatively_specific_core	True	True		1	3	1	1	Monocyte	Monocytes CD14+;Monocytes CD14+/IL1B;Monocytes CD16+	Monocyte	0		Positive top-marker lists only; no complete non-target expression matrix, so cell specificity cannot be fully estimated.
Lung	BI_PF_ILD_atlas_v1	Sheet 1	3750	Monocyte	Monocytes CD16+	Monocyte	Monocyte	DNMBP	49	2.31268011332705	54.7106886776722	0.692577742641222	unknown; source workbook does not define whether this is log2FC	D. Shared/functional markers	False	shared_or_cross_lineage_risk	False	False		2	2	2	2	Macrophage;Monocyte	Macrophage LYVE1+;Monocytes CD16+	Macrophage;Monocyte	0		Positive top-marker lists only; no complete non-target expression matrix, so cell specificity cannot be fully estimated.
Lung	BI_PF_ILD_atlas_v1	Sheet 1	3751	Monocyte	Monocytes CD16+	Monocyte	Monocyte	STK17B	50	1.21776825240631	79.9566449891612	0.692049988573644	unknown; source workbook does not define whether this is log2FC	D. Shared/functional markers	False	shared_or_cross_lineage_risk	False	False		3	8	5	3	Dendritic;Monocyte;T cell	CD8+ Naive T;DC1 CLEC9A+;DC2 CD1A+/CD1E+;DC2 CLEC10A+;Monocytes CD16+;T CD4+ JUN+;T regulatory;helper T CD4+	DC;Monocyte;T	0		Positive top-marker lists only; no complete non-target expression matrix, so cell specificity cannot be fully estimated.
Lung	BI_PF_ILD_atlas_v1	Sheet 1	1702	NK	Activated NK XCL1+	Activated NK	NK	KLRB1	1	2.35331877866469	76.290832455216	0.861635269867771	unknown; source workbook does not define whether this is log2FC	C. State-associated markers	True	state_associated_not_lineage_core	False	True		1	2	2	1	NK	Activated NK XCL1+;NK	NK	0		Positive top-marker lists only; no complete non-target expression matrix, so cell specificity cannot be fully estimated.
Lung	BI_PF_ILD_atlas_v1	Sheet 1	1703	NK	Activated NK XCL1+	Activated NK	NK	SYTL3	2	0.571488655657342	89.7787144362487	0.855683302600699	unknown; source workbook does not define whether this is log2FC	D. Shared/functional markers	False	shared_or_cross_lineage_risk	False	True		3	9	7	3	Basophil/Mast;NK;T cell	Activated NK XCL1+;Basophil/Mast;CD8+ Naive T;Cytotoxic T;NK;T CD4+ JUN+;T regulatory;helper T CD4+;helper T CD4+ CDR7+	Mast/Basophil;NK;T	0		Positive top-marker lists only; no complete non-target expression matrix, so cell specificity cannot be fully estimated.
Lung	BI_PF_ILD_atlas_v1	Sheet 1	1704	NK	Activated NK XCL1+	Activated NK	NK	CD69	3	0.560024271288881	80.1896733403583	0.833694924429448	unknown; source workbook does not define whether this is log2FC	D. Shared/functional markers	False	shared_or_cross_lineage_risk	False	True		4	9	7	4	B/Plasma;Basophil/Mast;NK;T cell	Activated NK XCL1+;B cell;Basophil/Mast;CD8+ Naive T;Cytotoxic T;NK;T CD4+ JUN+;helper T CD4+;helper T CD4+ CDR7+	B;Mast/Basophil;NK;T	0		Positive top-marker lists only; no complete non-target expression matrix, so cell specificity cannot be fully estimated.
Lung	BI_PF_ILD_atlas_v1	Sheet 1	1705	NK	Activated NK XCL1+	Activated NK	NK	XCL1	4	3.85417705921674	62.6975763962065	0.808314080413337	unknown; source workbook does not define whether this is log2FC	C. State-associated markers	True	state_associated_not_lineage_core	False	False		1	1	1	1	NK	Activated NK XCL1+	NK	0		Positive top-marker lists only; no complete non-target expression matrix, so cell specificity cannot be fully estimated.
Lung	BI_PF_ILD_atlas_v1	Sheet 1	1706	NK	Activated NK XCL1+	Activated NK	NK	CD7	5	1.53027387448807	66.5964172813488	0.804924899778003	unknown; source workbook does not define whether this is log2FC	D. Shared/functional markers	False	shared_or_cross_lineage_risk	False	True		2	4	4	2	NK;T cell	Activated NK XCL1+;CD8+ Naive T;NK;T regulatory	NK;T	0		Positive top-marker lists only; no complete non-target expression matrix, so cell specificity cannot be fully estimated.
Lung	BI_PF_ILD_atlas_v1	Sheet 1	1707	NK	Activated NK XCL1+	Activated NK	NK	XCL2	6	3.324418089079	62.1707060063224	0.803844347515605	unknown; source workbook does not define whether this is log2FC	C. State-associated markers	True	state_associated_not_lineage_core	False	False		1	1	1	1	NK	Activated NK XCL1+	NK	0		Positive top-marker lists only; no complete non-target expression matrix, so cell specificity cannot be fully estimated.
Lung	BI_PF_ILD_atlas_v1	Sheet 1	1708	NK	Activated NK XCL1+	Activated NK	NK	FYN	7	0.274698037894407	75.9747102212856	0.78835190668543	unknown; source workbook does not define whether this is log2FC	D. Shared/functional markers	False	shared_or_cross_lineage_risk	False	True		2	8	6	2	NK;T cell	Activated NK XCL1+;CD8+ Naive T;Cytotoxic T;NK;T CD4+ JUN+;T regulatory;helper T CD4+;helper T CD4+ CDR7+	NK;T	0		Positive top-marker lists only; no complete non-target expression matrix, so cell specificity cannot be fully estimated.
Lung	BI_PF_ILD_atlas_v1	Sheet 1	1709	NK	Activated NK XCL1+	Activated NK	NK	CTSW	8	1.30636239543968	64.172813487882	0.783462655862881	unknown; source workbook does not define whether this is log2FC	D. Shared/functional markers	False	shared_or_cross_lineage_risk	False	True	cytotoxicity	2	3	3	2	NK;T cell	Activated NK XCL1+;Cytotoxic T;NK	NK;T	0		Positive top-marker lists only; no complete non-target expression matrix, so cell specificity cannot be fully estimated.
Lung	BI_PF_ILD_atlas_v1	Sheet 1	1710	NK	Activated NK XCL1+	Activated NK	NK	KLRD1	9	1.09182086342765	60.8008429926238	0.766473327503188	unknown; source workbook does not define whether this is log2FC	D. Shared/functional markers	False	shared_or_cross_lineage_risk	True	True	cytotoxicity	2	4	4	2	NK;T cell	Activated NK XCL1+;CD8+ Naive T;Cytotoxic T;NK	NK;T	0		Positive top-marker lists only; no complete non-target expression matrix, so cell specificity cannot be fully estimated.
Lung	BI_PF_ILD_atlas_v1	Sheet 1	1711	NK	Activated NK XCL1+	Activated NK	NK	NCALD	10	1.08459255220868	58.6933614330875	0.751415039752744	unknown; source workbook does not define whether this is log2FC	D. Shared/functional markers	False	shared_or_cross_lineage_risk	False	True		1	2	2	1	NK	Activated NK XCL1+;NK	NK	1	Ionocyte	Positive top-marker lists only; no complete non-target expression matrix, so cell specificity cannot be fully estimated.
Lung	BI_PF_ILD_atlas_v1	Sheet 1	1712	NK	Activated NK XCL1+	Activated NK	NK	CNOT6L	11	-0.150014339822882	71.2328767123288	0.746136215935235	unknown; source workbook does not define whether this is log2FC	D. Shared/functional markers	False	shared_or_cross_lineage_risk	False	True		2	8	6	2	NK;T cell	Activated NK XCL1+;CD8+ Naive T;Cytotoxic T;NK;T CD4+ JUN+;T regulatory;helper T CD4+;helper T CD4+ CDR7+	NK;T	0		Positive top-marker lists only; no complete non-target expression matrix, so cell specificity cannot be fully estimated.
Lung	BI_PF_ILD_atlas_v1	Sheet 1	1713	NK	Activated NK XCL1+	Activated NK	NK	TXK	12	2.15694230933567	52.8977871443625	0.7445175969405	unknown; source workbook does not define whether this is log2FC	B. Extended lineage markers	True	moderate_extended	False	True		1	2	2	1	NK	Activated NK XCL1+;NK	NK	0		Positive top-marker lists only; no complete non-target expression matrix, so cell specificity cannot be fully estimated.
Lung	BI_PF_ILD_atlas_v1	Sheet 1	1714	NK	Activated NK XCL1+	Activated NK	NK	MCTP2	13	1.21749112702681	58.377239199157	0.74444406464102	unknown; source workbook does not define whether this is log2FC	D. Shared/functional markers	False	shared_or_cross_lineage_risk	False	True		2	3	3	2	B/Plasma;NK	Activated NK XCL1+;B cell LRMP+;NK	B;NK	0		Positive top-marker lists only; no complete non-target expression matrix, so cell specificity cannot be fully estimated.
Lung	BI_PF_ILD_atlas_v1	Sheet 1	1715	NK	Activated NK XCL1+	Activated NK	NK	PPP1R16B	14	0.417467321748725	57.8503688092729	0.739303432516474	unknown; source workbook does not define whether this is log2FC	D. Shared/functional markers	False	shared_or_cross_lineage_risk	False	False		2	7	5	2	NK;T cell	Activated NK XCL1+;CD8+ Naive T;Cytotoxic T;T CD4+ JUN+;T regulatory;helper T CD4+;helper T CD4+ CDR7+	NK;T	0		Positive top-marker lists only; no complete non-target expression matrix, so cell specificity cannot be fully estimated.
Lung	BI_PF_ILD_atlas_v1	Sheet 1	1716	NK	Activated NK XCL1+	Activated NK	NK	DUSP2	15	-0.0587139909381023	65.331928345627	0.734166495946725	unknown; source workbook does not define whether this is log2FC	D. Shared/functional markers	False	shared_or_cross_lineage_risk	False	True		2	3	3	2	NK;T cell	Activated NK XCL1+;Cytotoxic T;NK	NK;T	0		Positive top-marker lists only; no complete non-target expression matrix, so cell specificity cannot be fully estimated.
Lung	BI_PF_ILD_atlas_v1	Sheet 1	1717	NK	Activated NK XCL1+	Activated NK	NK	RNF125	16	0.749272935129769	55.6375131717597	0.733009579215393	unknown; source workbook does not define whether this is log2FC	D. Shared/functional markers	False	shared_or_cross_lineage_risk	False	True		2	6	5	2	NK;T cell	Activated NK XCL1+;CD8+ Naive T;Cytotoxic T;NK;helper T CD4+;helper T CD4+ CDR7+	NK;T	0		Positive top-marker lists only; no complete non-target expression matrix, so cell specificity cannot be fully estimated.
Lung	BI_PF_ILD_atlas_v1	Sheet 1	1718	NK	Activated NK XCL1+	Activated NK	NK	GNLY	17	1.3627521098358	52.1601685985248	0.730915372069619	unknown; source workbook does not define whether this is log2FC	D. Shared/functional markers	False	shared_or_cross_lineage_risk	False	True	cytotoxicity	2	3	3	2	NK;T cell	Activated NK XCL1+;Cytotoxic T;NK	NK;T	0		Positive top-marker lists only; no complete non-target expression matrix, so cell specificity cannot be fully estimated.
Lung	BI_PF_ILD_atlas_v1	Sheet 1	1719	NK	Activated NK XCL1+	Activated NK	NK	BACH2	18	1.13068408876748	53.1085353003161	0.729242025035298	unknown; source workbook does not define whether this is log2FC	D. Shared/functional markers	False	shared_or_cross_lineage_risk	False	False		3	4	3	3	B/Plasma;NK;T cell	Activated NK XCL1+;B cell;B cell LRMP+;helper T CD4+ CDR7+	B;NK;T	0		Positive top-marker lists only; no complete non-target expression matrix, so cell specificity cannot be fully estimated.
Lung	BI_PF_ILD_atlas_v1	Sheet 1	1720	NK	Activated NK XCL1+	Activated NK	NK	STAT4	19	0.341154561988149	58.4826132771338	0.728092671304048	unknown; source workbook does not define whether this is log2FC	D. Shared/functional markers	False	shared_or_cross_lineage_risk	False	True		2	8	6	2	NK;T cell	Activated NK XCL1+;CD8+ Naive T;Cytotoxic T;NK;T CD4+ JUN+;T regulatory;helper T CD4+;helper T CD4+ CDR7+	NK;T	0		Positive top-marker lists only; no complete non-target expression matrix, so cell specificity cannot be fully estimated.
Lung	BI_PF_ILD_atlas_v1	Sheet 1	1721	NK	Activated NK XCL1+	Activated NK	NK	PARP8	20	0.0763342430101535	65.331928345627	0.726924200075476	unknown; source workbook does not define whether this is log2FC	D. Shared/functional markers	False	shared_or_cross_lineage_risk	False	True		2	7	5	2	NK;T cell	Activated NK XCL1+;CD8+ Naive T;Cytotoxic T;NK;T CD4+ JUN+;helper T CD4+;helper T CD4+ CDR7+	NK;T	0		Positive top-marker lists only; no complete non-target expression matrix, so cell specificity cannot be fully estimated.
Lung	BI_PF_ILD_atlas_v1	Sheet 1	1722	NK	Activated NK XCL1+	Activated NK	NK	CBLB	21	-0.254273991533493	70.7060063224447	0.722221395192712	unknown; source workbook does not define whether this is log2FC	D. Shared/functional markers	False	shared_or_cross_lineage_risk	False	True		2	6	5	2	NK;T cell	Activated NK XCL1+;CD8+ Naive T;Cytotoxic T;NK;T CD4+ JUN+;helper T CD4+	NK;T	0		Positive top-marker lists only; no complete non-target expression matrix, so cell specificity cannot be fully estimated.
Lung	BI_PF_ILD_atlas_v1	Sheet 1	1723	NK	Activated NK XCL1+	Activated NK	NK	CXCR4	22	-0.811166403092396	83.245521601686	0.718616700785231	unknown; source workbook does not define whether this is log2FC	D. Shared/functional markers	False	shared_or_cross_lineage_risk	False	False		5	10	7	4	B/Plasma;Dendritic;NK;T cell;pDC	Activated NK XCL1+;B cell;CD8+ Naive T;Cytotoxic T;DC CXCL2+/CD14+/CD1C-;DC2 CLEC10A+;T CD4+ JUN+;helper T CD4+;helper T CD4+ CDR7+;pDC	B;DC;NK;T	0		Positive top-marker lists only; no complete non-target expression matrix, so cell specificity cannot be fully estimated.
Lung	BI_PF_ILD_atlas_v1	Sheet 1	1724	NK	Activated NK XCL1+	Activated NK	NK	AREG	23	-1.29014103686607	84.6153846153846	0.718375502228725	unknown; source workbook does not define whether this is log2FC	D. Shared/functional markers	False	shared_or_cross_lineage_risk	False	False		4	5	4	4	Basophil/Mast;Dendritic;Monocyte;NK	Activated NK XCL1+;Basophil/Mast;DC CXCL2+/CD14+/CD1C-;DC2 CLEC10A+;Monocytes CD14+	DC;Mast/Basophil;Monocyte;NK	0		Positive top-marker lists only; no complete non-target expression matrix, so cell specificity cannot be fully estimated.
Lung	BI_PF_ILD_atlas_v1	Sheet 1	1725	NK	Activated NK XCL1+	Activated NK	NK	IFITM2	24	-1.03148625460433	87.7766069546892	0.716993187338825	unknown; source workbook does not define whether this is log2FC	D. Shared/functional markers	False	shared_or_cross_lineage_risk	False	True		2	3	3	2	Monocyte;NK	Activated NK XCL1+;Monocytes CD16+;NK	Monocyte;NK	5	Artery;Bronchial Vessel;Bronchial Vessel CXCL12+;Bronchial Vessel SELE+;Vein	Positive top-marker lists only; no complete non-target expression matrix, so cell specificity cannot be fully estimated.
Lung	BI_PF_ILD_atlas_v1	Sheet 1	1726	NK	Activated NK XCL1+	Activated NK	NK	KLRC4-KLRK1	25	1.22395533583008	47.6290832455216	0.715456548599291	unknown; source workbook does not define whether this is log2FC	D. Shared/functional markers	False	shared_or_cross_lineage_risk	False	True		2	4	4	2	NK;T cell	Activated NK XCL1+;CD8+ Naive T;Cytotoxic T;NK	NK;T	0		Positive top-marker lists only; no complete non-target expression matrix, so cell specificity cannot be fully estimated.
Lung	BI_PF_ILD_atlas_v1	Sheet 1	1727	NK	Activated NK XCL1+	Activated NK	NK	CD96	26	0.71952260700699	49.1043203371971	0.714416251926764	unknown; source workbook does not define whether this is log2FC	D. Shared/functional markers	False	shared_or_cross_lineage_risk	False	False		2	5	3	2	NK;T cell	Activated NK XCL1+;CD8+ Naive T;T CD4+ JUN+;helper T CD4+;helper T CD4+ CDR7+	NK;T	0		Positive top-marker lists only; no complete non-target expression matrix, so cell specificity cannot be fully estimated.
Lung	BI_PF_ILD_atlas_v1	Sheet 1	1728	NK	Activated NK XCL1+	Activated NK	NK	DENND4A	27	-0.0907717692647507	74.8155953635406	0.709604370217295	unknown; source workbook does not define whether this is log2FC	D. Shared/functional markers	False	shared_or_cross_lineage_risk	False	False		2	2	2	2	B/Plasma;NK	Activated NK XCL1+;B cell	B;NK	0		Positive top-marker lists only; no complete non-target expression matrix, so cell specificity cannot be fully estimated.
Lung	BI_PF_ILD_atlas_v1	Sheet 1	1729	NK	Activated NK XCL1+	Activated NK	NK	SKAP1	28	0.482731246288652	50.6849315068493	0.708583209831634	unknown; source workbook does not define whether this is log2FC	D. Shared/functional markers	False	shared_or_cross_lineage_risk	False	True		2	8	6	2	NK;T cell	Activated NK XCL1+;CD8+ Naive T;Cytotoxic T;NK;T CD4+ JUN+;T regulatory;helper T CD4+;helper T CD4+ CDR7+	NK;T	0		Positive top-marker lists only; no complete non-target expression matrix, so cell specificity cannot be fully estimated.
Lung	BI_PF_ILD_atlas_v1	Sheet 1	1730	NK	Activated NK XCL1+	Activated NK	NK	TNFRSF18	29	2.31312044774439	43.3087460484721	0.706988121413331	unknown; source workbook does not define whether this is log2FC	D. Shared/functional markers	False	shared_or_cross_lineage_risk	False	False		2	2	2	2	NK;T cell	Activated NK XCL1+;T regulatory	NK;T	0		Positive top-marker lists only; no complete non-target expression matrix, so cell specificity cannot be fully estimated.
Lung	BI_PF_ILD_atlas_v1	Sheet 1	1731	NK	Activated NK XCL1+	Activated NK	NK	ARHGAP15	30	-0.338996828963032	68.809272918862	0.705534416074972	unknown; source workbook does not define whether this is log2FC	D. Shared/functional markers	False	shared_or_cross_lineage_risk	False	False		3	7	5	3	B/Plasma;NK;T cell	Activated NK XCL1+;B cell;CD8+ Naive T;T CD4+ JUN+;T regulatory;helper T CD4+;helper T CD4+ CDR7+	B;NK;T	0		Positive top-marker lists only; no complete non-target expression matrix, so cell specificity cannot be fully estimated.
Lung	BI_PF_ILD_atlas_v1	Sheet 1	1732	NK	Activated NK XCL1+	Activated NK	NK	RPL17-C18orf32	31	-0.627661089841717	84.9315068493151	0.70470839026471	unknown; source workbook does not define whether this is log2FC	D. Shared/functional markers	False	shared_or_cross_lineage_risk	False	False	housekeeping/stress	2	2	2	2	B/Plasma;NK	Activated NK XCL1+;B cell	B;NK	0		Positive top-marker lists only; no complete non-target expression matrix, so cell specificity cannot be fully estimated.
Lung	BI_PF_ILD_atlas_v1	Sheet 1	1733	NK	Activated NK XCL1+	Activated NK	NK	XYLT1	32	0.121114986624508	55.8482613277134	0.704680802164583	unknown; source workbook does not define whether this is log2FC	B. Extended lineage markers	False	limited_extended_evidence	False	False		1	1	1	1	NK	Activated NK XCL1+	NK	0		Positive top-marker lists only; no complete non-target expression matrix, so cell specificity cannot be fully estimated.
Lung	BI_PF_ILD_atlas_v1	Sheet 1	1734	NK	Activated NK XCL1+	Activated NK	NK	KLRC1	33	2.48069031113845	41.9388830347734	0.702321634406597	unknown; source workbook does not define whether this is log2FC	B. Extended lineage markers	False	limited_extended_evidence	False	False		1	1	1	1	NK	Activated NK XCL1+	NK	0		Positive top-marker lists only; no complete non-target expression matrix, so cell specificity cannot be fully estimated.
Lung	BI_PF_ILD_atlas_v1	Sheet 1	1735	NK	Activated NK XCL1+	Activated NK	NK	CCND3	34	-0.388293828849655	71.9704952581665	0.698329666497034	unknown; source workbook does not define whether this is log2FC	B. Extended lineage markers	False	limited_extended_evidence	False	True		1	2	2	1	NK	Activated NK XCL1+;NK	NK	0		Positive top-marker lists only; no complete non-target expression matrix, so cell specificity cannot be fully estimated.
Lung	BI_PF_ILD_atlas_v1	Sheet 1	1736	NK	Activated NK XCL1+	Activated NK	NK	ATP8B4	35	1.24703258201271	45.7323498419389	0.696086907810806	unknown; source workbook does not define whether this is log2FC	B. Extended lineage markers	False	limited_extended_evidence	False	False		1	1	1	1	NK	Activated NK XCL1+	NK	0		Positive top-marker lists only; no complete non-target expression matrix, so cell specificity cannot be fully estimated.
Lung	BI_PF_ILD_atlas_v1	Sheet 1	1737	NK	Activated NK XCL1+	Activated NK	NK	NFKB1	36	-0.36430325026677	69.8630136986301	0.692501281590543	unknown; source workbook does not define whether this is log2FC	D. Shared/functional markers	False	shared_or_cross_lineage_risk	False	False		3	4	3	3	Dendritic;Macrophage;NK	Activated NK XCL1+;DC LAMP3+/CCR7+;DC2 CLEC10A+;Macrophage IL1B+	DC;Macrophage;NK	0		Positive top-marker lists only; no complete non-target expression matrix, so cell specificity cannot be fully estimated.
Lung	BI_PF_ILD_atlas_v1	Sheet 1	1738	NK	Activated NK XCL1+	Activated NK	NK	ZFP36L2	37	-1.10961449068708	89.4625922023182	0.691409398662799	unknown; source workbook does not define whether this is log2FC	D. Shared/functional markers	False	shared_or_cross_lineage_risk	False	False		2	2	2	2	NK;T cell	Activated NK XCL1+;helper T CD4+ CDR7+	NK;T	0		Positive top-marker lists only; no complete non-target expression matrix, so cell specificity cannot be fully estimated.
Lung	BI_PF_ILD_atlas_v1	Sheet 1	1739	NK	Activated NK XCL1+	Activated NK	NK	RUNX2	38	0.842951519138469	45.9430979978925	0.688326872216039	unknown; source workbook does not define whether this is log2FC	D. Shared/functional markers	False	shared_or_cross_lineage_risk	False	False		2	2	2	2	NK;T cell	Activated NK XCL1+;helper T CD4+	NK;T	0		Positive top-marker lists only; no complete non-target expression matrix, so cell specificity cannot be fully estimated.
Lung	BI_PF_ILD_atlas_v1	Sheet 1	1740	NK	Activated NK XCL1+	Activated NK	NK	CD247	39	0.251136363965107	45.6269757639621	0.687853131519234	unknown; source workbook does not define whether this is log2FC	D. Shared/functional markers	False	shared_or_cross_lineage_risk	False	True		2	5	5	2	NK;T cell	Activated NK XCL1+;Cytotoxic T;NK;T regulatory;helper T CD4+ CDR7+	NK;T	0		Positive top-marker lists only; no complete non-target expression matrix, so cell specificity cannot be fully estimated.
Lung	BI_PF_ILD_atlas_v1	Sheet 1	1741	NK	Activated NK XCL1+	Activated NK	NK	SIK3	40	-0.421029151642208	79.4520547945205	0.687726107391724	unknown; source workbook does not define whether this is log2FC	B. Extended lineage markers	False	limited_extended_evidence	False	False		1	1	1	1	NK	Activated NK XCL1+	NK	0		Positive top-marker lists only; no complete non-target expression matrix, so cell specificity cannot be fully estimated.
Lung	BI_PF_ILD_atlas_v1	Sheet 1	1742	NK	Activated NK XCL1+	Activated NK	NK	RP11-277P12.6	41	2.25068270355028	39.1991570073762	0.687236736478399	unknown; source workbook does not define whether this is log2FC	B. Extended lineage markers	False	limited_extended_evidence	False	False		1	1	1	1	NK	Activated NK XCL1+	NK	0		Positive top-marker lists only; no complete non-target expression matrix, so cell specificity cannot be fully estimated.
Lung	BI_PF_ILD_atlas_v1	Sheet 1	1743	NK	Activated NK XCL1+	Activated NK	NK	INPP5D	42	0.147804973178696	52.6870389884089	0.686879896465001	unknown; source workbook does not define whether this is log2FC	D. Shared/functional markers	False	shared_or_cross_lineage_risk	False	False		2	2	2	2	B/Plasma;NK	Activated NK XCL1+;B cell	B;NK	0		Positive top-marker lists only; no complete non-target expression matrix, so cell specificity cannot be fully estimated.
Lung	BI_PF_ILD_atlas_v1	Sheet 1	1744	NK	Activated NK XCL1+	Activated NK	NK	NKG7	43	-0.438767872827977	48.9989462592202	0.685876849535415	unknown; source workbook does not define whether this is log2FC	D. Shared/functional markers	False	shared_or_cross_lineage_risk	False	True	cytotoxicity	2	3	3	2	NK;T cell	Activated NK XCL1+;Cytotoxic T;NK	NK;T	0		Positive top-marker lists only; no complete non-target expression matrix, so cell specificity cannot be fully estimated.
Lung	BI_PF_ILD_atlas_v1	Sheet 1	1745	NK	Activated NK XCL1+	Activated NK	NK	PRKX	44	0.792725460862406	49.1043203371971	0.684999686676736	unknown; source workbook does not define whether this is log2FC	D. Shared/functional markers	False	shared_or_cross_lineage_risk	False	False		2	2	2	2	Basophil/Mast;NK	Activated NK XCL1+;Basophil/Mast	Mast/Basophil;NK	0		Positive top-marker lists only; no complete non-target expression matrix, so cell specificity cannot be fully estimated.
Lung	BI_PF_ILD_atlas_v1	Sheet 1	1746	NK	Activated NK XCL1+	Activated NK	NK	CARD11	45	0.692157209950022	44.6786090621707	0.684139867168471	unknown; source workbook does not define whether this is log2FC	B. Extended lineage markers	False	limited_extended_evidence	False	True		1	2	2	1	NK	Activated NK XCL1+;NK	NK	0		Positive top-marker lists only; no complete non-target expression matrix, so cell specificity cannot be fully estimated.
Lung	BI_PF_ILD_atlas_v1	Sheet 1	1747	NK	Activated NK XCL1+	Activated NK	NK	RUNX3	46	0.225914877205369	48.2613277133825	0.683293336397964	unknown; source workbook does not define whether this is log2FC	D. Shared/functional markers	False	shared_or_cross_lineage_risk	False	True		2	4	4	2	NK;T cell	Activated NK XCL1+;CD8+ Naive T;Cytotoxic T;NK	NK;T	0		Positive top-marker lists only; no complete non-target expression matrix, so cell specificity cannot be fully estimated.
Lung	BI_PF_ILD_atlas_v1	Sheet 1	1748	NK	Activated NK XCL1+	Activated NK	NK	IL7R	47	-0.446556685572337	59.3256059009484	0.683047848383759	unknown; source workbook does not define whether this is log2FC	D. Shared/functional markers	False	shared_or_cross_lineage_risk	False	False		3	4	3	3	Dendritic;NK;T cell	Activated NK XCL1+;DC LAMP3+/CCR7+;T CD4+ JUN+;helper T CD4+ CDR7+	DC;NK;T	0		Positive top-marker lists only; no complete non-target expression matrix, so cell specificity cannot be fully estimated.
Lung	BI_PF_ILD_atlas_v1	Sheet 1	1749	NK	Activated NK XCL1+	Activated NK	NK	NOL4L	48	0.781029982973985	47.2075869336143	0.68131707199789	unknown; source workbook does not define whether this is log2FC	B. Extended lineage markers	False	limited_extended_evidence	False	False		1	1	1	1	NK	Activated NK XCL1+	NK	0		Positive top-marker lists only; no complete non-target expression matrix, so cell specificity cannot be fully estimated.
Lung	BI_PF_ILD_atlas_v1	Sheet 1	1750	NK	Activated NK XCL1+	Activated NK	NK	PRKCH	49	-0.39324728364163	63.6459430979979	0.680472844460287	unknown; source workbook does not define whether this is log2FC	D. Shared/functional markers	False	shared_or_cross_lineage_risk	False	True		2	8	6	2	NK;T cell	Activated NK XCL1+;CD8+ Naive T;Cytotoxic T;NK;T CD4+ JUN+;T regulatory;helper T CD4+;helper T CD4+ CDR7+	NK;T	0		Positive top-marker lists only; no complete non-target expression matrix, so cell specificity cannot be fully estimated.
Lung	BI_PF_ILD_atlas_v1	Sheet 1	1751	NK	Activated NK XCL1+	Activated NK	NK	PLCG2	50	0.304961588589978	54.0569020021075	0.678962991666973	unknown; source workbook does not define whether this is log2FC	D. Shared/functional markers	False	shared_or_cross_lineage_risk	False	False		2	3	2	2	B/Plasma;NK	Activated NK XCL1+;B cell;B cell LRMP+	B;NK	0		Positive top-marker lists only; no complete non-target expression matrix, so cell specificity cannot be fully estimated.
Lung	BI_PF_ILD_atlas_v1	Sheet 1	3852	NK	NK	NK	NK	NKG7	1	5.2324420354994	98.0300262133609	0.974413656639614	unknown; source workbook does not define whether this is log2FC	D. Shared/functional markers	False	shared_or_cross_lineage_risk	False	True	cytotoxicity	2	3	3	2	NK;T cell	Activated NK XCL1+;Cytotoxic T;NK	NK;T	0		Positive top-marker lists only; no complete non-target expression matrix, so cell specificity cannot be fully estimated.
Lung	BI_PF_ILD_atlas_v1	Sheet 1	3853	NK	NK	NK	NK	CD247	2	5.54928212375739	93.4228294542855	0.955660557731818	unknown; source workbook does not define whether this is log2FC	D. Shared/functional markers	False	shared_or_cross_lineage_risk	False	True		2	5	5	2	NK;T cell	Activated NK XCL1+;Cytotoxic T;NK;T regulatory;helper T CD4+ CDR7+	NK;T	0		Positive top-marker lists only; no complete non-target expression matrix, so cell specificity cannot be fully estimated.
Lung	BI_PF_ILD_atlas_v1	Sheet 1	3854	NK	NK	NK	NK	GZMB	3	5.20616274547577	90.3169433632536	0.93699572358879	unknown; source workbook does not define whether this is log2FC	D. Shared/functional markers	False	shared_or_cross_lineage_risk	False	True	cytotoxicity	3	4	4	3	NK;T cell;pDC	CD8+ Naive T;Cytotoxic T;NK;pDC	DC;NK;T	0		Positive top-marker lists only; no complete non-target expression matrix, so cell specificity cannot be fully estimated.
Lung	BI_PF_ILD_atlas_v1	Sheet 1	3855	NK	NK	NK	NK	KLRD1	4	5.08071951821896	89.7926761458416	0.931152346024014	unknown; source workbook does not define whether this is log2FC	D. Shared/functional markers	False	shared_or_cross_lineage_risk	True	True	cytotoxicity	2	4	4	2	NK;T cell	Activated NK XCL1+;CD8+ Naive T;Cytotoxic T;NK	NK;T	0		Positive top-marker lists only; no complete non-target expression matrix, so cell specificity cannot be fully estimated.
Lung	BI_PF_ILD_atlas_v1	Sheet 1	3856	NK	NK	NK	NK	GNLY	5	5.82238718158244	88.418460560807	0.930807487716039	unknown; source workbook does not define whether this is log2FC	D. Shared/functional markers	False	shared_or_cross_lineage_risk	False	True	cytotoxicity	2	3	3	2	NK;T cell	Activated NK XCL1+;Cytotoxic T;NK	NK;T	0		Positive top-marker lists only; no complete non-target expression matrix, so cell specificity cannot be fully estimated.
Lung	BI_PF_ILD_atlas_v1	Sheet 1	3857	NK	NK	NK	NK	PRF1	6	5.81052123824836	86.5120343156724	0.923435638748022	unknown; source workbook does not define whether this is log2FC	D. Shared/functional markers	False	shared_or_cross_lineage_risk	False	True	cytotoxicity	2	2	2	2	NK;T cell	Cytotoxic T;NK	NK;T	0		Positive top-marker lists only; no complete non-target expression matrix, so cell specificity cannot be fully estimated.
Lung	BI_PF_ILD_atlas_v1	Sheet 1	3858	NK	NK	NK	NK	CST7	7	4.19013221245132	83.0645801890539	0.88771640780173	unknown; source workbook does not define whether this is log2FC	D. Shared/functional markers	False	shared_or_cross_lineage_risk	False	True		3	4	3	3	Dendritic;NK;T cell	Cytotoxic T;DC LAMP3+/CCR7+;DC2 CLEC10A+;NK	DC;NK;T	0		Positive top-marker lists only; no complete non-target expression matrix, so cell specificity cannot be fully estimated.
Lung	BI_PF_ILD_atlas_v1	Sheet 1	3859	NK	NK	NK	NK	CCL4	8	4.05053108969308	85.8288982444992	0.873995097058259	unknown; source workbook does not define whether this is log2FC	D. Shared/functional markers	False	shared_or_cross_lineage_risk	False	True		2	4	4	2	NK;T cell	CD8+ Naive T;Cytotoxic T;NK;T CD4+ JUN+	NK;T	0		Positive top-marker lists only; no complete non-target expression matrix, so cell specificity cannot be fully estimated.
Lung	BI_PF_ILD_atlas_v1	Sheet 1	3860	NK	NK	NK	NK	CCL5	9	3.92116254989041	79.0054809754548	0.861748581497591	unknown; source workbook does not define whether this is log2FC	D. Shared/functional markers	False	shared_or_cross_lineage_risk	False	True	cytotoxicity	2	5	4	2	NK;T cell	CD8+ Naive T;Cytotoxic T;NK;T CD4+ JUN+;helper T CD4+	NK;T	0		Positive top-marker lists only; no complete non-target expression matrix, so cell specificity cannot be fully estimated.
Lung	BI_PF_ILD_atlas_v1	Sheet 1	3861	NK	NK	NK	NK	SYTL3	10	2.88650493787541	89.6576376201446	0.855514722046551	unknown; source workbook does not define whether this is log2FC	D. Shared/functional markers	False	shared_or_cross_lineage_risk	False	True		3	9	7	3	Basophil/Mast;NK;T cell	Activated NK XCL1+;Basophil/Mast;CD8+ Naive T;Cytotoxic T;NK;T CD4+ JUN+;T regulatory;helper T CD4+;helper T CD4+ CDR7+	Mast/Basophil;NK;T	0		Positive top-marker lists only; no complete non-target expression matrix, so cell specificity cannot be fully estimated.
Lung	BI_PF_ILD_atlas_v1	Sheet 1	3862	NK	NK	NK	NK	KLRB1	11	4.60721080564764	73.3656366669315	0.852892648170441	unknown; source workbook does not define whether this is log2FC	B. Extended lineage markers	True	moderate_extended	False	True		1	2	2	1	NK	Activated NK XCL1+;NK	NK	0		Positive top-marker lists only; no complete non-target expression matrix, so cell specificity cannot be fully estimated.
Lung	BI_PF_ILD_atlas_v1	Sheet 1	3863	NK	NK	NK	NK	FYN	12	2.98762999184844	83.6921121614108	0.841627336642387	unknown; source workbook does not define whether this is log2FC	D. Shared/functional markers	False	shared_or_cross_lineage_risk	False	True		2	8	6	2	NK;T cell	Activated NK XCL1+;CD8+ Naive T;Cytotoxic T;NK;T CD4+ JUN+;T regulatory;helper T CD4+;helper T CD4+ CDR7+	NK;T	0		Positive top-marker lists only; no complete non-target expression matrix, so cell specificity cannot be fully estimated.
Lung	BI_PF_ILD_atlas_v1	Sheet 1	3864	NK	NK	NK	NK	CD7	13	4.43283922134566	72.0549686234014	0.839800875377296	unknown; source workbook does not define whether this is log2FC	D. Shared/functional markers	False	shared_or_cross_lineage_risk	False	True		2	4	4	2	NK;T cell	Activated NK XCL1+;CD8+ Naive T;NK;T regulatory	NK;T	0		Positive top-marker lists only; no complete non-target expression matrix, so cell specificity cannot be fully estimated.
Lung	BI_PF_ILD_atlas_v1	Sheet 1	3865	NK	NK	NK	NK	GNG2	14	3.84008678429593	76.6542219397887	0.839405693963137	unknown; source workbook does not define whether this is log2FC	D. Shared/functional markers	False	shared_or_cross_lineage_risk	False	True		2	6	5	2	NK;T cell	CD8+ Naive T;Cytotoxic T;NK;T CD4+ JUN+;T regulatory;helper T CD4+	NK;T	0		Positive top-marker lists only; no complete non-target expression matrix, so cell specificity cannot be fully estimated.
Lung	BI_PF_ILD_atlas_v1	Sheet 1	3866	NK	NK	NK	NK	CTSW	15	4.44786404610236	70.5139407419176	0.825626619291087	unknown; source workbook does not define whether this is log2FC	D. Shared/functional markers	False	shared_or_cross_lineage_risk	False	True	cytotoxicity	2	3	3	2	NK;T cell	Activated NK XCL1+;Cytotoxic T;NK	NK;T	0		Positive top-marker lists only; no complete non-target expression matrix, so cell specificity cannot be fully estimated.
Lung	BI_PF_ILD_atlas_v1	Sheet 1	3867	NK	NK	NK	NK	AOAH	16	3.48759991867644	75.1767415998094	0.820520500662517	unknown; source workbook does not define whether this is log2FC	D. Shared/functional markers	False	shared_or_cross_lineage_risk	False	True		2	3	3	2	NK;T cell	CD8+ Naive T;Cytotoxic T;NK	NK;T	0		Positive top-marker lists only; no complete non-target expression matrix, so cell specificity cannot be fully estimated.
Lung	BI_PF_ILD_atlas_v1	Sheet 1	3868	NK	NK	NK	NK	FGFBP2	17	5.74784858944365	64.9455874175868	0.817936998005354	unknown; source workbook does not define whether this is log2FC	B. Extended lineage markers	True	moderate_extended	False	True		1	1	1	1	NK	NK	NK	0		Positive top-marker lists only; no complete non-target expression matrix, so cell specificity cannot be fully estimated.
Lung	BI_PF_ILD_atlas_v1	Sheet 1	3869	NK	NK	NK	NK	MCTP2	18	4.07798542306548	71.0858686154579	0.817662065378441	unknown; source workbook does not define whether this is log2FC	D. Shared/functional markers	False	shared_or_cross_lineage_risk	False	True		2	3	3	2	B/Plasma;NK	Activated NK XCL1+;B cell LRMP+;NK	B;NK	0		Positive top-marker lists only; no complete non-target expression matrix, so cell specificity cannot be fully estimated.
Lung	BI_PF_ILD_atlas_v1	Sheet 1	3870	NK	NK	NK	NK	CARD11	19	4.54227332393349	68.0196997378664	0.816921389796695	unknown; source workbook does not define whether this is log2FC	B. Extended lineage markers	True	moderate_extended	False	True		1	2	2	1	NK	Activated NK XCL1+;NK	NK	0		Positive top-marker lists only; no complete non-target expression matrix, so cell specificity cannot be fully estimated.
Lung	BI_PF_ILD_atlas_v1	Sheet 1	3871	NK	NK	NK	NK	PRKCH	20	2.92835410306608	82.7627293669076	0.815253112679177	unknown; source workbook does not define whether this is log2FC	D. Shared/functional markers	False	shared_or_cross_lineage_risk	False	True		2	8	6	2	NK;T cell	Activated NK XCL1+;CD8+ Naive T;Cytotoxic T;NK;T CD4+ JUN+;T regulatory;helper T CD4+;helper T CD4+ CDR7+	NK;T	0		Positive top-marker lists only; no complete non-target expression matrix, so cell specificity cannot be fully estimated.
Lung	BI_PF_ILD_atlas_v1	Sheet 1	3872	NK	NK	NK	NK	KLRF1	21	6.34234501100403	63.7222972436254	0.815161138339531	unknown; source workbook does not define whether this is log2FC	D. Shared/functional markers	False	shared_or_cross_lineage_risk	True	True	cytotoxicity	1	1	1	1	NK	NK	NK	0		Positive top-marker lists only; no complete non-target expression matrix, so cell specificity cannot be fully estimated.
Lung	BI_PF_ILD_atlas_v1	Sheet 1	3873	NK	NK	NK	NK	GZMA	22	4.43014233132599	66.2959726745572	0.814298904181516	unknown; source workbook does not define whether this is log2FC	D. Shared/functional markers	False	shared_or_cross_lineage_risk	False	True	cytotoxicity	2	3	3	2	NK;T cell	Cytotoxic T;NK;T CD4+ JUN+	NK;T	0		Positive top-marker lists only; no complete non-target expression matrix, so cell specificity cannot be fully estimated.
Lung	BI_PF_ILD_atlas_v1	Sheet 1	3874	NK	NK	NK	NK	PIP4K2A	23	2.95770530459715	83.7079990467869	0.81095113887794	unknown; source workbook does not define whether this is log2FC	D. Shared/functional markers	False	shared_or_cross_lineage_risk	False	True		3	3	3	3	B/Plasma;NK;T cell	B cell LRMP+;Cytotoxic T;NK	B;NK;T	0		Positive top-marker lists only; no complete non-target expression matrix, so cell specificity cannot be fully estimated.
Lung	BI_PF_ILD_atlas_v1	Sheet 1	3875	NK	NK	NK	NK	SPON2	24	3.63387967333354	71.0779251727699	0.810611905546687	unknown; source workbook does not define whether this is log2FC	B. Extended lineage markers	True	moderate_extended	False	True		1	1	1	1	NK	NK	NK	0		Positive top-marker lists only; no complete non-target expression matrix, so cell specificity cannot be fully estimated.
Lung	BI_PF_ILD_atlas_v1	Sheet 1	3876	NK	NK	NK	NK	PPP2R5C	25	2.48318488241778	88.2675351497339	0.806889452299572	unknown; source workbook does not define whether this is log2FC	D. Shared/functional markers	False	shared_or_cross_lineage_risk	False	True		2	5	4	2	NK;T cell	CD8+ Naive T;Cytotoxic T;NK;helper T CD4+;helper T CD4+ CDR7+	NK;T	0		Positive top-marker lists only; no complete non-target expression matrix, so cell specificity cannot be fully estimated.
Lung	BI_PF_ILD_atlas_v1	Sheet 1	3877	NK	NK	NK	NK	CNOT6L	26	2.73541775658436	78.5288744141711	0.805034379859576	unknown; source workbook does not define whether this is log2FC	D. Shared/functional markers	False	shared_or_cross_lineage_risk	False	True		2	8	6	2	NK;T cell	Activated NK XCL1+;CD8+ Naive T;Cytotoxic T;NK;T CD4+ JUN+;T regulatory;helper T CD4+;helper T CD4+ CDR7+	NK;T	0		Positive top-marker lists only; no complete non-target expression matrix, so cell specificity cannot be fully estimated.
Lung	BI_PF_ILD_atlas_v1	Sheet 1	3878	NK	NK	NK	NK	TMEM2	27	2.95798682542622	78.8386686790055	0.804262821129404	unknown; source workbook does not define whether this is log2FC	D. Shared/functional markers	False	shared_or_cross_lineage_risk	False	True		2	3	3	2	NK;T cell	Cytotoxic T;NK;helper T CD4+	NK;T	0		Positive top-marker lists only; no complete non-target expression matrix, so cell specificity cannot be fully estimated.
Lung	BI_PF_ILD_atlas_v1	Sheet 1	3879	NK	NK	NK	NK	CD69	28	2.84312492895797	70.3232981174041	0.785122759316162	unknown; source workbook does not define whether this is log2FC	D. Shared/functional markers	False	shared_or_cross_lineage_risk	False	True		4	9	7	4	B/Plasma;Basophil/Mast;NK;T cell	Activated NK XCL1+;B cell;Basophil/Mast;CD8+ Naive T;Cytotoxic T;NK;T CD4+ JUN+;helper T CD4+;helper T CD4+ CDR7+	B;Mast/Basophil;NK;T	0		Positive top-marker lists only; no complete non-target expression matrix, so cell specificity cannot be fully estimated.
Lung	BI_PF_ILD_atlas_v1	Sheet 1	3880	NK	NK	NK	NK	PITPNC1	29	2.6865219748611	77.3214711255858	0.78357025509957	unknown; source workbook does not define whether this is log2FC	D. Shared/functional markers	False	shared_or_cross_lineage_risk	False	True		2	5	4	2	NK;T cell	CD8+ Naive T;Cytotoxic T;NK;helper T CD4+;helper T CD4+ CDR7+	NK;T	0		Positive top-marker lists only; no complete non-target expression matrix, so cell specificity cannot be fully estimated.
Lung	BI_PF_ILD_atlas_v1	Sheet 1	3881	NK	NK	NK	NK	RUNX3	30	3.18473204608078	64.6596234808166	0.775862957996396	unknown; source workbook does not define whether this is log2FC	D. Shared/functional markers	False	shared_or_cross_lineage_risk	False	True		2	4	4	2	NK;T cell	Activated NK XCL1+;CD8+ Naive T;Cytotoxic T;NK	NK;T	0		Positive top-marker lists only; no complete non-target expression matrix, so cell specificity cannot be fully estimated.
Lung	BI_PF_ILD_atlas_v1	Sheet 1	3882	NK	NK	NK	NK	SKAP1	31	3.41374044758625	60.807053777107	0.768917440820993	unknown; source workbook does not define whether this is log2FC	D. Shared/functional markers	False	shared_or_cross_lineage_risk	False	True		2	8	6	2	NK;T cell	Activated NK XCL1+;CD8+ Naive T;Cytotoxic T;NK;T CD4+ JUN+;T regulatory;helper T CD4+;helper T CD4+ CDR7+	NK;T	0		Positive top-marker lists only; no complete non-target expression matrix, so cell specificity cannot be fully estimated.
Lung	BI_PF_ILD_atlas_v1	Sheet 1	3883	NK	NK	NK	NK	AKNA	32	2.89342636283472	69.4177456509651	0.768788115808036	unknown; source workbook does not define whether this is log2FC	D. Shared/functional markers	False	shared_or_cross_lineage_risk	False	True		2	2	2	2	NK;T cell	Cytotoxic T;NK	NK;T	0		Positive top-marker lists only; no complete non-target expression matrix, so cell specificity cannot be fully estimated.
Lung	BI_PF_ILD_atlas_v1	Sheet 1	3884	NK	NK	NK	NK	STAT4	33	3.05160578332523	64.4689808563031	0.766131952888384	unknown; source workbook does not define whether this is log2FC	D. Shared/functional markers	False	shared_or_cross_lineage_risk	False	True		2	8	6	2	NK;T cell	Activated NK XCL1+;CD8+ Naive T;Cytotoxic T;NK;T CD4+ JUN+;T regulatory;helper T CD4+;helper T CD4+ CDR7+	NK;T	0		Positive top-marker lists only; no complete non-target expression matrix, so cell specificity cannot be fully estimated.
Lung	BI_PF_ILD_atlas_v1	Sheet 1	3885	NK	NK	NK	NK	KLRC4-KLRK1	34	4.17839730249627	56.2634045595361	0.765772993087325	unknown; source workbook does not define whether this is log2FC	D. Shared/functional markers	False	shared_or_cross_lineage_risk	False	True		2	4	4	2	NK;T cell	Activated NK XCL1+;CD8+ Naive T;Cytotoxic T;NK	NK;T	0		Positive top-marker lists only; no complete non-target expression matrix, so cell specificity cannot be fully estimated.
Lung	BI_PF_ILD_atlas_v1	Sheet 1	3886	NK	NK	NK	NK	YES1	35	3.97563099989233	60.7832234490428	0.760292556559539	unknown; source workbook does not define whether this is log2FC	B. Extended lineage markers	False	limited_extended_evidence	False	True		1	1	1	1	NK	NK	NK	0		Positive top-marker lists only; no complete non-target expression matrix, so cell specificity cannot be fully estimated.
Lung	BI_PF_ILD_atlas_v1	Sheet 1	3887	NK	NK	NK	NK	GZMH	36	4.16368247603606	50.5838430375725	0.737404748175897	unknown; source workbook does not define whether this is log2FC	D. Shared/functional markers	False	shared_or_cross_lineage_risk	False	True	cytotoxicity	2	2	2	2	NK;T cell	Cytotoxic T;NK	NK;T	0		Positive top-marker lists only; no complete non-target expression matrix, so cell specificity cannot be fully estimated.
Lung	BI_PF_ILD_atlas_v1	Sheet 1	3888	NK	NK	NK	NK	IFITM2	37	1.34062606990852	91.2066089443165	0.735679094672002	unknown; source workbook does not define whether this is log2FC	D. Shared/functional markers	False	shared_or_cross_lineage_risk	False	True		2	3	3	2	Monocyte;NK	Activated NK XCL1+;Monocytes CD16+;NK	Monocyte;NK	5	Artery;Bronchial Vessel;Bronchial Vessel CXCL12+;Bronchial Vessel SELE+;Vein	Positive top-marker lists only; no complete non-target expression matrix, so cell specificity cannot be fully estimated.
Lung	BI_PF_ILD_atlas_v1	Sheet 1	3889	NK	NK	NK	NK	PARP8	38	2.27711046341251	65.9941218524108	0.730326352671482	unknown; source workbook does not define whether this is log2FC	D. Shared/functional markers	False	shared_or_cross_lineage_risk	False	True		2	7	5	2	NK;T cell	Activated NK XCL1+;CD8+ Naive T;Cytotoxic T;NK;T CD4+ JUN+;helper T CD4+;helper T CD4+ CDR7+	NK;T	0		Positive top-marker lists only; no complete non-target expression matrix, so cell specificity cannot be fully estimated.
Lung	BI_PF_ILD_atlas_v1	Sheet 1	3890	NK	NK	NK	NK	APBA2	39	4.36000568649567	48.7886249900707	0.729851053604038	unknown; source workbook does not define whether this is log2FC	B. Extended lineage markers	False	limited_extended_evidence	False	True		1	1	1	1	NK	NK	NK	0		Positive top-marker lists only; no complete non-target expression matrix, so cell specificity cannot be fully estimated.
Lung	BI_PF_ILD_atlas_v1	Sheet 1	3891	NK	NK	NK	NK	CBLB	40	2.12288744966628	71.1970768130908	0.729408556140928	unknown; source workbook does not define whether this is log2FC	D. Shared/functional markers	False	shared_or_cross_lineage_risk	False	True		2	6	5	2	NK;T cell	Activated NK XCL1+;CD8+ Naive T;Cytotoxic T;NK;T CD4+ JUN+;helper T CD4+	NK;T	0		Positive top-marker lists only; no complete non-target expression matrix, so cell specificity cannot be fully estimated.
Lung	BI_PF_ILD_atlas_v1	Sheet 1	3892	NK	NK	NK	NK	RNF125	41	3.16926062819931	53.7929938835491	0.728734182124466	unknown; source workbook does not define whether this is log2FC	D. Shared/functional markers	False	shared_or_cross_lineage_risk	False	True		2	6	5	2	NK;T cell	Activated NK XCL1+;CD8+ Naive T;Cytotoxic T;NK;helper T CD4+;helper T CD4+ CDR7+	NK;T	0		Positive top-marker lists only; no complete non-target expression matrix, so cell specificity cannot be fully estimated.
Lung	BI_PF_ILD_atlas_v1	Sheet 1	3893	NK	NK	NK	NK	SLA2	42	4.36827476053342	48.3199618714751	0.726262782622949	unknown; source workbook does not define whether this is log2FC	B. Extended lineage markers	False	limited_extended_evidence	False	True		1	1	1	1	NK	NK	NK	0		Positive top-marker lists only; no complete non-target expression matrix, so cell specificity cannot be fully estimated.
Lung	BI_PF_ILD_atlas_v1	Sheet 1	3894	NK	NK	NK	NK	ISG20	43	2.25536567812914	63.0391611724521	0.725715948806612	unknown; source workbook does not define whether this is log2FC	D. Shared/functional markers	False	shared_or_cross_lineage_risk	False	True		3	5	4	4	B/Plasma;NK;T cell	B cell;B cell LRMP+;Cytotoxic T;NK;Plasma B	B;NK;Plasma;T	0		Positive top-marker lists only; no complete non-target expression matrix, so cell specificity cannot be fully estimated.
Lung	BI_PF_ILD_atlas_v1	Sheet 1	3895	NK	NK	NK	NK	PLAC8	44	1.89868887348866	62.7293669076178	0.721833277290879	unknown; source workbook does not define whether this is log2FC	D. Shared/functional markers	False	shared_or_cross_lineage_risk	False	True		2	2	2	2	NK;pDC	NK;pDC	DC;NK	0		Positive top-marker lists only; no complete non-target expression matrix, so cell specificity cannot be fully estimated.
Lung	BI_PF_ILD_atlas_v1	Sheet 1	3896	NK	NK	NK	NK	PYHIN1	45	4.52010440664042	45.8733815235523	0.718411958956335	unknown; source workbook does not define whether this is log2FC	B. Extended lineage markers	False	limited_extended_evidence	False	True		1	1	1	1	NK	NK	NK	0		Positive top-marker lists only; no complete non-target expression matrix, so cell specificity cannot be fully estimated.
Lung	BI_PF_ILD_atlas_v1	Sheet 1	3897	NK	NK	NK	NK	TXK	46	4.5475937337523	46.9378028437525	0.718203044737806	unknown; source workbook does not define whether this is log2FC	B. Extended lineage markers	False	limited_extended_evidence	False	True		1	2	2	1	NK	Activated NK XCL1+;NK	NK	0		Positive top-marker lists only; no complete non-target expression matrix, so cell specificity cannot be fully estimated.
Lung	BI_PF_ILD_atlas_v1	Sheet 1	3898	NK	NK	NK	NK	CMC1	47	2.95727960949284	60.8467709905473	0.712704208957707	unknown; source workbook does not define whether this is log2FC	B. Extended lineage markers	False	limited_extended_evidence	False	True		1	1	1	1	NK	NK	NK	0		Positive top-marker lists only; no complete non-target expression matrix, so cell specificity cannot be fully estimated.
Lung	BI_PF_ILD_atlas_v1	Sheet 1	3899	NK	NK	NK	NK	NCALD	48	3.12944578693072	49.9086504090873	0.709610563335838	unknown; source workbook does not define whether this is log2FC	D. Shared/functional markers	False	shared_or_cross_lineage_risk	False	True		1	2	2	1	NK	Activated NK XCL1+;NK	NK	1	Ionocyte	Positive top-marker lists only; no complete non-target expression matrix, so cell specificity cannot be fully estimated.
Lung	BI_PF_ILD_atlas_v1	Sheet 1	3900	NK	NK	NK	NK	CCND3	49	2.00617098340252	72.8095956787672	0.706622469778096	unknown; source workbook does not define whether this is log2FC	B. Extended lineage markers	False	limited_extended_evidence	False	True		1	2	2	1	NK	Activated NK XCL1+;NK	NK	0		Positive top-marker lists only; no complete non-target expression matrix, so cell specificity cannot be fully estimated.
Lung	BI_PF_ILD_atlas_v1	Sheet 1	3901	NK	NK	NK	NK	DUSP2	50	2.35097861380857	59.7029152434665	0.706290692449026	unknown; source workbook does not define whether this is log2FC	D. Shared/functional markers	False	shared_or_cross_lineage_risk	False	True		2	3	3	2	NK;T cell	Activated NK XCL1+;Cytotoxic T;NK	NK;T	0		Positive top-marker lists only; no complete non-target expression matrix, so cell specificity cannot be fully estimated.
Lung	BI_PF_ILD_atlas_v1	Sheet 1	4002	B/Plasma	Plasma B	Plasma	Plasma	MZB1	1	8.07773697284533	82.4701195219124	0.910900360767208	unknown; source workbook does not define whether this is log2FC	B. Extended lineage markers	True	moderate_extended	True	False		1	1	1	1	B/Plasma	Plasma B	Plasma	0		Positive top-marker lists only; no complete non-target expression matrix, so cell specificity cannot be fully estimated.
Lung	BI_PF_ILD_atlas_v1	Sheet 1	4003	B/Plasma	Plasma B	Plasma	Plasma	JCHAIN	2	8.72679038161999	78.9840637450199	0.889661334279831	unknown; source workbook does not define whether this is log2FC	D. Shared/functional markers	False	shared_or_cross_lineage_risk	False	False	immunoglobulin/secretory	2	2	2	2	B/Plasma;pDC	Plasma B;pDC	DC;Plasma	0		Positive top-marker lists only; no complete non-target expression matrix, so cell specificity cannot be fully estimated.
Lung	BI_PF_ILD_atlas_v1	Sheet 1	4004	B/Plasma	Plasma B	Plasma	Plasma	IGHG1	3	9.29841934442569	66.1354581673307	0.823081280765502	unknown; source workbook does not define whether this is log2FC	D. Shared/functional markers	False	shared_or_cross_lineage_risk	False	False	immunoglobulin/secretory	1	1	1	1	B/Plasma	Plasma B	Plasma	0		Positive top-marker lists only; no complete non-target expression matrix, so cell specificity cannot be fully estimated.
Lung	BI_PF_ILD_atlas_v1	Sheet 1	4005	B/Plasma	Plasma B	Plasma	Plasma	IGHG3	4	10.6823616096496	65.2390438247012	0.819647831250061	unknown; source workbook does not define whether this is log2FC	D. Shared/functional markers	False	shared_or_cross_lineage_risk	False	False	immunoglobulin/secretory	1	1	1	1	B/Plasma	Plasma B	Plasma	0		Positive top-marker lists only; no complete non-target expression matrix, so cell specificity cannot be fully estimated.
Lung	BI_PF_ILD_atlas_v1	Sheet 1	4006	B/Plasma	Plasma B	Plasma	Plasma	IGHG4	5	10.8788851057015	59.9601593625498	0.794225671488714	unknown; source workbook does not define whether this is log2FC	D. Shared/functional markers	False	shared_or_cross_lineage_risk	False	False	immunoglobulin/secretory	1	1	1	1	B/Plasma	Plasma B	Plasma	0		Positive top-marker lists only; no complete non-target expression matrix, so cell specificity cannot be fully estimated.
Lung	BI_PF_ILD_atlas_v1	Sheet 1	4007	B/Plasma	Plasma B	Plasma	Plasma	DERL3	6	5.21846779181574	60.0597609561753	0.794004658250133	unknown; source workbook does not define whether this is log2FC	B. Extended lineage markers	True	moderate_extended	True	False		1	1	1	1	B/Plasma	Plasma B	Plasma	0		Positive top-marker lists only; no complete non-target expression matrix, so cell specificity cannot be fully estimated.
Lung	BI_PF_ILD_atlas_v1	Sheet 1	4008	B/Plasma	Plasma B	Plasma	Plasma	PIM2	7	3.16391717427107	63.2470119521912	0.786490174362751	unknown; source workbook does not define whether this is log2FC	B. Extended lineage markers	True	moderate_extended	False	False		1	1	1	1	B/Plasma	Plasma B	Plasma	0		Positive top-marker lists only; no complete non-target expression matrix, so cell specificity cannot be fully estimated.
Lung	BI_PF_ILD_atlas_v1	Sheet 1	4009	B/Plasma	Plasma B	Plasma	Plasma	HERPUD1	8	1.63057681373902	87.8486055776892	0.785112626581482	unknown; source workbook does not define whether this is log2FC	D. Shared/functional markers	False	shared_or_cross_lineage_risk	False	False		3	4	3	2	B/Plasma;Dendritic;pDC	DC CXCL2+/CD14+/CD1C-;DC2 C1QC+;Plasma B;pDC	DC;Plasma	0		Positive top-marker lists only; no complete non-target expression matrix, so cell specificity cannot be fully estimated.
Lung	BI_PF_ILD_atlas_v1	Sheet 1	4010	B/Plasma	Plasma B	Plasma	Plasma	SSR4	9	2.03636834226134	85.1593625498008	0.781639974541197	unknown; source workbook does not define whether this is log2FC	B. Extended lineage markers	True	moderate_extended	False	False		1	1	1	1	B/Plasma	Plasma B	Plasma	0		Positive top-marker lists only; no complete non-target expression matrix, so cell specificity cannot be fully estimated.
Lung	BI_PF_ILD_atlas_v1	Sheet 1	4011	B/Plasma	Plasma B	Plasma	Plasma	IGLC2	10	10.28977327984	58.7649402390438	0.778785579033925	unknown; source workbook does not define whether this is log2FC	D. Shared/functional markers	False	shared_or_cross_lineage_risk	False	False	immunoglobulin/secretory	1	1	1	1	B/Plasma	Plasma B	Plasma	0		Positive top-marker lists only; no complete non-target expression matrix, so cell specificity cannot be fully estimated.
Lung	BI_PF_ILD_atlas_v1	Sheet 1	4012	B/Plasma	Plasma B	Plasma	Plasma	ST6GAL1	11	2.45997043748998	64.7410358565737	0.777478638360627	unknown; source workbook does not define whether this is log2FC	D. Shared/functional markers	False	shared_or_cross_lineage_risk	False	True		1	3	2	2	B/Plasma	B cell;B cell LRMP+;Plasma B	B;Plasma	0		Positive top-marker lists only; no complete non-target expression matrix, so cell specificity cannot be fully estimated.
Lung	BI_PF_ILD_atlas_v1	Sheet 1	4013	B/Plasma	Plasma B	Plasma	Plasma	POU2AF1	12	4.10958934768817	57.1713147410359	0.776962879430779	unknown; source workbook does not define whether this is log2FC	B. Extended lineage markers	True	moderate_extended	False	False		1	1	1	1	B/Plasma	Plasma B	Plasma	0		Positive top-marker lists only; no complete non-target expression matrix, so cell specificity cannot be fully estimated.
Lung	BI_PF_ILD_atlas_v1	Sheet 1	4014	B/Plasma	Plasma B	Plasma	Plasma	CD79A	13	4.37546607145006	55.4780876494024	0.768858596229228	unknown; source workbook does not define whether this is log2FC	D. Shared/functional markers	False	shared_or_cross_lineage_risk	False	True		1	3	2	2	B/Plasma	B cell;B cell LRMP+;Plasma B	B;Plasma	0		Positive top-marker lists only; no complete non-target expression matrix, so cell specificity cannot be fully estimated.
Lung	BI_PF_ILD_atlas_v1	Sheet 1	4015	B/Plasma	Plasma B	Plasma	Plasma	PRDM1	14	2.12250171357925	62.5498007968127	0.760061828957567	unknown; source workbook does not define whether this is log2FC	D. Shared/functional markers	False	shared_or_cross_lineage_risk	True	False		2	3	3	2	B/Plasma;T cell	Plasma B;T regulatory;helper T CD4+	Plasma;T	0		Positive top-marker lists only; no complete non-target expression matrix, so cell specificity cannot be fully estimated.
Lung	BI_PF_ILD_atlas_v1	Sheet 1	4016	B/Plasma	Plasma B	Plasma	Plasma	XBP1	15	2.04675028136464	78.5856573705179	0.757302451231251	unknown; source workbook does not define whether this is log2FC	D. Shared/functional markers	False	shared_or_cross_lineage_risk	True	False		1	1	1	1	B/Plasma	Plasma B	Plasma	1	Mucous	Positive top-marker lists only; no complete non-target expression matrix, so cell specificity cannot be fully estimated.
Lung	BI_PF_ILD_atlas_v1	Sheet 1	4017	B/Plasma	Plasma B	Plasma	Plasma	FAM46C	16	2.64983824012443	57.1713147410359	0.751938959103886	unknown; source workbook does not define whether this is log2FC	B. Extended lineage markers	True	moderate_extended	False	False		1	1	1	1	B/Plasma	Plasma B	Plasma	0		Positive top-marker lists only; no complete non-target expression matrix, so cell specificity cannot be fully estimated.
Lung	BI_PF_ILD_atlas_v1	Sheet 1	4018	B/Plasma	Plasma B	Plasma	Plasma	IGHA1	17	8.7612792770597	54.6812749003984	0.751724516170361	unknown; source workbook does not define whether this is log2FC	D. Shared/functional markers	False	shared_or_cross_lineage_risk	False	False	immunoglobulin/secretory	1	1	1	1	B/Plasma	Plasma B	Plasma	0		Positive top-marker lists only; no complete non-target expression matrix, so cell specificity cannot be fully estimated.
Lung	BI_PF_ILD_atlas_v1	Sheet 1	4019	B/Plasma	Plasma B	Plasma	Plasma	ITM2C	18	3.21651417306704	54.5816733067729	0.746311422651693	unknown; source workbook does not define whether this is log2FC	D. Shared/functional markers	False	shared_or_cross_lineage_risk	False	False		2	2	2	2	B/Plasma;pDC	Plasma B;pDC	DC;Plasma	0		Positive top-marker lists only; no complete non-target expression matrix, so cell specificity cannot be fully estimated.
Lung	BI_PF_ILD_atlas_v1	Sheet 1	4020	B/Plasma	Plasma B	Plasma	Plasma	SEC11C	19	2.16826589446125	69.5219123505976	0.745045156418172	unknown; source workbook does not define whether this is log2FC	D. Shared/functional markers	False	shared_or_cross_lineage_risk	False	False		1	1	1	1	B/Plasma	Plasma B	Plasma	1	Ionocyte	Positive top-marker lists only; no complete non-target expression matrix, so cell specificity cannot be fully estimated.
Lung	BI_PF_ILD_atlas_v1	Sheet 1	4021	B/Plasma	Plasma B	Plasma	Plasma	TPD52	20	2.17124801694903	59.3625498007968	0.740198695242238	unknown; source workbook does not define whether this is log2FC	D. Shared/functional markers	False	shared_or_cross_lineage_risk	False	False		1	2	2	2	B/Plasma	B cell LRMP+;Plasma B	B;Plasma	1	Ionocyte	Positive top-marker lists only; no complete non-target expression matrix, so cell specificity cannot be fully estimated.
Lung	BI_PF_ILD_atlas_v1	Sheet 1	4022	B/Plasma	Plasma B	Plasma	Plasma	TXNDC5	21	3.93356102780268	50.398406374502	0.736354460229101	unknown; source workbook does not define whether this is log2FC	B. Extended lineage markers	True	moderate_extended	False	False		1	1	1	1	B/Plasma	Plasma B	Plasma	0		Positive top-marker lists only; no complete non-target expression matrix, so cell specificity cannot be fully estimated.
Lung	BI_PF_ILD_atlas_v1	Sheet 1	4023	B/Plasma	Plasma B	Plasma	Plasma	ISG20	22	1.71898881333623	62.9482071713147	0.732953935733615	unknown; source workbook does not define whether this is log2FC	D. Shared/functional markers	False	shared_or_cross_lineage_risk	False	True		3	5	4	4	B/Plasma;NK;T cell	B cell;B cell LRMP+;Cytotoxic T;NK;Plasma B	B;NK;Plasma;T	0		Positive top-marker lists only; no complete non-target expression matrix, so cell specificity cannot be fully estimated.
Lung	BI_PF_ILD_atlas_v1	Sheet 1	4024	B/Plasma	Plasma B	Plasma	Plasma	FCRL5	23	5.11625274516836	45.8167330677291	0.72773477850587	unknown; source workbook does not define whether this is log2FC	B. Extended lineage markers	True	moderate_extended	False	False		1	1	1	1	B/Plasma	Plasma B	Plasma	0		Positive top-marker lists only; no complete non-target expression matrix, so cell specificity cannot be fully estimated.
Lung	BI_PF_ILD_atlas_v1	Sheet 1	4025	B/Plasma	Plasma B	Plasma	Plasma	CREB3L2	24	2.30516988064689	58.9641434262948	0.726887280290098	unknown; source workbook does not define whether this is log2FC	D. Shared/functional markers	False	shared_or_cross_lineage_risk	False	False		2	2	2	2	B/Plasma;pDC	Plasma B;pDC	DC;Plasma	0		Positive top-marker lists only; no complete non-target expression matrix, so cell specificity cannot be fully estimated.
Lung	BI_PF_ILD_atlas_v1	Sheet 1	4026	B/Plasma	Plasma B	Plasma	Plasma	GNG7	25	2.86747324811174	51.99203187251	0.724591516662923	unknown; source workbook does not define whether this is log2FC	D. Shared/functional markers	False	shared_or_cross_lineage_risk	False	True		1	2	2	2	B/Plasma	B cell;Plasma B	B;Plasma	0		Positive top-marker lists only; no complete non-target expression matrix, so cell specificity cannot be fully estimated.
Lung	BI_PF_ILD_atlas_v1	Sheet 1	4027	B/Plasma	Plasma B	Plasma	Plasma	IGLC3	26	9.18210629660303	47.0119521912351	0.721591612546138	unknown; source workbook does not define whether this is log2FC	D. Shared/functional markers	False	shared_or_cross_lineage_risk	False	False	immunoglobulin/secretory	1	1	1	1	B/Plasma	Plasma B	Plasma	0		Positive top-marker lists only; no complete non-target expression matrix, so cell specificity cannot be fully estimated.
Lung	BI_PF_ILD_atlas_v1	Sheet 1	4028	B/Plasma	Plasma B	Plasma	Plasma	IGHG2	27	8.25002851861491	44.3227091633466	0.716440203111033	unknown; source workbook does not define whether this is log2FC	D. Shared/functional markers	False	shared_or_cross_lineage_risk	False	False	immunoglobulin/secretory	1	1	1	1	B/Plasma	Plasma B	Plasma	0		Positive top-marker lists only; no complete non-target expression matrix, so cell specificity cannot be fully estimated.
Lung	BI_PF_ILD_atlas_v1	Sheet 1	4029	B/Plasma	Plasma B	Plasma	Plasma	LINC00152	28	2.25734128595736	62.9482071713147	0.715515709474055	unknown; source workbook does not define whether this is log2FC	B. Extended lineage markers	False	limited_extended_evidence	False	False		1	1	1	1	B/Plasma	Plasma B	Plasma	0		Positive top-marker lists only; no complete non-target expression matrix, so cell specificity cannot be fully estimated.
Lung	BI_PF_ILD_atlas_v1	Sheet 1	4030	B/Plasma	Plasma B	Plasma	Plasma	HSP90B1	29	1.32208365816194	84.3625498007968	0.70788937149071	unknown; source workbook does not define whether this is log2FC	B. Extended lineage markers	False	limited_extended_evidence	False	False		1	1	1	1	B/Plasma	Plasma B	Plasma	0		Positive top-marker lists only; no complete non-target expression matrix, so cell specificity cannot be fully estimated.
Lung	BI_PF_ILD_atlas_v1	Sheet 1	4031	B/Plasma	Plasma B	Plasma	Plasma	SEL1L3	30	1.57076711998154	55.4780876494024	0.707346090231645	unknown; source workbook does not define whether this is log2FC	D. Shared/functional markers	False	shared_or_cross_lineage_risk	False	True		2	3	3	3	B/Plasma;pDC	B cell LRMP+;Plasma B;pDC	B;DC;Plasma	0		Positive top-marker lists only; no complete non-target expression matrix, so cell specificity cannot be fully estimated.
Lung	BI_PF_ILD_atlas_v1	Sheet 1	4032	B/Plasma	Plasma B	Plasma	Plasma	VOPP1	31	1.59109177910953	62.1513944223108	0.706607231967093	unknown; source workbook does not define whether this is log2FC	B. Extended lineage markers	False	limited_extended_evidence	False	False		1	1	1	1	B/Plasma	Plasma B	Plasma	0		Positive top-marker lists only; no complete non-target expression matrix, so cell specificity cannot be fully estimated.
Lung	BI_PF_ILD_atlas_v1	Sheet 1	4033	B/Plasma	Plasma B	Plasma	Plasma	MEF2C	32	1.07472934736041	58.0677290836653	0.697656740640726	unknown; source workbook does not define whether this is log2FC	D. Shared/functional markers	False	shared_or_cross_lineage_risk	False	True		2	4	3	3	B/Plasma;Dendritic	B cell;B cell LRMP+;DC2 C1QC+;Plasma B	B;DC;Plasma	0		Positive top-marker lists only; no complete non-target expression matrix, so cell specificity cannot be fully estimated.
Lung	BI_PF_ILD_atlas_v1	Sheet 1	4034	B/Plasma	Plasma B	Plasma	Plasma	ANKRD28	33	2.01713512215191	74.1035856573705	0.693836292681381	unknown; source workbook does not define whether this is log2FC	B. Extended lineage markers	False	limited_extended_evidence	False	False		1	1	1	1	B/Plasma	Plasma B	Plasma	0		Positive top-marker lists only; no complete non-target expression matrix, so cell specificity cannot be fully estimated.
Lung	BI_PF_ILD_atlas_v1	Sheet 1	4035	B/Plasma	Plasma B	Plasma	Plasma	RALGPS2	34	2.33152434995763	47.0119521912351	0.691557573115086	unknown; source workbook does not define whether this is log2FC	D. Shared/functional markers	False	shared_or_cross_lineage_risk	False	True		1	2	2	2	B/Plasma	B cell;Plasma B	B;Plasma	0		Positive top-marker lists only; no complete non-target expression matrix, so cell specificity cannot be fully estimated.
Lung	BI_PF_ILD_atlas_v1	Sheet 1	4036	B/Plasma	Plasma B	Plasma	Plasma	PRDX4	35	1.79614628128052	59.6613545816733	0.68910136529508	unknown; source workbook does not define whether this is log2FC	B. Extended lineage markers	False	limited_extended_evidence	False	False		1	1	1	1	B/Plasma	Plasma B	Plasma	0		Positive top-marker lists only; no complete non-target expression matrix, so cell specificity cannot be fully estimated.
Lung	BI_PF_ILD_atlas_v1	Sheet 1	4037	B/Plasma	Plasma B	Plasma	Plasma	MALAT1	36	0.158183063538635	99.5019920318725	0.688254471244096	unknown; source workbook does not define whether this is log2FC	D. Shared/functional markers	False	shared_or_cross_lineage_risk	False	False	housekeeping/stress	1	1	1	1	B/Plasma	Plasma B	Plasma	1	Mesothelial	Positive top-marker lists only; no complete non-target expression matrix, so cell specificity cannot be fully estimated.
Lung	BI_PF_ILD_atlas_v1	Sheet 1	4038	B/Plasma	Plasma B	Plasma	Plasma	IGHGP	37	8.29313064511789	38.0478087649402	0.683312374575219	unknown; source workbook does not define whether this is log2FC	D. Shared/functional markers	False	shared_or_cross_lineage_risk	False	False	immunoglobulin/secretory	1	1	1	1	B/Plasma	Plasma B	Plasma	0		Positive top-marker lists only; no complete non-target expression matrix, so cell specificity cannot be fully estimated.
Lung	BI_PF_ILD_atlas_v1	Sheet 1	4039	B/Plasma	Plasma B	Plasma	Plasma	SLAMF7	38	2.90510811138938	39.6414342629482	0.682809867529929	unknown; source workbook does not define whether this is log2FC	B. Extended lineage markers	False	limited_extended_evidence	True	False		1	1	1	1	B/Plasma	Plasma B	Plasma	0		Positive top-marker lists only; no complete non-target expression matrix, so cell specificity cannot be fully estimated.
Lung	BI_PF_ILD_atlas_v1	Sheet 1	4040	B/Plasma	Plasma B	Plasma	Plasma	CPNE5	39	4.06706092735918	37.2509960159363	0.681819299504939	unknown; source workbook does not define whether this is log2FC	B. Extended lineage markers	False	limited_extended_evidence	False	False		1	1	1	1	B/Plasma	Plasma B	Plasma	0		Positive top-marker lists only; no complete non-target expression matrix, so cell specificity cannot be fully estimated.
Lung	BI_PF_ILD_atlas_v1	Sheet 1	4041	B/Plasma	Plasma B	Plasma	Plasma	USP48	40	1.43912626144356	52.6892430278884	0.679721024875093	unknown; source workbook does not define whether this is log2FC	B. Extended lineage markers	False	limited_extended_evidence	False	False		1	1	1	1	B/Plasma	Plasma B	Plasma	0		Positive top-marker lists only; no complete non-target expression matrix, so cell specificity cannot be fully estimated.
Lung	BI_PF_ILD_atlas_v1	Sheet 1	4042	B/Plasma	Plasma B	Plasma	Plasma	RGS1	41	0.67751449787838	62.3505976095618	0.67925629508995	unknown; source workbook does not define whether this is log2FC	D. Shared/functional markers	False	shared_or_cross_lineage_risk	False	False		5	11	6	5	B/Plasma;Basophil/Mast;Dendritic;Macrophage;T cell	Basophil/Mast;DC CXCL2+/CD14+/CD1C-;DC LAMP3+/CCR7+;DC2 C1QC+;DC2 CD1A+/CD1E+;DC2 CLEC10A+;Macrophage C1Q hi;Plasma B;T CD4+ JUN+;T regulatory;helper T CD4+	DC;Macrophage;Mast/Basophil;Plasma;T	0		Positive top-marker lists only; no complete non-target expression matrix, so cell specificity cannot be fully estimated.
Lung	BI_PF_ILD_atlas_v1	Sheet 1	4043	B/Plasma	Plasma B	Plasma	Plasma	FBXW7	42	1.4030082629869	58.3665338645418	0.67803045891288	unknown; source workbook does not define whether this is log2FC	B. Extended lineage markers	False	limited_extended_evidence	False	False		1	1	1	1	B/Plasma	Plasma B	Plasma	0		Positive top-marker lists only; no complete non-target expression matrix, so cell specificity cannot be fully estimated.
Lung	BI_PF_ILD_atlas_v1	Sheet 1	4044	B/Plasma	Plasma B	Plasma	Plasma	CD38	43	2.15902771291628	42.1314741035857	0.675993823127706	unknown; source workbook does not define whether this is log2FC	B. Extended lineage markers	False	limited_extended_evidence	False	False		1	1	1	1	B/Plasma	Plasma B	Plasma	0		Positive top-marker lists only; no complete non-target expression matrix, so cell specificity cannot be fully estimated.
Lung	BI_PF_ILD_atlas_v1	Sheet 1	4045	B/Plasma	Plasma B	Plasma	Plasma	UBE2J1	44	1.08947538473962	61.5537848605578	0.675298332127413	unknown; source workbook does not define whether this is log2FC	B. Extended lineage markers	False	limited_extended_evidence	False	False		1	1	1	1	B/Plasma	Plasma B	Plasma	0		Positive top-marker lists only; no complete non-target expression matrix, so cell specificity cannot be fully estimated.
Lung	BI_PF_ILD_atlas_v1	Sheet 1	4046	B/Plasma	Plasma B	Plasma	Plasma	PDK1	45	1.90796050007969	43.5258964143426	0.673995501678699	unknown; source workbook does not define whether this is log2FC	B. Extended lineage markers	False	limited_extended_evidence	False	False		1	1	1	1	B/Plasma	Plasma B	Plasma	0		Positive top-marker lists only; no complete non-target expression matrix, so cell specificity cannot be fully estimated.
Lung	BI_PF_ILD_atlas_v1	Sheet 1	4047	B/Plasma	Plasma B	Plasma	Plasma	VIMP	46	0.949304838845008	67.9282868525896	0.673310711027119	unknown; source workbook does not define whether this is log2FC	B. Extended lineage markers	False	limited_extended_evidence	False	False		1	1	1	1	B/Plasma	Plasma B	Plasma	0		Positive top-marker lists only; no complete non-target expression matrix, so cell specificity cannot be fully estimated.
Lung	BI_PF_ILD_atlas_v1	Sheet 1	4048	B/Plasma	Plasma B	Plasma	Plasma	COBLL1	47	1.81388450612168	45.0199203187251	0.67284157995606	unknown; source workbook does not define whether this is log2FC	B. Extended lineage markers	False	limited_extended_evidence	False	False		1	1	1	1	B/Plasma	Plasma B	Plasma	0		Positive top-marker lists only; no complete non-target expression matrix, so cell specificity cannot be fully estimated.
Lung	BI_PF_ILD_atlas_v1	Sheet 1	4049	B/Plasma	Plasma B	Plasma	Plasma	SPCS2	48	0.946591609143574	71.5139442231076	0.670269329277006	unknown; source workbook does not define whether this is log2FC	B. Extended lineage markers	False	limited_extended_evidence	False	False		1	1	1	1	B/Plasma	Plasma B	Plasma	0		Positive top-marker lists only; no complete non-target expression matrix, so cell specificity cannot be fully estimated.
Lung	BI_PF_ILD_atlas_v1	Sheet 1	4050	B/Plasma	Plasma B	Plasma	Plasma	SDF2L1	49	1.37408715421511	58.0677290836653	0.670102116724827	unknown; source workbook does not define whether this is log2FC	B. Extended lineage markers	False	limited_extended_evidence	False	False		1	1	1	1	B/Plasma	Plasma B	Plasma	0		Positive top-marker lists only; no complete non-target expression matrix, so cell specificity cannot be fully estimated.
Lung	BI_PF_ILD_atlas_v1	Sheet 1	4051	B/Plasma	Plasma B	Plasma	Plasma	IGHM	50	8.6158641528188	35.5577689243028	0.666346227513553	unknown; source workbook does not define whether this is log2FC	D. Shared/functional markers	False	shared_or_cross_lineage_risk	False	True	immunoglobulin/secretory	1	2	2	2	B/Plasma	B cell;Plasma B	B;Plasma	0		Positive top-marker lists only; no complete non-target expression matrix, so cell specificity cannot be fully estimated.
Lung	BI_PF_ILD_atlas_v1	Sheet 1	2252	T cell	CD8+ Naive T	CD8 T	T	CCL5	1	3.44309614281547	93.9583333333333	0.936838146436666	unknown; source workbook does not define whether this is log2FC	D. Shared/functional markers	False	shared_or_cross_lineage_risk	False	True	cytotoxicity	2	5	4	2	NK;T cell	CD8+ Naive T;Cytotoxic T;NK;T CD4+ JUN+;helper T CD4+	NK;T	0		Positive top-marker lists only; no complete non-target expression matrix, so cell specificity cannot be fully estimated.
Lung	BI_PF_ILD_atlas_v1	Sheet 1	2253	T cell	CD8+ Naive T	CD8 T	T	SYTL3	2	2.74029533448757	94.3589743589744	0.89936353023363	unknown; source workbook does not define whether this is log2FC	D. Shared/functional markers	False	shared_or_cross_lineage_risk	False	True		3	9	7	3	Basophil/Mast;NK;T cell	Activated NK XCL1+;Basophil/Mast;CD8+ Naive T;Cytotoxic T;NK;T CD4+ JUN+;T regulatory;helper T CD4+;helper T CD4+ CDR7+	Mast/Basophil;NK;T	0		Positive top-marker lists only; no complete non-target expression matrix, so cell specificity cannot be fully estimated.
Lung	BI_PF_ILD_atlas_v1	Sheet 1	2254	T cell	CD8+ Naive T	CD8 T	T	PARP8	3	3.30042951680707	89.8557692307692	0.895955753895493	unknown; source workbook does not define whether this is log2FC	D. Shared/functional markers	False	shared_or_cross_lineage_risk	False	True		2	7	5	2	NK;T cell	Activated NK XCL1+;CD8+ Naive T;Cytotoxic T;NK;T CD4+ JUN+;helper T CD4+;helper T CD4+ CDR7+	NK;T	0		Positive top-marker lists only; no complete non-target expression matrix, so cell specificity cannot be fully estimated.
Lung	BI_PF_ILD_atlas_v1	Sheet 1	2255	T cell	CD8+ Naive T	CD8 T	T	FYN	4	2.67296642671401	87.8685897435897	0.871782325737359	unknown; source workbook does not define whether this is log2FC	D. Shared/functional markers	False	shared_or_cross_lineage_risk	False	True		2	8	6	2	NK;T cell	Activated NK XCL1+;CD8+ Naive T;Cytotoxic T;NK;T CD4+ JUN+;T regulatory;helper T CD4+;helper T CD4+ CDR7+	NK;T	0		Positive top-marker lists only; no complete non-target expression matrix, so cell specificity cannot be fully estimated.
Lung	BI_PF_ILD_atlas_v1	Sheet 1	2256	T cell	CD8+ Naive T	CD8 T	T	CNOT6L	5	2.65843664203083	87.4839743589744	0.866219745253841	unknown; source workbook does not define whether this is log2FC	D. Shared/functional markers	False	shared_or_cross_lineage_risk	False	True		2	8	6	2	NK;T cell	Activated NK XCL1+;CD8+ Naive T;Cytotoxic T;NK;T CD4+ JUN+;T regulatory;helper T CD4+;helper T CD4+ CDR7+	NK;T	0		Positive top-marker lists only; no complete non-target expression matrix, so cell specificity cannot be fully estimated.
Lung	BI_PF_ILD_atlas_v1	Sheet 1	2257	T cell	CD8+ Naive T	CD8 T	T	FAM129A	6	2.99626479197012	84.9198717948718	0.858021565375011	unknown; source workbook does not define whether this is log2FC	C. State-associated markers	True	state_associated_not_lineage_core	False	True		1	4	3	1	T cell	CD8+ Naive T;T CD4+ JUN+;T regulatory;helper T CD4+	T	0		Positive top-marker lists only; no complete non-target expression matrix, so cell specificity cannot be fully estimated.
Lung	BI_PF_ILD_atlas_v1	Sheet 1	2258	T cell	CD8+ Naive T	CD8 T	T	CBLB	7	2.661260895116	86.1217948717949	0.846462960842614	unknown; source workbook does not define whether this is log2FC	D. Shared/functional markers	False	shared_or_cross_lineage_risk	False	True		2	6	5	2	NK;T cell	Activated NK XCL1+;CD8+ Naive T;Cytotoxic T;NK;T CD4+ JUN+;helper T CD4+	NK;T	0		Positive top-marker lists only; no complete non-target expression matrix, so cell specificity cannot be fully estimated.
Lung	BI_PF_ILD_atlas_v1	Sheet 1	2259	T cell	CD8+ Naive T	CD8 T	T	CD69	8	2.32537354825869	81.9551282051282	0.844453572353143	unknown; source workbook does not define whether this is log2FC	D. Shared/functional markers	False	shared_or_cross_lineage_risk	False	True		4	9	7	4	B/Plasma;Basophil/Mast;NK;T cell	Activated NK XCL1+;B cell;Basophil/Mast;CD8+ Naive T;Cytotoxic T;NK;T CD4+ JUN+;helper T CD4+;helper T CD4+ CDR7+	B;Mast/Basophil;NK;T	0		Positive top-marker lists only; no complete non-target expression matrix, so cell specificity cannot be fully estimated.
Lung	BI_PF_ILD_atlas_v1	Sheet 1	2260	T cell	CD8+ Naive T	CD8 T	T	PPP1R16B	9	3.33799572812038	74.3429487179487	0.836531458432633	unknown; source workbook does not define whether this is log2FC	D. Shared/functional markers	False	shared_or_cross_lineage_risk	False	True		2	7	5	2	NK;T cell	Activated NK XCL1+;CD8+ Naive T;Cytotoxic T;T CD4+ JUN+;T regulatory;helper T CD4+;helper T CD4+ CDR7+	NK;T	0		Positive top-marker lists only; no complete non-target expression matrix, so cell specificity cannot be fully estimated.
Lung	BI_PF_ILD_atlas_v1	Sheet 1	2261	T cell	CD8+ Naive T	CD8 T	T	IL32	10	2.09713973560254	78.5416666666667	0.823632080635563	unknown; source workbook does not define whether this is log2FC	D. Shared/functional markers	False	shared_or_cross_lineage_risk	False	True		1	6	4	1	T cell	CD8+ Naive T;Cytotoxic T;T CD4+ JUN+;T regulatory;helper T CD4+;helper T CD4+ CDR7+	T	1	Capillary Aerocyte	Positive top-marker lists only; no complete non-target expression matrix, so cell specificity cannot be fully estimated.
Lung	BI_PF_ILD_atlas_v1	Sheet 1	2262	T cell	CD8+ Naive T	CD8 T	T	PBX4	11	3.51450605484443	69.2948717948718	0.817971104035406	unknown; source workbook does not define whether this is log2FC	C. State-associated markers	True	state_associated_not_lineage_core	False	True		1	5	3	1	T cell	CD8+ Naive T;T CD4+ JUN+;T regulatory;helper T CD4+;helper T CD4+ CDR7+	T	0		Positive top-marker lists only; no complete non-target expression matrix, so cell specificity cannot be fully estimated.
Lung	BI_PF_ILD_atlas_v1	Sheet 1	2263	T cell	CD8+ Naive T	CD8 T	T	KLRC4-KLRK1	12	3.99581518421155	65.0	0.80815857220647	unknown; source workbook does not define whether this is log2FC	D. Shared/functional markers	False	shared_or_cross_lineage_risk	False	False		2	4	4	2	NK;T cell	Activated NK XCL1+;CD8+ Naive T;Cytotoxic T;NK	NK;T	0		Positive top-marker lists only; no complete non-target expression matrix, so cell specificity cannot be fully estimated.
Lung	BI_PF_ILD_atlas_v1	Sheet 1	2264	T cell	CD8+ Naive T	CD8 T	T	CCL4	13	2.21366320005589	76.4423076923077	0.807125557310163	unknown; source workbook does not define whether this is log2FC	D. Shared/functional markers	False	shared_or_cross_lineage_risk	False	False		2	4	4	2	NK;T cell	CD8+ Naive T;Cytotoxic T;NK;T CD4+ JUN+	NK;T	0		Positive top-marker lists only; no complete non-target expression matrix, so cell specificity cannot be fully estimated.
Lung	BI_PF_ILD_atlas_v1	Sheet 1	2265	T cell	CD8+ Naive T	CD8 T	T	CD3D	14	3.14984978699771	66.9711538461538	0.806417741497154	unknown; source workbook does not define whether this is log2FC	A. Lineage-core	True	relatively_specific_core	True	True		1	6	4	1	T cell	CD8+ Naive T;Cytotoxic T;T CD4+ JUN+;T regulatory;helper T CD4+;helper T CD4+ CDR7+	T	0		Positive top-marker lists only; no complete non-target expression matrix, so cell specificity cannot be fully estimated.
Lung	BI_PF_ILD_atlas_v1	Sheet 1	2266	T cell	CD8+ Naive T	CD8 T	T	ITK	15	3.05118185493717	67.3878205128205	0.806071285868659	unknown; source workbook does not define whether this is log2FC	A. Lineage-core	True	relatively_specific_core	True	True		1	6	4	1	T cell	CD8+ Naive T;Cytotoxic T;T CD4+ JUN+;T regulatory;helper T CD4+;helper T CD4+ CDR7+	T	0		Positive top-marker lists only; no complete non-target expression matrix, so cell specificity cannot be fully estimated.
Lung	BI_PF_ILD_atlas_v1	Sheet 1	2267	T cell	CD8+ Naive T	CD8 T	T	RUNX3	16	2.88157346076384	70.1442307692308	0.804196221969233	unknown; source workbook does not define whether this is log2FC	D. Shared/functional markers	False	shared_or_cross_lineage_risk	False	True		2	4	4	2	NK;T cell	Activated NK XCL1+;CD8+ Naive T;Cytotoxic T;NK	NK;T	0		Positive top-marker lists only; no complete non-target expression matrix, so cell specificity cannot be fully estimated.
Lung	BI_PF_ILD_atlas_v1	Sheet 1	2268	T cell	CD8+ Naive T	CD8 T	T	AIM1	17	1.95583140217782	81.875	0.800850874611325	unknown; source workbook does not define whether this is log2FC	D. Shared/functional markers	False	shared_or_cross_lineage_risk	False	True		2	7	3	2	Dendritic;T cell	CD8+ Naive T;DC LAMP3+/CCR7+;DC1 CLEC9A+;DC2 CLEC10A+;T CD4+ JUN+;helper T CD4+;helper T CD4+ CDR7+	DC;T	0		Positive top-marker lists only; no complete non-target expression matrix, so cell specificity cannot be fully estimated.
Lung	BI_PF_ILD_atlas_v1	Sheet 1	2269	T cell	CD8+ Naive T	CD8 T	T	STAT4	18	2.59583348610475	71.4423076923077	0.800389204590728	unknown; source workbook does not define whether this is log2FC	D. Shared/functional markers	False	shared_or_cross_lineage_risk	False	True		2	8	6	2	NK;T cell	Activated NK XCL1+;CD8+ Naive T;Cytotoxic T;NK;T CD4+ JUN+;T regulatory;helper T CD4+;helper T CD4+ CDR7+	NK;T	0		Positive top-marker lists only; no complete non-target expression matrix, so cell specificity cannot be fully estimated.
Lung	BI_PF_ILD_atlas_v1	Sheet 1	2270	T cell	CD8+ Naive T	CD8 T	T	AC092580.4	19	4.00120284591981	62.8365384615385	0.798612056803997	unknown; source workbook does not define whether this is log2FC	C. State-associated markers	True	state_associated_not_lineage_core	False	True		1	3	3	1	T cell	CD8+ Naive T;Cytotoxic T;T CD4+ JUN+	T	0		Positive top-marker lists only; no complete non-target expression matrix, so cell specificity cannot be fully estimated.
Lung	BI_PF_ILD_atlas_v1	Sheet 1	2271	T cell	CD8+ Naive T	CD8 T	T	CD96	20	3.44875288980238	64.5192307692308	0.79802572006103	unknown; source workbook does not define whether this is log2FC	D. Shared/functional markers	False	shared_or_cross_lineage_risk	False	True		2	5	3	2	NK;T cell	Activated NK XCL1+;CD8+ Naive T;T CD4+ JUN+;helper T CD4+;helper T CD4+ CDR7+	NK;T	0		Positive top-marker lists only; no complete non-target expression matrix, so cell specificity cannot be fully estimated.
Lung	BI_PF_ILD_atlas_v1	Sheet 1	2272	T cell	CD8+ Naive T	CD8 T	T	GZMB	21	2.74903740471738	64.198717948718	0.789266890328733	unknown; source workbook does not define whether this is log2FC	D. Shared/functional markers	False	shared_or_cross_lineage_risk	False	False	cytotoxicity	3	4	4	3	NK;T cell;pDC	CD8+ Naive T;Cytotoxic T;NK;pDC	DC;NK;T	0		Positive top-marker lists only; no complete non-target expression matrix, so cell specificity cannot be fully estimated.
Lung	BI_PF_ILD_atlas_v1	Sheet 1	2273	T cell	CD8+ Naive T	CD8 T	T	PPP2R5C	22	1.7213019759266	87.9967948717949	0.788261691578577	unknown; source workbook does not define whether this is log2FC	D. Shared/functional markers	False	shared_or_cross_lineage_risk	False	True		2	5	4	2	NK;T cell	CD8+ Naive T;Cytotoxic T;NK;helper T CD4+;helper T CD4+ CDR7+	NK;T	0		Positive top-marker lists only; no complete non-target expression matrix, so cell specificity cannot be fully estimated.
Lung	BI_PF_ILD_atlas_v1	Sheet 1	2274	T cell	CD8+ Naive T	CD8 T	T	PITPNC1	23	2.09863183147694	78.525641025641	0.787110516867621	unknown; source workbook does not define whether this is log2FC	D. Shared/functional markers	False	shared_or_cross_lineage_risk	False	True		2	5	4	2	NK;T cell	CD8+ Naive T;Cytotoxic T;NK;helper T CD4+;helper T CD4+ CDR7+	NK;T	0		Positive top-marker lists only; no complete non-target expression matrix, so cell specificity cannot be fully estimated.
Lung	BI_PF_ILD_atlas_v1	Sheet 1	2275	T cell	CD8+ Naive T	CD8 T	T	CDC42SE2	24	1.86866505132343	81.1858974358974	0.776636638441943	unknown; source workbook does not define whether this is log2FC	D. Shared/functional markers	False	shared_or_cross_lineage_risk	False	True		2	7	5	2	B/Plasma;T cell	B cell;CD8+ Naive T;Cytotoxic T;T CD4+ JUN+;T regulatory;helper T CD4+;helper T CD4+ CDR7+	B;T	0		Positive top-marker lists only; no complete non-target expression matrix, so cell specificity cannot be fully estimated.
Lung	BI_PF_ILD_atlas_v1	Sheet 1	2276	T cell	CD8+ Naive T	CD8 T	T	CD2	25	3.01702990761822	60.2564102564103	0.773073355530846	unknown; source workbook does not define whether this is log2FC	A. Lineage-core	True	relatively_specific_core	True	True		1	6	4	1	T cell	CD8+ Naive T;Cytotoxic T;T CD4+ JUN+;T regulatory;helper T CD4+;helper T CD4+ CDR7+	T	0		Positive top-marker lists only; no complete non-target expression matrix, so cell specificity cannot be fully estimated.
Lung	BI_PF_ILD_atlas_v1	Sheet 1	2277	T cell	CD8+ Naive T	CD8 T	T	CXCR4	26	1.40144325920537	88.0769230769231	0.770827230116521	unknown; source workbook does not define whether this is log2FC	D. Shared/functional markers	False	shared_or_cross_lineage_risk	False	True		5	10	7	4	B/Plasma;Dendritic;NK;T cell;pDC	Activated NK XCL1+;B cell;CD8+ Naive T;Cytotoxic T;DC CXCL2+/CD14+/CD1C-;DC2 CLEC10A+;T CD4+ JUN+;helper T CD4+;helper T CD4+ CDR7+;pDC	B;DC;NK;T	0		Positive top-marker lists only; no complete non-target expression matrix, so cell specificity cannot be fully estimated.
Lung	BI_PF_ILD_atlas_v1	Sheet 1	2278	T cell	CD8+ Naive T	CD8 T	T	FNBP1	27	1.71894611652627	85.4647435897436	0.770304929599264	unknown; source workbook does not define whether this is log2FC	D. Shared/functional markers	False	shared_or_cross_lineage_risk	False	True		3	7	4	3	B/Plasma;Dendritic;T cell	B cell;B cell LRMP+;CD8+ Naive T;DC LAMP3+/CCR7+;DC1 CLEC9A+;T CD4+ JUN+;helper T CD4+	B;DC;T	0		Positive top-marker lists only; no complete non-target expression matrix, so cell specificity cannot be fully estimated.
Lung	BI_PF_ILD_atlas_v1	Sheet 1	2279	T cell	CD8+ Naive T	CD8 T	T	CD7	28	2.99843198806073	59.8237179487179	0.770020238671227	unknown; source workbook does not define whether this is log2FC	D. Shared/functional markers	False	shared_or_cross_lineage_risk	False	False		2	4	4	2	NK;T cell	Activated NK XCL1+;CD8+ Naive T;NK;T regulatory	NK;T	0		Positive top-marker lists only; no complete non-target expression matrix, so cell specificity cannot be fully estimated.
Lung	BI_PF_ILD_atlas_v1	Sheet 1	2280	T cell	CD8+ Naive T	CD8 T	T	RNF19A	29	2.31392528578735	74.5352564102564	0.766469013136511	unknown; source workbook does not define whether this is log2FC	B. Extended lineage markers	True	moderate_extended	False	True		1	5	3	1	T cell	CD8+ Naive T;T CD4+ JUN+;T regulatory;helper T CD4+;helper T CD4+ CDR7+	T	0		Positive top-marker lists only; no complete non-target expression matrix, so cell specificity cannot be fully estimated.
Lung	BI_PF_ILD_atlas_v1	Sheet 1	2281	T cell	CD8+ Naive T	CD8 T	T	SKAP1	30	2.78799273386402	60.625	0.764338876143037	unknown; source workbook does not define whether this is log2FC	D. Shared/functional markers	False	shared_or_cross_lineage_risk	False	True		2	8	6	2	NK;T cell	Activated NK XCL1+;CD8+ Naive T;Cytotoxic T;NK;T CD4+ JUN+;T regulatory;helper T CD4+;helper T CD4+ CDR7+	NK;T	0		Positive top-marker lists only; no complete non-target expression matrix, so cell specificity cannot be fully estimated.
Lung	BI_PF_ILD_atlas_v1	Sheet 1	2282	T cell	CD8+ Naive T	CD8 T	T	RNF125	31	2.85572049829558	60.5448717948718	0.762153009727713	unknown; source workbook does not define whether this is log2FC	D. Shared/functional markers	False	shared_or_cross_lineage_risk	False	True		2	6	5	2	NK;T cell	Activated NK XCL1+;CD8+ Naive T;Cytotoxic T;NK;helper T CD4+;helper T CD4+ CDR7+	NK;T	0		Positive top-marker lists only; no complete non-target expression matrix, so cell specificity cannot be fully estimated.
Lung	BI_PF_ILD_atlas_v1	Sheet 1	2283	T cell	CD8+ Naive T	CD8 T	T	GNG2	32	2.32148525522517	64.0544871794872	0.762031460904741	unknown; source workbook does not define whether this is log2FC	D. Shared/functional markers	False	shared_or_cross_lineage_risk	False	True		2	6	5	2	NK;T cell	CD8+ Naive T;Cytotoxic T;NK;T CD4+ JUN+;T regulatory;helper T CD4+	NK;T	0		Positive top-marker lists only; no complete non-target expression matrix, so cell specificity cannot be fully estimated.
Lung	BI_PF_ILD_atlas_v1	Sheet 1	2284	T cell	CD8+ Naive T	CD8 T	T	PTPN22	33	3.15866176119507	60.1762820512821	0.759584470122002	unknown; source workbook does not define whether this is log2FC	B. Extended lineage markers	False	limited_extended_evidence	False	False		1	1	1	1	T cell	CD8+ Naive T	T	0		Positive top-marker lists only; no complete non-target expression matrix, so cell specificity cannot be fully estimated.
Lung	BI_PF_ILD_atlas_v1	Sheet 1	2285	T cell	CD8+ Naive T	CD8 T	T	TOB1	34	2.60297774190736	73.3814102564102	0.75880120813327	unknown; source workbook does not define whether this is log2FC	B. Extended lineage markers	False	limited_extended_evidence	False	False		1	1	1	1	T cell	CD8+ Naive T	T	0		Positive top-marker lists only; no complete non-target expression matrix, so cell specificity cannot be fully estimated.
Lung	BI_PF_ILD_atlas_v1	Sheet 1	2286	T cell	CD8+ Naive T	CD8 T	T	STK17B	35	1.44280900843041	88.3814102564102	0.758122258844336	unknown; source workbook does not define whether this is log2FC	D. Shared/functional markers	False	shared_or_cross_lineage_risk	False	True		3	8	5	3	Dendritic;Monocyte;T cell	CD8+ Naive T;DC1 CLEC9A+;DC2 CD1A+/CD1E+;DC2 CLEC10A+;Monocytes CD16+;T CD4+ JUN+;T regulatory;helper T CD4+	DC;Monocyte;T	0		Positive top-marker lists only; no complete non-target expression matrix, so cell specificity cannot be fully estimated.
Lung	BI_PF_ILD_atlas_v1	Sheet 1	2287	T cell	CD8+ Naive T	CD8 T	T	AOAH	36	2.3470334162597	65.1762820512821	0.7569325074789	unknown; source workbook does not define whether this is log2FC	D. Shared/functional markers	False	shared_or_cross_lineage_risk	False	False		2	3	3	2	NK;T cell	CD8+ Naive T;Cytotoxic T;NK	NK;T	0		Positive top-marker lists only; no complete non-target expression matrix, so cell specificity cannot be fully estimated.
Lung	BI_PF_ILD_atlas_v1	Sheet 1	2288	T cell	CD8+ Naive T	CD8 T	T	PRKCH	37	1.79094844887902	75.7371794871795	0.754926414490575	unknown; source workbook does not define whether this is log2FC	D. Shared/functional markers	False	shared_or_cross_lineage_risk	False	True		2	8	6	2	NK;T cell	Activated NK XCL1+;CD8+ Naive T;Cytotoxic T;NK;T CD4+ JUN+;T regulatory;helper T CD4+;helper T CD4+ CDR7+	NK;T	0		Positive top-marker lists only; no complete non-target expression matrix, so cell specificity cannot be fully estimated.
Lung	BI_PF_ILD_atlas_v1	Sheet 1	2289	T cell	CD8+ Naive T	CD8 T	T	ARHGAP15	38	1.68476011819347	75.6570512820513	0.750543159864524	unknown; source workbook does not define whether this is log2FC	D. Shared/functional markers	False	shared_or_cross_lineage_risk	False	True		3	7	5	3	B/Plasma;NK;T cell	Activated NK XCL1+;B cell;CD8+ Naive T;T CD4+ JUN+;T regulatory;helper T CD4+;helper T CD4+ CDR7+	B;NK;T	0		Positive top-marker lists only; no complete non-target expression matrix, so cell specificity cannot be fully estimated.
Lung	BI_PF_ILD_atlas_v1	Sheet 1	2290	T cell	CD8+ Naive T	CD8 T	T	AC016831.7	39	1.96572582698422	75.4487179487179	0.74884035513866	unknown; source workbook does not define whether this is log2FC	B. Extended lineage markers	False	limited_extended_evidence	False	True		1	2	2	1	T cell	CD8+ Naive T;helper T CD4+	T	0		Positive top-marker lists only; no complete non-target expression matrix, so cell specificity cannot be fully estimated.
Lung	BI_PF_ILD_atlas_v1	Sheet 1	2291	T cell	CD8+ Naive T	CD8 T	T	CAMK4	40	3.6124451573845	52.3237179487179	0.744623418430476	unknown; source workbook does not define whether this is log2FC	B. Extended lineage markers	False	limited_extended_evidence	False	True		1	4	2	1	T cell	CD8+ Naive T;T CD4+ JUN+;helper T CD4+;helper T CD4+ CDR7+	T	0		Positive top-marker lists only; no complete non-target expression matrix, so cell specificity cannot be fully estimated.
Lung	BI_PF_ILD_atlas_v1	Sheet 1	2292	T cell	CD8+ Naive T	CD8 T	T	CD3E	41	2.89854729514395	53.6698717948718	0.744605259416975	unknown; source workbook does not define whether this is log2FC	A. Lineage-core	True	relatively_specific_core	True	True		1	6	4	1	T cell	CD8+ Naive T;Cytotoxic T;T CD4+ JUN+;T regulatory;helper T CD4+;helper T CD4+ CDR7+	T	0		Positive top-marker lists only; no complete non-target expression matrix, so cell specificity cannot be fully estimated.
Lung	BI_PF_ILD_atlas_v1	Sheet 1	2293	T cell	CD8+ Naive T	CD8 T	T	CD8A	42	3.9996172960473	50.9775641025641	0.744534023808473	unknown; source workbook does not define whether this is log2FC	B. Extended lineage markers	False	limited_extended_evidence	False	False		1	2	2	1	T cell	CD8+ Naive T;Cytotoxic T	T	0		Positive top-marker lists only; no complete non-target expression matrix, so cell specificity cannot be fully estimated.
Lung	BI_PF_ILD_atlas_v1	Sheet 1	2294	T cell	CD8+ Naive T	CD8 T	T	RHOH	43	1.97393929048883	64.2467948717949	0.740137726056544	unknown; source workbook does not define whether this is log2FC	D. Shared/functional markers	False	shared_or_cross_lineage_risk	False	True		3	8	5	3	B/Plasma;Basophil/Mast;T cell	B cell;B cell LRMP+;Basophil/Mast;CD8+ Naive T;T CD4+ JUN+;T regulatory;helper T CD4+;helper T CD4+ CDR7+	B;Mast/Basophil;T	0		Positive top-marker lists only; no complete non-target expression matrix, so cell specificity cannot be fully estimated.
Lung	BI_PF_ILD_atlas_v1	Sheet 1	2295	T cell	CD8+ Naive T	CD8 T	T	KLRD1	44	2.44259743838284	55.8814102564103	0.738682576465814	unknown; source workbook does not define whether this is log2FC	D. Shared/functional markers	False	shared_or_cross_lineage_risk	False	False	cytotoxicity	2	4	4	2	NK;T cell	Activated NK XCL1+;CD8+ Naive T;Cytotoxic T;NK	NK;T	0		Positive top-marker lists only; no complete non-target expression matrix, so cell specificity cannot be fully estimated.
Lung	BI_PF_ILD_atlas_v1	Sheet 1	2296	T cell	CD8+ Naive T	CD8 T	T	PTPRC	45	1.163108009515	90.224358974359	0.735691386151632	unknown; source workbook does not define whether this is log2FC	D. Shared/functional markers	False	shared_or_cross_lineage_risk	False	True		2	5	4	2	Monocyte;T cell	CD8+ Naive T;Cytotoxic T;Monocytes CD14+/IL1B;Monocytes CD16+;T regulatory	Monocyte;T	0		Positive top-marker lists only; no complete non-target expression matrix, so cell specificity cannot be fully estimated.
Lung	BI_PF_ILD_atlas_v1	Sheet 1	2297	T cell	CD8+ Naive T	CD8 T	T	CDC14A	46	3.00220371735519	55.7692307692308	0.7334651896257	unknown; source workbook does not define whether this is log2FC	B. Extended lineage markers	False	limited_extended_evidence	False	False		1	2	2	1	T cell	CD8+ Naive T;helper T CD4+ CDR7+	T	0		Positive top-marker lists only; no complete non-target expression matrix, so cell specificity cannot be fully estimated.
Lung	BI_PF_ILD_atlas_v1	Sheet 1	2298	T cell	CD8+ Naive T	CD8 T	T	STK4	47	1.60533378797862	72.900641025641	0.73151367587051	unknown; source workbook does not define whether this is log2FC	D. Shared/functional markers	False	shared_or_cross_lineage_risk	False	True		3	6	4	3	B/Plasma;Dendritic;T cell	B cell;CD8+ Naive T;DC LAMP3+/CCR7+;T CD4+ JUN+;helper T CD4+;helper T CD4+ CDR7+	B;DC;T	0		Positive top-marker lists only; no complete non-target expression matrix, so cell specificity cannot be fully estimated.
Lung	BI_PF_ILD_atlas_v1	Sheet 1	2299	T cell	CD8+ Naive T	CD8 T	T	ATXN1	48	1.70980665537547	79.7435897435898	0.729628412427475	unknown; source workbook does not define whether this is log2FC	B. Extended lineage markers	False	limited_extended_evidence	False	False		1	2	2	1	T cell	CD8+ Naive T;helper T CD4+	T	0		Positive top-marker lists only; no complete non-target expression matrix, so cell specificity cannot be fully estimated.
Lung	BI_PF_ILD_atlas_v1	Sheet 1	2300	T cell	CD8+ Naive T	CD8 T	T	CLEC2D	49	2.57371783374043	54.2147435897436	0.727029607990138	unknown; source workbook does not define whether this is log2FC	B. Extended lineage markers	False	limited_extended_evidence	False	True		1	5	4	1	T cell	CD8+ Naive T;Cytotoxic T;T CD4+ JUN+;T regulatory;helper T CD4+ CDR7+	T	0		Positive top-marker lists only; no complete non-target expression matrix, so cell specificity cannot be fully estimated.
Lung	BI_PF_ILD_atlas_v1	Sheet 1	2301	T cell	CD8+ Naive T	CD8 T	T	TRAC	50	2.95146650808843	50.0641025641026	0.725501051198293	unknown; source workbook does not define whether this is log2FC	A. Lineage-core	True	relatively_specific_core	True	True		1	5	4	1	T cell	CD8+ Naive T;Cytotoxic T;T CD4+ JUN+;T regulatory;helper T CD4+ CDR7+	T	0		Positive top-marker lists only; no complete non-target expression matrix, so cell specificity cannot be fully estimated.
Lung	BI_PF_ILD_atlas_v1	Sheet 1	2652	T cell	Cytotoxic T	Cytotoxic T	T	CCL5	1	4.0502853785929	95.98850701735	0.953293788472815	unknown; source workbook does not define whether this is log2FC	D. Shared/functional markers	False	shared_or_cross_lineage_risk	False	True	cytotoxicity	2	5	4	2	NK;T cell	CD8+ Naive T;Cytotoxic T;NK;T CD4+ JUN+;helper T CD4+	NK;T	0		Positive top-marker lists only; no complete non-target expression matrix, so cell specificity cannot be fully estimated.
Lung	BI_PF_ILD_atlas_v1	Sheet 1	2653	T cell	Cytotoxic T	Cytotoxic T	T	NKG7	2	3.88254342714061	90.4409326997458	0.919808554119036	unknown; source workbook does not define whether this is log2FC	D. Shared/functional markers	False	shared_or_cross_lineage_risk	False	False	cytotoxicity	2	3	3	2	NK;T cell	Activated NK XCL1+;Cytotoxic T;NK	NK;T	0		Positive top-marker lists only; no complete non-target expression matrix, so cell specificity cannot be fully estimated.
Lung	BI_PF_ILD_atlas_v1	Sheet 1	2654	T cell	Cytotoxic T	Cytotoxic T	T	CD3D	3	3.89022347067022	75.1906287987623	0.853049350818653	unknown; source workbook does not define whether this is log2FC	A. Lineage-core	True	relatively_specific_core	True	True		1	6	4	1	T cell	CD8+ Naive T;Cytotoxic T;T CD4+ JUN+;T regulatory;helper T CD4+;helper T CD4+ CDR7+	T	0		Positive top-marker lists only; no complete non-target expression matrix, so cell specificity cannot be fully estimated.
Lung	BI_PF_ILD_atlas_v1	Sheet 1	2655	T cell	Cytotoxic T	Cytotoxic T	T	FYN	4	2.49556451780776	84.6502375953144	0.849144039615442	unknown; source workbook does not define whether this is log2FC	D. Shared/functional markers	False	shared_or_cross_lineage_risk	False	True		2	8	6	2	NK;T cell	Activated NK XCL1+;CD8+ Naive T;Cytotoxic T;NK;T CD4+ JUN+;T regulatory;helper T CD4+;helper T CD4+ CDR7+	NK;T	0		Positive top-marker lists only; no complete non-target expression matrix, so cell specificity cannot be fully estimated.
Lung	BI_PF_ILD_atlas_v1	Sheet 1	2656	T cell	Cytotoxic T	Cytotoxic T	T	IL32	5	2.69203296042159	81.688584373964	0.846675127421973	unknown; source workbook does not define whether this is log2FC	D. Shared/functional markers	False	shared_or_cross_lineage_risk	False	True		1	6	4	1	T cell	CD8+ Naive T;Cytotoxic T;T CD4+ JUN+;T regulatory;helper T CD4+;helper T CD4+ CDR7+	T	1	Capillary Aerocyte	Positive top-marker lists only; no complete non-target expression matrix, so cell specificity cannot be fully estimated.
Lung	BI_PF_ILD_atlas_v1	Sheet 1	2657	T cell	Cytotoxic T	Cytotoxic T	T	CST7	6	3.1246410613455	76.1410100563598	0.844328338536705	unknown; source workbook does not define whether this is log2FC	D. Shared/functional markers	False	shared_or_cross_lineage_risk	False	False		3	4	3	3	Dendritic;NK;T cell	Cytotoxic T;DC LAMP3+/CCR7+;DC2 CLEC10A+;NK	DC;NK;T	0		Positive top-marker lists only; no complete non-target expression matrix, so cell specificity cannot be fully estimated.
Lung	BI_PF_ILD_atlas_v1	Sheet 1	2658	T cell	Cytotoxic T	Cytotoxic T	T	PPP2R5C	7	2.21293022967544	90.2420156923417	0.834080000921145	unknown; source workbook does not define whether this is log2FC	D. Shared/functional markers	False	shared_or_cross_lineage_risk	False	True		2	5	4	2	NK;T cell	CD8+ Naive T;Cytotoxic T;NK;helper T CD4+;helper T CD4+ CDR7+	NK;T	0		Positive top-marker lists only; no complete non-target expression matrix, so cell specificity cannot be fully estimated.
Lung	BI_PF_ILD_atlas_v1	Sheet 1	2659	T cell	Cytotoxic T	Cytotoxic T	T	CCL4	8	2.4464725973104	80.6608465023759	0.830732106958715	unknown; source workbook does not define whether this is log2FC	D. Shared/functional markers	False	shared_or_cross_lineage_risk	False	False		2	4	4	2	NK;T cell	CD8+ Naive T;Cytotoxic T;NK;T CD4+ JUN+	NK;T	0		Positive top-marker lists only; no complete non-target expression matrix, so cell specificity cannot be fully estimated.
Lung	BI_PF_ILD_atlas_v1	Sheet 1	2660	T cell	Cytotoxic T	Cytotoxic T	T	GZMH	9	4.77092267264643	67.4549673997127	0.82460741161549	unknown; source workbook does not define whether this is log2FC	D. Shared/functional markers	False	shared_or_cross_lineage_risk	False	False	cytotoxicity	2	2	2	2	NK;T cell	Cytotoxic T;NK	NK;T	0		Positive top-marker lists only; no complete non-target expression matrix, so cell specificity cannot be fully estimated.
Lung	BI_PF_ILD_atlas_v1	Sheet 1	2661	T cell	Cytotoxic T	Cytotoxic T	T	SYTL3	10	2.02474919500912	85.5785169632004	0.823989570435481	unknown; source workbook does not define whether this is log2FC	D. Shared/functional markers	False	shared_or_cross_lineage_risk	False	True		3	9	7	3	Basophil/Mast;NK;T cell	Activated NK XCL1+;Basophil/Mast;CD8+ Naive T;Cytotoxic T;NK;T CD4+ JUN+;T regulatory;helper T CD4+;helper T CD4+ CDR7+	Mast/Basophil;NK;T	0		Positive top-marker lists only; no complete non-target expression matrix, so cell specificity cannot be fully estimated.
Lung	BI_PF_ILD_atlas_v1	Sheet 1	2662	T cell	Cytotoxic T	Cytotoxic T	T	CNOT6L	11	2.4320218529996	80.1304011492983	0.818182690575467	unknown; source workbook does not define whether this is log2FC	D. Shared/functional markers	False	shared_or_cross_lineage_risk	False	True		2	8	6	2	NK;T cell	Activated NK XCL1+;CD8+ Naive T;Cytotoxic T;NK;T CD4+ JUN+;T regulatory;helper T CD4+;helper T CD4+ CDR7+	NK;T	0		Positive top-marker lists only; no complete non-target expression matrix, so cell specificity cannot be fully estimated.
Lung	BI_PF_ILD_atlas_v1	Sheet 1	2663	T cell	Cytotoxic T	Cytotoxic T	T	GZMA	12	4.03511583759381	62.1615648137916	0.790883791234681	unknown; source workbook does not define whether this is log2FC	D. Shared/functional markers	False	shared_or_cross_lineage_risk	False	False	cytotoxicity	2	3	3	2	NK;T cell	Cytotoxic T;NK;T CD4+ JUN+	NK;T	0		Positive top-marker lists only; no complete non-target expression matrix, so cell specificity cannot be fully estimated.
Lung	BI_PF_ILD_atlas_v1	Sheet 1	2664	T cell	Cytotoxic T	Cytotoxic T	T	CD3E	13	3.75210620092581	60.7691457619626	0.78432077894825	unknown; source workbook does not define whether this is log2FC	A. Lineage-core	True	relatively_specific_core	True	True		1	6	4	1	T cell	CD8+ Naive T;Cytotoxic T;T CD4+ JUN+;T regulatory;helper T CD4+;helper T CD4+ CDR7+	T	0		Positive top-marker lists only; no complete non-target expression matrix, so cell specificity cannot be fully estimated.
Lung	BI_PF_ILD_atlas_v1	Sheet 1	2665	T cell	Cytotoxic T	Cytotoxic T	T	PARP8	14	2.25780560811685	74.0413305337606	0.782912605885482	unknown; source workbook does not define whether this is log2FC	D. Shared/functional markers	False	shared_or_cross_lineage_risk	False	True		2	7	5	2	NK;T cell	Activated NK XCL1+;CD8+ Naive T;Cytotoxic T;NK;T CD4+ JUN+;helper T CD4+;helper T CD4+ CDR7+	NK;T	0		Positive top-marker lists only; no complete non-target expression matrix, so cell specificity cannot be fully estimated.
Lung	BI_PF_ILD_atlas_v1	Sheet 1	2666	T cell	Cytotoxic T	Cytotoxic T	T	RUNX3	15	2.68392403811409	66.1951596861532	0.782369071454081	unknown; source workbook does not define whether this is log2FC	D. Shared/functional markers	False	shared_or_cross_lineage_risk	False	True		2	4	4	2	NK;T cell	Activated NK XCL1+;CD8+ Naive T;Cytotoxic T;NK	NK;T	0		Positive top-marker lists only; no complete non-target expression matrix, so cell specificity cannot be fully estimated.
Lung	BI_PF_ILD_atlas_v1	Sheet 1	2667	T cell	Cytotoxic T	Cytotoxic T	T	CD69	16	1.86968578135807	71.0244225881313	0.78098428489599	unknown; source workbook does not define whether this is log2FC	D. Shared/functional markers	False	shared_or_cross_lineage_risk	False	True		4	9	7	4	B/Plasma;Basophil/Mast;NK;T cell	Activated NK XCL1+;B cell;Basophil/Mast;CD8+ Naive T;Cytotoxic T;NK;T CD4+ JUN+;helper T CD4+;helper T CD4+ CDR7+	B;Mast/Basophil;NK;T	0		Positive top-marker lists only; no complete non-target expression matrix, so cell specificity cannot be fully estimated.
Lung	BI_PF_ILD_atlas_v1	Sheet 1	2668	T cell	Cytotoxic T	Cytotoxic T	T	KLRD1	17	3.16772909460351	62.0510553652337	0.777106554975439	unknown; source workbook does not define whether this is log2FC	D. Shared/functional markers	False	shared_or_cross_lineage_risk	False	False	cytotoxicity	2	4	4	2	NK;T cell	Activated NK XCL1+;CD8+ Naive T;Cytotoxic T;NK	NK;T	0		Positive top-marker lists only; no complete non-target expression matrix, so cell specificity cannot be fully estimated.
Lung	BI_PF_ILD_atlas_v1	Sheet 1	2669	T cell	Cytotoxic T	Cytotoxic T	T	PRKCH	18	2.03347613278894	77.1245441485247	0.76904682868575	unknown; source workbook does not define whether this is log2FC	D. Shared/functional markers	False	shared_or_cross_lineage_risk	False	True		2	8	6	2	NK;T cell	Activated NK XCL1+;CD8+ Naive T;Cytotoxic T;NK;T CD4+ JUN+;T regulatory;helper T CD4+;helper T CD4+ CDR7+	NK;T	0		Positive top-marker lists only; no complete non-target expression matrix, so cell specificity cannot be fully estimated.
Lung	BI_PF_ILD_atlas_v1	Sheet 1	2670	T cell	Cytotoxic T	Cytotoxic T	T	TMEM2	19	2.0946894623716	73.919770140347	0.767398081721572	unknown; source workbook does not define whether this is log2FC	D. Shared/functional markers	False	shared_or_cross_lineage_risk	False	True		2	3	3	2	NK;T cell	Cytotoxic T;NK;helper T CD4+	NK;T	0		Positive top-marker lists only; no complete non-target expression matrix, so cell specificity cannot be fully estimated.
Lung	BI_PF_ILD_atlas_v1	Sheet 1	2671	T cell	Cytotoxic T	Cytotoxic T	T	GNG2	20	2.3414248513809	65.123218035142	0.766827207569784	unknown; source workbook does not define whether this is log2FC	D. Shared/functional markers	False	shared_or_cross_lineage_risk	False	True		2	6	5	2	NK;T cell	CD8+ Naive T;Cytotoxic T;NK;T CD4+ JUN+;T regulatory;helper T CD4+	NK;T	0		Positive top-marker lists only; no complete non-target expression matrix, so cell specificity cannot be fully estimated.
Lung	BI_PF_ILD_atlas_v1	Sheet 1	2672	T cell	Cytotoxic T	Cytotoxic T	T	CD247	21	2.23323977757349	60.9791137142226	0.766167296344998	unknown; source workbook does not define whether this is log2FC	D. Shared/functional markers	False	shared_or_cross_lineage_risk	False	True		2	5	5	2	NK;T cell	Activated NK XCL1+;Cytotoxic T;NK;T regulatory;helper T CD4+ CDR7+	NK;T	0		Positive top-marker lists only; no complete non-target expression matrix, so cell specificity cannot be fully estimated.
Lung	BI_PF_ILD_atlas_v1	Sheet 1	2673	T cell	Cytotoxic T	Cytotoxic T	T	PRF1	22	3.13557104700161	57.6306774229197	0.764250042577813	unknown; source workbook does not define whether this is log2FC	D. Shared/functional markers	False	shared_or_cross_lineage_risk	False	False	cytotoxicity	2	2	2	2	NK;T cell	Cytotoxic T;NK	NK;T	0		Positive top-marker lists only; no complete non-target expression matrix, so cell specificity cannot be fully estimated.
Lung	BI_PF_ILD_atlas_v1	Sheet 1	2674	T cell	Cytotoxic T	Cytotoxic T	T	DUSP2	23	2.03096034519498	70.1956017239474	0.762147088127498	unknown; source workbook does not define whether this is log2FC	D. Shared/functional markers	False	shared_or_cross_lineage_risk	False	False		2	3	3	2	NK;T cell	Activated NK XCL1+;Cytotoxic T;NK	NK;T	0		Positive top-marker lists only; no complete non-target expression matrix, so cell specificity cannot be fully estimated.
Lung	BI_PF_ILD_atlas_v1	Sheet 1	2675	T cell	Cytotoxic T	Cytotoxic T	T	AKNA	24	2.25603277994146	68.3279920433197	0.76030869246701	unknown; source workbook does not define whether this is log2FC	D. Shared/functional markers	False	shared_or_cross_lineage_risk	False	False		2	2	2	2	NK;T cell	Cytotoxic T;NK	NK;T	0		Positive top-marker lists only; no complete non-target expression matrix, so cell specificity cannot be fully estimated.
Lung	BI_PF_ILD_atlas_v1	Sheet 1	2676	T cell	Cytotoxic T	Cytotoxic T	T	CXCR4	25	1.31241093538742	86.5399491656537	0.758689062953566	unknown; source workbook does not define whether this is log2FC	D. Shared/functional markers	False	shared_or_cross_lineage_risk	False	True		5	10	7	4	B/Plasma;Dendritic;NK;T cell;pDC	Activated NK XCL1+;B cell;CD8+ Naive T;Cytotoxic T;DC CXCL2+/CD14+/CD1C-;DC2 CLEC10A+;T CD4+ JUN+;helper T CD4+;helper T CD4+ CDR7+;pDC	B;DC;NK;T	0		Positive top-marker lists only; no complete non-target expression matrix, so cell specificity cannot be fully estimated.
Lung	BI_PF_ILD_atlas_v1	Sheet 1	2677	T cell	Cytotoxic T	Cytotoxic T	T	GZMB	26	2.59145159450361	57.5643717537849	0.756977723765782	unknown; source workbook does not define whether this is log2FC	D. Shared/functional markers	False	shared_or_cross_lineage_risk	False	False	cytotoxicity	3	4	4	3	NK;T cell;pDC	CD8+ Naive T;Cytotoxic T;NK;pDC	DC;NK;T	0		Positive top-marker lists only; no complete non-target expression matrix, so cell specificity cannot be fully estimated.
Lung	BI_PF_ILD_atlas_v1	Sheet 1	2678	T cell	Cytotoxic T	Cytotoxic T	T	GNLY	27	3.30675734533243	56.4703282130622	0.756056417398145	unknown; source workbook does not define whether this is log2FC	D. Shared/functional markers	False	shared_or_cross_lineage_risk	False	False	cytotoxicity	2	3	3	2	NK;T cell	Activated NK XCL1+;Cytotoxic T;NK	NK;T	0		Positive top-marker lists only; no complete non-target expression matrix, so cell specificity cannot be fully estimated.
Lung	BI_PF_ILD_atlas_v1	Sheet 1	2679	T cell	Cytotoxic T	Cytotoxic T	T	BCL11B	28	3.36434046026434	54.1606807382031	0.750802581855342	unknown; source workbook does not define whether this is log2FC	A. Lineage-core	True	relatively_specific_core	True	True		1	5	3	1	T cell	Cytotoxic T;T CD4+ JUN+;T regulatory;helper T CD4+;helper T CD4+ CDR7+	T	0		Positive top-marker lists only; no complete non-target expression matrix, so cell specificity cannot be fully estimated.
Lung	BI_PF_ILD_atlas_v1	Sheet 1	2680	T cell	Cytotoxic T	Cytotoxic T	T	CD3G	29	4.03087704901647	53.0003315283457	0.750368692767455	unknown; source workbook does not define whether this is log2FC	A. Lineage-core	True	relatively_specific_core	True	True		1	2	2	1	T cell	Cytotoxic T;T CD4+ JUN+	T	0		Positive top-marker lists only; no complete non-target expression matrix, so cell specificity cannot be fully estimated.
Lung	BI_PF_ILD_atlas_v1	Sheet 1	2681	T cell	Cytotoxic T	Cytotoxic T	T	AOAH	30	2.42621217320667	63.1561498508122	0.750311789232896	unknown; source workbook does not define whether this is log2FC	D. Shared/functional markers	False	shared_or_cross_lineage_risk	False	False		2	3	3	2	NK;T cell	CD8+ Naive T;Cytotoxic T;NK	NK;T	0		Positive top-marker lists only; no complete non-target expression matrix, so cell specificity cannot be fully estimated.
Lung	BI_PF_ILD_atlas_v1	Sheet 1	2682	T cell	Cytotoxic T	Cytotoxic T	T	CTSW	31	3.05874499754621	57.0670792352746	0.749295638947471	unknown; source workbook does not define whether this is log2FC	D. Shared/functional markers	False	shared_or_cross_lineage_risk	False	False	cytotoxicity	2	3	3	2	NK;T cell	Activated NK XCL1+;Cytotoxic T;NK	NK;T	0		Positive top-marker lists only; no complete non-target expression matrix, so cell specificity cannot be fully estimated.
Lung	BI_PF_ILD_atlas_v1	Sheet 1	2683	T cell	Cytotoxic T	Cytotoxic T	T	ISG20	32	1.92221164826968	66.8692673223561	0.747381674659114	unknown; source workbook does not define whether this is log2FC	D. Shared/functional markers	False	shared_or_cross_lineage_risk	False	False		3	5	4	4	B/Plasma;NK;T cell	B cell;B cell LRMP+;Cytotoxic T;NK;Plasma B	B;NK;Plasma;T	0		Positive top-marker lists only; no complete non-target expression matrix, so cell specificity cannot be fully estimated.
Lung	BI_PF_ILD_atlas_v1	Sheet 1	2684	T cell	Cytotoxic T	Cytotoxic T	T	KLRC4-KLRK1	33	3.51362801728431	52.8345673555089	0.747057502170627	unknown; source workbook does not define whether this is log2FC	D. Shared/functional markers	False	shared_or_cross_lineage_risk	False	False		2	4	4	2	NK;T cell	Activated NK XCL1+;CD8+ Naive T;Cytotoxic T;NK	NK;T	0		Positive top-marker lists only; no complete non-target expression matrix, so cell specificity cannot be fully estimated.
Lung	BI_PF_ILD_atlas_v1	Sheet 1	2685	T cell	Cytotoxic T	Cytotoxic T	T	PPP1R16B	34	2.54819907172426	57.4649132500829	0.745360137213647	unknown; source workbook does not define whether this is log2FC	D. Shared/functional markers	False	shared_or_cross_lineage_risk	False	True		2	7	5	2	NK;T cell	Activated NK XCL1+;CD8+ Naive T;Cytotoxic T;T CD4+ JUN+;T regulatory;helper T CD4+;helper T CD4+ CDR7+	NK;T	0		Positive top-marker lists only; no complete non-target expression matrix, so cell specificity cannot be fully estimated.
Lung	BI_PF_ILD_atlas_v1	Sheet 1	2686	T cell	Cytotoxic T	Cytotoxic T	T	PIP4K2A	35	1.90057535634261	76.0636534423693	0.744872176925042	unknown; source workbook does not define whether this is log2FC	D. Shared/functional markers	False	shared_or_cross_lineage_risk	False	False		3	3	3	3	B/Plasma;NK;T cell	B cell LRMP+;Cytotoxic T;NK	B;NK;T	0		Positive top-marker lists only; no complete non-target expression matrix, so cell specificity cannot be fully estimated.
Lung	BI_PF_ILD_atlas_v1	Sheet 1	2687	T cell	Cytotoxic T	Cytotoxic T	T	CDC42SE2	36	1.71089752960233	76.8261686374185	0.743960771275376	unknown; source workbook does not define whether this is log2FC	D. Shared/functional markers	False	shared_or_cross_lineage_risk	False	True		2	7	5	2	B/Plasma;T cell	B cell;CD8+ Naive T;Cytotoxic T;T CD4+ JUN+;T regulatory;helper T CD4+;helper T CD4+ CDR7+	B;T	0		Positive top-marker lists only; no complete non-target expression matrix, so cell specificity cannot be fully estimated.
Lung	BI_PF_ILD_atlas_v1	Sheet 1	2688	T cell	Cytotoxic T	Cytotoxic T	T	SKAP1	37	2.63085099936059	56.1609017571002	0.741523852344559	unknown; source workbook does not define whether this is log2FC	D. Shared/functional markers	False	shared_or_cross_lineage_risk	False	True		2	8	6	2	NK;T cell	Activated NK XCL1+;CD8+ Naive T;Cytotoxic T;NK;T CD4+ JUN+;T regulatory;helper T CD4+;helper T CD4+ CDR7+	NK;T	0		Positive top-marker lists only; no complete non-target expression matrix, so cell specificity cannot be fully estimated.
Lung	BI_PF_ILD_atlas_v1	Sheet 1	2689	T cell	Cytotoxic T	Cytotoxic T	T	ITK	38	2.40409131055674	54.9452978229639	0.740949982643407	unknown; source workbook does not define whether this is log2FC	A. Lineage-core	True	relatively_specific_core	True	True		1	6	4	1	T cell	CD8+ Naive T;Cytotoxic T;T CD4+ JUN+;T regulatory;helper T CD4+;helper T CD4+ CDR7+	T	0		Positive top-marker lists only; no complete non-target expression matrix, so cell specificity cannot be fully estimated.
Lung	BI_PF_ILD_atlas_v1	Sheet 1	2690	T cell	Cytotoxic T	Cytotoxic T	T	STAT4	39	2.09104184122661	60.4818211957122	0.740020701850028	unknown; source workbook does not define whether this is log2FC	D. Shared/functional markers	False	shared_or_cross_lineage_risk	False	True		2	8	6	2	NK;T cell	Activated NK XCL1+;CD8+ Naive T;Cytotoxic T;NK;T CD4+ JUN+;T regulatory;helper T CD4+;helper T CD4+ CDR7+	NK;T	0		Positive top-marker lists only; no complete non-target expression matrix, so cell specificity cannot be fully estimated.
Lung	BI_PF_ILD_atlas_v1	Sheet 1	2691	T cell	Cytotoxic T	Cytotoxic T	T	CD8A	40	4.60458380085938	49.5303348436291	0.739531458738414	unknown; source workbook does not define whether this is log2FC	B. Extended lineage markers	False	limited_extended_evidence	False	False		1	2	2	1	T cell	CD8+ Naive T;Cytotoxic T	T	0		Positive top-marker lists only; no complete non-target expression matrix, so cell specificity cannot be fully estimated.
Lung	BI_PF_ILD_atlas_v1	Sheet 1	2692	T cell	Cytotoxic T	Cytotoxic T	T	TRBC2	41	3.43182325381808	51.9394408221903	0.739174571971453	unknown; source workbook does not define whether this is log2FC	A. Lineage-core	True	relatively_specific_core	True	True		1	3	3	1	T cell	Cytotoxic T;T CD4+ JUN+;T regulatory	T	0		Positive top-marker lists only; no complete non-target expression matrix, so cell specificity cannot be fully estimated.
Lung	BI_PF_ILD_atlas_v1	Sheet 1	2693	T cell	Cytotoxic T	Cytotoxic T	T	TRAC	42	3.26418401511498	52.0167974361808	0.737018071665338	unknown; source workbook does not define whether this is log2FC	A. Lineage-core	True	relatively_specific_core	True	True		1	5	4	1	T cell	CD8+ Naive T;Cytotoxic T;T CD4+ JUN+;T regulatory;helper T CD4+ CDR7+	T	0		Positive top-marker lists only; no complete non-target expression matrix, so cell specificity cannot be fully estimated.
Lung	BI_PF_ILD_atlas_v1	Sheet 1	2694	T cell	Cytotoxic T	Cytotoxic T	T	PTPRC	43	1.28225138722513	90.8277157696983	0.736788881778333	unknown; source workbook does not define whether this is log2FC	D. Shared/functional markers	False	shared_or_cross_lineage_risk	False	True		2	5	4	2	Monocyte;T cell	CD8+ Naive T;Cytotoxic T;Monocytes CD14+/IL1B;Monocytes CD16+;T regulatory	Monocyte;T	0		Positive top-marker lists only; no complete non-target expression matrix, so cell specificity cannot be fully estimated.
Lung	BI_PF_ILD_atlas_v1	Sheet 1	2695	T cell	Cytotoxic T	Cytotoxic T	T	PITPNC1	44	1.83274808758379	70.1403469996685	0.736017129569385	unknown; source workbook does not define whether this is log2FC	D. Shared/functional markers	False	shared_or_cross_lineage_risk	False	True		2	5	4	2	NK;T cell	CD8+ Naive T;Cytotoxic T;NK;helper T CD4+;helper T CD4+ CDR7+	NK;T	0		Positive top-marker lists only; no complete non-target expression matrix, so cell specificity cannot be fully estimated.
Lung	BI_PF_ILD_atlas_v1	Sheet 1	2696	T cell	Cytotoxic T	Cytotoxic T	T	RNF125	45	2.7560649056844	54.989501602387	0.734304558557207	unknown; source workbook does not define whether this is log2FC	D. Shared/functional markers	False	shared_or_cross_lineage_risk	False	True		2	6	5	2	NK;T cell	Activated NK XCL1+;CD8+ Naive T;Cytotoxic T;NK;helper T CD4+;helper T CD4+ CDR7+	NK;T	0		Positive top-marker lists only; no complete non-target expression matrix, so cell specificity cannot be fully estimated.
Lung	BI_PF_ILD_atlas_v1	Sheet 1	2697	T cell	Cytotoxic T	Cytotoxic T	T	CD2	46	3.05015553194283	52.0720521604597	0.732814324671766	unknown; source workbook does not define whether this is log2FC	A. Lineage-core	True	relatively_specific_core	True	True		1	6	4	1	T cell	CD8+ Naive T;Cytotoxic T;T CD4+ JUN+;T regulatory;helper T CD4+;helper T CD4+ CDR7+	T	0		Positive top-marker lists only; no complete non-target expression matrix, so cell specificity cannot be fully estimated.
Lung	BI_PF_ILD_atlas_v1	Sheet 1	2698	T cell	Cytotoxic T	Cytotoxic T	T	CBLB	47	1.69748994178769	69.8198695988507	0.725033752933161	unknown; source workbook does not define whether this is log2FC	D. Shared/functional markers	False	shared_or_cross_lineage_risk	False	True		2	6	5	2	NK;T cell	Activated NK XCL1+;CD8+ Naive T;Cytotoxic T;NK;T CD4+ JUN+;helper T CD4+	NK;T	0		Positive top-marker lists only; no complete non-target expression matrix, so cell specificity cannot be fully estimated.
Lung	BI_PF_ILD_atlas_v1	Sheet 1	2699	T cell	Cytotoxic T	Cytotoxic T	T	TRBC1	48	3.51427589154444	45.5077909161233	0.710225774239041	unknown; source workbook does not define whether this is log2FC	B. Extended lineage markers	False	limited_extended_evidence	True	False		1	1	1	1	T cell	Cytotoxic T	T	0		Positive top-marker lists only; no complete non-target expression matrix, so cell specificity cannot be fully estimated.
Lung	BI_PF_ILD_atlas_v1	Sheet 1	2700	T cell	Cytotoxic T	Cytotoxic T	T	AC092580.4	49	3.1131215559743	45.4635871367002	0.709633486763044	unknown; source workbook does not define whether this is log2FC	B. Extended lineage markers	False	limited_extended_evidence	False	True		1	3	3	1	T cell	CD8+ Naive T;Cytotoxic T;T CD4+ JUN+	T	0		Positive top-marker lists only; no complete non-target expression matrix, so cell specificity cannot be fully estimated.
Lung	BI_PF_ILD_atlas_v1	Sheet 1	2701	T cell	Cytotoxic T	Cytotoxic T	T	CLEC2D	50	2.38324262670033	50.8343463366118	0.708993171666397	unknown; source workbook does not define whether this is log2FC	B. Extended lineage markers	False	limited_extended_evidence	False	True		1	5	4	1	T cell	CD8+ Naive T;Cytotoxic T;T CD4+ JUN+;T regulatory;helper T CD4+ CDR7+	T	0		Positive top-marker lists only; no complete non-target expression matrix, so cell specificity cannot be fully estimated.
Lung	BI_PF_ILD_atlas_v1	Sheet 1	4102	T cell	T CD4+ JUN+	CD4 T	T	CD69	1	2.13891381007605	88.9622641509434	0.895304962850002	unknown; source workbook does not define whether this is log2FC	D. Shared/functional markers	False	shared_or_cross_lineage_risk	False	True		4	9	7	4	B/Plasma;Basophil/Mast;NK;T cell	Activated NK XCL1+;B cell;Basophil/Mast;CD8+ Naive T;Cytotoxic T;NK;T CD4+ JUN+;helper T CD4+;helper T CD4+ CDR7+	B;Mast/Basophil;NK;T	0		Positive top-marker lists only; no complete non-target expression matrix, so cell specificity cannot be fully estimated.
Lung	BI_PF_ILD_atlas_v1	Sheet 1	4103	T cell	T CD4+ JUN+	CD4 T	T	IL32	2	1.85331771678844	87.311320754717	0.878656990739327	unknown; source workbook does not define whether this is log2FC	D. Shared/functional markers	False	shared_or_cross_lineage_risk	False	True		1	6	4	1	T cell	CD8+ Naive T;Cytotoxic T;T CD4+ JUN+;T regulatory;helper T CD4+;helper T CD4+ CDR7+	T	1	Capillary Aerocyte	Positive top-marker lists only; no complete non-target expression matrix, so cell specificity cannot be fully estimated.
Lung	BI_PF_ILD_atlas_v1	Sheet 1	4104	T cell	T CD4+ JUN+	CD4 T	T	CCL5	3	1.93293908677172	84.0094339622641	0.87635906580176	unknown; source workbook does not define whether this is log2FC	D. Shared/functional markers	False	shared_or_cross_lineage_risk	False	True	cytotoxicity	2	5	4	2	NK;T cell	CD8+ Naive T;Cytotoxic T;NK;T CD4+ JUN+;helper T CD4+	NK;T	0		Positive top-marker lists only; no complete non-target expression matrix, so cell specificity cannot be fully estimated.
Lung	BI_PF_ILD_atlas_v1	Sheet 1	4105	T cell	T CD4+ JUN+	CD4 T	T	CD3D	4	2.2100374816815	74.622641509434	0.843200709215085	unknown; source workbook does not define whether this is log2FC	A. Lineage-core	True	relatively_specific_core	True	True		1	6	4	1	T cell	CD8+ Naive T;Cytotoxic T;T CD4+ JUN+;T regulatory;helper T CD4+;helper T CD4+ CDR7+	T	0		Positive top-marker lists only; no complete non-target expression matrix, so cell specificity cannot be fully estimated.
Lung	BI_PF_ILD_atlas_v1	Sheet 1	4106	T cell	T CD4+ JUN+	CD4 T	T	CD2	5	2.43306486902311	70.7547169811321	0.826770181894898	unknown; source workbook does not define whether this is log2FC	A. Lineage-core	True	relatively_specific_core	True	True		1	6	4	1	T cell	CD8+ Naive T;Cytotoxic T;T CD4+ JUN+;T regulatory;helper T CD4+;helper T CD4+ CDR7+	T	0		Positive top-marker lists only; no complete non-target expression matrix, so cell specificity cannot be fully estimated.
Lung	BI_PF_ILD_atlas_v1	Sheet 1	4107	T cell	T CD4+ JUN+	CD4 T	T	ITK	6	2.00369977565955	68.8207547169811	0.810898287933199	unknown; source workbook does not define whether this is log2FC	A. Lineage-core	True	relatively_specific_core	True	True		1	6	4	1	T cell	CD8+ Naive T;Cytotoxic T;T CD4+ JUN+;T regulatory;helper T CD4+;helper T CD4+ CDR7+	T	0		Positive top-marker lists only; no complete non-target expression matrix, so cell specificity cannot be fully estimated.
Lung	BI_PF_ILD_atlas_v1	Sheet 1	4108	T cell	T CD4+ JUN+	CD4 T	T	PARP8	7	1.15680527065377	77.122641509434	0.797728980509732	unknown; source workbook does not define whether this is log2FC	D. Shared/functional markers	False	shared_or_cross_lineage_risk	False	True		2	7	5	2	NK;T cell	Activated NK XCL1+;CD8+ Naive T;Cytotoxic T;NK;T CD4+ JUN+;helper T CD4+;helper T CD4+ CDR7+	NK;T	0		Positive top-marker lists only; no complete non-target expression matrix, so cell specificity cannot be fully estimated.
Lung	BI_PF_ILD_atlas_v1	Sheet 1	4109	T cell	T CD4+ JUN+	CD4 T	T	SKAP1	8	1.66692529526254	66.7924528301887	0.792011082947504	unknown; source workbook does not define whether this is log2FC	D. Shared/functional markers	False	shared_or_cross_lineage_risk	False	True		2	8	6	2	NK;T cell	Activated NK XCL1+;CD8+ Naive T;Cytotoxic T;NK;T CD4+ JUN+;T regulatory;helper T CD4+;helper T CD4+ CDR7+	NK;T	0		Positive top-marker lists only; no complete non-target expression matrix, so cell specificity cannot be fully estimated.
Lung	BI_PF_ILD_atlas_v1	Sheet 1	4110	T cell	T CD4+ JUN+	CD4 T	T	CD3E	9	2.53713142954097	62.8301886792453	0.790936854697671	unknown; source workbook does not define whether this is log2FC	A. Lineage-core	True	relatively_specific_core	True	True		1	6	4	1	T cell	CD8+ Naive T;Cytotoxic T;T CD4+ JUN+;T regulatory;helper T CD4+;helper T CD4+ CDR7+	T	0		Positive top-marker lists only; no complete non-target expression matrix, so cell specificity cannot be fully estimated.
Lung	BI_PF_ILD_atlas_v1	Sheet 1	4111	T cell	T CD4+ JUN+	CD4 T	T	PBX4	10	1.84036324594412	64.4811320754717	0.786327501135203	unknown; source workbook does not define whether this is log2FC	C. State-associated markers	True	state_associated_not_lineage_core	False	True		1	5	3	1	T cell	CD8+ Naive T;T CD4+ JUN+;T regulatory;helper T CD4+;helper T CD4+ CDR7+	T	0		Positive top-marker lists only; no complete non-target expression matrix, so cell specificity cannot be fully estimated.
Lung	BI_PF_ILD_atlas_v1	Sheet 1	4112	T cell	T CD4+ JUN+	CD4 T	T	CD96	11	2.0761113468506	62.4056603773585	0.783931742787738	unknown; source workbook does not define whether this is log2FC	D. Shared/functional markers	False	shared_or_cross_lineage_risk	False	True		2	5	3	2	NK;T cell	Activated NK XCL1+;CD8+ Naive T;T CD4+ JUN+;helper T CD4+;helper T CD4+ CDR7+	NK;T	0		Positive top-marker lists only; no complete non-target expression matrix, so cell specificity cannot be fully estimated.
Lung	BI_PF_ILD_atlas_v1	Sheet 1	4113	T cell	T CD4+ JUN+	CD4 T	T	THEMIS	12	2.78631471993142	59.811320754717	0.783700168982239	unknown; source workbook does not define whether this is log2FC	C. State-associated markers	True	state_associated_not_lineage_core	False	True		1	2	1	1	T cell	T CD4+ JUN+;helper T CD4+	T	0		Positive top-marker lists only; no complete non-target expression matrix, so cell specificity cannot be fully estimated.
Lung	BI_PF_ILD_atlas_v1	Sheet 1	4114	T cell	T CD4+ JUN+	CD4 T	T	RHOH	13	1.08969812759701	70.4245283018868	0.774811276789632	unknown; source workbook does not define whether this is log2FC	D. Shared/functional markers	False	shared_or_cross_lineage_risk	False	True		3	8	5	3	B/Plasma;Basophil/Mast;T cell	B cell;B cell LRMP+;Basophil/Mast;CD8+ Naive T;T CD4+ JUN+;T regulatory;helper T CD4+;helper T CD4+ CDR7+	B;Mast/Basophil;T	0		Positive top-marker lists only; no complete non-target expression matrix, so cell specificity cannot be fully estimated.
Lung	BI_PF_ILD_atlas_v1	Sheet 1	4115	T cell	T CD4+ JUN+	CD4 T	T	SYTL3	14	0.343070001510026	79.1981132075472	0.764684164565197	unknown; source workbook does not define whether this is log2FC	D. Shared/functional markers	False	shared_or_cross_lineage_risk	False	True		3	9	7	3	Basophil/Mast;NK;T cell	Activated NK XCL1+;Basophil/Mast;CD8+ Naive T;Cytotoxic T;NK;T CD4+ JUN+;T regulatory;helper T CD4+;helper T CD4+ CDR7+	Mast/Basophil;NK;T	0		Positive top-marker lists only; no complete non-target expression matrix, so cell specificity cannot be fully estimated.
Lung	BI_PF_ILD_atlas_v1	Sheet 1	4116	T cell	T CD4+ JUN+	CD4 T	T	TRAC	15	1.92572155743137	57.7358490566038	0.761880727167696	unknown; source workbook does not define whether this is log2FC	A. Lineage-core	True	relatively_specific_core	True	True		1	5	4	1	T cell	CD8+ Naive T;Cytotoxic T;T CD4+ JUN+;T regulatory;helper T CD4+ CDR7+	T	0		Positive top-marker lists only; no complete non-target expression matrix, so cell specificity cannot be fully estimated.
Lung	BI_PF_ILD_atlas_v1	Sheet 1	4117	T cell	T CD4+ JUN+	CD4 T	T	ARHGAP15	16	0.598457054348038	77.8301886792453	0.758882020715042	unknown; source workbook does not define whether this is log2FC	D. Shared/functional markers	False	shared_or_cross_lineage_risk	False	True		3	7	5	3	B/Plasma;NK;T cell	Activated NK XCL1+;B cell;CD8+ Naive T;T CD4+ JUN+;T regulatory;helper T CD4+;helper T CD4+ CDR7+	B;NK;T	0		Positive top-marker lists only; no complete non-target expression matrix, so cell specificity cannot be fully estimated.
Lung	BI_PF_ILD_atlas_v1	Sheet 1	4118	T cell	T CD4+ JUN+	CD4 T	T	CDC42SE2	17	0.643477957197891	78.3018867924528	0.753931227406147	unknown; source workbook does not define whether this is log2FC	D. Shared/functional markers	False	shared_or_cross_lineage_risk	False	True		2	7	5	2	B/Plasma;T cell	B cell;CD8+ Naive T;Cytotoxic T;T CD4+ JUN+;T regulatory;helper T CD4+;helper T CD4+ CDR7+	B;T	0		Positive top-marker lists only; no complete non-target expression matrix, so cell specificity cannot be fully estimated.
Lung	BI_PF_ILD_atlas_v1	Sheet 1	4119	T cell	T CD4+ JUN+	CD4 T	T	CXCR4	18	0.364908884332738	85.7075471698113	0.75306998083286	unknown; source workbook does not define whether this is log2FC	D. Shared/functional markers	False	shared_or_cross_lineage_risk	False	True		5	10	7	4	B/Plasma;Dendritic;NK;T cell;pDC	Activated NK XCL1+;B cell;CD8+ Naive T;Cytotoxic T;DC CXCL2+/CD14+/CD1C-;DC2 CLEC10A+;T CD4+ JUN+;helper T CD4+;helper T CD4+ CDR7+;pDC	B;DC;NK;T	0		Positive top-marker lists only; no complete non-target expression matrix, so cell specificity cannot be fully estimated.
Lung	BI_PF_ILD_atlas_v1	Sheet 1	4120	T cell	T CD4+ JUN+	CD4 T	T	BATF	19	2.07058402425142	55.7075471698113	0.742562238435044	unknown; source workbook does not define whether this is log2FC	D. Shared/functional markers	False	shared_or_cross_lineage_risk	False	False		2	4	3	2	Basophil/Mast;T cell	Basophil/Mast;T CD4+ JUN+;T regulatory;helper T CD4+	Mast/Basophil;T	0		Positive top-marker lists only; no complete non-target expression matrix, so cell specificity cannot be fully estimated.
Lung	BI_PF_ILD_atlas_v1	Sheet 1	4121	T cell	T CD4+ JUN+	CD4 T	T	CNOT6L	20	0.57236967315985	70.4245283018868	0.742371440487777	unknown; source workbook does not define whether this is log2FC	D. Shared/functional markers	False	shared_or_cross_lineage_risk	False	True		2	8	6	2	NK;T cell	Activated NK XCL1+;CD8+ Naive T;Cytotoxic T;NK;T CD4+ JUN+;T regulatory;helper T CD4+;helper T CD4+ CDR7+	NK;T	0		Positive top-marker lists only; no complete non-target expression matrix, so cell specificity cannot be fully estimated.
Lung	BI_PF_ILD_atlas_v1	Sheet 1	4122	T cell	T CD4+ JUN+	CD4 T	T	GNG2	21	0.884966971761262	61.2735849056604	0.741247404068066	unknown; source workbook does not define whether this is log2FC	D. Shared/functional markers	False	shared_or_cross_lineage_risk	False	True		2	6	5	2	NK;T cell	CD8+ Naive T;Cytotoxic T;NK;T CD4+ JUN+;T regulatory;helper T CD4+	NK;T	0		Positive top-marker lists only; no complete non-target expression matrix, so cell specificity cannot be fully estimated.
Lung	BI_PF_ILD_atlas_v1	Sheet 1	4123	T cell	T CD4+ JUN+	CD4 T	T	GZMA	22	1.85012588774865	53.2547169811321	0.740493385293801	unknown; source workbook does not define whether this is log2FC	D. Shared/functional markers	False	shared_or_cross_lineage_risk	False	False	cytotoxicity	2	3	3	2	NK;T cell	Cytotoxic T;NK;T CD4+ JUN+	NK;T	0		Positive top-marker lists only; no complete non-target expression matrix, so cell specificity cannot be fully estimated.
Lung	BI_PF_ILD_atlas_v1	Sheet 1	4124	T cell	T CD4+ JUN+	CD4 T	T	PPP1R16B	23	1.12067335207833	57.6415094339623	0.739057244911034	unknown; source workbook does not define whether this is log2FC	D. Shared/functional markers	False	shared_or_cross_lineage_risk	False	True		2	7	5	2	NK;T cell	Activated NK XCL1+;CD8+ Naive T;Cytotoxic T;T CD4+ JUN+;T regulatory;helper T CD4+;helper T CD4+ CDR7+	NK;T	0		Positive top-marker lists only; no complete non-target expression matrix, so cell specificity cannot be fully estimated.
Lung	BI_PF_ILD_atlas_v1	Sheet 1	4125	T cell	T CD4+ JUN+	CD4 T	T	FAM129A	24	0.782693903089202	68.5377358490566	0.738605085607551	unknown; source workbook does not define whether this is log2FC	B. Extended lineage markers	True	moderate_extended	False	True		1	4	3	1	T cell	CD8+ Naive T;T CD4+ JUN+;T regulatory;helper T CD4+	T	0		Positive top-marker lists only; no complete non-target expression matrix, so cell specificity cannot be fully estimated.
Lung	BI_PF_ILD_atlas_v1	Sheet 1	4126	T cell	T CD4+ JUN+	CD4 T	T	FYN	25	0.355923277709937	69.0566037735849	0.738146634729772	unknown; source workbook does not define whether this is log2FC	D. Shared/functional markers	False	shared_or_cross_lineage_risk	False	True		2	8	6	2	NK;T cell	Activated NK XCL1+;CD8+ Naive T;Cytotoxic T;NK;T CD4+ JUN+;T regulatory;helper T CD4+;helper T CD4+ CDR7+	NK;T	0		Positive top-marker lists only; no complete non-target expression matrix, so cell specificity cannot be fully estimated.
Lung	BI_PF_ILD_atlas_v1	Sheet 1	4127	T cell	T CD4+ JUN+	CD4 T	T	BCL11B	26	1.82532344778834	52.6415094339623	0.737900775632824	unknown; source workbook does not define whether this is log2FC	A. Lineage-core	True	relatively_specific_core	True	True		1	5	3	1	T cell	Cytotoxic T;T CD4+ JUN+;T regulatory;helper T CD4+;helper T CD4+ CDR7+	T	0		Positive top-marker lists only; no complete non-target expression matrix, so cell specificity cannot be fully estimated.
Lung	BI_PF_ILD_atlas_v1	Sheet 1	4128	T cell	T CD4+ JUN+	CD4 T	T	CBLB	27	0.467548360824564	72.4528301886792	0.731187610877857	unknown; source workbook does not define whether this is log2FC	D. Shared/functional markers	False	shared_or_cross_lineage_risk	False	True		2	6	5	2	NK;T cell	Activated NK XCL1+;CD8+ Naive T;Cytotoxic T;NK;T CD4+ JUN+;helper T CD4+	NK;T	0		Positive top-marker lists only; no complete non-target expression matrix, so cell specificity cannot be fully estimated.
Lung	BI_PF_ILD_atlas_v1	Sheet 1	4129	T cell	T CD4+ JUN+	CD4 T	T	CAMK4	28	2.10298145263481	49.8584905660377	0.728739313897733	unknown; source workbook does not define whether this is log2FC	B. Extended lineage markers	True	moderate_extended	False	True		1	4	2	1	T cell	CD8+ Naive T;T CD4+ JUN+;helper T CD4+;helper T CD4+ CDR7+	T	0		Positive top-marker lists only; no complete non-target expression matrix, so cell specificity cannot be fully estimated.
Lung	BI_PF_ILD_atlas_v1	Sheet 1	4130	T cell	T CD4+ JUN+	CD4 T	T	TRBC2	29	1.85657443887721	49.9056603773585	0.72470668854608	unknown; source workbook does not define whether this is log2FC	A. Lineage-core	True	relatively_specific_core	True	True		1	3	3	1	T cell	Cytotoxic T;T CD4+ JUN+;T regulatory	T	0		Positive top-marker lists only; no complete non-target expression matrix, so cell specificity cannot be fully estimated.
Lung	BI_PF_ILD_atlas_v1	Sheet 1	4131	T cell	T CD4+ JUN+	CD4 T	T	STAT4	30	0.687867155707282	58.3490566037736	0.721712990613385	unknown; source workbook does not define whether this is log2FC	D. Shared/functional markers	False	shared_or_cross_lineage_risk	False	True		2	8	6	2	NK;T cell	Activated NK XCL1+;CD8+ Naive T;Cytotoxic T;NK;T CD4+ JUN+;T regulatory;helper T CD4+;helper T CD4+ CDR7+	NK;T	0		Positive top-marker lists only; no complete non-target expression matrix, so cell specificity cannot be fully estimated.
Lung	BI_PF_ILD_atlas_v1	Sheet 1	4132	T cell	T CD4+ JUN+	CD4 T	T	CD3G	31	2.0866095527609	47.9716981132075	0.719648453528488	unknown; source workbook does not define whether this is log2FC	A. Lineage-core	True	relatively_specific_core	True	True		1	2	2	1	T cell	Cytotoxic T;T CD4+ JUN+	T	0		Positive top-marker lists only; no complete non-target expression matrix, so cell specificity cannot be fully estimated.
Lung	BI_PF_ILD_atlas_v1	Sheet 1	4133	T cell	T CD4+ JUN+	CD4 T	T	STK17B	32	0.158446203208383	84.7169811320755	0.718153991910981	unknown; source workbook does not define whether this is log2FC	D. Shared/functional markers	False	shared_or_cross_lineage_risk	False	True		3	8	5	3	Dendritic;Monocyte;T cell	CD8+ Naive T;DC1 CLEC9A+;DC2 CD1A+/CD1E+;DC2 CLEC10A+;Monocytes CD16+;T CD4+ JUN+;T regulatory;helper T CD4+	DC;Monocyte;T	0		Positive top-marker lists only; no complete non-target expression matrix, so cell specificity cannot be fully estimated.
Lung	BI_PF_ILD_atlas_v1	Sheet 1	4134	T cell	T CD4+ JUN+	CD4 T	T	RNF19A	33	0.936243526339574	67.9716981132076	0.717876476750093	unknown; source workbook does not define whether this is log2FC	B. Extended lineage markers	False	limited_extended_evidence	False	True		1	5	3	1	T cell	CD8+ Naive T;T CD4+ JUN+;T regulatory;helper T CD4+;helper T CD4+ CDR7+	T	0		Positive top-marker lists only; no complete non-target expression matrix, so cell specificity cannot be fully estimated.
Lung	BI_PF_ILD_atlas_v1	Sheet 1	4135	T cell	T CD4+ JUN+	CD4 T	T	AIM1	34	0.272706540050541	68.3962264150943	0.705043284842782	unknown; source workbook does not define whether this is log2FC	D. Shared/functional markers	False	shared_or_cross_lineage_risk	False	True		2	7	3	2	Dendritic;T cell	CD8+ Naive T;DC LAMP3+/CCR7+;DC1 CLEC9A+;DC2 CLEC10A+;T CD4+ JUN+;helper T CD4+;helper T CD4+ CDR7+	DC;T	0		Positive top-marker lists only; no complete non-target expression matrix, so cell specificity cannot be fully estimated.
Lung	BI_PF_ILD_atlas_v1	Sheet 1	4136	T cell	T CD4+ JUN+	CD4 T	T	ZC3HAV1	35	0.584369476318852	69.4339622641509	0.703848663464881	unknown; source workbook does not define whether this is log2FC	D. Shared/functional markers	False	shared_or_cross_lineage_risk	False	False		2	3	2	2	T cell;pDC	T CD4+ JUN+;helper T CD4+ CDR7+;pDC	DC;T	0		Positive top-marker lists only; no complete non-target expression matrix, so cell specificity cannot be fully estimated.
Lung	BI_PF_ILD_atlas_v1	Sheet 1	4137	T cell	T CD4+ JUN+	CD4 T	T	IKZF1	36	0.570390898721959	62.5471698113208	0.701977409419543	unknown; source workbook does not define whether this is log2FC	D. Shared/functional markers	False	shared_or_cross_lineage_risk	False	False		2	3	2	2	T cell;pDC	T CD4+ JUN+;helper T CD4+ CDR7+;pDC	DC;T	0		Positive top-marker lists only; no complete non-target expression matrix, so cell specificity cannot be fully estimated.
Lung	BI_PF_ILD_atlas_v1	Sheet 1	4138	T cell	T CD4+ JUN+	CD4 T	T	RGS1	37	0.186986880129257	66.6037735849057	0.700639683281231	unknown; source workbook does not define whether this is log2FC	D. Shared/functional markers	False	shared_or_cross_lineage_risk	False	False		5	11	6	5	B/Plasma;Basophil/Mast;Dendritic;Macrophage;T cell	Basophil/Mast;DC CXCL2+/CD14+/CD1C-;DC LAMP3+/CCR7+;DC2 C1QC+;DC2 CD1A+/CD1E+;DC2 CLEC10A+;Macrophage C1Q hi;Plasma B;T CD4+ JUN+;T regulatory;helper T CD4+	DC;Macrophage;Mast/Basophil;Plasma;T	0		Positive top-marker lists only; no complete non-target expression matrix, so cell specificity cannot be fully estimated.
Lung	BI_PF_ILD_atlas_v1	Sheet 1	4139	T cell	T CD4+ JUN+	CD4 T	T	CORO1A	38	0.579622549501793	59.5283018867925	0.698159481762001	unknown; source workbook does not define whether this is log2FC	D. Shared/functional markers	False	shared_or_cross_lineage_risk	False	False		3	4	3	3	Dendritic;Monocyte;T cell	DC2 C1QC+;Monocytes CD14+/IL1B;Monocytes CD16+;T CD4+ JUN+	DC;Monocyte;T	0		Positive top-marker lists only; no complete non-target expression matrix, so cell specificity cannot be fully estimated.
Lung	BI_PF_ILD_atlas_v1	Sheet 1	4140	T cell	T CD4+ JUN+	CD4 T	T	ANKRD44	39	0.262961809439127	68.4905660377358	0.697573345482327	unknown; source workbook does not define whether this is log2FC	D. Shared/functional markers	False	shared_or_cross_lineage_risk	False	True		2	2	2	2	B/Plasma;T cell	B cell;T CD4+ JUN+	B;T	0		Positive top-marker lists only; no complete non-target expression matrix, so cell specificity cannot be fully estimated.
Lung	BI_PF_ILD_atlas_v1	Sheet 1	4141	T cell	T CD4+ JUN+	CD4 T	T	LCK	40	2.08471012932089	43.4905660377359	0.697413935308718	unknown; source workbook does not define whether this is log2FC	B. Extended lineage markers	False	limited_extended_evidence	True	False		1	1	1	1	T cell	T CD4+ JUN+	T	0		Positive top-marker lists only; no complete non-target expression matrix, so cell specificity cannot be fully estimated.
Lung	BI_PF_ILD_atlas_v1	Sheet 1	4142	T cell	T CD4+ JUN+	CD4 T	T	TRERF1	41	1.5212989138788	48.4433962264151	0.697240450509308	unknown; source workbook does not define whether this is log2FC	B. Extended lineage markers	False	limited_extended_evidence	False	False		1	2	1	1	T cell	T CD4+ JUN+;helper T CD4+	T	0		Positive top-marker lists only; no complete non-target expression matrix, so cell specificity cannot be fully estimated.
Lung	BI_PF_ILD_atlas_v1	Sheet 1	4143	T cell	T CD4+ JUN+	CD4 T	T	CCL4	42	0.761038965855929	56.3207547169811	0.695670974177467	unknown; source workbook does not define whether this is log2FC	D. Shared/functional markers	False	shared_or_cross_lineage_risk	False	False		2	4	4	2	NK;T cell	CD8+ Naive T;Cytotoxic T;NK;T CD4+ JUN+	NK;T	0		Positive top-marker lists only; no complete non-target expression matrix, so cell specificity cannot be fully estimated.
Lung	BI_PF_ILD_atlas_v1	Sheet 1	4144	T cell	T CD4+ JUN+	CD4 T	T	AC092580.4	43	1.73317784924316	43.2547169811321	0.694936141998278	unknown; source workbook does not define whether this is log2FC	B. Extended lineage markers	False	limited_extended_evidence	False	True		1	3	3	1	T cell	CD8+ Naive T;Cytotoxic T;T CD4+ JUN+	T	0		Positive top-marker lists only; no complete non-target expression matrix, so cell specificity cannot be fully estimated.
Lung	BI_PF_ILD_atlas_v1	Sheet 1	4145	T cell	T CD4+ JUN+	CD4 T	T	CLEC2D	44	1.06237869472601	48.7735849056604	0.694760293185003	unknown; source workbook does not define whether this is log2FC	B. Extended lineage markers	False	limited_extended_evidence	False	True		1	5	4	1	T cell	CD8+ Naive T;Cytotoxic T;T CD4+ JUN+;T regulatory;helper T CD4+ CDR7+	T	0		Positive top-marker lists only; no complete non-target expression matrix, so cell specificity cannot be fully estimated.
Lung	BI_PF_ILD_atlas_v1	Sheet 1	4146	T cell	T CD4+ JUN+	CD4 T	T	FNBP1	45	0.0484572417418052	78.1603773584906	0.694603095496444	unknown; source workbook does not define whether this is log2FC	D. Shared/functional markers	False	shared_or_cross_lineage_risk	False	True		3	7	4	3	B/Plasma;Dendritic;T cell	B cell;B cell LRMP+;CD8+ Naive T;DC LAMP3+/CCR7+;DC1 CLEC9A+;T CD4+ JUN+;helper T CD4+	B;DC;T	0		Positive top-marker lists only; no complete non-target expression matrix, so cell specificity cannot be fully estimated.
Lung	BI_PF_ILD_atlas_v1	Sheet 1	4147	T cell	T CD4+ JUN+	CD4 T	T	INPP4B	46	1.23403632574404	45.6603773584906	0.692160949964928	unknown; source workbook does not define whether this is log2FC	D. Shared/functional markers	False	shared_or_cross_lineage_risk	False	False		1	2	1	1	T cell	T CD4+ JUN+;helper T CD4+ CDR7+	T	1	Pericyte	Positive top-marker lists only; no complete non-target expression matrix, so cell specificity cannot be fully estimated.
Lung	BI_PF_ILD_atlas_v1	Sheet 1	4148	T cell	T CD4+ JUN+	CD4 T	T	PRKCH	47	0.202114940647473	67.0283018867924	0.691882357742276	unknown; source workbook does not define whether this is log2FC	D. Shared/functional markers	False	shared_or_cross_lineage_risk	False	True		2	8	6	2	NK;T cell	Activated NK XCL1+;CD8+ Naive T;Cytotoxic T;NK;T CD4+ JUN+;T regulatory;helper T CD4+;helper T CD4+ CDR7+	NK;T	0		Positive top-marker lists only; no complete non-target expression matrix, so cell specificity cannot be fully estimated.
Lung	BI_PF_ILD_atlas_v1	Sheet 1	4149	T cell	T CD4+ JUN+	CD4 T	T	SLFN12L	48	1.8022771556929	42.9716981132075	0.691159518184037	unknown; source workbook does not define whether this is log2FC	B. Extended lineage markers	False	limited_extended_evidence	False	False		1	1	1	1	T cell	T CD4+ JUN+	T	0		Positive top-marker lists only; no complete non-target expression matrix, so cell specificity cannot be fully estimated.
Lung	BI_PF_ILD_atlas_v1	Sheet 1	4150	T cell	T CD4+ JUN+	CD4 T	T	STK4	49	0.223194942563406	67.5943396226415	0.68934224209697	unknown; source workbook does not define whether this is log2FC	D. Shared/functional markers	False	shared_or_cross_lineage_risk	False	True		3	6	4	3	B/Plasma;Dendritic;T cell	B cell;CD8+ Naive T;DC LAMP3+/CCR7+;T CD4+ JUN+;helper T CD4+;helper T CD4+ CDR7+	B;DC;T	0		Positive top-marker lists only; no complete non-target expression matrix, so cell specificity cannot be fully estimated.
Lung	BI_PF_ILD_atlas_v1	Sheet 1	4151	T cell	T CD4+ JUN+	CD4 T	T	IL7R	50	0.358834673779548	60.6132075471698	0.689164189397582	unknown; source workbook does not define whether this is log2FC	D. Shared/functional markers	False	shared_or_cross_lineage_risk	False	False		3	4	3	3	Dendritic;NK;T cell	Activated NK XCL1+;DC LAMP3+/CCR7+;T CD4+ JUN+;helper T CD4+ CDR7+	DC;NK;T	0		Positive top-marker lists only; no complete non-target expression matrix, so cell specificity cannot be fully estimated.
Lung	BI_PF_ILD_atlas_v1	Sheet 1	4152	T cell	T regulatory	Regulatory T	T	CD247	1	1.92014318031077	79.8503973819542	0.865207228706459	unknown; source workbook does not define whether this is log2FC	D. Shared/functional markers	False	shared_or_cross_lineage_risk	False	True		2	5	5	2	NK;T cell	Activated NK XCL1+;Cytotoxic T;NK;T regulatory;helper T CD4+ CDR7+	NK;T	0		Positive top-marker lists only; no complete non-target expression matrix, so cell specificity cannot be fully estimated.
Lung	BI_PF_ILD_atlas_v1	Sheet 1	4153	T cell	T regulatory	Regulatory T	T	IL32	2	2.08323133081714	80.9256661991585	0.856788761328513	unknown; source workbook does not define whether this is log2FC	D. Shared/functional markers	False	shared_or_cross_lineage_risk	False	True		1	6	4	1	T cell	CD8+ Naive T;Cytotoxic T;T CD4+ JUN+;T regulatory;helper T CD4+;helper T CD4+ CDR7+	T	1	Capillary Aerocyte	Positive top-marker lists only; no complete non-target expression matrix, so cell specificity cannot be fully estimated.
Lung	BI_PF_ILD_atlas_v1	Sheet 1	4154	T cell	T regulatory	Regulatory T	T	SKAP1	3	2.20158477706382	76.9050958391772	0.851724329727728	unknown; source workbook does not define whether this is log2FC	D. Shared/functional markers	False	shared_or_cross_lineage_risk	False	True		2	8	6	2	NK;T cell	Activated NK XCL1+;CD8+ Naive T;Cytotoxic T;NK;T CD4+ JUN+;T regulatory;helper T CD4+;helper T CD4+ CDR7+	NK;T	0		Positive top-marker lists only; no complete non-target expression matrix, so cell specificity cannot be fully estimated.
Lung	BI_PF_ILD_atlas_v1	Sheet 1	4155	T cell	T regulatory	Regulatory T	T	CD3D	4	2.31381631327876	72.0430107526882	0.834363199611659	unknown; source workbook does not define whether this is log2FC	A. Lineage-core	True	relatively_specific_core	True	True		1	6	4	1	T cell	CD8+ Naive T;Cytotoxic T;T CD4+ JUN+;T regulatory;helper T CD4+;helper T CD4+ CDR7+	T	0		Positive top-marker lists only; no complete non-target expression matrix, so cell specificity cannot be fully estimated.
Lung	BI_PF_ILD_atlas_v1	Sheet 1	4156	T cell	T regulatory	Regulatory T	T	BATF	5	2.56526217959705	70.1729780271155	0.822228446692012	unknown; source workbook does not define whether this is log2FC	D. Shared/functional markers	False	shared_or_cross_lineage_risk	False	False		2	4	3	2	Basophil/Mast;T cell	Basophil/Mast;T CD4+ JUN+;T regulatory;helper T CD4+	Mast/Basophil;T	0		Positive top-marker lists only; no complete non-target expression matrix, so cell specificity cannot be fully estimated.
Lung	BI_PF_ILD_atlas_v1	Sheet 1	4157	T cell	T regulatory	Regulatory T	T	TRAC	6	2.92896685812825	67.5081813931744	0.816692454006644	unknown; source workbook does not define whether this is log2FC	A. Lineage-core	True	relatively_specific_core	True	True		1	5	4	1	T cell	CD8+ Naive T;Cytotoxic T;T CD4+ JUN+;T regulatory;helper T CD4+ CDR7+	T	0		Positive top-marker lists only; no complete non-target expression matrix, so cell specificity cannot be fully estimated.
Lung	BI_PF_ILD_atlas_v1	Sheet 1	4158	T cell	T regulatory	Regulatory T	T	CD2	7	2.1275468661201	67.0874240299205	0.808536065445736	unknown; source workbook does not define whether this is log2FC	A. Lineage-core	True	relatively_specific_core	True	True		1	6	4	1	T cell	CD8+ Naive T;Cytotoxic T;T CD4+ JUN+;T regulatory;helper T CD4+;helper T CD4+ CDR7+	T	0		Positive top-marker lists only; no complete non-target expression matrix, so cell specificity cannot be fully estimated.
Lung	BI_PF_ILD_atlas_v1	Sheet 1	4159	T cell	T regulatory	Regulatory T	T	RHOH	8	1.06285313011746	74.5675549322113	0.798941836647348	unknown; source workbook does not define whether this is log2FC	D. Shared/functional markers	False	shared_or_cross_lineage_risk	False	True		3	8	5	3	B/Plasma;Basophil/Mast;T cell	B cell;B cell LRMP+;Basophil/Mast;CD8+ Naive T;T CD4+ JUN+;T regulatory;helper T CD4+;helper T CD4+ CDR7+	B;Mast/Basophil;T	0		Positive top-marker lists only; no complete non-target expression matrix, so cell specificity cannot be fully estimated.
Lung	BI_PF_ILD_atlas_v1	Sheet 1	4160	T cell	T regulatory	Regulatory T	T	ITK	9	1.67592506286265	65.9186535764376	0.795901600459621	unknown; source workbook does not define whether this is log2FC	A. Lineage-core	True	relatively_specific_core	True	True		1	6	4	1	T cell	CD8+ Naive T;Cytotoxic T;T CD4+ JUN+;T regulatory;helper T CD4+;helper T CD4+ CDR7+	T	0		Positive top-marker lists only; no complete non-target expression matrix, so cell specificity cannot be fully estimated.
Lung	BI_PF_ILD_atlas_v1	Sheet 1	4161	T cell	T regulatory	Regulatory T	T	FYN	10	0.676989421794954	77.466105656849	0.794814504265937	unknown; source workbook does not define whether this is log2FC	D. Shared/functional markers	False	shared_or_cross_lineage_risk	False	True		2	8	6	2	NK;T cell	Activated NK XCL1+;CD8+ Naive T;Cytotoxic T;NK;T CD4+ JUN+;T regulatory;helper T CD4+;helper T CD4+ CDR7+	NK;T	0		Positive top-marker lists only; no complete non-target expression matrix, so cell specificity cannot be fully estimated.
Lung	BI_PF_ILD_atlas_v1	Sheet 1	4162	T cell	T regulatory	Regulatory T	T	ICOS	11	3.26414755364754	61.1033193080879	0.792152263453415	unknown; source workbook does not define whether this is log2FC	C. State-associated markers	True	state_associated_not_lineage_core	False	False		1	1	1	1	T cell	T regulatory	T	0		Positive top-marker lists only; no complete non-target expression matrix, so cell specificity cannot be fully estimated.
Lung	BI_PF_ILD_atlas_v1	Sheet 1	4163	T cell	T regulatory	Regulatory T	T	PBX4	12	1.87155082137732	64.3291257597008	0.78850581216548	unknown; source workbook does not define whether this is log2FC	C. State-associated markers	True	state_associated_not_lineage_core	False	True		1	5	3	1	T cell	CD8+ Naive T;T CD4+ JUN+;T regulatory;helper T CD4+;helper T CD4+ CDR7+	T	0		Positive top-marker lists only; no complete non-target expression matrix, so cell specificity cannot be fully estimated.
Lung	BI_PF_ILD_atlas_v1	Sheet 1	4164	T cell	T regulatory	Regulatory T	T	CLEC2D	13	1.84394998229095	65.0303880317906	0.785459492888101	unknown; source workbook does not define whether this is log2FC	C. State-associated markers	True	state_associated_not_lineage_core	False	True		1	5	4	1	T cell	CD8+ Naive T;Cytotoxic T;T CD4+ JUN+;T regulatory;helper T CD4+ CDR7+	T	0		Positive top-marker lists only; no complete non-target expression matrix, so cell specificity cannot be fully estimated.
Lung	BI_PF_ILD_atlas_v1	Sheet 1	4165	T cell	T regulatory	Regulatory T	T	SPOCK2	14	2.1833868617654	60.7293127629734	0.780809055432763	unknown; source workbook does not define whether this is log2FC	C. State-associated markers	True	state_associated_not_lineage_core	False	True		1	2	2	1	T cell	T regulatory;helper T CD4+ CDR7+	T	0		Positive top-marker lists only; no complete non-target expression matrix, so cell specificity cannot be fully estimated.
Lung	BI_PF_ILD_atlas_v1	Sheet 1	4166	T cell	T regulatory	Regulatory T	T	CNOT6L	15	0.952328799057756	75.0350631136045	0.780740873177982	unknown; source workbook does not define whether this is log2FC	D. Shared/functional markers	False	shared_or_cross_lineage_risk	False	True		2	8	6	2	NK;T cell	Activated NK XCL1+;CD8+ Naive T;Cytotoxic T;NK;T CD4+ JUN+;T regulatory;helper T CD4+;helper T CD4+ CDR7+	NK;T	0		Positive top-marker lists only; no complete non-target expression matrix, so cell specificity cannot be fully estimated.
Lung	BI_PF_ILD_atlas_v1	Sheet 1	4167	T cell	T regulatory	Regulatory T	T	DUSP16	16	2.00872181248319	65.0771388499299	0.778690695111349	unknown; source workbook does not define whether this is log2FC	C. State-associated markers	True	state_associated_not_lineage_core	False	False		1	1	1	1	T cell	T regulatory	T	0		Positive top-marker lists only; no complete non-target expression matrix, so cell specificity cannot be fully estimated.
Lung	BI_PF_ILD_atlas_v1	Sheet 1	4168	T cell	T regulatory	Regulatory T	T	LTB	17	2.44444795503969	60.4488078541374	0.773092113211454	unknown; source workbook does not define whether this is log2FC	D. Shared/functional markers	False	shared_or_cross_lineage_risk	False	False		3	5	4	3	B/Plasma;Dendritic;T cell	B cell;B cell LRMP+;DC2 CD1A+/CD1E+;T regulatory;helper T CD4+ CDR7+	B;DC;T	0		Positive top-marker lists only; no complete non-target expression matrix, so cell specificity cannot be fully estimated.
Lung	BI_PF_ILD_atlas_v1	Sheet 1	4169	T cell	T regulatory	Regulatory T	T	IL2RA	18	4.08121285367308	55.6334735857878	0.767600382392937	unknown; source workbook does not define whether this is log2FC	C. State-associated markers	True	state_associated_not_lineage_core	False	False		1	1	1	1	T cell	T regulatory	T	0		Positive top-marker lists only; no complete non-target expression matrix, so cell specificity cannot be fully estimated.
Lung	BI_PF_ILD_atlas_v1	Sheet 1	4170	T cell	T regulatory	Regulatory T	T	STK17B	19	0.328709289222275	87.7045348293595	0.765543142961806	unknown; source workbook does not define whether this is log2FC	D. Shared/functional markers	False	shared_or_cross_lineage_risk	False	True		3	8	5	3	Dendritic;Monocyte;T cell	CD8+ Naive T;DC1 CLEC9A+;DC2 CD1A+/CD1E+;DC2 CLEC10A+;Monocytes CD16+;T CD4+ JUN+;T regulatory;helper T CD4+	DC;Monocyte;T	0		Positive top-marker lists only; no complete non-target expression matrix, so cell specificity cannot be fully estimated.
Lung	BI_PF_ILD_atlas_v1	Sheet 1	4171	T cell	T regulatory	Regulatory T	T	CTLA4	20	3.99651081504449	53.2959326788219	0.761613668243427	unknown; source workbook does not define whether this is log2FC	C. State-associated markers	True	state_associated_not_lineage_core	False	False		1	1	1	1	T cell	T regulatory	T	0		Positive top-marker lists only; no complete non-target expression matrix, so cell specificity cannot be fully estimated.
Lung	BI_PF_ILD_atlas_v1	Sheet 1	4172	T cell	T regulatory	Regulatory T	T	TRBC2	21	2.39849038188982	56.2879850397382	0.759544712055811	unknown; source workbook does not define whether this is log2FC	A. Lineage-core	True	relatively_specific_core	True	True		1	3	3	1	T cell	Cytotoxic T;T CD4+ JUN+;T regulatory	T	0		Positive top-marker lists only; no complete non-target expression matrix, so cell specificity cannot be fully estimated.
Lung	BI_PF_ILD_atlas_v1	Sheet 1	4173	T cell	T regulatory	Regulatory T	T	CD3E	22	1.95581549303667	56.2412342215989	0.75764760101234	unknown; source workbook does not define whether this is log2FC	A. Lineage-core	True	relatively_specific_core	True	True		1	6	4	1	T cell	CD8+ Naive T;Cytotoxic T;T CD4+ JUN+;T regulatory;helper T CD4+;helper T CD4+ CDR7+	T	0		Positive top-marker lists only; no complete non-target expression matrix, so cell specificity cannot be fully estimated.
Lung	BI_PF_ILD_atlas_v1	Sheet 1	4174	T cell	T regulatory	Regulatory T	T	BCL11B	23	2.06156395524814	55.960729312763	0.756704796181445	unknown; source workbook does not define whether this is log2FC	A. Lineage-core	True	relatively_specific_core	True	True		1	5	3	1	T cell	Cytotoxic T;T CD4+ JUN+;T regulatory;helper T CD4+;helper T CD4+ CDR7+	T	0		Positive top-marker lists only; no complete non-target expression matrix, so cell specificity cannot be fully estimated.
Lung	BI_PF_ILD_atlas_v1	Sheet 1	4175	T cell	T regulatory	Regulatory T	T	FAM129A	24	0.968673901143534	70.2664796633941	0.756294617840072	unknown; source workbook does not define whether this is log2FC	C. State-associated markers	True	state_associated_not_lineage_core	False	True		1	4	3	1	T cell	CD8+ Naive T;T CD4+ JUN+;T regulatory;helper T CD4+	T	0		Positive top-marker lists only; no complete non-target expression matrix, so cell specificity cannot be fully estimated.
Lung	BI_PF_ILD_atlas_v1	Sheet 1	4176	T cell	T regulatory	Regulatory T	T	CDC42SE2	25	0.467790802583204	77.1388499298738	0.751898208365211	unknown; source workbook does not define whether this is log2FC	D. Shared/functional markers	False	shared_or_cross_lineage_risk	False	True		2	7	5	2	B/Plasma;T cell	B cell;CD8+ Naive T;Cytotoxic T;T CD4+ JUN+;T regulatory;helper T CD4+;helper T CD4+ CDR7+	B;T	0		Positive top-marker lists only; no complete non-target expression matrix, so cell specificity cannot be fully estimated.
Lung	BI_PF_ILD_atlas_v1	Sheet 1	4177	T cell	T regulatory	Regulatory T	T	PPP1R16B	26	1.06029056107199	59.4202898550725	0.750064088932475	unknown; source workbook does not define whether this is log2FC	D. Shared/functional markers	False	shared_or_cross_lineage_risk	False	True		2	7	5	2	NK;T cell	Activated NK XCL1+;CD8+ Naive T;Cytotoxic T;T CD4+ JUN+;T regulatory;helper T CD4+;helper T CD4+ CDR7+	NK;T	0		Positive top-marker lists only; no complete non-target expression matrix, so cell specificity cannot be fully estimated.
Lung	BI_PF_ILD_atlas_v1	Sheet 1	4178	T cell	T regulatory	Regulatory T	T	GNG2	27	0.772763781379261	62.3655913978495	0.749368565315636	unknown; source workbook does not define whether this is log2FC	D. Shared/functional markers	False	shared_or_cross_lineage_risk	False	True		2	6	5	2	NK;T cell	CD8+ Naive T;Cytotoxic T;NK;T CD4+ JUN+;T regulatory;helper T CD4+	NK;T	0		Positive top-marker lists only; no complete non-target expression matrix, so cell specificity cannot be fully estimated.
Lung	BI_PF_ILD_atlas_v1	Sheet 1	4179	T cell	T regulatory	Regulatory T	T	FOXO1	28	0.817864746206846	74.7545582047686	0.749126037420918	unknown; source workbook does not define whether this is log2FC	B. Extended lineage markers	True	moderate_extended	False	False		1	2	2	1	T cell	T regulatory;helper T CD4+	T	0		Positive top-marker lists only; no complete non-target expression matrix, so cell specificity cannot be fully estimated.
Lung	BI_PF_ILD_atlas_v1	Sheet 1	4180	T cell	T regulatory	Regulatory T	T	ARHGAP15	29	0.494270282710584	74.1000467508181	0.748752089610615	unknown; source workbook does not define whether this is log2FC	D. Shared/functional markers	False	shared_or_cross_lineage_risk	False	True		3	7	5	3	B/Plasma;NK;T cell	Activated NK XCL1+;B cell;CD8+ Naive T;T CD4+ JUN+;T regulatory;helper T CD4+;helper T CD4+ CDR7+	B;NK;T	0		Positive top-marker lists only; no complete non-target expression matrix, so cell specificity cannot be fully estimated.
Lung	BI_PF_ILD_atlas_v1	Sheet 1	4181	T cell	T regulatory	Regulatory T	T	ZEB1	30	1.74088767686229	57.5970079476391	0.74711059104386	unknown; source workbook does not define whether this is log2FC	D. Shared/functional markers	False	shared_or_cross_lineage_risk	False	False		2	3	2	2	Dendritic;T cell	DC LAMP3+/CCR7+;DC1 CLEC9A+;T regulatory	DC;T	0		Positive top-marker lists only; no complete non-target expression matrix, so cell specificity cannot be fully estimated.
Lung	BI_PF_ILD_atlas_v1	Sheet 1	4182	T cell	T regulatory	Regulatory T	T	ETS1	31	0.976996283606127	59.4670406732118	0.745838162680081	unknown; source workbook does not define whether this is log2FC	B. Extended lineage markers	False	limited_extended_evidence	False	True		1	2	2	1	T cell	T regulatory;helper T CD4+ CDR7+	T	0		Positive top-marker lists only; no complete non-target expression matrix, so cell specificity cannot be fully estimated.
Lung	BI_PF_ILD_atlas_v1	Sheet 1	4183	T cell	T regulatory	Regulatory T	T	RNF19A	32	0.810517054211669	71.2482468443198	0.74254573027567	unknown; source workbook does not define whether this is log2FC	B. Extended lineage markers	False	limited_extended_evidence	False	True		1	5	3	1	T cell	CD8+ Naive T;T CD4+ JUN+;T regulatory;helper T CD4+;helper T CD4+ CDR7+	T	0		Positive top-marker lists only; no complete non-target expression matrix, so cell specificity cannot be fully estimated.
Lung	BI_PF_ILD_atlas_v1	Sheet 1	4184	T cell	T regulatory	Regulatory T	T	LDLRAD4	33	0.889796083187981	71.6690042075736	0.738204810715003	unknown; source workbook does not define whether this is log2FC	D. Shared/functional markers	False	shared_or_cross_lineage_risk	False	False		3	5	3	2	Dendritic;T cell;pDC	DC1 CLEC9A+;DC2 CD1A+/CD1E+;DC2 CLEC10A+;T regulatory;pDC	DC;T	0		Positive top-marker lists only; no complete non-target expression matrix, so cell specificity cannot be fully estimated.
Lung	BI_PF_ILD_atlas_v1	Sheet 1	4185	T cell	T regulatory	Regulatory T	T	SYTL3	34	-0.0555013353226537	74.4740532959327	0.734849933797096	unknown; source workbook does not define whether this is log2FC	D. Shared/functional markers	False	shared_or_cross_lineage_risk	False	True		3	9	7	3	Basophil/Mast;NK;T cell	Activated NK XCL1+;Basophil/Mast;CD8+ Naive T;Cytotoxic T;NK;T CD4+ JUN+;T regulatory;helper T CD4+;helper T CD4+ CDR7+	Mast/Basophil;NK;T	0		Positive top-marker lists only; no complete non-target expression matrix, so cell specificity cannot be fully estimated.
Lung	BI_PF_ILD_atlas_v1	Sheet 1	4186	T cell	T regulatory	Regulatory T	T	TOX	35	2.53758492632808	52.0804114071996	0.7345288576582	unknown; source workbook does not define whether this is log2FC	D. Shared/functional markers	False	shared_or_cross_lineage_risk	False	False		2	2	2	2	B/Plasma;T cell	B cell LRMP+;T regulatory	B;T	0		Positive top-marker lists only; no complete non-target expression matrix, so cell specificity cannot be fully estimated.
Lung	BI_PF_ILD_atlas_v1	Sheet 1	4187	T cell	T regulatory	Regulatory T	T	TIGIT	36	3.84830597543102	47.7793361383824	0.734157692202121	unknown; source workbook does not define whether this is log2FC	B. Extended lineage markers	False	limited_extended_evidence	False	False		1	1	1	1	T cell	T regulatory	T	0		Positive top-marker lists only; no complete non-target expression matrix, so cell specificity cannot be fully estimated.
Lung	BI_PF_ILD_atlas_v1	Sheet 1	4188	T cell	T regulatory	Regulatory T	T	SYNE2	37	0.344760252109351	66.5264142122487	0.731737598371992	unknown; source workbook does not define whether this is log2FC	D. Shared/functional markers	False	shared_or_cross_lineage_risk	False	False		1	2	2	1	T cell	T regulatory;helper T CD4+ CDR7+	T	1	Ionocyte	Positive top-marker lists only; no complete non-target expression matrix, so cell specificity cannot be fully estimated.
Lung	BI_PF_ILD_atlas_v1	Sheet 1	4189	T cell	T regulatory	Regulatory T	T	CD7	38	1.95820098694545	51.7531556802244	0.728477828172434	unknown; source workbook does not define whether this is log2FC	D. Shared/functional markers	False	shared_or_cross_lineage_risk	False	False		2	4	4	2	NK;T cell	Activated NK XCL1+;CD8+ Naive T;NK;T regulatory	NK;T	0		Positive top-marker lists only; no complete non-target expression matrix, so cell specificity cannot be fully estimated.
Lung	BI_PF_ILD_atlas_v1	Sheet 1	4190	T cell	T regulatory	Regulatory T	T	SMCHD1	39	0.342250701624053	77.7466105656849	0.728450242301099	unknown; source workbook does not define whether this is log2FC	D. Shared/functional markers	False	shared_or_cross_lineage_risk	False	True		2	3	3	2	B/Plasma;T cell	B cell;T regulatory;helper T CD4+ CDR7+	B;T	0		Positive top-marker lists only; no complete non-target expression matrix, so cell specificity cannot be fully estimated.
Lung	BI_PF_ILD_atlas_v1	Sheet 1	4191	T cell	T regulatory	Regulatory T	T	ABCC1	40	1.31765310391097	61.711079943899	0.72641782134986	unknown; source workbook does not define whether this is log2FC	B. Extended lineage markers	False	limited_extended_evidence	False	False		1	2	2	1	T cell	T regulatory;helper T CD4+ CDR7+	T	0		Positive top-marker lists only; no complete non-target expression matrix, so cell specificity cannot be fully estimated.
Lung	BI_PF_ILD_atlas_v1	Sheet 1	4192	T cell	T regulatory	Regulatory T	T	AC133644.2	41	2.7056624081439	48.153342683497	0.721432455960102	unknown; source workbook does not define whether this is log2FC	B. Extended lineage markers	False	limited_extended_evidence	False	False		1	1	1	1	T cell	T regulatory	T	0		Positive top-marker lists only; no complete non-target expression matrix, so cell specificity cannot be fully estimated.
Lung	BI_PF_ILD_atlas_v1	Sheet 1	4193	T cell	T regulatory	Regulatory T	T	PRKCH	42	0.310283059270233	70.6404862085086	0.721027958653775	unknown; source workbook does not define whether this is log2FC	D. Shared/functional markers	False	shared_or_cross_lineage_risk	False	True		2	8	6	2	NK;T cell	Activated NK XCL1+;CD8+ Naive T;Cytotoxic T;NK;T CD4+ JUN+;T regulatory;helper T CD4+;helper T CD4+ CDR7+	NK;T	0		Positive top-marker lists only; no complete non-target expression matrix, so cell specificity cannot be fully estimated.
Lung	BI_PF_ILD_atlas_v1	Sheet 1	4194	T cell	T regulatory	Regulatory T	T	RGS1	43	-0.157922966699539	70.7339878447873	0.720154980475041	unknown; source workbook does not define whether this is log2FC	D. Shared/functional markers	False	shared_or_cross_lineage_risk	False	False		5	11	6	5	B/Plasma;Basophil/Mast;Dendritic;Macrophage;T cell	Basophil/Mast;DC CXCL2+/CD14+/CD1C-;DC LAMP3+/CCR7+;DC2 C1QC+;DC2 CD1A+/CD1E+;DC2 CLEC10A+;Macrophage C1Q hi;Plasma B;T CD4+ JUN+;T regulatory;helper T CD4+	DC;Macrophage;Mast/Basophil;Plasma;T	0		Positive top-marker lists only; no complete non-target expression matrix, so cell specificity cannot be fully estimated.
Lung	BI_PF_ILD_atlas_v1	Sheet 1	4195	T cell	T regulatory	Regulatory T	T	BCL2	44	0.998817311513085	57.5970079476391	0.718019521963288	unknown; source workbook does not define whether this is log2FC	B. Extended lineage markers	False	limited_extended_evidence	False	False		1	1	1	1	T cell	T regulatory	T	0		Positive top-marker lists only; no complete non-target expression matrix, so cell specificity cannot be fully estimated.
Lung	BI_PF_ILD_atlas_v1	Sheet 1	4196	T cell	T regulatory	Regulatory T	T	PTPRC	45	-0.258833301915872	88.218793828892	0.71685859461011	unknown; source workbook does not define whether this is log2FC	D. Shared/functional markers	False	shared_or_cross_lineage_risk	False	True		2	5	4	2	Monocyte;T cell	CD8+ Naive T;Cytotoxic T;Monocytes CD14+/IL1B;Monocytes CD16+;T regulatory	Monocyte;T	0		Positive top-marker lists only; no complete non-target expression matrix, so cell specificity cannot be fully estimated.
Lung	BI_PF_ILD_atlas_v1	Sheet 1	4197	T cell	T regulatory	Regulatory T	T	STAT4	46	0.713102086365844	55.9139784946236	0.715488651753118	unknown; source workbook does not define whether this is log2FC	D. Shared/functional markers	False	shared_or_cross_lineage_risk	False	True		2	8	6	2	NK;T cell	Activated NK XCL1+;CD8+ Naive T;Cytotoxic T;NK;T CD4+ JUN+;T regulatory;helper T CD4+;helper T CD4+ CDR7+	NK;T	0		Positive top-marker lists only; no complete non-target expression matrix, so cell specificity cannot be fully estimated.
Lung	BI_PF_ILD_atlas_v1	Sheet 1	4198	T cell	T regulatory	Regulatory T	T	ARID5B	47	-0.00147680241522608	80.0841514726508	0.715262535952525	unknown; source workbook does not define whether this is log2FC	D. Shared/functional markers	False	shared_or_cross_lineage_risk	False	False		2	2	2	2	B/Plasma;T cell	B cell;T regulatory	B;T	0		Positive top-marker lists only; no complete non-target expression matrix, so cell specificity cannot be fully estimated.
Lung	BI_PF_ILD_atlas_v1	Sheet 1	4199	T cell	T regulatory	Regulatory T	T	PRDM1	48	1.06488350987371	53.8101916783544	0.714777849631516	unknown; source workbook does not define whether this is log2FC	D. Shared/functional markers	False	shared_or_cross_lineage_risk	False	False		2	3	3	2	B/Plasma;T cell	Plasma B;T regulatory;helper T CD4+	Plasma;T	0		Positive top-marker lists only; no complete non-target expression matrix, so cell specificity cannot be fully estimated.
Lung	BI_PF_ILD_atlas_v1	Sheet 1	4200	T cell	T regulatory	Regulatory T	T	STAM	49	1.58091330805979	54.4179523141655	0.713694701176971	unknown; source workbook does not define whether this is log2FC	B. Extended lineage markers	False	limited_extended_evidence	False	False		1	1	1	1	T cell	T regulatory	T	0		Positive top-marker lists only; no complete non-target expression matrix, so cell specificity cannot be fully estimated.
Lung	BI_PF_ILD_atlas_v1	Sheet 1	4201	T cell	T regulatory	Regulatory T	T	TNFRSF18	50	3.93817551802128	44.2730247779336	0.713651446973969	unknown; source workbook does not define whether this is log2FC	D. Shared/functional markers	False	shared_or_cross_lineage_risk	False	False		2	2	2	2	NK;T cell	Activated NK XCL1+;T regulatory	NK;T	0		Positive top-marker lists only; no complete non-target expression matrix, so cell specificity cannot be fully estimated.
Lung	BI_PF_ILD_atlas_v1	Sheet 1	4302	T cell	helper T CD4+	CD4 T	T	ITK	1	4.11008166533838	83.9610175090849	0.897901711711339	unknown; source workbook does not define whether this is log2FC	A. Lineage-core	True	relatively_specific_core	True	True		1	6	4	1	T cell	CD8+ Naive T;Cytotoxic T;T CD4+ JUN+;T regulatory;helper T CD4+;helper T CD4+ CDR7+	T	0		Positive top-marker lists only; no complete non-target expression matrix, so cell specificity cannot be fully estimated.
Lung	BI_PF_ILD_atlas_v1	Sheet 1	4303	T cell	helper T CD4+	CD4 T	T	CNOT6L	2	3.10645742596622	91.1793855302279	0.897861721593601	unknown; source workbook does not define whether this is log2FC	D. Shared/functional markers	False	shared_or_cross_lineage_risk	False	True		2	8	6	2	NK;T cell	Activated NK XCL1+;CD8+ Naive T;Cytotoxic T;NK;T CD4+ JUN+;T regulatory;helper T CD4+;helper T CD4+ CDR7+	NK;T	0		Positive top-marker lists only; no complete non-target expression matrix, so cell specificity cannot be fully estimated.
Lung	BI_PF_ILD_atlas_v1	Sheet 1	4304	T cell	helper T CD4+	CD4 T	T	PBX4	3	4.0619554152242	80.4426825239511	0.877769759231962	unknown; source workbook does not define whether this is log2FC	B. Extended lineage markers	True	moderate_extended	False	True		1	5	3	1	T cell	CD8+ Naive T;T CD4+ JUN+;T regulatory;helper T CD4+;helper T CD4+ CDR7+	T	0		Positive top-marker lists only; no complete non-target expression matrix, so cell specificity cannot be fully estimated.
Lung	BI_PF_ILD_atlas_v1	Sheet 1	4305	T cell	helper T CD4+	CD4 T	T	FAM129A	4	3.17441888826446	86.8351503138421	0.872296638608046	unknown; source workbook does not define whether this is log2FC	B. Extended lineage markers	True	moderate_extended	False	True		1	4	3	1	T cell	CD8+ Naive T;T CD4+ JUN+;T regulatory;helper T CD4+	T	0		Positive top-marker lists only; no complete non-target expression matrix, so cell specificity cannot be fully estimated.
Lung	BI_PF_ILD_atlas_v1	Sheet 1	4306	T cell	helper T CD4+	CD4 T	T	AC016831.7	5	2.81199584100663	90.419557317476	0.863049988025661	unknown; source workbook does not define whether this is log2FC	B. Extended lineage markers	True	moderate_extended	False	True		1	2	2	1	T cell	CD8+ Naive T;helper T CD4+	T	0		Positive top-marker lists only; no complete non-target expression matrix, so cell specificity cannot be fully estimated.
Lung	BI_PF_ILD_atlas_v1	Sheet 1	4307	T cell	helper T CD4+	CD4 T	T	AIM1	6	2.69528698606994	88.7182028410968	0.862067668880064	unknown; source workbook does not define whether this is log2FC	D. Shared/functional markers	False	shared_or_cross_lineage_risk	False	True		2	7	3	2	Dendritic;T cell	CD8+ Naive T;DC LAMP3+/CCR7+;DC1 CLEC9A+;DC2 CLEC10A+;T CD4+ JUN+;helper T CD4+;helper T CD4+ CDR7+	DC;T	0		Positive top-marker lists only; no complete non-target expression matrix, so cell specificity cannot be fully estimated.
Lung	BI_PF_ILD_atlas_v1	Sheet 1	4308	T cell	helper T CD4+	CD4 T	T	RNF19A	7	2.99089297360266	86.1744301288404	0.852318591220834	unknown; source workbook does not define whether this is log2FC	B. Extended lineage markers	True	moderate_extended	False	True		1	5	3	1	T cell	CD8+ Naive T;T CD4+ JUN+;T regulatory;helper T CD4+;helper T CD4+ CDR7+	T	0		Positive top-marker lists only; no complete non-target expression matrix, so cell specificity cannot be fully estimated.
Lung	BI_PF_ILD_atlas_v1	Sheet 1	4309	T cell	helper T CD4+	CD4 T	T	FYN	8	2.5416658624439	85.5467459530889	0.851538355589973	unknown; source workbook does not define whether this is log2FC	D. Shared/functional markers	False	shared_or_cross_lineage_risk	False	True		2	8	6	2	NK;T cell	Activated NK XCL1+;CD8+ Naive T;Cytotoxic T;NK;T CD4+ JUN+;T regulatory;helper T CD4+;helper T CD4+ CDR7+	NK;T	0		Positive top-marker lists only; no complete non-target expression matrix, so cell specificity cannot be fully estimated.
Lung	BI_PF_ILD_atlas_v1	Sheet 1	4310	T cell	helper T CD4+	CD4 T	T	PARP8	9	2.85346121957232	83.7628014535844	0.848192964424666	unknown; source workbook does not define whether this is log2FC	D. Shared/functional markers	False	shared_or_cross_lineage_risk	False	True		2	7	5	2	NK;T cell	Activated NK XCL1+;CD8+ Naive T;Cytotoxic T;NK;T CD4+ JUN+;helper T CD4+;helper T CD4+ CDR7+	NK;T	0		Positive top-marker lists only; no complete non-target expression matrix, so cell specificity cannot be fully estimated.
Lung	BI_PF_ILD_atlas_v1	Sheet 1	4311	T cell	helper T CD4+	CD4 T	T	SYTL3	10	2.20239549033658	89.2302609844731	0.847283029864073	unknown; source workbook does not define whether this is log2FC	D. Shared/functional markers	False	shared_or_cross_lineage_risk	False	True		3	9	7	3	Basophil/Mast;NK;T cell	Activated NK XCL1+;Basophil/Mast;CD8+ Naive T;Cytotoxic T;NK;T CD4+ JUN+;T regulatory;helper T CD4+;helper T CD4+ CDR7+	Mast/Basophil;NK;T	0		Positive top-marker lists only; no complete non-target expression matrix, so cell specificity cannot be fully estimated.
Lung	BI_PF_ILD_atlas_v1	Sheet 1	4312	T cell	helper T CD4+	CD4 T	T	PPP1R16B	11	3.28408234868978	75.9002312520648	0.842887638606072	unknown; source workbook does not define whether this is log2FC	D. Shared/functional markers	False	shared_or_cross_lineage_risk	False	True		2	7	5	2	NK;T cell	Activated NK XCL1+;CD8+ Naive T;Cytotoxic T;T CD4+ JUN+;T regulatory;helper T CD4+;helper T CD4+ CDR7+	NK;T	0		Positive top-marker lists only; no complete non-target expression matrix, so cell specificity cannot be fully estimated.
Lung	BI_PF_ILD_atlas_v1	Sheet 1	4313	T cell	helper T CD4+	CD4 T	T	CD69	12	2.14549815672137	80.4922365378262	0.832101244968508	unknown; source workbook does not define whether this is log2FC	D. Shared/functional markers	False	shared_or_cross_lineage_risk	False	True		4	9	7	4	B/Plasma;Basophil/Mast;NK;T cell	Activated NK XCL1+;B cell;Basophil/Mast;CD8+ Naive T;Cytotoxic T;NK;T CD4+ JUN+;helper T CD4+;helper T CD4+ CDR7+	B;Mast/Basophil;NK;T	0		Positive top-marker lists only; no complete non-target expression matrix, so cell specificity cannot be fully estimated.
Lung	BI_PF_ILD_atlas_v1	Sheet 1	4314	T cell	helper T CD4+	CD4 T	T	IL32	13	2.14015919966151	79.3194582094483	0.828082017981276	unknown; source workbook does not define whether this is log2FC	D. Shared/functional markers	False	shared_or_cross_lineage_risk	False	True		1	6	4	1	T cell	CD8+ Naive T;Cytotoxic T;T CD4+ JUN+;T regulatory;helper T CD4+;helper T CD4+ CDR7+	T	1	Capillary Aerocyte	Positive top-marker lists only; no complete non-target expression matrix, so cell specificity cannot be fully estimated.
Lung	BI_PF_ILD_atlas_v1	Sheet 1	4315	T cell	helper T CD4+	CD4 T	T	BATF	14	3.67360805820287	69.9867855963	0.821206523996835	unknown; source workbook does not define whether this is log2FC	D. Shared/functional markers	False	shared_or_cross_lineage_risk	False	False		2	4	3	2	Basophil/Mast;T cell	Basophil/Mast;T CD4+ JUN+;T regulatory;helper T CD4+	Mast/Basophil;T	0		Positive top-marker lists only; no complete non-target expression matrix, so cell specificity cannot be fully estimated.
Lung	BI_PF_ILD_atlas_v1	Sheet 1	4316	T cell	helper T CD4+	CD4 T	T	CDC42SE2	15	2.30050480294382	85.7945160224645	0.818983122759055	unknown; source workbook does not define whether this is log2FC	D. Shared/functional markers	False	shared_or_cross_lineage_risk	False	True		2	7	5	2	B/Plasma;T cell	B cell;CD8+ Naive T;Cytotoxic T;T CD4+ JUN+;T regulatory;helper T CD4+;helper T CD4+ CDR7+	B;T	0		Positive top-marker lists only; no complete non-target expression matrix, so cell specificity cannot be fully estimated.
Lung	BI_PF_ILD_atlas_v1	Sheet 1	4317	T cell	helper T CD4+	CD4 T	T	RP11-138A9.2	16	3.03311999353318	77.3372976544433	0.818691619531734	unknown; source workbook does not define whether this is log2FC	B. Extended lineage markers	True	moderate_extended	False	True		1	1	1	1	T cell	helper T CD4+	T	0		Positive top-marker lists only; no complete non-target expression matrix, so cell specificity cannot be fully estimated.
Lung	BI_PF_ILD_atlas_v1	Sheet 1	4318	T cell	helper T CD4+	CD4 T	T	CD3D	17	3.06490755008429	67.5586389164189	0.808121680098265	unknown; source workbook does not define whether this is log2FC	A. Lineage-core	True	relatively_specific_core	True	True		1	6	4	1	T cell	CD8+ Naive T;Cytotoxic T;T CD4+ JUN+;T regulatory;helper T CD4+;helper T CD4+ CDR7+	T	0		Positive top-marker lists only; no complete non-target expression matrix, so cell specificity cannot be fully estimated.
Lung	BI_PF_ILD_atlas_v1	Sheet 1	4319	T cell	helper T CD4+	CD4 T	T	ATXN1	18	2.36653689779851	86.8847043277172	0.804102235658405	unknown; source workbook does not define whether this is log2FC	B. Extended lineage markers	True	moderate_extended	False	False		1	2	2	1	T cell	CD8+ Naive T;helper T CD4+	T	0		Positive top-marker lists only; no complete non-target expression matrix, so cell specificity cannot be fully estimated.
Lung	BI_PF_ILD_atlas_v1	Sheet 1	4320	T cell	helper T CD4+	CD4 T	T	CD96	19	3.67429856901748	65.4443343244136	0.803699368613389	unknown; source workbook does not define whether this is log2FC	D. Shared/functional markers	False	shared_or_cross_lineage_risk	False	True		2	5	3	2	NK;T cell	Activated NK XCL1+;CD8+ Naive T;T CD4+ JUN+;helper T CD4+;helper T CD4+ CDR7+	NK;T	0		Positive top-marker lists only; no complete non-target expression matrix, so cell specificity cannot be fully estimated.
Lung	BI_PF_ILD_atlas_v1	Sheet 1	4321	T cell	helper T CD4+	CD4 T	T	RHOH	20	2.54153472941372	74.9752229930624	0.802493456839592	unknown; source workbook does not define whether this is log2FC	D. Shared/functional markers	False	shared_or_cross_lineage_risk	False	True		3	8	5	3	B/Plasma;Basophil/Mast;T cell	B cell;B cell LRMP+;Basophil/Mast;CD8+ Naive T;T CD4+ JUN+;T regulatory;helper T CD4+;helper T CD4+ CDR7+	B;Mast/Basophil;T	0		Positive top-marker lists only; no complete non-target expression matrix, so cell specificity cannot be fully estimated.
Lung	BI_PF_ILD_atlas_v1	Sheet 1	4322	T cell	helper T CD4+	CD4 T	T	ADAM19	21	3.72533650985449	64.8827221671622	0.798835242851125	unknown; source workbook does not define whether this is log2FC	B. Extended lineage markers	True	moderate_extended	False	False		1	1	1	1	T cell	helper T CD4+	T	0		Positive top-marker lists only; no complete non-target expression matrix, so cell specificity cannot be fully estimated.
Lung	BI_PF_ILD_atlas_v1	Sheet 1	4323	T cell	helper T CD4+	CD4 T	T	FOXO1	22	2.47747097676159	82.5900231252065	0.798124249361045	unknown; source workbook does not define whether this is log2FC	B. Extended lineage markers	True	moderate_extended	False	False		1	2	2	1	T cell	T regulatory;helper T CD4+	T	0		Positive top-marker lists only; no complete non-target expression matrix, so cell specificity cannot be fully estimated.
Lung	BI_PF_ILD_atlas_v1	Sheet 1	4324	T cell	helper T CD4+	CD4 T	T	RBPJ	23	1.93954053934532	91.3445655764784	0.795927679096721	unknown; source workbook does not define whether this is log2FC	D. Shared/functional markers	False	shared_or_cross_lineage_risk	False	False		2	2	2	2	Macrophage;T cell	Macrophage LYVE1+;helper T CD4+	Macrophage;T	0		Positive top-marker lists only; no complete non-target expression matrix, so cell specificity cannot be fully estimated.
Lung	BI_PF_ILD_atlas_v1	Sheet 1	4325	T cell	helper T CD4+	CD4 T	T	CBLB	24	2.18201614856055	80.1453584407004	0.792466467296829	unknown; source workbook does not define whether this is log2FC	D. Shared/functional markers	False	shared_or_cross_lineage_risk	False	True		2	6	5	2	NK;T cell	Activated NK XCL1+;CD8+ Naive T;Cytotoxic T;NK;T CD4+ JUN+;helper T CD4+	NK;T	0		Positive top-marker lists only; no complete non-target expression matrix, so cell specificity cannot be fully estimated.
Lung	BI_PF_ILD_atlas_v1	Sheet 1	4326	T cell	helper T CD4+	CD4 T	T	CD2	25	3.17751840831952	63.197885695408	0.788149744710815	unknown; source workbook does not define whether this is log2FC	A. Lineage-core	True	relatively_specific_core	True	True		1	6	4	1	T cell	CD8+ Naive T;Cytotoxic T;T CD4+ JUN+;T regulatory;helper T CD4+;helper T CD4+ CDR7+	T	0		Positive top-marker lists only; no complete non-target expression matrix, so cell specificity cannot be fully estimated.
Lung	BI_PF_ILD_atlas_v1	Sheet 1	4327	T cell	helper T CD4+	CD4 T	T	ARHGAP15	26	2.05024504780307	80.6408985794516	0.786564753008088	unknown; source workbook does not define whether this is log2FC	D. Shared/functional markers	False	shared_or_cross_lineage_risk	False	True		3	7	5	3	B/Plasma;NK;T cell	Activated NK XCL1+;B cell;CD8+ Naive T;T CD4+ JUN+;T regulatory;helper T CD4+;helper T CD4+ CDR7+	B;NK;T	0		Positive top-marker lists only; no complete non-target expression matrix, so cell specificity cannot be fully estimated.
Lung	BI_PF_ILD_atlas_v1	Sheet 1	4328	T cell	helper T CD4+	CD4 T	T	CCL5	27	1.94098462096402	67.4099768747935	0.785529533340782	unknown; source workbook does not define whether this is log2FC	D. Shared/functional markers	False	shared_or_cross_lineage_risk	False	True	cytotoxicity	2	5	4	2	NK;T cell	CD8+ Naive T;Cytotoxic T;NK;T CD4+ JUN+;helper T CD4+	NK;T	0		Positive top-marker lists only; no complete non-target expression matrix, so cell specificity cannot be fully estimated.
Lung	BI_PF_ILD_atlas_v1	Sheet 1	4329	T cell	helper T CD4+	CD4 T	T	FNBP1	28	1.86254241675002	87.611496531219	0.78425092998796	unknown; source workbook does not define whether this is log2FC	D. Shared/functional markers	False	shared_or_cross_lineage_risk	False	True		3	7	4	3	B/Plasma;Dendritic;T cell	B cell;B cell LRMP+;CD8+ Naive T;DC LAMP3+/CCR7+;DC1 CLEC9A+;T CD4+ JUN+;helper T CD4+	B;DC;T	0		Positive top-marker lists only; no complete non-target expression matrix, so cell specificity cannot be fully estimated.
Lung	BI_PF_ILD_atlas_v1	Sheet 1	4330	T cell	helper T CD4+	CD4 T	T	STAT4	29	2.52499544257157	68.2854311199207	0.782011837560167	unknown; source workbook does not define whether this is log2FC	D. Shared/functional markers	False	shared_or_cross_lineage_risk	False	True		2	8	6	2	NK;T cell	Activated NK XCL1+;CD8+ Naive T;Cytotoxic T;NK;T CD4+ JUN+;T regulatory;helper T CD4+;helper T CD4+ CDR7+	NK;T	0		Positive top-marker lists only; no complete non-target expression matrix, so cell specificity cannot be fully estimated.
Lung	BI_PF_ILD_atlas_v1	Sheet 1	4331	T cell	helper T CD4+	CD4 T	T	PPP2R5C	30	1.74752914917792	87.4463164849686	0.781615131157354	unknown; source workbook does not define whether this is log2FC	D. Shared/functional markers	False	shared_or_cross_lineage_risk	False	True		2	5	4	2	NK;T cell	CD8+ Naive T;Cytotoxic T;NK;helper T CD4+;helper T CD4+ CDR7+	NK;T	0		Positive top-marker lists only; no complete non-target expression matrix, so cell specificity cannot be fully estimated.
Lung	BI_PF_ILD_atlas_v1	Sheet 1	4332	T cell	helper T CD4+	CD4 T	T	PRDM1	31	2.84525276250402	64.8662041625372	0.774206109814414	unknown; source workbook does not define whether this is log2FC	D. Shared/functional markers	False	shared_or_cross_lineage_risk	False	False		2	3	3	2	B/Plasma;T cell	Plasma B;T regulatory;helper T CD4+	Plasma;T	0		Positive top-marker lists only; no complete non-target expression matrix, so cell specificity cannot be fully estimated.
Lung	BI_PF_ILD_atlas_v1	Sheet 1	4333	T cell	helper T CD4+	CD4 T	T	RNF125	32	2.97562515935686	61.9425173439049	0.769404078186756	unknown; source workbook does not define whether this is log2FC	D. Shared/functional markers	False	shared_or_cross_lineage_risk	False	True		2	6	5	2	NK;T cell	Activated NK XCL1+;CD8+ Naive T;Cytotoxic T;NK;helper T CD4+;helper T CD4+ CDR7+	NK;T	0		Positive top-marker lists only; no complete non-target expression matrix, so cell specificity cannot be fully estimated.
Lung	BI_PF_ILD_atlas_v1	Sheet 1	4334	T cell	helper T CD4+	CD4 T	T	CXCR4	33	1.52661339747819	88.1070366699703	0.769288430769189	unknown; source workbook does not define whether this is log2FC	D. Shared/functional markers	False	shared_or_cross_lineage_risk	False	True		5	10	7	4	B/Plasma;Dendritic;NK;T cell;pDC	Activated NK XCL1+;B cell;CD8+ Naive T;Cytotoxic T;DC CXCL2+/CD14+/CD1C-;DC2 CLEC10A+;T CD4+ JUN+;helper T CD4+;helper T CD4+ CDR7+;pDC	B;DC;NK;T	0		Positive top-marker lists only; no complete non-target expression matrix, so cell specificity cannot be fully estimated.
Lung	BI_PF_ILD_atlas_v1	Sheet 1	4335	T cell	helper T CD4+	CD4 T	T	RGS1	34	1.6468430768162	77.9154278163198	0.763765293550112	unknown; source workbook does not define whether this is log2FC	D. Shared/functional markers	False	shared_or_cross_lineage_risk	False	False		5	11	6	5	B/Plasma;Basophil/Mast;Dendritic;Macrophage;T cell	Basophil/Mast;DC CXCL2+/CD14+/CD1C-;DC LAMP3+/CCR7+;DC2 C1QC+;DC2 CD1A+/CD1E+;DC2 CLEC10A+;Macrophage C1Q hi;Plasma B;T CD4+ JUN+;T regulatory;helper T CD4+	DC;Macrophage;Mast/Basophil;Plasma;T	0		Positive top-marker lists only; no complete non-target expression matrix, so cell specificity cannot be fully estimated.
Lung	BI_PF_ILD_atlas_v1	Sheet 1	4336	T cell	helper T CD4+	CD4 T	T	RORA-AS1	35	3.45792843258182	58.7215064420218	0.761756947478474	unknown; source workbook does not define whether this is log2FC	B. Extended lineage markers	False	limited_extended_evidence	False	False		1	1	1	1	T cell	helper T CD4+	T	0		Positive top-marker lists only; no complete non-target expression matrix, so cell specificity cannot be fully estimated.
Lung	BI_PF_ILD_atlas_v1	Sheet 1	4337	T cell	helper T CD4+	CD4 T	T	RUNX2	36	3.49502816232551	58.1103402708953	0.756618834100882	unknown; source workbook does not define whether this is log2FC	D. Shared/functional markers	False	shared_or_cross_lineage_risk	False	False		2	2	2	2	NK;T cell	Activated NK XCL1+;helper T CD4+	NK;T	0		Positive top-marker lists only; no complete non-target expression matrix, so cell specificity cannot be fully estimated.
Lung	BI_PF_ILD_atlas_v1	Sheet 1	4338	T cell	helper T CD4+	CD4 T	T	MYH9	37	1.5712615886305	86.8351503138421	0.755534913555642	unknown; source workbook does not define whether this is log2FC	B. Extended lineage markers	False	limited_extended_evidence	False	False		1	1	1	1	T cell	helper T CD4+	T	0		Positive top-marker lists only; no complete non-target expression matrix, so cell specificity cannot be fully estimated.
Lung	BI_PF_ILD_atlas_v1	Sheet 1	4339	T cell	helper T CD4+	CD4 T	T	BCL11B	38	3.44535259480567	55.3848695077635	0.755424569063502	unknown; source workbook does not define whether this is log2FC	A. Lineage-core	True	relatively_specific_core	True	True		1	5	3	1	T cell	Cytotoxic T;T CD4+ JUN+;T regulatory;helper T CD4+;helper T CD4+ CDR7+	T	0		Positive top-marker lists only; no complete non-target expression matrix, so cell specificity cannot be fully estimated.
Lung	BI_PF_ILD_atlas_v1	Sheet 1	4340	T cell	helper T CD4+	CD4 T	T	STK4	39	1.93188375729647	75.9663032705649	0.754434084278739	unknown; source workbook does not define whether this is log2FC	D. Shared/functional markers	False	shared_or_cross_lineage_risk	False	True		3	6	4	3	B/Plasma;Dendritic;T cell	B cell;CD8+ Naive T;DC LAMP3+/CCR7+;T CD4+ JUN+;helper T CD4+;helper T CD4+ CDR7+	B;DC;T	0		Positive top-marker lists only; no complete non-target expression matrix, so cell specificity cannot be fully estimated.
Lung	BI_PF_ILD_atlas_v1	Sheet 1	4341	T cell	helper T CD4+	CD4 T	T	CD3E	40	2.83463112750326	55.2527254707631	0.752234111184737	unknown; source workbook does not define whether this is log2FC	A. Lineage-core	True	relatively_specific_core	True	True		1	6	4	1	T cell	CD8+ Naive T;Cytotoxic T;T CD4+ JUN+;T regulatory;helper T CD4+;helper T CD4+ CDR7+	T	0		Positive top-marker lists only; no complete non-target expression matrix, so cell specificity cannot be fully estimated.
Lung	BI_PF_ILD_atlas_v1	Sheet 1	4342	T cell	helper T CD4+	CD4 T	T	SKAP1	41	2.70995128093326	58.3085563263958	0.751491700841175	unknown; source workbook does not define whether this is log2FC	D. Shared/functional markers	False	shared_or_cross_lineage_risk	False	True		2	8	6	2	NK;T cell	Activated NK XCL1+;CD8+ Naive T;Cytotoxic T;NK;T CD4+ JUN+;T regulatory;helper T CD4+;helper T CD4+ CDR7+	NK;T	0		Positive top-marker lists only; no complete non-target expression matrix, so cell specificity cannot be fully estimated.
Lung	BI_PF_ILD_atlas_v1	Sheet 1	4343	T cell	helper T CD4+	CD4 T	T	TRERF1	42	3.20813926503528	57.8460521968946	0.750736975330449	unknown; source workbook does not define whether this is log2FC	B. Extended lineage markers	False	limited_extended_evidence	False	False		1	2	1	1	T cell	T CD4+ JUN+;helper T CD4+	T	0		Positive top-marker lists only; no complete non-target expression matrix, so cell specificity cannot be fully estimated.
Lung	BI_PF_ILD_atlas_v1	Sheet 1	4344	T cell	helper T CD4+	CD4 T	T	CAMK4	43	3.66716315954206	53.0558308556326	0.748246099452604	unknown; source workbook does not define whether this is log2FC	B. Extended lineage markers	False	limited_extended_evidence	False	True		1	4	2	1	T cell	CD8+ Naive T;T CD4+ JUN+;helper T CD4+;helper T CD4+ CDR7+	T	0		Positive top-marker lists only; no complete non-target expression matrix, so cell specificity cannot be fully estimated.
Lung	BI_PF_ILD_atlas_v1	Sheet 1	4345	T cell	helper T CD4+	CD4 T	T	GNG2	44	2.17898963988727	61.2817971589032	0.744548147228071	unknown; source workbook does not define whether this is log2FC	D. Shared/functional markers	False	shared_or_cross_lineage_risk	False	True		2	6	5	2	NK;T cell	CD8+ Naive T;Cytotoxic T;NK;T CD4+ JUN+;T regulatory;helper T CD4+	NK;T	0		Positive top-marker lists only; no complete non-target expression matrix, so cell specificity cannot be fully estimated.
Lung	BI_PF_ILD_atlas_v1	Sheet 1	4346	T cell	helper T CD4+	CD4 T	T	IQGAP2	45	1.84473188019002	79.203832177073	0.744456772853325	unknown; source workbook does not define whether this is log2FC	B. Extended lineage markers	False	limited_extended_evidence	False	False		1	1	1	1	T cell	helper T CD4+	T	0		Positive top-marker lists only; no complete non-target expression matrix, so cell specificity cannot be fully estimated.
Lung	BI_PF_ILD_atlas_v1	Sheet 1	4347	T cell	helper T CD4+	CD4 T	T	TMEM2	46	1.90970504859998	70.9117938553023	0.742074168073733	unknown; source workbook does not define whether this is log2FC	D. Shared/functional markers	False	shared_or_cross_lineage_risk	False	True		2	3	3	2	NK;T cell	Cytotoxic T;NK;helper T CD4+	NK;T	0		Positive top-marker lists only; no complete non-target expression matrix, so cell specificity cannot be fully estimated.
Lung	BI_PF_ILD_atlas_v1	Sheet 1	4348	T cell	helper T CD4+	CD4 T	T	THEMIS	47	3.86186704381656	51.1397423191278	0.742064168246379	unknown; source workbook does not define whether this is log2FC	B. Extended lineage markers	False	limited_extended_evidence	False	True		1	2	1	1	T cell	T CD4+ JUN+;helper T CD4+	T	0		Positive top-marker lists only; no complete non-target expression matrix, so cell specificity cannot be fully estimated.
Lung	BI_PF_ILD_atlas_v1	Sheet 1	4349	T cell	helper T CD4+	CD4 T	T	PRKCH	48	1.76148880801289	72.7783283779319	0.73518872264074	unknown; source workbook does not define whether this is log2FC	D. Shared/functional markers	False	shared_or_cross_lineage_risk	False	True		2	8	6	2	NK;T cell	Activated NK XCL1+;CD8+ Naive T;Cytotoxic T;NK;T CD4+ JUN+;T regulatory;helper T CD4+;helper T CD4+ CDR7+	NK;T	0		Positive top-marker lists only; no complete non-target expression matrix, so cell specificity cannot be fully estimated.
Lung	BI_PF_ILD_atlas_v1	Sheet 1	4350	T cell	helper T CD4+	CD4 T	T	STK17B	49	1.45439112208857	85.6623719854642	0.73257374761021	unknown; source workbook does not define whether this is log2FC	D. Shared/functional markers	False	shared_or_cross_lineage_risk	False	True		3	8	5	3	Dendritic;Monocyte;T cell	CD8+ Naive T;DC1 CLEC9A+;DC2 CD1A+/CD1E+;DC2 CLEC10A+;Monocytes CD16+;T CD4+ JUN+;T regulatory;helper T CD4+	DC;Monocyte;T	0		Positive top-marker lists only; no complete non-target expression matrix, so cell specificity cannot be fully estimated.
Lung	BI_PF_ILD_atlas_v1	Sheet 1	4351	T cell	helper T CD4+	CD4 T	T	PITPNC1	50	1.76272347492861	70.7135777998018	0.732254571863474	unknown; source workbook does not define whether this is log2FC	D. Shared/functional markers	False	shared_or_cross_lineage_risk	False	True		2	5	4	2	NK;T cell	CD8+ Naive T;Cytotoxic T;NK;helper T CD4+;helper T CD4+ CDR7+	NK;T	0		Positive top-marker lists only; no complete non-target expression matrix, so cell specificity cannot be fully estimated.
Lung	BI_PF_ILD_atlas_v1	Sheet 1	4352	T cell	helper T CD4+ CDR7+	CD4 T	T	CD69	1	2.10168206769292	82.3065902578796	0.848946084277655	unknown; source workbook does not define whether this is log2FC	D. Shared/functional markers	False	shared_or_cross_lineage_risk	False	True		4	9	7	4	B/Plasma;Basophil/Mast;NK;T cell	Activated NK XCL1+;B cell;Basophil/Mast;CD8+ Naive T;Cytotoxic T;NK;T CD4+ JUN+;helper T CD4+;helper T CD4+ CDR7+	B;Mast/Basophil;NK;T	0		Positive top-marker lists only; no complete non-target expression matrix, so cell specificity cannot be fully estimated.
Lung	BI_PF_ILD_atlas_v1	Sheet 1	4353	T cell	helper T CD4+ CDR7+	CD4 T	T	IL7R	2	2.19424648689806	85.7987106017192	0.843731310164434	unknown; source workbook does not define whether this is log2FC	D. Shared/functional markers	False	shared_or_cross_lineage_risk	False	False		3	4	3	3	Dendritic;NK;T cell	Activated NK XCL1+;DC LAMP3+/CCR7+;T CD4+ JUN+;helper T CD4+ CDR7+	DC;NK;T	0		Positive top-marker lists only; no complete non-target expression matrix, so cell specificity cannot be fully estimated.
Lung	BI_PF_ILD_atlas_v1	Sheet 1	4354	T cell	helper T CD4+ CDR7+	CD4 T	T	CNOT6L	3	2.30798126508215	83.3810888252149	0.842456761960206	unknown; source workbook does not define whether this is log2FC	D. Shared/functional markers	False	shared_or_cross_lineage_risk	False	True		2	8	6	2	NK;T cell	Activated NK XCL1+;CD8+ Naive T;Cytotoxic T;NK;T CD4+ JUN+;T regulatory;helper T CD4+;helper T CD4+ CDR7+	NK;T	0		Positive top-marker lists only; no complete non-target expression matrix, so cell specificity cannot be fully estimated.
Lung	BI_PF_ILD_atlas_v1	Sheet 1	4355	T cell	helper T CD4+ CDR7+	CD4 T	T	ITK	4	3.19838892984276	71.1138968481375	0.828214553078082	unknown; source workbook does not define whether this is log2FC	A. Lineage-core	True	relatively_specific_core	True	True		1	6	4	1	T cell	CD8+ Naive T;Cytotoxic T;T CD4+ JUN+;T regulatory;helper T CD4+;helper T CD4+ CDR7+	T	0		Positive top-marker lists only; no complete non-target expression matrix, so cell specificity cannot be fully estimated.
Lung	BI_PF_ILD_atlas_v1	Sheet 1	4356	T cell	helper T CD4+ CDR7+	CD4 T	T	AIM1	5	2.27008794370401	81.2858166189112	0.812205661364328	unknown; source workbook does not define whether this is log2FC	D. Shared/functional markers	False	shared_or_cross_lineage_risk	False	True		2	7	3	2	Dendritic;T cell	CD8+ Naive T;DC LAMP3+/CCR7+;DC1 CLEC9A+;DC2 CLEC10A+;T CD4+ JUN+;helper T CD4+;helper T CD4+ CDR7+	DC;T	0		Positive top-marker lists only; no complete non-target expression matrix, so cell specificity cannot be fully estimated.
Lung	BI_PF_ILD_atlas_v1	Sheet 1	4357	T cell	helper T CD4+ CDR7+	CD4 T	T	CD3D	6	2.58411840596089	66.0279369627507	0.799587971604773	unknown; source workbook does not define whether this is log2FC	A. Lineage-core	True	relatively_specific_core	True	True		1	6	4	1	T cell	CD8+ Naive T;Cytotoxic T;T CD4+ JUN+;T regulatory;helper T CD4+;helper T CD4+ CDR7+	T	0		Positive top-marker lists only; no complete non-target expression matrix, so cell specificity cannot be fully estimated.
Lung	BI_PF_ILD_atlas_v1	Sheet 1	4358	T cell	helper T CD4+ CDR7+	CD4 T	T	FYN	7	1.58553679281431	75.1969914040115	0.783938468538153	unknown; source workbook does not define whether this is log2FC	D. Shared/functional markers	False	shared_or_cross_lineage_risk	False	True		2	8	6	2	NK;T cell	Activated NK XCL1+;CD8+ Naive T;Cytotoxic T;NK;T CD4+ JUN+;T regulatory;helper T CD4+;helper T CD4+ CDR7+	NK;T	0		Positive top-marker lists only; no complete non-target expression matrix, so cell specificity cannot be fully estimated.
Lung	BI_PF_ILD_atlas_v1	Sheet 1	4359	T cell	helper T CD4+ CDR7+	CD4 T	T	ARHGAP15	8	1.63372105393269	77.6504297994269	0.773498712105533	unknown; source workbook does not define whether this is log2FC	D. Shared/functional markers	False	shared_or_cross_lineage_risk	False	True		3	7	5	3	B/Plasma;NK;T cell	Activated NK XCL1+;B cell;CD8+ Naive T;T CD4+ JUN+;T regulatory;helper T CD4+;helper T CD4+ CDR7+	B;NK;T	0		Positive top-marker lists only; no complete non-target expression matrix, so cell specificity cannot be fully estimated.
Lung	BI_PF_ILD_atlas_v1	Sheet 1	4360	T cell	helper T CD4+ CDR7+	CD4 T	T	BCL11B	9	3.14819348208421	58.5601719197708	0.772213238462263	unknown; source workbook does not define whether this is log2FC	A. Lineage-core	True	relatively_specific_core	True	True		1	5	3	1	T cell	Cytotoxic T;T CD4+ JUN+;T regulatory;helper T CD4+;helper T CD4+ CDR7+	T	0		Positive top-marker lists only; no complete non-target expression matrix, so cell specificity cannot be fully estimated.
Lung	BI_PF_ILD_atlas_v1	Sheet 1	4361	T cell	helper T CD4+ CDR7+	CD4 T	T	IL32	10	1.35515353838518	68.6246418338109	0.767268466974859	unknown; source workbook does not define whether this is log2FC	D. Shared/functional markers	False	shared_or_cross_lineage_risk	False	True		1	6	4	1	T cell	CD8+ Naive T;Cytotoxic T;T CD4+ JUN+;T regulatory;helper T CD4+;helper T CD4+ CDR7+	T	1	Capillary Aerocyte	Positive top-marker lists only; no complete non-target expression matrix, so cell specificity cannot be fully estimated.
Lung	BI_PF_ILD_atlas_v1	Sheet 1	4362	T cell	helper T CD4+ CDR7+	CD4 T	T	PPP2R5C	11	1.22415126958627	84.5451289398281	0.765251003409117	unknown; source workbook does not define whether this is log2FC	D. Shared/functional markers	False	shared_or_cross_lineage_risk	False	True		2	5	4	2	NK;T cell	CD8+ Naive T;Cytotoxic T;NK;helper T CD4+;helper T CD4+ CDR7+	NK;T	0		Positive top-marker lists only; no complete non-target expression matrix, so cell specificity cannot be fully estimated.
Lung	BI_PF_ILD_atlas_v1	Sheet 1	4363	T cell	helper T CD4+ CDR7+	CD4 T	T	SYTL3	12	1.11446578236965	78.1160458452722	0.765082945718421	unknown; source workbook does not define whether this is log2FC	D. Shared/functional markers	False	shared_or_cross_lineage_risk	False	True		3	9	7	3	Basophil/Mast;NK;T cell	Activated NK XCL1+;Basophil/Mast;CD8+ Naive T;Cytotoxic T;NK;T CD4+ JUN+;T regulatory;helper T CD4+;helper T CD4+ CDR7+	Mast/Basophil;NK;T	0		Positive top-marker lists only; no complete non-target expression matrix, so cell specificity cannot be fully estimated.
Lung	BI_PF_ILD_atlas_v1	Sheet 1	4364	T cell	helper T CD4+ CDR7+	CD4 T	T	RHOH	13	1.76825181833811	67.6575931232092	0.760997345979572	unknown; source workbook does not define whether this is log2FC	D. Shared/functional markers	False	shared_or_cross_lineage_risk	False	True		3	8	5	3	B/Plasma;Basophil/Mast;T cell	B cell;B cell LRMP+;Basophil/Mast;CD8+ Naive T;T CD4+ JUN+;T regulatory;helper T CD4+;helper T CD4+ CDR7+	B;Mast/Basophil;T	0		Positive top-marker lists only; no complete non-target expression matrix, so cell specificity cannot be fully estimated.
Lung	BI_PF_ILD_atlas_v1	Sheet 1	4365	T cell	helper T CD4+ CDR7+	CD4 T	T	STAT4	14	2.0469912057255	63.5207736389685	0.75920906074456	unknown; source workbook does not define whether this is log2FC	D. Shared/functional markers	False	shared_or_cross_lineage_risk	False	True		2	8	6	2	NK;T cell	Activated NK XCL1+;CD8+ Naive T;Cytotoxic T;NK;T CD4+ JUN+;T regulatory;helper T CD4+;helper T CD4+ CDR7+	NK;T	0		Positive top-marker lists only; no complete non-target expression matrix, so cell specificity cannot be fully estimated.
Lung	BI_PF_ILD_atlas_v1	Sheet 1	4366	T cell	helper T CD4+ CDR7+	CD4 T	T	INPP4B	15	3.07467898143599	57.4319484240688	0.758657615741294	unknown; source workbook does not define whether this is log2FC	D. Shared/functional markers	False	shared_or_cross_lineage_risk	False	False		1	2	1	1	T cell	T CD4+ JUN+;helper T CD4+ CDR7+	T	1	Pericyte	Positive top-marker lists only; no complete non-target expression matrix, so cell specificity cannot be fully estimated.
Lung	BI_PF_ILD_atlas_v1	Sheet 1	4367	T cell	helper T CD4+ CDR7+	CD4 T	T	CD2	16	2.55279346137298	57.4856733524355	0.758640251095206	unknown; source workbook does not define whether this is log2FC	A. Lineage-core	True	relatively_specific_core	True	True		1	6	4	1	T cell	CD8+ Naive T;Cytotoxic T;T CD4+ JUN+;T regulatory;helper T CD4+;helper T CD4+ CDR7+	T	0		Positive top-marker lists only; no complete non-target expression matrix, so cell specificity cannot be fully estimated.
Lung	BI_PF_ILD_atlas_v1	Sheet 1	4368	T cell	helper T CD4+ CDR7+	CD4 T	T	CXCR4	17	0.976334823962197	85.7091690544413	0.752992046047567	unknown; source workbook does not define whether this is log2FC	D. Shared/functional markers	False	shared_or_cross_lineage_risk	False	True		5	10	7	4	B/Plasma;Dendritic;NK;T cell;pDC	Activated NK XCL1+;B cell;CD8+ Naive T;Cytotoxic T;DC CXCL2+/CD14+/CD1C-;DC2 CLEC10A+;T CD4+ JUN+;helper T CD4+;helper T CD4+ CDR7+;pDC	B;DC;NK;T	0		Positive top-marker lists only; no complete non-target expression matrix, so cell specificity cannot be fully estimated.
Lung	BI_PF_ILD_atlas_v1	Sheet 1	4369	T cell	helper T CD4+ CDR7+	CD4 T	T	CDC42SE2	18	1.32355426594582	77.9906876790831	0.752259226557703	unknown; source workbook does not define whether this is log2FC	D. Shared/functional markers	False	shared_or_cross_lineage_risk	False	True		2	7	5	2	B/Plasma;T cell	B cell;CD8+ Naive T;Cytotoxic T;T CD4+ JUN+;T regulatory;helper T CD4+;helper T CD4+ CDR7+	B;T	0		Positive top-marker lists only; no complete non-target expression matrix, so cell specificity cannot be fully estimated.
Lung	BI_PF_ILD_atlas_v1	Sheet 1	4370	T cell	helper T CD4+ CDR7+	CD4 T	T	PBX4	19	2.49105058654998	56.5723495702006	0.74885939701697	unknown; source workbook does not define whether this is log2FC	B. Extended lineage markers	True	moderate_extended	False	True		1	5	3	1	T cell	CD8+ Naive T;T CD4+ JUN+;T regulatory;helper T CD4+;helper T CD4+ CDR7+	T	0		Positive top-marker lists only; no complete non-target expression matrix, so cell specificity cannot be fully estimated.
Lung	BI_PF_ILD_atlas_v1	Sheet 1	4371	T cell	helper T CD4+ CDR7+	CD4 T	T	SMCHD1	20	1.40728608372306	80.3724928366762	0.748760508447174	unknown; source workbook does not define whether this is log2FC	D. Shared/functional markers	False	shared_or_cross_lineage_risk	False	True		2	3	3	2	B/Plasma;T cell	B cell;T regulatory;helper T CD4+ CDR7+	B;T	0		Positive top-marker lists only; no complete non-target expression matrix, so cell specificity cannot be fully estimated.
Lung	BI_PF_ILD_atlas_v1	Sheet 1	4372	T cell	helper T CD4+ CDR7+	CD4 T	T	LTB	21	2.82121656536839	55.3724928366762	0.746022132420318	unknown; source workbook does not define whether this is log2FC	D. Shared/functional markers	False	shared_or_cross_lineage_risk	False	False		3	5	4	3	B/Plasma;Dendritic;T cell	B cell;B cell LRMP+;DC2 CD1A+/CD1E+;T regulatory;helper T CD4+ CDR7+	B;DC;T	0		Positive top-marker lists only; no complete non-target expression matrix, so cell specificity cannot be fully estimated.
Lung	BI_PF_ILD_atlas_v1	Sheet 1	4373	T cell	helper T CD4+ CDR7+	CD4 T	T	CD3E	22	2.63299210288676	53.4025787965616	0.743840678350222	unknown; source workbook does not define whether this is log2FC	A. Lineage-core	True	relatively_specific_core	True	True		1	6	4	1	T cell	CD8+ Naive T;Cytotoxic T;T CD4+ JUN+;T regulatory;helper T CD4+;helper T CD4+ CDR7+	T	0		Positive top-marker lists only; no complete non-target expression matrix, so cell specificity cannot be fully estimated.
Lung	BI_PF_ILD_atlas_v1	Sheet 1	4374	T cell	helper T CD4+ CDR7+	CD4 T	T	PARP8	23	1.62235823434538	67.4247851002865	0.743275624204572	unknown; source workbook does not define whether this is log2FC	D. Shared/functional markers	False	shared_or_cross_lineage_risk	False	True		2	7	5	2	NK;T cell	Activated NK XCL1+;CD8+ Naive T;Cytotoxic T;NK;T CD4+ JUN+;helper T CD4+;helper T CD4+ CDR7+	NK;T	0		Positive top-marker lists only; no complete non-target expression matrix, so cell specificity cannot be fully estimated.
Lung	BI_PF_ILD_atlas_v1	Sheet 1	4375	T cell	helper T CD4+ CDR7+	CD4 T	T	CAMK4	24	3.12741897382841	51.5401146131805	0.740035122759061	unknown; source workbook does not define whether this is log2FC	B. Extended lineage markers	True	moderate_extended	False	True		1	4	2	1	T cell	CD8+ Naive T;T CD4+ JUN+;helper T CD4+;helper T CD4+ CDR7+	T	0		Positive top-marker lists only; no complete non-target expression matrix, so cell specificity cannot be fully estimated.
Lung	BI_PF_ILD_atlas_v1	Sheet 1	4376	T cell	helper T CD4+ CDR7+	CD4 T	T	SPOCK2	25	2.63225574284893	52.4355300859599	0.738315427375893	unknown; source workbook does not define whether this is log2FC	B. Extended lineage markers	True	moderate_extended	False	True		1	2	2	1	T cell	T regulatory;helper T CD4+ CDR7+	T	0		Positive top-marker lists only; no complete non-target expression matrix, so cell specificity cannot be fully estimated.
Lung	BI_PF_ILD_atlas_v1	Sheet 1	4377	T cell	helper T CD4+ CDR7+	CD4 T	T	PDE3B	26	1.99303997857375	64.7922636103152	0.736943590733356	unknown; source workbook does not define whether this is log2FC	B. Extended lineage markers	True	moderate_extended	False	False		1	1	1	1	T cell	helper T CD4+ CDR7+	T	0		Positive top-marker lists only; no complete non-target expression matrix, so cell specificity cannot be fully estimated.
Lung	BI_PF_ILD_atlas_v1	Sheet 1	4378	T cell	helper T CD4+ CDR7+	CD4 T	T	RNF125	27	2.32220823608705	55.1396848137536	0.732587809288757	unknown; source workbook does not define whether this is log2FC	D. Shared/functional markers	False	shared_or_cross_lineage_risk	False	True		2	6	5	2	NK;T cell	Activated NK XCL1+;CD8+ Naive T;Cytotoxic T;NK;helper T CD4+;helper T CD4+ CDR7+	NK;T	0		Positive top-marker lists only; no complete non-target expression matrix, so cell specificity cannot be fully estimated.
Lung	BI_PF_ILD_atlas_v1	Sheet 1	4379	T cell	helper T CD4+ CDR7+	CD4 T	T	CD247	28	1.48386968843802	54.2263610315186	0.729359780828778	unknown; source workbook does not define whether this is log2FC	D. Shared/functional markers	False	shared_or_cross_lineage_risk	False	True		2	5	5	2	NK;T cell	Activated NK XCL1+;Cytotoxic T;NK;T regulatory;helper T CD4+ CDR7+	NK;T	0		Positive top-marker lists only; no complete non-target expression matrix, so cell specificity cannot be fully estimated.
Lung	BI_PF_ILD_atlas_v1	Sheet 1	4380	T cell	helper T CD4+ CDR7+	CD4 T	T	ABCC1	29	2.33112254502324	60.5838108882522	0.72552916284905	unknown; source workbook does not define whether this is log2FC	B. Extended lineage markers	True	moderate_extended	False	False		1	2	2	1	T cell	T regulatory;helper T CD4+ CDR7+	T	0		Positive top-marker lists only; no complete non-target expression matrix, so cell specificity cannot be fully estimated.
Lung	BI_PF_ILD_atlas_v1	Sheet 1	4381	T cell	helper T CD4+ CDR7+	CD4 T	T	TRAC	30	2.54142476676626	50.0895415472779	0.725037994366236	unknown; source workbook does not define whether this is log2FC	A. Lineage-core	True	relatively_specific_core	True	True		1	5	4	1	T cell	CD8+ Naive T;Cytotoxic T;T CD4+ JUN+;T regulatory;helper T CD4+ CDR7+	T	0		Positive top-marker lists only; no complete non-target expression matrix, so cell specificity cannot be fully estimated.
Lung	BI_PF_ILD_atlas_v1	Sheet 1	4382	T cell	helper T CD4+ CDR7+	CD4 T	T	RNF19A	31	1.66107613377654	67.2277936962751	0.719144644267601	unknown; source workbook does not define whether this is log2FC	B. Extended lineage markers	False	limited_extended_evidence	False	True		1	5	3	1	T cell	CD8+ Naive T;T CD4+ JUN+;T regulatory;helper T CD4+;helper T CD4+ CDR7+	T	0		Positive top-marker lists only; no complete non-target expression matrix, so cell specificity cannot be fully estimated.
Lung	BI_PF_ILD_atlas_v1	Sheet 1	4383	T cell	helper T CD4+ CDR7+	CD4 T	T	CDC14A	32	2.29846682440812	53.4025787965616	0.718926193832553	unknown; source workbook does not define whether this is log2FC	B. Extended lineage markers	False	limited_extended_evidence	False	False		1	2	2	1	T cell	CD8+ Naive T;helper T CD4+ CDR7+	T	0		Positive top-marker lists only; no complete non-target expression matrix, so cell specificity cannot be fully estimated.
Lung	BI_PF_ILD_atlas_v1	Sheet 1	4384	T cell	helper T CD4+ CDR7+	CD4 T	T	BACH2	33	2.38891499003411	50.5551575931232	0.718022980808839	unknown; source workbook does not define whether this is log2FC	D. Shared/functional markers	False	shared_or_cross_lineage_risk	False	False		3	4	3	3	B/Plasma;NK;T cell	Activated NK XCL1+;B cell;B cell LRMP+;helper T CD4+ CDR7+	B;NK;T	0		Positive top-marker lists only; no complete non-target expression matrix, so cell specificity cannot be fully estimated.
Lung	BI_PF_ILD_atlas_v1	Sheet 1	4385	T cell	helper T CD4+ CDR7+	CD4 T	T	ANK3	34	1.9725976095819	55.336676217765	0.715496531393659	unknown; source workbook does not define whether this is log2FC	D. Shared/functional markers	False	shared_or_cross_lineage_risk	False	False		1	1	1	1	T cell	helper T CD4+ CDR7+	T	1	COPD Ciliated	Positive top-marker lists only; no complete non-target expression matrix, so cell specificity cannot be fully estimated.
Lung	BI_PF_ILD_atlas_v1	Sheet 1	4386	T cell	helper T CD4+ CDR7+	CD4 T	T	CLEC2D	35	2.0814267084494	51.9699140401146	0.714555897883993	unknown; source workbook does not define whether this is log2FC	B. Extended lineage markers	False	limited_extended_evidence	False	True		1	5	4	1	T cell	CD8+ Naive T;Cytotoxic T;T CD4+ JUN+;T regulatory;helper T CD4+ CDR7+	T	0		Positive top-marker lists only; no complete non-target expression matrix, so cell specificity cannot be fully estimated.
Lung	BI_PF_ILD_atlas_v1	Sheet 1	4387	T cell	helper T CD4+ CDR7+	CD4 T	T	PITPNC1	36	1.39514866772998	66.2428366762178	0.713781775473835	unknown; source workbook does not define whether this is log2FC	D. Shared/functional markers	False	shared_or_cross_lineage_risk	False	True		2	5	4	2	NK;T cell	CD8+ Naive T;Cytotoxic T;NK;helper T CD4+;helper T CD4+ CDR7+	NK;T	0		Positive top-marker lists only; no complete non-target expression matrix, so cell specificity cannot be fully estimated.
Lung	BI_PF_ILD_atlas_v1	Sheet 1	4388	T cell	helper T CD4+ CDR7+	CD4 T	T	PPP1R16B	37	1.7601782583066	51.8982808022923	0.712833889644174	unknown; source workbook does not define whether this is log2FC	D. Shared/functional markers	False	shared_or_cross_lineage_risk	False	True		2	7	5	2	NK;T cell	Activated NK XCL1+;CD8+ Naive T;Cytotoxic T;T CD4+ JUN+;T regulatory;helper T CD4+;helper T CD4+ CDR7+	NK;T	0		Positive top-marker lists only; no complete non-target expression matrix, so cell specificity cannot be fully estimated.
Lung	BI_PF_ILD_atlas_v1	Sheet 1	4389	T cell	helper T CD4+ CDR7+	CD4 T	T	STK4	38	1.06664196345974	70.6303724928367	0.712393058856699	unknown; source workbook does not define whether this is log2FC	D. Shared/functional markers	False	shared_or_cross_lineage_risk	False	True		3	6	4	3	B/Plasma;Dendritic;T cell	B cell;CD8+ Naive T;DC LAMP3+/CCR7+;T CD4+ JUN+;helper T CD4+;helper T CD4+ CDR7+	B;DC;T	0		Positive top-marker lists only; no complete non-target expression matrix, so cell specificity cannot be fully estimated.
Lung	BI_PF_ILD_atlas_v1	Sheet 1	4390	T cell	helper T CD4+ CDR7+	CD4 T	T	IKZF1	39	1.40218723279226	63.3954154727794	0.712035548093181	unknown; source workbook does not define whether this is log2FC	D. Shared/functional markers	False	shared_or_cross_lineage_risk	False	False		2	3	2	2	T cell;pDC	T CD4+ JUN+;helper T CD4+ CDR7+;pDC	DC;T	0		Positive top-marker lists only; no complete non-target expression matrix, so cell specificity cannot be fully estimated.
Lung	BI_PF_ILD_atlas_v1	Sheet 1	4391	T cell	helper T CD4+ CDR7+	CD4 T	T	LEPROTL1	40	1.02531671023516	76.2356733524355	0.710721660436201	unknown; source workbook does not define whether this is log2FC	B. Extended lineage markers	False	limited_extended_evidence	False	False		1	1	1	1	T cell	helper T CD4+ CDR7+	T	0		Positive top-marker lists only; no complete non-target expression matrix, so cell specificity cannot be fully estimated.
Lung	BI_PF_ILD_atlas_v1	Sheet 1	4392	T cell	helper T CD4+ CDR7+	CD4 T	T	CD96	41	2.27082073151004	47.439111747851	0.708526485761919	unknown; source workbook does not define whether this is log2FC	D. Shared/functional markers	False	shared_or_cross_lineage_risk	False	True		2	5	3	2	NK;T cell	Activated NK XCL1+;CD8+ Naive T;T CD4+ JUN+;helper T CD4+;helper T CD4+ CDR7+	NK;T	0		Positive top-marker lists only; no complete non-target expression matrix, so cell specificity cannot be fully estimated.
Lung	BI_PF_ILD_atlas_v1	Sheet 1	4393	T cell	helper T CD4+ CDR7+	CD4 T	T	ETS1	42	1.65225366369435	51.8803724928367	0.706791359487511	unknown; source workbook does not define whether this is log2FC	B. Extended lineage markers	False	limited_extended_evidence	False	True		1	2	2	1	T cell	T regulatory;helper T CD4+ CDR7+	T	0		Positive top-marker lists only; no complete non-target expression matrix, so cell specificity cannot be fully estimated.
Lung	BI_PF_ILD_atlas_v1	Sheet 1	4394	T cell	helper T CD4+ CDR7+	CD4 T	T	ZFP36L2	43	0.843282643777827	87.3567335243553	0.705953514418519	unknown; source workbook does not define whether this is log2FC	D. Shared/functional markers	False	shared_or_cross_lineage_risk	False	False		2	2	2	2	NK;T cell	Activated NK XCL1+;helper T CD4+ CDR7+	NK;T	0		Positive top-marker lists only; no complete non-target expression matrix, so cell specificity cannot be fully estimated.
Lung	BI_PF_ILD_atlas_v1	Sheet 1	4395	T cell	helper T CD4+ CDR7+	CD4 T	T	SKAP1	44	1.85058739186114	49.4985673352436	0.704992699855256	unknown; source workbook does not define whether this is log2FC	D. Shared/functional markers	False	shared_or_cross_lineage_risk	False	True		2	8	6	2	NK;T cell	Activated NK XCL1+;CD8+ Naive T;Cytotoxic T;NK;T CD4+ JUN+;T regulatory;helper T CD4+;helper T CD4+ CDR7+	NK;T	0		Positive top-marker lists only; no complete non-target expression matrix, so cell specificity cannot be fully estimated.
Lung	BI_PF_ILD_atlas_v1	Sheet 1	4396	T cell	helper T CD4+ CDR7+	CD4 T	T	PRKCH	45	1.14944063017199	66.8517191977077	0.702568497662073	unknown; source workbook does not define whether this is log2FC	D. Shared/functional markers	False	shared_or_cross_lineage_risk	False	True		2	8	6	2	NK;T cell	Activated NK XCL1+;CD8+ Naive T;Cytotoxic T;NK;T CD4+ JUN+;T regulatory;helper T CD4+;helper T CD4+ CDR7+	NK;T	0		Positive top-marker lists only; no complete non-target expression matrix, so cell specificity cannot be fully estimated.
Lung	BI_PF_ILD_atlas_v1	Sheet 1	4397	T cell	helper T CD4+ CDR7+	CD4 T	T	SYNE2	46	0.957132934337356	61.3001432664757	0.701693852574004	unknown; source workbook does not define whether this is log2FC	D. Shared/functional markers	False	shared_or_cross_lineage_risk	False	False		1	2	2	1	T cell	T regulatory;helper T CD4+ CDR7+	T	1	Ionocyte	Positive top-marker lists only; no complete non-target expression matrix, so cell specificity cannot be fully estimated.
Lung	BI_PF_ILD_atlas_v1	Sheet 1	4398	T cell	helper T CD4+ CDR7+	CD4 T	T	SARAF	47	0.513378007008034	93.0873925501433	0.700206854057653	unknown; source workbook does not define whether this is log2FC	B. Extended lineage markers	False	limited_extended_evidence	False	False		1	1	1	1	T cell	helper T CD4+ CDR7+	T	0		Positive top-marker lists only; no complete non-target expression matrix, so cell specificity cannot be fully estimated.
Lung	BI_PF_ILD_atlas_v1	Sheet 1	4399	T cell	helper T CD4+ CDR7+	CD4 T	T	CD6	48	2.92451897653932	43.6067335243553	0.700120018043318	unknown; source workbook does not define whether this is log2FC	B. Extended lineage markers	False	limited_extended_evidence	False	False		1	1	1	1	T cell	helper T CD4+ CDR7+	T	0		Positive top-marker lists only; no complete non-target expression matrix, so cell specificity cannot be fully estimated.
Lung	BI_PF_ILD_atlas_v1	Sheet 1	4400	T cell	helper T CD4+ CDR7+	CD4 T	T	SFMBT1	49	2.51168637656296	48.8359598853868	0.697522065026101	unknown; source workbook does not define whether this is log2FC	B. Extended lineage markers	False	limited_extended_evidence	False	False		1	1	1	1	T cell	helper T CD4+ CDR7+	T	0		Positive top-marker lists only; no complete non-target expression matrix, so cell specificity cannot be fully estimated.
Lung	BI_PF_ILD_atlas_v1	Sheet 1	4401	T cell	helper T CD4+ CDR7+	CD4 T	T	ZC3HAV1	50	1.15740476765716	68.3022922636103	0.69667726729351	unknown; source workbook does not define whether this is log2FC	D. Shared/functional markers	False	shared_or_cross_lineage_risk	False	False		2	3	2	2	T cell;pDC	T CD4+ JUN+;helper T CD4+ CDR7+;pDC	DC;T	0		Positive top-marker lists only; no complete non-target expression matrix, so cell specificity cannot be fully estimated.
