marker_gene	immune_record_n	immune_level1_n	immune_level2_n	detailed_lineage_n	major_lineage_n	source_level1	source_level2	detailed_lineages	major_lineages	best_auc	best_pct_positive	best_fold_change	best_original_rank	marker_classes	any_signature_eligible	functional_categories	nonimmune_level2_n	nonimmune_level2_labels	overlap_risk	specificity_audit_limit
ABCA1	3	1	3	2	1	Macrophage	Macrophage C1Q hi;Macrophage IL1B+;Macrophage LYVE1+	Alveolar/resident macrophage;Inflammatory macrophage	Macrophage	0.736558356666114	74.5033112582781	2.2301871876924	10	B. Extended lineage markers	True		0		not_observed_in_other_atlas_top50_lists	Absence from another top-50 list is not proof of absent expression.
ABCC1	2	1	2	2	1	T cell	T regulatory;helper T CD4+ CDR7+	CD4 T;Regulatory T	T	0.72641782134986	61.711079943899	2.33112254502324	29	B. Extended lineage markers	True		0		not_observed_in_other_atlas_top50_lists	Absence from another top-50 list is not proof of absent expression.
ABCG1	1	1	1	1	1	Macrophage FABP4+	Macrophage FABP4+	Alveolar/resident macrophage	Macrophage	0.818393868133327	75.9754555248489	4.85368198380058	32	B. Extended lineage markers	False		0		not_observed_in_other_atlas_top50_lists	Absence from another top-50 list is not proof of absent expression.
AC004448.5	1	1	1	1	1	B/Plasma	B cell	B	B	0.704424463634956	74.9330954504906	1.75052243683402	50	B. Extended lineage markers	False		0		not_observed_in_other_atlas_top50_lists	Absence from another top-50 list is not proof of absent expression.
AC007192.4	2	2	2	2	1	Macrophage;Macrophage FABP4+	Macrophage FABP4+/PDE4C+;Macrophage RETN+/VCAN+	Alveolar/resident macrophage;Inflammatory macrophage	Macrophage	0.824830239487849	91.3443830570902	2.76608142682203	14	B. Extended lineage markers;C. State-associated markers	True		0		not_observed_in_other_atlas_top50_lists	Absence from another top-50 list is not proof of absent expression.
AC016831.7	2	1	2	2	1	T cell	CD8+ Naive T;helper T CD4+	CD4 T;CD8 T	T	0.863049988025661	90.419557317476	2.81199584100663	5	B. Extended lineage markers	True		0		not_observed_in_other_atlas_top50_lists	Absence from another top-50 list is not proof of absent expression.
AC018890.6	1	1	1	1	1	B/Plasma	B cell LRMP+	B	B	0.884961179659984	96.2025316455696	0.784399595364529	49	B. Extended lineage markers	False		0		not_observed_in_other_atlas_top50_lists	Absence from another top-50 list is not proof of absent expression.
AC092580.4	3	1	3	3	1	T cell	CD8+ Naive T;Cytotoxic T;T CD4+ JUN+	CD4 T;CD8 T;Cytotoxic T	T	0.798612056803997	62.8365384615385	4.00120284591981	19	B. Extended lineage markers;C. State-associated markers	True		0		not_observed_in_other_atlas_top50_lists	Absence from another top-50 list is not proof of absent expression.
AC133644.2	1	1	1	1	1	T cell	T regulatory	Regulatory T	T	0.721432455960102	48.153342683497	2.7056624081439	41	B. Extended lineage markers	False		0		not_observed_in_other_atlas_top50_lists	Absence from another top-50 list is not proof of absent expression.
ACER3	1	1	1	1	1	Macrophage FABP4+	Macrophage FABP4+/PDE4C+	Alveolar/resident macrophage	Macrophage	0.797928781263895	84.5303867403315	0.82492764680786	32	B. Extended lineage markers	False		0		not_observed_in_other_atlas_top50_lists	Absence from another top-50 list is not proof of absent expression.
ACP5	3	2	3	2	1	Macrophage;Macrophage FABP4+	Macrophage CHI3L1+/CD9 hi/;Macrophage FABP4+;Macrophage FABP4+/PDE4C+	Alveolar/resident macrophage;Inflammatory macrophage	Macrophage	0.851188812285832	95.9484346224678	4.13343317580599	10	B. Extended lineage markers;C. State-associated markers	True		0		not_observed_in_other_atlas_top50_lists	Absence from another top-50 list is not proof of absent expression.
ACSL1	3	2	3	3	2	Macrophage;Monocyte	Macrophage IL1B+;Macrophage LYVE1+;Monocytes CD14+/IL1B	Alveolar/resident macrophage;Inflammatory macrophage;Monocyte	Macrophage;Monocyte	0.721618838872544	88.0794701986755	1.15827875398368	33	D. Shared/functional markers	False		0		cross_immune_lineage	Absence from another top-50 list is not proof of absent expression.
ACSL3	1	1	1	1	1	Macrophage	Macrophage RETN+/VCAN+	Inflammatory macrophage	Macrophage	0.675414725413049	71.2560451011302	2.22927660141059	45	B. Extended lineage markers	False		0		not_observed_in_other_atlas_top50_lists	Absence from another top-50 list is not proof of absent expression.
ACSL4	1	1	1	1	1	Basophil/Mast	Basophil/Mast	Mast/Basophil	Mast/Basophil	0.685022746888226	67.8709677419355	0.867761152406785	38	B. Extended lineage markers	False		0		not_observed_in_other_atlas_top50_lists	Absence from another top-50 list is not proof of absent expression.
ACTB	1	1	1	1	1	Dendritic	DC2 CD1A+/CD1E+	Dendritic cell	DC	0.828397196097937	100.0	-0.485272587776073	48	B. Extended lineage markers	False		0		not_observed_in_other_atlas_top50_lists	Absence from another top-50 list is not proof of absent expression.
ADAM12	1	1	1	1	1	Basophil/Mast	Basophil/Mast	Mast/Basophil	Mast/Basophil	0.708126300264417	45.0322580645161	3.00307510078267	29	B. Extended lineage markers	False		0		not_observed_in_other_atlas_top50_lists	Absence from another top-50 list is not proof of absent expression.
ADAM19	1	1	1	1	1	T cell	helper T CD4+	CD4 T	T	0.798835242851125	64.8827221671622	3.72533650985449	21	B. Extended lineage markers	True		0		not_observed_in_other_atlas_top50_lists	Absence from another top-50 list is not proof of absent expression.
ADAM28	3	2	3	2	2	B/Plasma;Dendritic	B cell;DC2 C1QC+;DC2 CD1A+/CD1E+	B;Dendritic cell	B;DC	0.881505867179661	80.8971581496113	4.41222874354502	3	D. Shared/functional markers	False		0		cross_immune_lineage	Absence from another top-50 list is not proof of absent expression.
ADGRE2	1	1	1	1	1	Monocyte	Monocytes CD16+	Monocyte	Monocyte	0.762047117439505	63.1148907787227	2.90569252495295	18	B. Extended lineage markers	True		0		not_observed_in_other_atlas_top50_lists	Absence from another top-50 list is not proof of absent expression.
ADRBK2	1	1	1	1	1	Dendritic	DC LAMP3+/CCR7+	Dendritic cell	DC	0.835604897623494	82.0627802690583	1.5906478082621	34	B. Extended lineage markers	False		0		not_observed_in_other_atlas_top50_lists	Absence from another top-50 list is not proof of absent expression.
AFF3	3	2	3	2	2	B/Plasma;pDC	B cell;B cell LRMP+;pDC	B;pDC	B;DC	0.937639626880729	91.1392405063291	4.47950708971662	7	D. Shared/functional markers	False		0		cross_immune_lineage	Absence from another top-50 list is not proof of absent expression.
AGFG1	1	1	1	1	1	Macrophage	Macrophage LYVE1+	Alveolar/resident macrophage	Macrophage	0.744433898858021	78.476821192053	0.0777085168761547	32	B. Extended lineage markers	False		0		not_observed_in_other_atlas_top50_lists	Absence from another top-50 list is not proof of absent expression.
AIF1	7	3	7	4	3	Dendritic;Macrophage;Monocyte	DC CXCL2+/CD14+/CD1C-;DC2 C1QC+;Macrophage C1Q hi;Macrophage LYVE1+;Macrophage RETN+/VCAN+;Monocytes CD14+/IL1B;Monocytes CD16+	Alveolar/resident macrophage;Dendritic cell;Inflammatory macrophage;Monocyte	DC;Macrophage;Monocyte	0.828834027571836	96.9465648854962	2.1577637217171	6	D. Shared/functional markers	False		0		cross_immune_lineage	Absence from another top-50 list is not proof of absent expression.
AIM1	7	2	7	3	2	Dendritic;T cell	CD8+ Naive T;DC LAMP3+/CCR7+;DC1 CLEC9A+;DC2 CLEC10A+;T CD4+ JUN+;helper T CD4+;helper T CD4+ CDR7+	CD4 T;CD8 T;Dendritic cell	DC;T	0.864211599326659	88.7182028410968	2.69528698606994	5	D. Shared/functional markers	False		0		cross_immune_lineage	Absence from another top-50 list is not proof of absent expression.
AKNA	2	2	2	2	2	NK;T cell	Cytotoxic T;NK	Cytotoxic T;NK	NK;T	0.768788115808036	69.4177456509651	2.89342636283472	24	D. Shared/functional markers	False		0		cross_immune_lineage	Absence from another top-50 list is not proof of absent expression.
ALDH2	1	1	1	1	1	Macrophage FABP4+	Macrophage FABP4+	Alveolar/resident macrophage	Macrophage	0.832386244547463	90.5756709916155	4.57811008637639	25	B. Extended lineage markers	True		0		not_observed_in_other_atlas_top50_lists	Absence from another top-50 list is not proof of absent expression.
ALOX5	2	2	2	2	2	Dendritic;Macrophage FABP4+	DC2 CD1A+/CD1E+;Macrophage FABP4+	Alveolar/resident macrophage;Dendritic cell	DC;Macrophage	0.855786781485817	93.2367149758454	4.57675251749895	24	D. Shared/functional markers	False		0		cross_immune_lineage	Absence from another top-50 list is not proof of absent expression.
ALOX5AP	2	2	2	2	2	Dendritic;Macrophage FABP4+	DC2 C1QC+;Macrophage FABP4+	Alveolar/resident macrophage;Dendritic cell	DC;Macrophage	0.863085491344458	96.3740458015267	4.89985198888952	10	D. Shared/functional markers	False		0		cross_immune_lineage	Absence from another top-50 list is not proof of absent expression.
ANK3	1	1	1	1	1	T cell	helper T CD4+ CDR7+	CD4 T	T	0.715496531393659	55.336676217765	1.9725976095819	34	D. Shared/functional markers	False		1	COPD Ciliated	immune_and_nonimmune_overlap	Absence from another top-50 list is not proof of absent expression.
ANKRD11	1	1	1	1	1	pDC	pDC	pDC	DC	0.88107269746197	94.4370860927152	1.09826879281471	13	B. Extended lineage markers	True		0		not_observed_in_other_atlas_top50_lists	Absence from another top-50 list is not proof of absent expression.
ANKRD28	1	1	1	1	1	B/Plasma	Plasma B	Plasma	Plasma	0.693836292681381	74.1035856573705	2.01713512215191	33	B. Extended lineage markers	False		0		not_observed_in_other_atlas_top50_lists	Absence from another top-50 list is not proof of absent expression.
ANKRD33B	1	1	1	1	1	Dendritic	DC LAMP3+/CCR7+	Dendritic cell	DC	0.846687363378045	70.9641255605381	4.1090382316778	25	C. State-associated markers	True		0		not_observed_in_other_atlas_top50_lists	Absence from another top-50 list is not proof of absent expression.
ANKRD44	2	2	2	2	2	B/Plasma;T cell	B cell;T CD4+ JUN+	B;CD4 T	B;T	0.825188863920158	83.0635911813432	2.83591030403261	9	D. Shared/functional markers	False		0		cross_immune_lineage	Absence from another top-50 list is not proof of absent expression.
ANPEP	1	1	1	1	1	Macrophage	Macrophage RETN+/VCAN+	Inflammatory macrophage	Macrophage	0.720332291942568	67.8627728645096	2.94946080577432	11	B. Extended lineage markers	True		0		not_observed_in_other_atlas_top50_lists	Absence from another top-50 list is not proof of absent expression.
AOAH	3	2	3	3	2	NK;T cell	CD8+ Naive T;Cytotoxic T;NK	CD8 T;Cytotoxic T;NK	NK;T	0.820520500662517	75.1767415998094	3.48759991867644	16	D. Shared/functional markers	False		0		cross_immune_lineage	Absence from another top-50 list is not proof of absent expression.
AP1S2	1	1	1	1	1	Monocyte	Monocytes CD14+/IL1B	Monocyte	Monocyte	0.660933951919861	61.2237442922374	0.997001896562452	48	B. Extended lineage markers	False		0		not_observed_in_other_atlas_top50_lists	Absence from another top-50 list is not proof of absent expression.
AP2S1	2	1	2	1	1	Macrophage	Macrophage CHI3L1+/CD9 hi/;Macrophage RETN+/VCAN+	Inflammatory macrophage	Macrophage	0.721128271391029	89.1662741403674	2.40694198172217	25	B. Extended lineage markers	False		0		not_observed_in_other_atlas_top50_lists	Absence from another top-50 list is not proof of absent expression.
APBA2	1	1	1	1	1	NK	NK	NK	NK	0.729851053604038	48.7886249900707	4.36000568649567	39	B. Extended lineage markers	False		0		not_observed_in_other_atlas_top50_lists	Absence from another top-50 list is not proof of absent expression.
APOC1	3	2	3	2	1	Macrophage;Macrophage FABP4+	Macrophage CHI3L1+/CD9 hi/;Macrophage FABP4+;Macrophage FABP4+/PDE4C+	Alveolar/resident macrophage;Inflammatory macrophage	Macrophage	0.899713480718588	99.333692444611	4.35751095988357	4	B. Extended lineage markers;C. State-associated markers	True		0		not_observed_in_other_atlas_top50_lists	Absence from another top-50 list is not proof of absent expression.
APOE	4	2	4	2	1	Macrophage;Macrophage FABP4+	Macrophage C1Q hi;Macrophage CHI3L1+/CD9 hi/;Macrophage FABP4+;Macrophage FABP4+/PDE4C+	Alveolar/resident macrophage;Inflammatory macrophage	Macrophage	0.835957748828713	95.9484346224678	3.69097974112281	2	B. Extended lineage markers;C. State-associated markers	True		0		not_observed_in_other_atlas_top50_lists	Absence from another top-50 list is not proof of absent expression.
AQP9	1	1	1	1	1	Macrophage	Macrophage IL1B+	Inflammatory macrophage	Macrophage	0.662062610724824	51.2324044814708	1.87687276206117	48	B. Extended lineage markers	False		0		not_observed_in_other_atlas_top50_lists	Absence from another top-50 list is not proof of absent expression.
ARAP2	1	1	1	1	1	Dendritic	DC LAMP3+/CCR7+	Dendritic cell	DC	0.858083268239878	80.0448430493274	1.84476226270131	22	C. State-associated markers	True		0		not_observed_in_other_atlas_top50_lists	Absence from another top-50 list is not proof of absent expression.
AREG	5	4	5	4	4	Basophil/Mast;Dendritic;Monocyte;NK	Activated NK XCL1+;Basophil/Mast;DC CXCL2+/CD14+/CD1C-;DC2 CLEC10A+;Monocytes CD14+	Activated NK;Dendritic cell;Mast/Basophil;Monocyte	DC;Mast/Basophil;Monocyte;NK	0.839103993609246	89.1334015694302	2.12811945523248	10	D. Shared/functional markers	False		0		cross_immune_lineage	Absence from another top-50 list is not proof of absent expression.
ARHGAP15	7	3	7	5	3	B/Plasma;NK;T cell	Activated NK XCL1+;B cell;CD8+ Naive T;T CD4+ JUN+;T regulatory;helper T CD4+;helper T CD4+ CDR7+	Activated NK;B;CD4 T;CD8 T;Regulatory T	B;NK;T	0.786564753008088	80.6408985794516	2.08586094987595	8	D. Shared/functional markers	False		0		cross_immune_lineage	Absence from another top-50 list is not proof of absent expression.
ARHGAP24	1	1	1	1	1	B/Plasma	B cell	B	B	0.860437690794472	82.8724353256021	3.79195145030854	6	B. Extended lineage markers	True		0		not_observed_in_other_atlas_top50_lists	Absence from another top-50 list is not proof of absent expression.
ARHGAP26	1	1	1	1	1	Monocyte	Monocytes CD14+	Monocyte	Monocyte	0.686558924023173	73.5355147645651	1.70714238568526	44	B. Extended lineage markers	False		0		not_observed_in_other_atlas_top50_lists	Absence from another top-50 list is not proof of absent expression.
ARHGDIB	1	1	1	1	1	Dendritic	DC2 C1QC+	Dendritic cell	DC	0.763118977148838	92.175572519084	-0.271215595697193	38	B. Extended lineage markers	False		0		not_observed_in_other_atlas_top50_lists	Absence from another top-50 list is not proof of absent expression.
ARID5B	2	2	2	2	2	B/Plasma;T cell	B cell;T regulatory	B;Regulatory T	B;T	0.723958801004638	80.0841514726508	1.84329909999573	39	D. Shared/functional markers	False		0		cross_immune_lineage	Absence from another top-50 list is not proof of absent expression.
ARL4C	1	1	1	1	1	Macrophage	Macrophage LYVE1+	Alveolar/resident macrophage	Macrophage	0.726280708275988	62.2516556291391	0.347575942746232	46	B. Extended lineage markers	False		0		not_observed_in_other_atlas_top50_lists	Absence from another top-50 list is not proof of absent expression.
ASAH1	1	1	1	1	1	Macrophage	Macrophage CHI3L1+/CD9 hi/	Inflammatory macrophage	Macrophage	0.743989158419709	93.8947063299395	2.31676298397141	24	B. Extended lineage markers	True		0		not_observed_in_other_atlas_top50_lists	Absence from another top-50 list is not proof of absent expression.
ASAP1	1	1	1	1	1	Dendritic	DC1 CLEC9A+	Dendritic cell	DC	0.830715209541685	92.2211808809747	0.774826815124658	39	B. Extended lineage markers	False		0		not_observed_in_other_atlas_top50_lists	Absence from another top-50 list is not proof of absent expression.
ATG7	1	1	1	1	1	Macrophage FABP4+	Macrophage FABP4+/PDE4C+	Alveolar/resident macrophage	Macrophage	0.791216011868114	81.0313075506446	0.90817339016401	43	B. Extended lineage markers	False		0		not_observed_in_other_atlas_top50_lists	Absence from another top-50 list is not proof of absent expression.
ATP13A3	3	2	3	2	2	Macrophage;Monocyte	Macrophage IL1B+;Macrophage RETN+/VCAN+;Monocytes CD14+	Inflammatory macrophage;Monocyte	Macrophage;Monocyte	0.699735935931326	75.0438946528332	2.19063566719682	33	D. Shared/functional markers	False		0		cross_immune_lineage	Absence from another top-50 list is not proof of absent expression.
ATP1B3	3	2	3	2	2	Dendritic;Macrophage	DC CXCL2+/CD14+/CD1C-;Macrophage IL1B+;Macrophage RETN+/VCAN+	Dendritic cell;Inflammatory macrophage	DC;Macrophage	0.763291275695989	93.3099680445315	1.88133995740942	19	D. Shared/functional markers	False		0		cross_immune_lineage	Absence from another top-50 list is not proof of absent expression.
ATP2B1	2	2	2	2	2	Macrophage;Monocyte	Macrophage IL1B+;Monocytes CD14+	Inflammatory macrophage;Monocyte	Macrophage;Monocyte	0.710622729105602	80.0399042298484	1.85706734803624	28	D. Shared/functional markers	False		0		cross_immune_lineage	Absence from another top-50 list is not proof of absent expression.
ATP6V0B	1	1	1	1	1	Macrophage	Macrophage CHI3L1+/CD9 hi/	Inflammatory macrophage	Macrophage	0.732361135340066	91.238813000471	2.27241377128721	35	D. Shared/functional markers	False		1	Ionocyte	immune_and_nonimmune_overlap	Absence from another top-50 list is not proof of absent expression.
ATP6V1F	2	1	2	1	1	Macrophage	Macrophage CHI3L1+/CD9 hi/;Macrophage RETN+/VCAN+	Inflammatory macrophage	Macrophage	0.754127017874615	93.6845537881807	2.35788462490191	20	B. Extended lineage markers;C. State-associated markers	True		0		not_observed_in_other_atlas_top50_lists	Absence from another top-50 list is not proof of absent expression.
ATP8B4	1	1	1	1	1	NK	Activated NK XCL1+	Activated NK	NK	0.696086907810806	45.7323498419389	1.24703258201271	35	B. Extended lineage markers	False		0		not_observed_in_other_atlas_top50_lists	Absence from another top-50 list is not proof of absent expression.
ATXN1	2	1	2	2	1	T cell	CD8+ Naive T;helper T CD4+	CD4 T;CD8 T	T	0.804102235658405	86.8847043277172	2.36653689779851	18	B. Extended lineage markers	True		0		not_observed_in_other_atlas_top50_lists	Absence from another top-50 list is not proof of absent expression.
AUTS2	1	1	1	1	1	Dendritic	DC1 CLEC9A+	Dendritic cell	DC	0.833253301411131	75.4451733833177	1.9974562000472	34	B. Extended lineage markers	False		0		not_observed_in_other_atlas_top50_lists	Absence from another top-50 list is not proof of absent expression.
AXL	2	1	2	1	1	Dendritic	DC2 C1QC+;DC2 CLEC10A+	Dendritic cell	DC	0.812233784124354	77.9262086513995	2.38920776010075	20	B. Extended lineage markers;C. State-associated markers	True		0		not_observed_in_other_atlas_top50_lists	Absence from another top-50 list is not proof of absent expression.
BACE2	1	1	1	1	1	Basophil/Mast	Basophil/Mast	Mast/Basophil	Mast/Basophil	0.667526422193021	43.3978494623656	0.902645447161382	48	D. Shared/functional markers	False		1	Bronchial Vessel	immune_and_nonimmune_overlap	Absence from another top-50 list is not proof of absent expression.
BACH2	4	3	4	3	3	B/Plasma;NK;T cell	Activated NK XCL1+;B cell;B cell LRMP+;helper T CD4+ CDR7+	Activated NK;B;CD4 T	B;NK;T	0.968538325226351	94.9367088607595	4.0837395412613	3	D. Shared/functional markers	False		0		cross_immune_lineage	Absence from another top-50 list is not proof of absent expression.
BANK1	1	1	1	1	1	B/Plasma	B cell	B	B	0.911737745600453	84.1340639734931	5.79464379752676	1	A. Lineage-core	True		0		not_observed_in_other_atlas_top50_lists	Absence from another top-50 list is not proof of absent expression.
BASP1	1	1	1	1	1	Macrophage	Macrophage IL1B+	Inflammatory macrophage	Macrophage	0.688866854998377	68.8422866992244	1.30510477071844	29	B. Extended lineage markers	False		0		not_observed_in_other_atlas_top50_lists	Absence from another top-50 list is not proof of absent expression.
BATF	4	2	4	3	2	Basophil/Mast;T cell	Basophil/Mast;T CD4+ JUN+;T regulatory;helper T CD4+	CD4 T;Mast/Basophil;Regulatory T	Mast/Basophil;T	0.822228446692012	70.1729780271155	3.67360805820287	5	D. Shared/functional markers	False		0		cross_immune_lineage	Absence from another top-50 list is not proof of absent expression.
BCAS4	1	1	1	1	1	Macrophage FABP4+	Macrophage FABP4+/PDE4C+	Alveolar/resident macrophage	Macrophage	0.798324794084671	84.1620626151013	1.03936791879413	30	B. Extended lineage markers	True		0		not_observed_in_other_atlas_top50_lists	Absence from another top-50 list is not proof of absent expression.
BCL11A	3	2	3	2	2	B/Plasma;pDC	B cell;B cell LRMP+;pDC	B;pDC	B;DC	0.909275060746022	84.8101265822785	3.91877585814468	15	D. Shared/functional markers	False		0		cross_immune_lineage	Absence from another top-50 list is not proof of absent expression.
BCL11B	5	1	5	3	1	T cell	Cytotoxic T;T CD4+ JUN+;T regulatory;helper T CD4+;helper T CD4+ CDR7+	CD4 T;Cytotoxic T;Regulatory T	T	0.772213238462263	58.5601719197708	3.44535259480567	9	A. Lineage-core	True		0		not_observed_in_other_atlas_top50_lists	Absence from another top-50 list is not proof of absent expression.
BCL2	1	1	1	1	1	T cell	T regulatory	Regulatory T	T	0.718019521963288	57.5970079476391	0.998817311513085	44	B. Extended lineage markers	False		0		not_observed_in_other_atlas_top50_lists	Absence from another top-50 list is not proof of absent expression.
BCL2A1	1	1	1	1	1	Macrophage	Macrophage IL1B+	Inflammatory macrophage	Macrophage	0.680842730220548	69.2329790290147	1.47694389698161	35	B. Extended lineage markers	False		0		not_observed_in_other_atlas_top50_lists	Absence from another top-50 list is not proof of absent expression.
BCL7A	1	1	1	1	1	B/Plasma	B cell LRMP+	B	B	0.889034741937172	81.0126582278481	2.95096933053265	48	B. Extended lineage markers	False		0		not_observed_in_other_atlas_top50_lists	Absence from another top-50 list is not proof of absent expression.
BIRC3	2	2	2	2	2	Basophil/Mast;Dendritic	Basophil/Mast;DC LAMP3+/CCR7+	Dendritic cell;Mast/Basophil	DC;Mast/Basophil	0.965836833354224	97.1973094170404	2.61506992520101	1	D. Shared/functional markers	False		0		cross_immune_lineage	Absence from another top-50 list is not proof of absent expression.
BLK	1	1	1	1	1	B/Plasma	B cell	B	B	0.783408312976461	56.9899324582643	6.2005479580032	18	A. Lineage-core	True		0		not_observed_in_other_atlas_top50_lists	Absence from another top-50 list is not proof of absent expression.
BRI3	1	1	1	1	1	Macrophage	Macrophage CHI3L1+/CD9 hi/	Inflammatory macrophage	Macrophage	0.738093915224951	90.7134316460741	2.53859321381294	31	B. Extended lineage markers	False		0		not_observed_in_other_atlas_top50_lists	Absence from another top-50 list is not proof of absent expression.
C10orf11	1	1	1	1	1	Macrophage FABP4+	Macrophage FABP4+/PDE4C+	Alveolar/resident macrophage	Macrophage	0.786874207448313	86.9244935543278	0.549461406209454	45	B. Extended lineage markers	False		0		not_observed_in_other_atlas_top50_lists	Absence from another top-50 list is not proof of absent expression.
C10orf54	3	2	3	2	2	Dendritic;Monocyte	DC2 C1QC+;Monocytes CD14+/IL1B;Monocytes CD16+	Dendritic cell;Monocyte	DC;Monocyte	0.752645398122671	68.2569974554707	2.32863221969338	11	D. Shared/functional markers	False		0		cross_immune_lineage	Absence from another top-50 list is not proof of absent expression.
C12orf75	1	1	1	1	1	pDC	pDC	pDC	DC	0.872411836239344	81.7218543046358	1.37052085272277	17	D. Shared/functional markers	False		1	Ciliated	immune_and_nonimmune_overlap	Absence from another top-50 list is not proof of absent expression.
C15orf48	3	2	3	2	2	Dendritic;Macrophage	DC2 CD1A+/CD1E+;Macrophage IL1B+;Macrophage RETN+/VCAN+	Dendritic cell;Inflammatory macrophage	DC;Macrophage	0.931020800100524	95.1690821256039	2.60273909363007	10	D. Shared/functional markers	False		0		cross_immune_lineage	Absence from another top-50 list is not proof of absent expression.
C1QA	5	3	5	2	2	Dendritic;Macrophage;Macrophage FABP4+	DC2 C1QC+;Macrophage C1Q hi;Macrophage FABP4+;Macrophage FABP4+/PDE4C+;Macrophage LYVE1+	Alveolar/resident macrophage;Dendritic cell	DC;Macrophage	0.929522341985941	100.0	5.22878704287817	1	D. Shared/functional markers	False		0		cross_immune_lineage	Absence from another top-50 list is not proof of absent expression.
C1QB	5	3	5	2	2	Dendritic;Macrophage;Macrophage FABP4+	DC2 C1QC+;Macrophage C1Q hi;Macrophage FABP4+;Macrophage FABP4+/PDE4C+;Macrophage LYVE1+	Alveolar/resident macrophage;Dendritic cell	DC;Macrophage	0.917652757763843	99.3377483443709	5.24877934784387	3	D. Shared/functional markers	False		0		cross_immune_lineage	Absence from another top-50 list is not proof of absent expression.
C1QC	5	3	5	2	2	Dendritic;Macrophage;Macrophage FABP4+	DC2 C1QC+;Macrophage C1Q hi;Macrophage FABP4+;Macrophage FABP4+/PDE4C+;Macrophage LYVE1+	Alveolar/resident macrophage;Dendritic cell	DC;Macrophage	0.881824014682729	98.0132450331126	4.72717204815202	3	D. Shared/functional markers	False		0		cross_immune_lineage	Absence from another top-50 list is not proof of absent expression.
C1orf162	2	2	2	2	2	Dendritic;Macrophage FABP4+	DC CXCL2+/CD14+/CD1C-;Macrophage FABP4+	Alveolar/resident macrophage;Dendritic cell	DC;Macrophage	0.820441653959004	88.3261511077802	4.01290189104729	29	D. Shared/functional markers	False		0		cross_immune_lineage	Absence from another top-50 list is not proof of absent expression.
C1orf186	2	2	2	2	2	Basophil/Mast;pDC	Basophil/Mast;pDC	Mast/Basophil;pDC	DC;Mast/Basophil	0.906972232901769	82.1192052980132	4.47143566195731	6	D. Shared/functional markers	False		0		cross_immune_lineage	Absence from another top-50 list is not proof of absent expression.
C1orf54	1	1	1	1	1	Dendritic	DC1 CLEC9A+	Dendritic cell	DC	0.909416327744886	85.8481724461106	3.01116270913909	5	C. State-associated markers	True		0		not_observed_in_other_atlas_top50_lists	Absence from another top-50 list is not proof of absent expression.
C5AR1	7	3	7	4	3	Dendritic;Macrophage;Monocyte	DC CXCL2+/CD14+/CD1C-;Macrophage IL1B+;Macrophage LYVE1+;Macrophage RETN+/VCAN+;Monocytes CD14+;Monocytes CD14+/IL1B;Monocytes CD16+	Alveolar/resident macrophage;Dendritic cell;Inflammatory macrophage;Monocyte	DC;Macrophage;Monocyte	0.780940704584619	89.4039735099338	2.19279958679245	13	D. Shared/functional markers	False		0		cross_immune_lineage	Absence from another top-50 list is not proof of absent expression.
CADM1	1	1	1	1	1	Dendritic	DC1 CLEC9A+	Dendritic cell	DC	0.867816575409559	80.3186504217432	2.33107145432134	19	D. Shared/functional markers	False		1	AT1	immune_and_nonimmune_overlap	Absence from another top-50 list is not proof of absent expression.
CAMK4	4	1	4	2	1	T cell	CD8+ Naive T;T CD4+ JUN+;helper T CD4+;helper T CD4+ CDR7+	CD4 T;CD8 T	T	0.748246099452604	53.0558308556326	3.66716315954206	24	B. Extended lineage markers	True		0		not_observed_in_other_atlas_top50_lists	Absence from another top-50 list is not proof of absent expression.
CAPG	1	1	1	1	1	Macrophage	Macrophage CHI3L1+/CD9 hi/	Inflammatory macrophage	Macrophage	0.763913401468577	89.7423819703612	2.7579605959879	14	C. State-associated markers	True		0		not_observed_in_other_atlas_top50_lists	Absence from another top-50 list is not proof of absent expression.
CARD11	2	1	2	2	1	NK	Activated NK XCL1+;NK	Activated NK;NK	NK	0.816921389796695	68.0196997378664	4.54227332393349	19	B. Extended lineage markers	True		0		not_observed_in_other_atlas_top50_lists	Absence from another top-50 list is not proof of absent expression.
CBLB	6	2	6	5	2	NK;T cell	Activated NK XCL1+;CD8+ Naive T;Cytotoxic T;NK;T CD4+ JUN+;helper T CD4+	Activated NK;CD4 T;CD8 T;Cytotoxic T;NK	NK;T	0.846462960842614	86.1217948717949	2.661260895116	7	D. Shared/functional markers	False		0		cross_immune_lineage	Absence from another top-50 list is not proof of absent expression.
CCL17	1	1	1	1	1	Dendritic	DC2 CLEC10A+	Dendritic cell	DC	0.742842025555636	50.3582395087001	5.26867400232249	43	B. Extended lineage markers	False		0		not_observed_in_other_atlas_top50_lists	Absence from another top-50 list is not proof of absent expression.
CCL18	2	1	2	2	1	Macrophage	Macrophage C1Q hi;Macrophage CHI3L1+/CD9 hi/	Alveolar/resident macrophage;Inflammatory macrophage	Macrophage	0.730028236894862	73.3613536722345	2.68215512573481	28	B. Extended lineage markers	False		0		not_observed_in_other_atlas_top50_lists	Absence from another top-50 list is not proof of absent expression.
CCL20	1	1	1	1	1	Macrophage	Macrophage IL1B+	Inflammatory macrophage	Macrophage	0.791314292842893	69.1180695202528	3.63957341588925	5	C. State-associated markers	True		0		not_observed_in_other_atlas_top50_lists	Absence from another top-50 list is not proof of absent expression.
CCL22	1	1	1	1	1	Dendritic	DC LAMP3+/CCR7+	Dendritic cell	DC	0.847836360186569	70.1793721973094	5.17696793521287	24	C. State-associated markers	True		0		not_observed_in_other_atlas_top50_lists	Absence from another top-50 list is not proof of absent expression.
CCL4	4	2	4	4	2	NK;T cell	CD8+ Naive T;Cytotoxic T;NK;T CD4+ JUN+	CD4 T;CD8 T;Cytotoxic T;NK	NK;T	0.873995097058259	85.8288982444992	4.05053108969308	8	D. Shared/functional markers	False		0		cross_immune_lineage	Absence from another top-50 list is not proof of absent expression.
CCL5	5	2	5	4	2	NK;T cell	CD8+ Naive T;Cytotoxic T;NK;T CD4+ JUN+;helper T CD4+	CD4 T;CD8 T;Cytotoxic T;NK	NK;T	0.953293788472815	95.98850701735	4.0502853785929	1	D. Shared/functional markers	False	cytotoxicity	0		cross_immune_lineage	Absence from another top-50 list is not proof of absent expression.
CCND3	2	1	2	2	1	NK	Activated NK XCL1+;NK	Activated NK;NK	NK	0.706622469778096	72.8095956787672	2.00617098340252	34	B. Extended lineage markers	False		0		not_observed_in_other_atlas_top50_lists	Absence from another top-50 list is not proof of absent expression.
CCR7	1	1	1	1	1	Dendritic	DC LAMP3+/CCR7+	Dendritic cell	DC	0.940374449930571	88.9013452914798	4.33673082228469	3	C. State-associated markers	True		0		not_observed_in_other_atlas_top50_lists	Absence from another top-50 list is not proof of absent expression.
CCSER1	1	1	1	1	1	Macrophage FABP4+	Macrophage FABP4+/PDE4C+	Alveolar/resident macrophage	Macrophage	0.804127979736447	91.7127071823204	0.619474201673388	23	C. State-associated markers	True		0		not_observed_in_other_atlas_top50_lists	Absence from another top-50 list is not proof of absent expression.
CD14	5	3	5	3	3	Dendritic;Macrophage;Monocyte	DC CXCL2+/CD14+/CD1C-;Macrophage C1Q hi;Macrophage LYVE1+;Monocytes CD14+;Monocytes CD14+/IL1B	Alveolar/resident macrophage;Dendritic cell;Monocyte	DC;Macrophage;Monocyte	0.789869435959991	82.4503311258278	1.81546275558272	9	D. Shared/functional markers	False		0		cross_immune_lineage	Absence from another top-50 list is not proof of absent expression.
CD163	1	1	1	1	1	Macrophage	Macrophage LYVE1+	Alveolar/resident macrophage	Macrophage	0.728181447184697	77.4834437086093	-1.15916979962428	44	B. Extended lineage markers	False		0		not_observed_in_other_atlas_top50_lists	Absence from another top-50 list is not proof of absent expression.
CD163L1	3	2	3	1	1	Macrophage;Macrophage FABP4+	Macrophage C1Q hi;Macrophage FABP4+/PDE4C+;Macrophage LYVE1+	Alveolar/resident macrophage	Macrophage	0.798397837284578	78.1456953642384	2.54860838190238	7	B. Extended lineage markers;C. State-associated markers	True		0		not_observed_in_other_atlas_top50_lists	Absence from another top-50 list is not proof of absent expression.
CD1A	1	1	1	1	1	Dendritic	DC2 CD1A+/CD1E+	Dendritic cell	DC	0.976346093833793	95.4106280193237	6.68155633054432	2	C. State-associated markers	True		0		not_observed_in_other_atlas_top50_lists	Absence from another top-50 list is not proof of absent expression.
CD1C	2	1	2	1	1	Dendritic	DC2 CD1A+/CD1E+;DC2 CLEC10A+	Dendritic cell	DC	0.909048291991554	83.0917874396135	4.96193415010788	16	B. Extended lineage markers;C. State-associated markers	True		0		not_observed_in_other_atlas_top50_lists	Absence from another top-50 list is not proof of absent expression.
CD1E	1	1	1	1	1	Dendritic	DC2 CD1A+/CD1E+	Dendritic cell	DC	0.952958136975676	91.304347826087	4.15457563081417	5	C. State-associated markers	True		0		not_observed_in_other_atlas_top50_lists	Absence from another top-50 list is not proof of absent expression.
CD2	6	1	6	4	1	T cell	CD8+ Naive T;Cytotoxic T;T CD4+ JUN+;T regulatory;helper T CD4+;helper T CD4+ CDR7+	CD4 T;CD8 T;Cytotoxic T;Regulatory T	T	0.826770181894898	70.7547169811321	3.17751840831952	5	A. Lineage-core	True		0		not_observed_in_other_atlas_top50_lists	Absence from another top-50 list is not proof of absent expression.
CD207	1	1	1	1	1	Dendritic	DC2 CD1A+/CD1E+	Dendritic cell	DC	0.898968816508661	79.951690821256	6.12567535928176	19	C. State-associated markers	True		0		not_observed_in_other_atlas_top50_lists	Absence from another top-50 list is not proof of absent expression.
CD22	1	1	1	1	1	B/Plasma	B cell LRMP+	B	B	0.916288570950141	84.8101265822785	3.92732477693696	24	C. State-associated markers	True		0		not_observed_in_other_atlas_top50_lists	Absence from another top-50 list is not proof of absent expression.
CD247	5	2	5	5	2	NK;T cell	Activated NK XCL1+;Cytotoxic T;NK;T regulatory;helper T CD4+ CDR7+	Activated NK;CD4 T;Cytotoxic T;NK;Regulatory T	NK;T	0.955660557731818	93.4228294542855	5.54928212375739	1	D. Shared/functional markers	False		0		cross_immune_lineage	Absence from another top-50 list is not proof of absent expression.
CD2AP	1	1	1	1	1	pDC	pDC	pDC	DC	0.867037667204148	82.2516556291391	1.88768790770585	20	D. Shared/functional markers	False		1	Ionocyte	immune_and_nonimmune_overlap	Absence from another top-50 list is not proof of absent expression.
CD300E	3	1	3	1	1	Monocyte	Monocytes CD14+;Monocytes CD14+/IL1B;Monocytes CD16+	Monocyte	Monocyte	0.747322372586216	57.8451715881884	3.06633641511053	16	A. Lineage-core	True		0		not_observed_in_other_atlas_top50_lists	Absence from another top-50 list is not proof of absent expression.
CD37	1	1	1	1	1	B/Plasma	B cell	B	B	0.74055372074275	83.0126162864789	1.44109067023455	32	B. Extended lineage markers	False		0		not_observed_in_other_atlas_top50_lists	Absence from another top-50 list is not proof of absent expression.
CD38	1	1	1	1	1	B/Plasma	Plasma B	Plasma	Plasma	0.675993823127706	42.1314741035857	2.15902771291628	43	B. Extended lineage markers	False		0		not_observed_in_other_atlas_top50_lists	Absence from another top-50 list is not proof of absent expression.
CD3D	6	1	6	4	1	T cell	CD8+ Naive T;Cytotoxic T;T CD4+ JUN+;T regulatory;helper T CD4+;helper T CD4+ CDR7+	CD4 T;CD8 T;Cytotoxic T;Regulatory T	T	0.853049350818653	75.1906287987623	3.89022347067022	3	A. Lineage-core	True		0		not_observed_in_other_atlas_top50_lists	Absence from another top-50 list is not proof of absent expression.
CD3E	6	1	6	4	1	T cell	CD8+ Naive T;Cytotoxic T;T CD4+ JUN+;T regulatory;helper T CD4+;helper T CD4+ CDR7+	CD4 T;CD8 T;Cytotoxic T;Regulatory T	T	0.790936854697671	62.8301886792453	3.75210620092581	9	A. Lineage-core	True		0		not_observed_in_other_atlas_top50_lists	Absence from another top-50 list is not proof of absent expression.
CD3G	2	1	2	2	1	T cell	Cytotoxic T;T CD4+ JUN+	CD4 T;Cytotoxic T	T	0.750368692767455	53.0003315283457	4.03087704901647	29	A. Lineage-core	True		0		not_observed_in_other_atlas_top50_lists	Absence from another top-50 list is not proof of absent expression.
CD44	2	1	2	1	1	Macrophage	Macrophage IL1B+;Macrophage RETN+/VCAN+	Inflammatory macrophage	Macrophage	0.690196782172158	93.3604082614156	2.04820014028803	26	B. Extended lineage markers	False		0		not_observed_in_other_atlas_top50_lists	Absence from another top-50 list is not proof of absent expression.
CD48	1	1	1	1	1	Monocyte	Monocytes CD16+	Monocyte	Monocyte	0.694238390359414	52.1927630481908	2.23923251764009	47	B. Extended lineage markers	False		0		not_observed_in_other_atlas_top50_lists	Absence from another top-50 list is not proof of absent expression.
CD52	2	1	2	1	1	Macrophage FABP4+	Macrophage FABP4+;Macrophage FABP4+/PDE4C+	Alveolar/resident macrophage	Macrophage	0.875388364783119	95.2796383905569	4.6775858808871	8	B. Extended lineage markers;C. State-associated markers	True		0		not_observed_in_other_atlas_top50_lists	Absence from another top-50 list is not proof of absent expression.
CD6	1	1	1	1	1	T cell	helper T CD4+ CDR7+	CD4 T	T	0.700120018043318	43.6067335243553	2.92451897653932	48	B. Extended lineage markers	False		0		not_observed_in_other_atlas_top50_lists	Absence from another top-50 list is not proof of absent expression.
CD63	1	1	1	1	1	Macrophage	Macrophage CHI3L1+/CD9 hi/	Inflammatory macrophage	Macrophage	0.725934073478651	98.0289140910903	2.28502780656988	40	B. Extended lineage markers	False		0		not_observed_in_other_atlas_top50_lists	Absence from another top-50 list is not proof of absent expression.
CD69	9	4	9	7	4	B/Plasma;Basophil/Mast;NK;T cell	Activated NK XCL1+;B cell;Basophil/Mast;CD8+ Naive T;Cytotoxic T;NK;T CD4+ JUN+;helper T CD4+;helper T CD4+ CDR7+	Activated NK;B;CD4 T;CD8 T;Cytotoxic T;Mast/Basophil;NK	B;Mast/Basophil;NK;T	0.895304962850002	88.9622641509434	2.84312492895797	1	D. Shared/functional markers	False		0		cross_immune_lineage	Absence from another top-50 list is not proof of absent expression.
CD7	4	2	4	4	2	NK;T cell	Activated NK XCL1+;CD8+ Naive T;NK;T regulatory	Activated NK;CD8 T;NK;Regulatory T	NK;T	0.839800875377296	72.0549686234014	4.43283922134566	5	D. Shared/functional markers	False		0		cross_immune_lineage	Absence from another top-50 list is not proof of absent expression.
CD74	7	2	7	2	2	Dendritic;Macrophage FABP4+	DC CXCL2+/CD14+/CD1C-;DC1 CLEC9A+;DC2 C1QC+;DC2 CD1A+/CD1E+;DC2 CLEC10A+;Macrophage FABP4+;Macrophage FABP4+/PDE4C+	Alveolar/resident macrophage;Dendritic cell	DC;Macrophage	0.92106667109933	100.0	3.76850653085434	5	D. Shared/functional markers	False	antigen_presentation	0		cross_immune_lineage	Absence from another top-50 list is not proof of absent expression.
CD79A	3	1	3	2	2	B/Plasma	B cell;B cell LRMP+;Plasma B	B;Plasma	B;Plasma	0.931265819649102	87.3417721518987	6.50599697079859	4	D. Shared/functional markers	False		0		cross_immune_lineage	Absence from another top-50 list is not proof of absent expression.
CD79B	2	1	2	1	1	B/Plasma	B cell;B cell LRMP+	B	B	0.932162446663314	87.3417721518987	4.55977588510889	14	A. Lineage-core	True		0		not_observed_in_other_atlas_top50_lists	Absence from another top-50 list is not proof of absent expression.
CD83	5	2	5	2	2	B/Plasma;Dendritic	B cell;DC LAMP3+/CCR7+;DC1 CLEC9A+;DC2 CD1A+/CD1E+;DC2 CLEC10A+	B;Dendritic cell	B;DC	0.913686164292538	96.3004484304933	1.6324460290092	8	D. Shared/functional markers	False		0		cross_immune_lineage	Absence from another top-50 list is not proof of absent expression.
CD84	1	1	1	1	1	Macrophage	Macrophage CHI3L1+/CD9 hi/	Inflammatory macrophage	Macrophage	0.731097373176178	57.7194825899489	3.31637515189763	36	B. Extended lineage markers	False		0		not_observed_in_other_atlas_top50_lists	Absence from another top-50 list is not proof of absent expression.
CD86	4	1	4	1	1	Dendritic	DC CXCL2+/CD14+/CD1C-;DC2 C1QC+;DC2 CD1A+/CD1E+;DC2 CLEC10A+	Dendritic cell	DC	0.879257392511905	90.3381642512077	1.73974183550604	15	B. Extended lineage markers;C. State-associated markers	True		0		not_observed_in_other_atlas_top50_lists	Absence from another top-50 list is not proof of absent expression.
CD8A	2	1	2	2	1	T cell	CD8+ Naive T;Cytotoxic T	CD8 T;Cytotoxic T	T	0.744534023808473	50.9775641025641	4.60458380085938	40	B. Extended lineage markers	False		0		not_observed_in_other_atlas_top50_lists	Absence from another top-50 list is not proof of absent expression.
CD93	1	1	1	1	1	Monocyte	Monocytes CD14+	Monocyte	Monocyte	0.678956342713039	46.0574620909816	1.94421028151221	49	D. Shared/functional markers	False		4	Artery;Bronchial Vessel;Bronchial Vessel CXCL12+;Capillary	immune_and_nonimmune_overlap	Absence from another top-50 list is not proof of absent expression.
CD96	5	2	5	3	2	NK;T cell	Activated NK XCL1+;CD8+ Naive T;T CD4+ JUN+;helper T CD4+;helper T CD4+ CDR7+	Activated NK;CD4 T;CD8 T	NK;T	0.803699368613389	65.4443343244136	3.67429856901748	11	D. Shared/functional markers	False		0		cross_immune_lineage	Absence from another top-50 list is not proof of absent expression.
CDC14A	2	1	2	2	1	T cell	CD8+ Naive T;helper T CD4+ CDR7+	CD4 T;CD8 T	T	0.7334651896257	55.7692307692308	3.00220371735519	32	B. Extended lineage markers	False		0		not_observed_in_other_atlas_top50_lists	Absence from another top-50 list is not proof of absent expression.
CDC42SE2	7	2	7	5	2	B/Plasma;T cell	B cell;CD8+ Naive T;Cytotoxic T;T CD4+ JUN+;T regulatory;helper T CD4+;helper T CD4+ CDR7+	B;CD4 T;CD8 T;Cytotoxic T;Regulatory T	B;T	0.818983122759055	85.7945160224645	2.30050480294382	15	D. Shared/functional markers	False		0		cross_immune_lineage	Absence from another top-50 list is not proof of absent expression.
CDYL	1	1	1	1	1	pDC	pDC	pDC	DC	0.839664629478282	78.6754966887417	1.9812010517077	28	B. Extended lineage markers	True		0		not_observed_in_other_atlas_top50_lists	Absence from another top-50 list is not proof of absent expression.
CEBPB	1	1	1	1	1	Macrophage	Macrophage IL1B+	Inflammatory macrophage	Macrophage	0.671715009151781	93.0939385234128	1.07586463445616	41	B. Extended lineage markers	False		0		not_observed_in_other_atlas_top50_lists	Absence from another top-50 list is not proof of absent expression.
CERS6	2	2	2	2	1	Dendritic;pDC	DC LAMP3+/CCR7+;pDC	Dendritic cell;pDC	DC	0.921042895513058	91.1434977578475	2.79258935958558	6	B. Extended lineage markers;C. State-associated markers	True		0		not_observed_in_other_atlas_top50_lists	Absence from another top-50 list is not proof of absent expression.
CFLAR	1	1	1	1	1	Dendritic	DC LAMP3+/CCR7+	Dendritic cell	DC	0.891796039815536	95.1793721973094	0.413967089801481	10	C. State-associated markers	True		0		not_observed_in_other_atlas_top50_lists	Absence from another top-50 list is not proof of absent expression.
CFP	1	1	1	1	1	Monocyte	Monocytes CD14+/IL1B	Monocyte	Monocyte	0.682334054784882	42.2100456621005	2.53489436771423	31	B. Extended lineage markers	False		0		not_observed_in_other_atlas_top50_lists	Absence from another top-50 list is not proof of absent expression.
CHD1	1	1	1	1	1	Monocyte	Monocytes CD16+	Monocyte	Monocyte	0.695167596178957	76.7300316825079	1.46820962448752	46	B. Extended lineage markers	False		0		not_observed_in_other_atlas_top50_lists	Absence from another top-50 list is not proof of absent expression.
CHN2	2	2	2	2	2	Basophil/Mast;Dendritic	Basophil/Mast;DC1 CLEC9A+	Dendritic cell;Mast/Basophil	DC;Mast/Basophil	0.837948281476439	77.6944704779756	1.91393012867078	28	D. Shared/functional markers	False		0		cross_immune_lineage	Absence from another top-50 list is not proof of absent expression.
CKLF	2	1	2	1	1	Dendritic	DC2 C1QC+;DC2 CD1A+/CD1E+	Dendritic cell	DC	0.883336458757586	90.3381642512077	1.01997246279231	24	B. Extended lineage markers;C. State-associated markers	True		0		not_observed_in_other_atlas_top50_lists	Absence from another top-50 list is not proof of absent expression.
CLEC10A	2	1	2	1	1	Dendritic	DC CXCL2+/CD14+/CD1C-;DC2 CLEC10A+	Dendritic cell	DC	0.756759236040337	55.5100648242921	3.50823860863122	26	A. Lineage-core	True		0		not_observed_in_other_atlas_top50_lists	Absence from another top-50 list is not proof of absent expression.
CLEC2D	5	1	5	4	1	T cell	CD8+ Naive T;Cytotoxic T;T CD4+ JUN+;T regulatory;helper T CD4+ CDR7+	CD4 T;CD8 T;Cytotoxic T;Regulatory T	T	0.785459492888101	65.0303880317906	2.57371783374043	13	B. Extended lineage markers;C. State-associated markers	True		0		not_observed_in_other_atlas_top50_lists	Absence from another top-50 list is not proof of absent expression.
CLEC4E	1	1	1	1	1	Monocyte	Monocytes CD14+/IL1B	Monocyte	Monocyte	0.670517179201056	46.4292237442922	1.81100238282374	39	B. Extended lineage markers	False		0		not_observed_in_other_atlas_top50_lists	Absence from another top-50 list is not proof of absent expression.
CLEC7A	3	2	3	2	2	Dendritic;Monocyte	DC CXCL2+/CD14+/CD1C-;Monocytes CD14+/IL1B;Monocytes CD16+	Dendritic cell;Monocyte	DC;Monocyte	0.762183912568213	83.3728481599835	1.5595136785351	21	D. Shared/functional markers	False		0		cross_immune_lineage	Absence from another top-50 list is not proof of absent expression.
CLEC9A	1	1	1	1	1	Dendritic	DC1 CLEC9A+	Dendritic cell	DC	0.890341904791438	78.3505154639175	5.39897076539691	11	C. State-associated markers	True		0		not_observed_in_other_atlas_top50_lists	Absence from another top-50 list is not proof of absent expression.
CLIC2	2	1	2	1	1	Dendritic	DC LAMP3+/CCR7+;DC1 CLEC9A+	Dendritic cell	DC	0.867211267122872	80.829596412556	2.04832561276169	19	C. State-associated markers	True		0		not_observed_in_other_atlas_top50_lists	Absence from another top-50 list is not proof of absent expression.
CLIC3	1	1	1	1	1	pDC	pDC	pDC	DC	0.831042664723225	71.523178807947	2.13389642487153	33	D. Shared/functional markers	False		1	AT1	immune_and_nonimmune_overlap	Absence from another top-50 list is not proof of absent expression.
CLN8	1	1	1	1	1	pDC	pDC	pDC	DC	0.837435879003157	80.2649006622517	1.3603314241337	30	B. Extended lineage markers	True		0		not_observed_in_other_atlas_top50_lists	Absence from another top-50 list is not proof of absent expression.
CLNK	1	1	1	1	1	Dendritic	DC1 CLEC9A+	Dendritic cell	DC	0.832515987693358	67.4789128397376	4.43346389827576	37	D. Shared/functional markers	False		1	Ionocyte	immune_and_nonimmune_overlap	Absence from another top-50 list is not proof of absent expression.
CLU	1	1	1	1	1	Basophil/Mast	Basophil/Mast	Mast/Basophil	Mast/Basophil	0.740696150646748	70.2795698924731	-0.304354295712223	21	D. Shared/functional markers	False		8	Adventital fibroblast;Bronchial Vessel SELE+;Lipofibroblast;Lymphatic;Mesothelial;Mucous;Peribronchial;Vein	immune_and_nonimmune_overlap	Absence from another top-50 list is not proof of absent expression.
CMC1	1	1	1	1	1	NK	NK	NK	NK	0.712704208957707	60.8467709905473	2.95727960949284	47	B. Extended lineage markers	False		0		not_observed_in_other_atlas_top50_lists	Absence from another top-50 list is not proof of absent expression.
CNOT6L	8	2	8	6	2	NK;T cell	Activated NK XCL1+;CD8+ Naive T;Cytotoxic T;NK;T CD4+ JUN+;T regulatory;helper T CD4+;helper T CD4+ CDR7+	Activated NK;CD4 T;CD8 T;Cytotoxic T;NK;Regulatory T	NK;T	0.897861721593601	91.1793855302279	3.10645742596622	2	D. Shared/functional markers	False		0		cross_immune_lineage	Absence from another top-50 list is not proof of absent expression.
COBLL1	1	1	1	1	1	B/Plasma	Plasma B	Plasma	Plasma	0.67284157995606	45.0199203187251	1.81388450612168	47	B. Extended lineage markers	False		0		not_observed_in_other_atlas_top50_lists	Absence from another top-50 list is not proof of absent expression.
CORO1A	4	3	4	3	3	Dendritic;Monocyte;T cell	DC2 C1QC+;Monocytes CD14+/IL1B;Monocytes CD16+;T CD4+ JUN+	CD4 T;Dendritic cell;Monocyte	DC;Monocyte;T	0.771836014012306	70.9287531806616	1.93801436241951	21	D. Shared/functional markers	False		0		cross_immune_lineage	Absence from another top-50 list is not proof of absent expression.
CORO1C	1	1	1	1	1	pDC	pDC	pDC	DC	0.811643067573081	88.2119205298013	0.623407686692924	45	B. Extended lineage markers	False		0		not_observed_in_other_atlas_top50_lists	Absence from another top-50 list is not proof of absent expression.
COTL1	4	2	4	2	2	Dendritic;Monocyte	DC2 C1QC+;DC2 CLEC10A+;Monocytes CD14+/IL1B;Monocytes CD16+	Dendritic cell;Monocyte	DC;Monocyte	0.782854919726532	92.2461230615308	1.95897404131577	9	D. Shared/functional markers	False		0		cross_immune_lineage	Absence from another top-50 list is not proof of absent expression.
CPA3	1	1	1	1	1	Basophil/Mast	Basophil/Mast	Mast/Basophil	Mast/Basophil	0.941454337811848	88.3870967741936	8.10222630037855	3	A. Lineage-core	True		0		not_observed_in_other_atlas_top50_lists	Absence from another top-50 list is not proof of absent expression.
CPM	2	1	2	2	1	Macrophage	Macrophage C1Q hi;Macrophage CHI3L1+/CD9 hi/	Alveolar/resident macrophage;Inflammatory macrophage	Macrophage	0.725636317171944	75.973767165477	2.43805754492213	36	B. Extended lineage markers	False		0		not_observed_in_other_atlas_top50_lists	Absence from another top-50 list is not proof of absent expression.
CPNE3	1	1	1	1	1	Dendritic	DC1 CLEC9A+	Dendritic cell	DC	0.872970895732676	85.4732895970009	1.487582882047	18	C. State-associated markers	True		0		not_observed_in_other_atlas_top50_lists	Absence from another top-50 list is not proof of absent expression.
CPNE5	1	1	1	1	1	B/Plasma	Plasma B	Plasma	Plasma	0.681819299504939	37.2509960159363	4.06706092735918	39	B. Extended lineage markers	False		0		not_observed_in_other_atlas_top50_lists	Absence from another top-50 list is not proof of absent expression.
CPVL	2	1	2	1	1	Dendritic	DC CXCL2+/CD14+/CD1C-;DC1 CLEC9A+	Dendritic cell	DC	0.901308968731027	90.3467666354264	1.76318759775696	6	B. Extended lineage markers;C. State-associated markers	True		0		not_observed_in_other_atlas_top50_lists	Absence from another top-50 list is not proof of absent expression.
CREB3L2	2	2	2	2	2	B/Plasma;pDC	Plasma B;pDC	Plasma;pDC	DC;Plasma	0.80538652437239	71.9205298013245	2.30516988064689	24	D. Shared/functional markers	False		0		cross_immune_lineage	Absence from another top-50 list is not proof of absent expression.
CREM	1	1	1	1	1	Dendritic	DC CXCL2+/CD14+/CD1C-	Dendritic cell	DC	0.725667785986235	72.7656942583239	1.46877244374441	35	B. Extended lineage markers	False		0		not_observed_in_other_atlas_top50_lists	Absence from another top-50 list is not proof of absent expression.
CRIP1	1	1	1	1	1	Macrophage FABP4+	Macrophage FABP4+/PDE4C+	Alveolar/resident macrophage	Macrophage	0.808087598249782	98.158379373849	0.347015488661951	22	C. State-associated markers	True		0		not_observed_in_other_atlas_top50_lists	Absence from another top-50 list is not proof of absent expression.
CSF1R	2	1	2	1	1	Dendritic	DC CXCL2+/CD14+/CD1C-;DC2 C1QC+	Dendritic cell	DC	0.81632767355482	77.0356234096692	1.97055964172553	18	B. Extended lineage markers;C. State-associated markers	True		0		not_observed_in_other_atlas_top50_lists	Absence from another top-50 list is not proof of absent expression.
CSF2RA	5	1	5	1	1	Dendritic	DC CXCL2+/CD14+/CD1C-;DC LAMP3+/CCR7+;DC1 CLEC9A+;DC2 C1QC+;DC2 CLEC10A+	Dendritic cell	DC	0.963844438383608	97.7578475336323	2.61861909796771	2	B. Extended lineage markers;C. State-associated markers	True		0		not_observed_in_other_atlas_top50_lists	Absence from another top-50 list is not proof of absent expression.
CSF3R	2	1	2	1	1	Monocyte	Monocytes CD14+;Monocytes CD14+/IL1B	Monocyte	Monocyte	0.730200540960704	63.013698630137	1.99768327086019	13	B. Extended lineage markers	True		0		not_observed_in_other_atlas_top50_lists	Absence from another top-50 list is not proof of absent expression.
CST3	3	1	3	1	1	Dendritic	DC CXCL2+/CD14+/CD1C-;DC1 CLEC9A+;DC2 C1QC+	Dendritic cell	DC	0.85197590948987	99.8727735368957	1.09165244315502	17	B. Extended lineage markers;C. State-associated markers	True		0		not_observed_in_other_atlas_top50_lists	Absence from another top-50 list is not proof of absent expression.
CST7	4	3	4	3	3	Dendritic;NK;T cell	Cytotoxic T;DC LAMP3+/CCR7+;DC2 CLEC10A+;NK	Cytotoxic T;Dendritic cell;NK	DC;NK;T	0.88771640780173	83.0645801890539	4.19013221245132	6	D. Shared/functional markers	False		0		cross_immune_lineage	Absence from another top-50 list is not proof of absent expression.
CSTA	1	1	1	1	1	Monocyte	Monocytes CD14+/IL1B	Monocyte	Monocyte	0.677092445505316	68.6392694063927	0.860839111248721	32	B. Extended lineage markers	False		0		not_observed_in_other_atlas_top50_lists	Absence from another top-50 list is not proof of absent expression.
CSTB	1	1	1	1	1	Macrophage	Macrophage CHI3L1+/CD9 hi/	Inflammatory macrophage	Macrophage	0.833114071700946	99.1992463495054	3.03341459408497	3	C. State-associated markers	True		0		not_observed_in_other_atlas_top50_lists	Absence from another top-50 list is not proof of absent expression.
CTLA4	1	1	1	1	1	T cell	T regulatory	Regulatory T	T	0.761613668243427	53.2959326788219	3.99651081504449	20	C. State-associated markers	True		0		not_observed_in_other_atlas_top50_lists	Absence from another top-50 list is not proof of absent expression.
CTSB	5	1	5	2	1	Macrophage	Macrophage C1Q hi;Macrophage CHI3L1+/CD9 hi/;Macrophage IL1B+;Macrophage LYVE1+;Macrophage RETN+/VCAN+	Alveolar/resident macrophage;Inflammatory macrophage	Macrophage	0.817739318834102	99.2666452235445	2.66589642878862	1	B. Extended lineage markers;C. State-associated markers	True		0		not_observed_in_other_atlas_top50_lists	Absence from another top-50 list is not proof of absent expression.
CTSC	2	1	2	1	1	Macrophage FABP4+	Macrophage FABP4+;Macrophage FABP4+/PDE4C+	Alveolar/resident macrophage	Macrophage	0.823552132686241	95.9484346224678	4.32282294447082	28	B. Extended lineage markers	True		0		not_observed_in_other_atlas_top50_lists	Absence from another top-50 list is not proof of absent expression.
CTSL	5	1	5	2	1	Macrophage	Macrophage C1Q hi;Macrophage CHI3L1+/CD9 hi/;Macrophage IL1B+;Macrophage LYVE1+;Macrophage RETN+/VCAN+	Alveolar/resident macrophage;Inflammatory macrophage	Macrophage	0.761963829464857	88.7417218543046	3.07925939613994	9	B. Extended lineage markers;C. State-associated markers	True		0		not_observed_in_other_atlas_top50_lists	Absence from another top-50 list is not proof of absent expression.
CTSS	4	2	4	3	2	Macrophage;Monocyte	Macrophage C1Q hi;Macrophage CHI3L1+/CD9 hi/;Monocytes CD14+/IL1B;Monocytes CD16+	Alveolar/resident macrophage;Inflammatory macrophage;Monocyte	Macrophage;Monocyte	0.77550214189258	95.7607159679699	2.48194466552502	11	D. Shared/functional markers	False		0		cross_immune_lineage	Absence from another top-50 list is not proof of absent expression.
CTSW	3	2	3	3	2	NK;T cell	Activated NK XCL1+;Cytotoxic T;NK	Activated NK;Cytotoxic T;NK	NK;T	0.825626619291087	70.5139407419176	4.44786404610236	8	D. Shared/functional markers	False	cytotoxicity	0		cross_immune_lineage	Absence from another top-50 list is not proof of absent expression.
CTSZ	2	1	2	2	1	Macrophage	Macrophage C1Q hi;Macrophage CHI3L1+/CD9 hi/	Alveolar/resident macrophage;Inflammatory macrophage	Macrophage	0.75585397927547	90.2460234066452	2.64431520708261	9	B. Extended lineage markers;C. State-associated markers	True		0		not_observed_in_other_atlas_top50_lists	Absence from another top-50 list is not proof of absent expression.
CXCL16	1	1	1	1	1	Macrophage FABP4+	Macrophage FABP4+	Alveolar/resident macrophage	Macrophage	0.810032697606634	84.3060564897653	4.29238307355405	37	B. Extended lineage markers	False		0		not_observed_in_other_atlas_top50_lists	Absence from another top-50 list is not proof of absent expression.
CXCL2	1	1	1	1	1	Macrophage	Macrophage IL1B+	Inflammatory macrophage	Macrophage	0.826748851932941	91.8471703533467	2.13269254321785	2	D. Shared/functional markers	False	inflammation	0		shared_functional_program	Absence from another top-50 list is not proof of absent expression.
CXCL3	1	1	1	1	1	Macrophage	Macrophage IL1B+	Inflammatory macrophage	Macrophage	0.823556268974107	89.1353059465671	2.83636828251975	3	D. Shared/functional markers	False	inflammation	0		shared_functional_program	Absence from another top-50 list is not proof of absent expression.
CXCL8	1	1	1	1	1	Macrophage	Macrophage IL1B+	Inflammatory macrophage	Macrophage	0.839040745188965	85.0502729100833	2.88057055626673	1	D. Shared/functional markers	False	inflammation	0		shared_functional_program	Absence from another top-50 list is not proof of absent expression.
CXCR3	1	1	1	1	1	pDC	pDC	pDC	DC	0.829076169424575	66.4900662251656	4.05066741739801	35	B. Extended lineage markers	False		0		not_observed_in_other_atlas_top50_lists	Absence from another top-50 list is not proof of absent expression.
CXCR4	10	5	10	7	4	B/Plasma;Dendritic;NK;T cell;pDC	Activated NK XCL1+;B cell;CD8+ Naive T;Cytotoxic T;DC CXCL2+/CD14+/CD1C-;DC2 CLEC10A+;T CD4+ JUN+;helper T CD4+;helper T CD4+ CDR7+;pDC	Activated NK;B;CD4 T;CD8 T;Cytotoxic T;Dendritic cell;pDC	B;DC;NK;T	0.842182272784174	92.1854304635762	1.62227698052339	13	D. Shared/functional markers	False		0		cross_immune_lineage	Absence from another top-50 list is not proof of absent expression.
CYBA	1	1	1	1	1	Macrophage	Macrophage RETN+/VCAN+	Inflammatory macrophage	Macrophage	0.691274629437629	96.9220081759158	2.11243600790344	24	B. Extended lineage markers	False		0		not_observed_in_other_atlas_top50_lists	Absence from another top-50 list is not proof of absent expression.
CYP27A1	2	2	2	2	1	Macrophage;Macrophage FABP4+	Macrophage CHI3L1+/CD9 hi/;Macrophage FABP4+	Alveolar/resident macrophage;Inflammatory macrophage	Macrophage	0.809617346324186	81.284837697316	4.13276921303064	12	B. Extended lineage markers;C. State-associated markers	True		0		not_observed_in_other_atlas_top50_lists	Absence from another top-50 list is not proof of absent expression.
CYTIP	2	2	2	2	2	Dendritic;Monocyte	DC2 CLEC10A+;Monocytes CD16+	Dendritic cell;Monocyte	DC;Monocyte	0.736258779720934	76.5779597407028	1.72371766057444	26	D. Shared/functional markers	False		0		cross_immune_lineage	Absence from another top-50 list is not proof of absent expression.
DAPP1	1	1	1	1	1	Dendritic	DC LAMP3+/CCR7+	Dendritic cell	DC	0.90874602089212	85.4260089686099	2.77917301355969	9	C. State-associated markers	True		0		not_observed_in_other_atlas_top50_lists	Absence from another top-50 list is not proof of absent expression.
DENND1B	2	1	2	1	1	Dendritic	DC1 CLEC9A+;DC2 CD1A+/CD1E+	Dendritic cell	DC	0.847616140232806	81.1594202898551	1.74927708916094	33	B. Extended lineage markers	False		0		not_observed_in_other_atlas_top50_lists	Absence from another top-50 list is not proof of absent expression.
DENND4A	2	2	2	2	2	B/Plasma;NK	Activated NK XCL1+;B cell	Activated NK;B	B;NK	0.732904077915774	77.2269657193832	2.03941120603555	27	D. Shared/functional markers	False		0		cross_immune_lineage	Absence from another top-50 list is not proof of absent expression.
DERL3	1	1	1	1	1	B/Plasma	Plasma B	Plasma	Plasma	0.794004658250133	60.0597609561753	5.21846779181574	6	B. Extended lineage markers	True		0		not_observed_in_other_atlas_top50_lists	Absence from another top-50 list is not proof of absent expression.
DMXL2	1	1	1	1	1	Macrophage	Macrophage IL1B+	Inflammatory macrophage	Macrophage	0.668363729014831	57.7937374317725	1.53444563100618	45	B. Extended lineage markers	False		0		not_observed_in_other_atlas_top50_lists	Absence from another top-50 list is not proof of absent expression.
DNMBP	2	2	2	2	2	Macrophage;Monocyte	Macrophage LYVE1+;Monocytes CD16+	Alveolar/resident macrophage;Monocyte	Macrophage;Monocyte	0.744526666225628	67.2185430463576	2.31268011332705	31	D. Shared/functional markers	False		0		cross_immune_lineage	Absence from another top-50 list is not proof of absent expression.
DOCK4	3	1	3	2	1	Macrophage	Macrophage C1Q hi;Macrophage IL1B+;Macrophage LYVE1+	Alveolar/resident macrophage;Inflammatory macrophage	Macrophage	0.766089920062158	79.8013245033112	1.64419377909137	17	B. Extended lineage markers;C. State-associated markers	True		0		not_observed_in_other_atlas_top50_lists	Absence from another top-50 list is not proof of absent expression.
DOCK8	1	1	1	1	1	Macrophage FABP4+	Macrophage FABP4+/PDE4C+	Alveolar/resident macrophage	Macrophage	0.863886481273092	93.3701657458564	1.34011734549673	3	C. State-associated markers	True		0		not_observed_in_other_atlas_top50_lists	Absence from another top-50 list is not proof of absent expression.
DPYD	2	2	2	2	2	Macrophage FABP4+;Monocyte	Macrophage FABP4+/PDE4C+;Monocytes CD14+/IL1B	Alveolar/resident macrophage;Monocyte	Macrophage;Monocyte	0.83699228755736	94.1068139963168	1.08905273704364	10	D. Shared/functional markers	False		0		cross_immune_lineage	Absence from another top-50 list is not proof of absent expression.
DUSP16	1	1	1	1	1	T cell	T regulatory	Regulatory T	T	0.778690695111349	65.0771388499299	2.00872181248319	16	C. State-associated markers	True		0		not_observed_in_other_atlas_top50_lists	Absence from another top-50 list is not proof of absent expression.
DUSP2	3	2	3	3	2	NK;T cell	Activated NK XCL1+;Cytotoxic T;NK	Activated NK;Cytotoxic T;NK	NK;T	0.762147088127498	70.1956017239474	2.35097861380857	15	D. Shared/functional markers	False		0		cross_immune_lineage	Absence from another top-50 list is not proof of absent expression.
DUSP4	2	1	2	1	1	Dendritic	DC LAMP3+/CCR7+;DC1 CLEC9A+	Dendritic cell	DC	0.881993523014681	82.0993439550141	2.21880686071915	14	C. State-associated markers	True		0		not_observed_in_other_atlas_top50_lists	Absence from another top-50 list is not proof of absent expression.
EBF1	2	1	2	1	1	B/Plasma	B cell;B cell LRMP+	B	B	0.925794572841253	87.3417721518987	4.41313102707412	19	D. Shared/functional markers	False		1	Pericyte	immune_and_nonimmune_overlap	Absence from another top-50 list is not proof of absent expression.
ELL2	4	2	4	3	2	Macrophage;Monocyte	Macrophage C1Q hi;Macrophage IL1B+;Macrophage LYVE1+;Monocytes CD14+	Alveolar/resident macrophage;Inflammatory macrophage;Monocyte	Macrophage;Monocyte	0.740511345257798	86.0927152317881	1.69153015465678	24	D. Shared/functional markers	False		0		cross_immune_lineage	Absence from another top-50 list is not proof of absent expression.
EMP1	1	1	1	1	1	Macrophage	Macrophage LYVE1+	Alveolar/resident macrophage	Macrophage	0.744675041593421	75.1655629139073	-0.0622438079390353	30	D. Shared/functional markers	False		4	Artery;Bronchial Vessel;Bronchial Vessel CXCL12+;Lipofibroblast	immune_and_nonimmune_overlap	Absence from another top-50 list is not proof of absent expression.
EMP3	1	1	1	1	1	Macrophage	Macrophage RETN+/VCAN+	Inflammatory macrophage	Macrophage	0.739743025045448	91.8160686135678	2.74651563982553	2	B. Extended lineage markers	True		0		not_observed_in_other_atlas_top50_lists	Absence from another top-50 list is not proof of absent expression.
ENOX1	1	1	1	1	1	Dendritic	DC LAMP3+/CCR7+	Dendritic cell	DC	0.81296511647734	63.9013452914798	4.72821086089871	49	B. Extended lineage markers	False		0		not_observed_in_other_atlas_top50_lists	Absence from another top-50 list is not proof of absent expression.
ENTPD1	3	1	3	1	1	Dendritic	DC2 C1QC+;DC2 CD1A+/CD1E+;DC2 CLEC10A+	Dendritic cell	DC	0.921349064862939	90.8212560386473	2.38782312960244	12	B. Extended lineage markers;C. State-associated markers	True		0		not_observed_in_other_atlas_top50_lists	Absence from another top-50 list is not proof of absent expression.
EPB41L3	1	1	1	1	1	Macrophage	Macrophage LYVE1+	Alveolar/resident macrophage	Macrophage	0.779346048944493	81.7880794701987	0.17668835315768	14	C. State-associated markers	True		0		not_observed_in_other_atlas_top50_lists	Absence from another top-50 list is not proof of absent expression.
EPS15	1	1	1	1	1	B/Plasma	B cell LRMP+	B	B	0.89335539314023	94.9367088607595	0.654041265250455	45	B. Extended lineage markers	False		0		not_observed_in_other_atlas_top50_lists	Absence from another top-50 list is not proof of absent expression.
EREG	2	2	2	2	2	Macrophage;Monocyte	Macrophage IL1B+;Monocytes CD14+	Inflammatory macrophage;Monocyte	Macrophage;Monocyte	0.816147228136152	78.5521401896007	2.65020463199784	4	D. Shared/functional markers	False		0		cross_immune_lineage	Absence from another top-50 list is not proof of absent expression.
ETS1	2	1	2	2	1	T cell	T regulatory;helper T CD4+ CDR7+	CD4 T;Regulatory T	T	0.745838162680081	59.4670406732118	1.65225366369435	31	B. Extended lineage markers	False		0		not_observed_in_other_atlas_top50_lists	Absence from another top-50 list is not proof of absent expression.
ETV6	2	1	2	1	1	Dendritic	DC LAMP3+/CCR7+;DC1 CLEC9A+	Dendritic cell	DC	0.880914249223887	90.7216494845361	1.7338217694361	15	B. Extended lineage markers;C. State-associated markers	True		0		not_observed_in_other_atlas_top50_lists	Absence from another top-50 list is not proof of absent expression.
F13A1	2	2	2	2	2	Dendritic;Macrophage	DC CXCL2+/CD14+/CD1C-;Macrophage LYVE1+	Alveolar/resident macrophage;Dendritic cell	DC;Macrophage	0.75695397616448	56.953642384106	3.49333444465833	25	D. Shared/functional markers	False		0		cross_immune_lineage	Absence from another top-50 list is not proof of absent expression.
FABP4	1	1	1	1	1	Macrophage FABP4+	Macrophage FABP4+	Alveolar/resident macrophage	Macrophage	0.919409855715501	88.6118787765235	6.94801416948587	2	A. Lineage-core	True		0		not_observed_in_other_atlas_top50_lists	Absence from another top-50 list is not proof of absent expression.
FABP5	1	1	1	1	1	Macrophage	Macrophage CHI3L1+/CD9 hi/	Inflammatory macrophage	Macrophage	0.759849716308236	89.47787963332	2.81934886017595	16	C. State-associated markers	True		0		not_observed_in_other_atlas_top50_lists	Absence from another top-50 list is not proof of absent expression.
FAM129A	4	1	4	3	1	T cell	CD8+ Naive T;T CD4+ JUN+;T regulatory;helper T CD4+	CD4 T;CD8 T;Regulatory T	T	0.872296638608046	86.8351503138421	3.17441888826446	4	B. Extended lineage markers;C. State-associated markers	True		0		not_observed_in_other_atlas_top50_lists	Absence from another top-50 list is not proof of absent expression.
FAM160A1	1	1	1	1	1	pDC	pDC	pDC	DC	0.846209939025506	70.9933774834437	4.1432217908808	25	B. Extended lineage markers	True		0		not_observed_in_other_atlas_top50_lists	Absence from another top-50 list is not proof of absent expression.
FAM26F	1	1	1	1	1	Dendritic	DC2 C1QC+	Dendritic cell	DC	0.824871291749284	70.8015267175573	2.24549146677308	16	C. State-associated markers	True		0		not_observed_in_other_atlas_top50_lists	Absence from another top-50 list is not proof of absent expression.
FAM46C	1	1	1	1	1	B/Plasma	Plasma B	Plasma	Plasma	0.751938959103886	57.1713147410359	2.64983824012443	16	B. Extended lineage markers	True		0		not_observed_in_other_atlas_top50_lists	Absence from another top-50 list is not proof of absent expression.
FAM49A	1	1	1	1	1	Monocyte	Monocytes CD16+	Monocyte	Monocyte	0.765033663719782	82.3911955977989	2.0236964627461	16	B. Extended lineage markers	True		0		not_observed_in_other_atlas_top50_lists	Absence from another top-50 list is not proof of absent expression.
FAM49B	1	1	1	1	1	Dendritic	DC2 C1QC+	Dendritic cell	DC	0.748360184654104	87.9770992366412	-0.179962356125089	45	B. Extended lineage markers	False		0		not_observed_in_other_atlas_top50_lists	Absence from another top-50 list is not proof of absent expression.
FAM65B	1	1	1	1	1	Monocyte	Monocytes CD14+/IL1B	Monocyte	Monocyte	0.663943772003212	50.5936073059361	1.26003165961432	44	B. Extended lineage markers	False		0		not_observed_in_other_atlas_top50_lists	Absence from another top-50 list is not proof of absent expression.
FBP1	1	1	1	1	1	Macrophage FABP4+	Macrophage FABP4+	Alveolar/resident macrophage	Macrophage	0.841226183892047	89.5147313691508	4.82150669211745	17	B. Extended lineage markers	True		0		not_observed_in_other_atlas_top50_lists	Absence from another top-50 list is not proof of absent expression.
FBXW7	1	1	1	1	1	B/Plasma	Plasma B	Plasma	Plasma	0.67803045891288	58.3665338645418	1.4030082629869	42	B. Extended lineage markers	False		0		not_observed_in_other_atlas_top50_lists	Absence from another top-50 list is not proof of absent expression.
FCER1A	2	1	2	1	1	Dendritic	DC2 CD1A+/CD1E+;DC2 CLEC10A+	Dendritic cell	DC	0.948593779446911	90.5797101449275	4.67108407625645	6	B. Extended lineage markers;C. State-associated markers	True		0		not_observed_in_other_atlas_top50_lists	Absence from another top-50 list is not proof of absent expression.
FCER1G	5	3	5	3	2	Macrophage;Macrophage FABP4+;Monocyte	Macrophage C1Q hi;Macrophage CHI3L1+/CD9 hi/;Macrophage FABP4+;Macrophage RETN+/VCAN+;Monocytes CD16+	Alveolar/resident macrophage;Inflammatory macrophage;Monocyte	Macrophage;Monocyte	0.793600748584609	97.5285221898629	3.58369345174679	3	D. Shared/functional markers	False		0		cross_immune_lineage	Absence from another top-50 list is not proof of absent expression.
FCGBP	1	1	1	1	1	Dendritic	DC2 CD1A+/CD1E+	Dendritic cell	DC	0.897367919588863	80.1932367149759	4.82425880458878	20	C. State-associated markers	True		0		not_observed_in_other_atlas_top50_lists	Absence from another top-50 list is not proof of absent expression.
FCGR2A	1	1	1	1	1	Dendritic	DC CXCL2+/CD14+/CD1C-	Dendritic cell	DC	0.739172599082223	77.4971652406968	1.48506189099953	29	B. Extended lineage markers	True		0		not_observed_in_other_atlas_top50_lists	Absence from another top-50 list is not proof of absent expression.
FCGR2B	1	1	1	1	1	Dendritic	DC CXCL2+/CD14+/CD1C-	Dendritic cell	DC	0.740021204205434	57.1178229048552	2.59697136445175	28	B. Extended lineage markers	True		0		not_observed_in_other_atlas_top50_lists	Absence from another top-50 list is not proof of absent expression.
FCHSD2	3	2	3	2	2	B/Plasma;pDC	B cell;B cell LRMP+;pDC	B;pDC	B;DC	0.933273739372528	93.3774834437086	3.26545849140894	3	D. Shared/functional markers	False		0		cross_immune_lineage	Absence from another top-50 list is not proof of absent expression.
FCN1	3	1	3	1	1	Monocyte	Monocytes CD14+;Monocytes CD14+/IL1B;Monocytes CD16+	Monocyte	Monocyte	0.8901783568201	87.7077625570776	3.24154273711855	3	A. Lineage-core	True		0		not_observed_in_other_atlas_top50_lists	Absence from another top-50 list is not proof of absent expression.
FCRL5	1	1	1	1	1	B/Plasma	Plasma B	Plasma	Plasma	0.72773477850587	45.8167330677291	5.11625274516836	23	B. Extended lineage markers	True		0		not_observed_in_other_atlas_top50_lists	Absence from another top-50 list is not proof of absent expression.
FER	1	1	1	1	1	Basophil/Mast	Basophil/Mast	Mast/Basophil	Mast/Basophil	0.716551021045365	57.0322580645161	2.05733956128747	26	B. Extended lineage markers	False		0		not_observed_in_other_atlas_top50_lists	Absence from another top-50 list is not proof of absent expression.
FGD4	1	1	1	1	1	Monocyte	Monocytes CD14+	Monocyte	Monocyte	0.677331345292387	71.6919393455706	1.63988163815529	50	B. Extended lineage markers	False		0		not_observed_in_other_atlas_top50_lists	Absence from another top-50 list is not proof of absent expression.
FGFBP2	1	1	1	1	1	NK	NK	NK	NK	0.817936998005354	64.9455874175868	5.74784858944365	17	B. Extended lineage markers	True		0		not_observed_in_other_atlas_top50_lists	Absence from another top-50 list is not proof of absent expression.
FGL2	5	3	5	3	3	Dendritic;Macrophage;Monocyte	DC CXCL2+/CD14+/CD1C-;DC2 C1QC+;Macrophage LYVE1+;Monocytes CD14+/IL1B;Monocytes CD16+	Alveolar/resident macrophage;Dendritic cell;Monocyte	DC;Macrophage;Monocyte	0.798842501113928	73.2188295165394	2.82995532013878	20	D. Shared/functional markers	False		0		cross_immune_lineage	Absence from another top-50 list is not proof of absent expression.
FGR	1	1	1	1	1	Monocyte	Monocytes CD14+/IL1B	Monocyte	Monocyte	0.655727715223795	68.1278538812785	0.725239528280557	50	B. Extended lineage markers	False		0		not_observed_in_other_atlas_top50_lists	Absence from another top-50 list is not proof of absent expression.
FLT3	1	1	1	1	1	Dendritic	DC LAMP3+/CCR7+	Dendritic cell	DC	0.814293799806262	64.9103139013453	3.37562558188011	46	B. Extended lineage markers	False		0		not_observed_in_other_atlas_top50_lists	Absence from another top-50 list is not proof of absent expression.
FMN1	2	1	2	1	1	Macrophage	Macrophage C1Q hi;Macrophage LYVE1+	Alveolar/resident macrophage	Macrophage	0.735336933531565	72.1854304635762	2.44386501917558	12	B. Extended lineage markers	True		0		not_observed_in_other_atlas_top50_lists	Absence from another top-50 list is not proof of absent expression.
FMNL2	1	1	1	1	1	Macrophage FABP4+	Macrophage FABP4+/PDE4C+	Alveolar/resident macrophage	Macrophage	0.80278131491575	87.4769797421731	0.896919456869938	24	C. State-associated markers	True		0		not_observed_in_other_atlas_top50_lists	Absence from another top-50 list is not proof of absent expression.
FNBP1	7	3	7	4	3	B/Plasma;Dendritic;T cell	B cell;B cell LRMP+;CD8+ Naive T;DC LAMP3+/CCR7+;DC1 CLEC9A+;T CD4+ JUN+;helper T CD4+	B;CD4 T;CD8 T;Dendritic cell	B;DC;T	0.929527157263539	98.7341772151899	1.86254241675002	7	D. Shared/functional markers	False		0		cross_immune_lineage	Absence from another top-50 list is not proof of absent expression.
FNDC3B	1	1	1	1	1	Macrophage	Macrophage IL1B+	Inflammatory macrophage	Macrophage	0.67391332236262	80.2413099683999	1.59609014645385	38	B. Extended lineage markers	False		0		not_observed_in_other_atlas_top50_lists	Absence from another top-50 list is not proof of absent expression.
FNIP2	2	1	2	1	1	Macrophage	Macrophage CHI3L1+/CD9 hi/;Macrophage IL1B+	Inflammatory macrophage	Macrophage	0.723049497105778	71.7054965759629	2.6177636199447	46	B. Extended lineage markers	False		0		not_observed_in_other_atlas_top50_lists	Absence from another top-50 list is not proof of absent expression.
FOLR2	2	1	2	1	1	Macrophage	Macrophage C1Q hi;Macrophage LYVE1+	Alveolar/resident macrophage	Macrophage	0.758459084358209	57.9470198675497	4.01981689626947	23	B. Extended lineage markers;C. State-associated markers	True		0		not_observed_in_other_atlas_top50_lists	Absence from another top-50 list is not proof of absent expression.
FOXO1	2	1	2	2	1	T cell	T regulatory;helper T CD4+	CD4 T;Regulatory T	T	0.798124249361045	82.5900231252065	2.47747097676159	22	B. Extended lineage markers	True		0		not_observed_in_other_atlas_top50_lists	Absence from another top-50 list is not proof of absent expression.
FPR1	3	1	3	1	1	Monocyte	Monocytes CD14+;Monocytes CD14+/IL1B;Monocytes CD16+	Monocyte	Monocyte	0.710787767006187	69.2237442922374	1.68751681490503	19	B. Extended lineage markers	False		0		not_observed_in_other_atlas_top50_lists	Absence from another top-50 list is not proof of absent expression.
FPR3	2	1	2	2	1	Macrophage	Macrophage C1Q hi;Macrophage RETN+/VCAN+	Alveolar/resident macrophage;Inflammatory macrophage	Macrophage	0.706778827911414	58.8356384689611	3.07029132418949	23	B. Extended lineage markers	False		0		not_observed_in_other_atlas_top50_lists	Absence from another top-50 list is not proof of absent expression.
FRMD4A	1	1	1	1	1	Macrophage FABP4+	Macrophage FABP4+/PDE4C+	Alveolar/resident macrophage	Macrophage	0.850574804944783	86.0036832412523	1.91707233323736	5	C. State-associated markers	True		0		not_observed_in_other_atlas_top50_lists	Absence from another top-50 list is not proof of absent expression.
FSCN1	1	1	1	1	1	Dendritic	DC LAMP3+/CCR7+	Dendritic cell	DC	0.850953880411082	72.9820627802691	3.30128016076624	23	C. State-associated markers	True		0		not_observed_in_other_atlas_top50_lists	Absence from another top-50 list is not proof of absent expression.
FTL	3	2	3	2	1	Macrophage;Macrophage FABP4+	Macrophage C1Q hi;Macrophage CHI3L1+/CD9 hi/;Macrophage FABP4+	Alveolar/resident macrophage;Inflammatory macrophage	Macrophage	0.843658049771239	100.0	3.83693409292432	6	B. Extended lineage markers;C. State-associated markers	True		0		not_observed_in_other_atlas_top50_lists	Absence from another top-50 list is not proof of absent expression.
FYB	2	2	2	2	2	Dendritic;Monocyte	DC2 C1QC+;Monocytes CD14+/IL1B	Dendritic cell;Monocyte	DC;Monocyte	0.750600153674891	76.2086513994911	1.05139821997358	33	D. Shared/functional markers	False		0		cross_immune_lineage	Absence from another top-50 list is not proof of absent expression.
FYN	8	2	8	6	2	NK;T cell	Activated NK XCL1+;CD8+ Naive T;Cytotoxic T;NK;T CD4+ JUN+;T regulatory;helper T CD4+;helper T CD4+ CDR7+	Activated NK;CD4 T;CD8 T;Cytotoxic T;NK;Regulatory T	NK;T	0.871782325737359	87.8685897435897	2.98762999184844	4	D. Shared/functional markers	False		0		cross_immune_lineage	Absence from another top-50 list is not proof of absent expression.
G0S2	2	2	2	2	2	Macrophage;Monocyte	Macrophage IL1B+;Monocytes CD14+	Inflammatory macrophage;Monocyte	Macrophage;Monocyte	0.709233152910649	54.2777334397446	2.70687745091171	29	D. Shared/functional markers	False		0		cross_immune_lineage	Absence from another top-50 list is not proof of absent expression.
GAB1	1	1	1	1	1	pDC	pDC	pDC	DC	0.859297912131722	77.4834437086093	2.81680183963576	21	B. Extended lineage markers	True		0		not_observed_in_other_atlas_top50_lists	Absence from another top-50 list is not proof of absent expression.
GAB2	1	1	1	1	1	Monocyte	Monocytes CD14+	Monocyte	Monocyte	0.688865031998924	68.9624900239425	2.00050653646589	41	B. Extended lineage markers	False		0		not_observed_in_other_atlas_top50_lists	Absence from another top-50 list is not proof of absent expression.
GALC	1	1	1	1	1	Basophil/Mast	Basophil/Mast	Mast/Basophil	Mast/Basophil	0.698722825844666	52.0860215053763	1.68528372052573	35	B. Extended lineage markers	False		0		not_observed_in_other_atlas_top50_lists	Absence from another top-50 list is not proof of absent expression.
GATA2	1	1	1	1	1	Basophil/Mast	Basophil/Mast	Mast/Basophil	Mast/Basophil	0.814838648606038	63.7849462365591	5.10991811290087	11	B. Extended lineage markers	True		0		not_observed_in_other_atlas_top50_lists	Absence from another top-50 list is not proof of absent expression.
GDI2	1	1	1	1	1	Dendritic	DC2 CD1A+/CD1E+	Dendritic cell	DC	0.83167285175321	91.7874396135266	-0.0936629367961377	45	B. Extended lineage markers	False		0		not_observed_in_other_atlas_top50_lists	Absence from another top-50 list is not proof of absent expression.
GK	4	3	4	3	3	Dendritic;Macrophage;Monocyte	DC CXCL2+/CD14+/CD1C-;Macrophage IL1B+;Macrophage RETN+/VCAN+;Monocytes CD14+	Dendritic cell;Inflammatory macrophage;Monocyte	DC;Macrophage;Monocyte	0.718963764200687	80.8699122106943	2.16328262871142	18	D. Shared/functional markers	False		0		cross_immune_lineage	Absence from another top-50 list is not proof of absent expression.
GLDN	1	1	1	1	1	Macrophage FABP4+	Macrophage FABP4+	Alveolar/resident macrophage	Macrophage	0.8041286945377	65.8379783596421	5.7889950181292	40	B. Extended lineage markers	False		0		not_observed_in_other_atlas_top50_lists	Absence from another top-50 list is not proof of absent expression.
GLIPR2	1	1	1	1	1	Macrophage FABP4+	Macrophage FABP4+	Alveolar/resident macrophage	Macrophage	0.797372099354394	84.897419082861	3.96144303310366	43	B. Extended lineage markers	False		0		not_observed_in_other_atlas_top50_lists	Absence from another top-50 list is not proof of absent expression.
GLUL	2	2	2	1	1	Macrophage;Macrophage FABP4+	Macrophage C1Q hi;Macrophage FABP4+	Alveolar/resident macrophage	Macrophage	0.828370901465037	97.299639327369	3.77450173732607	27	B. Extended lineage markers	True		0		not_observed_in_other_atlas_top50_lists	Absence from another top-50 list is not proof of absent expression.
GM2A	1	1	1	1	1	Macrophage	Macrophage CHI3L1+/CD9 hi/	Inflammatory macrophage	Macrophage	0.719146803841947	62.5783542881988	3.41801033039844	49	B. Extended lineage markers	False		0		not_observed_in_other_atlas_top50_lists	Absence from another top-50 list is not proof of absent expression.
GNA13	2	1	2	1	1	Dendritic	DC1 CLEC9A+;DC2 CLEC10A+	Dendritic cell	DC	0.837840863738039	86.1293345829428	1.26471028838855	31	B. Extended lineage markers	False		0		not_observed_in_other_atlas_top50_lists	Absence from another top-50 list is not proof of absent expression.
GNA15	1	1	1	1	1	Dendritic	DC2 CD1A+/CD1E+	Dendritic cell	DC	0.885758499318097	87.6811594202899	1.25367664518913	23	C. State-associated markers	True		0		not_observed_in_other_atlas_top50_lists	Absence from another top-50 list is not proof of absent expression.
GNG2	6	2	6	5	2	NK;T cell	CD8+ Naive T;Cytotoxic T;NK;T CD4+ JUN+;T regulatory;helper T CD4+	CD4 T;CD8 T;Cytotoxic T;NK;Regulatory T	NK;T	0.839405693963137	76.6542219397887	3.84008678429593	14	D. Shared/functional markers	False		0		cross_immune_lineage	Absence from another top-50 list is not proof of absent expression.
GNG7	2	1	2	2	2	B/Plasma	B cell;Plasma B	B;Plasma	B;Plasma	0.827666116868147	70.4473047024341	4.6482774399265	8	D. Shared/functional markers	False		0		cross_immune_lineage	Absence from another top-50 list is not proof of absent expression.
GNLY	3	2	3	3	2	NK;T cell	Activated NK XCL1+;Cytotoxic T;NK	Activated NK;Cytotoxic T;NK	NK;T	0.930807487716039	88.418460560807	5.82238718158244	5	D. Shared/functional markers	False	cytotoxicity	0		cross_immune_lineage	Absence from another top-50 list is not proof of absent expression.
GPNMB	2	1	2	2	1	Macrophage	Macrophage C1Q hi;Macrophage CHI3L1+/CD9 hi/	Alveolar/resident macrophage;Inflammatory macrophage	Macrophage	0.877547711318052	94.8258994891119	3.83217872699123	1	B. Extended lineage markers;C. State-associated markers	True		0		not_observed_in_other_atlas_top50_lists	Absence from another top-50 list is not proof of absent expression.
GPR137B	3	1	3	1	1	Dendritic	DC LAMP3+/CCR7+;DC1 CLEC9A+;DC2 CD1A+/CD1E+	Dendritic cell	DC	0.859981278861277	84.4170403587444	1.59395914192442	21	B. Extended lineage markers;C. State-associated markers	True		0		not_observed_in_other_atlas_top50_lists	Absence from another top-50 list is not proof of absent expression.
GPR157	1	1	1	1	1	Dendritic	DC LAMP3+/CCR7+	Dendritic cell	DC	0.887972338078473	80.2690582959641	3.31479683458615	13	C. State-associated markers	True		0		not_observed_in_other_atlas_top50_lists	Absence from another top-50 list is not proof of absent expression.
GPR183	8	3	8	4	2	Dendritic;Macrophage;pDC	DC CXCL2+/CD14+/CD1C-;DC2 C1QC+;DC2 CD1A+/CD1E+;DC2 CLEC10A+;Macrophage C1Q hi;Macrophage IL1B+;Macrophage RETN+/VCAN+;pDC	Alveolar/resident macrophage;Dendritic cell;Inflammatory macrophage;pDC	DC;Macrophage	0.872488751729273	89.0310474240873	2.40175748786006	1	D. Shared/functional markers	False		0		cross_immune_lineage	Absence from another top-50 list is not proof of absent expression.
GPR65	1	1	1	1	1	Basophil/Mast	Basophil/Mast	Mast/Basophil	Mast/Basophil	0.670006315641774	47.9569892473118	1.47646856806253	46	B. Extended lineage markers	False		0		not_observed_in_other_atlas_top50_lists	Absence from another top-50 list is not proof of absent expression.
GRN	3	2	3	2	1	Macrophage;Macrophage FABP4+	Macrophage CHI3L1+/CD9 hi/;Macrophage FABP4+;Macrophage FABP4+/PDE4C+	Alveolar/resident macrophage;Inflammatory macrophage	Macrophage	0.856918270314619	99.4475138121547	4.20600911924803	11	B. Extended lineage markers;C. State-associated markers	True		0		not_observed_in_other_atlas_top50_lists	Absence from another top-50 list is not proof of absent expression.
GSN	1	1	1	1	1	Dendritic	DC2 CD1A+/CD1E+	Dendritic cell	DC	0.861253324581565	96.3768115942029	-0.00657555505442708	30	D. Shared/functional markers	False		2	Adventital fibroblast;Fib COL13A1+	immune_and_nonimmune_overlap	Absence from another top-50 list is not proof of absent expression.
GSTO1	1	1	1	1	1	Macrophage	Macrophage RETN+/VCAN+	Inflammatory macrophage	Macrophage	0.671836084050786	84.214604429957	2.36137661347876	50	B. Extended lineage markers	False		0		not_observed_in_other_atlas_top50_lists	Absence from another top-50 list is not proof of absent expression.
GZMA	3	2	3	3	2	NK;T cell	Cytotoxic T;NK;T CD4+ JUN+	CD4 T;Cytotoxic T;NK	NK;T	0.814298904181516	66.2959726745572	4.43014233132599	12	D. Shared/functional markers	False	cytotoxicity	0		cross_immune_lineage	Absence from another top-50 list is not proof of absent expression.
GZMB	4	3	4	4	3	NK;T cell;pDC	CD8+ Naive T;Cytotoxic T;NK;pDC	CD8 T;Cytotoxic T;NK;pDC	DC;NK;T	0.950534179222308	92.317880794702	5.20616274547577	2	D. Shared/functional markers	False	cytotoxicity	0		cross_immune_lineage	Absence from another top-50 list is not proof of absent expression.
GZMH	2	2	2	2	2	NK;T cell	Cytotoxic T;NK	Cytotoxic T;NK	NK;T	0.82460741161549	67.4549673997127	4.77092267264643	9	D. Shared/functional markers	False	cytotoxicity	0		cross_immune_lineage	Absence from another top-50 list is not proof of absent expression.
H2AFY	2	1	2	1	1	Macrophage	Macrophage CHI3L1+/CD9 hi/;Macrophage RETN+/VCAN+	Inflammatory macrophage	Macrophage	0.738546562194874	89.6409290191674	2.28426988596559	30	B. Extended lineage markers	True		0		not_observed_in_other_atlas_top50_lists	Absence from another top-50 list is not proof of absent expression.
HCK	1	1	1	1	1	Monocyte	Monocytes CD16+	Monocyte	Monocyte	0.711616571810302	71.4774053693513	1.81325970882071	36	B. Extended lineage markers	False		0		not_observed_in_other_atlas_top50_lists	Absence from another top-50 list is not proof of absent expression.
HCLS1	1	1	1	1	1	Dendritic	DC2 C1QC+	Dendritic cell	DC	0.76483291325258	80.089058524173	0.245256980823607	36	B. Extended lineage markers	False		0		not_observed_in_other_atlas_top50_lists	Absence from another top-50 list is not proof of absent expression.
HDAC9	1	1	1	1	1	Dendritic	DC1 CLEC9A+	Dendritic cell	DC	0.914070202953159	86.1293345829428	3.84845789192144	3	C. State-associated markers	True		0		not_observed_in_other_atlas_top50_lists	Absence from another top-50 list is not proof of absent expression.
HDC	1	1	1	1	1	Basophil/Mast	Basophil/Mast	Mast/Basophil	Mast/Basophil	0.757379742547698	51.6129032258064	5.36120851087064	18	A. Lineage-core	True		0		not_observed_in_other_atlas_top50_lists	Absence from another top-50 list is not proof of absent expression.
HERPUD1	4	3	4	3	2	B/Plasma;Dendritic;pDC	DC CXCL2+/CD14+/CD1C-;DC2 C1QC+;Plasma B;pDC	Dendritic cell;Plasma;pDC	DC;Plasma	0.831585209678068	91.6556291390728	1.63057681373902	8	D. Shared/functional markers	False		0		cross_immune_lineage	Absence from another top-50 list is not proof of absent expression.
HIF1A	6	3	6	4	3	Dendritic;Macrophage;Monocyte	DC CXCL2+/CD14+/CD1C-;Macrophage C1Q hi;Macrophage IL1B+;Macrophage LYVE1+;Macrophage RETN+/VCAN+;Monocytes CD14+	Alveolar/resident macrophage;Dendritic cell;Inflammatory macrophage;Monocyte	DC;Macrophage;Monocyte	0.737808881249185	84.96983625395	1.96623579100646	12	D. Shared/functional markers	False		0		cross_immune_lineage	Absence from another top-50 list is not proof of absent expression.
HIVEP1	1	1	1	1	1	pDC	pDC	pDC	DC	0.81937755412923	74.5695364238411	1.80611216693895	43	B. Extended lineage markers	False		0		not_observed_in_other_atlas_top50_lists	Absence from another top-50 list is not proof of absent expression.
HLA-DMB	4	1	4	1	1	Dendritic	DC CXCL2+/CD14+/CD1C-;DC2 C1QC+;DC2 CD1A+/CD1E+;DC2 CLEC10A+	Dendritic cell	DC	0.850547472471938	92.512077294686	1.37142139606587	21	D. Shared/functional markers	False	antigen_presentation	0		shared_functional_program	Absence from another top-50 list is not proof of absent expression.
HLA-DPA1	6	2	6	2	2	Dendritic;Macrophage FABP4+	DC CXCL2+/CD14+/CD1C-;DC1 CLEC9A+;DC2 C1QC+;DC2 CD1A+/CD1E+;DC2 CLEC10A+;Macrophage FABP4+	Alveolar/resident macrophage;Dendritic cell	DC;Macrophage	0.92060457268128	99.8727735368957	3.65391709112106	3	D. Shared/functional markers	False	antigen_presentation	0		cross_immune_lineage	Absence from another top-50 list is not proof of absent expression.
HLA-DPB1	7	3	7	2	2	Dendritic;Macrophage;Macrophage FABP4+	DC CXCL2+/CD14+/CD1C-;DC1 CLEC9A+;DC2 C1QC+;DC2 CD1A+/CD1E+;DC2 CLEC10A+;Macrophage C1Q hi;Macrophage FABP4+	Alveolar/resident macrophage;Dendritic cell	DC;Macrophage	0.943329836365225	99.8091603053435	3.31969005062815	1	D. Shared/functional markers	False	antigen_presentation	0		cross_immune_lineage	Absence from another top-50 list is not proof of absent expression.
HLA-DQA1	9	3	9	2	2	Dendritic;Macrophage;Macrophage FABP4+	DC CXCL2+/CD14+/CD1C-;DC LAMP3+/CCR7+;DC1 CLEC9A+;DC2 C1QC+;DC2 CD1A+/CD1E+;DC2 CLEC10A+;Macrophage C1Q hi;Macrophage FABP4+;Macrophage FABP4+/PDE4C+	Alveolar/resident macrophage;Dendritic cell	DC;Macrophage	0.946328799689375	100.0	3.78791213813844	2	D. Shared/functional markers	False	antigen_presentation	0		cross_immune_lineage	Absence from another top-50 list is not proof of absent expression.
HLA-DQA2	1	1	1	1	1	Dendritic	DC2 CD1A+/CD1E+	Dendritic cell	DC	0.887860870940529	85.5072463768116	2.21121402523148	21	D. Shared/functional markers	False	antigen_presentation	0		shared_functional_program	Absence from another top-50 list is not proof of absent expression.
HLA-DQB1	5	1	5	1	1	Dendritic	DC CXCL2+/CD14+/CD1C-;DC1 CLEC9A+;DC2 C1QC+;DC2 CD1A+/CD1E+;DC2 CLEC10A+	Dendritic cell	DC	0.927899863250302	99.7584541062802	1.63429161349483	6	D. Shared/functional markers	False	antigen_presentation	0		shared_functional_program	Absence from another top-50 list is not proof of absent expression.
HLA-DQB2	1	1	1	1	1	Dendritic	DC2 CD1A+/CD1E+	Dendritic cell	DC	0.965523224100656	94.2028985507246	5.56435980459845	4	D. Shared/functional markers	False	antigen_presentation	0		shared_functional_program	Absence from another top-50 list is not proof of absent expression.
HLA-DRA	8	3	8	2	2	Dendritic;Macrophage;Macrophage FABP4+	DC CXCL2+/CD14+/CD1C-;DC1 CLEC9A+;DC2 C1QC+;DC2 CD1A+/CD1E+;DC2 CLEC10A+;Macrophage C1Q hi;Macrophage FABP4+;Macrophage FABP4+/PDE4C+	Alveolar/resident macrophage;Dendritic cell	DC;Macrophage	0.900021111526643	100.0	3.77038828955437	4	D. Shared/functional markers	False	antigen_presentation	0		cross_immune_lineage	Absence from another top-50 list is not proof of absent expression.
HLA-DRB1	8	3	8	2	2	Dendritic;Macrophage;Macrophage FABP4+	DC CXCL2+/CD14+/CD1C-;DC1 CLEC9A+;DC2 C1QC+;DC2 CD1A+/CD1E+;DC2 CLEC10A+;Macrophage C1Q hi;Macrophage FABP4+;Macrophage FABP4+/PDE4C+	Alveolar/resident macrophage;Dendritic cell	DC;Macrophage	0.887265691360819	100.0	3.79191958075297	7	D. Shared/functional markers	False	antigen_presentation	0		cross_immune_lineage	Absence from another top-50 list is not proof of absent expression.
HLA-DRB5	3	1	3	1	1	Dendritic	DC2 C1QC+;DC2 CD1A+/CD1E+;DC2 CLEC10A+	Dendritic cell	DC	0.830964384948265	93.719806763285	0.944457614928908	23	D. Shared/functional markers	False	antigen_presentation	0		shared_functional_program	Absence from another top-50 list is not proof of absent expression.
HMOX1	1	1	1	1	1	Macrophage	Macrophage LYVE1+	Alveolar/resident macrophage	Macrophage	0.810023618760059	80.4635761589404	1.93468072295523	6	C. State-associated markers	True		0		not_observed_in_other_atlas_top50_lists	Absence from another top-50 list is not proof of absent expression.
HPGD	1	1	1	1	1	Basophil/Mast	Basophil/Mast	Mast/Basophil	Mast/Basophil	0.701396499377604	60.6021505376344	1.47337461653069	33	D. Shared/functional markers	False		1	Capillary Aerocyte	immune_and_nonimmune_overlap	Absence from another top-50 list is not proof of absent expression.
HPGDS	2	2	2	2	2	Basophil/Mast;Dendritic	Basophil/Mast;DC2 CD1A+/CD1E+	Dendritic cell;Mast/Basophil	DC;Mast/Basophil	0.878821166865694	78.743961352657	4.60129049048311	6	D. Shared/functional markers	False		0		cross_immune_lineage	Absence from another top-50 list is not proof of absent expression.
HSP90B1	1	1	1	1	1	B/Plasma	Plasma B	Plasma	Plasma	0.70788937149071	84.3625498007968	1.32208365816194	29	B. Extended lineage markers	False		0		not_observed_in_other_atlas_top50_lists	Absence from another top-50 list is not proof of absent expression.
ICOS	1	1	1	1	1	T cell	T regulatory	Regulatory T	T	0.792152263453415	61.1033193080879	3.26414755364754	11	C. State-associated markers	True		0		not_observed_in_other_atlas_top50_lists	Absence from another top-50 list is not proof of absent expression.
ID2	1	1	1	1	1	Dendritic	DC LAMP3+/CCR7+	Dendritic cell	DC	0.839245311903936	90.695067264574	0.654081224755152	30	B. Extended lineage markers	True		0		not_observed_in_other_atlas_top50_lists	Absence from another top-50 list is not proof of absent expression.
IFITM2	3	2	3	3	2	Monocyte;NK	Activated NK XCL1+;Monocytes CD16+;NK	Activated NK;Monocyte;NK	Monocyte;NK	0.791889844505709	91.2066089443165	1.77728177024086	8	D. Shared/functional markers	False		5	Artery;Bronchial Vessel;Bronchial Vessel CXCL12+;Bronchial Vessel SELE+;Vein	cross_immune_lineage	Absence from another top-50 list is not proof of absent expression.
IFITM3	1	1	1	1	1	Monocyte	Monocytes CD16+	Monocyte	Monocyte	0.710206355705809	87.2519593129898	0.96811863350327	40	D. Shared/functional markers	False		13	Adventital fibroblast;Artery;Bronchial Vessel;Bronchial Vessel CXCL12+;Bronchial Vessel SELE+;Capillary;Capillary Aerocyte;Lipofibroblast;Lymphatic;Mesothelial;Myofibroblast;Pericyte;Vein	immune_and_nonimmune_overlap	Absence from another top-50 list is not proof of absent expression.
IGHA1	1	1	1	1	1	B/Plasma	Plasma B	Plasma	Plasma	0.751724516170361	54.6812749003984	8.7612792770597	17	D. Shared/functional markers	False	immunoglobulin/secretory	0		shared_functional_program	Absence from another top-50 list is not proof of absent expression.
IGHG1	1	1	1	1	1	B/Plasma	Plasma B	Plasma	Plasma	0.823081280765502	66.1354581673307	9.29841934442569	3	D. Shared/functional markers	False	immunoglobulin/secretory	0		shared_functional_program	Absence from another top-50 list is not proof of absent expression.
IGHG2	1	1	1	1	1	B/Plasma	Plasma B	Plasma	Plasma	0.716440203111033	44.3227091633466	8.25002851861491	27	D. Shared/functional markers	False	immunoglobulin/secretory	0		shared_functional_program	Absence from another top-50 list is not proof of absent expression.
IGHG3	1	1	1	1	1	B/Plasma	Plasma B	Plasma	Plasma	0.819647831250061	65.2390438247012	10.6823616096496	4	D. Shared/functional markers	False	immunoglobulin/secretory	0		shared_functional_program	Absence from another top-50 list is not proof of absent expression.
IGHG4	1	1	1	1	1	B/Plasma	Plasma B	Plasma	Plasma	0.794225671488714	59.9601593625498	10.8788851057015	5	D. Shared/functional markers	False	immunoglobulin/secretory	0		shared_functional_program	Absence from another top-50 list is not proof of absent expression.
IGHGP	1	1	1	1	1	B/Plasma	Plasma B	Plasma	Plasma	0.683312374575219	38.0478087649402	8.29313064511789	37	D. Shared/functional markers	False	immunoglobulin/secretory	0		shared_functional_program	Absence from another top-50 list is not proof of absent expression.
IGHM	2	1	2	2	2	B/Plasma	B cell;Plasma B	B;Plasma	B;Plasma	0.729312389380669	47.2792149866191	8.6158641528188	37	D. Shared/functional markers	False	immunoglobulin/secretory	0		cross_immune_lineage	Absence from another top-50 list is not proof of absent expression.
IGLC2	1	1	1	1	1	B/Plasma	Plasma B	Plasma	Plasma	0.778785579033925	58.7649402390438	10.28977327984	10	D. Shared/functional markers	False	immunoglobulin/secretory	0		shared_functional_program	Absence from another top-50 list is not proof of absent expression.
IGLC3	1	1	1	1	1	B/Plasma	Plasma B	Plasma	Plasma	0.721591612546138	47.0119521912351	9.18210629660303	26	D. Shared/functional markers	False	immunoglobulin/secretory	0		shared_functional_program	Absence from another top-50 list is not proof of absent expression.
IGSF6	1	1	1	1	1	Dendritic	DC2 C1QC+	Dendritic cell	DC	0.76004888867139	77.8625954198473	0.0722183296463301	39	B. Extended lineage markers	False		0		not_observed_in_other_atlas_top50_lists	Absence from another top-50 list is not proof of absent expression.
IKZF1	3	2	3	2	2	T cell;pDC	T CD4+ JUN+;helper T CD4+ CDR7+;pDC	CD4 T;pDC	DC;T	0.834336872405084	81.1920529801324	1.40218723279226	32	D. Shared/functional markers	False		0		cross_immune_lineage	Absence from another top-50 list is not proof of absent expression.
IL15	1	1	1	1	1	Dendritic	DC LAMP3+/CCR7+	Dendritic cell	DC	0.81786165297692	69.3946188340807	2.48268546320478	44	B. Extended lineage markers	False		0		not_observed_in_other_atlas_top50_lists	Absence from another top-50 list is not proof of absent expression.
IL18R1	1	1	1	1	1	Basophil/Mast	Basophil/Mast	Mast/Basophil	Mast/Basophil	0.705895679902369	45.8494623655914	2.53224493007796	31	B. Extended lineage markers	False		0		not_observed_in_other_atlas_top50_lists	Absence from another top-50 list is not proof of absent expression.
IL1B	1	1	1	1	1	Macrophage	Macrophage IL1B+	Inflammatory macrophage	Macrophage	0.78013600103726	69.0893421430623	2.87355309848402	7	D. Shared/functional markers	False	inflammation	0		shared_functional_program	Absence from another top-50 list is not proof of absent expression.
IL1R2	3	2	3	2	2	Dendritic;Monocyte	DC2 CLEC10A+;Monocytes CD14+;Monocytes CD14+/IL1B	Dendritic cell;Monocyte	DC;Monocyte	0.771274224144479	63.5619242579324	3.31842435814651	7	D. Shared/functional markers	False		0		cross_immune_lineage	Absence from another top-50 list is not proof of absent expression.
IL1RL1	1	1	1	1	1	Basophil/Mast	Basophil/Mast	Mast/Basophil	Mast/Basophil	0.91525742632019	83.8279569892473	4.92556670045155	4	A. Lineage-core	True		0		not_observed_in_other_atlas_top50_lists	Absence from another top-50 list is not proof of absent expression.
IL2RA	1	1	1	1	1	T cell	T regulatory	Regulatory T	T	0.767600382392937	55.6334735857878	4.08121285367308	18	C. State-associated markers	True		0		not_observed_in_other_atlas_top50_lists	Absence from another top-50 list is not proof of absent expression.
IL32	6	1	6	4	1	T cell	CD8+ Naive T;Cytotoxic T;T CD4+ JUN+;T regulatory;helper T CD4+;helper T CD4+ CDR7+	CD4 T;CD8 T;Cytotoxic T;Regulatory T	T	0.878656990739327	87.311320754717	2.69203296042159	2	D. Shared/functional markers	False		1	Capillary Aerocyte	immune_and_nonimmune_overlap	Absence from another top-50 list is not proof of absent expression.
IL3RA	1	1	1	1	1	pDC	pDC	pDC	DC	0.858195986736463	86.3576158940397	1.06616370615106	22	A. Lineage-core	True		0		not_observed_in_other_atlas_top50_lists	Absence from another top-50 list is not proof of absent expression.
IL7R	4	3	4	3	3	Dendritic;NK;T cell	Activated NK XCL1+;DC LAMP3+/CCR7+;T CD4+ JUN+;helper T CD4+ CDR7+	Activated NK;CD4 T;Dendritic cell	DC;NK;T	0.843864979327288	85.7987106017192	2.19424648689806	2	D. Shared/functional markers	False		0		cross_immune_lineage	Absence from another top-50 list is not proof of absent expression.
INHBA	1	1	1	1	1	Macrophage FABP4+	Macrophage FABP4+	Alveolar/resident macrophage	Macrophage	0.812390172646165	67.0113354255469	6.64049746177592	36	B. Extended lineage markers	False		0		not_observed_in_other_atlas_top50_lists	Absence from another top-50 list is not proof of absent expression.
INPP4A	1	1	1	1	1	pDC	pDC	pDC	DC	0.898476638236322	85.5629139072848	2.49988235591329	8	B. Extended lineage markers	True		0		not_observed_in_other_atlas_top50_lists	Absence from another top-50 list is not proof of absent expression.
INPP4B	2	1	2	1	1	T cell	T CD4+ JUN+;helper T CD4+ CDR7+	CD4 T	T	0.758657615741294	57.4319484240688	3.07467898143599	15	D. Shared/functional markers	False		1	Pericyte	immune_and_nonimmune_overlap	Absence from another top-50 list is not proof of absent expression.
INPP5D	2	2	2	2	2	B/Plasma;NK	Activated NK XCL1+;B cell	Activated NK;B	B;NK	0.769852647976535	66.433031731872	2.79070334413625	24	D. Shared/functional markers	False		0		cross_immune_lineage	Absence from another top-50 list is not proof of absent expression.
IQGAP2	1	1	1	1	1	T cell	helper T CD4+	CD4 T	T	0.744456772853325	79.203832177073	1.84473188019002	45	B. Extended lineage markers	False		0		not_observed_in_other_atlas_top50_lists	Absence from another top-50 list is not proof of absent expression.
IRAK2	2	2	2	2	2	Dendritic;Macrophage	DC1 CLEC9A+;Macrophage IL1B+	Dendritic cell;Inflammatory macrophage	DC;Macrophage	0.842685192705161	74.8828491096532	2.74817157228039	28	D. Shared/functional markers	False		0		cross_immune_lineage	Absence from another top-50 list is not proof of absent expression.
IRAK3	2	1	2	1	1	Monocyte	Monocytes CD14+;Monocytes CD16+	Monocyte	Monocyte	0.724513293466711	78.5392696348174	1.77537567005576	27	B. Extended lineage markers	True		0		not_observed_in_other_atlas_top50_lists	Absence from another top-50 list is not proof of absent expression.
IRF4	2	2	2	2	1	Dendritic;pDC	DC LAMP3+/CCR7+;pDC	Dendritic cell;pDC	DC	0.950890182741311	91.2582781456954	4.58887212342069	1	B. Extended lineage markers	True		0		not_observed_in_other_atlas_top50_lists	Absence from another top-50 list is not proof of absent expression.
IRF7	1	1	1	1	1	pDC	pDC	pDC	DC	0.851975496761971	77.8807947019868	1.94347854272507	23	B. Extended lineage markers	True		0		not_observed_in_other_atlas_top50_lists	Absence from another top-50 list is not proof of absent expression.
IRF8	3	3	3	3	2	B/Plasma;Dendritic;pDC	B cell LRMP+;DC1 CLEC9A+;pDC	B;Dendritic cell;pDC	B;DC	0.895747610230049	91.1392405063291	1.54669350330857	18	D. Shared/functional markers	False		0		cross_immune_lineage	Absence from another top-50 list is not proof of absent expression.
ISG20	5	3	5	4	4	B/Plasma;NK;T cell	B cell;B cell LRMP+;Cytotoxic T;NK;Plasma B	B;Cytotoxic T;NK;Plasma	B;NK;Plasma;T	0.90155791488382	91.1392405063291	2.25536567812914	22	D. Shared/functional markers	False		0		cross_immune_lineage	Absence from another top-50 list is not proof of absent expression.
ITGAX	2	2	2	2	2	Macrophage;Monocyte	Macrophage RETN+/VCAN+;Monocytes CD14+	Inflammatory macrophage;Monocyte	Macrophage;Monocyte	0.707316263527161	71.6280925778132	2.37339497226064	15	D. Shared/functional markers	False		0		cross_immune_lineage	Absence from another top-50 list is not proof of absent expression.
ITGB2	1	1	1	1	1	Macrophage	Macrophage CHI3L1+/CD9 hi/	Inflammatory macrophage	Macrophage	0.73389032445069	80.4268270589514	2.48564323185374	34	B. Extended lineage markers	False		0		not_observed_in_other_atlas_top50_lists	Absence from another top-50 list is not proof of absent expression.
ITK	6	1	6	4	1	T cell	CD8+ Naive T;Cytotoxic T;T CD4+ JUN+;T regulatory;helper T CD4+;helper T CD4+ CDR7+	CD4 T;CD8 T;Cytotoxic T;Regulatory T	T	0.897901711711339	83.9610175090849	4.11008166533838	1	A. Lineage-core	True		0		not_observed_in_other_atlas_top50_lists	Absence from another top-50 list is not proof of absent expression.
ITM2C	2	2	2	2	2	B/Plasma;pDC	Plasma B;pDC	Plasma;pDC	DC;Plasma	0.840860010102586	72.0529801324503	3.21651417306704	18	D. Shared/functional markers	False		0		cross_immune_lineage	Absence from another top-50 list is not proof of absent expression.
ITSN2	1	1	1	1	1	B/Plasma	B cell LRMP+	B	B	0.914026991776526	94.9367088607595	0.79346869417657	27	B. Extended lineage markers	True		0		not_observed_in_other_atlas_top50_lists	Absence from another top-50 list is not proof of absent expression.
JADE3	1	1	1	1	1	B/Plasma	B cell	B	B	0.706958392688629	43.7109723461195	4.76342187359238	48	B. Extended lineage markers	False		0		not_observed_in_other_atlas_top50_lists	Absence from another top-50 list is not proof of absent expression.
JAML	2	1	2	1	1	Dendritic	DC2 CD1A+/CD1E+;DC2 CLEC10A+	Dendritic cell	DC	0.84205568979492	82.3671497584541	1.62079890101584	43	B. Extended lineage markers	False		0		not_observed_in_other_atlas_top50_lists	Absence from another top-50 list is not proof of absent expression.
JARID2	4	2	4	3	2	Macrophage;Monocyte	Macrophage IL1B+;Macrophage LYVE1+;Macrophage RETN+/VCAN+;Monocytes CD14+	Alveolar/resident macrophage;Inflammatory macrophage;Monocyte	Macrophage;Monocyte	0.768149859111887	81.8914604948124	2.36987639604336	12	D. Shared/functional markers	False		0		cross_immune_lineage	Absence from another top-50 list is not proof of absent expression.
JCHAIN	2	2	2	2	2	B/Plasma;pDC	Plasma B;pDC	Plasma;pDC	DC;Plasma	0.925019960018514	85.9602649006623	8.72679038161999	2	D. Shared/functional markers	False	immunoglobulin/secretory	0		cross_immune_lineage	Absence from another top-50 list is not proof of absent expression.
JMJD1C	1	1	1	1	1	Dendritic	DC1 CLEC9A+	Dendritic cell	DC	0.817112020679377	93.8144329896907	0.796839746397224	48	B. Extended lineage markers	False		0		not_observed_in_other_atlas_top50_lists	Absence from another top-50 list is not proof of absent expression.
KCNMA1	1	1	1	1	1	Macrophage	Macrophage C1Q hi	Alveolar/resident macrophage	Macrophage	0.705145245705271	61.0035381151496	2.50695321778598	26	B. Extended lineage markers	False		0		not_observed_in_other_atlas_top50_lists	Absence from another top-50 list is not proof of absent expression.
KDM2B	1	1	1	1	1	Dendritic	DC LAMP3+/CCR7+	Dendritic cell	DC	0.812438044437848	71.6367713004484	2.23106114481529	50	B. Extended lineage markers	False		0		not_observed_in_other_atlas_top50_lists	Absence from another top-50 list is not proof of absent expression.
KIAA0922	1	1	1	1	1	B/Plasma	B cell LRMP+	B	B	0.963114858408457	96.2025316455696	2.89259512726088	4	C. State-associated markers	True		0		not_observed_in_other_atlas_top50_lists	Absence from another top-50 list is not proof of absent expression.
KIF16B	1	1	1	1	1	Dendritic	DC1 CLEC9A+	Dendritic cell	DC	0.833020240310504	76.7572633552015	2.32840622739259	35	B. Extended lineage markers	False		0		not_observed_in_other_atlas_top50_lists	Absence from another top-50 list is not proof of absent expression.
KIT	1	1	1	1	1	Basophil/Mast	Basophil/Mast	Mast/Basophil	Mast/Basophil	0.911549375596015	82.5806451612903	6.33109479412269	5	D. Shared/functional markers	False		1	Ionocyte	immune_and_nonimmune_overlap	Absence from another top-50 list is not proof of absent expression.
KLRB1	2	1	2	2	1	NK	Activated NK XCL1+;NK	Activated NK;NK	NK	0.861635269867771	76.290832455216	4.60721080564764	1	B. Extended lineage markers;C. State-associated markers	True		0		not_observed_in_other_atlas_top50_lists	Absence from another top-50 list is not proof of absent expression.
KLRC1	1	1	1	1	1	NK	Activated NK XCL1+	Activated NK	NK	0.702321634406597	41.9388830347734	2.48069031113845	33	B. Extended lineage markers	False		0		not_observed_in_other_atlas_top50_lists	Absence from another top-50 list is not proof of absent expression.
KLRC4-KLRK1	4	2	4	4	2	NK;T cell	Activated NK XCL1+;CD8+ Naive T;Cytotoxic T;NK	Activated NK;CD8 T;Cytotoxic T;NK	NK;T	0.80815857220647	65.0	4.17839730249627	12	D. Shared/functional markers	False		0		cross_immune_lineage	Absence from another top-50 list is not proof of absent expression.
KLRD1	4	2	4	4	2	NK;T cell	Activated NK XCL1+;CD8+ Naive T;Cytotoxic T;NK	Activated NK;CD8 T;Cytotoxic T;NK	NK;T	0.931152346024014	89.7926761458416	5.08071951821896	4	D. Shared/functional markers	False	cytotoxicity	0		cross_immune_lineage	Absence from another top-50 list is not proof of absent expression.
KLRF1	1	1	1	1	1	NK	NK	NK	NK	0.815161138339531	63.7222972436254	6.34234501100403	21	D. Shared/functional markers	False	cytotoxicity	0		shared_functional_program	Absence from another top-50 list is not proof of absent expression.
KYNU	2	2	2	2	2	Macrophage;Monocyte	Macrophage IL1B+;Monocytes CD14+	Inflammatory macrophage;Monocyte	Macrophage;Monocyte	0.721445212960757	76.7365699511635	1.80425286039977	13	D. Shared/functional markers	False		0		cross_immune_lineage	Absence from another top-50 list is not proof of absent expression.
LAMP1	1	1	1	1	1	Macrophage	Macrophage CHI3L1+/CD9 hi/	Inflammatory macrophage	Macrophage	0.723244904605974	86.0683358092684	2.44163312287907	45	B. Extended lineage markers	False		0		not_observed_in_other_atlas_top50_lists	Absence from another top-50 list is not proof of absent expression.
LAMP3	1	1	1	1	1	Dendritic	DC LAMP3+/CCR7+	Dendritic cell	DC	0.934869561230195	93.4977578475336	1.93100568941518	4	D. Shared/functional markers	False		2	AT2;pre AT2	immune_and_nonimmune_overlap	Absence from another top-50 list is not proof of absent expression.
LAPTM5	4	2	4	2	1	Macrophage;Macrophage FABP4+	Macrophage C1Q hi;Macrophage CHI3L1+/CD9 hi/;Macrophage FABP4+;Macrophage RETN+/VCAN+	Alveolar/resident macrophage;Inflammatory macrophage	Macrophage	0.793908791882832	96.4201601507301	3.39430084657454	17	B. Extended lineage markers	False		0		not_observed_in_other_atlas_top50_lists	Absence from another top-50 list is not proof of absent expression.
LCK	1	1	1	1	1	T cell	T CD4+ JUN+	CD4 T	T	0.697413935308718	43.4905660377359	2.08471012932089	40	B. Extended lineage markers	False		0		not_observed_in_other_atlas_top50_lists	Absence from another top-50 list is not proof of absent expression.
LCP1	1	1	1	1	1	Dendritic	DC2 CD1A+/CD1E+	Dendritic cell	DC	0.850312933717355	97.8260869565217	-0.214606532290258	38	B. Extended lineage markers	False		0		not_observed_in_other_atlas_top50_lists	Absence from another top-50 list is not proof of absent expression.
LDLRAD4	5	3	5	3	2	Dendritic;T cell;pDC	DC1 CLEC9A+;DC2 CD1A+/CD1E+;DC2 CLEC10A+;T regulatory;pDC	Dendritic cell;Regulatory T;pDC	DC;T	0.888508466590779	90.9933774834437	1.67583209439355	11	D. Shared/functional markers	False		0		cross_immune_lineage	Absence from another top-50 list is not proof of absent expression.
LEPROTL1	1	1	1	1	1	T cell	helper T CD4+ CDR7+	CD4 T	T	0.710721660436201	76.2356733524355	1.02531671023516	40	B. Extended lineage markers	False		0		not_observed_in_other_atlas_top50_lists	Absence from another top-50 list is not proof of absent expression.
LGALS1	2	1	2	1	1	Macrophage	Macrophage CHI3L1+/CD9 hi/;Macrophage RETN+/VCAN+	Inflammatory macrophage	Macrophage	0.736407204161919	98.1350362038101	2.35568657856836	4	B. Extended lineage markers	True		0		not_observed_in_other_atlas_top50_lists	Absence from another top-50 list is not proof of absent expression.
LGALS2	1	1	1	1	1	Dendritic	DC1 CLEC9A+	Dendritic cell	DC	0.844010664779801	71.9775070290534	3.04469901148077	27	B. Extended lineage markers	True		0		not_observed_in_other_atlas_top50_lists	Absence from another top-50 list is not proof of absent expression.
LGALS3	1	1	1	1	1	Macrophage	Macrophage CHI3L1+/CD9 hi/	Inflammatory macrophage	Macrophage	0.744464515446472	96.8440885539331	2.73718297056312	23	B. Extended lineage markers	True		0		not_observed_in_other_atlas_top50_lists	Absence from another top-50 list is not proof of absent expression.
LGMN	2	1	2	2	1	Macrophage	Macrophage C1Q hi;Macrophage CHI3L1+/CD9 hi/	Alveolar/resident macrophage;Inflammatory macrophage	Macrophage	0.784983032353188	78.4496622708266	3.17518815140135	2	B. Extended lineage markers	True		0		not_observed_in_other_atlas_top50_lists	Absence from another top-50 list is not proof of absent expression.
LILRA5	2	1	2	1	1	Monocyte	Monocytes CD14+/IL1B;Monocytes CD16+	Monocyte	Monocyte	0.76078844790405	57.6538269134567	3.78912170601818	19	B. Extended lineage markers	True		0		not_observed_in_other_atlas_top50_lists	Absence from another top-50 list is not proof of absent expression.
LILRB2	1	1	1	1	1	Monocyte	Monocytes CD16+	Monocyte	Monocyte	0.77524379058592	63.8402534600634	3.38028957035442	13	B. Extended lineage markers	True		0		not_observed_in_other_atlas_top50_lists	Absence from another top-50 list is not proof of absent expression.
LILRB4	1	1	1	1	1	Macrophage	Macrophage CHI3L1+/CD9 hi/	Inflammatory macrophage	Macrophage	0.744726064789912	62.1073227290844	3.51497360163066	22	B. Extended lineage markers	True		0		not_observed_in_other_atlas_top50_lists	Absence from another top-50 list is not proof of absent expression.
LIMS1	1	1	1	1	1	Macrophage	Macrophage RETN+/VCAN+	Inflammatory macrophage	Macrophage	0.684113629293264	84.7249311994015	2.17766072573535	31	B. Extended lineage markers	False		0		not_observed_in_other_atlas_top50_lists	Absence from another top-50 list is not proof of absent expression.
LINC00152	1	1	1	1	1	B/Plasma	Plasma B	Plasma	Plasma	0.715515709474055	62.9482071713147	2.25734128595736	28	B. Extended lineage markers	False		0		not_observed_in_other_atlas_top50_lists	Absence from another top-50 list is not proof of absent expression.
LINC00486	1	1	1	1	1	Macrophage FABP4+	Macrophage FABP4+/PDE4C+	Alveolar/resident macrophage	Macrophage	0.797624212611965	90.0552486187845	0.549825732860084	34	B. Extended lineage markers	False		0		not_observed_in_other_atlas_top50_lists	Absence from another top-50 list is not proof of absent expression.
LINC00926	1	1	1	1	1	B/Plasma	B cell	B	B	0.75430185974342	51.4336689180578	5.79827824484823	29	B. Extended lineage markers	True		0		not_observed_in_other_atlas_top50_lists	Absence from another top-50 list is not proof of absent expression.
LIPA	1	1	1	1	1	Macrophage	Macrophage CHI3L1+/CD9 hi/	Inflammatory macrophage	Macrophage	0.800259416460523	82.118917352078	3.39296979483045	7	C. State-associated markers	True		0		not_observed_in_other_atlas_top50_lists	Absence from another top-50 list is not proof of absent expression.
LPIN1	1	1	1	1	1	pDC	pDC	pDC	DC	0.809835945532084	70.4635761589404	1.85892565728332	46	B. Extended lineage markers	False		0		not_observed_in_other_atlas_top50_lists	Absence from another top-50 list is not proof of absent expression.
LPL	1	1	1	1	1	Macrophage FABP4+	Macrophage FABP4+	Alveolar/resident macrophage	Macrophage	0.803779706328304	75.4004871422549	4.58533870541009	41	B. Extended lineage markers	False		0		not_observed_in_other_atlas_top50_lists	Absence from another top-50 list is not proof of absent expression.
LPP	1	1	1	1	1	B/Plasma	B cell LRMP+	B	B	0.904944520914901	94.9367088607595	1.63835402631954	32	D. Shared/functional markers	False		1	Smooth Muscle	immune_and_nonimmune_overlap	Absence from another top-50 list is not proof of absent expression.
LRMP	1	1	1	1	1	B/Plasma	B cell LRMP+	B	B	0.975260618650386	96.2025316455696	4.42768917574139	2	C. State-associated markers	True		0		not_observed_in_other_atlas_top50_lists	Absence from another top-50 list is not proof of absent expression.
LSAMP	1	1	1	1	1	Macrophage FABP4+	Macrophage FABP4+/PDE4C+	Alveolar/resident macrophage	Macrophage	0.796161068890073	76.0589318600368	2.4683461810843	37	B. Extended lineage markers	False		0		not_observed_in_other_atlas_top50_lists	Absence from another top-50 list is not proof of absent expression.
LSP1	2	1	2	1	1	Dendritic	DC LAMP3+/CCR7+;DC2 CLEC10A+	Dendritic cell	DC	0.833333640250569	85.3139013452915	1.04181438175582	31	B. Extended lineage markers	False		0		not_observed_in_other_atlas_top50_lists	Absence from another top-50 list is not proof of absent expression.
LST1	5	2	5	2	2	Dendritic;Monocyte	DC2 C1QC+;DC2 CD1A+/CD1E+;DC2 CLEC10A+;Monocytes CD14+/IL1B;Monocytes CD16+	Dendritic cell;Monocyte	DC;Monocyte	0.912996033889819	97.5845410628019	2.50453495490991	2	D. Shared/functional markers	False		0		cross_immune_lineage	Absence from another top-50 list is not proof of absent expression.
LTA4H	1	1	1	1	1	Macrophage FABP4+	Macrophage FABP4+	Alveolar/resident macrophage	Macrophage	0.789746916612911	83.5331865661155	4.16137728363689	49	B. Extended lineage markers	False		0		not_observed_in_other_atlas_top50_lists	Absence from another top-50 list is not proof of absent expression.
LTB	5	3	5	4	3	B/Plasma;Dendritic;T cell	B cell;B cell LRMP+;DC2 CD1A+/CD1E+;T regulatory;helper T CD4+ CDR7+	B;CD4 T;Dendritic cell;Regulatory T	B;DC;T	0.939910457418591	90.5797101449275	3.44923530470449	9	D. Shared/functional markers	False		0		cross_immune_lineage	Absence from another top-50 list is not proof of absent expression.
LTC4S	1	1	1	1	1	Basophil/Mast	Basophil/Mast	Mast/Basophil	Mast/Basophil	0.817931989711541	67.6129032258064	3.405514988192	10	B. Extended lineage markers	True		0		not_observed_in_other_atlas_top50_lists	Absence from another top-50 list is not proof of absent expression.
LY9	1	1	1	1	1	B/Plasma	B cell	B	B	0.727926804529281	47.1772651968905	4.99667052645146	38	B. Extended lineage markers	False		0		not_observed_in_other_atlas_top50_lists	Absence from another top-50 list is not proof of absent expression.
LYN	1	1	1	1	1	Monocyte	Monocytes CD16+	Monocyte	Monocyte	0.781020966935192	86.7433716858429	2.18324647588963	10	B. Extended lineage markers	True		0		not_observed_in_other_atlas_top50_lists	Absence from another top-50 list is not proof of absent expression.
LYVE1	1	1	1	1	1	Macrophage	Macrophage LYVE1+	Alveolar/resident macrophage	Macrophage	0.824718726026213	66.5562913907285	3.61558480324691	5	C. State-associated markers	True		0		not_observed_in_other_atlas_top50_lists	Absence from another top-50 list is not proof of absent expression.
LYZ	1	1	1	1	1	Monocyte	Monocytes CD14+/IL1B	Monocyte	Monocyte	0.701495908650128	75.8356164383562	1.6247785046011	26	B. Extended lineage markers	False		0		not_observed_in_other_atlas_top50_lists	Absence from another top-50 list is not proof of absent expression.
MAFB	1	1	1	1	1	Macrophage	Macrophage C1Q hi	Alveolar/resident macrophage	Macrophage	0.688669368454902	70.2219363139273	1.59039551823083	46	B. Extended lineage markers	False		0		not_observed_in_other_atlas_top50_lists	Absence from another top-50 list is not proof of absent expression.
MALAT1	1	1	1	1	1	B/Plasma	Plasma B	Plasma	Plasma	0.688254471244096	99.5019920318725	0.158183063538635	36	D. Shared/functional markers	False	housekeeping/stress	1	Mesothelial	immune_and_nonimmune_overlap	Absence from another top-50 list is not proof of absent expression.
MAOB	1	1	1	1	1	Basophil/Mast	Basophil/Mast	Mast/Basophil	Mast/Basophil	0.73340770471125	48.8172043010753	3.45995852085462	22	B. Extended lineage markers	True		0		not_observed_in_other_atlas_top50_lists	Absence from another top-50 list is not proof of absent expression.
MAP2K1	1	1	1	1	1	Monocyte	Monocytes CD14+	Monocyte	Monocyte	0.711653796722263	80.2793296089385	1.8094636197181	27	B. Extended lineage markers	False		0		not_observed_in_other_atlas_top50_lists	Absence from another top-50 list is not proof of absent expression.
MAP3K8	3	2	3	3	2	Macrophage;Monocyte	Macrophage IL1B+;Macrophage LYVE1+;Monocytes CD14+	Alveolar/resident macrophage;Inflammatory macrophage;Monocyte	Macrophage;Monocyte	0.755858993204213	87.7483443708609	1.53728784567423	25	D. Shared/functional markers	False		0		cross_immune_lineage	Absence from another top-50 list is not proof of absent expression.
MAP4K4	1	1	1	1	1	B/Plasma	B cell LRMP+	B	B	0.922647738021437	93.6708860759494	1.62941128020521	21	C. State-associated markers	True		0		not_observed_in_other_atlas_top50_lists	Absence from another top-50 list is not proof of absent expression.
MARCKSL1	1	1	1	1	1	B/Plasma	B cell LRMP+	B	B	0.927858487228269	91.1392405063291	2.64388166115022	18	D. Shared/functional markers	False		1	Ionocyte	immune_and_nonimmune_overlap	Absence from another top-50 list is not proof of absent expression.
MARCO	3	2	3	2	1	Macrophage;Macrophage FABP4+	Macrophage FABP4+;Macrophage FABP4+/PDE4C+;Macrophage RETN+/VCAN+	Alveolar/resident macrophage;Inflammatory macrophage	Macrophage	0.876995370505838	96.5009208103131	4.57786898200325	6	A. Lineage-core	True		0		not_observed_in_other_atlas_top50_lists	Absence from another top-50 list is not proof of absent expression.
MCEMP1	1	1	1	1	1	Macrophage FABP4+	Macrophage FABP4+	Alveolar/resident macrophage	Macrophage	0.870939346344379	85.185488781676	5.60562707055642	9	B. Extended lineage markers	True		0		not_observed_in_other_atlas_top50_lists	Absence from another top-50 list is not proof of absent expression.
MCOLN2	2	1	2	1	1	Dendritic	DC1 CLEC9A+;DC2 CD1A+/CD1E+	Dendritic cell	DC	0.859690202406603	74.2268041237113	3.43011613890572	22	B. Extended lineage markers;C. State-associated markers	True		0		not_observed_in_other_atlas_top50_lists	Absence from another top-50 list is not proof of absent expression.
MCTP2	3	2	3	3	2	B/Plasma;NK	Activated NK XCL1+;B cell LRMP+;NK	Activated NK;B;NK	B;NK	0.883297949190823	84.8101265822785	4.07798542306548	13	D. Shared/functional markers	False		0		cross_immune_lineage	Absence from another top-50 list is not proof of absent expression.
MED13L	1	1	1	1	1	Dendritic	DC LAMP3+/CCR7+	Dendritic cell	DC	0.819004607946826	85.0896860986547	0.90809281189192	43	B. Extended lineage markers	False		0		not_observed_in_other_atlas_top50_lists	Absence from another top-50 list is not proof of absent expression.
MEF2C	4	2	4	3	3	B/Plasma;Dendritic	B cell;B cell LRMP+;DC2 C1QC+;Plasma B	B;Dendritic cell;Plasma	B;DC;Plasma	0.899945248693233	89.873417721519	2.4552302544642	23	D. Shared/functional markers	False		0		cross_immune_lineage	Absence from another top-50 list is not proof of absent expression.
MERTK	1	1	1	1	1	Macrophage	Macrophage C1Q hi	Alveolar/resident macrophage	Macrophage	0.711487247230795	52.6600192988099	2.87511968333097	18	B. Extended lineage markers	False		0		not_observed_in_other_atlas_top50_lists	Absence from another top-50 list is not proof of absent expression.
MFSD1	1	1	1	1	1	Macrophage	Macrophage C1Q hi	Alveolar/resident macrophage	Macrophage	0.703969903304239	74.274686394339	1.67513449458579	30	B. Extended lineage markers	False		0		not_observed_in_other_atlas_top50_lists	Absence from another top-50 list is not proof of absent expression.
MGAT5	2	1	2	1	1	B/Plasma	B cell;B cell LRMP+	B	B	0.890422799414199	89.873417721519	3.2734483323927	17	B. Extended lineage markers	True		0		not_observed_in_other_atlas_top50_lists	Absence from another top-50 list is not proof of absent expression.
MMP19	2	1	2	1	1	Macrophage	Macrophage IL1B+;Macrophage RETN+/VCAN+	Inflammatory macrophage	Macrophage	0.684846309851302	67.3139902326918	2.60326718007728	30	B. Extended lineage markers	False		0		not_observed_in_other_atlas_top50_lists	Absence from another top-50 list is not proof of absent expression.
MNDA	1	1	1	1	1	Monocyte	Monocytes CD14+/IL1B	Monocyte	Monocyte	0.727984153728256	75.2876712328767	1.53182134037521	15	B. Extended lineage markers	True		0		not_observed_in_other_atlas_top50_lists	Absence from another top-50 list is not proof of absent expression.
MOB1B	1	1	1	1	1	pDC	pDC	pDC	DC	0.830090041482999	73.9072847682119	2.33770783229523	34	B. Extended lineage markers	False		0		not_observed_in_other_atlas_top50_lists	Absence from another top-50 list is not proof of absent expression.
MPEG1	1	1	1	1	1	Monocyte	Monocytes CD14+/IL1B	Monocyte	Monocyte	0.675771042672466	46.9223744292237	1.88285225337488	35	B. Extended lineage markers	False		0		not_observed_in_other_atlas_top50_lists	Absence from another top-50 list is not proof of absent expression.
MPP1	1	1	1	1	1	Macrophage	Macrophage RETN+/VCAN+	Inflammatory macrophage	Macrophage	0.675465182382137	61.656023726187	2.55402211913279	44	B. Extended lineage markers	False		0		not_observed_in_other_atlas_top50_lists	Absence from another top-50 list is not proof of absent expression.
MRC1	4	3	4	3	2	Dendritic;Macrophage;Macrophage FABP4+	DC CXCL2+/CD14+/CD1C-;Macrophage C1Q hi;Macrophage FABP4+;Macrophage RETN+/VCAN+	Alveolar/resident macrophage;Dendritic cell;Inflammatory macrophage	DC;Macrophage	0.836626465688713	92.0066513654035	4.03894569296879	8	D. Shared/functional markers	False		0		cross_immune_lineage	Absence from another top-50 list is not proof of absent expression.
MS4A1	2	1	2	1	1	B/Plasma	B cell;B cell LRMP+	B	B	0.977036360420837	96.2025316455696	6.95953427983963	1	A. Lineage-core	True		0		not_observed_in_other_atlas_top50_lists	Absence from another top-50 list is not proof of absent expression.
MS4A2	1	1	1	1	1	Basophil/Mast	Basophil/Mast	Mast/Basophil	Mast/Basophil	0.852289682884708	70.5376344086021	6.9515480962635	8	A. Lineage-core	True		0		not_observed_in_other_atlas_top50_lists	Absence from another top-50 list is not proof of absent expression.
MS4A4A	2	1	2	2	1	Macrophage	Macrophage C1Q hi;Macrophage CHI3L1+/CD9 hi/	Alveolar/resident macrophage;Inflammatory macrophage	Macrophage	0.745810063541593	77.0498931120693	2.67561119493854	17	B. Extended lineage markers	True		0		not_observed_in_other_atlas_top50_lists	Absence from another top-50 list is not proof of absent expression.
MS4A6A	6	3	6	3	3	Dendritic;Macrophage;Monocyte	DC CXCL2+/CD14+/CD1C-;DC2 C1QC+;DC2 CLEC10A+;Macrophage C1Q hi;Macrophage LYVE1+;Monocytes CD14+/IL1B	Alveolar/resident macrophage;Dendritic cell;Monocyte	DC;Macrophage;Monocyte	0.883997914828731	93.4478371501272	2.21352259569317	3	D. Shared/functional markers	False		0		cross_immune_lineage	Absence from another top-50 list is not proof of absent expression.
MS4A6E	1	1	1	1	1	Macrophage FABP4+	Macrophage FABP4+/PDE4C+	Alveolar/resident macrophage	Macrophage	0.816651182628608	87.292817679558	1.12900462243238	17	C. State-associated markers	True		0		not_observed_in_other_atlas_top50_lists	Absence from another top-50 list is not proof of absent expression.
MSR1	2	1	2	1	1	Macrophage FABP4+	Macrophage FABP4+;Macrophage FABP4+/PDE4C+	Alveolar/resident macrophage	Macrophage	0.895723059525724	94.8434622467772	4.64309674939795	5	A. Lineage-core	True		0		not_observed_in_other_atlas_top50_lists	Absence from another top-50 list is not proof of absent expression.
MT-ND4L	1	1	1	1	1	Macrophage FABP4+	Macrophage FABP4+/PDE4C+	Alveolar/resident macrophage	Macrophage	0.800230704460065	99.6316758747698	-0.149146380701275	26	D. Shared/functional markers	False	housekeeping/stress	0		shared_functional_program	Absence from another top-50 list is not proof of absent expression.
MT-ND6	1	1	1	1	1	Macrophage FABP4+	Macrophage FABP4+/PDE4C+	Alveolar/resident macrophage	Macrophage	0.792039218244962	93.9226519337017	0.0977570007294428	42	D. Shared/functional markers	False	housekeeping/stress	0		shared_functional_program	Absence from another top-50 list is not proof of absent expression.
MT1E	1	1	1	1	1	Macrophage	Macrophage LYVE1+	Alveolar/resident macrophage	Macrophage	0.758900106517543	71.1920529801324	1.16727059843117	22	D. Shared/functional markers	False		2	Mesothelial;dividing AT2	immune_and_nonimmune_overlap	Absence from another top-50 list is not proof of absent expression.
MT1G	1	1	1	1	1	Macrophage	Macrophage LYVE1+	Alveolar/resident macrophage	Macrophage	0.826489612337331	70.5298013245033	3.26471053674536	4	C. State-associated markers	True		0		not_observed_in_other_atlas_top50_lists	Absence from another top-50 list is not proof of absent expression.
MT1X	1	1	1	1	1	Macrophage	Macrophage LYVE1+	Alveolar/resident macrophage	Macrophage	0.869425893152745	90.3973509933775	1.53045452057617	2	D. Shared/functional markers	False		2	Mesothelial;Peribronchial	immune_and_nonimmune_overlap	Absence from another top-50 list is not proof of absent expression.
MT2A	1	1	1	1	1	Macrophage	Macrophage LYVE1+	Alveolar/resident macrophage	Macrophage	0.90509244488113	99.3377483443709	0.834917716170803	1	D. Shared/functional markers	False		3	Lipofibroblast;Mesothelial;Peribronchial	immune_and_nonimmune_overlap	Absence from another top-50 list is not proof of absent expression.
MTSS1	2	2	2	2	2	Macrophage;Monocyte	Macrophage LYVE1+;Monocytes CD16+	Alveolar/resident macrophage;Monocyte	Macrophage;Monocyte	0.776080213563183	70.6019676504919	2.67100723843559	12	D. Shared/functional markers	False		0		cross_immune_lineage	Absence from another top-50 list is not proof of absent expression.
MXD1	2	2	2	2	2	Dendritic;Monocyte	DC CXCL2+/CD14+/CD1C-;Monocytes CD14+	Dendritic cell;Monocyte	DC;Monocyte	0.737130325892979	71.075146892073	1.86991435874945	30	D. Shared/functional markers	False		0		cross_immune_lineage	Absence from another top-50 list is not proof of absent expression.
MYH9	1	1	1	1	1	T cell	helper T CD4+	CD4 T	T	0.755534913555642	86.8351503138421	1.5712615886305	37	B. Extended lineage markers	False		0		not_observed_in_other_atlas_top50_lists	Absence from another top-50 list is not proof of absent expression.
MZB1	1	1	1	1	1	B/Plasma	Plasma B	Plasma	Plasma	0.910900360767208	82.4701195219124	8.07773697284533	1	B. Extended lineage markers	True		0		not_observed_in_other_atlas_top50_lists	Absence from another top-50 list is not proof of absent expression.
NAAA	1	1	1	1	1	Dendritic	DC1 CLEC9A+	Dendritic cell	DC	0.840247255709185	76.9447047797563	1.86590846905093	29	B. Extended lineage markers	True		0		not_observed_in_other_atlas_top50_lists	Absence from another top-50 list is not proof of absent expression.
NAIP	1	1	1	1	1	Monocyte	Monocytes CD14+/IL1B	Monocyte	Monocyte	0.728594525970896	60.0	2.02698997921547	14	B. Extended lineage markers	True		0		not_observed_in_other_atlas_top50_lists	Absence from another top-50 list is not proof of absent expression.
NAMPT	6	3	6	4	3	Dendritic;Macrophage;Monocyte	DC CXCL2+/CD14+/CD1C-;Macrophage IL1B+;Macrophage LYVE1+;Monocytes CD14+;Monocytes CD14+/IL1B;Monocytes CD16+	Alveolar/resident macrophage;Dendritic cell;Inflammatory macrophage;Monocyte	DC;Macrophage;Monocyte	0.85086856403631	98.1644054269753	2.14214439751603	1	D. Shared/functional markers	False		0		cross_immune_lineage	Absence from another top-50 list is not proof of absent expression.
NAV1	1	1	1	1	1	Dendritic	DC LAMP3+/CCR7+	Dendritic cell	DC	0.83958102221557	74.4394618834081	2.43727573434808	29	B. Extended lineage markers	True		0		not_observed_in_other_atlas_top50_lists	Absence from another top-50 list is not proof of absent expression.
NCALD	2	1	2	2	1	NK	Activated NK XCL1+;NK	Activated NK;NK	NK	0.751415039752744	58.6933614330875	3.12944578693072	10	D. Shared/functional markers	False		1	Ionocyte	immune_and_nonimmune_overlap	Absence from another top-50 list is not proof of absent expression.
NCOA3	2	1	2	1	1	B/Plasma	B cell;B cell LRMP+	B	B	0.944279097884902	94.9367088607595	2.38001425060528	10	B. Extended lineage markers;C. State-associated markers	True		0		not_observed_in_other_atlas_top50_lists	Absence from another top-50 list is not proof of absent expression.
NDRG2	1	1	1	1	1	Dendritic	DC2 CD1A+/CD1E+	Dendritic cell	DC	0.85958924526983	76.0869565217391	2.22215189599066	32	B. Extended lineage markers	False		0		not_observed_in_other_atlas_top50_lists	Absence from another top-50 list is not proof of absent expression.
NFKB1	4	3	4	3	3	Dendritic;Macrophage;NK	Activated NK XCL1+;DC LAMP3+/CCR7+;DC2 CLEC10A+;Macrophage IL1B+	Activated NK;Dendritic cell;Inflammatory macrophage	DC;Macrophage;NK	0.884878631676134	92.8251121076233	1.75069677348309	14	D. Shared/functional markers	False		0		cross_immune_lineage	Absence from another top-50 list is not proof of absent expression.
NFKBIA	1	1	1	1	1	Macrophage	Macrophage IL1B+	Inflammatory macrophage	Macrophage	0.728996553702591	93.4041941970698	1.39544217585042	11	B. Extended lineage markers	True		0		not_observed_in_other_atlas_top50_lists	Absence from another top-50 list is not proof of absent expression.
NKG7	3	2	3	3	2	NK;T cell	Activated NK XCL1+;Cytotoxic T;NK	Activated NK;Cytotoxic T;NK	NK;T	0.974413656639614	98.0300262133609	5.2324420354994	1	D. Shared/functional markers	False	cytotoxicity	0		cross_immune_lineage	Absence from another top-50 list is not proof of absent expression.
NLK	1	1	1	1	1	B/Plasma	B cell LRMP+	B	B	0.909681460931758	87.3417721518987	2.70290624968407	29	B. Extended lineage markers	True		0		not_observed_in_other_atlas_top50_lists	Absence from another top-50 list is not proof of absent expression.
NLRP3	4	3	4	3	3	Dendritic;Macrophage;Monocyte	DC CXCL2+/CD14+/CD1C-;Macrophage IL1B+;Monocytes CD14+;Monocytes CD14+/IL1B	Dendritic cell;Inflammatory macrophage;Monocyte	DC;Macrophage;Monocyte	0.762727944591638	67.9968076616121	2.7443580814181	13	D. Shared/functional markers	False		0		cross_immune_lineage	Absence from another top-50 list is not proof of absent expression.
NOL4L	1	1	1	1	1	NK	Activated NK XCL1+	Activated NK	NK	0.68131707199789	47.2075869336143	0.781029982973985	48	B. Extended lineage markers	False		0		not_observed_in_other_atlas_top50_lists	Absence from another top-50 list is not proof of absent expression.
NPC2	2	2	2	2	2	Dendritic;Macrophage	DC2 C1QC+;Macrophage CHI3L1+/CD9 hi/	Dendritic cell;Inflammatory macrophage	DC;Macrophage	0.743270780861909	99.1094147582697	1.8469748899944	26	D. Shared/functional markers	False		3	AT2;dividing AT2;pre AT2	cross_immune_lineage	Absence from another top-50 list is not proof of absent expression.
NPL	1	1	1	1	1	Macrophage	Macrophage C1Q hi	Alveolar/resident macrophage	Macrophage	0.687860077735621	55.7027983274365	2.12437536305259	48	B. Extended lineage markers	False		0		not_observed_in_other_atlas_top50_lists	Absence from another top-50 list is not proof of absent expression.
NR4A2	1	1	1	1	1	Dendritic	DC CXCL2+/CD14+/CD1C-	Dendritic cell	DC	0.716588518431116	74.1882280177301	1.38372206825356	43	B. Extended lineage markers	False		0		not_observed_in_other_atlas_top50_lists	Absence from another top-50 list is not proof of absent expression.
NR4A3	2	1	2	1	1	Dendritic	DC LAMP3+/CCR7+;DC2 CLEC10A+	Dendritic cell	DC	0.844416058659047	81.390134529148	2.13270711990979	17	B. Extended lineage markers;C. State-associated markers	True		0		not_observed_in_other_atlas_top50_lists	Absence from another top-50 list is not proof of absent expression.
NTM	1	1	1	1	1	Basophil/Mast	Basophil/Mast	Mast/Basophil	Mast/Basophil	0.674415749883609	38.0215053763441	2.02776655072759	44	B. Extended lineage markers	False		0		not_observed_in_other_atlas_top50_lists	Absence from another top-50 list is not proof of absent expression.
OGFRL1	1	1	1	1	1	Dendritic	DC2 C1QC+	Dendritic cell	DC	0.73953602829517	63.6132315521629	0.96582762387038	50	B. Extended lineage markers	False		0		not_observed_in_other_atlas_top50_lists	Absence from another top-50 list is not proof of absent expression.
OLR1	3	2	3	2	1	Macrophage;Macrophage FABP4+	Macrophage FABP4+;Macrophage IL1B+;Macrophage RETN+/VCAN+	Alveolar/resident macrophage;Inflammatory macrophage	Macrophage	0.845679709449599	92.0007962902244	4.10549197266654	10	B. Extended lineage markers	True		0		not_observed_in_other_atlas_top50_lists	Absence from another top-50 list is not proof of absent expression.
OXSR1	1	1	1	1	1	Dendritic	DC1 CLEC9A+	Dendritic cell	DC	0.835755767052893	83.1302717900656	1.60151566582881	32	B. Extended lineage markers	False		0		not_observed_in_other_atlas_top50_lists	Absence from another top-50 list is not proof of absent expression.
PAG1	1	1	1	1	1	Monocyte	Monocytes CD16+	Monocyte	Monocyte	0.740435646306667	73.9369684842421	2.39455103139064	23	B. Extended lineage markers	True		0		not_observed_in_other_atlas_top50_lists	Absence from another top-50 list is not proof of absent expression.
PAK1	3	2	3	2	2	Basophil/Mast;Dendritic	Basophil/Mast;DC2 C1QC+;DC2 CD1A+/CD1E+	Dendritic cell;Mast/Basophil	DC;Mast/Basophil	0.899985780929078	87.43961352657	1.45960486943732	18	D. Shared/functional markers	False		0		cross_immune_lineage	Absence from another top-50 list is not proof of absent expression.
PAPSS2	1	1	1	1	1	Macrophage	Macrophage LYVE1+	Alveolar/resident macrophage	Macrophage	0.761148610926913	73.5099337748344	0.323431302803509	21	C. State-associated markers	True		0		not_observed_in_other_atlas_top50_lists	Absence from another top-50 list is not proof of absent expression.
PARP8	7	2	7	5	2	NK;T cell	Activated NK XCL1+;CD8+ Naive T;Cytotoxic T;NK;T CD4+ JUN+;helper T CD4+;helper T CD4+ CDR7+	Activated NK;CD4 T;CD8 T;Cytotoxic T;NK	NK;T	0.895955753895493	89.8557692307692	3.30042951680707	3	D. Shared/functional markers	False		0		cross_immune_lineage	Absence from another top-50 list is not proof of absent expression.
PBX4	5	1	5	3	1	T cell	CD8+ Naive T;T CD4+ JUN+;T regulatory;helper T CD4+;helper T CD4+ CDR7+	CD4 T;CD8 T;Regulatory T	T	0.877769759231962	80.4426825239511	4.0619554152242	3	B. Extended lineage markers;C. State-associated markers	True		0		not_observed_in_other_atlas_top50_lists	Absence from another top-50 list is not proof of absent expression.
PDE3B	1	1	1	1	1	T cell	helper T CD4+ CDR7+	CD4 T	T	0.736943590733356	64.7922636103152	1.99303997857375	26	B. Extended lineage markers	True		0		not_observed_in_other_atlas_top50_lists	Absence from another top-50 list is not proof of absent expression.
PDE4B	3	3	3	3	3	Macrophage;Monocyte;pDC	Macrophage IL1B+;Monocytes CD14+;pDC	Inflammatory macrophage;Monocyte;pDC	DC;Macrophage;Monocyte	0.850888385499321	88.0794701986755	1.72352661297404	24	D. Shared/functional markers	False		0		cross_immune_lineage	Absence from another top-50 list is not proof of absent expression.
PDE4C	1	1	1	1	1	Macrophage FABP4+	Macrophage FABP4+/PDE4C+	Alveolar/resident macrophage	Macrophage	0.798245006291188	62.0626151012891	3.54358278116943	31	B. Extended lineage markers	False		0		not_observed_in_other_atlas_top50_lists	Absence from another top-50 list is not proof of absent expression.
PDK1	1	1	1	1	1	B/Plasma	Plasma B	Plasma	Plasma	0.673995501678699	43.5258964143426	1.90796050007969	45	B. Extended lineage markers	False		0		not_observed_in_other_atlas_top50_lists	Absence from another top-50 list is not proof of absent expression.
PELI1	2	2	2	2	2	Dendritic;Macrophage	DC LAMP3+/CCR7+;Macrophage LYVE1+	Alveolar/resident macrophage;Dendritic cell	DC;Macrophage	0.828277317670503	87.780269058296	0.999962833685667	29	D. Shared/functional markers	False		0		cross_immune_lineage	Absence from another top-50 list is not proof of absent expression.
PFKFB3	3	2	3	2	2	Dendritic;Monocyte	DC1 CLEC9A+;Monocytes CD14+;Monocytes CD16+	Dendritic cell;Monocyte	DC;Monocyte	0.891017249726323	89.8781630740394	1.85344918356671	9	D. Shared/functional markers	False		0		cross_immune_lineage	Absence from another top-50 list is not proof of absent expression.
PFN1	1	1	1	1	1	Macrophage	Macrophage RETN+/VCAN+	Inflammatory macrophage	Macrophage	0.673842320772333	97.3014134181206	2.04667915765074	49	B. Extended lineage markers	False		0		not_observed_in_other_atlas_top50_lists	Absence from another top-50 list is not proof of absent expression.
PHF20	1	1	1	1	1	Basophil/Mast	Basophil/Mast	Mast/Basophil	Mast/Basophil	0.663846314415442	71.3978494623656	0.440108498161619	50	B. Extended lineage markers	False		0		not_observed_in_other_atlas_top50_lists	Absence from another top-50 list is not proof of absent expression.
PICALM	1	1	1	1	1	Dendritic	DC1 CLEC9A+	Dendritic cell	DC	0.824598765786284	90.0656044985942	1.12120355903176	42	B. Extended lineage markers	False		0		not_observed_in_other_atlas_top50_lists	Absence from another top-50 list is not proof of absent expression.
PIM2	1	1	1	1	1	B/Plasma	Plasma B	Plasma	Plasma	0.786490174362751	63.2470119521912	3.16391717427107	7	B. Extended lineage markers	True		0		not_observed_in_other_atlas_top50_lists	Absence from another top-50 list is not proof of absent expression.
PIP4K2A	3	3	3	3	3	B/Plasma;NK;T cell	B cell LRMP+;Cytotoxic T;NK	B;Cytotoxic T;NK	B;NK;T	0.894819408377265	91.1392405063291	2.95770530459715	23	D. Shared/functional markers	False		0		cross_immune_lineage	Absence from another top-50 list is not proof of absent expression.
PITPNC1	5	2	5	4	2	NK;T cell	CD8+ Naive T;Cytotoxic T;NK;helper T CD4+;helper T CD4+ CDR7+	CD4 T;CD8 T;Cytotoxic T;NK	NK;T	0.787110516867621	78.525641025641	2.6865219748611	23	D. Shared/functional markers	False		0		cross_immune_lineage	Absence from another top-50 list is not proof of absent expression.
PKIB	3	1	3	1	1	Dendritic	DC2 C1QC+;DC2 CD1A+/CD1E+;DC2 CLEC10A+	Dendritic cell	DC	0.975671952272177	96.6183574879227	3.407303265989	3	C. State-associated markers	True		0		not_observed_in_other_atlas_top50_lists	Absence from another top-50 list is not proof of absent expression.
PLA2G7	1	1	1	1	1	Macrophage	Macrophage CHI3L1+/CD9 hi/	Inflammatory macrophage	Macrophage	0.764248003925303	61.973259900721	4.04986724274794	13	C. State-associated markers	True		0		not_observed_in_other_atlas_top50_lists	Absence from another top-50 list is not proof of absent expression.
PLAC8	2	2	2	2	2	NK;pDC	NK;pDC	NK;pDC	DC;NK	0.835131933406627	79.4701986754967	1.89868887348866	31	D. Shared/functional markers	False		0		cross_immune_lineage	Absence from another top-50 list is not proof of absent expression.
PLAUR	4	3	4	3	3	Dendritic;Macrophage;Monocyte	DC CXCL2+/CD14+/CD1C-;Macrophage IL1B+;Macrophage RETN+/VCAN+;Monocytes CD14+	Dendritic cell;Inflammatory macrophage;Monocyte	DC;Macrophage;Monocyte	0.783144887722157	93.168629704108	2.2193310511982	6	D. Shared/functional markers	False		0		cross_immune_lineage	Absence from another top-50 list is not proof of absent expression.
PLCG2	3	2	3	2	2	B/Plasma;NK	Activated NK XCL1+;B cell;B cell LRMP+	Activated NK;B	B;NK	0.956821087348255	96.2025316455696	3.21471172442409	7	D. Shared/functional markers	False		0		cross_immune_lineage	Absence from another top-50 list is not proof of absent expression.
PLD3	1	1	1	1	1	Macrophage	Macrophage C1Q hi	Alveolar/resident macrophage	Macrophage	0.687979930418978	74.2682534577034	1.88299172879349	47	B. Extended lineage markers	False		0		not_observed_in_other_atlas_top50_lists	Absence from another top-50 list is not proof of absent expression.
PLD4	2	2	2	2	1	Dendritic;pDC	DC2 C1QC+;pDC	Dendritic cell;pDC	DC	0.829068099236982	67.0198675496689	3.67474250981398	31	B. Extended lineage markers	False		0		not_observed_in_other_atlas_top50_lists	Absence from another top-50 list is not proof of absent expression.
PLEK2	1	1	1	1	1	Dendritic	DC2 CD1A+/CD1E+	Dendritic cell	DC	0.852488332317513	71.4975845410628	4.21890172011422	36	B. Extended lineage markers	False		0		not_observed_in_other_atlas_top50_lists	Absence from another top-50 list is not proof of absent expression.
PLEKHG1	1	1	1	1	1	B/Plasma	B cell	B	B	0.709793741520602	49.3819293997706	3.02096453709868	46	B. Extended lineage markers	False		0		not_observed_in_other_atlas_top50_lists	Absence from another top-50 list is not proof of absent expression.
PLTP	1	1	1	1	1	Macrophage	Macrophage LYVE1+	Alveolar/resident macrophage	Macrophage	0.72911855848459	58.6092715231788	1.41422918318297	43	B. Extended lineage markers	False		0		not_observed_in_other_atlas_top50_lists	Absence from another top-50 list is not proof of absent expression.
PLXDC2	2	2	2	2	2	Dendritic;Macrophage FABP4+	DC CXCL2+/CD14+/CD1C-;Macrophage FABP4+/PDE4C+	Alveolar/resident macrophage;Dendritic cell	DC;Macrophage	0.867418969905361	98.158379373849	1.47064215712615	2	D. Shared/functional markers	False		0		cross_immune_lineage	Absence from another top-50 list is not proof of absent expression.
POLB	1	1	1	1	1	pDC	pDC	pDC	DC	0.83761893806266	71.523178807947	3.06421019574979	29	B. Extended lineage markers	True		0		not_observed_in_other_atlas_top50_lists	Absence from another top-50 list is not proof of absent expression.
POU2AF1	1	1	1	1	1	B/Plasma	Plasma B	Plasma	Plasma	0.776962879430779	57.1713147410359	4.10958934768817	12	B. Extended lineage markers	True		0		not_observed_in_other_atlas_top50_lists	Absence from another top-50 list is not proof of absent expression.
PPARG	2	1	2	1	1	Macrophage FABP4+	Macrophage FABP4+;Macrophage FABP4+/PDE4C+	Alveolar/resident macrophage	Macrophage	0.85387003712922	88.7661141804788	4.83089592073516	12	A. Lineage-core	True		0		not_observed_in_other_atlas_top50_lists	Absence from another top-50 list is not proof of absent expression.
PPP1R16B	7	2	7	5	2	NK;T cell	Activated NK XCL1+;CD8+ Naive T;Cytotoxic T;T CD4+ JUN+;T regulatory;helper T CD4+;helper T CD4+ CDR7+	Activated NK;CD4 T;CD8 T;Cytotoxic T;Regulatory T	NK;T	0.842887638606072	75.9002312520648	3.33799572812038	9	D. Shared/functional markers	False		0		cross_immune_lineage	Absence from another top-50 list is not proof of absent expression.
PPP2R5C	5	2	5	4	2	NK;T cell	CD8+ Naive T;Cytotoxic T;NK;helper T CD4+;helper T CD4+ CDR7+	CD4 T;CD8 T;Cytotoxic T;NK	NK;T	0.834080000921145	90.2420156923417	2.48318488241778	7	D. Shared/functional markers	False		0		cross_immune_lineage	Absence from another top-50 list is not proof of absent expression.
PRDM1	3	2	3	3	2	B/Plasma;T cell	Plasma B;T regulatory;helper T CD4+	CD4 T;Plasma;Regulatory T	Plasma;T	0.774206109814414	64.8662041625372	2.84525276250402	14	D. Shared/functional markers	False		0		cross_immune_lineage	Absence from another top-50 list is not proof of absent expression.
PRDM2	1	1	1	1	1	B/Plasma	B cell	B	B	0.767460526556236	72.1804511278195	2.63974007290279	26	B. Extended lineage markers	True		0		not_observed_in_other_atlas_top50_lists	Absence from another top-50 list is not proof of absent expression.
PRDX4	1	1	1	1	1	B/Plasma	Plasma B	Plasma	Plasma	0.68910136529508	59.6613545816733	1.79614628128052	35	B. Extended lineage markers	False		0		not_observed_in_other_atlas_top50_lists	Absence from another top-50 list is not proof of absent expression.
PRF1	2	2	2	2	2	NK;T cell	Cytotoxic T;NK	Cytotoxic T;NK	NK;T	0.923435638748022	86.5120343156724	5.81052123824836	6	D. Shared/functional markers	False	cytotoxicity	0		cross_immune_lineage	Absence from another top-50 list is not proof of absent expression.
PRKCA	1	1	1	1	1	Basophil/Mast	Basophil/Mast	Mast/Basophil	Mast/Basophil	0.664436095505543	46.2365591397849	1.42229374064311	49	B. Extended lineage markers	False		0		not_observed_in_other_atlas_top50_lists	Absence from another top-50 list is not proof of absent expression.
PRKCB	4	3	4	3	3	B/Plasma;Monocyte;pDC	B cell;Monocytes CD14+/IL1B;Monocytes CD16+;pDC	B;Monocyte;pDC	B;DC;Monocyte	0.827297093900603	83.3112582781457	2.70145745900894	14	D. Shared/functional markers	False		0		cross_immune_lineage	Absence from another top-50 list is not proof of absent expression.
PRKCH	8	2	8	6	2	NK;T cell	Activated NK XCL1+;CD8+ Naive T;Cytotoxic T;NK;T CD4+ JUN+;T regulatory;helper T CD4+;helper T CD4+ CDR7+	Activated NK;CD4 T;CD8 T;Cytotoxic T;NK;Regulatory T	NK;T	0.815253112679177	82.7627293669076	2.92835410306608	18	D. Shared/functional markers	False		0		cross_immune_lineage	Absence from another top-50 list is not proof of absent expression.
PRKX	2	2	2	2	2	Basophil/Mast;NK	Activated NK XCL1+;Basophil/Mast	Activated NK;Mast/Basophil	Mast/Basophil;NK	0.684999686676736	49.1043203371971	1.25970333345945	42	D. Shared/functional markers	False		0		cross_immune_lineage	Absence from another top-50 list is not proof of absent expression.
PRPSAP2	1	1	1	1	1	B/Plasma	B cell LRMP+	B	B	0.898540224951216	83.5443037974684	3.37377351396996	37	B. Extended lineage markers	False		0		not_observed_in_other_atlas_top50_lists	Absence from another top-50 list is not proof of absent expression.
PSAP	5	2	5	2	1	Macrophage;Macrophage FABP4+	Macrophage C1Q hi;Macrophage CHI3L1+/CD9 hi/;Macrophage FABP4+;Macrophage LYVE1+;Macrophage RETN+/VCAN+	Alveolar/resident macrophage;Inflammatory macrophage	Macrophage	0.798566950402609	99.3377483443709	3.19367361515594	6	B. Extended lineage markers;C. State-associated markers	True		0		not_observed_in_other_atlas_top50_lists	Absence from another top-50 list is not proof of absent expression.
PTCD1	1	1	1	1	1	Macrophage FABP4+	Macrophage FABP4+/PDE4C+	Alveolar/resident macrophage	Macrophage	0.780803648375852	79.0055248618785	1.11851257332154	49	B. Extended lineage markers	False		0		not_observed_in_other_atlas_top50_lists	Absence from another top-50 list is not proof of absent expression.
PTGS1	1	1	1	1	1	Basophil/Mast	Basophil/Mast	Mast/Basophil	Mast/Basophil	0.705435560884859	45.1612903225806	2.63203705550016	32	B. Extended lineage markers	False		0		not_observed_in_other_atlas_top50_lists	Absence from another top-50 list is not proof of absent expression.
PTPN1	2	1	2	1	1	Dendritic	DC LAMP3+/CCR7+;DC2 CLEC10A+	Dendritic cell	DC	0.891097541319969	95.1793721973094	1.20074294950532	11	B. Extended lineage markers;C. State-associated markers	True		0		not_observed_in_other_atlas_top50_lists	Absence from another top-50 list is not proof of absent expression.
PTPN2	1	1	1	1	1	Dendritic	DC1 CLEC9A+	Dendritic cell	DC	0.820894403625177	84.4423617619494	0.778885140752004	47	B. Extended lineage markers	False		0		not_observed_in_other_atlas_top50_lists	Absence from another top-50 list is not proof of absent expression.
PTPN22	1	1	1	1	1	T cell	CD8+ Naive T	CD8 T	T	0.759584470122002	60.1762820512821	3.15866176119507	33	B. Extended lineage markers	False		0		not_observed_in_other_atlas_top50_lists	Absence from another top-50 list is not proof of absent expression.
PTPRC	5	2	5	4	2	Monocyte;T cell	CD8+ Naive T;Cytotoxic T;Monocytes CD14+/IL1B;Monocytes CD16+;T regulatory	CD8 T;Cytotoxic T;Monocyte;Regulatory T	Monocyte;T	0.740154265367739	90.8277157696983	1.46709414663081	24	D. Shared/functional markers	False		0		cross_immune_lineage	Absence from another top-50 list is not proof of absent expression.
PTPRE	2	1	2	1	1	Monocyte	Monocytes CD14+;Monocytes CD14+/IL1B	Monocyte	Monocyte	0.716025776852675	73.7899543378995	1.68177223356717	16	B. Extended lineage markers	False		0		not_observed_in_other_atlas_top50_lists	Absence from another top-50 list is not proof of absent expression.
PTPRS	1	1	1	1	1	pDC	pDC	pDC	DC	0.884921790264109	80.9271523178808	3.00423643039082	12	B. Extended lineage markers	True		0		not_observed_in_other_atlas_top50_lists	Absence from another top-50 list is not proof of absent expression.
PYHIN1	1	1	1	1	1	NK	NK	NK	NK	0.718411958956335	45.8733815235523	4.52010440664042	45	B. Extended lineage markers	False		0		not_observed_in_other_atlas_top50_lists	Absence from another top-50 list is not proof of absent expression.
RAB31	1	1	1	1	1	Dendritic	DC CXCL2+/CD14+/CD1C-	Dendritic cell	DC	0.764345154890366	91.2586331306051	1.48316869180017	18	C. State-associated markers	True		0		not_observed_in_other_atlas_top50_lists	Absence from another top-50 list is not proof of absent expression.
RABGAP1L	2	2	2	2	2	B/Plasma;pDC	B cell LRMP+;pDC	B;pDC	B;DC	0.939677937412122	94.9367088607595	1.79589020324044	11	D. Shared/functional markers	False		0		cross_immune_lineage	Absence from another top-50 list is not proof of absent expression.
RAC2	1	1	1	1	1	Basophil/Mast	Basophil/Mast	Mast/Basophil	Mast/Basophil	0.68265571984625	60.1720430107527	0.721913978670051	39	B. Extended lineage markers	False		0		not_observed_in_other_atlas_top50_lists	Absence from another top-50 list is not proof of absent expression.
RALA	2	1	2	1	1	Dendritic	DC2 CD1A+/CD1E+;DC2 CLEC10A+	Dendritic cell	DC	0.848644637640886	86.7149758454106	1.67892183548637	20	B. Extended lineage markers;C. State-associated markers	True		0		not_observed_in_other_atlas_top50_lists	Absence from another top-50 list is not proof of absent expression.
RALGPS2	2	1	2	2	2	B/Plasma	B cell;Plasma B	B;Plasma	B;Plasma	0.803940446316	67.2486300497005	4.04390308570076	11	D. Shared/functional markers	False		0		cross_immune_lineage	Absence from another top-50 list is not proof of absent expression.
RAPGEF2	1	1	1	1	1	pDC	pDC	pDC	DC	0.821980761274016	75.4966887417219	2.14774651148336	40	B. Extended lineage markers	False		0		not_observed_in_other_atlas_top50_lists	Absence from another top-50 list is not proof of absent expression.
RAPGEF5	1	1	1	1	1	B/Plasma	B cell LRMP+	B	B	0.895972165722309	82.2784810126582	2.53895915495376	38	B. Extended lineage markers	False		0		not_observed_in_other_atlas_top50_lists	Absence from another top-50 list is not proof of absent expression.
RBM47	1	1	1	1	1	Macrophage	Macrophage LYVE1+	Alveolar/resident macrophage	Macrophage	0.731826273603909	90.728476821192	-0.422683944436343	42	B. Extended lineage markers	False		0		not_observed_in_other_atlas_top50_lists	Absence from another top-50 list is not proof of absent expression.
RBM6	1	1	1	1	1	B/Plasma	B cell LRMP+	B	B	0.918402064730743	93.6708860759494	1.4636949052314	22	C. State-associated markers	True		0		not_observed_in_other_atlas_top50_lists	Absence from another top-50 list is not proof of absent expression.
RBPJ	2	2	2	2	2	Macrophage;T cell	Macrophage LYVE1+;helper T CD4+	Alveolar/resident macrophage;CD4 T	Macrophage;T	0.795927679096721	91.3445655764784	1.93954053934532	23	D. Shared/functional markers	False		0		cross_immune_lineage	Absence from another top-50 list is not proof of absent expression.
REL	2	1	2	1	1	Dendritic	DC LAMP3+/CCR7+;DC2 CLEC10A+	Dendritic cell	DC	0.876886459587151	95.4035874439462	1.46660194388176	12	C. State-associated markers	True		0		not_observed_in_other_atlas_top50_lists	Absence from another top-50 list is not proof of absent expression.
RELB	1	1	1	1	1	Dendritic	DC LAMP3+/CCR7+	Dendritic cell	DC	0.813120482933329	75.5605381165919	0.889218213345008	48	B. Extended lineage markers	False		0		not_observed_in_other_atlas_top50_lists	Absence from another top-50 list is not proof of absent expression.
RFTN1	1	1	1	1	1	Dendritic	DC LAMP3+/CCR7+	Dendritic cell	DC	0.883369517846012	85.0896860986547	1.551502525521	15	C. State-associated markers	True		0		not_observed_in_other_atlas_top50_lists	Absence from another top-50 list is not proof of absent expression.
RGS1	11	5	11	6	5	B/Plasma;Basophil/Mast;Dendritic;Macrophage;T cell	Basophil/Mast;DC CXCL2+/CD14+/CD1C-;DC LAMP3+/CCR7+;DC2 C1QC+;DC2 CD1A+/CD1E+;DC2 CLEC10A+;Macrophage C1Q hi;Plasma B;T CD4+ JUN+;T regulatory;helper T CD4+	Alveolar/resident macrophage;CD4 T;Dendritic cell;Mast/Basophil;Plasma;Regulatory T	DC;Macrophage;Mast/Basophil;Plasma;T	0.907904223044055	93.8931297709924	1.92798799691499	2	D. Shared/functional markers	False		0		cross_immune_lineage	Absence from another top-50 list is not proof of absent expression.
RGS10	5	1	5	1	1	Dendritic	DC CXCL2+/CD14+/CD1C-;DC1 CLEC9A+;DC2 C1QC+;DC2 CD1A+/CD1E+;DC2 CLEC10A+	Dendritic cell	DC	0.867021304998995	91.8575063613232	1.27924260750299	9	B. Extended lineage markers;C. State-associated markers	True		0		not_observed_in_other_atlas_top50_lists	Absence from another top-50 list is not proof of absent expression.
RGS13	2	2	2	2	2	B/Plasma;Basophil/Mast	B cell LRMP+;Basophil/Mast	B;Mast/Basophil	B;Mast/Basophil	0.913553942965226	83.5443037974684	4.94664840412988	12	D. Shared/functional markers	False		0		cross_immune_lineage	Absence from another top-50 list is not proof of absent expression.
RGS2	8	4	8	4	4	Basophil/Mast;Dendritic;Macrophage;Monocyte	Basophil/Mast;DC CXCL2+/CD14+/CD1C-;DC2 CLEC10A+;Macrophage C1Q hi;Macrophage LYVE1+;Monocytes CD14+;Monocytes CD14+/IL1B;Monocytes CD16+	Alveolar/resident macrophage;Dendritic cell;Mast/Basophil;Monocyte	DC;Macrophage;Mast/Basophil;Monocyte	0.809124108772655	84.2696629213483	1.96737799870531	8	D. Shared/functional markers	False		0		cross_immune_lineage	Absence from another top-50 list is not proof of absent expression.
RHOH	8	3	8	5	3	B/Plasma;Basophil/Mast;T cell	B cell;B cell LRMP+;Basophil/Mast;CD8+ Naive T;T CD4+ JUN+;T regulatory;helper T CD4+;helper T CD4+ CDR7+	B;CD4 T;CD8 T;Mast/Basophil;Regulatory T	B;Mast/Basophil;T	0.903489213270741	88.6075949367088	2.74630436891634	8	D. Shared/functional markers	False		0		cross_immune_lineage	Absence from another top-50 list is not proof of absent expression.
RILPL2	1	1	1	1	1	Monocyte	Monocytes CD14+	Monocyte	Monocyte	0.687696396516986	72.1308858739026	1.58204744272743	42	B. Extended lineage markers	False		0		not_observed_in_other_atlas_top50_lists	Absence from another top-50 list is not proof of absent expression.
RIN3	1	1	1	1	1	Monocyte	Monocytes CD16+	Monocyte	Monocyte	0.71147276272834	70.5269301317325	1.90860187765817	37	B. Extended lineage markers	False		0		not_observed_in_other_atlas_top50_lists	Absence from another top-50 list is not proof of absent expression.
RNASE1	1	1	1	1	1	Macrophage	Macrophage LYVE1+	Alveolar/resident macrophage	Macrophage	0.834106727389425	91.7218543046358	0.254050567228449	3	D. Shared/functional markers	False		5	AT1;AT2;Club;Club & AT1;pre AT2	immune_and_nonimmune_overlap	Absence from another top-50 list is not proof of absent expression.
RNASE2	1	1	1	1	1	Monocyte	Monocytes CD14+/IL1B	Monocyte	Monocyte	0.675739457201116	40.0730593607306	3.08150317998349	36	B. Extended lineage markers	False		0		not_observed_in_other_atlas_top50_lists	Absence from another top-50 list is not proof of absent expression.
RNASE6	2	1	2	1	1	Dendritic	DC CXCL2+/CD14+/CD1C-;DC2 C1QC+	Dendritic cell	DC	0.837784791993535	80.9160305343512	2.01124333652194	12	C. State-associated markers	True		0		not_observed_in_other_atlas_top50_lists	Absence from another top-50 list is not proof of absent expression.
RNF125	6	2	6	5	2	NK;T cell	Activated NK XCL1+;CD8+ Naive T;Cytotoxic T;NK;helper T CD4+;helper T CD4+ CDR7+	Activated NK;CD4 T;CD8 T;Cytotoxic T;NK	NK;T	0.769404078186756	61.9425173439049	3.16926062819931	16	D. Shared/functional markers	False		0		cross_immune_lineage	Absence from another top-50 list is not proof of absent expression.
RNF130	1	1	1	1	1	Macrophage	Macrophage CHI3L1+/CD9 hi/	Inflammatory macrophage	Macrophage	0.758582728320271	88.4669734410667	2.42371991900108	17	C. State-associated markers	True		0		not_observed_in_other_atlas_top50_lists	Absence from another top-50 list is not proof of absent expression.
RNF144B	3	2	3	2	2	Macrophage;Monocyte	Macrophage IL1B+;Monocytes CD14+;Monocytes CD16+	Inflammatory macrophage;Monocyte	Macrophage;Monocyte	0.79216585851951	81.3156578289145	2.6973542004808	7	D. Shared/functional markers	False		0		cross_immune_lineage	Absence from another top-50 list is not proof of absent expression.
RNF149	1	1	1	1	1	Monocyte	Monocytes CD16+	Monocyte	Monocyte	0.714428865343321	87.0351842587961	1.41771816033769	35	B. Extended lineage markers	False		0		not_observed_in_other_atlas_top50_lists	Absence from another top-50 list is not proof of absent expression.
RNF19A	5	1	5	3	1	T cell	CD8+ Naive T;T CD4+ JUN+;T regulatory;helper T CD4+;helper T CD4+ CDR7+	CD4 T;CD8 T;Regulatory T	T	0.852318591220834	86.1744301288404	2.99089297360266	7	B. Extended lineage markers	True		0		not_observed_in_other_atlas_top50_lists	Absence from another top-50 list is not proof of absent expression.
RORA-AS1	1	1	1	1	1	T cell	helper T CD4+	CD4 T	T	0.761756947478474	58.7215064420218	3.45792843258182	35	B. Extended lineage markers	False		0		not_observed_in_other_atlas_top50_lists	Absence from another top-50 list is not proof of absent expression.
RP11-138A9.2	1	1	1	1	1	T cell	helper T CD4+	CD4 T	T	0.818691619531734	77.3372976544433	3.03311999353318	16	B. Extended lineage markers	True		0		not_observed_in_other_atlas_top50_lists	Absence from another top-50 list is not proof of absent expression.
RP11-20I23.1	1	1	1	1	1	Macrophage FABP4+	Macrophage FABP4+/PDE4C+	Alveolar/resident macrophage	Macrophage	0.81028455053095	87.6611418047882	1.04770788277168	21	C. State-associated markers	True		0		not_observed_in_other_atlas_top50_lists	Absence from another top-50 list is not proof of absent expression.
RP11-277P12.6	1	1	1	1	1	NK	Activated NK XCL1+	Activated NK	NK	0.687236736478399	39.1991570073762	2.25068270355028	41	B. Extended lineage markers	False		0		not_observed_in_other_atlas_top50_lists	Absence from another top-50 list is not proof of absent expression.
RP11-295K3.1	2	2	2	1	1	Macrophage;Macrophage FABP4+	Macrophage C1Q hi;Macrophage FABP4+/PDE4C+	Alveolar/resident macrophage	Macrophage	0.867462071961315	91.8968692449355	2.41039246042615	1	B. Extended lineage markers;C. State-associated markers	True		0		not_observed_in_other_atlas_top50_lists	Absence from another top-50 list is not proof of absent expression.
RP11-354E11.2	1	1	1	1	1	Basophil/Mast	Basophil/Mast	Mast/Basophil	Mast/Basophil	0.707605280767374	41.6774193548387	4.89456062713204	30	B. Extended lineage markers	False		0		not_observed_in_other_atlas_top50_lists	Absence from another top-50 list is not proof of absent expression.
RPL17-C18orf32	2	2	2	2	2	B/Plasma;NK	Activated NK XCL1+;B cell	Activated NK;B	B;NK	0.714841571058837	84.9315068493151	1.72475045807539	31	D. Shared/functional markers	False	housekeeping/stress	0		cross_immune_lineage	Absence from another top-50 list is not proof of absent expression.
RPS27	1	1	1	1	1	B/Plasma	B cell	B	B	0.753478748293795	99.9872562762839	0.990483273910003	30	D. Shared/functional markers	False	housekeeping/stress	0		shared_functional_program	Absence from another top-50 list is not proof of absent expression.
RPS29	1	1	1	1	1	B/Plasma	B cell	B	B	0.716032516940431	99.8853064865554	0.983110516531752	43	D. Shared/functional markers	False	housekeeping/stress	0		shared_functional_program	Absence from another top-50 list is not proof of absent expression.
RUBCN	1	1	1	1	1	pDC	pDC	pDC	DC	0.901180355252152	84.2384105960265	2.92855096055596	7	B. Extended lineage markers	True		0		not_observed_in_other_atlas_top50_lists	Absence from another top-50 list is not proof of absent expression.
RUNX2	2	2	2	2	2	NK;T cell	Activated NK XCL1+;helper T CD4+	Activated NK;CD4 T	NK;T	0.756618834100882	58.1103402708953	3.49502816232551	36	D. Shared/functional markers	False		0		cross_immune_lineage	Absence from another top-50 list is not proof of absent expression.
RUNX3	4	2	4	4	2	NK;T cell	Activated NK XCL1+;CD8+ Naive T;Cytotoxic T;NK	Activated NK;CD8 T;Cytotoxic T;NK	NK;T	0.804196221969233	70.1442307692308	3.18473204608078	15	D. Shared/functional markers	False		0		cross_immune_lineage	Absence from another top-50 list is not proof of absent expression.
S100A10	1	1	1	1	1	Macrophage	Macrophage RETN+/VCAN+	Inflammatory macrophage	Macrophage	0.676230409755747	96.6655088572421	2.38592621010672	42	B. Extended lineage markers	False		0		not_observed_in_other_atlas_top50_lists	Absence from another top-50 list is not proof of absent expression.
S100A11	1	1	1	1	1	Macrophage	Macrophage RETN+/VCAN+	Inflammatory macrophage	Macrophage	0.679432891800962	98.4102385978037	2.15870438496532	39	B. Extended lineage markers	False		0		not_observed_in_other_atlas_top50_lists	Absence from another top-50 list is not proof of absent expression.
S100A12	2	1	2	1	1	Monocyte	Monocytes CD14+;Monocytes CD14+/IL1B	Monocyte	Monocyte	0.850254846831497	73.7534246575343	4.74688970378689	4	D. Shared/functional markers	False	inflammation	0		shared_functional_program	Absence from another top-50 list is not proof of absent expression.
S100A4	2	2	2	2	2	Macrophage;Monocyte	Macrophage RETN+/VCAN+;Monocytes CD14+/IL1B	Inflammatory macrophage;Monocyte	Macrophage;Monocyte	0.696331693642946	97.4246575342466	2.15345372382398	21	D. Shared/functional markers	False		0		cross_immune_lineage	Absence from another top-50 list is not proof of absent expression.
S100A8	4	2	4	3	2	Macrophage;Monocyte	Macrophage LYVE1+;Macrophage RETN+/VCAN+;Monocytes CD14+;Monocytes CD14+/IL1B	Alveolar/resident macrophage;Inflammatory macrophage;Monocyte	Macrophage;Monocyte	0.923146711695184	96.7305936073059	3.89586348808874	1	D. Shared/functional markers	False	inflammation	0		cross_immune_lineage	Absence from another top-50 list is not proof of absent expression.
S100A9	4	2	4	3	2	Macrophage;Monocyte	Macrophage LYVE1+;Macrophage RETN+/VCAN+;Monocytes CD14+;Monocytes CD14+/IL1B	Alveolar/resident macrophage;Inflammatory macrophage;Monocyte	Macrophage;Monocyte	0.895251096715648	97.0949720670391	3.43729540234176	2	D. Shared/functional markers	False	inflammation	0		cross_immune_lineage	Absence from another top-50 list is not proof of absent expression.
S100B	3	1	3	1	1	Dendritic	DC1 CLEC9A+;DC2 C1QC+;DC2 CD1A+/CD1E+	Dendritic cell	DC	0.987498560385403	97.8260869565217	5.64716608922514	1	B. Extended lineage markers;C. State-associated markers	True		0		not_observed_in_other_atlas_top50_lists	Absence from another top-50 list is not proof of absent expression.
SAMD12	1	1	1	1	1	B/Plasma	B cell LRMP+	B	B	0.91697261360559	86.0759493670886	3.16725485475366	23	C. State-associated markers	True		0		not_observed_in_other_atlas_top50_lists	Absence from another top-50 list is not proof of absent expression.
SAMSN1	7	4	7	5	4	Basophil/Mast;Dendritic;Macrophage;Monocyte	Basophil/Mast;DC CXCL2+/CD14+/CD1C-;Macrophage IL1B+;Macrophage LYVE1+;Monocytes CD14+;Monocytes CD14+/IL1B;Monocytes CD16+	Alveolar/resident macrophage;Dendritic cell;Inflammatory macrophage;Mast/Basophil;Monocyte	DC;Macrophage;Mast/Basophil;Monocyte	0.815821810709745	93.6632083000798	2.13231383744067	5	D. Shared/functional markers	False		0		cross_immune_lineage	Absence from another top-50 list is not proof of absent expression.
SARAF	1	1	1	1	1	T cell	helper T CD4+ CDR7+	CD4 T	T	0.700206854057653	93.0873925501433	0.513378007008034	47	B. Extended lineage markers	False		0		not_observed_in_other_atlas_top50_lists	Absence from another top-50 list is not proof of absent expression.
SAT1	3	3	3	3	3	Dendritic;Macrophage;Monocyte	DC CXCL2+/CD14+/CD1C-;Macrophage IL1B+;Monocytes CD16+	Dendritic cell;Inflammatory macrophage;Monocyte	DC;Macrophage;Monocyte	0.772142358819769	99.8582624645656	1.32246186800595	14	D. Shared/functional markers	False		0		cross_immune_lineage	Absence from another top-50 list is not proof of absent expression.
SCHLAP1	1	1	1	1	1	Macrophage FABP4+	Macrophage FABP4+/PDE4C+	Alveolar/resident macrophage	Macrophage	0.798417837733456	91.8968692449355	0.753775742631195	29	B. Extended lineage markers	True		0		not_observed_in_other_atlas_top50_lists	Absence from another top-50 list is not proof of absent expression.
SDC2	1	1	1	1	1	Macrophage	Macrophage CHI3L1+/CD9 hi/	Inflammatory macrophage	Macrophage	0.73894802429864	69.5931011993188	3.20957742964319	29	B. Extended lineage markers	True		0		not_observed_in_other_atlas_top50_lists	Absence from another top-50 list is not proof of absent expression.
SDCBP	1	1	1	1	1	Macrophage	Macrophage CHI3L1+/CD9 hi/	Inflammatory macrophage	Macrophage	0.718013461974634	93.9236928874235	2.04341830977925	50	B. Extended lineage markers	False		0		not_observed_in_other_atlas_top50_lists	Absence from another top-50 list is not proof of absent expression.
SDF2L1	1	1	1	1	1	B/Plasma	Plasma B	Plasma	Plasma	0.670102116724827	58.0677290836653	1.37408715421511	49	B. Extended lineage markers	False		0		not_observed_in_other_atlas_top50_lists	Absence from another top-50 list is not proof of absent expression.
SEC11C	1	1	1	1	1	B/Plasma	Plasma B	Plasma	Plasma	0.745045156418172	69.5219123505976	2.16826589446125	19	D. Shared/functional markers	False		1	Ionocyte	immune_and_nonimmune_overlap	Absence from another top-50 list is not proof of absent expression.
SEC14L1	2	2	2	2	2	Dendritic;Monocyte	DC2 CLEC10A+;Monocytes CD16+	Dendritic cell;Monocyte	DC;Monocyte	0.739658171853803	75.3838280450358	1.63627258006886	29	D. Shared/functional markers	False		0		cross_immune_lineage	Absence from another top-50 list is not proof of absent expression.
SEC61B	1	1	1	1	1	pDC	pDC	pDC	DC	0.813193731932151	94.3046357615894	-0.204258367014897	44	B. Extended lineage markers	False		0		not_observed_in_other_atlas_top50_lists	Absence from another top-50 list is not proof of absent expression.
SEL1L3	3	2	3	3	3	B/Plasma;pDC	B cell LRMP+;Plasma B;pDC	B;Plasma;pDC	B;DC;Plasma	0.961624409884169	97.4683544303797	2.57386528387148	5	D. Shared/functional markers	False		0		cross_immune_lineage	Absence from another top-50 list is not proof of absent expression.
SELL	1	1	1	1	1	Monocyte	Monocytes CD14+/IL1B	Monocyte	Monocyte	0.667305268316027	37.6803652968037	2.74501580631944	42	B. Extended lineage markers	False		0		not_observed_in_other_atlas_top50_lists	Absence from another top-50 list is not proof of absent expression.
SEPT6	1	1	1	1	1	Dendritic	DC1 CLEC9A+	Dendritic cell	DC	0.889458187371052	87.066541705717	1.89109388482365	12	C. State-associated markers	True		0		not_observed_in_other_atlas_top50_lists	Absence from another top-50 list is not proof of absent expression.
SERPINA1	2	1	2	1	1	Macrophage FABP4+	Macrophage FABP4+;Macrophage FABP4+/PDE4C+	Alveolar/resident macrophage	Macrophage	0.851676474157039	95.2117863720074	4.29434737015093	13	D. Shared/functional markers	False		1	pre AT2	immune_and_nonimmune_overlap	Absence from another top-50 list is not proof of absent expression.
SERPINB9	4	2	4	2	2	Dendritic;Monocyte	DC1 CLEC9A+;DC2 CLEC10A+;Monocytes CD14+;Monocytes CD16+	Dendritic cell;Monocyte	DC;Monocyte	0.897604311650441	88.7535145267104	2.00897287245777	8	D. Shared/functional markers	False		0		cross_immune_lineage	Absence from another top-50 list is not proof of absent expression.
SFMBT1	1	1	1	1	1	T cell	helper T CD4+ CDR7+	CD4 T	T	0.697522065026101	48.8359598853868	2.51168637656296	49	B. Extended lineage markers	False		0		not_observed_in_other_atlas_top50_lists	Absence from another top-50 list is not proof of absent expression.
SGK1	3	2	3	3	2	Dendritic;Macrophage	DC2 CLEC10A+;Macrophage C1Q hi;Macrophage CHI3L1+/CD9 hi/	Alveolar/resident macrophage;Dendritic cell;Inflammatory macrophage	DC;Macrophage	0.762735774518213	83.0774479699761	2.41927185351626	25	D. Shared/functional markers	False		0		cross_immune_lineage	Absence from another top-50 list is not proof of absent expression.
SH3BGRL3	2	1	2	1	1	Macrophage	Macrophage CHI3L1+/CD9 hi/;Macrophage RETN+/VCAN+	Inflammatory macrophage	Macrophage	0.741808619652278	96.1375412152614	2.51598236360488	27	B. Extended lineage markers	True		0		not_observed_in_other_atlas_top50_lists	Absence from another top-50 list is not proof of absent expression.
SH3KBP1	1	1	1	1	1	B/Plasma	B cell LRMP+	B	B	0.893540723308379	89.873417721519	1.31416178997173	44	B. Extended lineage markers	False		0		not_observed_in_other_atlas_top50_lists	Absence from another top-50 list is not proof of absent expression.
SIK3	1	1	1	1	1	NK	Activated NK XCL1+	Activated NK	NK	0.687726107391724	79.4520547945205	-0.421029151642208	40	B. Extended lineage markers	False		0		not_observed_in_other_atlas_top50_lists	Absence from another top-50 list is not proof of absent expression.
SIPA1L1	5	3	5	3	3	Dendritic;Macrophage;Monocyte	DC CXCL2+/CD14+/CD1C-;DC2 CLEC10A+;Macrophage LYVE1+;Monocytes CD14+;Monocytes CD16+	Alveolar/resident macrophage;Dendritic cell;Monocyte	DC;Macrophage;Monocyte	0.7698929146915	86.0927152317881	2.14723538667992	15	D. Shared/functional markers	False		0		cross_immune_lineage	Absence from another top-50 list is not proof of absent expression.
SIPA1L3	1	1	1	1	1	Dendritic	DC1 CLEC9A+	Dendritic cell	DC	0.885835589390138	82.4742268041237	3.37031881372586	13	C. State-associated markers	True		0		not_observed_in_other_atlas_top50_lists	Absence from another top-50 list is not proof of absent expression.
SKAP1	8	2	8	6	2	NK;T cell	Activated NK XCL1+;CD8+ Naive T;Cytotoxic T;NK;T CD4+ JUN+;T regulatory;helper T CD4+;helper T CD4+ CDR7+	Activated NK;CD4 T;CD8 T;Cytotoxic T;NK;Regulatory T	NK;T	0.851724329727728	76.9050958391772	3.41374044758625	3	D. Shared/functional markers	False		0		cross_immune_lineage	Absence from another top-50 list is not proof of absent expression.
SLA2	1	1	1	1	1	NK	NK	NK	NK	0.726262782622949	48.3199618714751	4.36827476053342	42	B. Extended lineage markers	False		0		not_observed_in_other_atlas_top50_lists	Absence from another top-50 list is not proof of absent expression.
SLAMF7	1	1	1	1	1	B/Plasma	Plasma B	Plasma	Plasma	0.682809867529929	39.6414342629482	2.90510811138938	38	B. Extended lineage markers	False		0		not_observed_in_other_atlas_top50_lists	Absence from another top-50 list is not proof of absent expression.
SLC11A1	2	2	2	2	1	Macrophage;Macrophage FABP4+	Macrophage FABP4+;Macrophage RETN+/VCAN+	Alveolar/resident macrophage;Inflammatory macrophage	Macrophage	0.819877740553155	91.3731322310178	3.75809775344414	6	B. Extended lineage markers	True		0		not_observed_in_other_atlas_top50_lists	Absence from another top-50 list is not proof of absent expression.
SLC15A4	1	1	1	1	1	pDC	pDC	pDC	DC	0.870287820490314	80.6622516556291	2.23554681896661	19	B. Extended lineage markers	True		0		not_observed_in_other_atlas_top50_lists	Absence from another top-50 list is not proof of absent expression.
SLC16A10	3	1	3	2	1	Macrophage	Macrophage C1Q hi;Macrophage IL1B+;Macrophage RETN+/VCAN+	Alveolar/resident macrophage;Inflammatory macrophage	Macrophage	0.715429087055249	75.4093651249641	2.61731268454622	13	B. Extended lineage markers	False		0		not_observed_in_other_atlas_top50_lists	Absence from another top-50 list is not proof of absent expression.
SLC18A2	1	1	1	1	1	Basophil/Mast	Basophil/Mast	Mast/Basophil	Mast/Basophil	0.747586432744039	50.8817204301075	4.45458770073174	19	B. Extended lineage markers	True		0		not_observed_in_other_atlas_top50_lists	Absence from another top-50 list is not proof of absent expression.
SLC1A3	2	1	2	2	1	Macrophage	Macrophage C1Q hi;Macrophage CHI3L1+/CD9 hi/	Alveolar/resident macrophage;Inflammatory macrophage	Macrophage	0.727883532006425	68.2017464400884	2.6794826050486	19	B. Extended lineage markers	False		0		not_observed_in_other_atlas_top50_lists	Absence from another top-50 list is not proof of absent expression.
SLC22A23	1	1	1	1	1	Dendritic	DC LAMP3+/CCR7+	Dendritic cell	DC	0.846291070434407	71.9730941704036	3.75257834733386	26	B. Extended lineage markers	True		0		not_observed_in_other_atlas_top50_lists	Absence from another top-50 list is not proof of absent expression.
SLC24A3	1	1	1	1	1	Basophil/Mast	Basophil/Mast	Mast/Basophil	Mast/Basophil	0.774637180898013	56.4301075268817	4.83055623540921	15	B. Extended lineage markers	True		0		not_observed_in_other_atlas_top50_lists	Absence from another top-50 list is not proof of absent expression.
SLC25A37	2	1	2	1	1	Monocyte	Monocytes CD14+;Monocytes CD14+/IL1B	Monocyte	Monocyte	0.740264792574472	68.2043096568236	2.35970507577166	19	B. Extended lineage markers	True		0		not_observed_in_other_atlas_top50_lists	Absence from another top-50 list is not proof of absent expression.
SLC26A2	1	1	1	1	1	Basophil/Mast	Basophil/Mast	Mast/Basophil	Mast/Basophil	0.692617280063406	44.989247311828	2.21781406356804	37	B. Extended lineage markers	False		0		not_observed_in_other_atlas_top50_lists	Absence from another top-50 list is not proof of absent expression.
SLC2A3	2	1	2	1	1	Monocyte	Monocytes CD14+;Monocytes CD14+/IL1B	Monocyte	Monocyte	0.74094584682756	83.7270550678372	1.66911283182691	18	B. Extended lineage markers	True		0		not_observed_in_other_atlas_top50_lists	Absence from another top-50 list is not proof of absent expression.
SLC38A1	1	1	1	1	1	Dendritic	DC2 CD1A+/CD1E+	Dendritic cell	DC	0.856844884455597	79.951690821256	1.20727739974421	33	B. Extended lineage markers	False		0		not_observed_in_other_atlas_top50_lists	Absence from another top-50 list is not proof of absent expression.
SLC41A2	1	1	1	1	1	Dendritic	DC LAMP3+/CCR7+	Dendritic cell	DC	0.824704389305132	71.0762331838565	2.37364259305821	40	B. Extended lineage markers	False		0		not_observed_in_other_atlas_top50_lists	Absence from another top-50 list is not proof of absent expression.
SLC7A5	1	1	1	1	1	pDC	pDC	pDC	DC	0.880751909302488	82.2516556291391	2.05184945240088	14	B. Extended lineage markers	True		0		not_observed_in_other_atlas_top50_lists	Absence from another top-50 list is not proof of absent expression.
SLC8A1	3	2	3	2	2	Dendritic;Macrophage FABP4+	DC2 CD1A+/CD1E+;DC2 CLEC10A+;Macrophage FABP4+/PDE4C+	Alveolar/resident macrophage;Dendritic cell	DC;Macrophage	0.825932839462498	84.8987108655617	1.82559287211974	40	D. Shared/functional markers	False		0		cross_immune_lineage	Absence from another top-50 list is not proof of absent expression.
SLCO2B1	1	1	1	1	1	Macrophage	Macrophage C1Q hi	Alveolar/resident macrophage	Macrophage	0.730216031764151	72.2933419105822	2.16334774732886	13	B. Extended lineage markers	True		0		not_observed_in_other_atlas_top50_lists	Absence from another top-50 list is not proof of absent expression.
SLFN12L	1	1	1	1	1	T cell	T CD4+ JUN+	CD4 T	T	0.691159518184037	42.9716981132075	1.8022771556929	48	B. Extended lineage markers	False		0		not_observed_in_other_atlas_top50_lists	Absence from another top-50 list is not proof of absent expression.
SMAP2	4	3	4	3	3	B/Plasma;Dendritic;Monocyte	B cell;DC LAMP3+/CCR7+;DC2 CLEC10A+;Monocytes CD16+	B;Dendritic cell;Monocyte	B;DC;Monocyte	0.833881999649936	91.2195743596279	1.93299186780825	10	D. Shared/functional markers	False		0		cross_immune_lineage	Absence from another top-50 list is not proof of absent expression.
SMCHD1	3	2	3	3	2	B/Plasma;T cell	B cell;T regulatory;helper T CD4+ CDR7+	B;CD4 T;Regulatory T	B;T	0.79597377685228	85.2682553842233	2.33824140364175	13	D. Shared/functional markers	False		0		cross_immune_lineage	Absence from another top-50 list is not proof of absent expression.
SMYD3	1	1	1	1	1	Basophil/Mast	Basophil/Mast	Mast/Basophil	Mast/Basophil	0.700732729502938	63.3548387096774	0.847578139983486	34	B. Extended lineage markers	False		0		not_observed_in_other_atlas_top50_lists	Absence from another top-50 list is not proof of absent expression.
SNTB1	1	1	1	1	1	Macrophage FABP4+	Macrophage FABP4+/PDE4C+	Alveolar/resident macrophage	Macrophage	0.815987671525973	87.292817679558	1.22818382427923	19	C. State-associated markers	True		0		not_observed_in_other_atlas_top50_lists	Absence from another top-50 list is not proof of absent expression.
SNX10	1	1	1	1	1	Macrophage FABP4+	Macrophage FABP4+	Alveolar/resident macrophage	Macrophage	0.834493179938995	85.3365497212984	4.4326386301572	23	B. Extended lineage markers	True		0		not_observed_in_other_atlas_top50_lists	Absence from another top-50 list is not proof of absent expression.
SNX29	1	1	1	1	1	B/Plasma	B cell LRMP+	B	B	0.894933100591254	91.1392405063291	1.49348541828623	41	B. Extended lineage markers	False		0		not_observed_in_other_atlas_top50_lists	Absence from another top-50 list is not proof of absent expression.
SNX9	2	2	2	2	2	Macrophage;pDC	Macrophage LYVE1+;pDC	Alveolar/resident macrophage;pDC	DC;Macrophage	0.820603069812636	87.8145695364238	0.464987140631766	18	D. Shared/functional markers	False		0		cross_immune_lineage	Absence from another top-50 list is not proof of absent expression.
SOCS1	1	1	1	1	1	Basophil/Mast	Basophil/Mast	Mast/Basophil	Mast/Basophil	0.681315468006371	48.6881720430108	1.67615330570765	40	B. Extended lineage markers	False		0		not_observed_in_other_atlas_top50_lists	Absence from another top-50 list is not proof of absent expression.
SOD2	1	1	1	1	1	Macrophage	Macrophage IL1B+	Inflammatory macrophage	Macrophage	0.763282559206826	94.2717609882218	1.51451759162631	8	D. Shared/functional markers	False		1	Mesothelial	immune_and_nonimmune_overlap	Absence from another top-50 list is not proof of absent expression.
SPCS2	1	1	1	1	1	B/Plasma	Plasma B	Plasma	Plasma	0.670269329277006	71.5139442231076	0.946591609143574	48	B. Extended lineage markers	False		0		not_observed_in_other_atlas_top50_lists	Absence from another top-50 list is not proof of absent expression.
SPECC1	1	1	1	1	1	Dendritic	DC LAMP3+/CCR7+	Dendritic cell	DC	0.837494638262965	72.7578475336323	2.82000352251226	32	B. Extended lineage markers	False		0		not_observed_in_other_atlas_top50_lists	Absence from another top-50 list is not proof of absent expression.
SPI1	1	1	1	1	1	Macrophage FABP4+	Macrophage FABP4+	Alveolar/resident macrophage	Macrophage	0.816498282029875	87.5076115977329	4.11871001665203	33	B. Extended lineage markers	False		0		not_observed_in_other_atlas_top50_lists	Absence from another top-50 list is not proof of absent expression.
SPOCK2	2	1	2	2	1	T cell	T regulatory;helper T CD4+ CDR7+	CD4 T;Regulatory T	T	0.780809055432763	60.7293127629734	2.63225574284893	14	B. Extended lineage markers;C. State-associated markers	True		0		not_observed_in_other_atlas_top50_lists	Absence from another top-50 list is not proof of absent expression.
SPON2	1	1	1	1	1	NK	NK	NK	NK	0.810611905546687	71.0779251727699	3.63387967333354	24	B. Extended lineage markers	True		0		not_observed_in_other_atlas_top50_lists	Absence from another top-50 list is not proof of absent expression.
SPP1	1	1	1	1	1	Macrophage	Macrophage CHI3L1+/CD9 hi/	Inflammatory macrophage	Macrophage	0.797210292579441	68.2524729156853	4.99466118403413	9	D. Shared/functional markers	False	inflammation	0		shared_functional_program	Absence from another top-50 list is not proof of absent expression.
SRGN	10	4	10	5	4	Basophil/Mast;Dendritic;Macrophage;Monocyte	Basophil/Mast;DC CXCL2+/CD14+/CD1C-;DC2 C1QC+;DC2 CLEC10A+;Macrophage IL1B+;Macrophage LYVE1+;Macrophage RETN+/VCAN+;Monocytes CD14+;Monocytes CD14+/IL1B;Monocytes CD16+	Alveolar/resident macrophage;Dendritic cell;Inflammatory macrophage;Mast/Basophil;Monocyte	DC;Macrophage;Mast/Basophil;Monocyte	0.823325575261663	99.6688741721854	1.87201814669022	5	D. Shared/functional markers	False		0		cross_immune_lineage	Absence from another top-50 list is not proof of absent expression.
SSH2	1	1	1	1	1	B/Plasma	B cell	B	B	0.720109052603671	76.6662418758761	2.02032585909203	41	B. Extended lineage markers	False		0		not_observed_in_other_atlas_top50_lists	Absence from another top-50 list is not proof of absent expression.
SSR4	1	1	1	1	1	B/Plasma	Plasma B	Plasma	Plasma	0.781639974541197	85.1593625498008	2.03636834226134	9	B. Extended lineage markers	True		0		not_observed_in_other_atlas_top50_lists	Absence from another top-50 list is not proof of absent expression.
ST6GAL1	3	1	3	2	2	B/Plasma	B cell;B cell LRMP+;Plasma B	B;Plasma	B;Plasma	0.959385269322667	94.9367088607595	3.57230715167274	6	D. Shared/functional markers	False		0		cross_immune_lineage	Absence from another top-50 list is not proof of absent expression.
STAM	1	1	1	1	1	T cell	T regulatory	Regulatory T	T	0.713694701176971	54.4179523141655	1.58091330805979	49	B. Extended lineage markers	False		0		not_observed_in_other_atlas_top50_lists	Absence from another top-50 list is not proof of absent expression.
STAP1	1	1	1	1	1	B/Plasma	B cell LRMP+	B	B	0.894304173753368	79.746835443038	4.15549086422369	43	D. Shared/functional markers	False		1	Ionocyte	immune_and_nonimmune_overlap	Absence from another top-50 list is not proof of absent expression.
STAT4	8	2	8	6	2	NK;T cell	Activated NK XCL1+;CD8+ Naive T;Cytotoxic T;NK;T CD4+ JUN+;T regulatory;helper T CD4+;helper T CD4+ CDR7+	Activated NK;CD4 T;CD8 T;Cytotoxic T;NK;Regulatory T	NK;T	0.800389204590728	71.4423076923077	3.05160578332523	14	D. Shared/functional markers	False		0		cross_immune_lineage	Absence from another top-50 list is not proof of absent expression.
STK17B	8	3	8	5	3	Dendritic;Monocyte;T cell	CD8+ Naive T;DC1 CLEC9A+;DC2 CD1A+/CD1E+;DC2 CLEC10A+;Monocytes CD16+;T CD4+ JUN+;T regulatory;helper T CD4+	CD4 T;CD8 T;Dendritic cell;Monocyte;Regulatory T	DC;Monocyte;T	0.882885426160418	94.9275362318841	1.45439112208857	19	D. Shared/functional markers	False		0		cross_immune_lineage	Absence from another top-50 list is not proof of absent expression.
STK4	6	3	6	4	3	B/Plasma;Dendritic;T cell	B cell;CD8+ Naive T;DC LAMP3+/CCR7+;T CD4+ JUN+;helper T CD4+;helper T CD4+ CDR7+	B;CD4 T;CD8 T;Dendritic cell	B;DC;T	0.923890590087156	94.6188340807175	1.93188375729647	5	D. Shared/functional markers	False		0		cross_immune_lineage	Absence from another top-50 list is not proof of absent expression.
STRADA	1	1	1	1	1	B/Plasma	B cell LRMP+	B	B	0.90921383879464	87.3417721518987	2.82532158284226	31	B. Extended lineage markers	False		0		not_observed_in_other_atlas_top50_lists	Absence from another top-50 list is not proof of absent expression.
STXBP6	1	1	1	1	1	Basophil/Mast	Basophil/Mast	Mast/Basophil	Mast/Basophil	0.671806280108919	38.8387096774194	1.82747564238515	45	D. Shared/functional markers	False		2	Capillary;Capillary Aerocyte	immune_and_nonimmune_overlap	Absence from another top-50 list is not proof of absent expression.
SVIL	1	1	1	1	1	Macrophage FABP4+	Macrophage FABP4+/PDE4C+	Alveolar/resident macrophage	Macrophage	0.793130351385256	83.0570902394107	1.33193648653226	41	B. Extended lineage markers	False		0		not_observed_in_other_atlas_top50_lists	Absence from another top-50 list is not proof of absent expression.
SYNE2	2	1	2	2	1	T cell	T regulatory;helper T CD4+ CDR7+	CD4 T;Regulatory T	T	0.731737598371992	66.5264142122487	0.957132934337356	37	D. Shared/functional markers	False		1	Ionocyte	immune_and_nonimmune_overlap	Absence from another top-50 list is not proof of absent expression.
SYTL3	9	3	9	7	3	Basophil/Mast;NK;T cell	Activated NK XCL1+;Basophil/Mast;CD8+ Naive T;Cytotoxic T;NK;T CD4+ JUN+;T regulatory;helper T CD4+;helper T CD4+ CDR7+	Activated NK;CD4 T;CD8 T;Cytotoxic T;Mast/Basophil;NK;Regulatory T	Mast/Basophil;NK;T	0.89936353023363	94.3589743589744	2.88650493787541	2	D. Shared/functional markers	False		0		cross_immune_lineage	Absence from another top-50 list is not proof of absent expression.
TANC2	1	1	1	1	1	Macrophage FABP4+	Macrophage FABP4+/PDE4C+	Alveolar/resident macrophage	Macrophage	0.822836678691203	83.609576427256	1.64168563338832	15	C. State-associated markers	True		0		not_observed_in_other_atlas_top50_lists	Absence from another top-50 list is not proof of absent expression.
TBC1D8	1	1	1	1	1	Dendritic	DC LAMP3+/CCR7+	Dendritic cell	DC	0.872835167360641	85.2017937219731	1.8363888778467	18	C. State-associated markers	True		0		not_observed_in_other_atlas_top50_lists	Absence from another top-50 list is not proof of absent expression.
TBXAS1	4	3	4	3	3	Dendritic;Macrophage FABP4+;Monocyte	DC2 C1QC+;Macrophage FABP4+/PDE4C+;Monocytes CD14+/IL1B;Monocytes CD16+	Alveolar/resident macrophage;Dendritic cell;Monocyte	DC;Macrophage;Monocyte	0.799719119228257	87.6611418047882	2.05223187764091	20	D. Shared/functional markers	False		0		cross_immune_lineage	Absence from another top-50 list is not proof of absent expression.
TCF4	1	1	1	1	1	pDC	pDC	pDC	DC	0.889661714291708	90.728476821192	1.16669689163213	10	D. Shared/functional markers	False		8	Artery;Bronchial Vessel;Bronchial Vessel CXCL12+;Bronchial Vessel SELE+;Capillary;Capillary Aerocyte;Lymphatic;Vein	immune_and_nonimmune_overlap	Absence from another top-50 list is not proof of absent expression.
TCF7L2	2	1	2	1	1	Macrophage FABP4+	Macrophage FABP4+;Macrophage FABP4+/PDE4C+	Alveolar/resident macrophage	Macrophage	0.79485138616632	83.4254143646409	4.13168456273195	44	B. Extended lineage markers	False		0		not_observed_in_other_atlas_top50_lists	Absence from another top-50 list is not proof of absent expression.
TCL1A	1	1	1	1	1	B/Plasma	B cell LRMP+	B	B	0.948250306045144	89.873417721519	5.81051999769957	8	C. State-associated markers	True		0		not_observed_in_other_atlas_top50_lists	Absence from another top-50 list is not proof of absent expression.
TET2	2	2	2	2	2	Dendritic;Monocyte	DC CXCL2+/CD14+/CD1C-;Monocytes CD14+	Dendritic cell;Monocyte	DC;Monocyte	0.724423057685657	70.3432635810741	1.82626246354872	37	D. Shared/functional markers	False		0		cross_immune_lineage	Absence from another top-50 list is not proof of absent expression.
TFRC	1	1	1	1	1	Macrophage	Macrophage C1Q hi	Alveolar/resident macrophage	Macrophage	0.704071922551707	81.691862335156	1.74777027189058	29	B. Extended lineage markers	False		0		not_observed_in_other_atlas_top50_lists	Absence from another top-50 list is not proof of absent expression.
TGFBI	2	1	2	2	1	Macrophage	Macrophage C1Q hi;Macrophage RETN+/VCAN+	Alveolar/resident macrophage;Inflammatory macrophage	Macrophage	0.688696767379537	65.422965583789	2.91837568083971	40	B. Extended lineage markers	False		0		not_observed_in_other_atlas_top50_lists	Absence from another top-50 list is not proof of absent expression.
THBS1	4	2	4	3	2	Macrophage;Monocyte	Macrophage IL1B+;Macrophage LYVE1+;Monocytes CD14+;Monocytes CD14+/IL1B	Alveolar/resident macrophage;Inflammatory macrophage;Monocyte	Macrophage;Monocyte	0.841969888366484	90.7980845969673	2.75574755701993	7	D. Shared/functional markers	False		0		cross_immune_lineage	Absence from another top-50 list is not proof of absent expression.
THEMIS	2	1	2	1	1	T cell	T CD4+ JUN+;helper T CD4+	CD4 T	T	0.783700168982239	59.811320754717	3.86186704381656	12	B. Extended lineage markers;C. State-associated markers	True		0		not_observed_in_other_atlas_top50_lists	Absence from another top-50 list is not proof of absent expression.
TIGIT	1	1	1	1	1	T cell	T regulatory	Regulatory T	T	0.734157692202121	47.7793361383824	3.84830597543102	36	B. Extended lineage markers	False		0		not_observed_in_other_atlas_top50_lists	Absence from another top-50 list is not proof of absent expression.
TIMP1	3	2	3	2	2	Macrophage;Monocyte	Macrophage RETN+/VCAN+;Monocytes CD14+;Monocytes CD16+	Inflammatory macrophage;Monocyte	Macrophage;Monocyte	0.710760284724663	89.8949474737369	1.81000856384043	19	D. Shared/functional markers	False		5	Adventital fibroblast;Fib COL13A1+;Lipofibroblast;Mesothelial;Myofibroblast	cross_immune_lineage	Absence from another top-50 list is not proof of absent expression.
TMEM2	3	2	3	3	2	NK;T cell	Cytotoxic T;NK;helper T CD4+	CD4 T;Cytotoxic T;NK	NK;T	0.804262821129404	78.8386686790055	2.95798682542622	19	D. Shared/functional markers	False		0		cross_immune_lineage	Absence from another top-50 list is not proof of absent expression.
TMSB4X	1	1	1	1	1	Macrophage FABP4+	Macrophage FABP4+	Alveolar/resident macrophage	Macrophage	0.805551870812692	99.9765796992833	3.58570984429296	39	B. Extended lineage markers	False		0		not_observed_in_other_atlas_top50_lists	Absence from another top-50 list is not proof of absent expression.
TNFAIP3	2	2	2	2	2	Basophil/Mast;Macrophage	Basophil/Mast;Macrophage IL1B+	Inflammatory macrophage;Mast/Basophil	Macrophage;Mast/Basophil	0.740368922320696	80.6894570525711	1.49696074599207	9	D. Shared/functional markers	False		0		cross_immune_lineage	Absence from another top-50 list is not proof of absent expression.
TNFRSF13C	2	1	2	1	1	B/Plasma	B cell;B cell LRMP+	B	B	0.94805239580668	91.1392405063291	7.26456664035015	2	A. Lineage-core	True		0		not_observed_in_other_atlas_top50_lists	Absence from another top-50 list is not proof of absent expression.
TNFRSF18	2	2	2	2	2	NK;T cell	Activated NK XCL1+;T regulatory	Activated NK;Regulatory T	NK;T	0.713651446973969	44.2730247779336	3.93817551802128	29	D. Shared/functional markers	False		0		cross_immune_lineage	Absence from another top-50 list is not proof of absent expression.
TNFRSF1B	3	1	3	1	1	Monocyte	Monocytes CD14+;Monocytes CD14+/IL1B;Monocytes CD16+	Monocyte	Monocyte	0.763258602334733	72.7780556945139	2.18014306155709	17	B. Extended lineage markers	True		0		not_observed_in_other_atlas_top50_lists	Absence from another top-50 list is not proof of absent expression.
TNIK	1	1	1	1	1	Basophil/Mast	Basophil/Mast	Mast/Basophil	Mast/Basophil	0.717423861527492	60.6451612903226	1.6661135753038	24	B. Extended lineage markers	False		0		not_observed_in_other_atlas_top50_lists	Absence from another top-50 list is not proof of absent expression.
TNRC6B	1	1	1	1	1	B/Plasma	B cell	B	B	0.716397112986909	75.9525933477762	1.68428413041649	42	B. Extended lineage markers	False		0		not_observed_in_other_atlas_top50_lists	Absence from another top-50 list is not proof of absent expression.
TNS3	1	1	1	1	1	Macrophage FABP4+	Macrophage FABP4+/PDE4C+	Alveolar/resident macrophage	Macrophage	0.793615644851958	84.8987108655617	0.890468360612156	40	B. Extended lineage markers	False		0		not_observed_in_other_atlas_top50_lists	Absence from another top-50 list is not proof of absent expression.
TOB1	1	1	1	1	1	T cell	CD8+ Naive T	CD8 T	T	0.75880120813327	73.3814102564102	2.60297774190736	34	B. Extended lineage markers	False		0		not_observed_in_other_atlas_top50_lists	Absence from another top-50 list is not proof of absent expression.
TOX	2	2	2	2	2	B/Plasma;T cell	B cell LRMP+;T regulatory	B;Regulatory T	B;T	0.915699056430542	86.0759493670886	2.98758900621764	25	D. Shared/functional markers	False		0		cross_immune_lineage	Absence from another top-50 list is not proof of absent expression.
TPD52	2	1	2	2	2	B/Plasma	B cell LRMP+;Plasma B	B;Plasma	B;Plasma	0.936712106523955	91.1392405063291	2.6499224371899	13	D. Shared/functional markers	False		1	Ionocyte	cross_immune_lineage	Absence from another top-50 list is not proof of absent expression.
TPSAB1	1	1	1	1	1	Basophil/Mast	Basophil/Mast	Mast/Basophil	Mast/Basophil	0.987484593538616	97.5483870967742	9.62719599099503	1	A. Lineage-core	True		0		not_observed_in_other_atlas_top50_lists	Absence from another top-50 list is not proof of absent expression.
TPSB2	1	1	1	1	1	Basophil/Mast	Basophil/Mast	Mast/Basophil	Mast/Basophil	0.984585216836351	96.989247311828	9.7228780959734	2	A. Lineage-core	True		0		not_observed_in_other_atlas_top50_lists	Absence from another top-50 list is not proof of absent expression.
TRAC	5	1	5	4	1	T cell	CD8+ Naive T;Cytotoxic T;T CD4+ JUN+;T regulatory;helper T CD4+ CDR7+	CD4 T;CD8 T;Cytotoxic T;Regulatory T	T	0.816692454006644	67.5081813931744	3.26418401511498	6	A. Lineage-core	True		0		not_observed_in_other_atlas_top50_lists	Absence from another top-50 list is not proof of absent expression.
TRAF1	1	1	1	1	1	Dendritic	DC LAMP3+/CCR7+	Dendritic cell	DC	0.816452698009013	66.0313901345291	2.96826704695012	45	B. Extended lineage markers	False		0		not_observed_in_other_atlas_top50_lists	Absence from another top-50 list is not proof of absent expression.
TRBC1	1	1	1	1	1	T cell	Cytotoxic T	Cytotoxic T	T	0.710225774239041	45.5077909161233	3.51427589154444	48	B. Extended lineage markers	False		0		not_observed_in_other_atlas_top50_lists	Absence from another top-50 list is not proof of absent expression.
TRBC2	3	1	3	3	1	T cell	Cytotoxic T;T CD4+ JUN+;T regulatory	CD4 T;Cytotoxic T;Regulatory T	T	0.759544712055811	56.2879850397382	3.43182325381808	21	A. Lineage-core	True		0		not_observed_in_other_atlas_top50_lists	Absence from another top-50 list is not proof of absent expression.
TREM1	1	1	1	1	1	Macrophage FABP4+	Macrophage FABP4+	Alveolar/resident macrophage	Macrophage	0.839120894762957	82.1595859290833	4.87766296264559	19	B. Extended lineage markers	True		0		not_observed_in_other_atlas_top50_lists	Absence from another top-50 list is not proof of absent expression.
TREM2	1	1	1	1	1	Macrophage	Macrophage CHI3L1+/CD9 hi/	Inflammatory macrophage	Macrophage	0.741548183341055	65.7197724555238	3.17189325675582	28	B. Extended lineage markers	True		0		not_observed_in_other_atlas_top50_lists	Absence from another top-50 list is not proof of absent expression.
TRERF1	2	1	2	1	1	T cell	T CD4+ JUN+;helper T CD4+	CD4 T	T	0.750736975330449	57.8460521968946	3.20813926503528	41	B. Extended lineage markers	False		0		not_observed_in_other_atlas_top50_lists	Absence from another top-50 list is not proof of absent expression.
TSPAN13	1	1	1	1	1	pDC	pDC	pDC	DC	0.805432071566891	70.5960264900662	1.12256293375207	48	D. Shared/functional markers	False		2	AT1;Aberrant basaloid	immune_and_nonimmune_overlap	Absence from another top-50 list is not proof of absent expression.
TSPO	1	1	1	1	1	Macrophage FABP4+	Macrophage FABP4+	Alveolar/resident macrophage	Macrophage	0.79269440533193	93.6004028291723	4.07042124601085	48	B. Extended lineage markers	False		0		not_observed_in_other_atlas_top50_lists	Absence from another top-50 list is not proof of absent expression.
TXK	2	1	2	2	1	NK	Activated NK XCL1+;NK	Activated NK;NK	NK	0.7445175969405	52.8977871443625	4.5475937337523	12	B. Extended lineage markers	True		0		not_observed_in_other_atlas_top50_lists	Absence from another top-50 list is not proof of absent expression.
TXN	1	1	1	1	1	Dendritic	DC LAMP3+/CCR7+	Dendritic cell	DC	0.820790170033612	96.1883408071749	0.323693750321965	41	B. Extended lineage markers	False		0		not_observed_in_other_atlas_top50_lists	Absence from another top-50 list is not proof of absent expression.
TXNDC5	1	1	1	1	1	B/Plasma	Plasma B	Plasma	Plasma	0.736354460229101	50.398406374502	3.93356102780268	21	B. Extended lineage markers	True		0		not_observed_in_other_atlas_top50_lists	Absence from another top-50 list is not proof of absent expression.
TYROBP	4	3	4	3	2	Dendritic;Macrophage;Macrophage FABP4+	DC2 C1QC+;Macrophage CHI3L1+/CD9 hi/;Macrophage FABP4+;Macrophage RETN+/VCAN+	Alveolar/resident macrophage;Dendritic cell;Inflammatory macrophage	DC;Macrophage	0.838062591731329	99.5547073791349	3.94064788658365	18	D. Shared/functional markers	False		0		cross_immune_lineage	Absence from another top-50 list is not proof of absent expression.
UBE2E2	1	1	1	1	1	Macrophage FABP4+	Macrophage FABP4+/PDE4C+	Alveolar/resident macrophage	Macrophage	0.797458886925729	87.8453038674033	0.683087773405447	36	B. Extended lineage markers	False		0		not_observed_in_other_atlas_top50_lists	Absence from another top-50 list is not proof of absent expression.
UBE2J1	1	1	1	1	1	B/Plasma	Plasma B	Plasma	Plasma	0.675298332127413	61.5537848605578	1.08947538473962	44	B. Extended lineage markers	False		0		not_observed_in_other_atlas_top50_lists	Absence from another top-50 list is not proof of absent expression.
USP34	1	1	1	1	1	B/Plasma	B cell LRMP+	B	B	0.924358268447686	96.2025316455696	1.18333740769814	20	C. State-associated markers	True		0		not_observed_in_other_atlas_top50_lists	Absence from another top-50 list is not proof of absent expression.
USP48	1	1	1	1	1	B/Plasma	Plasma B	Plasma	Plasma	0.679721024875093	52.6892430278884	1.43912626144356	40	B. Extended lineage markers	False		0		not_observed_in_other_atlas_top50_lists	Absence from another top-50 list is not proof of absent expression.
UVRAG	2	2	2	2	2	B/Plasma;Dendritic	B cell LRMP+;DC LAMP3+/CCR7+	B;Dendritic cell	B;DC	0.895412555311937	89.873417721519	2.34355361124939	12	D. Shared/functional markers	False		0		cross_immune_lineage	Absence from another top-50 list is not proof of absent expression.
VCAN	3	2	3	2	2	Macrophage;Monocyte	Macrophage RETN+/VCAN+;Monocytes CD14+;Monocytes CD14+/IL1B	Inflammatory macrophage;Monocyte	Macrophage;Monocyte	0.886366368875014	93.8995433789954	3.1505409167169	3	D. Shared/functional markers	False		0		cross_immune_lineage	Absence from another top-50 list is not proof of absent expression.
VDR	1	1	1	1	1	Dendritic	DC1 CLEC9A+	Dendritic cell	DC	0.816553717853735	71.0402999062793	2.19711219272787	49	B. Extended lineage markers	False		0		not_observed_in_other_atlas_top50_lists	Absence from another top-50 list is not proof of absent expression.
VIM	1	1	1	1	1	Macrophage	Macrophage CHI3L1+/CD9 hi/	Inflammatory macrophage	Macrophage	0.735822935878383	99.3369324975543	2.21569208049937	32	B. Extended lineage markers	False		0		not_observed_in_other_atlas_top50_lists	Absence from another top-50 list is not proof of absent expression.
VIMP	1	1	1	1	1	B/Plasma	Plasma B	Plasma	Plasma	0.673310711027119	67.9282868525896	0.949304838845008	46	B. Extended lineage markers	False		0		not_observed_in_other_atlas_top50_lists	Absence from another top-50 list is not proof of absent expression.
VMP1	1	1	1	1	1	Monocyte	Monocytes CD16+	Monocyte	Monocyte	0.707247842231066	87.6855094213773	1.34433153583079	42	B. Extended lineage markers	False		0		not_observed_in_other_atlas_top50_lists	Absence from another top-50 list is not proof of absent expression.
VOPP1	1	1	1	1	1	B/Plasma	Plasma B	Plasma	Plasma	0.706607231967093	62.1513944223108	1.59109177910953	31	B. Extended lineage markers	False		0		not_observed_in_other_atlas_top50_lists	Absence from another top-50 list is not proof of absent expression.
VPREB3	1	1	1	1	1	B/Plasma	B cell LRMP+	B	B	0.928406210333288	86.0759493670886	5.40536456954833	17	C. State-associated markers	True		0		not_observed_in_other_atlas_top50_lists	Absence from another top-50 list is not proof of absent expression.
VSIG4	2	1	2	1	1	Macrophage FABP4+	Macrophage FABP4+;Macrophage FABP4+/PDE4C+	Alveolar/resident macrophage	Macrophage	0.831467044830959	92.2651933701657	4.46217730442337	26	B. Extended lineage markers	True		0		not_observed_in_other_atlas_top50_lists	Absence from another top-50 list is not proof of absent expression.
VWA5A	1	1	1	1	1	Basophil/Mast	Basophil/Mast	Mast/Basophil	Mast/Basophil	0.763327578257535	58.8817204301075	2.87317822659945	16	B. Extended lineage markers	True		0		not_observed_in_other_atlas_top50_lists	Absence from another top-50 list is not proof of absent expression.
WARS	1	1	1	1	1	Monocyte	Monocytes CD16+	Monocyte	Monocyte	0.802885001399908	79.1562447890612	3.16299232684612	4	B. Extended lineage markers	True		0		not_observed_in_other_atlas_top50_lists	Absence from another top-50 list is not proof of absent expression.
WDFY4	1	1	1	1	1	Dendritic	DC1 CLEC9A+	Dendritic cell	DC	0.964813540872229	94.7516401124649	4.40248248791287	1	C. State-associated markers	True		0		not_observed_in_other_atlas_top50_lists	Absence from another top-50 list is not proof of absent expression.
XBP1	1	1	1	1	1	B/Plasma	Plasma B	Plasma	Plasma	0.757302451231251	78.5856573705179	2.04675028136464	15	D. Shared/functional markers	False		1	Mucous	immune_and_nonimmune_overlap	Absence from another top-50 list is not proof of absent expression.
XCL1	1	1	1	1	1	NK	Activated NK XCL1+	Activated NK	NK	0.808314080413337	62.6975763962065	3.85417705921674	4	C. State-associated markers	True		0		not_observed_in_other_atlas_top50_lists	Absence from another top-50 list is not proof of absent expression.
XCL2	1	1	1	1	1	NK	Activated NK XCL1+	Activated NK	NK	0.803844347515605	62.1707060063224	3.324418089079	6	C. State-associated markers	True		0		not_observed_in_other_atlas_top50_lists	Absence from another top-50 list is not proof of absent expression.
XXbac-BPG181M17.5	1	1	1	1	1	Macrophage FABP4+	Macrophage FABP4+/PDE4C+	Alveolar/resident macrophage	Macrophage	0.834776477197857	86.0036832412523	1.36729525088832	11	C. State-associated markers	True		0		not_observed_in_other_atlas_top50_lists	Absence from another top-50 list is not proof of absent expression.
XYLT1	1	1	1	1	1	NK	Activated NK XCL1+	Activated NK	NK	0.704680802164583	55.8482613277134	0.121114986624508	32	B. Extended lineage markers	False		0		not_observed_in_other_atlas_top50_lists	Absence from another top-50 list is not proof of absent expression.
YBX1	1	1	1	1	1	Macrophage	Macrophage CHI3L1+/CD9 hi/	Inflammatory macrophage	Macrophage	0.719560929571044	96.960034783869	2.07996446838745	48	B. Extended lineage markers	False		0		not_observed_in_other_atlas_top50_lists	Absence from another top-50 list is not proof of absent expression.
YES1	1	1	1	1	1	NK	NK	NK	NK	0.760292556559539	60.7832234490428	3.97563099989233	35	B. Extended lineage markers	False		0		not_observed_in_other_atlas_top50_lists	Absence from another top-50 list is not proof of absent expression.
YWHAH	3	1	3	1	1	Dendritic	DC2 C1QC+;DC2 CD1A+/CD1E+;DC2 CLEC10A+	Dendritic cell	DC	0.878025105025633	94.2028985507246	1.23776079496411	24	B. Extended lineage markers;C. State-associated markers	True		0		not_observed_in_other_atlas_top50_lists	Absence from another top-50 list is not proof of absent expression.
ZBTB46	1	1	1	1	1	Dendritic	DC1 CLEC9A+	Dendritic cell	DC	0.863274203667698	75.1640112464855	3.99370313059298	21	C. State-associated markers	True		0		not_observed_in_other_atlas_top50_lists	Absence from another top-50 list is not proof of absent expression.
ZC3HAV1	3	2	3	2	2	T cell;pDC	T CD4+ JUN+;helper T CD4+ CDR7+;pDC	CD4 T;pDC	DC;T	0.804097933953098	80.2649006622517	1.24184674551215	35	D. Shared/functional markers	False		0		cross_immune_lineage	Absence from another top-50 list is not proof of absent expression.
ZCCHC7	1	1	1	1	1	B/Plasma	B cell LRMP+	B	B	0.914381568623255	89.873417721519	2.29619903036476	26	B. Extended lineage markers	True		0		not_observed_in_other_atlas_top50_lists	Absence from another top-50 list is not proof of absent expression.
ZEB1	3	2	3	2	2	Dendritic;T cell	DC LAMP3+/CCR7+;DC1 CLEC9A+;T regulatory	Dendritic cell;Regulatory T	DC;T	0.824786886815578	72.0712277413308	1.8831052110113	30	D. Shared/functional markers	False		0		cross_immune_lineage	Absence from another top-50 list is not proof of absent expression.
ZEB2	4	2	4	2	2	Macrophage;Monocyte	Macrophage IL1B+;Macrophage RETN+/VCAN+;Monocytes CD14+;Monocytes CD16+	Inflammatory macrophage;Monocyte	Macrophage;Monocyte	0.731939437969576	92.796644133914	2.20567323070331	7	D. Shared/functional markers	False		0		cross_immune_lineage	Absence from another top-50 list is not proof of absent expression.
ZFAT	1	1	1	1	1	pDC	pDC	pDC	DC	0.822316131299217	67.0198675496689	3.66091960207121	39	B. Extended lineage markers	False		0		not_observed_in_other_atlas_top50_lists	Absence from another top-50 list is not proof of absent expression.
ZFP36L2	2	2	2	2	2	NK;T cell	Activated NK XCL1+;helper T CD4+ CDR7+	Activated NK;CD4 T	NK;T	0.705953514418519	89.4625922023182	0.843282643777827	37	D. Shared/functional markers	False		0		cross_immune_lineage	Absence from another top-50 list is not proof of absent expression.
ZNF331	2	2	2	2	2	Dendritic;Macrophage	DC CXCL2+/CD14+/CD1C-;Macrophage RETN+/VCAN+	Dendritic cell;Inflammatory macrophage	DC;Macrophage	0.780243793462072	85.8262034841769	2.02667912883371	15	D. Shared/functional markers	False		0		cross_immune_lineage	Absence from another top-50 list is not proof of absent expression.
