gene	chip	source_chip_id	gene_in_matrix	total_raw_counts	detected_bin50_n	total_evaluable_bin50	patient_n	patients_with_detectable_expression	median_patient_bin_umi	detected_bin50_fraction	mean_counts_per_bin	expression_status
ABCA1	Y40102K8	Y40102K8	True	5260	4182	50979	7	7	13.0	0.0820337786147237	0.10317974067753388	detected
ABCC1	Y40102K8	Y40102K8	True	6049	4677	50979	7	7	13.0	0.0917436591537692	0.11865670177916397	detected
ABCG1	Y40102K8	Y40102K8	True	3088	2641	50979	7	7	13.0	0.05180564546185684	0.060573961827419136	detected
AC004448.5	Y40102K8	Y40102K8	False	0	0	50979	7	0	13.0	0.0	0.0	unavailable
AC007192.4	Y40102K8	Y40102K8	False	0	0	50979	7	0	13.0	0.0	0.0	unavailable
AC016831.7	Y40102K8	Y40102K8	True	23774	12060	50979	7	7	13.0	0.23656799858765373	0.4663488887581161	detected
AC018890.6	Y40102K8	Y40102K8	False	0	0	50979	7	0	13.0	0.0	0.0	unavailable
AC092580.4	Y40102K8	Y40102K8	False	0	0	50979	7	0	13.0	0.0	0.0	unavailable
AC133644.2	Y40102K8	Y40102K8	False	0	0	50979	7	0	13.0	0.0	0.0	unavailable
ACER3	Y40102K8	Y40102K8	True	5724	4417	50979	7	7	13.0	0.08664351988073521	0.11228152768787147	detected
ACP5	Y40102K8	Y40102K8	True	1236	1092	50979	7	7	13.0	0.021420584946742777	0.024245277467192374	detected
ACSL1	Y40102K8	Y40102K8	True	3310	2796	50979	7	7	13.0	0.05484611310539634	0.06492869612977893	detected
ACSL3	Y40102K8	Y40102K8	True	4882	3904	50979	7	7	13.0	0.07658055277663352	0.0957649228113537	detected
ACSL4	Y40102K8	Y40102K8	True	7203	5478	50979	7	7	13.0	0.10745601129877008	0.14129347378332255	detected
ACTB	Y40102K8	Y40102K8	True	63620	19579	50979	7	7	13.0	0.38406010317974065	1.2479648482708565	detected
ADAM12	Y40102K8	Y40102K8	True	3013	2533	50979	7	7	13.0	0.04968712607151964	0.05910276780635163	detected
ADAM19	Y40102K8	Y40102K8	True	3699	3054	50979	7	7	13.0	0.05990702053786853	0.07255928911904902	detected
ADAM28	Y40102K8	Y40102K8	True	1844	1609	50979	7	7	13.0	0.03156201573196807	0.03617175699797956	detected
ADGRE2	Y40102K8	Y40102K8	True	1085	984	50979	7	6	13.0	0.019302065556405578	0.021283273504776476	detected
ADRBK2	Y40102K8	Y40102K8	False	0	0	50979	7	0	13.0	0.0	0.0	unavailable
AFF3	Y40102K8	Y40102K8	True	8326	6032	50979	7	7	13.0	0.11832323113438867	0.16332215225877322	detected
AGFG1	Y40102K8	Y40102K8	True	4534	3660	50979	7	7	13.0	0.07179426822809393	0.0889385825536005	detected
AIF1	Y40102K8	Y40102K8	True	690	628	50979	7	7	13.0	0.012318797936405187	0.013534984993820985	detected
AIM1	Y40102K8	Y40102K8	False	0	0	50979	7	0	13.0	0.0	0.0	unavailable
AKNA	Y40102K8	Y40102K8	True	2874	2422	50979	7	7	13.0	0.04750975892033975	0.05637615488730654	detected
ALDH2	Y40102K8	Y40102K8	True	5477	4286	50979	7	7	13.0	0.08407383432393731	0.10743639537848919	detected
ALOX5	Y40102K8	Y40102K8	True	2075	1816	50979	7	7	13.0	0.03562251123011436	0.040703034582867455	detected
ALOX5AP	Y40102K8	Y40102K8	True	1271	1133	50979	7	7	13.0	0.022224837678259675	0.02493183467702387	detected
ANK3	Y40102K8	Y40102K8	True	18116	10341	50979	7	7	13.0	0.20284823162478668	0.355362011808784	detected
ANKRD11	Y40102K8	Y40102K8	True	13944	8824	50979	7	7	13.0	0.1730908805586614	0.2735243923968693	detected
ANKRD28	Y40102K8	Y40102K8	True	5737	4493	50979	7	7	13.0	0.0881343298220836	0.11253653465152318	detected
ANKRD33B	Y40102K8	Y40102K8	True	918	826	50979	7	7	13.0	0.016202750152023382	0.01800741481786618	detected
ANKRD44	Y40102K8	Y40102K8	True	13254	8411	50979	7	7	13.0	0.1649895054826497	0.2599894074030483	detected
ANPEP	Y40102K8	Y40102K8	True	885	798	50979	7	7	13.0	0.015653504384158183	0.01736008944859648	detected
AOAH	Y40102K8	Y40102K8	True	5326	4177	50979	7	7	13.0	0.08193569901331921	0.10447439141607329	detected
AP1S2	Y40102K8	Y40102K8	True	1747	1555	50979	7	7	13.0	0.030502756036799465	0.03426901273073226	detected
AP2S1	Y40102K8	Y40102K8	True	1574	1413	50979	7	7	13.0	0.02771729535691167	0.030875458522136565	detected
APBA2	Y40102K8	Y40102K8	True	1914	1703	50979	7	7	13.0	0.033405912238372665	0.03754487141764256	detected
APOC1	Y40102K8	Y40102K8	True	1766	1519	50979	7	7	13.0	0.029796582906687068	0.03464171521606936	detected
APOE	Y40102K8	Y40102K8	True	2694	2199	50979	7	7	13.0	0.04313540869769905	0.052845289236744544	detected
AQP9	Y40102K8	Y40102K8	True	1729	1607	50979	7	7	13.0	0.03152278389140627	0.03391592616567606	detected
ARAP2	Y40102K8	Y40102K8	True	3680	3050	50979	7	7	13.0	0.05982855685674494	0.07218658663371193	detected
AREG	Y40102K8	Y40102K8	True	555	519	50979	7	7	13.0	0.010180662625787089	0.010886835755899488	detected
ARHGAP15	Y40102K8	Y40102K8	True	12895	8276	50979	7	7	13.0	0.16234135624472823	0.25294729202220523	detected
ARHGAP24	Y40102K8	Y40102K8	True	12549	8167	50979	7	7	13.0	0.16020322093411013	0.24616018360501382	detected
ARHGAP26	Y40102K8	Y40102K8	True	13360	8649	50979	7	7	13.0	0.16965809450950392	0.2620686949528237	detected
ARHGDIB	Y40102K8	Y40102K8	True	8294	6133	50979	7	7	13.0	0.12030443908275956	0.16269444280978443	detected
ARID5B	Y40102K8	Y40102K8	True	11482	7743	50979	7	7	13.0	0.15188607073500854	0.22522999666529356	detected
ARL4C	Y40102K8	Y40102K8	True	1127	1024	50979	7	7	13.0	0.02008670236764158	0.022107142156574274	detected
ASAH1	Y40102K8	Y40102K8	True	3501	2889	50979	7	7	13.0	0.056670393691520035	0.06867533690343082	detected
ASAP1	Y40102K8	Y40102K8	True	24583	12562	50979	7	7	13.0	0.24641519056866554	0.4822181682653642	detected
ATG7	Y40102K8	Y40102K8	True	13145	8371	50979	7	7	13.0	0.1642048686714137	0.2578512720924302	detected
ATP13A3	Y40102K8	Y40102K8	True	4777	3843	50979	7	7	13.0	0.07538398163949862	0.0937052511818592	detected
ATP1B3	Y40102K8	Y40102K8	True	5228	4118	50979	7	7	13.0	0.08077835971674611	0.10255203122854509	detected
ATP2B1	Y40102K8	Y40102K8	True	8800	6403	50979	7	7	13.0	0.12560073755860257	0.1726200984719198	detected
ATP6V0B	Y40102K8	Y40102K8	True	1693	1491	50979	7	7	13.0	0.02924733713882187	0.033209753035563665	detected
ATP6V1F	Y40102K8	Y40102K8	True	1593	1419	50979	7	7	13.0	0.02783499087859707	0.031248161007473664	detected
ATP8B4	Y40102K8	Y40102K8	True	1853	1644	50979	7	7	13.0	0.032248572941799565	0.03634830028050766	detected
ATXN1	Y40102K8	Y40102K8	True	20468	11080	50979	7	7	13.0	0.21734439671237177	0.40149865630946074	detected
AUTS2	Y40102K8	Y40102K8	True	24021	12209	50979	7	7	13.0	0.23949077070950783	0.47119402106749836	detected
AXL	Y40102K8	Y40102K8	True	3453	2882	50979	7	7	13.0	0.05653308224955374	0.06773377272994763	detected
BACE2	Y40102K8	Y40102K8	True	5763	4489	50979	7	7	13.0	0.08805586614096	0.11304654857882658	detected
BACH2	Y40102K8	Y40102K8	True	6202	4810	50979	7	7	13.0	0.0943525765511289	0.12165793758214166	detected
BANK1	Y40102K8	Y40102K8	True	3312	2750	50979	7	7	13.0	0.05394378077247494	0.06496792797034073	detected
BASP1	Y40102K8	Y40102K8	True	6754	5055	50979	7	7	13.0	0.09915847701994938	0.13248592557719846	detected
BATF	Y40102K8	Y40102K8	True	647	601	50979	7	7	13.0	0.011789168088820887	0.012691500421742287	detected
BCAS4	Y40102K8	Y40102K8	True	730	674	50979	7	7	13.0	0.013221130269326585	0.014319621805056984	detected
BCL11A	Y40102K8	Y40102K8	True	2438	2051	50979	7	7	13.0	0.04023225249612586	0.047823613644834145	detected
BCL11B	Y40102K8	Y40102K8	True	1946	1648	50979	7	7	13.0	0.03232703662292317	0.038172580866631355	detected
BCL2	Y40102K8	Y40102K8	True	8888	6222	50979	7	7	13.0	0.12205025598775966	0.17434629945663901	detected
BCL2A1	Y40102K8	Y40102K8	True	526	500	50979	7	7	13.0	0.00980796014044999	0.010317974067753389	detected
BCL7A	Y40102K8	Y40102K8	True	1410	1255	50979	7	7	13.0	0.024617979952529474	0.02765844759606897	detected
BIRC3	Y40102K8	Y40102K8	True	2128	1834	50979	7	7	13.0	0.03597559779517056	0.04174267835775516	detected
BLK	Y40102K8	Y40102K8	True	1243	1095	50979	7	7	13.0	0.021479432707585476	0.024382588909158672	detected
BRI3	Y40102K8	Y40102K8	True	7346	5506	50979	7	7	13.0	0.10800525706663529	0.14409855038349123	detected
C10orf11	Y40102K8	Y40102K8	False	0	0	50979	7	0	13.0	0.0	0.0	unavailable
C10orf54	Y40102K8	Y40102K8	False	0	0	50979	7	0	13.0	0.0	0.0	unavailable
C12orf75	Y40102K8	Y40102K8	True	2048	1776	50979	7	7	13.0	0.03483787441887836	0.04017340473528316	detected
C15orf48	Y40102K8	Y40102K8	True	212	200	50979	7	5	13.0	0.003923184056179996	0.004158575099550796	detected
C1QA	Y40102K8	Y40102K8	True	2033	1803	50979	7	7	13.0	0.03536750426646266	0.03987916593106965	detected
C1QB	Y40102K8	Y40102K8	True	2771	2330	50979	7	7	13.0	0.04570509425449695	0.05435571509837384	detected
C1QC	Y40102K8	Y40102K8	True	1401	1235	50979	7	7	13.0	0.024225661546911473	0.02748190431354087	detected
C1orf162	Y40102K8	Y40102K8	True	500	464	50979	7	7	13.0	0.00910178701033759	0.00980796014044999	detected
C1orf186	Y40102K8	Y40102K8	False	0	0	50979	7	0	13.0	0.0	0.0	unavailable
C1orf54	Y40102K8	Y40102K8	True	2274	1946	50979	7	7	13.0	0.038172580866631355	0.04460660271876655	detected
C5AR1	Y40102K8	Y40102K8	True	1309	1154	50979	7	7	13.0	0.022636772004158576	0.025677239647698073	detected
CADM1	Y40102K8	Y40102K8	True	8851	6245	50979	7	7	13.0	0.12250142215422037	0.1736205104062457	detected
CAMK4	Y40102K8	Y40102K8	True	2177	1877	50979	7	7	13.0	0.03681908236724926	0.04270385845151925	detected
CAPG	Y40102K8	Y40102K8	True	1260	1131	50979	7	7	13.0	0.022185605837697877	0.024716059553933974	detected
CARD11	Y40102K8	Y40102K8	True	3763	3053	50979	7	7	13.0	0.05988740461758763	0.07381470801702662	detected
CBLB	Y40102K8	Y40102K8	True	12680	8257	50979	7	7	13.0	0.16196865375939112	0.24872986916181172	detected
CCL17	Y40102K8	Y40102K8	True	44	42	50979	7	4	13.0	0.0008238686517977991	0.0008631004923595991	detected
CCL18	Y40102K8	Y40102K8	True	803	712	50979	7	7	13.0	0.013966535240000785	0.015751583985562683	detected
CCL20	Y40102K8	Y40102K8	True	123	114	50979	7	5	13.0	0.0022362149120225975	0.0024127581945506973	detected
CCL22	Y40102K8	Y40102K8	True	126	119	50979	7	7	13.0	0.0023342945134270975	0.002471605955393397	detected
CCL4	Y40102K8	Y40102K8	True	144	126	50979	7	6	13.0	0.002471605955393397	0.002824692520449597	detected
CCL5	Y40102K8	Y40102K8	True	772	708	50979	7	7	13.0	0.013888071558877184	0.015143490456854784	detected
CCND3	Y40102K8	Y40102K8	True	14835	9171	50979	7	7	13.0	0.1798976048961337	0.29100217736715117	detected
CCR7	Y40102K8	Y40102K8	True	130	116	50979	7	6	13.0	0.0022754467525843976	0.0025500696365169974	detected
CCSER1	Y40102K8	Y40102K8	True	15105	9047	50979	7	7	13.0	0.1774652307813021	0.2962984758429942	detected
CD14	Y40102K8	Y40102K8	True	685	613	50979	7	7	13.0	0.012024559132191687	0.013436905392416485	detected
CD163	Y40102K8	Y40102K8	True	1504	1308	50979	7	7	13.0	0.025657623727417173	0.029502344102473568	detected
CD163L1	Y40102K8	Y40102K8	True	1405	1248	50979	7	6	13.0	0.024480668510563172	0.02756036799466447	detected
CD19	Y40102K8	Y40102K8	True	200	193	50979	7	7	13.0	0.003785872614213696	0.003923184056179996	detected
CD1A	Y40102K8	Y40102K8	True	26	22	50979	7	4	13.0	0.00043155024617979953	0.0005100139273033995	detected
CD1C	Y40102K8	Y40102K8	True	184	173	50979	7	7	13.0	0.0033935542085956963	0.003609329331685596	detected
CD1E	Y40102K8	Y40102K8	True	43	39	50979	7	5	13.0	0.0007650208909550991	0.0008434845720786991	detected
CD2	Y40102K8	Y40102K8	True	688	609	50979	7	7	13.0	0.011946095451068088	0.013495753153259186	detected
CD207	Y40102K8	Y40102K8	False	0	0	50979	7	0	13.0	0.0	0.0	unavailable
CD22	Y40102K8	Y40102K8	True	683	635	50979	7	7	13.0	0.012456109378371487	0.013397673551854686	detected
CD247	Y40102K8	Y40102K8	True	2271	1909	50979	7	7	13.0	0.037446791816238056	0.04454775495792385	detected
CD2AP	Y40102K8	Y40102K8	True	6331	4793	50979	7	7	13.0	0.0940191059063536	0.12418839129837776	detected
CD300E	Y40102K8	Y40102K8	True	357	345	50979	7	7	13.0	0.006767492496910493	0.0070028835402812925	detected
CD37	Y40102K8	Y40102K8	True	891	799	50979	7	7	13.0	0.015673120304439084	0.017477784970281882	detected
CD38	Y40102K8	Y40102K8	True	3480	2886	50979	7	7	13.0	0.05661154593067734	0.06826340257753193	detected
CD3D	Y40102K8	Y40102K8	True	107	96	50979	7	6	13.0	0.0018831283469663979	0.0020989034700562978	detected
CD3E	Y40102K8	Y40102K8	True	425	383	50979	7	6	13.0	0.007512897467584692	0.00833676611938249	detected
CD3G	Y40102K8	Y40102K8	True	339	314	50979	7	6	13.0	0.006159398968202594	0.006649796975225093	detected
CD44	Y40102K8	Y40102K8	True	14072	9048	50979	7	7	13.0	0.17748484670158302	0.2760352301928245	detected
CD48	Y40102K8	Y40102K8	True	180	161	50979	7	6	13.0	0.0031581631652248966	0.003530865650561996	detected
CD52	Y40102K8	Y40102K8	True	2229	1965	50979	7	7	13.0	0.03854528335196846	0.04372388630612605	detected
CD6	Y40102K8	Y40102K8	True	789	724	50979	7	7	13.0	0.014201926283371585	0.015476961101630084	detected
CD63	Y40102K8	Y40102K8	True	23314	12673	50979	7	7	13.0	0.24859255771984543	0.45732556542890207	detected
CD68	Y40102K8	Y40102K8	True	2266	1957	50979	7	7	13.0	0.038388355989721255	0.04444967535651935	detected
CD69	Y40102K8	Y40102K8	True	184	173	50979	7	6	13.0	0.0033935542085956963	0.003609329331685596	detected
CD7	Y40102K8	Y40102K8	True	65	62	50979	7	5	13.0	0.0012161870574157988	0.0012750348182584987	detected
CD74	Y40102K8	Y40102K8	True	35541	14983	50979	7	7	13.0	0.2939053335687244	0.6971694227034662	detected
CD79A	Y40102K8	Y40102K8	True	475	426	50979	7	7	13.0	0.008356382039663391	0.00931756213342749	detected
CD79B	Y40102K8	Y40102K8	True	73	73	50979	7	6	13.0	0.0014319621805056984	0.0014319621805056984	detected
CD83	Y40102K8	Y40102K8	True	1100	999	50979	7	7	13.0	0.019596304360619078	0.021577512308989976	detected
CD84	Y40102K8	Y40102K8	True	615	554	50979	7	7	13.0	0.010867219835618587	0.012063790972753487	detected
CD86	Y40102K8	Y40102K8	True	727	665	50979	7	7	13.0	0.013044586986798485	0.014260774044214284	detected
CD8A	Y40102K8	Y40102K8	True	864	810	50979	7	7	13.0	0.01588889542752898	0.01694815512269758	detected
CD93	Y40102K8	Y40102K8	True	5877	4613	50979	7	7	13.0	0.0904882402557916	0.11528276349084918	detected
CD96	Y40102K8	Y40102K8	True	2803	2358	50979	7	7	13.0	0.04625434002236215	0.05498342454736264	detected
CDC14A	Y40102K8	Y40102K8	True	5160	4108	50979	7	7	13.0	0.08058220051393711	0.1012181486494439	detected
CDC42SE2	Y40102K8	Y40102K8	True	8420	6031	50979	7	7	13.0	0.11830361521410777	0.16516604876517782	detected
CDYL	Y40102K8	Y40102K8	True	3763	3056	50979	7	7	13.0	0.059946252378430334	0.07381470801702662	detected
CEBPB	Y40102K8	Y40102K8	True	5088	4120	50979	7	7	13.0	0.08081759155730792	0.09980580238921909	detected
CERS6	Y40102K8	Y40102K8	True	6521	5041	50979	7	7	13.0	0.09888385413601679	0.12791541615174876	detected
CFLAR	Y40102K8	Y40102K8	True	12026	7966	50979	7	7	13.0	0.15626042095764922	0.23590105729810315	detected
CFP	Y40102K8	Y40102K8	True	69	68	50979	7	4	13.0	0.0013338825791011986	0.0013534984993820985	detected
CHD1	Y40102K8	Y40102K8	True	6398	4854	50979	7	7	13.0	0.09521567704348849	0.12550265795719806	detected
CHN2	Y40102K8	Y40102K8	True	45	39	50979	7	6	13.0	0.0007650208909550991	0.000882716412640499	detected
CKLF	Y40102K8	Y40102K8	True	1425	1283	50979	7	7	13.0	0.025167225720394672	0.027952686400282468	detected
CLEC10A	Y40102K8	Y40102K8	True	224	207	50979	7	7	13.0	0.004060495498146296	0.004393966142921596	detected
CLEC2D	Y40102K8	Y40102K8	True	1943	1667	50979	7	7	13.0	0.03269973910826027	0.03811373310578866	detected
CLEC4E	Y40102K8	Y40102K8	True	36	33	50979	7	4	13.0	0.0006473253692696993	0.0007061731301123992	detected
CLEC7A	Y40102K8	Y40102K8	True	1220	1087	50979	7	7	13.0	0.021322505345338277	0.023931422742697973	detected
CLEC9A	Y40102K8	Y40102K8	True	257	247	50979	7	6	13.0	0.004845132309382294	0.005041291512191294	detected
CLIC2	Y40102K8	Y40102K8	True	1618	1420	50979	7	7	13.0	0.027854606798877968	0.03173855901449617	detected
CLIC3	Y40102K8	Y40102K8	True	59	54	50979	7	5	13.0	0.0010592596951685988	0.0011573392965730988	detected
CLN8	Y40102K8	Y40102K8	True	1074	993	50979	7	6	13.0	0.019478608838933677	0.021067498381686575	detected
CLNK	Y40102K8	Y40102K8	True	2326	2018	50979	7	7	13.0	0.039584927126856156	0.04562663057337335	detected
CLU	Y40102K8	Y40102K8	True	9999	7028	50979	7	7	13.0	0.13786068773416504	0.19613958688871888	detected
CMC1	Y40102K8	Y40102K8	True	1966	1718	50979	7	7	13.0	0.03370015104258616	0.038564899272249355	detected
CNOT6L	Y40102K8	Y40102K8	True	4283	3480	50979	7	7	13.0	0.06826340257753193	0.08401498656309461	detected
COBLL1	Y40102K8	Y40102K8	True	5845	4554	50979	7	7	13.0	0.0893309009592185	0.11465505404186037	detected
CORO1A	Y40102K8	Y40102K8	True	1135	1009	50979	7	7	13.0	0.019792463563428078	0.022264069518821476	detected
CORO1C	Y40102K8	Y40102K8	True	4847	3883	50979	7	7	13.0	0.07616861845073461	0.09507836560152219	detected
COTL1	Y40102K8	Y40102K8	True	2247	1942	50979	7	7	13.0	0.03809411718550776	0.04407697287118225	detected
CPA3	Y40102K8	Y40102K8	True	899	818	50979	7	7	13.0	0.016045822789776183	0.01763471233252908	detected
CPM	Y40102K8	Y40102K8	True	7881	5759	50979	7	7	13.0	0.11296808489770298	0.15459306773377274	detected
CPNE3	Y40102K8	Y40102K8	True	2374	2042	50979	7	7	13.0	0.04005570921359776	0.04656819474685655	detected
CPNE5	Y40102K8	Y40102K8	True	2007	1744	50979	7	7	13.0	0.034210164969889566	0.039369152003766256	detected
CPVL	Y40102K8	Y40102K8	True	2285	1964	50979	7	7	13.0	0.03852566743168756	0.04482237784185645	detected
CREB3L2	Y40102K8	Y40102K8	True	9007	6363	50979	7	7	13.0	0.12481610074736656	0.1766805939700661	detected
CREM	Y40102K8	Y40102K8	True	3230	2729	50979	7	7	13.0	0.05353184644657604	0.06335942250730693	detected
CRIP1	Y40102K8	Y40102K8	True	1707	1492	50979	7	7	13.0	0.029266953059102766	0.03348437591949626	detected
CSF1R	Y40102K8	Y40102K8	True	1539	1379	50979	7	7	13.0	0.02705035406736107	0.030188901312305068	detected
CSF2RA	Y40102K8	Y40102K8	True	1602	1402	50979	7	7	13.0	0.02750152023382177	0.03142470429000176	detected
CSF3R	Y40102K8	Y40102K8	True	1152	1053	50979	7	7	13.0	0.020655564055787678	0.022597540163596774	detected
CST3	Y40102K8	Y40102K8	True	6252	4925	50979	7	7	13.0	0.09660840738343239	0.12263873359618667	detected
CST7	Y40102K8	Y40102K8	True	189	176	50979	7	5	13.0	0.0034524019694383962	0.003707408933090096	detected
CSTA	Y40102K8	Y40102K8	True	698	631	50979	7	7	13.0	0.012377645697247886	0.013691912356068184	detected
CSTB	Y40102K8	Y40102K8	True	1180	1038	50979	7	7	13.0	0.020361325251574178	0.023146785931461973	detected
CTLA4	Y40102K8	Y40102K8	True	88	82	50979	7	5	13.0	0.0016085054630337982	0.0017262009847191981	detected
CTSB	Y40102K8	Y40102K8	True	9225	6585	50979	7	7	13.0	0.12917083504972635	0.1809568645913023	detected
CTSC	Y40102K8	Y40102K8	True	2233	1889	50979	7	7	13.0	0.037054473410620056	0.043802349987249654	detected
CTSL	Y40102K8	Y40102K8	True	1821	1591	50979	7	7	13.0	0.031208929166911866	0.035720590831518864	detected
CTSS	Y40102K8	Y40102K8	True	2645	2232	50979	7	7	13.0	0.043782734066968754	0.051884109142980445	detected
CTSW	Y40102K8	Y40102K8	True	113	104	50979	7	7	13.0	0.002040055709213598	0.0022165989917416976	detected
CTSZ	Y40102K8	Y40102K8	True	4635	3778	50979	7	7	13.0	0.07410894682124011	0.0909197905019714	detected
CXCL16	Y40102K8	Y40102K8	True	3320	2857	50979	7	7	13.0	0.05604268424253124	0.06512485533258792	detected
CXCL2	Y40102K8	Y40102K8	True	301	273	50979	7	6	13.0	0.005355146236685694	0.005904392004550893	detected
CXCL3	Y40102K8	Y40102K8	True	115	112	50979	7	5	13.0	0.002196983071460798	0.0022558308323034977	detected
CXCL8	Y40102K8	Y40102K8	True	124	121	50979	7	6	13.0	0.0023735263539888976	0.0024323741148315975	detected
CXCR3	Y40102K8	Y40102K8	True	21	20	50979	7	4	13.0	0.0003923184056179996	0.00041193432589889953	detected
CXCR4	Y40102K8	Y40102K8	True	749	708	50979	7	7	13.0	0.013888071558877184	0.014692324290394083	detected
CYBA	Y40102K8	Y40102K8	True	1019	919	50979	7	7	13.0	0.01802703073814708	0.01998862276623708	detected
CYP27A1	Y40102K8	Y40102K8	True	1380	1219	50979	7	7	13.0	0.023911806822417073	0.02706996998764197	detected
CYTIP	Y40102K8	Y40102K8	True	772	681	50979	7	7	13.0	0.013358441711292886	0.015143490456854784	detected
DAPP1	Y40102K8	Y40102K8	True	861	795	50979	7	7	13.0	0.015594656623315483	0.016889307361854882	detected
DENND1B	Y40102K8	Y40102K8	True	3647	2978	50979	7	7	13.0	0.058416210596520135	0.07153926126444222	detected
DENND4A	Y40102K8	Y40102K8	True	6644	4962	50979	7	7	13.0	0.0973341964338257	0.13032817434629945	detected
DERL3	Y40102K8	Y40102K8	True	1833	1520	50979	7	7	13.0	0.02981619882696797	0.03595598187488966	detected
DMXL2	Y40102K8	Y40102K8	True	2777	2305	50979	7	7	13.0	0.04521469624747445	0.05447341062005924	detected
DNMBP	Y40102K8	Y40102K8	True	3365	2844	50979	7	7	13.0	0.05578767727887954	0.06600757174522842	detected
DOCK4	Y40102K8	Y40102K8	True	44547	16630	50979	7	7	13.0	0.32621275427136665	0.8738304007532514	detected
DOCK8	Y40102K8	Y40102K8	True	6936	5121	50979	7	7	13.0	0.10045312775848879	0.13605602306832226	detected
DPYD	Y40102K8	Y40102K8	True	26744	13102	50979	7	7	13.0	0.2570077875203515	0.5246081719923891	detected
DUSP16	Y40102K8	Y40102K8	True	3600	2998	50979	7	7	13.0	0.058808529002138135	0.07061731301123993	detected
DUSP2	Y40102K8	Y40102K8	True	37	35	50979	7	4	13.0	0.0006865572098314993	0.0007257890503932992	detected
DUSP4	Y40102K8	Y40102K8	True	713	660	50979	7	6	13.0	0.012946507385393985	0.013986151160281684	detected
EBF1	Y40102K8	Y40102K8	True	20344	11156	50979	7	7	13.0	0.21883520665372017	0.39906628219462914	detected
ELL2	Y40102K8	Y40102K8	True	7506	5541	50979	7	7	13.0	0.10869181427646678	0.14723709762843523	detected
EMP1	Y40102K8	Y40102K8	True	11058	7651	50979	7	7	13.0	0.15008140606916573	0.21691284646619197	detected
EMP3	Y40102K8	Y40102K8	True	491	452	50979	7	7	13.0	0.00886639596696679	0.00963141685792189	detected
ENOX1	Y40102K8	Y40102K8	True	3546	2918	50979	7	7	13.0	0.057239255379666135	0.06955805331607132	detected
ENTPD1	Y40102K8	Y40102K8	True	10685	7160	50979	7	7	13.0	0.14044998921124385	0.20959610820141628	detected
EPB41L3	Y40102K8	Y40102K8	True	3781	3089	50979	7	7	13.0	0.060593577747700036	0.07416779458208282	detected
EPS15	Y40102K8	Y40102K8	True	9560	6625	50979	7	7	13.0	0.12995547186096235	0.18752819788540379	detected
EREG	Y40102K8	Y40102K8	True	175	162	50979	7	4	13.0	0.0031777790855057964	0.0034327860491574964	detected
ETS1	Y40102K8	Y40102K8	True	9122	6540	50979	7	7	13.0	0.12828811863708586	0.1789364248023696	detected
ETV6	Y40102K8	Y40102K8	True	23298	12121	50979	7	7	13.0	0.23776456972478863	0.4570117107044077	detected
F13A1	Y40102K8	Y40102K8	True	2954	2507	50979	7	7	13.0	0.049177112144216245	0.05794542850977854	detected
FABP4	Y40102K8	Y40102K8	True	2075	1830	50979	7	7	13.0	0.035897134114046964	0.040703034582867455	detected
FABP5	Y40102K8	Y40102K8	True	1691	1478	50979	7	7	13.0	0.028992330175170167	0.03317052119500186	detected
FAM129A	Y40102K8	Y40102K8	True	7926	5783	50979	7	7	13.0	0.11343886698444458	0.15547578414641322	detected
FAM160A1	Y40102K8	Y40102K8	True	2273	1968	50979	7	7	13.0	0.038604131112811156	0.04458698679848565	detected
FAM26F	Y40102K8	Y40102K8	False	0	0	50979	7	0	13.0	0.0	0.0	unavailable
FAM46C	Y40102K8	Y40102K8	False	0	0	50979	7	0	13.0	0.0	0.0	unavailable
FAM49A	Y40102K8	Y40102K8	True	3187	2703	50979	7	7	13.0	0.053021832519272644	0.06251593793522824	detected
FAM49B	Y40102K8	Y40102K8	True	7155	5307	50979	7	7	13.0	0.10410168893073618	0.14035190960983934	detected
FAM65B	Y40102K8	Y40102K8	False	0	0	50979	7	0	13.0	0.0	0.0	unavailable
FBP1	Y40102K8	Y40102K8	True	1015	898	50979	7	7	13.0	0.01761509641224818	0.01991015908511348	detected
FBXW7	Y40102K8	Y40102K8	True	10207	7005	50979	7	7	13.0	0.13740952156770436	0.2002196983071461	detected
FCER1A	Y40102K8	Y40102K8	True	179	154	50979	7	4	13.0	0.003020851723258597	0.003511249730281096	detected
FCER1G	Y40102K8	Y40102K8	True	1368	1225	50979	7	7	13.0	0.024029502344102473	0.02683457894427117	detected
FCGBP	Y40102K8	Y40102K8	True	551	510	50979	7	7	13.0	0.01000411934325899	0.010808372074775889	detected
FCGR2A	Y40102K8	Y40102K8	True	1789	1596	50979	7	7	13.0	0.031307008768316366	0.03509288138253006	detected
FCGR2B	Y40102K8	Y40102K8	True	628	564	50979	7	7	13.0	0.011063379038427587	0.012318797936405187	detected
FCHSD2	Y40102K8	Y40102K8	True	20871	11322	50979	7	7	13.0	0.22209144942034956	0.40940387218266344	detected
FCN1	Y40102K8	Y40102K8	True	778	735	50979	7	7	13.0	0.014417701406461484	0.015261185978540183	detected
FCRL5	Y40102K8	Y40102K8	True	1325	1146	50979	7	7	13.0	0.022479844641911374	0.02599109437219247	detected
FER	Y40102K8	Y40102K8	True	11977	7907	50979	7	7	13.0	0.15510308166107614	0.23493987720433904	detected
FGD4	Y40102K8	Y40102K8	True	11540	7662	50979	7	7	13.0	0.15029718119225563	0.22636772004158576	detected
FGFBP2	Y40102K8	Y40102K8	True	124	115	50979	7	5	13.0	0.0022558308323034977	0.0024323741148315975	detected
FGL2	Y40102K8	Y40102K8	True	776	701	50979	7	7	13.0	0.013750760116910885	0.015221954137978383	detected
FGR	Y40102K8	Y40102K8	True	1347	1210	50979	7	7	13.0	0.023735263539888973	0.026422644618372272	detected
FLT3	Y40102K8	Y40102K8	True	1046	951	50979	7	6	13.0	0.01865474018713588	0.020518252613821376	detected
FMN1	Y40102K8	Y40102K8	True	4247	3403	50979	7	7	13.0	0.06675297671590262	0.08330881343298221	detected
FMNL2	Y40102K8	Y40102K8	True	11557	7733	50979	7	7	13.0	0.15168991153219955	0.22670119068636105	detected
FNBP1	Y40102K8	Y40102K8	True	10488	7129	50979	7	7	13.0	0.13984189568253594	0.20573177190607897	detected
FNDC3B	Y40102K8	Y40102K8	True	30250	13875	50979	7	7	13.0	0.2721708938974872	0.5933815884972243	detected
FNIP2	Y40102K8	Y40102K8	True	6006	4651	50979	7	7	13.0	0.0912336452264658	0.11781321720708528	detected
FOLR2	Y40102K8	Y40102K8	True	185	171	50979	7	7	13.0	0.003354322368033896	0.003628945251966496	detected
FOXO1	Y40102K8	Y40102K8	True	12862	8389	50979	7	7	13.0	0.16455795523646993	0.2522999666529355	detected
FPR1	Y40102K8	Y40102K8	True	463	439	50979	7	7	13.0	0.00861138900331509	0.00908217109005669	detected
FPR3	Y40102K8	Y40102K8	True	830	744	50979	7	7	13.0	0.014594244688989583	0.01628121383314698	detected
FRMD4A	Y40102K8	Y40102K8	True	13677	8483	50979	7	7	13.0	0.16640185174287453	0.268286941681869	detected
FSCN1	Y40102K8	Y40102K8	True	2822	2431	50979	7	7	13.0	0.04768630220286785	0.05535612703269974	detected
FTL	Y40102K8	Y40102K8	True	22712	12201	50979	7	7	13.0	0.23933384334726063	0.44551678141980033	detected
FYB	Y40102K8	Y40102K8	False	0	0	50979	7	0	13.0	0.0	0.0	unavailable
FYN	Y40102K8	Y40102K8	True	10436	7113	50979	7	7	13.0	0.13952804095804155	0.2047117440514722	detected
G0S2	Y40102K8	Y40102K8	True	1516	1326	50979	7	7	13.0	0.02601071029247337	0.029737735145844366	detected
GAB1	Y40102K8	Y40102K8	True	6820	5120	50979	7	7	13.0	0.1004335118382079	0.13378057631573786	detected
GAB2	Y40102K8	Y40102K8	True	7573	5578	50979	7	7	13.0	0.10941760332686008	0.14855136428725554	detected
GALC	Y40102K8	Y40102K8	True	2359	2074	50979	7	7	13.0	0.040683418662586554	0.04627395594264305	detected
GATA2	Y40102K8	Y40102K8	True	1744	1582	50979	7	7	13.0	0.031032385884383767	0.034210164969889566	detected
GDI2	Y40102K8	Y40102K8	True	4694	3802	50979	7	7	13.0	0.07457972890798172	0.0920771297985445	detected
GK	Y40102K8	Y40102K8	True	1430	1297	50979	7	7	13.0	0.025441848604327272	0.028050766001686968	detected
GLDN	Y40102K8	Y40102K8	True	3731	3146	50979	7	7	13.0	0.061711685203711335	0.07318699856803781	detected
GLIPR2	Y40102K8	Y40102K8	True	2639	2216	50979	7	7	13.0	0.04346887934247435	0.05176641362129504	detected
GLUL	Y40102K8	Y40102K8	True	5311	4225	50979	7	7	13.0	0.08287726318680241	0.10418015261185978	detected
GM2A	Y40102K8	Y40102K8	True	1477	1324	50979	7	7	13.0	0.02597147845191157	0.02897271425488927	detected
GNA13	Y40102K8	Y40102K8	True	1992	1739	50979	7	7	13.0	0.03411208536848506	0.03907491319955276	detected
GNA15	Y40102K8	Y40102K8	True	498	472	50979	7	6	13.0	0.00925871437258479	0.00976872829988819	detected
GNG2	Y40102K8	Y40102K8	True	3023	2557	50979	7	7	13.0	0.050157908158261245	0.05929892700916063	detected
GNG7	Y40102K8	Y40102K8	True	6327	4693	50979	7	7	13.0	0.0920575138782636	0.12410992761725416	detected
GNLY	Y40102K8	Y40102K8	True	208	183	50979	7	7	13.0	0.003589713411404696	0.004080111418427196	detected
GPNMB	Y40102K8	Y40102K8	True	3525	2960	50979	7	7	13.0	0.058063124031463936	0.06914611899017242	detected
GPR137B	Y40102K8	Y40102K8	True	1313	1175	50979	7	7	13.0	0.023048706330057473	0.025755703328821673	detected
GPR157	Y40102K8	Y40102K8	True	1207	1076	50979	7	7	13.0	0.021106730222248377	0.023676415779046275	detected
GPR183	Y40102K8	Y40102K8	True	219	204	50979	7	5	13.0	0.0040016477373035955	0.0042958865415170955	detected
GPR65	Y40102K8	Y40102K8	True	102	93	50979	7	6	13.0	0.001824280586123698	0.0020008238686517977	detected
GRN	Y40102K8	Y40102K8	True	10508	7330	50979	7	7	13.0	0.14378469565899685	0.20612409031169698	detected
GSN	Y40102K8	Y40102K8	True	18350	10575	50979	7	7	13.0	0.20743835697051727	0.35995213715451463	detected
GSTO1	Y40102K8	Y40102K8	True	2174	1885	50979	7	7	13.0	0.03697600972949646	0.042645010690676555	detected
GZMA	Y40102K8	Y40102K8	True	125	120	50979	7	7	13.0	0.0023539104337079973	0.0024519900351124974	detected
GZMB	Y40102K8	Y40102K8	True	151	138	50979	7	6	13.0	0.002706996998764197	0.002962003962415897	detected
GZMH	Y40102K8	Y40102K8	True	133	122	50979	7	5	13.0	0.0023931422742697974	0.0026089173973596973	detected
H2AFY	Y40102K8	Y40102K8	True	6868	5246	50979	7	7	13.0	0.10290511779360129	0.13472214048922104	detected
HCK	Y40102K8	Y40102K8	True	1537	1344	50979	7	7	13.0	0.02636379685752957	0.030149669471743266	detected
HCLS1	Y40102K8	Y40102K8	True	1910	1683	50979	7	7	13.0	0.033013593832754665	0.03746640773651896	detected
HDAC9	Y40102K8	Y40102K8	True	11009	7450	50979	7	7	13.0	0.14613860609270485	0.21595166637242785	detected
HDC	Y40102K8	Y40102K8	True	482	442	50979	7	7	13.0	0.00867023676415779	0.009454873575393789	detected
HERPUD1	Y40102K8	Y40102K8	True	6701	5169	50979	7	7	13.0	0.101394691931972	0.13144628180231074	detected
HIF1A	Y40102K8	Y40102K8	True	13880	8957	50979	7	7	13.0	0.17569979795602111	0.2722689734988917	detected
HIVEP1	Y40102K8	Y40102K8	True	4462	3594	50979	7	7	13.0	0.07049961748955452	0.0875262362933757	detected
HLA-DMB	Y40102K8	Y40102K8	True	1983	1726	50979	7	7	13.0	0.03385707840483336	0.03889836991702466	detected
HLA-DPA1	Y40102K8	Y40102K8	True	4590	3604	50979	7	7	13.0	0.07069577669236352	0.0900370740893309	detected
HLA-DPB1	Y40102K8	Y40102K8	True	5858	4599	50979	7	7	13.0	0.090213617371859	0.11491006100551207	detected
HLA-DQA1	Y40102K8	Y40102K8	True	1702	1456	50979	7	7	13.0	0.02856077992899037	0.033386296318091764	detected
HLA-DQA2	Y40102K8	Y40102K8	True	233	211	50979	7	6	13.0	0.004138959179269895	0.004570509425449695	detected
HLA-DQB1	Y40102K8	Y40102K8	True	5575	4431	50979	7	7	13.0	0.0869181427646678	0.10935875556601737	detected
HLA-DQB2	Y40102K8	Y40102K8	True	137	127	50979	7	6	13.0	0.0024912218756742975	0.002687381078483297	detected
HLA-DRA	Y40102K8	Y40102K8	True	22537	12208	50979	7	7	13.0	0.23947115478922693	0.4420839953706428	detected
HLA-DRB1	Y40102K8	Y40102K8	True	11136	7482	50979	7	7	13.0	0.14676631554169364	0.21844288824810215	detected
HLA-DRB5	Y40102K8	Y40102K8	True	562	491	50979	7	7	13.0	0.00963141685792189	0.011024147197865788	detected
HMOX1	Y40102K8	Y40102K8	True	1409	1291	50979	7	7	13.0	0.02532415308264187	0.02763883167578807	detected
HPGD	Y40102K8	Y40102K8	True	4344	3528	50979	7	7	13.0	0.06920496675101512	0.0852115577002295	detected
HPGDS	Y40102K8	Y40102K8	True	527	484	50979	7	7	13.0	0.00949410541595559	0.01033758998803429	detected
HSP90B1	Y40102K8	Y40102K8	True	27229	13379	50979	7	7	13.0	0.2624413974381608	0.5341218933286255	detected
ICOS	Y40102K8	Y40102K8	True	156	135	50979	7	6	13.0	0.002648149237921497	0.0030600835638203965	detected
ID2	Y40102K8	Y40102K8	True	4691	3893	50979	7	7	13.0	0.07636477765354362	0.09201828203770179	detected
IFITM2	Y40102K8	Y40102K8	True	10220	7100	50979	7	7	13.0	0.13927303399438984	0.20047470527079778	detected
IFITM3	Y40102K8	Y40102K8	True	11730	7908	50979	7	7	13.0	0.15512269758135702	0.23009474489495674	detected
IGHA1	Y40102K8	Y40102K8	True	10424	5877	50979	7	7	13.0	0.11528276349084918	0.20447635300810138	detected
IGHG1	Y40102K8	Y40102K8	True	27411	11164	50979	7	7	13.0	0.21899213401596737	0.5376919908197493	detected
IGHG2	Y40102K8	Y40102K8	True	2282	1560	50979	7	7	13.0	0.030600835638203965	0.044763530081013754	detected
IGHG3	Y40102K8	Y40102K8	True	13621	7394	50979	7	7	13.0	0.14504011455697444	0.2671884501461386	detected
IGHG4	Y40102K8	Y40102K8	True	6516	3730	50979	7	7	13.0	0.07316738264775692	0.12781733655034425	detected
IGHGP	Y40102K8	Y40102K8	True	191624	23627	50979	7	7	13.0	0.4634653484768238	3.7588811079071776	detected
IGHM	Y40102K8	Y40102K8	True	11451	6745	50979	7	7	13.0	0.13230938229467035	0.22462190313658564	detected
IGLC2	Y40102K8	Y40102K8	True	5129	3862	50979	7	7	13.0	0.07575668412483572	0.100610055120736	detected
IGLC3	Y40102K8	Y40102K8	True	8416	5650	50979	7	7	13.0	0.11082994958708488	0.16508758508405422	detected
IGSF6	Y40102K8	Y40102K8	True	207	184	50979	7	6	13.0	0.003609329331685596	0.004060495498146296	detected
IKZF1	Y40102K8	Y40102K8	True	3562	2894	50979	7	7	13.0	0.05676847329292454	0.06987190804056573	detected
IL15	Y40102K8	Y40102K8	True	2516	2132	50979	7	7	13.0	0.04182114203887875	0.049353655426744344	detected
IL18R1	Y40102K8	Y40102K8	True	1174	1055	50979	7	7	13.0	0.020694795896349476	0.023029090409776576	detected
IL1B	Y40102K8	Y40102K8	True	107	99	50979	7	6	13.0	0.0019419761078090978	0.0020989034700562978	detected
IL1R2	Y40102K8	Y40102K8	True	469	436	50979	7	7	13.0	0.008552541242472391	0.00919986661174209	detected
IL1RL1	Y40102K8	Y40102K8	True	868	790	50979	7	7	13.0	0.015496577021910983	0.01702661880382118	detected
IL2RA	Y40102K8	Y40102K8	True	332	304	50979	7	6	13.0	0.0059632397653935935	0.006512485533258793	detected
IL32	Y40102K8	Y40102K8	True	933	821	50979	7	7	13.0	0.016104670550618882	0.01830165362207968	detected
IL3RA	Y40102K8	Y40102K8	True	2193	1910	50979	7	7	13.0	0.03746640773651896	0.043017713176013654	detected
IL7R	Y40102K8	Y40102K8	True	3197	2649	50979	7	7	13.0	0.05196257282410404	0.06271209713803723	detected
INHBA	Y40102K8	Y40102K8	True	2469	2144	50979	7	7	13.0	0.042056533082249555	0.048431707173542046	detected
INPP4A	Y40102K8	Y40102K8	True	5230	4117	50979	7	7	13.0	0.08075874379646521	0.10259126306910689	detected
INPP4B	Y40102K8	Y40102K8	True	17698	10214	50979	7	7	13.0	0.20035700974911239	0.34716255713136784	detected
INPP5D	Y40102K8	Y40102K8	True	5320	4153	50979	7	7	13.0	0.0814649169265776	0.10435669589438788	detected
IQGAP2	Y40102K8	Y40102K8	True	4735	3801	50979	7	7	13.0	0.07456011298770082	0.0928813825300614	detected
IRAK2	Y40102K8	Y40102K8	True	1850	1634	50979	7	7	13.0	0.032052413738990565	0.03628945251966496	detected
IRAK3	Y40102K8	Y40102K8	True	5339	4240	50979	7	7	13.0	0.0831715019910159	0.10472939837972499	detected
IRF4	Y40102K8	Y40102K8	True	1383	1194	50979	7	7	13.0	0.023421408815394573	0.02712881774848467	detected
IRF7	Y40102K8	Y40102K8	True	309	274	50979	7	6	13.0	0.005374762156966594	0.0060613193667980935	detected
IRF8	Y40102K8	Y40102K8	True	444	400	50979	7	6	13.0	0.007846368112359992	0.00870946860471959	detected
ISG20	Y40102K8	Y40102K8	True	1603	1417	50979	7	7	13.0	0.02779575903803527	0.031444320210282664	detected
ITGAX	Y40102K8	Y40102K8	True	1781	1590	50979	7	7	13.0	0.031189313246630965	0.034935954020282864	detected
ITGB2	Y40102K8	Y40102K8	True	1413	1250	50979	7	7	13.0	0.024519900351124974	0.02771729535691167	detected
ITK	Y40102K8	Y40102K8	True	1361	1217	50979	7	7	13.0	0.023872574981855275	0.02669726750230487	detected
ITM2C	Y40102K8	Y40102K8	True	3367	2857	50979	7	7	13.0	0.05604268424253124	0.06604680358579022	detected
ITSN2	Y40102K8	Y40102K8	True	15166	9357	50979	7	7	13.0	0.1835461660683811	0.2974950469801291	detected
JADE3	Y40102K8	Y40102K8	True	1554	1383	50979	7	7	13.0	0.02712881774848467	0.030483140116518568	detected
JAML	Y40102K8	Y40102K8	True	1148	1048	50979	7	7	13.0	0.020557484454383178	0.022519076482473175	detected
JARID2	Y40102K8	Y40102K8	True	6584	4989	50979	7	7	13.0	0.09786382628141	0.12915121912944547	detected
JCHAIN	Y40102K8	Y40102K8	True	22890	11222	50979	7	7	13.0	0.22012985739225957	0.4490084152298005	detected
JMJD1C	Y40102K8	Y40102K8	True	30074	13758	50979	7	7	13.0	0.2698758312246219	0.5899291865277859	detected
KCNMA1	Y40102K8	Y40102K8	True	10491	7217	50979	7	7	13.0	0.14156809666725514	0.20579061966692166	detected
KDM2B	Y40102K8	Y40102K8	True	4304	3430	50979	7	7	13.0	0.06728260656348693	0.0844269208889935	detected
KIAA0922	Y40102K8	Y40102K8	False	0	0	50979	7	0	13.0	0.0	0.0	unavailable
KIF16B	Y40102K8	Y40102K8	True	3627	3021	50979	7	7	13.0	0.05925969516859884	0.07114694285882422	detected
KIT	Y40102K8	Y40102K8	True	1026	950	50979	7	7	13.0	0.01863512426685498	0.020125934208203376	detected
KLRB1	Y40102K8	Y40102K8	True	606	567	50979	7	7	13.0	0.011122226799270288	0.011887247690225387	detected
KLRC1	Y40102K8	Y40102K8	True	128	116	50979	7	6	13.0	0.0022754467525843976	0.0025108377959551973	detected
KLRC4-KLRK1	Y40102K8	Y40102K8	True	69	65	50979	7	4	13.0	0.0012750348182584987	0.0013534984993820985	detected
KLRD1	Y40102K8	Y40102K8	True	2002	1793	50979	7	7	13.0	0.03517134506365366	0.03927107240236176	detected
KLRF1	Y40102K8	Y40102K8	True	162	151	50979	7	6	13.0	0.002962003962415897	0.0031777790855057964	detected
KYNU	Y40102K8	Y40102K8	True	2704	2287	50979	7	7	13.0	0.04486160968241825	0.053041448439553544	detected
LAMP1	Y40102K8	Y40102K8	True	5487	4316	50979	7	7	13.0	0.0846623119323643	0.10763255458129818	detected
LAMP3	Y40102K8	Y40102K8	True	2013	1734	50979	7	7	13.0	0.034014005767080566	0.03948684752545166	detected
LAPTM5	Y40102K8	Y40102K8	True	4247	3497	50979	7	7	13.0	0.06859687322230723	0.08330881343298221	detected
LCK	Y40102K8	Y40102K8	True	1185	1080	50979	7	7	13.0	0.021185193903371976	0.023244865532866473	detected
LCP1	Y40102K8	Y40102K8	True	2458	2096	50979	7	7	13.0	0.041114968908766356	0.048215932050452145	detected
LDLRAD4	Y40102K8	Y40102K8	True	14471	8979	50979	7	7	13.0	0.17613134820220092	0.28386198238490357	detected
LEPROTL1	Y40102K8	Y40102K8	True	3304	2744	50979	7	7	13.0	0.05382608525078954	0.06481100060809353	detected
LGALS1	Y40102K8	Y40102K8	True	4163	3400	50979	7	7	13.0	0.06669412895505993	0.08166107612938661	detected
LGALS2	Y40102K8	Y40102K8	True	272	253	50979	7	6	13.0	0.004962827831067694	0.0053355303164047945	detected
LGALS3	Y40102K8	Y40102K8	True	3291	2709	50979	7	7	13.0	0.05313952804095804	0.06455599364444183	detected
LGMN	Y40102K8	Y40102K8	True	4781	3897	50979	7	7	13.0	0.07644324133466722	0.0937837148629828	detected
LILRA5	Y40102K8	Y40102K8	True	170	154	50979	7	6	13.0	0.003020851723258597	0.0033347064477529964	detected
LILRB2	Y40102K8	Y40102K8	True	747	695	50979	7	7	13.0	0.013633064595225486	0.014653092449832284	detected
LILRB4	Y40102K8	Y40102K8	True	273	252	50979	7	7	13.0	0.004943211910786794	0.005355146236685694	detected
LIMS1	Y40102K8	Y40102K8	True	9971	6947	50979	7	7	13.0	0.13627179819141216	0.1955903411208537	detected
LINC00152	Y40102K8	Y40102K8	False	0	0	50979	7	0	13.0	0.0	0.0	unavailable
LINC00486	Y40102K8	Y40102K8	True	3733	3243	50979	7	7	13.0	0.06361442947095863	0.07322623040859962	detected
LINC00926	Y40102K8	Y40102K8	True	298	275	50979	7	7	13.0	0.005394378077247494	0.005845544243708194	detected
LIPA	Y40102K8	Y40102K8	True	4104	3413	50979	7	7	13.0	0.06694913591871163	0.0805037368328135	detected
LPIN1	Y40102K8	Y40102K8	True	3277	2713	50979	7	7	13.0	0.053217991722081644	0.06428137076050923	detected
LPL	Y40102K8	Y40102K8	True	4594	3776	50979	7	7	13.0	0.07406971498067833	0.0901155377704545	detected
LPP	Y40102K8	Y40102K8	True	38698	15744	50979	7	7	13.0	0.30883304890248925	0.7590968830302673	detected
LRMP	Y40102K8	Y40102K8	True	1190	1066	50979	7	7	13.0	0.020910571019439377	0.023342945134270973	detected
LSAMP	Y40102K8	Y40102K8	True	30142	13966	50979	7	7	13.0	0.2739559426430491	0.5912630691068872	detected
LSP1	Y40102K8	Y40102K8	True	918	820	50979	7	6	13.0	0.01608505463033798	0.01800741481786618	detected
LST1	Y40102K8	Y40102K8	True	544	510	50979	7	7	13.0	0.01000411934325899	0.010671060632809589	detected
LTA4H	Y40102K8	Y40102K8	True	4087	3361	50979	7	7	13.0	0.06592910806410483	0.08017026618803821	detected
LTB	Y40102K8	Y40102K8	True	822	741	50979	7	7	13.0	0.014535396928146885	0.016124286470899783	detected
LTC4S	Y40102K8	Y40102K8	True	177	168	50979	7	6	13.0	0.0032954746071911963	0.003472017889719296	detected
LY9	Y40102K8	Y40102K8	True	492	459	50979	7	7	13.0	0.00900370740893309	0.009651032778202789	detected
LYN	Y40102K8	Y40102K8	True	6008	4642	50979	7	7	13.0	0.0910571019439377	0.11785244904764706	detected
LYVE1	Y40102K8	Y40102K8	True	1745	1555	50979	7	7	13.0	0.030502756036799465	0.03422978089017046	detected
LYZ	Y40102K8	Y40102K8	True	11540	7781	50979	7	7	13.0	0.15263147570568272	0.22636772004158576	detected
MAFB	Y40102K8	Y40102K8	True	1850	1620	50979	7	7	13.0	0.03177779085505796	0.03628945251966496	detected
MALAT1	Y40102K8	Y40102K8	True	1818598	33638	50979	7	7	13.0	0.6598403264089134	35.67347339100414	detected
MAOB	Y40102K8	Y40102K8	True	4161	3418	50979	7	7	13.0	0.06704721552011612	0.08162184428882481	detected
MAP2K1	Y40102K8	Y40102K8	True	4105	3343	50979	7	7	13.0	0.06557602149904863	0.08052335275309441	detected
MAP3K8	Y40102K8	Y40102K8	True	2175	1880	50979	7	7	13.0	0.03687793012809196	0.042664626610957455	detected
MAP4K4	Y40102K8	Y40102K8	True	13854	8777	50979	7	7	13.0	0.1721689323054591	0.2717589595715883	detected
MARCKSL1	Y40102K8	Y40102K8	True	2084	1828	50979	7	7	13.0	0.03585790227348516	0.040879577865395554	detected
MARCO	Y40102K8	Y40102K8	True	1405	1255	50979	7	7	13.0	0.024617979952529474	0.02756036799466447	detected
MCEMP1	Y40102K8	Y40102K8	True	303	275	50979	7	7	13.0	0.005394378077247494	0.005943623845112694	detected
MCOLN2	Y40102K8	Y40102K8	True	655	588	50979	7	6	13.0	0.011534161125169187	0.012848427783989485	detected
MCTP2	Y40102K8	Y40102K8	True	7092	5302	50979	7	7	13.0	0.10400360932933168	0.13911610663214263	detected
MED13L	Y40102K8	Y40102K8	True	26422	13022	50979	7	7	13.0	0.2554385138978795	0.5182918456619392	detected
MEF2C	Y40102K8	Y40102K8	True	17091	9958	50979	7	7	13.0	0.19533533415720197	0.33525569352086154	detected
MERTK	Y40102K8	Y40102K8	True	2346	2024	50979	7	7	13.0	0.039702622648541554	0.04601894897899135	detected
MFSD1	Y40102K8	Y40102K8	True	2746	2328	50979	7	7	13.0	0.04566586241393515	0.05386531709135134	detected
MGAT5	Y40102K8	Y40102K8	True	7984	5808	50979	7	7	13.0	0.11392926499146708	0.15661350752270542	detected
MMP19	Y40102K8	Y40102K8	True	3733	3131	50979	7	7	13.0	0.06141744639949783	0.07322623040859962	detected
MNDA	Y40102K8	Y40102K8	True	214	189	50979	7	6	13.0	0.003707408933090096	0.0041978069401125955	detected
MOB1B	Y40102K8	Y40102K8	True	3174	2623	50979	7	7	13.0	0.05145255889680064	0.062260930971576534	detected
MPEG1	Y40102K8	Y40102K8	True	620	571	50979	7	7	13.0	0.011200690480393887	0.012161870574157987	detected
MPP1	Y40102K8	Y40102K8	True	1093	985	50979	7	7	13.0	0.01932168147668648	0.021440200867023678	detected
MRC1	Y40102K8	Y40102K8	True	4678	3812	50979	7	7	13.0	0.07477588811079072	0.0917632750740501	detected
MS4A1	Y40102K8	Y40102K8	True	574	526	50979	7	7	13.0	0.010317974067753389	0.011259538241236587	detected
MS4A2	Y40102K8	Y40102K8	True	362	339	50979	7	6	13.0	0.006649796975225093	0.0071009631416857925	detected
MS4A4A	Y40102K8	Y40102K8	True	919	840	50979	7	7	13.0	0.01647737303595598	0.01802703073814708	detected
MS4A6A	Y40102K8	Y40102K8	True	1503	1283	50979	7	7	13.0	0.025167225720394672	0.029482728182192667	detected
MS4A6E	Y40102K8	Y40102K8	True	1446	1291	50979	7	7	13.0	0.02532415308264187	0.02836462072618137	detected
MSR1	Y40102K8	Y40102K8	True	4602	3718	50979	7	7	13.0	0.07293199160438613	0.0902724651327017	detected
MT-ND4L	Y40102K8	Y40102K8	True	2678	2274	50979	7	7	13.0	0.04460660271876655	0.05253143451225014	detected
MT-ND6	Y40102K8	Y40102K8	True	12123	8497	50979	7	7	13.0	0.16667647462680713	0.23780380156535044	detected
MT1E	Y40102K8	Y40102K8	True	3310	2810	50979	7	7	13.0	0.05512073598932894	0.06492869612977893	detected
MT1G	Y40102K8	Y40102K8	True	16	16	50979	7	3	13.0	0.00031385472449439966	0.00031385472449439966	detected
MT1X	Y40102K8	Y40102K8	True	1156	1037	50979	7	7	13.0	0.020341709331293277	0.022676003844720374	detected
MT2A	Y40102K8	Y40102K8	True	22938	12507	50979	7	7	13.0	0.24533631495321603	0.4499499794032837	detected
MTSS1	Y40102K8	Y40102K8	True	4621	3742	50979	7	7	13.0	0.07340277369112772	0.0906451676180388	detected
MXD1	Y40102K8	Y40102K8	True	1235	1117	50979	7	7	13.0	0.021910982953765278	0.024225661546911473	detected
MYH9	Y40102K8	Y40102K8	True	24793	12766	50979	7	7	13.0	0.2504168383059691	0.48633751152435317	detected
MZB1	Y40102K8	Y40102K8	True	1913	1592	50979	7	7	13.0	0.031228545087192767	0.03752525549736166	detected
NAAA	Y40102K8	Y40102K8	True	1586	1395	50979	7	7	13.0	0.02736420879185547	0.031110849565507366	detected
NAIP	Y40102K8	Y40102K8	True	5574	4278	50979	7	7	13.0	0.0839169069616901	0.10933913964573648	detected
NAMPT	Y40102K8	Y40102K8	True	6563	5038	50979	7	7	13.0	0.0988250063751741	0.12873928480354657	detected
NAV1	Y40102K8	Y40102K8	True	7542	5601	50979	7	7	13.0	0.10986876949332078	0.14794327075854763	detected
NCALD	Y40102K8	Y40102K8	True	6806	5198	50979	7	7	13.0	0.1019635536201181	0.13350595343180524	detected
NCOA3	Y40102K8	Y40102K8	True	10835	7335	50979	7	7	13.0	0.14388277526040133	0.21253849624355126	detected
NDRG2	Y40102K8	Y40102K8	True	2042	1802	50979	7	7	13.0	0.03534788834618176	0.04005570921359776	detected
NFKB1	Y40102K8	Y40102K8	True	5571	4338	50979	7	7	13.0	0.0850938621785441	0.10928029188489378	detected
NFKBIA	Y40102K8	Y40102K8	True	7102	5409	50979	7	7	13.0	0.10610251279938798	0.13931226583495165	detected
NKG7	Y40102K8	Y40102K8	True	104	93	50979	7	5	13.0	0.001824280586123698	0.002040055709213598	detected
NLK	Y40102K8	Y40102K8	True	5170	4101	50979	7	7	13.0	0.08044488907197081	0.10141430785225289	detected
NLRP3	Y40102K8	Y40102K8	True	126	116	50979	7	7	13.0	0.0022754467525843976	0.002471605955393397	detected
NOL4L	Y40102K8	Y40102K8	True	2758	2363	50979	7	7	13.0	0.04635241962376665	0.05410070813472214	detected
NPC2	Y40102K8	Y40102K8	True	6178	4832	50979	7	7	13.0	0.0947841267973087	0.12118715549540007	detected
NPL	Y40102K8	Y40102K8	True	1650	1439	50979	7	7	13.0	0.02822730928421507	0.03236626846348496	detected
NR4A2	Y40102K8	Y40102K8	True	1465	1325	50979	7	7	13.0	0.02599109437219247	0.028737323211518468	detected
NR4A3	Y40102K8	Y40102K8	True	1054	941	50979	7	7	13.0	0.01845858098432688	0.02067517997606858	detected
NTM	Y40102K8	Y40102K8	True	19686	11148	50979	7	7	13.0	0.21867827929147296	0.38615900664979697	detected
OGFRL1	Y40102K8	Y40102K8	True	1804	1620	50979	7	7	13.0	0.03177779085505796	0.03538712018674356	detected
OLR1	Y40102K8	Y40102K8	True	1187	1068	50979	7	7	13.0	0.020949802860001178	0.023284097373428275	detected
OXSR1	Y40102K8	Y40102K8	True	3478	2927	50979	7	7	13.0	0.057415798662194234	0.06822417073697012	detected
PAG1	Y40102K8	Y40102K8	True	8615	6334	50979	7	7	13.0	0.12424723905922046	0.1689911532199533	detected
PAK1	Y40102K8	Y40102K8	True	2608	2223	50979	7	7	13.0	0.043606190784440654	0.051158320092587146	detected
PAPSS2	Y40102K8	Y40102K8	True	6604	5169	50979	7	7	13.0	0.101394691931972	0.12954353753506345	detected
PARP8	Y40102K8	Y40102K8	True	5825	4533	50979	7	7	13.0	0.08891896663331961	0.11426273563624237	detected
PAX5	Y40102K8	Y40102K8	True	985	876	50979	7	7	13.0	0.017183546166068382	0.01932168147668648	detected
PBX4	Y40102K8	Y40102K8	True	1074	963	50979	7	7	13.0	0.01889013123050668	0.021067498381686575	detected
PDE3B	Y40102K8	Y40102K8	True	10282	7008	50979	7	7	13.0	0.13746836932854706	0.20169089232821358	detected
PDE4B	Y40102K8	Y40102K8	True	4636	3728	50979	7	7	13.0	0.07312815080719512	0.0909394064222523	detected
PDE4C	Y40102K8	Y40102K8	True	7	4	50979	7	1	13.0	7.846368112359992e-05	0.00013731144196629986	detected
PDK1	Y40102K8	Y40102K8	True	3221	2741	50979	7	7	13.0	0.05376723748994684	0.06318287922477883	detected
PELI1	Y40102K8	Y40102K8	True	4120	3376	50979	7	7	13.0	0.06622334686831832	0.08081759155730792	detected
PFKFB3	Y40102K8	Y40102K8	True	4016	3318	50979	7	7	13.0	0.06508562349202612	0.07877753584809431	detected
PFN1	Y40102K8	Y40102K8	True	5235	4105	50979	7	7	13.0	0.08052335275309441	0.10268934267051139	detected
PHF20	Y40102K8	Y40102K8	True	7916	5757	50979	7	7	13.0	0.11292885305714118	0.15527962494360423	detected
PICALM	Y40102K8	Y40102K8	True	15888	9758	50979	7	7	13.0	0.191412150101022	0.31165774142293884	detected
PIM2	Y40102K8	Y40102K8	True	1652	1393	50979	7	7	13.0	0.02732497695129367	0.032405500304046764	detected
PIP4K2A	Y40102K8	Y40102K8	True	6948	5157	50979	7	7	13.0	0.10115930088860119	0.13629141411169304	detected
PITPNC1	Y40102K8	Y40102K8	True	17425	10129	50979	7	7	13.0	0.19868965652523587	0.34180741089468214	detected
PKIB	Y40102K8	Y40102K8	True	745	679	50979	7	7	13.0	0.013319209870731085	0.014613860609270484	detected
PLA2G7	Y40102K8	Y40102K8	True	438	407	50979	7	7	13.0	0.007983679554326292	0.008591773083034191	detected
PLAC8	Y40102K8	Y40102K8	True	862	777	50979	7	7	13.0	0.015241570058259284	0.016908923282135783	detected
PLAUR	Y40102K8	Y40102K8	True	1522	1345	50979	7	7	13.0	0.02638341277781047	0.029855430667529766	detected
PLCG2	Y40102K8	Y40102K8	True	5460	4209	50979	7	7	13.0	0.08256340846230802	0.10710292473371388	detected
PLD3	Y40102K8	Y40102K8	True	4941	3927	50979	7	7	13.0	0.07703171894309421	0.09692226210792679	detected
PLD4	Y40102K8	Y40102K8	True	36	32	50979	7	4	13.0	0.0006277094489887993	0.0007061731301123992	detected
PLEK2	Y40102K8	Y40102K8	True	150	142	50979	7	6	13.0	0.002785460679887797	0.0029423880421349967	detected
PLEKHG1	Y40102K8	Y40102K8	True	12295	8020	50979	7	7	13.0	0.15731968065281782	0.24117773985366522	detected
PLTP	Y40102K8	Y40102K8	True	3181	2730	50979	7	7	13.0	0.05355146236685694	0.06239824241354283	detected
PLXDC2	Y40102K8	Y40102K8	True	39461	15787	50979	7	7	13.0	0.30967653347456797	0.774063830204594	detected
POLB	Y40102K8	Y40102K8	True	2033	1763	50979	7	7	13.0	0.034582867455226665	0.03987916593106965	detected
POU2AF1	Y40102K8	Y40102K8	True	3470	2846	50979	7	7	13.0	0.05582690911944134	0.06806724337472292	detected
PPARG	Y40102K8	Y40102K8	True	6087	4686	50979	7	7	13.0	0.0919202024362973	0.11940210674983817	detected
PPP1R16B	Y40102K8	Y40102K8	True	4247	3372	50979	7	7	13.0	0.06614488318719473	0.08330881343298221	detected
PPP2R5C	Y40102K8	Y40102K8	True	7023	5243	50979	7	7	13.0	0.10284627003275859	0.13776260813276056	detected
PRDM1	Y40102K8	Y40102K8	True	1607	1421	50979	7	7	13.0	0.02787422271915887	0.03152278389140627	detected
PRDM2	Y40102K8	Y40102K8	True	4818	3818	50979	7	7	13.0	0.07489358363247611	0.09450950391337609	detected
PRDX4	Y40102K8	Y40102K8	True	1278	1112	50979	7	7	13.0	0.021812903352360778	0.025069146118990172	detected
PRF1	Y40102K8	Y40102K8	True	56	53	50979	7	6	13.0	0.001039643774887699	0.001098491535730399	detected
PRKCA	Y40102K8	Y40102K8	True	10428	7063	50979	7	7	13.0	0.13854724494399656	0.20455481668922498	detected
PRKCB	Y40102K8	Y40102K8	True	7769	5697	50979	7	7	13.0	0.11175189784028718	0.15239608466231194	detected
PRKCH	Y40102K8	Y40102K8	True	22340	11757	50979	7	7	13.0	0.23062437474254105	0.4382196590753055	detected
PRKX	Y40102K8	Y40102K8	True	2845	2405	50979	7	7	13.0	0.04717628827556445	0.05580729319916044	detected
PRPSAP2	Y40102K8	Y40102K8	True	2319	2008	50979	7	7	13.0	0.039388767924047156	0.04548931913140705	detected
PSAP	Y40102K8	Y40102K8	True	28303	13966	50979	7	7	13.0	0.2739559426430491	0.5551893917103121	detected
PTCD1	Y40102K8	Y40102K8	True	866	774	50979	7	7	13.0	0.015182722297416584	0.016987386963259382	detected
PTGS1	Y40102K8	Y40102K8	True	622	564	50979	7	7	13.0	0.011063379038427587	0.012201102414719786	detected
PTPN1	Y40102K8	Y40102K8	True	3854	3151	50979	7	7	13.0	0.06180976480511583	0.07559975676258851	detected
PTPN2	Y40102K8	Y40102K8	True	4021	3281	50979	7	7	13.0	0.06435983444163283	0.07887561544949881	detected
PTPN22	Y40102K8	Y40102K8	True	1425	1287	50979	7	7	13.0	0.02524568940151827	0.027952686400282468	detected
PTPRC	Y40102K8	Y40102K8	True	4212	3359	50979	7	7	13.0	0.06588987622354303	0.08262225622315071	detected
PTPRE	Y40102K8	Y40102K8	True	6258	4787	50979	7	7	13.0	0.09390141038466819	0.12275642911787206	detected
PTPRS	Y40102K8	Y40102K8	True	5477	4321	50979	7	7	13.0	0.08476039153376881	0.10743639537848919	detected
PYHIN1	Y40102K8	Y40102K8	True	936	824	50979	7	7	13.0	0.016163518311461584	0.01836050138292238	detected
RAB31	Y40102K8	Y40102K8	True	7030	5282	50979	7	7	13.0	0.10361129092371368	0.13789991957472686	detected
RABGAP1L	Y40102K8	Y40102K8	True	25268	12440	50979	7	7	13.0	0.24402204829439572	0.49565507365778066	detected
RAC2	Y40102K8	Y40102K8	True	510	452	50979	7	6	13.0	0.00886639596696679	0.01000411934325899	detected
RALA	Y40102K8	Y40102K8	True	5546	4396	50979	7	7	13.0	0.0862315855548363	0.10878989387787127	detected
RALGPS2	Y40102K8	Y40102K8	True	5998	4616	50979	7	7	13.0	0.0905470880166343	0.11765628984483807	detected
RAPGEF2	Y40102K8	Y40102K8	True	10376	7110	50979	7	7	13.0	0.13946919319719886	0.20353478883461817	detected
RAPGEF5	Y40102K8	Y40102K8	True	9345	6660	50979	7	7	13.0	0.13064202907079386	0.1833107750250103	detected
RBM47	Y40102K8	Y40102K8	True	13679	8648	50979	7	7	13.0	0.169638478589223	0.2683261735224308	detected
RBM6	Y40102K8	Y40102K8	True	21625	11482	50979	7	7	13.0	0.22522999666529356	0.42419427607446203	detected
RBPJ	Y40102K8	Y40102K8	True	20433	11262	50979	7	7	13.0	0.22091449420349557	0.4008120990996293	detected
REL	Y40102K8	Y40102K8	True	2675	2319	50979	7	7	13.0	0.04548931913140705	0.052472586751407445	detected
RELB	Y40102K8	Y40102K8	True	2930	2480	50979	7	7	13.0	0.04864748229663195	0.057474646423036936	detected
RFTN1	Y40102K8	Y40102K8	True	9667	6790	50979	7	7	13.0	0.13319209870731086	0.1896271013554601	detected
RGS1	Y40102K8	Y40102K8	True	419	384	50979	7	6	13.0	0.0075325133878655914	0.008219070597697092	detected
RGS10	Y40102K8	Y40102K8	True	997	913	50979	7	7	13.0	0.01790933521646168	0.019557072520057277	detected
RGS13	Y40102K8	Y40102K8	True	1030	924	50979	7	7	13.0	0.01812511033955158	0.02020439788932698	detected
RGS2	Y40102K8	Y40102K8	True	800	724	50979	7	7	13.0	0.014201926283371585	0.015692736224719984	detected
RHOH	Y40102K8	Y40102K8	True	1440	1269	50979	7	7	13.0	0.024892602836462073	0.028246925204495968	detected
RILPL2	Y40102K8	Y40102K8	True	2174	1889	50979	7	7	13.0	0.037054473410620056	0.042645010690676555	detected
RIN3	Y40102K8	Y40102K8	True	4770	3764	50979	7	7	13.0	0.07383432393730752	0.0935679397398929	detected
RNASE1	Y40102K8	Y40102K8	True	4036	3269	50979	7	7	13.0	0.06412444339826202	0.07916985425371231	detected
RNASE2	Y40102K8	Y40102K8	False	0	0	50979	7	0	13.0	0.0	0.0	unavailable
RNASE6	Y40102K8	Y40102K8	True	72	61	50979	7	4	13.0	0.0011965711371348987	0.0014123462602247984	detected
RNF125	Y40102K8	Y40102K8	True	3175	2707	50979	7	7	13.0	0.05310029620039624	0.062280546891857434	detected
RNF130	Y40102K8	Y40102K8	True	6337	4831	50979	7	7	13.0	0.0947645108770278	0.12430608682006317	detected
RNF144B	Y40102K8	Y40102K8	True	2780	2411	50979	7	7	13.0	0.04729398379724985	0.05453225838090194	detected
RNF149	Y40102K8	Y40102K8	True	7840	5737	50979	7	7	13.0	0.11253653465152318	0.15378881500225583	detected
RNF19A	Y40102K8	Y40102K8	True	7872	5903	50979	7	7	13.0	0.11579277741815257	0.15441652445124462	detected
RORA-AS1	Y40102K8	Y40102K8	True	1079	972	50979	7	7	13.0	0.01906667451303478	0.021165577983091075	detected
RP11-138A9.2	Y40102K8	Y40102K8	False	0	0	50979	7	0	13.0	0.0	0.0	unavailable
RP11-20I23.1	Y40102K8	Y40102K8	False	0	0	50979	7	0	13.0	0.0	0.0	unavailable
RP11-277P12.6	Y40102K8	Y40102K8	False	0	0	50979	7	0	13.0	0.0	0.0	unavailable
RP11-295K3.1	Y40102K8	Y40102K8	False	0	0	50979	7	0	13.0	0.0	0.0	unavailable
RP11-354E11.2	Y40102K8	Y40102K8	False	0	0	50979	7	0	13.0	0.0	0.0	unavailable
RPL17-C18orf32	Y40102K8	Y40102K8	True	13076	8538	50979	7	7	13.0	0.167480727358324	0.2564977735930481	detected
RPS27	Y40102K8	Y40102K8	True	30947	14540	50979	7	7	13.0	0.28521548088428567	0.6070538849330116	detected
RPS29	Y40102K8	Y40102K8	True	17752	10471	50979	7	7	13.0	0.20539830126130368	0.3482218168265364	detected
RUBCN	Y40102K8	Y40102K8	True	1960	1697	50979	7	7	13.0	0.03328821671668726	0.03844720375056396	detected
RUNX2	Y40102K8	Y40102K8	True	4385	3505	50979	7	7	13.0	0.06875380058455442	0.0860158104317464	detected
RUNX3	Y40102K8	Y40102K8	True	725	636	50979	7	7	13.0	0.012475725298652386	0.014221542203652484	detected
S100A10	Y40102K8	Y40102K8	True	12168	8300	50979	7	7	13.0	0.16281213833146982	0.23868651797799093	detected
S100A11	Y40102K8	Y40102K8	True	3950	3267	50979	7	7	13.0	0.06408521155770024	0.07748288510955491	detected
S100A12	Y40102K8	Y40102K8	True	63	60	50979	7	4	13.0	0.0011769552168539987	0.0012358029776966986	detected
S100A4	Y40102K8	Y40102K8	True	4365	3567	50979	7	7	13.0	0.06996998764197022	0.0856234920261284	detected
S100A8	Y40102K8	Y40102K8	True	120	107	50979	7	7	13.0	0.0020989034700562978	0.0023539104337079973	detected
S100A9	Y40102K8	Y40102K8	True	519	458	50979	7	7	13.0	0.00898409148865219	0.010180662625787089	detected
S100B	Y40102K8	Y40102K8	True	78	73	50979	7	5	13.0	0.0014319621805056984	0.0015300417819101983	detected
SAMD12	Y40102K8	Y40102K8	True	10353	7052	50979	7	7	13.0	0.13833146982090666	0.20308362266815747	detected
SAMSN1	Y40102K8	Y40102K8	True	1171	1069	50979	7	7	13.0	0.02096941878028208	0.022970242648933874	detected
SARAF	Y40102K8	Y40102K8	True	6411	4939	50979	7	7	13.0	0.096883030267365	0.12575766492084975	detected
SAT1	Y40102K8	Y40102K8	True	24488	12875	50979	7	7	13.0	0.25255497361658724	0.48035465583867865	detected
SCHLAP1	Y40102K8	Y40102K8	True	553	516	50979	7	7	13.0	0.010121814864944388	0.010847603915337688	detected
SDC1	Y40102K8	Y40102K8	True	2447	2108	50979	7	7	13.0	0.04135035995213716	0.048000156927362245	detected
SDC2	Y40102K8	Y40102K8	True	6081	4775	50979	7	7	13.0	0.0936660193412974	0.11928441122815277	detected
SDCBP	Y40102K8	Y40102K8	True	6956	5349	50979	7	7	13.0	0.10492555758253398	0.13644834147394025	detected
SDF2L1	Y40102K8	Y40102K8	True	1344	1222	50979	7	7	13.0	0.023970654583259775	0.02636379685752957	detected
SEC11C	Y40102K8	Y40102K8	True	3288	2717	50979	7	7	13.0	0.05329645540320524	0.06449714588359913	detected
SEC14L1	Y40102K8	Y40102K8	True	7511	5585	50979	7	7	13.0	0.10955491476882638	0.14733517722983974	detected
SEC61B	Y40102K8	Y40102K8	True	5157	4136	50979	7	7	13.0	0.08113144628180231	0.10115930088860119	detected
SEL1L3	Y40102K8	Y40102K8	True	6882	5096	50979	7	7	13.0	0.09996272975146629	0.13499676337315364	detected
SELL	Y40102K8	Y40102K8	True	357	334	50979	7	6	13.0	0.006551717373820593	0.0070028835402812925	detected
SEPT6	Y40102K8	Y40102K8	True	5159	4038	50979	7	7	13.0	0.07920908609427411	0.10119853272916299	detected
SERPINA1	Y40102K8	Y40102K8	True	1358	1211	50979	7	7	13.0	0.023754879460169874	0.02663841974146217	detected
SERPINB9	Y40102K8	Y40102K8	True	2091	1854	50979	7	7	13.0	0.03636791620078856	0.04101688930736185	detected
SFMBT1	Y40102K8	Y40102K8	True	3035	2537	50979	7	7	13.0	0.049765589752643245	0.05953431805253143	detected
SGK1	Y40102K8	Y40102K8	True	4987	4003	50979	7	7	13.0	0.07852252888444261	0.09782459444084819	detected
SH3BGRL3	Y40102K8	Y40102K8	True	2795	2373	50979	7	7	13.0	0.04654857882657565	0.05482649718511544	detected
SH3KBP1	Y40102K8	Y40102K8	True	7973	5764	50979	7	7	13.0	0.11306616449910747	0.15639773239961552	detected
SIK3	Y40102K8	Y40102K8	True	17454	10102	50979	7	7	13.0	0.1981600266776516	0.3423762725828282	detected
SIPA1L1	Y40102K8	Y40102K8	True	12805	8219	50979	7	7	13.0	0.1612232487887169	0.2511818591969242	detected
SIPA1L3	Y40102K8	Y40102K8	True	10884	7216	50979	7	7	13.0	0.14154848074697424	0.21349967633731537	detected
SKAP1	Y40102K8	Y40102K8	True	5664	4262	50979	7	7	13.0	0.0836030522371957	0.11110457247101747	detected
SLA2	Y40102K8	Y40102K8	True	785	692	50979	7	7	13.0	0.013574216834382785	0.015398497420506483	detected
SLAMF7	Y40102K8	Y40102K8	True	1888	1621	50979	7	7	13.0	0.03179740677533886	0.03703485749033916	detected
SLC11A1	Y40102K8	Y40102K8	True	1213	1081	50979	7	7	13.0	0.021204809823652877	0.023794111300731675	detected
SLC15A4	Y40102K8	Y40102K8	True	1659	1513	50979	7	7	13.0	0.029678887385001667	0.03254281174601306	detected
SLC16A10	Y40102K8	Y40102K8	True	2634	2239	50979	7	7	13.0	0.04392004550893505	0.051668334019890544	detected
SLC18A2	Y40102K8	Y40102K8	True	309	291	50979	7	6	13.0	0.005708232801741894	0.0060613193667980935	detected
SLC1A3	Y40102K8	Y40102K8	True	1517	1343	50979	7	7	13.0	0.02634418093724867	0.029757351066125266	detected
SLC22A23	Y40102K8	Y40102K8	True	3888	3221	50979	7	7	13.0	0.06318287922477883	0.07626669805213912	detected
SLC24A3	Y40102K8	Y40102K8	True	7261	5357	50979	7	7	13.0	0.10508248494478119	0.14243119715961475	detected
SLC25A37	Y40102K8	Y40102K8	True	4287	3503	50979	7	7	13.0	0.06871456874399262	0.0840934502442182	detected
SLC26A2	Y40102K8	Y40102K8	True	1804	1634	50979	7	7	13.0	0.032052413738990565	0.03538712018674356	detected
SLC2A3	Y40102K8	Y40102K8	True	2420	2095	50979	7	7	13.0	0.041095352988485455	0.04747052707977795	detected
SLC38A1	Y40102K8	Y40102K8	True	2662	2207	50979	7	7	13.0	0.04329233605994625	0.05221757978775574	detected
SLC41A2	Y40102K8	Y40102K8	True	2474	2139	50979	7	7	13.0	0.04195845348084505	0.04852978677494655	detected
SLC7A5	Y40102K8	Y40102K8	True	732	656	50979	7	7	13.0	0.012868043704270386	0.014358853645618784	detected
SLC8A1	Y40102K8	Y40102K8	True	12396	8160	50979	7	7	13.0	0.16006590949214383	0.24315894780203615	detected
SLCO2B1	Y40102K8	Y40102K8	True	4188	3436	50979	7	7	13.0	0.06740030208517232	0.08215147413640911	detected
SLFN12L	Y40102K8	Y40102K8	True	1695	1478	50979	7	7	13.0	0.028992330175170167	0.033248984876125466	detected
SMAP2	Y40102K8	Y40102K8	True	2878	2443	50979	7	7	13.0	0.04792169324623865	0.05645461856843014	detected
SMCHD1	Y40102K8	Y40102K8	True	8889	6342	50979	7	7	13.0	0.12440416642146766	0.1743659153769199	detected
SMYD3	Y40102K8	Y40102K8	True	26221	12894	50979	7	7	13.0	0.25292767610192435	0.5143490456854783	detected
SNTB1	Y40102K8	Y40102K8	True	6144	4685	50979	7	7	13.0	0.0919005865160164	0.12052021420584946	detected
SNX10	Y40102K8	Y40102K8	True	1260	1154	50979	7	7	13.0	0.022636772004158576	0.024716059553933974	detected
SNX29	Y40102K8	Y40102K8	True	8860	6226	50979	7	7	13.0	0.12212871966888326	0.17379705368877382	detected
SNX9	Y40102K8	Y40102K8	True	5960	4596	50979	7	7	13.0	0.0901547696110163	0.11691088487416387	detected
SOCS1	Y40102K8	Y40102K8	True	209	180	50979	7	6	13.0	0.003530865650561996	0.0040997273387080955	detected
SOD2	Y40102K8	Y40102K8	True	12829	8541	50979	7	7	13.0	0.16753957511916673	0.2516526412836658	detected
SPCS2	Y40102K8	Y40102K8	True	5449	4256	50979	7	7	13.0	0.08348535671551031	0.10688714961062398	detected
SPECC1	Y40102K8	Y40102K8	True	3686	3011	50979	7	7	13.0	0.05906353596578984	0.07230428215539732	detected
SPI1	Y40102K8	Y40102K8	True	1028	916	50979	7	7	13.0	0.01796818297730438	0.020165166048765178	detected
SPOCK2	Y40102K8	Y40102K8	True	2736	2333	50979	7	7	13.0	0.04576394201533965	0.05366915788854234	detected
SPON2	Y40102K8	Y40102K8	True	2731	2325	50979	7	7	13.0	0.04560701465309245	0.05357107828713784	detected
SPP1	Y40102K8	Y40102K8	True	1413	1210	50979	7	7	13.0	0.023735263539888973	0.02771729535691167	detected
SRGN	Y40102K8	Y40102K8	True	3930	3256	50979	7	7	13.0	0.06386943643461034	0.07709056670393692	detected
SSH2	Y40102K8	Y40102K8	True	19693	10846	50979	7	7	13.0	0.21275427136664116	0.3862963180917633	detected
SSR4	Y40102K8	Y40102K8	True	2958	2409	50979	7	7	13.0	0.047254751956688046	0.058023892190902135	detected
ST6GAL1	Y40102K8	Y40102K8	True	21993	11506	50979	7	7	13.0	0.22570077875203515	0.4314129347378332	detected
STAM	Y40102K8	Y40102K8	True	1816	1571	50979	7	7	13.0	0.030816610761293866	0.03562251123011436	detected
STAP1	Y40102K8	Y40102K8	True	513	469	50979	7	7	13.0	0.00919986661174209	0.010062967104101688	detected
STAT4	Y40102K8	Y40102K8	True	1738	1509	50979	7	7	13.0	0.029600423703878068	0.03409246944820416	detected
STK17B	Y40102K8	Y40102K8	True	3724	3047	50979	7	7	13.0	0.059769709095902235	0.07304968712607152	detected
STK4	Y40102K8	Y40102K8	True	4871	3905	50979	7	7	13.0	0.07660016869691441	0.0955491476882638	detected
STRADA	Y40102K8	Y40102K8	True	2690	2310	50979	7	7	13.0	0.04531277584887895	0.05276682555562094	detected
STXBP6	Y40102K8	Y40102K8	True	4332	3597	50979	7	7	13.0	0.07055846525039722	0.08497616665685871	detected
SVIL	Y40102K8	Y40102K8	True	11478	7626	50979	7	7	13.0	0.14959100806214323	0.22515153298416996	detected
SYNE2	Y40102K8	Y40102K8	True	16210	9741	50979	7	7	13.0	0.19107867945624668	0.31797406775338866	detected
SYTL3	Y40102K8	Y40102K8	True	3104	2612	50979	7	7	13.0	0.05123678377371074	0.06088781655191353	detected
TANC2	Y40102K8	Y40102K8	True	9875	6877	50979	7	7	13.0	0.13489868377174916	0.19370721277388728	detected
TBC1D8	Y40102K8	Y40102K8	True	5607	4350	50979	7	7	13.0	0.08532925322191491	0.10998646501500618	detected
TBXAS1	Y40102K8	Y40102K8	True	5656	4329	50979	7	7	13.0	0.084917318896016	0.11094764510877028	detected
TCF4	Y40102K8	Y40102K8	True	36059	15278	50979	7	7	13.0	0.2996920300515899	0.7073304694089724	detected
TCF7L2	Y40102K8	Y40102K8	True	12717	8220	50979	7	7	13.0	0.16124286470899782	0.24945565821220503	detected
TCL1A	Y40102K8	Y40102K8	False	0	0	50979	7	0	13.0	0.0	0.0	unavailable
TET2	Y40102K8	Y40102K8	True	5027	4025	50979	7	7	13.0	0.07895407913062241	0.09860923125208419	detected
TFRC	Y40102K8	Y40102K8	True	2354	2047	50979	7	7	13.0	0.040153788815002256	0.04617587634123855	detected
TGFBI	Y40102K8	Y40102K8	True	3567	2928	50979	7	7	13.0	0.057435414582475135	0.06996998764197022	detected
THBS1	Y40102K8	Y40102K8	True	13243	8619	50979	7	7	13.0	0.1690696169010769	0.2597736322799584	detected
THEMIS	Y40102K8	Y40102K8	True	2655	2283	50979	7	7	13.0	0.04478314600129465	0.052080268345789445	detected
TIGIT	Y40102K8	Y40102K8	True	281	259	50979	7	6	13.0	0.005080523352753094	0.005512073598932894	detected
TIMP1	Y40102K8	Y40102K8	True	4304	3465	50979	7	7	13.0	0.06796916377331842	0.0844269208889935	detected
TMEM2	Y40102K8	Y40102K8	False	0	0	50979	7	0	13.0	0.0	0.0	unavailable
TMSB4X	Y40102K8	Y40102K8	True	69615	20064	50979	7	7	13.0	0.39357382451597717	1.365562290354852	detected
TNFAIP3	Y40102K8	Y40102K8	True	850	780	50979	7	7	13.0	0.015300417819101983	0.01667353223876498	detected
TNFRSF13C	Y40102K8	Y40102K8	True	156	133	50979	7	6	13.0	0.0026089173973596973	0.0030600835638203965	detected
TNFRSF18	Y40102K8	Y40102K8	True	92	87	50979	7	6	13.0	0.001706585064438298	0.001804664665842798	detected
TNFRSF1B	Y40102K8	Y40102K8	True	3053	2574	50979	7	7	13.0	0.05049137880303654	0.05988740461758763	detected
TNIK	Y40102K8	Y40102K8	True	7133	5159	50979	7	7	13.0	0.10119853272916299	0.13992035936365954	detected
TNRC6B	Y40102K8	Y40102K8	True	27951	13316	50979	7	7	13.0	0.2612055944604641	0.5482845877714353	detected
TNS3	Y40102K8	Y40102K8	True	7658	5594	50979	7	7	13.0	0.10973145805135448	0.15021871751113203	detected
TOB1	Y40102K8	Y40102K8	True	2453	2134	50979	7	7	13.0	0.041860373879440554	0.04811785244904765	detected
TOX	Y40102K8	Y40102K8	True	5915	4531	50979	7	7	13.0	0.0888797347927578	0.11602816846152338	detected
TPD52	Y40102K8	Y40102K8	True	4370	3561	50979	7	7	13.0	0.06985229212028482	0.08572157162753291	detected
TPSAB1	Y40102K8	Y40102K8	True	62	54	50979	7	6	13.0	0.0010592596951685988	0.0012161870574157988	detected
TPSB2	Y40102K8	Y40102K8	True	138	124	50979	7	6	13.0	0.0024323741148315975	0.002706996998764197	detected
TRAC	Y40102K8	Y40102K8	True	1092	988	50979	7	7	13.0	0.019380529237529177	0.021420584946742777	detected
TRAF1	Y40102K8	Y40102K8	True	766	693	50979	7	7	13.0	0.013593832754663686	0.015025794935169383	detected
TRBC1	Y40102K8	Y40102K8	True	386	355	50979	7	7	13.0	0.006963651699719492	0.007571745228427392	detected
TRBC2	Y40102K8	Y40102K8	True	1413	1280	50979	7	7	13.0	0.025108377959551974	0.02771729535691167	detected
TREM1	Y40102K8	Y40102K8	True	630	588	50979	7	7	13.0	0.011534161125169187	0.012358029776966987	detected
TREM2	Y40102K8	Y40102K8	True	152	143	50979	7	6	13.0	0.002805076600168697	0.0029816198826967968	detected
TRERF1	Y40102K8	Y40102K8	True	4780	3781	50979	7	7	13.0	0.07416779458208282	0.09376409894270189	detected
TSPAN13	Y40102K8	Y40102K8	True	2363	2061	50979	7	7	13.0	0.04042841169893486	0.04635241962376665	detected
TSPO	Y40102K8	Y40102K8	True	727	658	50979	7	7	13.0	0.012907275544832186	0.014260774044214284	detected
TXK	Y40102K8	Y40102K8	True	1295	1173	50979	7	7	13.0	0.023009474489495675	0.02540261676376547	detected
TXN	Y40102K8	Y40102K8	True	1869	1619	50979	7	7	13.0	0.03175817493477707	0.03666215500500206	detected
TXNDC5	Y40102K8	Y40102K8	True	6332	4644	50979	7	7	13.0	0.0910963337844995	0.12420800721865867	detected
TYROBP	Y40102K8	Y40102K8	True	2447	2108	50979	7	7	13.0	0.04135035995213716	0.048000156927362245	detected
UBE2E2	Y40102K8	Y40102K8	True	24090	12351	50979	7	7	13.0	0.24227623138939564	0.47254751956688046	detected
UBE2J1	Y40102K8	Y40102K8	True	3764	3080	50979	7	7	13.0	0.06041703446517193	0.07383432393730752	detected
USP34	Y40102K8	Y40102K8	True	13915	8734	50979	7	7	13.0	0.1713254477333804	0.2729555307087232	detected
USP48	Y40102K8	Y40102K8	True	6583	4979	50979	7	7	13.0	0.09766766707860099	0.12913160320916456	detected
UVRAG	Y40102K8	Y40102K8	True	9803	6768	50979	7	7	13.0	0.13276054846113106	0.19229486651366248	detected
VCAN	Y40102K8	Y40102K8	True	13607	8746	50979	7	7	13.0	0.1715608387767512	0.266913827262206	detected
VDR	Y40102K8	Y40102K8	True	2870	2454	50979	7	7	13.0	0.04813746836932855	0.056297691206182936	detected
VIM	Y40102K8	Y40102K8	True	28751	13794	50979	7	7	13.0	0.2705820043547343	0.5639773239961553	detected
VIMP	Y40102K8	Y40102K8	False	0	0	50979	7	0	13.0	0.0	0.0	unavailable
VMP1	Y40102K8	Y40102K8	True	15017	9378	50979	7	7	13.0	0.18395810039428	0.294572274858275	detected
VOPP1	Y40102K8	Y40102K8	True	7722	5754	50979	7	7	13.0	0.11287000529629848	0.15147413640910964	detected
VPREB3	Y40102K8	Y40102K8	False	0	0	50979	7	0	13.0	0.0	0.0	unavailable
VSIG4	Y40102K8	Y40102K8	True	817	755	50979	7	7	13.0	0.014810019812079484	0.016026206869495283	detected
VWA5A	Y40102K8	Y40102K8	True	1033	910	50979	7	7	13.0	0.01785048745561898	0.020263245650169678	detected
WARS	Y40102K8	Y40102K8	True	5352	4235	50979	7	7	13.0	0.0830734223896114	0.10498440534337669	detected
WDFY4	Y40102K8	Y40102K8	True	2427	2075	50979	7	7	13.0	0.040703034582867455	0.047607838521744245	detected
XBP1	Y40102K8	Y40102K8	True	11224	7430	50979	7	7	13.0	0.14574628768708683	0.22016908923282136	detected
XCL1	Y40102K8	Y40102K8	True	5	4	50979	7	3	13.0	7.846368112359992e-05	9.80796014044999e-05	detected
XCL2	Y40102K8	Y40102K8	False	0	0	50979	7	0	13.0	0.0	0.0	unavailable
XXbac-BPG181M17.5	Y40102K8	Y40102K8	False	0	0	50979	7	0	13.0	0.0	0.0	unavailable
XYLT1	Y40102K8	Y40102K8	True	5232	4099	50979	7	7	13.0	0.08040565723140901	0.10263049490966869	detected
YBX1	Y40102K8	Y40102K8	True	7219	5422	50979	7	7	13.0	0.10635751976303968	0.14160732850781693	detected
YES1	Y40102K8	Y40102K8	True	4328	3511	50979	7	7	13.0	0.06887149610623983	0.08489770297573511	detected
YWHAH	Y40102K8	Y40102K8	True	5224	4222	50979	7	7	13.0	0.0828184154259597	0.10247356754742148	detected
ZBTB46	Y40102K8	Y40102K8	True	4455	3552	50979	7	7	13.0	0.06967574883775672	0.08738892485140941	detected
ZC3HAV1	Y40102K8	Y40102K8	True	4447	3582	50979	7	7	13.0	0.07026422644618373	0.0872319974891622	detected
ZCCHC7	Y40102K8	Y40102K8	True	14399	8859	50979	7	7	13.0	0.17377743776849292	0.28244963612467877	detected
ZEB1	Y40102K8	Y40102K8	True	16915	10024	50979	7	7	13.0	0.19662998489574138	0.33180329155142313	detected
ZEB2	Y40102K8	Y40102K8	True	24037	12356	50979	7	7	13.0	0.24237431099080015	0.47150787579199277	detected
ZFAT	Y40102K8	Y40102K8	True	1689	1490	50979	7	7	13.0	0.029227721218540968	0.03313128935444006	detected
ZFP36L2	Y40102K8	Y40102K8	True	12286	8340	50979	7	7	13.0	0.16359677514270582	0.24100119657113714	detected
ZNF331	Y40102K8	Y40102K8	True	2633	2249	50979	7	7	13.0	0.04411620471174405	0.05164871809960964	detected
ABCA1	J2	Y40105J2	True	1038	936	69038	7	7	154.0	0.013557750803905096	0.015035198006894753	detected
ABCC1	J2	Y40105J2	True	739	676	69038	7	7	154.0	0.009791708913931458	0.010704249833425071	detected
ABCG1	J2	Y40105J2	True	680	625	69038	7	7	154.0	0.00905298531243663	0.009849648019931052	detected
AC004448.5	J2	Y40105J2	False	0	0	69038	7	0	154.0	0.0	0.0	unavailable
AC007192.4	J2	Y40105J2	False	0	0	69038	7	0	154.0	0.0	0.0	unavailable
AC016831.7	J2	Y40105J2	True	6241	5311	69038	7	7	154.0	0.0769286479909615	0.0903994901358672	detected
AC018890.6	J2	Y40105J2	False	0	0	69038	7	0	154.0	0.0	0.0	unavailable
AC092580.4	J2	Y40105J2	False	0	0	69038	7	0	154.0	0.0	0.0	unavailable
AC133644.2	J2	Y40105J2	False	0	0	69038	7	0	154.0	0.0	0.0	unavailable
ACER3	J2	Y40105J2	True	1125	1005	69038	7	7	154.0	0.0145572003823981	0.01629537356238593	detected
ACP5	J2	Y40105J2	True	437	399	69038	7	7	154.0	0.005779425823459544	0.006329847330455691	detected
ACSL1	J2	Y40105J2	True	1074	947	69038	7	7	154.0	0.013717083345403981	0.015556649960891103	detected
ACSL3	J2	Y40105J2	True	1292	1166	69038	7	7	154.0	0.016889249398881777	0.018714331237869	detected
ACSL4	J2	Y40105J2	True	2023	1796	69038	7	7	154.0	0.026014658593817897	0.02930270285929488	detected
ACTB	J2	Y40105J2	True	10129	7926	69038	7	7	154.0	0.11480633853819636	0.14671630116747297	detected
ADAM12	J2	Y40105J2	True	524	486	69038	7	7	154.0	0.007039601378950723	0.00759002288594687	detected
ADAM19	J2	Y40105J2	True	608	549	69038	7	7	154.0	0.007952142298444336	0.008806744111938353	detected
ADAM28	J2	Y40105J2	True	350	327	69038	7	7	154.0	0.004736521915466844	0.005069671774964512	detected
ADGRE2	J2	Y40105J2	True	173	157	69038	7	7	154.0	0.002274109910484081	0.002505866334482459	detected
ADRBK2	J2	Y40105J2	False	0	0	69038	7	0	154.0	0.0	0.0	unavailable
AFF3	J2	Y40105J2	True	2694	2366	69038	7	7	154.0	0.034270981198760105	0.03902198789072685	detected
AGFG1	J2	Y40105J2	True	1409	1283	69038	7	7	154.0	0.018583968249369913	0.020409050088357136	detected
AIF1	J2	Y40105J2	True	94	81	69038	7	7	154.0	0.0011732668964917871	0.001361568990990469	detected
AIM1	J2	Y40105J2	False	0	0	69038	7	0	154.0	0.0	0.0	unavailable
AKNA	J2	Y40105J2	True	529	460	69038	7	7	154.0	0.006662997189953359	0.007662446768446363	detected
ALDH2	J2	Y40105J2	True	1383	1224	69038	7	7	154.0	0.017729366435875894	0.020032445899359774	detected
ALOX5	J2	Y40105J2	True	740	669	69038	7	7	154.0	0.009690315478432169	0.010718734609924969	detected
ALOX5AP	J2	Y40105J2	True	354	322	69038	7	7	154.0	0.004664098032967351	0.005127610880964107	detected
ANK3	J2	Y40105J2	True	7482	6256	69038	7	7	154.0	0.09061676178336568	0.10837509777224137	detected
ANKRD11	J2	Y40105J2	True	2909	2602	69038	7	7	154.0	0.03768938845273617	0.042136214838205045	detected
ANKRD28	J2	Y40105J2	True	1842	1684	69038	7	7	154.0	0.024392363625829253	0.026680958312813235	detected
ANKRD33B	J2	Y40105J2	True	284	268	69038	7	7	154.0	0.0038819201019728265	0.004113676525971204	detected
ANKRD44	J2	Y40105J2	True	3296	2857	69038	7	7	154.0	0.04138300646021032	0.04774182334366581	detected
ANPEP	J2	Y40105J2	True	226	199	69038	7	7	154.0	0.0028824705234798227	0.003273559488977085	detected
AOAH	J2	Y40105J2	True	805	743	69038	7	7	154.0	0.010762188939424665	0.011660245082418379	detected
AP1S2	J2	Y40105J2	True	343	311	69038	7	7	154.0	0.004504765491468467	0.004968278339465222	detected
AP2S1	J2	Y40105J2	True	291	261	69038	7	7	154.0	0.0037805266664735363	0.0042150699614704945	detected
APBA2	J2	Y40105J2	True	220	193	69038	7	7	154.0	0.002795561864480431	0.0031866508299776934	detected
APOC1	J2	Y40105J2	True	279	250	69038	7	7	154.0	0.0036211941249746516	0.004041252643471711	detected
APOE	J2	Y40105J2	True	338	300	69038	7	7	154.0	0.004345432949969582	0.004895854456965729	detected
AQP9	J2	Y40105J2	True	722	687	69038	7	7	154.0	0.009951041455430343	0.010458008632926794	detected
ARAP2	J2	Y40105J2	True	1256	1117	69038	7	7	154.0	0.016179495350386743	0.01819287928387265	detected
AREG	J2	Y40105J2	True	485	459	69038	7	7	154.0	0.00664851241345346	0.007025116602450824	detected
ARHGAP15	J2	Y40105J2	True	1747	1552	69038	7	7	154.0	0.022480373127842637	0.025304904545322866	detected
ARHGAP24	J2	Y40105J2	True	3831	3335	69038	7	7	154.0	0.04830672962716185	0.05549117877111156	detected
ARHGAP26	J2	Y40105J2	True	2609	2339	69038	7	7	154.0	0.03387989223326284	0.03779078188823547	detected
ARHGDIB	J2	Y40105J2	True	1055	928	69038	7	7	154.0	0.013441872591905907	0.01528143920739303	detected
ARID5B	J2	Y40105J2	True	2614	2335	69038	7	7	154.0	0.03382195312726324	0.03786320577073496	detected
ARL4C	J2	Y40105J2	True	106	90	69038	7	7	154.0	0.0013036298849908746	0.0015353863089892523	detected
ASAH1	J2	Y40105J2	True	1129	1013	69038	7	7	154.0	0.01467307859439729	0.016353312668385526	detected
ASAP1	J2	Y40105J2	True	3608	3170	69038	7	7	154.0	0.04591674150467858	0.05226107361163417	detected
ATG7	J2	Y40105J2	True	3059	2697	69038	7	7	154.0	0.039065442220226544	0.04430893131318984	detected
ATP13A3	J2	Y40105J2	True	1243	1086	69038	7	7	154.0	0.01573046727888989	0.01800457718937397	detected
ATP1B3	J2	Y40105J2	True	1005	883	69038	7	7	154.0	0.01279005764941047	0.0145572003823981	detected
ATP2B1	J2	Y40105J2	True	1802	1627	69038	7	7	154.0	0.023566731365335034	0.02610156725281729	detected
ATP6V0B	J2	Y40105J2	True	347	319	69038	7	7	154.0	0.0046206437034676555	0.0050262174454648164	detected
ATP6V1F	J2	Y40105J2	True	471	422	69038	7	7	154.0	0.006112575682957212	0.006822329731452244	detected
ATP8B4	J2	Y40105J2	True	433	404	69038	7	7	154.0	0.005851849705959037	0.006271908224456097	detected
ATXN1	J2	Y40105J2	True	4160	3626	69038	7	7	154.0	0.052521799588632345	0.0602566702395782	detected
AUTS2	J2	Y40105J2	True	5725	4921	69038	7	7	154.0	0.07127958515600104	0.08292534546191953	detected
AXL	J2	Y40105J2	True	461	429	69038	7	7	154.0	0.006213969118456502	0.006677481966453258	detected
BACE2	J2	Y40105J2	True	673	634	69038	7	7	154.0	0.009183348300935716	0.009748254584431763	detected
BACH2	J2	Y40105J2	True	855	776	69038	7	7	154.0	0.011240186563921319	0.01238448390741331	detected
BANK1	J2	Y40105J2	True	989	914	69038	7	7	154.0	0.013239085720907326	0.014325443958399723	detected
BASP1	J2	Y40105J2	True	1301	1176	69038	7	7	154.0	0.01703409716388076	0.018844694226368086	detected
BATF	J2	Y40105J2	True	128	121	69038	7	7	154.0	0.0017526579564877314	0.0018540513919870216	detected
BCAS4	J2	Y40105J2	True	263	239	69038	7	7	154.0	0.003461861583475767	0.0038094962194733335	detected
BCL11A	J2	Y40105J2	True	451	406	69038	7	7	154.0	0.005880819258958834	0.0065326342014542715	detected
BCL11B	J2	Y40105J2	True	303	276	69038	7	7	154.0	0.003997798313972015	0.004388887279469278	detected
BCL2	J2	Y40105J2	True	1363	1199	69038	7	7	154.0	0.01736724702337843	0.0197427503693618	detected
BCL2A1	J2	Y40105J2	True	52	45	69038	7	7	154.0	0.0006518149424954373	0.0007532083779947275	detected
BCL7A	J2	Y40105J2	True	522	494	69038	7	7	154.0	0.007155479590949912	0.0075610533329470726	detected
BIRC3	J2	Y40105J2	True	241	213	69038	7	7	154.0	0.003085257394478403	0.003490831136475564	detected
BLK	J2	Y40105J2	True	220	199	69038	7	7	154.0	0.0028824705234798227	0.0031866508299776934	detected
BRI3	J2	Y40105J2	True	1685	1501	69038	7	7	154.0	0.021741649526347807	0.02440684840232915	detected
C10orf11	J2	Y40105J2	False	0	0	69038	7	0	154.0	0.0	0.0	unavailable
C10orf54	J2	Y40105J2	False	0	0	69038	7	0	154.0	0.0	0.0	unavailable
C12orf75	J2	Y40105J2	True	549	495	69038	7	7	154.0	0.00716996436744981	0.007952142298444336	detected
C15orf48	J2	Y40105J2	True	46	43	69038	7	7	154.0	0.0006228453894956401	0.0006662997189953359	detected
C1QA	J2	Y40105J2	True	558	477	69038	7	7	154.0	0.006909238390451635	0.008082505286943422	detected
C1QB	J2	Y40105J2	True	887	791	69038	7	7	154.0	0.011457458211419799	0.012847996755410065	detected
C1QC	J2	Y40105J2	True	379	329	69038	7	7	154.0	0.0047654914684666415	0.005489730293461572	detected
C1orf162	J2	Y40105J2	True	171	160	69038	7	7	154.0	0.002317564239983777	0.0024768967814826617	detected
C1orf186	J2	Y40105J2	False	0	0	69038	7	0	154.0	0.0	0.0	unavailable
C1orf54	J2	Y40105J2	True	452	416	69038	7	7	154.0	0.00602566702395782	0.00654711897795417	detected
C5AR1	J2	Y40105J2	True	747	671	69038	7	7	154.0	0.009719285031431966	0.01082012804542426	detected
CADM1	J2	Y40105J2	True	4693	4039	69038	7	7	154.0	0.05850401228309047	0.06797705611402416	detected
CAMK4	J2	Y40105J2	True	421	393	69038	7	7	154.0	0.005692517164460152	0.006098090906457313	detected
CAPG	J2	Y40105J2	True	265	234	69038	7	7	154.0	0.003389437700976274	0.0038384657724731307	detected
CARD11	J2	Y40105J2	True	515	483	69038	7	7	154.0	0.006996147049451027	0.007459659897447782	detected
CBLB	J2	Y40105J2	True	2246	1970	69038	7	7	154.0	0.028535009704800256	0.03253280801877227	detected
CCL17	J2	Y40105J2	True	40	38	69038	7	6	154.0	0.000550421506996147	0.0005793910599959443	detected
CCL18	J2	Y40105J2	True	246	223	69038	7	7	154.0	0.0032301051594773892	0.003563255018975057	detected
CCL20	J2	Y40105J2	True	47	47	69038	7	7	154.0	0.0006807844954952345	0.0006807844954952345	detected
CCL22	J2	Y40105J2	True	10	8	69038	7	6	154.0	0.00011587821199918885	0.00014484776499898606	detected
CCL4	J2	Y40105J2	True	24	24	69038	7	5	154.0	0.00034763463599756655	0.00034763463599756655	detected
CCL5	J2	Y40105J2	True	56	51	69038	7	6	154.0	0.0007387236014948289	0.000811147483994322	detected
CCND3	J2	Y40105J2	True	2615	2324	69038	7	7	154.0	0.033662620585764365	0.03787769054723485	detected
CCR7	J2	Y40105J2	True	12	11	69038	7	5	154.0	0.00015933254149888467	0.00017381731799878328	detected
CCSER1	J2	Y40105J2	True	3561	3125	69038	7	7	154.0	0.045264926562183144	0.05158028911613894	detected
CD14	J2	Y40105J2	True	170	154	69038	7	7	154.0	0.0022306555809843854	0.002462412004982763	detected
CD163	J2	Y40105J2	True	731	641	69038	7	7	154.0	0.009284741736435008	0.010588371621425882	detected
CD163L1	J2	Y40105J2	True	353	332	69038	7	7	154.0	0.004808945797966337	0.005113126104464208	detected
CD19	J2	Y40105J2	True	6	6	69038	7	4	154.0	8.690865899939164e-05	8.690865899939164e-05	detected
CD1A	J2	Y40105J2	True	11	10	69038	7	4	154.0	0.00014484776499898606	0.00015933254149888467	detected
CD1C	J2	Y40105J2	True	3	3	69038	7	3	154.0	4.345432949969582e-05	4.345432949969582e-05	detected
CD1E	J2	Y40105J2	True	5	4	69038	7	1	154.0	5.7939105999594426e-05	7.242388249949303e-05	detected
CD2	J2	Y40105J2	True	70	60	69038	7	7	154.0	0.0008690865899939164	0.0010139343549929025	detected
CD207	J2	Y40105J2	False	0	0	69038	7	0	154.0	0.0	0.0	unavailable
CD22	J2	Y40105J2	True	85	77	69038	7	7	154.0	0.0011153277904921927	0.0012312060024913815	detected
CD247	J2	Y40105J2	True	258	230	69038	7	7	154.0	0.0033314985949766795	0.0037370723369738405	detected
CD2AP	J2	Y40105J2	True	1830	1632	69038	7	7	154.0	0.023639155247834526	0.02650714099481445	detected
CD300E	J2	Y40105J2	True	106	98	69038	7	7	154.0	0.0014195080969900634	0.0015353863089892523	detected
CD37	J2	Y40105J2	True	118	106	69038	7	7	154.0	0.0015353863089892523	0.0017092036269880356	detected
CD38	J2	Y40105J2	True	698	627	69038	7	7	154.0	0.009081954865436427	0.010110373996929227	detected
CD3D	J2	Y40105J2	True	8	8	69038	7	6	154.0	0.00011587821199918885	0.00011587821199918885	detected
CD3E	J2	Y40105J2	True	73	63	69038	7	6	154.0	0.0009125409194936122	0.0010573886844925983	detected
CD3G	J2	Y40105J2	True	66	62	69038	7	7	154.0	0.0008980561429937136	0.000955995248993308	detected
CD44	J2	Y40105J2	True	3561	3135	69038	7	7	154.0	0.04540977432718213	0.05158028911613894	detected
CD48	J2	Y40105J2	True	44	37	69038	7	7	154.0	0.0005359367304962484	0.0006373301659955387	detected
CD52	J2	Y40105J2	True	397	365	69038	7	7	154.0	0.005286943422462991	0.005750456270459747	detected
CD6	J2	Y40105J2	True	79	73	69038	7	7	154.0	0.0010573886844925983	0.00114429734349199	detected
CD63	J2	Y40105J2	True	6915	5944	69038	7	7	154.0	0.08609751151539732	0.10016222949679887	detected
CD68	J2	Y40105J2	True	414	369	69038	7	7	154.0	0.005344882528462586	0.005996697470958023	detected
CD69	J2	Y40105J2	True	78	71	69038	7	7	154.0	0.001028419131492801	0.0011298125669920913	detected
CD7	J2	Y40105J2	True	12	10	69038	7	4	154.0	0.00014484776499898606	0.00017381731799878328	detected
CD74	J2	Y40105J2	True	14228	10535	69038	7	7	154.0	0.1525971204264318	0.20608940004055737	detected
CD79A	J2	Y40105J2	True	140	130	69038	7	7	154.0	0.0018830209449868188	0.002027868709985805	detected
CD79B	J2	Y40105J2	True	2	2	69038	7	2	154.0	2.8969552999797213e-05	2.8969552999797213e-05	detected
CD83	J2	Y40105J2	True	185	164	69038	7	7	154.0	0.0023755033459833715	0.002679683652481242	detected
CD84	J2	Y40105J2	True	103	93	69038	7	7	154.0	0.0013470842144905704	0.0014919319794895565	detected
CD86	J2	Y40105J2	True	159	151	69038	7	7	154.0	0.0021872012514846896	0.0023030794634838784	detected
CD8A	J2	Y40105J2	True	81	71	69038	7	7	154.0	0.001028419131492801	0.0011732668964917871	detected
CD93	J2	Y40105J2	True	1298	1159	69038	7	7	154.0	0.016787855963382486	0.018801239896868393	detected
CD96	J2	Y40105J2	True	536	506	69038	7	7	154.0	0.007329296908948695	0.007763840203945653	detected
CDC14A	J2	Y40105J2	True	1319	1163	69038	7	7	154.0	0.01684579506938208	0.019105420203366263	detected
CDC42SE2	J2	Y40105J2	True	1758	1566	69038	7	7	154.0	0.02268315999884122	0.025464237086821752	detected
CDYL	J2	Y40105J2	True	1013	930	69038	7	7	154.0	0.013470842144905704	0.01467307859439729	detected
CEBPB	J2	Y40105J2	True	1079	959	69038	7	7	154.0	0.013890900663402764	0.015629073843390597	detected
CERS6	J2	Y40105J2	True	1438	1299	69038	7	7	154.0	0.01881572467336829	0.020829108606854198	detected
CFLAR	J2	Y40105J2	True	2838	2499	69038	7	7	154.0	0.03619745647324662	0.04110779570671225	detected
CFP	J2	Y40105J2	True	37	30	69038	7	7	154.0	0.0004345432949969582	0.0005359367304962484	detected
CHD1	J2	Y40105J2	True	1753	1554	69038	7	7	154.0	0.022509342680842436	0.025391813204322256	detected
CHN2	J2	Y40105J2	True	8	8	69038	7	5	154.0	0.00011587821199918885	0.00011587821199918885	detected
CKLF	J2	Y40105J2	True	307	282	69038	7	7	154.0	0.004084706972971407	0.004446826385468872	detected
CLEC10A	J2	Y40105J2	True	29	26	69038	7	7	154.0	0.00037660418899736377	0.0004200585184970596	detected
CLEC2D	J2	Y40105J2	True	587	540	69038	7	7	154.0	0.007821779309945247	0.008502563805440483	detected
CLEC4E	J2	Y40105J2	True	61	57	69038	7	7	154.0	0.0008256322604942206	0.000883571366493815	detected
CLEC7A	J2	Y40105J2	True	212	186	69038	7	7	154.0	0.002694168428981141	0.0030707726179785046	detected
CLEC9A	J2	Y40105J2	True	45	45	69038	7	7	154.0	0.0006518149424954373	0.0006518149424954373	detected
CLIC2	J2	Y40105J2	True	426	385	69038	7	7	154.0	0.0055766389524609635	0.006170514788956806	detected
CLIC3	J2	Y40105J2	True	50	46	69038	7	7	154.0	0.0006662997189953359	0.0007242388249949303	detected
CLN8	J2	Y40105J2	True	246	222	69038	7	7	154.0	0.0032156203829774906	0.003563255018975057	detected
CLNK	J2	Y40105J2	True	425	399	69038	7	7	154.0	0.005779425823459544	0.006156030012456908	detected
CLU	J2	Y40105J2	True	1454	1294	69038	7	7	154.0	0.0187433007908688	0.021060865030852575	detected
CMC1	J2	Y40105J2	True	523	462	69038	7	7	154.0	0.006691966742953156	0.007575538109446971	detected
CNOT6L	J2	Y40105J2	True	975	872	69038	7	7	154.0	0.012630725107911585	0.014122657087401142	detected
COBLL1	J2	Y40105J2	True	1781	1600	69038	7	7	154.0	0.02317564239983777	0.025797386946319417	detected
CORO1A	J2	Y40105J2	True	140	126	69038	7	7	154.0	0.0018250818389872244	0.002027868709985805	detected
CORO1C	J2	Y40105J2	True	896	800	69038	7	7	154.0	0.011587821199918885	0.012978359743909151	detected
COTL1	J2	Y40105J2	True	478	438	69038	7	7	154.0	0.00634433210695559	0.006923723166951534	detected
CPA3	J2	Y40105J2	True	134	117	69038	7	7	154.0	0.001694718850488137	0.0019409600509864133	detected
CPM	J2	Y40105J2	True	3809	3309	69038	7	7	154.0	0.04793012543816449	0.055172513688113795	detected
CPNE3	J2	Y40105J2	True	606	543	69038	7	7	154.0	0.007865233639444944	0.008777774558938556	detected
CPNE5	J2	Y40105J2	True	177	159	69038	7	7	154.0	0.0023030794634838784	0.0025638054404820533	detected
CPVL	J2	Y40105J2	True	513	472	69038	7	7	154.0	0.006836814507952142	0.007430690344447985	detected
CREB3L2	J2	Y40105J2	True	1480	1310	69038	7	7	154.0	0.018975057214867176	0.021437469219849938	detected
CREM	J2	Y40105J2	True	542	496	69038	7	7	154.0	0.007184449143949709	0.007850748862945045	detected
CRIP1	J2	Y40105J2	True	435	395	69038	7	7	154.0	0.0057214867174599495	0.006300877777455894	detected
CSF1R	J2	Y40105J2	True	274	248	69038	7	7	154.0	0.0035922245719748544	0.003968828760972218	detected
CSF2RA	J2	Y40105J2	True	252	243	69038	7	7	154.0	0.0035198006894753614	0.003650163677974449	detected
CSF3R	J2	Y40105J2	True	469	418	69038	7	7	154.0	0.0060546365769576175	0.006793360178452446	detected
CST3	J2	Y40105J2	True	1301	1195	69038	7	7	154.0	0.017309307917378836	0.018844694226368086	detected
CST7	J2	Y40105J2	True	40	33	69038	7	6	154.0	0.000477997624496654	0.0005793910599959443	detected
CSTA	J2	Y40105J2	True	207	178	69038	7	7	154.0	0.002578290216981952	0.0029983487354790115	detected
CSTB	J2	Y40105J2	True	648	574	69038	7	7	154.0	0.0083142617109418	0.009386135171934297	detected
CTLA4	J2	Y40105J2	True	23	21	69038	7	6	154.0	0.00030418030649787074	0.00033314985949766795	detected
CTSB	J2	Y40105J2	True	1581	1363	69038	7	7	154.0	0.0197427503693618	0.022900431646339696	detected
CTSC	J2	Y40105J2	True	1036	941	69038	7	7	154.0	0.01363017468640459	0.015006228453894956	detected
CTSL	J2	Y40105J2	True	471	421	69038	7	7	154.0	0.006098090906457313	0.006822329731452244	detected
CTSS	J2	Y40105J2	True	714	627	69038	7	7	154.0	0.009081954865436427	0.010342130420927605	detected
CTSW	J2	Y40105J2	True	23	19	69038	7	7	154.0	0.0002752107534980735	0.00033314985949766795	detected
CTSZ	J2	Y40105J2	True	900	800	69038	7	7	154.0	0.011587821199918885	0.013036298849908746	detected
CXCL16	J2	Y40105J2	True	1472	1334	69038	7	7	154.0	0.019322691850864743	0.02132159100785075	detected
CXCL2	J2	Y40105J2	True	267	233	69038	7	7	154.0	0.0033749529244763753	0.003867435325472928	detected
CXCL3	J2	Y40105J2	True	13	11	69038	7	6	154.0	0.00015933254149888467	0.00018830209449868188	detected
CXCL8	J2	Y40105J2	True	6	6	69038	7	4	154.0	8.690865899939164e-05	8.690865899939164e-05	detected
CXCR3	J2	Y40105J2	True	3	2	69038	7	1	154.0	2.8969552999797213e-05	4.345432949969582e-05	detected
CXCR4	J2	Y40105J2	True	295	271	69038	7	7	154.0	0.003925374431472522	0.004273009067470089	detected
CYBA	J2	Y40105J2	True	187	172	69038	7	7	154.0	0.0024913815579825603	0.0027086532054810394	detected
CYP27A1	J2	Y40105J2	True	235	211	69038	7	7	154.0	0.003056287841478606	0.0034039224774761725	detected
CYTIP	J2	Y40105J2	True	139	126	69038	7	7	154.0	0.0018250818389872244	0.0020133839334859063	detected
DAPP1	J2	Y40105J2	True	145	140	69038	7	7	154.0	0.002027868709985805	0.002100292592485298	detected
DENND1B	J2	Y40105J2	True	1166	1058	69038	7	7	154.0	0.015324893536892726	0.016889249398881777	detected
DENND4A	J2	Y40105J2	True	1798	1629	69038	7	7	154.0	0.02359570091833483	0.026043628146817696	detected
DERL3	J2	Y40105J2	True	45	44	69038	7	7	154.0	0.0006373301659955387	0.0006518149424954373	detected
DMXL2	J2	Y40105J2	True	806	729	69038	7	7	154.0	0.010559402068426085	0.011674729858918277	detected
DNMBP	J2	Y40105J2	True	651	591	69038	7	7	154.0	0.008560502911440077	0.009429589501433994	detected
DOCK4	J2	Y40105J2	True	9329	7589	69038	7	7	154.0	0.10992496885773052	0.1351284799675541	detected
DOCK8	J2	Y40105J2	True	1437	1285	69038	7	7	154.0	0.01861293780236971	0.020814623830354297	detected
DPYD	J2	Y40105J2	True	7462	6244	69038	7	7	154.0	0.0904429444653669	0.1080854022422434	detected
DUSP16	J2	Y40105J2	True	934	838	69038	7	7	154.0	0.012138242706915032	0.013528781250905298	detected
DUSP2	J2	Y40105J2	True	11	11	69038	7	4	154.0	0.00015933254149888467	0.00015933254149888467	detected
DUSP4	J2	Y40105J2	True	329	308	69038	7	7	154.0	0.004461311161968771	0.0047654914684666415	detected
EBF1	J2	Y40105J2	True	3106	2757	69038	7	7	154.0	0.03993452881022046	0.04498971580868507	detected
ELL2	J2	Y40105J2	True	1294	1168	69038	7	7	154.0	0.016918218951881572	0.0187433007908688	detected
EMP1	J2	Y40105J2	True	1254	1127	69038	7	7	154.0	0.01632434311538573	0.018163909730872854	detected
EMP3	J2	Y40105J2	True	106	96	69038	7	7	154.0	0.0013905385439902662	0.0015353863089892523	detected
ENOX1	J2	Y40105J2	True	1005	918	69038	7	7	154.0	0.01329702482690692	0.0145572003823981	detected
ENTPD1	J2	Y40105J2	True	1378	1221	69038	7	7	154.0	0.017685912106376198	0.01996002201686028	detected
EPB41L3	J2	Y40105J2	True	1421	1294	69038	7	7	154.0	0.0187433007908688	0.02058286740635592	detected
EPS15	J2	Y40105J2	True	2222	1981	69038	7	7	154.0	0.02869434224629914	0.032185173382774705	detected
EREG	J2	Y40105J2	True	196	194	69038	7	7	154.0	0.0028100466409803296	0.002839016193980127	detected
ETS1	J2	Y40105J2	True	1516	1297	69038	7	7	154.0	0.01878675512036849	0.021958921173846287	detected
ETV6	J2	Y40105J2	True	4382	3797	69038	7	7	154.0	0.05499869637011501	0.06347229062255569	detected
F13A1	J2	Y40105J2	True	617	564	69038	7	7	154.0	0.008169413945942814	0.008937107100437441	detected
FABP4	J2	Y40105J2	True	754	689	69038	7	7	154.0	0.00998001100843014	0.01092152148092355	detected
FABP5	J2	Y40105J2	True	787	714	69038	7	7	154.0	0.010342130420927605	0.011399519105420204	detected
FAM129A	J2	Y40105J2	True	1250	1119	69038	7	7	154.0	0.01620846490338654	0.01810597062487326	detected
FAM160A1	J2	Y40105J2	True	991	898	69038	7	7	154.0	0.013007329296908949	0.01435441351139952	detected
FAM26F	J2	Y40105J2	False	0	0	69038	7	0	154.0	0.0	0.0	unavailable
FAM46C	J2	Y40105J2	False	0	0	69038	7	0	154.0	0.0	0.0	unavailable
FAM49A	J2	Y40105J2	True	863	787	69038	7	7	154.0	0.011399519105420204	0.012500362119412498	detected
FAM49B	J2	Y40105J2	True	2320	2094	69038	7	7	154.0	0.030331121990787684	0.03360468147976477	detected
FAM65B	J2	Y40105J2	False	0	0	69038	7	0	154.0	0.0	0.0	unavailable
FBP1	J2	Y40105J2	True	374	321	69038	7	7	154.0	0.004649613256467453	0.005417306410962079	detected
FBXW7	J2	Y40105J2	True	2064	1860	69038	7	7	154.0	0.026941684289811408	0.029896578695790724	detected
FCER1A	J2	Y40105J2	True	20	20	69038	7	5	154.0	0.00028969552999797213	0.00028969552999797213	detected
FCER1G	J2	Y40105J2	True	315	277	69038	7	7	154.0	0.004012283090471914	0.004562704597468061	detected
FCGBP	J2	Y40105J2	True	188	168	69038	7	7	154.0	0.002433442451982966	0.002723137981980938	detected
FCGR2A	J2	Y40105J2	True	491	440	69038	7	7	154.0	0.006373301659955387	0.007112025261450216	detected
FCGR2B	J2	Y40105J2	True	82	68	69038	7	7	154.0	0.0009849648019931052	0.0011877516729916857	detected
FCHSD2	J2	Y40105J2	True	3906	3421	69038	7	7	154.0	0.04955242040615313	0.056577537008603955	detected
FCN1	J2	Y40105J2	True	325	301	69038	7	7	154.0	0.0043599177264694805	0.004707552362467047	detected
FCRL5	J2	Y40105J2	True	82	78	69038	7	7	154.0	0.0011298125669920913	0.0011877516729916857	detected
FER	J2	Y40105J2	True	2723	2418	69038	7	7	154.0	0.03502418957675483	0.039442046409223906	detected
FGD4	J2	Y40105J2	True	3210	2829	69038	7	7	154.0	0.04097743271821316	0.046496132564674525	detected
FGFBP2	J2	Y40105J2	True	48	42	69038	7	7	154.0	0.0006083606129957415	0.0006952692719951331	detected
FGL2	J2	Y40105J2	True	206	188	69038	7	7	154.0	0.002723137981980938	0.002983863958979113	detected
FGR	J2	Y40105J2	True	404	358	69038	7	7	154.0	0.005185549986963701	0.005851849705959037	detected
FLT3	J2	Y40105J2	True	211	198	69038	7	7	154.0	0.002867985746979924	0.003056287841478606	detected
FMN1	J2	Y40105J2	True	1600	1442	69038	7	7	154.0	0.020887047712853792	0.02317564239983777	detected
FMNL2	J2	Y40105J2	True	3522	3094	69038	7	7	154.0	0.04481589849068629	0.05101538283264289	detected
FNBP1	J2	Y40105J2	True	1940	1731	69038	7	7	154.0	0.02507314812132449	0.028100466409803296	detected
FNDC3B	J2	Y40105J2	True	5802	4942	69038	7	7	154.0	0.07158376546249891	0.08404067325241171	detected
FNIP2	J2	Y40105J2	True	1568	1402	69038	7	7	154.0	0.020307656652857848	0.022712129551841015	detected
FOLR2	J2	Y40105J2	True	55	48	69038	7	7	154.0	0.0006952692719951331	0.0007966627074944234	detected
FOXO1	J2	Y40105J2	True	2068	1835	69038	7	7	154.0	0.026579564877313944	0.029954517801790318	detected
FPR1	J2	Y40105J2	True	161	144	69038	7	7	154.0	0.0020858078159853993	0.0023320490164836756	detected
FPR3	J2	Y40105J2	True	256	248	69038	7	7	154.0	0.0035922245719748544	0.0037081027839740432	detected
FRMD4A	J2	Y40105J2	True	2381	2121	69038	7	7	154.0	0.030722210956284943	0.03448825284625858	detected
FSCN1	J2	Y40105J2	True	224	200	69038	7	7	154.0	0.0028969552999797213	0.003244589935977288	detected
FTL	J2	Y40105J2	True	4819	4017	69038	7	7	154.0	0.058185347200092705	0.06980213795301138	detected
FYB	J2	Y40105J2	False	0	0	69038	7	0	154.0	0.0	0.0	unavailable
FYN	J2	Y40105J2	True	2291	2068	69038	7	7	154.0	0.029954517801790318	0.03318462296126771	detected
G0S2	J2	Y40105J2	True	325	291	69038	7	7	154.0	0.0042150699614704945	0.004707552362467047	detected
GAB1	J2	Y40105J2	True	2093	1873	69038	7	7	154.0	0.02712998638431009	0.030316637214287782	detected
GAB2	J2	Y40105J2	True	1561	1404	69038	7	7	154.0	0.020336626205857643	0.022610736116341724	detected
GALC	J2	Y40105J2	True	372	333	69038	7	7	154.0	0.004823430574466236	0.005388336857962282	detected
GATA2	J2	Y40105J2	True	454	422	69038	7	7	154.0	0.006112575682957212	0.006576088530953967	detected
GDI2	J2	Y40105J2	True	760	699	69038	7	7	154.0	0.010124858773429127	0.011008430139922941	detected
GK	J2	Y40105J2	True	487	453	69038	7	7	154.0	0.006561603754454069	0.007054086155450621	detected
GLDN	J2	Y40105J2	True	381	347	69038	7	7	154.0	0.0050262174454648164	0.005518699846461369	detected
GLIPR2	J2	Y40105J2	True	322	278	69038	7	7	154.0	0.004026767866971813	0.004664098032967351	detected
GLUL	J2	Y40105J2	True	1535	1378	69038	7	7	154.0	0.01996002201686028	0.022234131927344362	detected
GM2A	J2	Y40105J2	True	254	229	69038	7	7	154.0	0.003317013818476781	0.003679133230974246	detected
GNA13	J2	Y40105J2	True	449	401	69038	7	7	154.0	0.005808395376459341	0.006503664648454474	detected
GNA15	J2	Y40105J2	True	202	192	69038	7	7	154.0	0.0027810770879805324	0.0029259248529795185	detected
GNG2	J2	Y40105J2	True	401	366	69038	7	7	154.0	0.00530142819896289	0.005808395376459341	detected
GNG7	J2	Y40105J2	True	1205	1099	69038	7	7	154.0	0.01591876937338857	0.01745415568237782	detected
GNLY	J2	Y40105J2	True	69	61	69038	7	7	154.0	0.000883571366493815	0.0009994495784930038	detected
GPNMB	J2	Y40105J2	True	541	481	69038	7	7	154.0	0.00696717749645123	0.007836264086445147	detected
GPR137B	J2	Y40105J2	True	195	179	69038	7	7	154.0	0.0025927749934818506	0.0028245314174802283	detected
GPR157	J2	Y40105J2	True	281	251	69038	7	7	154.0	0.00363567890147455	0.004070222196471508	detected
GPR183	J2	Y40105J2	True	49	40	69038	7	7	154.0	0.0005793910599959443	0.0007097540484950317	detected
GPR65	J2	Y40105J2	True	58	55	69038	7	7	154.0	0.0007966627074944234	0.0008401170369941192	detected
GRN	J2	Y40105J2	True	2726	2391	69038	7	7	154.0	0.034633100611257565	0.0394855007387236	detected
GSN	J2	Y40105J2	True	3665	3179	69038	7	7	154.0	0.04604710449317767	0.053086705872128395	detected
GSTO1	J2	Y40105J2	True	495	445	69038	7	7	154.0	0.00644572554245488	0.00716996436744981	detected
GZMA	J2	Y40105J2	True	94	92	69038	7	7	154.0	0.0013325994379906718	0.001361568990990469	detected
GZMB	J2	Y40105J2	True	26	21	69038	7	7	154.0	0.00030418030649787074	0.00037660418899736377	detected
GZMH	J2	Y40105J2	True	40	35	69038	7	7	154.0	0.0005069671774964512	0.0005793910599959443	detected
H2AFY	J2	Y40105J2	True	1794	1621	69038	7	7	154.0	0.02347982270633564	0.0259856890408181	detected
HCK	J2	Y40105J2	True	395	376	69038	7	7	154.0	0.005446275963961876	0.0057214867174599495	detected
HCLS1	J2	Y40105J2	True	326	291	69038	7	7	154.0	0.0042150699614704945	0.004722037138966946	detected
HDAC9	J2	Y40105J2	True	2223	2017	69038	7	7	154.0	0.02921579420029549	0.0321996581592746	detected
HDC	J2	Y40105J2	True	82	78	69038	7	7	154.0	0.0011298125669920913	0.0011877516729916857	detected
HERPUD1	J2	Y40105J2	True	1418	1270	69038	7	7	154.0	0.018395666154871232	0.020539413076856226	detected
HIF1A	J2	Y40105J2	True	1611	1455	69038	7	7	154.0	0.021075349807352473	0.023334974941336656	detected
HIVEP1	J2	Y40105J2	True	1035	940	69038	7	7	154.0	0.01361568990990469	0.014991743677395059	detected
HLA-DMB	J2	Y40105J2	True	358	336	69038	7	7	154.0	0.004866884903965932	0.005185549986963701	detected
HLA-DPA1	J2	Y40105J2	True	1431	1255	69038	7	7	154.0	0.018178394507372752	0.020727715171354907	detected
HLA-DPB1	J2	Y40105J2	True	1471	1295	69038	7	7	154.0	0.018757785567368696	0.02130710623135085	detected
HLA-DQA1	J2	Y40105J2	True	656	572	69038	7	7	154.0	0.008285292157942003	0.009502013383933486	detected
HLA-DQA2	J2	Y40105J2	True	27	26	69038	7	6	154.0	0.00037660418899736377	0.0003910889654972624	detected
HLA-DQB1	J2	Y40105J2	True	1972	1757	69038	7	7	154.0	0.02544975231032185	0.028563979257800052	detected
HLA-DQB2	J2	Y40105J2	True	27	24	69038	7	7	154.0	0.00034763463599756655	0.0003910889654972624	detected
HLA-DRA	J2	Y40105J2	True	6420	5230	69038	7	7	154.0	0.0757553810944697	0.09299226512934905	detected
HLA-DRB1	J2	Y40105J2	True	4466	3713	69038	7	7	154.0	0.05378197514412353	0.06468901184854718	detected
HLA-DRB5	J2	Y40105J2	True	198	176	69038	7	7	154.0	0.0025493206639821547	0.002867985746979924	detected
HMOX1	J2	Y40105J2	True	337	301	69038	7	7	154.0	0.0043599177264694805	0.00488136968046583	detected
HPGD	J2	Y40105J2	True	1395	1219	69038	7	7	154.0	0.017656942553376402	0.020206263217358557	detected
HPGDS	J2	Y40105J2	True	100	92	69038	7	7	154.0	0.0013325994379906718	0.0014484776499898606	detected
HSP90B1	J2	Y40105J2	True	6835	5822	69038	7	7	154.0	0.08433036878240968	0.09900344737680697	detected
ICOS	J2	Y40105J2	True	29	25	69038	7	7	154.0	0.00036211941249746516	0.0004200585184970596	detected
ID2	J2	Y40105J2	True	1242	1161	69038	7	7	154.0	0.01681682551638228	0.01799009241287407	detected
IFITM2	J2	Y40105J2	True	1792	1586	69038	7	7	154.0	0.02297285552883919	0.025956719487818303	detected
IFITM3	J2	Y40105J2	True	2052	1762	69038	7	7	154.0	0.025522176192821346	0.02972276137779194	detected
IGHA1	J2	Y40105J2	True	886	773	69038	7	7	154.0	0.011196732234421624	0.012833511978910165	detected
IGHG1	J2	Y40105J2	True	584	523	69038	7	7	154.0	0.007575538109446971	0.008459109475940786	detected
IGHG2	J2	Y40105J2	True	50	46	69038	7	7	154.0	0.0006662997189953359	0.0007242388249949303	detected
IGHG3	J2	Y40105J2	True	317	292	69038	7	7	154.0	0.004229554737970393	0.004591674150467858	detected
IGHG4	J2	Y40105J2	True	357	268	69038	7	7	154.0	0.0038819201019728265	0.0051710652104638025	detected
IGHGP	J2	Y40105J2	True	2313	1856	69038	7	7	154.0	0.026883745183811814	0.03350328804426548	detected
IGHM	J2	Y40105J2	True	1396	1031	69038	7	7	154.0	0.014933804571395464	0.020220747993858455	detected
IGLC2	J2	Y40105J2	True	414	386	69038	7	7	154.0	0.005591123728960862	0.005996697470958023	detected
IGLC3	J2	Y40105J2	True	69	57	69038	7	7	154.0	0.0008256322604942206	0.0009994495784930038	detected
IGSF6	J2	Y40105J2	True	41	37	69038	7	7	154.0	0.0005359367304962484	0.0005938758364958429	detected
IKZF1	J2	Y40105J2	True	479	444	69038	7	7	154.0	0.006431240765954981	0.0069382079434514325	detected
IL15	J2	Y40105J2	True	312	277	69038	7	7	154.0	0.004012283090471914	0.004519250267968365	detected
IL18R1	J2	Y40105J2	True	280	234	69038	7	7	154.0	0.003389437700976274	0.00405573741997161	detected
IL1B	J2	Y40105J2	True	16	16	69038	7	7	154.0	0.0002317564239983777	0.0002317564239983777	detected
IL1R2	J2	Y40105J2	True	518	465	69038	7	7	154.0	0.006735421072452852	0.007503114226947478	detected
IL1RL1	J2	Y40105J2	True	1676	1474	69038	7	7	154.0	0.021350560560850548	0.024276485413830064	detected
IL2RA	J2	Y40105J2	True	73	69	69038	7	7	154.0	0.0009994495784930038	0.0010573886844925983	detected
IL32	J2	Y40105J2	True	206	177	69038	7	7	154.0	0.0025638054404820533	0.002983863958979113	detected
IL3RA	J2	Y40105J2	True	458	427	69038	7	7	154.0	0.006184999565456705	0.006634027636953562	detected
IL7R	J2	Y40105J2	True	678	592	69038	7	7	154.0	0.008574987687939975	0.009820678466931255	detected
INHBA	J2	Y40105J2	True	388	358	69038	7	7	154.0	0.005185549986963701	0.005620093281960659	detected
INPP4A	J2	Y40105J2	True	933	823	69038	7	7	154.0	0.011920971059416554	0.0135142964744054	detected
INPP4B	J2	Y40105J2	True	2760	2438	69038	7	7	154.0	0.035313885106752804	0.039977983139720154	detected
INPP5D	J2	Y40105J2	True	937	853	69038	7	7	154.0	0.012355514354413512	0.013572235580404995	detected
IQGAP2	J2	Y40105J2	True	988	886	69038	7	7	154.0	0.012833511978910165	0.014310959181899823	detected
IRAK2	J2	Y40105J2	True	258	241	69038	7	7	154.0	0.003490831136475564	0.0037370723369738405	detected
IRAK3	J2	Y40105J2	True	1196	1072	69038	7	7	154.0	0.015527680407891306	0.017323792693878733	detected
IRF4	J2	Y40105J2	True	56	53	69038	7	7	154.0	0.0007676931544946261	0.000811147483994322	detected
IRF7	J2	Y40105J2	True	39	38	69038	7	7	154.0	0.000550421506996147	0.0005649062834960457	detected
IRF8	J2	Y40105J2	True	101	84	69038	7	7	154.0	0.001216721225991483	0.0014629624264897593	detected
ISG20	J2	Y40105J2	True	158	140	69038	7	7	154.0	0.002027868709985805	0.00228859468698398	detected
ITGAX	J2	Y40105J2	True	248	215	69038	7	7	154.0	0.0031142269474782004	0.0035922245719748544	detected
ITGB2	J2	Y40105J2	True	276	251	69038	7	7	154.0	0.00363567890147455	0.003997798313972015	detected
ITK	J2	Y40105J2	True	198	178	69038	7	7	154.0	0.002578290216981952	0.002867985746979924	detected
ITM2C	J2	Y40105J2	True	416	374	69038	7	7	154.0	0.005417306410962079	0.00602566702395782	detected
ITSN2	J2	Y40105J2	True	2713	2399	69038	7	7	154.0	0.034748978823256754	0.03929719864422492	detected
JADE3	J2	Y40105J2	True	443	401	69038	7	7	154.0	0.005808395376459341	0.006416755989455083	detected
JAML	J2	Y40105J2	True	400	365	69038	7	7	154.0	0.005286943422462991	0.005793910599959443	detected
JARID2	J2	Y40105J2	True	1155	1043	69038	7	7	154.0	0.015107621889394247	0.01672991685738289	detected
JCHAIN	J2	Y40105J2	True	1774	1545	69038	7	7	154.0	0.022378979692343346	0.02569599351082013	detected
JMJD1C	J2	Y40105J2	True	6131	5190	69038	7	7	154.0	0.07517599003447377	0.08880616472087835	detected
KCNMA1	J2	Y40105J2	True	2118	1895	69038	7	7	154.0	0.02744865146730786	0.03067875662678525	detected
KDM2B	J2	Y40105J2	True	1023	942	69038	7	7	154.0	0.013644659462904487	0.014817926359396275	detected
KIAA0922	J2	Y40105J2	False	0	0	69038	7	0	154.0	0.0	0.0	unavailable
KIF16B	J2	Y40105J2	True	884	792	69038	7	7	154.0	0.011471942987919696	0.012804542425910368	detected
KIT	J2	Y40105J2	True	274	252	69038	7	7	154.0	0.003650163677974449	0.003968828760972218	detected
KLRB1	J2	Y40105J2	True	180	176	69038	7	7	154.0	0.0025493206639821547	0.002607259769981749	detected
KLRC1	J2	Y40105J2	True	12	11	69038	7	4	154.0	0.00015933254149888467	0.00017381731799878328	detected
KLRC4-KLRK1	J2	Y40105J2	True	16	15	69038	7	5	154.0	0.0002172716474984791	0.0002317564239983777	detected
KLRD1	J2	Y40105J2	True	362	330	69038	7	7	154.0	0.00477997624496654	0.0052434890929632955	detected
KLRF1	J2	Y40105J2	True	21	20	69038	7	6	154.0	0.00028969552999797213	0.00030418030649787074	detected
KYNU	J2	Y40105J2	True	673	603	69038	7	7	154.0	0.00873432022943886	0.009748254584431763	detected
LAMP1	J2	Y40105J2	True	1256	1140	69038	7	7	154.0	0.01651264520988441	0.01819287928387265	detected
LAMP3	J2	Y40105J2	True	1779	1548	69038	7	7	154.0	0.022422434021843043	0.02576841739331962	detected
LAPTM5	J2	Y40105J2	True	729	633	69038	7	7	154.0	0.009168863524435819	0.010559402068426085	detected
LCK	J2	Y40105J2	True	402	388	69038	7	7	154.0	0.005620093281960659	0.00582288015295924	detected
LCP1	J2	Y40105J2	True	610	560	69038	7	7	154.0	0.00811147483994322	0.00883571366493815	detected
LDLRAD4	J2	Y40105J2	True	2604	2245	69038	7	7	154.0	0.03251832324227237	0.037718358005735975	detected
LEPROTL1	J2	Y40105J2	True	950	837	69038	7	7	154.0	0.012123757930415134	0.013760537674903676	detected
LGALS1	J2	Y40105J2	True	537	478	69038	7	7	154.0	0.006923723166951534	0.007778324980445552	detected
LGALS2	J2	Y40105J2	True	45	42	69038	7	6	154.0	0.0006083606129957415	0.0006518149424954373	detected
LGALS3	J2	Y40105J2	True	1147	1032	69038	7	7	154.0	0.014948289347895362	0.016614038645383702	detected
LGMN	J2	Y40105J2	True	1497	1401	69038	7	7	154.0	0.020293171876357947	0.021683710420348213	detected
LILRA5	J2	Y40105J2	True	6	6	69038	7	3	154.0	8.690865899939164e-05	8.690865899939164e-05	detected
LILRB2	J2	Y40105J2	True	41	39	69038	7	7	154.0	0.0005649062834960457	0.0005938758364958429	detected
LILRB4	J2	Y40105J2	True	49	44	69038	7	7	154.0	0.0006373301659955387	0.0007097540484950317	detected
LIMS1	J2	Y40105J2	True	2226	2010	69038	7	7	154.0	0.0291144007647962	0.032243112488774296	detected
LINC00152	J2	Y40105J2	False	0	0	69038	7	0	154.0	0.0	0.0	unavailable
LINC00486	J2	Y40105J2	True	1722	1669	69038	7	7	154.0	0.024175091978330773	0.024942785132825402	detected
LINC00926	J2	Y40105J2	True	76	71	69038	7	7	154.0	0.001028419131492801	0.001100843013992294	detected
LIPA	J2	Y40105J2	True	708	639	69038	7	7	154.0	0.00925577218343521	0.010255221761928213	detected
LPIN1	J2	Y40105J2	True	652	590	69038	7	7	154.0	0.008546018134940178	0.009444074277933891	detected
LPL	J2	Y40105J2	True	1001	890	69038	7	7	154.0	0.01289145108490976	0.014499261276398506	detected
LPP	J2	Y40105J2	True	8332	6882	69038	7	7	154.0	0.09968423187230221	0.12068715779715519	detected
LRMP	J2	Y40105J2	True	301	272	69038	7	7	154.0	0.003939859207972421	0.0043599177264694805	detected
LSAMP	J2	Y40105J2	True	7450	6186	69038	7	7	154.0	0.08960282742837278	0.10791158492424462	detected
LSP1	J2	Y40105J2	True	188	172	69038	7	7	154.0	0.0024913815579825603	0.002723137981980938	detected
LST1	J2	Y40105J2	True	194	184	69038	7	7	154.0	0.0026651988759813436	0.0028100466409803296	detected
LTA4H	J2	Y40105J2	True	1400	1273	69038	7	7	154.0	0.018439120484370925	0.02027868709985805	detected
LTB	J2	Y40105J2	True	155	142	69038	7	7	154.0	0.002056838262985602	0.002245140357484284	detected
LTC4S	J2	Y40105J2	True	62	53	69038	7	7	154.0	0.0007676931544946261	0.0008980561429937136	detected
LY9	J2	Y40105J2	True	36	32	69038	7	7	154.0	0.0004635128479967554	0.0005214519539963498	detected
LYN	J2	Y40105J2	True	1351	1210	69038	7	7	154.0	0.017526579564877316	0.019568933051363018	detected
LYVE1	J2	Y40105J2	True	283	254	69038	7	7	154.0	0.003679133230974246	0.004099191749471306	detected
LYZ	J2	Y40105J2	True	2691	2318	69038	7	7	154.0	0.03357571192676497	0.03897853356122715	detected
MAFB	J2	Y40105J2	True	277	248	69038	7	7	154.0	0.0035922245719748544	0.004012283090471914	detected
MALAT1	J2	Y40105J2	True	436086	64554	69038	7	7	154.0	0.9350502621744546	6.316608244734784	detected
MAOB	J2	Y40105J2	True	764	701	69038	7	7	154.0	0.010153828326428924	0.011066369245922535	detected
MAP2K1	J2	Y40105J2	True	792	724	69038	7	7	154.0	0.010486978185926591	0.011471942987919696	detected
MAP3K8	J2	Y40105J2	True	544	498	69038	7	7	154.0	0.007213418696949506	0.007879718415944842	detected
MAP4K4	J2	Y40105J2	True	2428	2149	69038	7	7	154.0	0.031127784698282104	0.03516903734175382	detected
MARCKSL1	J2	Y40105J2	True	386	351	69038	7	7	154.0	0.005084156551464411	0.005591123728960862	detected
MARCO	J2	Y40105J2	True	572	503	69038	7	7	154.0	0.007285842579448999	0.008285292157942003	detected
MCEMP1	J2	Y40105J2	True	50	46	69038	7	7	154.0	0.0006662997189953359	0.0007242388249949303	detected
MCOLN2	J2	Y40105J2	True	203	186	69038	7	7	154.0	0.002694168428981141	0.002940409629479417	detected
MCTP2	J2	Y40105J2	True	2519	2279	69038	7	7	154.0	0.03301080564326892	0.03648715200324459	detected
MED13L	J2	Y40105J2	True	6294	5285	69038	7	7	154.0	0.07655204380196413	0.09116718329036183	detected
MEF2C	J2	Y40105J2	True	2686	2384	69038	7	7	154.0	0.03453170717575828	0.03890610967872766	detected
MERTK	J2	Y40105J2	True	451	411	69038	7	7	154.0	0.005953243141458327	0.0065326342014542715	detected
MFSD1	J2	Y40105J2	True	707	626	69038	7	7	154.0	0.009067470088936528	0.010240736985428316	detected
MGAT5	J2	Y40105J2	True	1669	1477	69038	7	7	154.0	0.02139401489035024	0.024175091978330773	detected
MMP19	J2	Y40105J2	True	249	226	69038	7	7	154.0	0.003273559488977085	0.003606709348474753	detected
MNDA	J2	Y40105J2	True	99	82	69038	7	7	154.0	0.0011877516729916857	0.001433992873489962	detected
MOB1B	J2	Y40105J2	True	966	881	69038	7	7	154.0	0.012761088096410673	0.013992294098902054	detected
MPEG1	J2	Y40105J2	True	146	138	69038	7	7	154.0	0.0019988991569860077	0.0021147773689851965	detected
MPP1	J2	Y40105J2	True	152	137	69038	7	7	154.0	0.001984414380486109	0.002201686027984588	detected
MRC1	J2	Y40105J2	True	1110	994	69038	7	7	154.0	0.014397867840899215	0.016078101914887455	detected
MS4A1	J2	Y40105J2	True	49	45	69038	7	7	154.0	0.0006518149424954373	0.0007097540484950317	detected
MS4A2	J2	Y40105J2	True	52	45	69038	7	6	154.0	0.0006518149424954373	0.0007532083779947275	detected
MS4A4A	J2	Y40105J2	True	202	179	69038	7	7	154.0	0.0025927749934818506	0.0029259248529795185	detected
MS4A6A	J2	Y40105J2	True	306	266	69038	7	7	154.0	0.0038529505489730293	0.004432341608968974	detected
MS4A6E	J2	Y40105J2	True	285	263	69038	7	7	154.0	0.0038094962194733335	0.004128161302471103	detected
MSR1	J2	Y40105J2	True	1395	1255	69038	7	7	154.0	0.018178394507372752	0.020206263217358557	detected
MT-ND4L	J2	Y40105J2	True	405	367	69038	7	7	154.0	0.0053159129754627886	0.005866334482458936	detected
MT-ND6	J2	Y40105J2	True	2416	2055	69038	7	7	154.0	0.029766215707291637	0.03499522002375503	detected
MT1E	J2	Y40105J2	True	655	581	69038	7	7	154.0	0.008415655146441091	0.009487528607433588	detected
MT1G	J2	Y40105J2	True	12	10	69038	7	5	154.0	0.00014484776499898606	0.00017381731799878328	detected
MT1X	J2	Y40105J2	True	829	748	69038	7	7	154.0	0.010834612821924158	0.012007879718415946	detected
MT2A	J2	Y40105J2	True	3747	3191	69038	7	7	154.0	0.04622092181117645	0.05427445754512008	detected
MTSS1	J2	Y40105J2	True	1011	918	69038	7	7	154.0	0.01329702482690692	0.014644109041397492	detected
MXD1	J2	Y40105J2	True	334	322	69038	7	7	154.0	0.004664098032967351	0.0048379153509661346	detected
MYH9	J2	Y40105J2	True	4558	3926	69038	7	7	154.0	0.05686723253860193	0.06602161128653784	detected
MZB1	J2	Y40105J2	True	53	50	69038	7	7	154.0	0.0007242388249949303	0.0007676931544946261	detected
NAAA	J2	Y40105J2	True	364	333	69038	7	7	154.0	0.004823430574466236	0.005272458645963093	detected
NAIP	J2	Y40105J2	True	730	655	69038	7	7	154.0	0.009487528607433588	0.010573886844925983	detected
NAMPT	J2	Y40105J2	True	1802	1560	69038	7	7	154.0	0.022596251339841826	0.02610156725281729	detected
NAV1	J2	Y40105J2	True	1363	1236	69038	7	7	154.0	0.017903183753874678	0.0197427503693618	detected
NCALD	J2	Y40105J2	True	2229	1974	69038	7	7	154.0	0.02859294881079985	0.03228656681827399	detected
NCOA3	J2	Y40105J2	True	1844	1648	69038	7	7	154.0	0.023870911671832903	0.02670992786581303	detected
NDRG2	J2	Y40105J2	True	625	572	69038	7	7	154.0	0.008285292157942003	0.00905298531243663	detected
NFKB1	J2	Y40105J2	True	1138	1036	69038	7	7	154.0	0.015006228453894956	0.016483675656884616	detected
NFKBIA	J2	Y40105J2	True	1774	1575	69038	7	7	154.0	0.022813522987340306	0.02569599351082013	detected
NKG7	J2	Y40105J2	True	19	18	69038	7	5	154.0	0.0002607259769981749	0.0002752107534980735	detected
NLK	J2	Y40105J2	True	1502	1351	69038	7	7	154.0	0.019568933051363018	0.02175613430284771	detected
NLRP3	J2	Y40105J2	True	34	29	69038	7	7	154.0	0.0004200585184970596	0.0004924824009965526	detected
NOL4L	J2	Y40105J2	True	561	519	69038	7	7	154.0	0.007517599003447377	0.008125959616443119	detected
NPC2	J2	Y40105J2	True	3008	2633	69038	7	7	154.0	0.03813841652423303	0.04357020771169501	detected
NPL	J2	Y40105J2	True	393	364	69038	7	7	154.0	0.005272458645963093	0.005692517164460152	detected
NR4A2	J2	Y40105J2	True	383	341	69038	7	7	154.0	0.004939308786465425	0.005547669399461166	detected
NR4A3	J2	Y40105J2	True	98	91	69038	7	7	154.0	0.0013181146614907732	0.0014195080969900634	detected
NTM	J2	Y40105J2	True	14694	11062	69038	7	7	154.0	0.1602305976418784	0.21283930588951014	detected
OGFRL1	J2	Y40105J2	True	409	379	69038	7	7	154.0	0.005489730293461572	0.00592427358845853	detected
OLR1	J2	Y40105J2	True	250	222	69038	7	7	154.0	0.0032156203829774906	0.0036211941249746516	detected
OXSR1	J2	Y40105J2	True	840	768	69038	7	7	154.0	0.01112430835192213	0.01216721225991483	detected
PAG1	J2	Y40105J2	True	2081	1852	69038	7	7	154.0	0.02682580607781222	0.030142819896289	detected
PAK1	J2	Y40105J2	True	765	706	69038	7	7	154.0	0.010226252208928416	0.011080854022422435	detected
PAPSS2	J2	Y40105J2	True	2143	1870	69038	7	7	154.0	0.027086532054810396	0.031040876039282714	detected
PARP8	J2	Y40105J2	True	1393	1233	69038	7	7	154.0	0.01785972942437498	0.020177293664358758	detected
PAX5	J2	Y40105J2	True	208	201	69038	7	7	154.0	0.00291144007647962	0.00301283351197891	detected
PBX4	J2	Y40105J2	True	340	324	69038	7	7	154.0	0.0046930675859671485	0.004924824009965526	detected
PDE3B	J2	Y40105J2	True	2085	1825	69038	7	7	154.0	0.026434717112314956	0.030200759002288594	detected
PDE4B	J2	Y40105J2	True	763	700	69038	7	7	154.0	0.010139343549929025	0.011051884469422638	detected
PDE4C	J2	Y40105J2	True	0	0	69038	7	0	154.0	0.0	0.0	undetected
PDK1	J2	Y40105J2	True	168	158	69038	7	7	154.0	0.00228859468698398	0.002433442451982966	detected
PELI1	J2	Y40105J2	True	814	719	69038	7	7	154.0	0.010414554303427099	0.011790608070917466	detected
PFKFB3	J2	Y40105J2	True	923	840	69038	7	7	154.0	0.01216721225991483	0.013369448709406415	detected
PFN1	J2	Y40105J2	True	1300	1138	69038	7	7	154.0	0.016483675656884616	0.01883020944986819	detected
PHF20	J2	Y40105J2	True	1288	1143	69038	7	7	154.0	0.016556099539384108	0.018656392131869405	detected
PICALM	J2	Y40105J2	True	3526	3098	69038	7	7	154.0	0.04487383759668588	0.05107332193864249	detected
PIM2	J2	Y40105J2	True	170	155	69038	7	7	154.0	0.002245140357484284	0.002462412004982763	detected
PIP4K2A	J2	Y40105J2	True	1258	1121	69038	7	7	154.0	0.016237434456386337	0.01822184883687245	detected
PITPNC1	J2	Y40105J2	True	2630	2333	69038	7	7	154.0	0.03379298357426345	0.03809496219473334	detected
PKIB	J2	Y40105J2	True	295	263	69038	7	7	154.0	0.0038094962194733335	0.004273009067470089	detected
PLA2G7	J2	Y40105J2	True	107	99	69038	7	7	154.0	0.001433992873489962	0.0015498710854891509	detected
PLAC8	J2	Y40105J2	True	214	200	69038	7	7	154.0	0.0028969552999797213	0.0030997421709783018	detected
PLAUR	J2	Y40105J2	True	343	312	69038	7	7	154.0	0.004519250267968365	0.004968278339465222	detected
PLCG2	J2	Y40105J2	True	815	752	69038	7	7	154.0	0.010892551927923752	0.011805092847417365	detected
PLD3	J2	Y40105J2	True	1266	1149	69038	7	7	154.0	0.016643008198383498	0.018337727048871637	detected
PLD4	J2	Y40105J2	True	7	6	69038	7	3	154.0	8.690865899939164e-05	0.00010139343549929025	detected
PLEK2	J2	Y40105J2	True	30	27	69038	7	7	154.0	0.0003910889654972624	0.0004345432949969582	detected
PLEKHG1	J2	Y40105J2	True	2297	2040	69038	7	7	154.0	0.029548944059793157	0.0332715316202671	detected
PLTP	J2	Y40105J2	True	272	239	69038	7	7	154.0	0.003461861583475767	0.003939859207972421	detected
PLXDC2	J2	Y40105J2	True	8171	6738	69038	7	7	154.0	0.09759842405631682	0.11835510878067151	detected
POLB	J2	Y40105J2	True	329	298	69038	7	7	154.0	0.004316463396969785	0.0047654914684666415	detected
POU2AF1	J2	Y40105J2	True	455	409	69038	7	7	154.0	0.00592427358845853	0.006590573307453866	detected
PPARG	J2	Y40105J2	True	1402	1264	69038	7	7	154.0	0.01830875749587184	0.020307656652857848	detected
PPP1R16B	J2	Y40105J2	True	580	527	69038	7	7	154.0	0.007633477215446566	0.008401170369941192	detected
PPP2R5C	J2	Y40105J2	True	1679	1499	69038	7	7	154.0	0.021712679973348012	0.02431993974332976	detected
PRDM1	J2	Y40105J2	True	267	245	69038	7	7	154.0	0.0035487702424751586	0.003867435325472928	detected
PRDM2	J2	Y40105J2	True	956	864	69038	7	7	154.0	0.012514846895912396	0.013847446333903068	detected
PRDX4	J2	Y40105J2	True	254	229	69038	7	7	154.0	0.003317013818476781	0.003679133230974246	detected
PRF1	J2	Y40105J2	True	28	25	69038	7	6	154.0	0.00036211941249746516	0.000405573741997161	detected
PRKCA	J2	Y40105J2	True	2075	1851	69038	7	7	154.0	0.02681132130131232	0.03005591123728961	detected
PRKCB	J2	Y40105J2	True	1220	1096	69038	7	7	154.0	0.015875315043888873	0.0176714273298763	detected
PRKCH	J2	Y40105J2	True	3743	3268	69038	7	7	154.0	0.04733624960166865	0.05421651843912048	detected
PRKX	J2	Y40105J2	True	534	486	69038	7	7	154.0	0.007039601378950723	0.007734870650945856	detected
PRPSAP2	J2	Y40105J2	True	575	518	69038	7	7	154.0	0.007503114226947478	0.0083287464874417	detected
PSAP	J2	Y40105J2	True	5156	4466	69038	7	7	154.0	0.06468901184854718	0.07468350763347721	detected
PTCD1	J2	Y40105J2	True	128	121	69038	7	7	154.0	0.0017526579564877314	0.0018540513919870216	detected
PTGS1	J2	Y40105J2	True	111	104	69038	7	7	154.0	0.001506416755989455	0.0016078101914887453	detected
PTPN1	J2	Y40105J2	True	1335	1160	69038	7	7	154.0	0.016802340739882383	0.01933717662736464	detected
PTPN2	J2	Y40105J2	True	886	776	69038	7	7	154.0	0.011240186563921319	0.012833511978910165	detected
PTPN22	J2	Y40105J2	True	270	255	69038	7	7	154.0	0.0036936180074741446	0.003910889654972624	detected
PTPRC	J2	Y40105J2	True	1088	953	69038	7	7	154.0	0.013803992004403373	0.015759436831889684	detected
PTPRE	J2	Y40105J2	True	2090	1884	69038	7	7	154.0	0.027289318925808975	0.03027318288478809	detected
PTPRS	J2	Y40105J2	True	956	874	69038	7	7	154.0	0.012659694660911382	0.013847446333903068	detected
PYHIN1	J2	Y40105J2	True	108	93	69038	7	7	154.0	0.0013470842144905704	0.0015643558619890495	detected
RAB31	J2	Y40105J2	True	2056	1832	69038	7	7	154.0	0.026536110547814247	0.029780700483791535	detected
RABGAP1L	J2	Y40105J2	True	5191	4485	69038	7	7	154.0	0.06496422260204525	0.07519047481097367	detected
RAC2	J2	Y40105J2	True	170	150	69038	7	7	154.0	0.002172716474984791	0.002462412004982763	detected
RALA	J2	Y40105J2	True	1341	1195	69038	7	7	154.0	0.017309307917378836	0.01942408528636403	detected
RALGPS2	J2	Y40105J2	True	1300	1196	69038	7	7	154.0	0.017323792693878733	0.01883020944986819	detected
RAPGEF2	J2	Y40105J2	True	2481	2194	69038	7	7	154.0	0.03177959964077754	0.035936730496248445	detected
RAPGEF5	J2	Y40105J2	True	2140	1916	69038	7	7	154.0	0.02775283177380573	0.030997421709783018	detected
RBM47	J2	Y40105J2	True	3741	3260	69038	7	7	154.0	0.04722037138966946	0.054187548886120686	detected
RBM6	J2	Y40105J2	True	3856	3305	69038	7	7	154.0	0.0478721863321649	0.055853298183609026	detected
RBPJ	J2	Y40105J2	True	3718	3264	69038	7	7	154.0	0.04727831049566905	0.05385439902662302	detected
REL	J2	Y40105J2	True	795	717	69038	7	7	154.0	0.010385584750427302	0.011515397317419393	detected
RELB	J2	Y40105J2	True	416	379	69038	7	7	154.0	0.005489730293461572	0.00602566702395782	detected
RFTN1	J2	Y40105J2	True	1973	1791	69038	7	7	154.0	0.025942234711318405	0.02857846403429995	detected
RGS1	J2	Y40105J2	True	121	105	69038	7	7	154.0	0.0015209015324893537	0.0017526579564877314	detected
RGS10	J2	Y40105J2	True	163	145	69038	7	7	154.0	0.002100292592485298	0.002361018569483473	detected
RGS13	J2	Y40105J2	True	226	214	69038	7	7	154.0	0.0030997421709783018	0.003273559488977085	detected
RGS2	J2	Y40105J2	True	265	234	69038	7	7	154.0	0.003389437700976274	0.0038384657724731307	detected
RHOH	J2	Y40105J2	True	171	155	69038	7	7	154.0	0.002245140357484284	0.0024768967814826617	detected
RILPL2	J2	Y40105J2	True	517	467	69038	7	7	154.0	0.006764390625452649	0.0074886294504475795	detected
RIN3	J2	Y40105J2	True	826	745	69038	7	7	154.0	0.010791158492424463	0.011964425388916249	detected
RNASE1	J2	Y40105J2	True	1736	1514	69038	7	7	154.0	0.021929951620846492	0.02514557200382398	detected
RNASE2	J2	Y40105J2	False	0	0	69038	7	0	154.0	0.0	0.0	unavailable
RNASE6	J2	Y40105J2	True	14	11	69038	7	6	154.0	0.00015933254149888467	0.0002027868709985805	detected
RNF125	J2	Y40105J2	True	408	384	69038	7	7	154.0	0.005562154175961065	0.005909788811958631	detected
RNF130	J2	Y40105J2	True	1744	1572	69038	7	7	154.0	0.02277006865784061	0.02526145021582317	detected
RNF144B	J2	Y40105J2	True	1362	1214	69038	7	7	154.0	0.01758451867087691	0.019728265592861904	detected
RNF149	J2	Y40105J2	True	1636	1477	69038	7	7	154.0	0.02139401489035024	0.02369709435383412	detected
RNF19A	J2	Y40105J2	True	1987	1781	69038	7	7	154.0	0.025797386946319417	0.028781250905298532	detected
RORA-AS1	J2	Y40105J2	True	267	242	69038	7	7	154.0	0.0035053159129754628	0.003867435325472928	detected
RP11-138A9.2	J2	Y40105J2	False	0	0	69038	7	0	154.0	0.0	0.0	unavailable
RP11-20I23.1	J2	Y40105J2	False	0	0	69038	7	0	154.0	0.0	0.0	unavailable
RP11-277P12.6	J2	Y40105J2	False	0	0	69038	7	0	154.0	0.0	0.0	unavailable
RP11-295K3.1	J2	Y40105J2	False	0	0	69038	7	0	154.0	0.0	0.0	unavailable
RP11-354E11.2	J2	Y40105J2	False	0	0	69038	7	0	154.0	0.0	0.0	unavailable
RPL17-C18orf32	J2	Y40105J2	True	2981	2641	69038	7	7	154.0	0.03825429473623222	0.043179118746197745	detected
RPS27	J2	Y40105J2	True	5922	5005	69038	7	7	154.0	0.07249630638199253	0.08577884643239955	detected
RPS29	J2	Y40105J2	True	6993	5941	69038	7	7	154.0	0.08605405718589762	0.10129204206379096	detected
RUBCN	J2	Y40105J2	True	389	358	69038	7	7	154.0	0.005185549986963701	0.005634578058460558	detected
RUNX2	J2	Y40105J2	True	1139	1054	69038	7	7	154.0	0.015266954430893131	0.016498160433384514	detected
RUNX3	J2	Y40105J2	True	100	95	69038	7	7	154.0	0.0013760537674903676	0.0014484776499898606	detected
S100A10	J2	Y40105J2	True	4497	3902	69038	7	7	154.0	0.056519597902604364	0.06513803992004404	detected
S100A11	J2	Y40105J2	True	995	887	69038	7	7	154.0	0.012847996755410065	0.014412352617399114	detected
S100A12	J2	Y40105J2	True	13	13	69038	7	6	154.0	0.00018830209449868188	0.00018830209449868188	detected
S100A4	J2	Y40105J2	True	1043	942	69038	7	7	154.0	0.013644659462904487	0.015107621889394247	detected
S100A8	J2	Y40105J2	True	62	50	69038	7	7	154.0	0.0007242388249949303	0.0008980561429937136	detected
S100A9	J2	Y40105J2	True	231	206	69038	7	7	154.0	0.002983863958979113	0.003345983371476578	detected
S100B	J2	Y40105J2	True	14	11	69038	7	5	154.0	0.00015933254149888467	0.0002027868709985805	detected
SAMD12	J2	Y40105J2	True	3502	3075	69038	7	7	154.0	0.044540687737188216	0.05072568730264492	detected
SAMSN1	J2	Y40105J2	True	280	238	69038	7	7	154.0	0.0034473768069758683	0.00405573741997161	detected
SARAF	J2	Y40105J2	True	1552	1434	69038	7	7	154.0	0.020771169500854603	0.022480373127842637	detected
SAT1	J2	Y40105J2	True	8607	7147	69038	7	7	154.0	0.10352269764477534	0.1246704713346273	detected
SCHLAP1	J2	Y40105J2	True	146	141	69038	7	7	154.0	0.0020423534864857035	0.0021147773689851965	detected
SDC1	J2	Y40105J2	True	790	726	69038	7	7	154.0	0.010515947738926388	0.011442973434919899	detected
SDC2	J2	Y40105J2	True	1228	1103	69038	7	7	154.0	0.015976708479388164	0.01778730554187549	detected
SDCBP	J2	Y40105J2	True	1739	1540	69038	7	7	154.0	0.022306555809843854	0.025189026333323677	detected
SDF2L1	J2	Y40105J2	True	316	286	69038	7	7	154.0	0.0041426460789710014	0.00457718937396796	detected
SEC11C	J2	Y40105J2	True	663	581	69038	7	7	154.0	0.008415655146441091	0.009603406819432777	detected
SEC14L1	J2	Y40105J2	True	1650	1460	69038	7	7	154.0	0.021147773689851965	0.023899881224832702	detected
SEC61B	J2	Y40105J2	True	1804	1614	69038	7	7	154.0	0.023378429270836353	0.026130536805817086	detected
SEL1L3	J2	Y40105J2	True	1338	1217	69038	7	7	154.0	0.017627973000376603	0.019380630956864337	detected
SELL	J2	Y40105J2	True	67	64	69038	7	7	154.0	0.0009270256959935108	0.0009704800254932066	detected
SEPT6	J2	Y40105J2	True	407	372	69038	7	7	154.0	0.005388336857962282	0.005895304035458733	detected
SERPINA1	J2	Y40105J2	True	1260	1106	69038	7	7	154.0	0.01602016280888786	0.018250818389872244	detected
SERPINB9	J2	Y40105J2	True	258	227	69038	7	7	154.0	0.0032880442654769837	0.0037370723369738405	detected
SFMBT1	J2	Y40105J2	True	879	801	69038	7	7	154.0	0.011602305976418785	0.012732118543410876	detected
SGK1	J2	Y40105J2	True	1130	1028	69038	7	7	154.0	0.014890350241895767	0.016367797444885427	detected
SH3BGRL3	J2	Y40105J2	True	556	507	69038	7	7	154.0	0.0073437816854485935	0.008053535733943625	detected
SH3KBP1	J2	Y40105J2	True	1841	1644	69038	7	7	154.0	0.02381297256583331	0.026666473536313334	detected
SIK3	J2	Y40105J2	True	3835	3351	69038	7	7	154.0	0.04853848605116023	0.05554911787711116	detected
SIPA1L1	J2	Y40105J2	True	2700	2375	69038	7	7	154.0	0.03440134418725919	0.03910889654972624	detected
SIPA1L3	J2	Y40105J2	True	2456	2160	69038	7	7	154.0	0.03128711723978099	0.03557461108375098	detected
SKAP1	J2	Y40105J2	True	934	851	69038	7	7	154.0	0.012326544801413715	0.013528781250905298	detected
SLA2	J2	Y40105J2	True	82	80	69038	7	7	154.0	0.0011587821199918885	0.0011877516729916857	detected
SLAMF7	J2	Y40105J2	True	31	29	69038	7	7	154.0	0.0004200585184970596	0.0004490280714968568	detected
SLC11A1	J2	Y40105J2	True	305	272	69038	7	7	154.0	0.003939859207972421	0.004417856832469075	detected
SLC15A4	J2	Y40105J2	True	173	155	69038	7	7	154.0	0.002245140357484284	0.002505866334482459	detected
SLC16A10	J2	Y40105J2	True	590	531	69038	7	7	154.0	0.00769141632144616	0.008546018134940178	detected
SLC18A2	J2	Y40105J2	True	35	33	69038	7	7	154.0	0.000477997624496654	0.0005069671774964512	detected
SLC1A3	J2	Y40105J2	True	381	341	69038	7	7	154.0	0.004939308786465425	0.005518699846461369	detected
SLC22A23	J2	Y40105J2	True	1689	1512	69038	7	7	154.0	0.021900982067846693	0.024464787508328745	detected
SLC24A3	J2	Y40105J2	True	1366	1214	69038	7	7	154.0	0.01758451867087691	0.019786204698861498	detected
SLC25A37	J2	Y40105J2	True	1300	1212	69038	7	7	154.0	0.01755554911787711	0.01883020944986819	detected
SLC26A2	J2	Y40105J2	True	502	469	69038	7	7	154.0	0.006793360178452446	0.0072713578029491	detected
SLC2A3	J2	Y40105J2	True	438	385	69038	7	7	154.0	0.0055766389524609635	0.00634433210695559	detected
SLC38A1	J2	Y40105J2	True	666	601	69038	7	7	154.0	0.008705350676439063	0.009646861148932472	detected
SLC41A2	J2	Y40105J2	True	722	657	69038	7	7	154.0	0.009516498160433385	0.010458008632926794	detected
SLC7A5	J2	Y40105J2	True	147	141	69038	7	7	154.0	0.0020423534864857035	0.002129262145485095	detected
SLC8A1	J2	Y40105J2	True	2544	2253	69038	7	7	154.0	0.03263420145427156	0.036849271415742055	detected
SLCO2B1	J2	Y40105J2	True	892	807	69038	7	7	154.0	0.011689214635418176	0.012920420637909557	detected
SLFN12L	J2	Y40105J2	True	280	256	69038	7	7	154.0	0.0037081027839740432	0.00405573741997161	detected
SMAP2	J2	Y40105J2	True	924	831	69038	7	7	154.0	0.012036849271415743	0.013383933485906312	detected
SMCHD1	J2	Y40105J2	True	1828	1621	69038	7	7	154.0	0.02347982270633564	0.026478171441814653	detected
SMYD3	J2	Y40105J2	True	7106	5838	69038	7	7	154.0	0.08456212520640806	0.1029288218082795	detected
SNTB1	J2	Y40105J2	True	2403	2115	69038	7	7	154.0	0.030635302297285553	0.03480691792925635	detected
SNX10	J2	Y40105J2	True	280	257	69038	7	7	154.0	0.003722587560473942	0.00405573741997161	detected
SNX29	J2	Y40105J2	True	1792	1603	69038	7	7	154.0	0.023219096729337467	0.025956719487818303	detected
SNX9	J2	Y40105J2	True	1005	896	69038	7	7	154.0	0.012978359743909151	0.0145572003823981	detected
SOCS1	J2	Y40105J2	True	53	51	69038	7	7	154.0	0.0007387236014948289	0.0007676931544946261	detected
SOD2	J2	Y40105J2	True	2440	2131	69038	7	7	154.0	0.03086705872128393	0.0353428546597526	detected
SPCS2	J2	Y40105J2	True	854	769	69038	7	7	154.0	0.01113879312842203	0.01236999913091341	detected
SPECC1	J2	Y40105J2	True	852	787	69038	7	7	154.0	0.011399519105420204	0.012341029577913613	detected
SPI1	J2	Y40105J2	True	242	219	69038	7	7	154.0	0.003172166053477795	0.0035053159129754628	detected
SPOCK2	J2	Y40105J2	True	911	808	69038	7	7	154.0	0.011703699411918074	0.013195631391407631	detected
SPON2	J2	Y40105J2	True	296	275	69038	7	7	154.0	0.003983313537472117	0.0042874938439699875	detected
SPP1	J2	Y40105J2	True	38	36	69038	7	7	154.0	0.0005214519539963498	0.000550421506996147	detected
SRGN	J2	Y40105J2	True	987	891	69038	7	7	154.0	0.01290593586140966	0.014296474405399925	detected
SSH2	J2	Y40105J2	True	4401	3823	69038	7	7	154.0	0.05537530055911237	0.06374750137605377	detected
SSR4	J2	Y40105J2	True	426	396	69038	7	7	154.0	0.005735971493959848	0.006170514788956806	detected
ST6GAL1	J2	Y40105J2	True	2779	2459	69038	7	7	154.0	0.035618065413250674	0.04025319389321823	detected
STAM	J2	Y40105J2	True	421	388	69038	7	7	154.0	0.005620093281960659	0.006098090906457313	detected
STAP1	J2	Y40105J2	True	69	64	69038	7	7	154.0	0.0009270256959935108	0.0009994495784930038	detected
STAT4	J2	Y40105J2	True	305	274	69038	7	7	154.0	0.003968828760972218	0.004417856832469075	detected
STK17B	J2	Y40105J2	True	664	602	69038	7	7	154.0	0.008719835452938961	0.009617891595932675	detected
STK4	J2	Y40105J2	True	909	818	69038	7	7	154.0	0.01184854717691706	0.013166661838407834	detected
STRADA	J2	Y40105J2	True	423	393	69038	7	7	154.0	0.005692517164460152	0.0061270604594571105	detected
STXBP6	J2	Y40105J2	True	1442	1298	69038	7	7	154.0	0.018801239896868393	0.020887047712853792	detected
SVIL	J2	Y40105J2	True	2632	2323	69038	7	7	154.0	0.033648135809264464	0.03812393174773313	detected
SYNE2	J2	Y40105J2	True	4157	3600	69038	7	7	154.0	0.05214519539963498	0.060213215910078506	detected
SYTL3	J2	Y40105J2	True	777	687	69038	7	7	154.0	0.009951041455430343	0.011254671340421218	detected
TANC2	J2	Y40105J2	True	3067	2675	69038	7	7	154.0	0.03874677713722877	0.04442480952518903	detected
TBC1D8	J2	Y40105J2	True	1354	1225	69038	7	7	154.0	0.017743851212375792	0.019612387380862715	detected
TBXAS1	J2	Y40105J2	True	1023	929	69038	7	7	154.0	0.013456357368405806	0.014817926359396275	detected
TCF4	J2	Y40105J2	True	5944	5059	69038	7	7	154.0	0.07327848431298704	0.08609751151539732	detected
TCF7L2	J2	Y40105J2	True	3050	2690	69038	7	7	154.0	0.03896404878472725	0.04417856832469075	detected
TCL1A	J2	Y40105J2	False	0	0	69038	7	0	154.0	0.0	0.0	unavailable
TET2	J2	Y40105J2	True	1104	980	69038	7	7	154.0	0.014195080969900634	0.01599119325588806	detected
TFRC	J2	Y40105J2	True	518	477	69038	7	7	154.0	0.006909238390451635	0.007503114226947478	detected
TGFBI	J2	Y40105J2	True	871	806	69038	7	7	154.0	0.011674729858918277	0.012616240331411687	detected
THBS1	J2	Y40105J2	True	1402	1233	69038	7	7	154.0	0.01785972942437498	0.020307656652857848	detected
THEMIS	J2	Y40105J2	True	674	630	69038	7	7	154.0	0.009125409194936122	0.00976273936093166	detected
TIGIT	J2	Y40105J2	True	112	108	69038	7	7	154.0	0.0015643558619890495	0.001622294967988644	detected
TIMP1	J2	Y40105J2	True	356	326	69038	7	7	154.0	0.004722037138966946	0.005156580433963904	detected
TMEM2	J2	Y40105J2	False	0	0	69038	7	0	154.0	0.0	0.0	unavailable
TMSB4X	J2	Y40105J2	True	22436	16000	69038	7	7	154.0	0.2317564239983777	0.3249804455517251	detected
TNFAIP3	J2	Y40105J2	True	205	183	69038	7	7	154.0	0.002650714099481445	0.0029693791824792143	detected
TNFRSF13C	J2	Y40105J2	True	8	7	69038	7	4	154.0	0.00010139343549929025	0.00011587821199918885	detected
TNFRSF18	J2	Y40105J2	True	4	4	69038	7	4	154.0	5.7939105999594426e-05	5.7939105999594426e-05	detected
TNFRSF1B	J2	Y40105J2	True	486	452	69038	7	7	154.0	0.00654711897795417	0.007039601378950723	detected
TNIK	J2	Y40105J2	True	1662	1496	69038	7	7	154.0	0.021669225643848315	0.024073698542831486	detected
TNRC6B	J2	Y40105J2	True	4769	4052	69038	7	7	154.0	0.05869231437758916	0.06907789912801646	detected
TNS3	J2	Y40105J2	True	2099	1870	69038	7	7	154.0	0.027086532054810396	0.030403545873287176	detected
TOB1	J2	Y40105J2	True	1273	1135	69038	7	7	154.0	0.01644022132738492	0.018439120484370925	detected
TOX	J2	Y40105J2	True	2175	1936	69038	7	7	154.0	0.028042527303803702	0.031504388887279466	detected
TPD52	J2	Y40105J2	True	1012	935	69038	7	7	154.0	0.013543266027405198	0.01465859381789739	detected
TPSAB1	J2	Y40105J2	True	7	7	69038	7	3	154.0	0.00010139343549929025	0.00010139343549929025	detected
TPSB2	J2	Y40105J2	True	26	24	69038	7	6	154.0	0.00034763463599756655	0.00037660418899736377	detected
TRAC	J2	Y40105J2	True	245	235	69038	7	7	154.0	0.0034039224774761725	0.0035487702424751586	detected
TRAF1	J2	Y40105J2	True	146	130	69038	7	7	154.0	0.0018830209449868188	0.0021147773689851965	detected
TRBC1	J2	Y40105J2	True	36	31	69038	7	6	154.0	0.0004490280714968568	0.0005214519539963498	detected
TRBC2	J2	Y40105J2	True	70	64	69038	7	7	154.0	0.0009270256959935108	0.0010139343549929025	detected
TREM1	J2	Y40105J2	True	103	91	69038	7	7	154.0	0.0013181146614907732	0.0014919319794895565	detected
TREM2	J2	Y40105J2	True	44	44	69038	7	7	154.0	0.0006373301659955387	0.0006373301659955387	detected
TRERF1	J2	Y40105J2	True	1101	977	69038	7	7	154.0	0.01415162664040094	0.015947738926388365	detected
TSPAN13	J2	Y40105J2	True	1552	1388	69038	7	7	154.0	0.020104869781859266	0.022480373127842637	detected
TSPO	J2	Y40105J2	True	144	129	69038	7	7	154.0	0.0018685361684869202	0.0020858078159853993	detected
TXK	J2	Y40105J2	True	367	354	69038	7	7	154.0	0.005127610880964107	0.0053159129754627886	detected
TXN	J2	Y40105J2	True	623	563	69038	7	7	154.0	0.008154929169442916	0.009024015759436833	detected
TXNDC5	J2	Y40105J2	True	682	615	69038	7	7	154.0	0.008908137547437644	0.00987861757293085	detected
TYROBP	J2	Y40105J2	True	757	681	69038	7	7	154.0	0.009864132796430952	0.010964975810423246	detected
UBE2E2	J2	Y40105J2	True	4345	3741	69038	7	7	154.0	0.054187548886120686	0.06293635389205944	detected
UBE2J1	J2	Y40105J2	True	489	443	69038	7	7	154.0	0.006416755989455083	0.0070830557084504185	detected
USP34	J2	Y40105J2	True	3706	3260	69038	7	7	154.0	0.04722037138966946	0.053680581708624234	detected
USP48	J2	Y40105J2	True	1434	1292	69038	7	7	154.0	0.018714331237869	0.020771169500854603	detected
UVRAG	J2	Y40105J2	True	2400	2157	69038	7	7	154.0	0.031243662910281293	0.034763463599756655	detected
VCAN	J2	Y40105J2	True	1638	1475	69038	7	7	154.0	0.021365045337350445	0.02372606390683392	detected
VDR	J2	Y40105J2	True	507	449	69038	7	7	154.0	0.006503664648454474	0.0073437816854485935	detected
VIM	J2	Y40105J2	True	4286	3659	69038	7	7	154.0	0.052999797213129	0.06208175207856543	detected
VIMP	J2	Y40105J2	False	0	0	69038	7	0	154.0	0.0	0.0	unavailable
VMP1	J2	Y40105J2	True	2696	2381	69038	7	7	154.0	0.03448825284625858	0.03905095744372664	detected
VOPP1	J2	Y40105J2	True	923	821	69038	7	7	154.0	0.011892001506416757	0.013369448709406415	detected
VPREB3	J2	Y40105J2	False	0	0	69038	7	0	154.0	0.0	0.0	unavailable
VSIG4	J2	Y40105J2	True	221	198	69038	7	7	154.0	0.002867985746979924	0.003201135606477592	detected
VWA5A	J2	Y40105J2	True	264	243	69038	7	7	154.0	0.0035198006894753614	0.003823980995973232	detected
WARS	J2	Y40105J2	True	1244	1105	69038	7	7	154.0	0.01600567803238796	0.018019061965873866	detected
WDFY4	J2	Y40105J2	True	588	542	69038	7	7	154.0	0.007850748862945045	0.00851704858194038	detected
XBP1	J2	Y40105J2	True	1491	1329	69038	7	7	154.0	0.019250267968365247	0.021596801761348823	detected
XCL1	J2	Y40105J2	True	3	3	69038	7	3	154.0	4.345432949969582e-05	4.345432949969582e-05	detected
XCL2	J2	Y40105J2	False	0	0	69038	7	0	154.0	0.0	0.0	unavailable
XXbac-BPG181M17.5	J2	Y40105J2	False	0	0	69038	7	0	154.0	0.0	0.0	unavailable
XYLT1	J2	Y40105J2	True	878	797	69038	7	7	154.0	0.01154436687041919	0.012717633766910976	detected
YBX1	J2	Y40105J2	True	2465	2165	69038	7	7	154.0	0.03135954112228048	0.03570497407225007	detected
YES1	J2	Y40105J2	True	1193	1085	69038	7	7	154.0	0.015715982502389987	0.017280338364379037	detected
YWHAH	J2	Y40105J2	True	1312	1184	69038	7	7	154.0	0.01714997537587995	0.01900402676786697	detected
ZBTB46	J2	Y40105J2	True	849	780	69038	7	7	154.0	0.011298125669920913	0.012297575248413918	detected
ZC3HAV1	J2	Y40105J2	True	747	654	69038	7	7	154.0	0.009473043830933689	0.01082012804542426	detected
ZCCHC7	J2	Y40105J2	True	2951	2589	69038	7	7	154.0	0.03750108635823749	0.042744575451200785	detected
ZEB1	J2	Y40105J2	True	2994	2610	69038	7	7	154.0	0.03780526666473536	0.043367420840696426	detected
ZEB2	J2	Y40105J2	True	4534	3879	69038	7	7	154.0	0.05618644804310669	0.06567397665054028	detected
ZFAT	J2	Y40105J2	True	435	402	69038	7	7	154.0	0.00582288015295924	0.006300877777455894	detected
ZFP36L2	J2	Y40105J2	True	1792	1596	69038	7	7	154.0	0.023117703293838176	0.025956719487818303	detected
ZNF331	J2	Y40105J2	True	609	541	69038	7	7	154.0	0.007836264086445147	0.008821228888438252	detected
ABCA1	L3	Y40105L3	True	1159	1040	58027	7	7	141.0	0.017922691161011254	0.019973460630396195	detected
ABCC1	L3	Y40105L3	True	1341	1202	58027	7	7	141.0	0.02071449497647647	0.023109931583573166	detected
ABCG1	L3	Y40105L3	True	714	653	58027	7	7	141.0	0.011253382046288797	0.01230461681630965	detected
AC004448.5	L3	Y40105L3	False	0	0	58027	7	0	141.0	0.0	0.0	unavailable
AC007192.4	L3	Y40105L3	False	0	0	58027	7	0	141.0	0.0	0.0	unavailable
AC016831.7	L3	Y40105L3	True	5832	4717	58027	7	7	141.0	0.08128974442931738	0.10050493735674772	detected
AC018890.6	L3	Y40105L3	False	0	0	58027	7	0	141.0	0.0	0.0	unavailable
AC092580.4	L3	Y40105L3	False	0	0	58027	7	0	141.0	0.0	0.0	unavailable
AC133644.2	L3	Y40105L3	False	0	0	58027	7	0	141.0	0.0	0.0	unavailable
ACER3	L3	Y40105L3	True	1200	1054	58027	7	7	141.0	0.018163958157409482	0.02068002826270529	detected
ACP5	L3	Y40105L3	True	359	302	58027	7	7	141.0	0.005204473779447499	0.006186775121926	detected
ACSL1	L3	Y40105L3	True	888	801	58027	7	7	141.0	0.013803918865355782	0.015303220914401916	detected
ACSL3	L3	Y40105L3	True	1234	1106	58027	7	7	141.0	0.019060092715460046	0.021265962396815274	detected
ACSL4	L3	Y40105L3	True	1459	1296	58027	7	7	141.0	0.022334430523721714	0.02514346769607252	detected
ACTB	L3	Y40105L3	True	7423	5724	58027	7	7	141.0	0.09864373481310425	0.12792320816171782	detected
ADAM12	L3	Y40105L3	True	729	665	58027	7	7	141.0	0.011460182328915849	0.012563117169593465	detected
ADAM19	L3	Y40105L3	True	755	677	58027	7	7	141.0	0.011666982611542902	0.013011184448618747	detected
ADAM28	L3	Y40105L3	True	624	568	58027	7	7	141.0	0.009788546711013838	0.010753614696606751	detected
ADGRE2	L3	Y40105L3	True	386	361	58027	7	7	141.0	0.006221241835697175	0.006652075757836869	detected
ADRBK2	L3	Y40105L3	False	0	0	58027	7	0	141.0	0.0	0.0	unavailable
AFF3	L3	Y40105L3	True	4818	3909	58027	7	7	141.0	0.06736519206576248	0.08303031347476175	detected
AGFG1	L3	Y40105L3	True	1143	1019	58027	7	7	141.0	0.01756079066641391	0.01969772692022679	detected
AIF1	L3	Y40105L3	True	45	39	58027	7	7	141.0	0.000672100918537922	0.0007755010598514485	detected
AIM1	L3	Y40105L3	False	0	0	58027	7	0	141.0	0.0	0.0	unavailable
AKNA	L3	Y40105L3	True	759	692	58027	7	7	141.0	0.011925482964826718	0.013080117876161097	detected
ALDH2	L3	Y40105L3	True	1172	1020	58027	7	7	141.0	0.0175780240232995	0.020197494269908835	detected
ALOX5	L3	Y40105L3	True	600	545	58027	7	7	141.0	0.00939217950264532	0.010340014131352646	detected
ALOX5AP	L3	Y40105L3	True	264	222	58027	7	7	141.0	0.003825805228600479	0.004549606217795164	detected
ANK3	L3	Y40105L3	True	9080	6999	58027	7	7	141.0	0.12061626484222862	0.1564788805211367	detected
ANKRD11	L3	Y40105L3	True	2885	2485	58027	7	7	141.0	0.04282489186068554	0.04971823461492064	detected
ANKRD28	L3	Y40105L3	True	1446	1290	58027	7	7	141.0	0.02223103038240819	0.02491943405655988	detected
ANKRD33B	L3	Y40105L3	True	267	246	58027	7	7	141.0	0.004239405793854585	0.004601306288451928	detected
ANKRD44	L3	Y40105L3	True	4721	3897	58027	7	7	141.0	0.06715839178313544	0.08135867785685974	detected
ANPEP	L3	Y40105L3	True	312	281	58027	7	7	141.0	0.004842573284850156	0.005376807348303376	detected
AOAH	L3	Y40105L3	True	1488	1314	58027	7	7	141.0	0.022644630947662295	0.025643235045754564	detected
AP1S2	L3	Y40105L3	True	275	250	58027	7	7	141.0	0.004308339221396936	0.00473917314353663	detected
AP2S1	L3	Y40105L3	True	210	196	58027	7	7	141.0	0.0033777379495751976	0.003619004945973426	detected
APBA2	L3	Y40105L3	True	327	314	58027	7	7	141.0	0.005411274062074552	0.005635307701587192	detected
APOC1	L3	Y40105L3	True	154	140	58027	7	7	141.0	0.0024126699639822843	0.0026539369603805125	detected
APOE	L3	Y40105L3	True	359	314	58027	7	7	141.0	0.005411274062074552	0.006186775121926	detected
AQP9	L3	Y40105L3	True	492	464	58027	7	7	141.0	0.007996277594912712	0.00847881158770917	detected
ARAP2	L3	Y40105L3	True	1571	1378	58027	7	7	141.0	0.023747565788339912	0.027073603667258344	detected
AREG	L3	Y40105L3	True	150	142	58027	7	7	141.0	0.0024471366777534596	0.0025850035328381614	detected
ARHGAP15	L3	Y40105L3	True	3315	2748	58027	7	7	141.0	0.04735726472159512	0.05712857807572337	detected
ARHGAP24	L3	Y40105L3	True	4459	3697	58027	7	7	141.0	0.06371172040601789	0.07684353835283575	detected
ARHGAP26	L3	Y40105L3	True	2962	2521	58027	7	7	141.0	0.0434452927085667	0.051045203095110896	detected
ARHGDIB	L3	Y40105L3	True	983	899	58027	7	7	141.0	0.015492787840143381	0.016940389818532752	detected
ARID5B	L3	Y40105L3	True	2554	2217	58027	7	7	141.0	0.03820635221534803	0.044013993485791096	detected
ARL4C	L3	Y40105L3	True	124	112	58027	7	7	141.0	0.0019301359711858272	0.0021369362538128803	detected
ASAH1	L3	Y40105L3	True	945	858	58027	7	7	141.0	0.014786220207834284	0.016285522256880416	detected
ASAP1	L3	Y40105L3	True	4730	3958	58027	7	7	141.0	0.0682096265531563	0.08151377806883003	detected
ATG7	L3	Y40105L3	True	3636	3091	58027	7	7	141.0	0.05326830613335171	0.06266048563599703	detected
ATP13A3	L3	Y40105L3	True	648	585	58027	7	7	141.0	0.01008151377806883	0.011167215261860857	detected
ATP1B3	L3	Y40105L3	True	872	776	58027	7	7	141.0	0.013373084943216089	0.015027487204232512	detected
ATP2B1	L3	Y40105L3	True	1913	1663	58027	7	7	141.0	0.028659072500732418	0.03296741172212935	detected
ATP6V0B	L3	Y40105L3	True	254	225	58027	7	7	141.0	0.0038775052992572425	0.004377272648939287	detected
ATP6V1F	L3	Y40105L3	True	423	377	58027	7	7	141.0	0.00649697554586658	0.007289709962603616	detected
ATP8B4	L3	Y40105L3	True	656	619	58027	7	7	141.0	0.010667447912178813	0.01130508211694556	detected
ATXN1	L3	Y40105L3	True	5003	4117	58027	7	7	141.0	0.07094973029796474	0.08621848449859548	detected
AUTS2	L3	Y40105L3	True	6951	5536	58027	7	7	141.0	0.09540386371861374	0.1197890637117204	detected
AXL	L3	Y40105L3	True	344	323	58027	7	7	141.0	0.005566374274044841	0.005928274768642184	detected
BACE2	L3	Y40105L3	True	1108	989	58027	7	7	141.0	0.01704378995984628	0.01909455942923122	detected
BACH2	L3	Y40105L3	True	1160	1022	58027	7	7	141.0	0.017612490737070673	0.01999069398728178	detected
BANK1	L3	Y40105L3	True	2085	1782	58027	7	7	141.0	0.03070984197011736	0.035931549106450446	detected
BASP1	L3	Y40105L3	True	1140	1032	58027	7	7	141.0	0.017784824305926553	0.01964602684957003	detected
BATF	L3	Y40105L3	True	96	77	58027	7	7	141.0	0.0013269684801902562	0.0016544022610164234	detected
BCAS4	L3	Y40105L3	True	295	274	58027	7	7	141.0	0.004721939786651042	0.005083840281248384	detected
BCL11A	L3	Y40105L3	True	940	836	58027	7	7	141.0	0.014407086356351354	0.01619935547245248	detected
BCL11B	L3	Y40105L3	True	733	655	58027	7	7	141.0	0.011287848760059973	0.012632050597135815	detected
BCL2	L3	Y40105L3	True	2846	2418	58027	7	7	141.0	0.04167025694935116	0.04904613369638272	detected
BCL2A1	L3	Y40105L3	True	59	57	58027	7	7	141.0	0.0009823013424785014	0.001016768056249677	detected
BCL7A	L3	Y40105L3	True	381	344	58027	7	7	141.0	0.005928274768642184	0.00656590897340893	detected
BIRC3	L3	Y40105L3	True	432	375	58027	7	7	141.0	0.0064625088320954035	0.007444810174573905	detected
BLK	L3	Y40105L3	True	608	544	58027	7	7	141.0	0.009374946145759733	0.010477880986437349	detected
BRI3	L3	Y40105L3	True	1325	1178	58027	7	7	141.0	0.02030089441122236	0.02283419787340376	detected
C10orf11	L3	Y40105L3	False	0	0	58027	7	0	141.0	0.0	0.0	unavailable
C10orf54	L3	Y40105L3	False	0	0	58027	7	0	141.0	0.0	0.0	unavailable
C12orf75	L3	Y40105L3	True	479	449	58027	7	7	141.0	0.007737777241628897	0.00825477794819653	detected
C15orf48	L3	Y40105L3	True	31	29	58027	7	5	141.0	0.0004997673496820445	0.0005342340634532201	detected
C1QA	L3	Y40105L3	True	325	292	58027	7	7	141.0	0.0050321402105916214	0.005600840987816017	detected
C1QB	L3	Y40105L3	True	472	434	58027	7	7	141.0	0.007479276888345081	0.008134144449997415	detected
C1QC	L3	Y40105L3	True	278	242	58027	7	7	141.0	0.004170472366312234	0.004790873214193392	detected
C1orf162	L3	Y40105L3	True	63	59	58027	7	7	141.0	0.001016768056249677	0.0010857014837920278	detected
C1orf186	L3	Y40105L3	False	0	0	58027	7	0	141.0	0.0	0.0	unavailable
C1orf54	L3	Y40105L3	True	306	282	58027	7	7	141.0	0.004859806641735744	0.00527340720698985	detected
C5AR1	L3	Y40105L3	True	375	345	58027	7	7	141.0	0.005945508125527772	0.0064625088320954035	detected
CADM1	L3	Y40105L3	True	5192	4236	58027	7	7	141.0	0.07300049976734968	0.08947558894997157	detected
CAMK4	L3	Y40105L3	True	779	684	58027	7	7	141.0	0.011787616109742017	0.013424785013872852	detected
CAPG	L3	Y40105L3	True	233	209	58027	7	7	141.0	0.0036017715890878385	0.004015372154341944	detected
CARD11	L3	Y40105L3	True	1227	1098	58027	7	7	141.0	0.01892222586037534	0.021145328898616162	detected
CBLB	L3	Y40105L3	True	2482	2154	58027	7	7	141.0	0.037120650731556	0.04277319179002878	detected
CCL17	L3	Y40105L3	True	29	29	58027	7	7	141.0	0.0004997673496820445	0.0004997673496820445	detected
CCL18	L3	Y40105L3	True	164	153	58027	7	7	141.0	0.002636703603494925	0.00282627052923639	detected
CCL20	L3	Y40105L3	True	36	35	58027	7	6	141.0	0.0006031674909955711	0.0006204008478811587	detected
CCL22	L3	Y40105L3	True	8	8	58027	7	6	141.0	0.00013786685508470194	0.00013786685508470194	detected
CCL4	L3	Y40105L3	True	3	3	58027	7	3	141.0	5.170007065676323e-05	5.170007065676323e-05	detected
CCL5	L3	Y40105L3	True	71	65	58027	7	6	141.0	0.0011201681975632034	0.0012235683388767298	detected
CCND3	L3	Y40105L3	True	3610	3044	58027	7	7	141.0	0.052458338359729094	0.062212418356971756	detected
CCR7	L3	Y40105L3	True	35	28	58027	7	6	141.0	0.0004825339927964568	0.0006031674909955711	detected
CCSER1	L3	Y40105L3	True	4274	3563	58027	7	7	141.0	0.06140245058334913	0.07365536732900202	detected
CD14	L3	Y40105L3	True	70	63	58027	7	7	141.0	0.0010857014837920278	0.0012063349819911421	detected
CD163	L3	Y40105L3	True	585	526	58027	7	7	141.0	0.009064745721819154	0.01008151377806883	detected
CD163L1	L3	Y40105L3	True	617	556	58027	7	7	141.0	0.009581746428386785	0.010632981198407637	detected
CD19	L3	Y40105L3	True	43	41	58027	7	6	141.0	0.0007065676323090975	0.000741034346080273	detected
CD1A	L3	Y40105L3	True	11	10	58027	7	4	141.0	0.00017233356885587743	0.00018956692574146518	detected
CD1C	L3	Y40105L3	True	24	20	58027	7	5	141.0	0.00034466713771175487	0.00041360056525410586	detected
CD1E	L3	Y40105L3	True	2	2	58027	7	2	141.0	3.4466713771175484e-05	3.4466713771175484e-05	detected
CD2	L3	Y40105L3	True	164	146	58027	7	7	141.0	0.0025160701052958107	0.00282627052923639	detected
CD207	L3	Y40105L3	False	0	0	58027	7	0	141.0	0.0	0.0	unavailable
CD22	L3	Y40105L3	True	265	244	58027	7	7	141.0	0.004204939080083409	0.004566839574680752	detected
CD247	L3	Y40105L3	True	595	554	58027	7	7	141.0	0.00954727971461561	0.010253847346924708	detected
CD2AP	L3	Y40105L3	True	1725	1527	58027	7	7	141.0	0.026315335964292485	0.029727540627638858	detected
CD300E	L3	Y40105L3	True	85	80	58027	7	7	141.0	0.0013786685508470195	0.0014648353352749582	detected
CD37	L3	Y40105L3	True	241	223	58027	7	7	141.0	0.0038430385854860668	0.0041532390094266465	detected
CD38	L3	Y40105L3	True	832	754	58027	7	7	141.0	0.01299395109173316	0.014338152928809004	detected
CD3D	L3	Y40105L3	True	27	24	58027	7	6	141.0	0.00041360056525410586	0.0004653006359108691	detected
CD3E	L3	Y40105L3	True	63	56	58027	7	7	141.0	0.0009650679855929136	0.0010857014837920278	detected
CD3G	L3	Y40105L3	True	41	34	58027	7	7	141.0	0.0005859341341099833	0.0007065676323090975	detected
CD44	L3	Y40105L3	True	2766	2373	58027	7	7	141.0	0.040894755889499715	0.0476674651455357	detected
CD48	L3	Y40105L3	True	54	48	58027	7	7	141.0	0.0008272011305082117	0.0009306012718217382	detected
CD52	L3	Y40105L3	True	439	404	58027	7	7	141.0	0.006962276181777448	0.007565443672773019	detected
CD6	L3	Y40105L3	True	193	180	58027	7	7	141.0	0.003102004239405794	0.0033260378789184346	detected
CD63	L3	Y40105L3	True	4425	3745	58027	7	7	141.0	0.0645389215365261	0.07625760421872577	detected
CD68	L3	Y40105L3	True	350	317	58027	7	7	141.0	0.0054629741327313144	0.0060316749099557105	detected
CD69	L3	Y40105L3	True	27	24	58027	7	6	141.0	0.00041360056525410586	0.0004653006359108691	detected
CD7	L3	Y40105L3	True	8	7	58027	7	3	141.0	0.0001206334981991142	0.00013786685508470194	detected
CD74	L3	Y40105L3	True	7897	5872	58027	7	7	141.0	0.10119427163217123	0.13609181932548642	detected
CD79A	L3	Y40105L3	True	194	173	58027	7	7	141.0	0.0029813707412066795	0.0033432712358040222	detected
CD79B	L3	Y40105L3	True	14	14	58027	7	5	141.0	0.0002412669963982284	0.0002412669963982284	detected
CD83	L3	Y40105L3	True	262	239	58027	7	7	141.0	0.00411877229565547	0.004515139504023989	detected
CD84	L3	Y40105L3	True	161	144	58027	7	7	141.0	0.002481603391524635	0.0027745704585796266	detected
CD86	L3	Y40105L3	True	232	217	58027	7	7	141.0	0.0037396384441725403	0.003998138797456356	detected
CD8A	L3	Y40105L3	True	107	100	58027	7	7	141.0	0.0017233356885587743	0.0018439691867578887	detected
CD93	L3	Y40105L3	True	633	571	58027	7	7	141.0	0.009840246781670602	0.010908714908577042	detected
CD96	L3	Y40105L3	True	1113	1030	58027	7	7	141.0	0.017750357592155375	0.01918072621365916	detected
CDC14A	L3	Y40105L3	True	1246	1108	58027	7	7	141.0	0.01909455942923122	0.021472762679442328	detected
CDC42SE2	L3	Y40105L3	True	2227	1962	58027	7	7	141.0	0.033811846209523155	0.038378685784203906	detected
CDYL	L3	Y40105L3	True	955	862	58027	7	7	141.0	0.014855153635376634	0.016457855825736296	detected
CEBPB	L3	Y40105L3	True	451	402	58027	7	7	141.0	0.006927809468006273	0.007772243955400072	detected
CERS6	L3	Y40105L3	True	1599	1430	58027	7	7	141.0	0.024643700346390473	0.0275561376600548	detected
CFLAR	L3	Y40105L3	True	2743	2336	58027	7	7	141.0	0.04025712168473297	0.04727109793716718	detected
CFP	L3	Y40105L3	True	9	8	58027	7	6	141.0	0.00013786685508470194	0.00015510021197028968	detected
CHD1	L3	Y40105L3	True	1398	1234	58027	7	7	141.0	0.021265962396815274	0.024092232926051664	detected
CHN2	L3	Y40105L3	True	21	21	58027	7	7	141.0	0.00036190049459734264	0.00036190049459734264	detected
CKLF	L3	Y40105L3	True	387	345	58027	7	7	141.0	0.005945508125527772	0.006669309114722456	detected
CLEC10A	L3	Y40105L3	True	17	16	58027	7	6	141.0	0.00027573371016940387	0.00029296706705499165	detected
CLEC2D	L3	Y40105L3	True	650	559	58027	7	7	141.0	0.009633446499043548	0.011201681975632033	detected
CLEC4E	L3	Y40105L3	True	38	37	58027	7	7	141.0	0.0006376342047667465	0.0006548675616523343	detected
CLEC7A	L3	Y40105L3	True	300	272	58027	7	7	141.0	0.004687473072879866	0.005170007065676323	detected
CLEC9A	L3	Y40105L3	True	70	68	58027	7	7	141.0	0.0011718682682199666	0.0012063349819911421	detected
CLIC2	L3	Y40105L3	True	500	455	58027	7	7	141.0	0.007841177382942424	0.008616678442793872	detected
CLIC3	L3	Y40105L3	True	57	52	58027	7	7	141.0	0.0008961345580505627	0.0009823013424785014	detected
CLN8	L3	Y40105L3	True	274	244	58027	7	7	141.0	0.004204939080083409	0.004721939786651042	detected
CLNK	L3	Y40105L3	True	761	691	58027	7	7	141.0	0.01190824960794113	0.013114584589932273	detected
CLU	L3	Y40105L3	True	925	827	58027	7	7	141.0	0.014251986144381064	0.01594085511916866	detected
CMC1	L3	Y40105L3	True	703	616	58027	7	7	141.0	0.01061574784152205	0.012115049890568184	detected
CNOT6L	L3	Y40105L3	True	1086	967	58027	7	7	141.0	0.01666465610836335	0.01871542557774829	detected
COBLL1	L3	Y40105L3	True	1759	1526	58027	7	7	141.0	0.026298102607406896	0.03031347476174884	detected
CORO1A	L3	Y40105L3	True	437	386	58027	7	7	141.0	0.006652075757836869	0.007530976959001844	detected
CORO1C	L3	Y40105L3	True	651	592	58027	7	7	141.0	0.010202147276267944	0.01121891533251762	detected
COTL1	L3	Y40105L3	True	403	358	58027	7	7	141.0	0.006169541765040412	0.006945042824891861	detected
CPA3	L3	Y40105L3	True	71	68	58027	7	7	141.0	0.0011718682682199666	0.0012235683388767298	detected
CPM	L3	Y40105L3	True	4029	3380	58027	7	7	141.0	0.05824874627328657	0.06943319489203302	detected
CPNE3	L3	Y40105L3	True	373	337	58027	7	7	141.0	0.0058076412704430695	0.006428042118324228	detected
CPNE5	L3	Y40105L3	True	391	360	58027	7	7	141.0	0.006204008478811588	0.006738242542264808	detected
CPVL	L3	Y40105L3	True	499	468	58027	7	7	141.0	0.008065211022455065	0.008599445085908285	detected
CREB3L2	L3	Y40105L3	True	2000	1782	58027	7	7	141.0	0.03070984197011736	0.03446671377117549	detected
CREM	L3	Y40105L3	True	571	512	58027	7	7	141.0	0.008823478725420924	0.009840246781670602	detected
CRIP1	L3	Y40105L3	True	263	238	58027	7	7	141.0	0.004101538938769883	0.004532372860909577	detected
CSF1R	L3	Y40105L3	True	276	258	58027	7	7	141.0	0.004446206076481638	0.004756406500422217	detected
CSF2RA	L3	Y40105L3	True	451	412	58027	7	7	141.0	0.00710014303686215	0.007772243955400072	detected
CSF3R	L3	Y40105L3	True	641	586	58027	7	7	141.0	0.010098747134954417	0.011046581763661743	detected
CST3	L3	Y40105L3	True	548	496	58027	7	7	141.0	0.008547745015251521	0.009443879573302083	detected
CST7	L3	Y40105L3	True	25	24	58027	7	7	141.0	0.00041360056525410586	0.0004308339221396936	detected
CSTA	L3	Y40105L3	True	227	198	58027	7	7	141.0	0.0034122046633463733	0.003911972013028417	detected
CSTB	L3	Y40105L3	True	203	180	58027	7	7	141.0	0.003102004239405794	0.003498371447774312	detected
CTLA4	L3	Y40105L3	True	19	19	58027	7	6	141.0	0.00032743378082616715	0.00032743378082616715	detected
CTSB	L3	Y40105L3	True	960	845	58027	7	7	141.0	0.014562186568321643	0.016544022610164234	detected
CTSC	L3	Y40105L3	True	590	517	58027	7	7	141.0	0.008909645509848864	0.010167680562496768	detected
CTSL	L3	Y40105L3	True	159	145	58027	7	7	141.0	0.0024988367484102226	0.0027401037448084513	detected
CTSS	L3	Y40105L3	True	732	654	58027	7	7	141.0	0.011270615403174384	0.012614817240250228	detected
CTSW	L3	Y40105L3	True	12	11	58027	7	5	141.0	0.00018956692574146518	0.00020680028262705293	detected
CTSZ	L3	Y40105L3	True	982	874	58027	7	7	141.0	0.015061953918003688	0.016923156461647163	detected
CXCL16	L3	Y40105L3	True	434	389	58027	7	7	141.0	0.0067037758284936326	0.007479276888345081	detected
CXCL2	L3	Y40105L3	True	61	55	58027	7	6	141.0	0.0009478346287073259	0.0010512347700208523	detected
CXCL3	L3	Y40105L3	True	15	12	58027	7	5	141.0	0.00020680028262705293	0.00025850035328381615	detected
CXCL8	L3	Y40105L3	True	9	9	58027	7	3	141.0	0.00015510021197028968	0.00015510021197028968	detected
CXCR3	L3	Y40105L3	True	25	24	58027	7	7	141.0	0.00041360056525410586	0.0004308339221396936	detected
CXCR4	L3	Y40105L3	True	172	162	58027	7	7	141.0	0.0027918038154652143	0.002964137384321092	detected
CYBA	L3	Y40105L3	True	142	125	58027	7	7	141.0	0.002154169610698468	0.0024471366777534596	detected
CYP27A1	L3	Y40105L3	True	447	416	58027	7	7	141.0	0.007169076464404502	0.007703310527857722	detected
CYTIP	L3	Y40105L3	True	183	161	58027	7	7	141.0	0.0027745704585796266	0.003153704310062557	detected
DAPP1	L3	Y40105L3	True	286	274	58027	7	7	141.0	0.004721939786651042	0.004928740069278095	detected
DENND1B	L3	Y40105L3	True	1417	1251	58027	7	7	141.0	0.021558929463870266	0.024419666706877834	detected
DENND4A	L3	Y40105L3	True	1553	1356	58027	7	7	141.0	0.02336843193685698	0.026763403243317767	detected
DERL3	L3	Y40105L3	True	208	182	58027	7	7	141.0	0.0031364709531769694	0.003584538232202251	detected
DMXL2	L3	Y40105L3	True	966	862	58027	7	7	141.0	0.014855153635376634	0.01664742275147776	detected
DNMBP	L3	Y40105L3	True	1018	908	58027	7	7	141.0	0.01564788805211367	0.017543557309528324	detected
DOCK4	L3	Y40105L3	True	8853	6859	58027	7	7	141.0	0.11820359487824633	0.1525669085081083	detected
DOCK8	L3	Y40105L3	True	2280	1977	58027	7	7	141.0	0.03407034656280697	0.03929205369914006	detected
DPYD	L3	Y40105L3	True	8807	6911	58027	7	7	141.0	0.1190997294362969	0.15177417409137126	detected
DUSP16	L3	Y40105L3	True	1230	1100	58027	7	7	141.0	0.01895669257414652	0.021197028969272926	detected
DUSP2	L3	Y40105L3	True	17	16	58027	7	6	141.0	0.00027573371016940387	0.00029296706705499165	detected
DUSP4	L3	Y40105L3	True	65	57	58027	7	7	141.0	0.0009823013424785014	0.0011201681975632034	detected
EBF1	L3	Y40105L3	True	4134	3518	58027	7	7	141.0	0.06062694952349768	0.07124269736501973	detected
ELL2	L3	Y40105L3	True	1251	1114	58027	7	7	141.0	0.019197959570544747	0.021558929463870266	detected
EMP1	L3	Y40105L3	True	642	576	58027	7	7	141.0	0.00992641356609854	0.011063815120547332	detected
EMP3	L3	Y40105L3	True	73	66	58027	7	7	141.0	0.001137401554448791	0.0012580350526479054	detected
ENOX1	L3	Y40105L3	True	966	889	58027	7	7	141.0	0.015320454271287504	0.01664742275147776	detected
ENTPD1	L3	Y40105L3	True	1735	1523	58027	7	7	141.0	0.026246402536750132	0.029899874196494734	detected
EPB41L3	L3	Y40105L3	True	1174	1046	58027	7	7	141.0	0.01802609130232478	0.020231960983680013	detected
EPS15	L3	Y40105L3	True	1932	1727	58027	7	7	141.0	0.029762007341410032	0.03329484550295552	detected
EREG	L3	Y40105L3	True	85	78	58027	7	7	141.0	0.001344201837075844	0.0014648353352749582	detected
ETS1	L3	Y40105L3	True	1501	1323	58027	7	7	141.0	0.022799731159632585	0.025867268685267203	detected
ETV6	L3	Y40105L3	True	5847	4738	58027	7	7	141.0	0.08165164492391473	0.10076343771003153	detected
F13A1	L3	Y40105L3	True	822	737	58027	7	7	141.0	0.012700984024678168	0.014165819359953126	detected
FABP4	L3	Y40105L3	True	125	113	58027	7	7	141.0	0.001947369328071415	0.002154169610698468	detected
FABP5	L3	Y40105L3	True	720	634	58027	7	7	141.0	0.010925948265462629	0.012408016957623176	detected
FAM129A	L3	Y40105L3	True	1436	1280	58027	7	7	141.0	0.02205869681355231	0.024747100487704	detected
FAM160A1	L3	Y40105L3	True	1256	1132	58027	7	7	141.0	0.019508159994485325	0.021645096248298207	detected
FAM26F	L3	Y40105L3	False	0	0	58027	7	0	141.0	0.0	0.0	unavailable
FAM46C	L3	Y40105L3	False	0	0	58027	7	0	141.0	0.0	0.0	unavailable
FAM49A	L3	Y40105L3	True	913	814	58027	7	7	141.0	0.014027952504868423	0.01573405483654161	detected
FAM49B	L3	Y40105L3	True	2597	2244	58027	7	7	141.0	0.0386716528512589	0.04475502783187137	detected
FAM65B	L3	Y40105L3	False	0	0	58027	7	0	141.0	0.0	0.0	unavailable
FBP1	L3	Y40105L3	True	384	356	58027	7	7	141.0	0.0061350750512692365	0.006617609044065694	detected
FBXW7	L3	Y40105L3	True	2423	2115	58027	7	7	141.0	0.03644854981301808	0.0417564237337791	detected
FCER1A	L3	Y40105L3	True	27	25	58027	7	6	141.0	0.0004308339221396936	0.0004653006359108691	detected
FCER1G	L3	Y40105L3	True	99	92	58027	7	7	141.0	0.0015854688334740723	0.0017061023316731867	detected
FCGBP	L3	Y40105L3	True	163	147	58027	7	7	141.0	0.0025333034621813984	0.0028090371723508024	detected
FCGR2A	L3	Y40105L3	True	452	418	58027	7	7	141.0	0.007203543178175677	0.00778947731228566	detected
FCGR2B	L3	Y40105L3	True	142	130	58027	7	7	141.0	0.0022403363951264067	0.0024471366777534596	detected
FCHSD2	L3	Y40105L3	True	4261	3522	58027	7	7	141.0	0.06069588295104003	0.07343133368948937	detected
FCN1	L3	Y40105L3	True	338	318	58027	7	7	141.0	0.0054802074896169025	0.005824874627328658	detected
FCRL5	L3	Y40105L3	True	391	361	58027	7	7	141.0	0.006221241835697175	0.006738242542264808	detected
FER	L3	Y40105L3	True	3000	2598	58027	7	7	141.0	0.044772261188756955	0.05170007065676323	detected
FGD4	L3	Y40105L3	True	3409	2950	58027	7	7	141.0	0.05083840281248384	0.058748513622968616	detected
FGFBP2	L3	Y40105L3	True	32	25	58027	7	7	141.0	0.0004308339221396936	0.0005514674203388077	detected
FGL2	L3	Y40105L3	True	128	119	58027	7	7	141.0	0.0020507694693849415	0.002205869681355231	detected
FGR	L3	Y40105L3	True	328	308	58027	7	7	141.0	0.005307873920761025	0.00565254105847278	detected
FLT3	L3	Y40105L3	True	351	335	58027	7	7	141.0	0.005773174556671894	0.006048908266841298	detected
FMN1	L3	Y40105L3	True	2004	1760	58027	7	7	141.0	0.03033070811863443	0.034535647198717837	detected
FMNL2	L3	Y40105L3	True	3290	2832	58027	7	7	141.0	0.04880486669998449	0.056697744153583675	detected
FNBP1	L3	Y40105L3	True	2361	2032	58027	7	7	141.0	0.03501818119151429	0.04068795560687266	detected
FNDC3B	L3	Y40105L3	True	5538	4549	58027	7	7	141.0	0.07839454047253865	0.09543833043238492	detected
FNIP2	L3	Y40105L3	True	1655	1478	58027	7	7	141.0	0.025470901476898684	0.028521205645647717	detected
FOLR2	L3	Y40105L3	True	29	27	58027	7	7	141.0	0.0004653006359108691	0.0004997673496820445	detected
FOXO1	L3	Y40105L3	True	2094	1799	58027	7	7	141.0	0.03100280903717235	0.03608664931842073	detected
FPR1	L3	Y40105L3	True	123	114	58027	7	7	141.0	0.0019646026849570028	0.0021197028969272926	detected
FPR3	L3	Y40105L3	True	274	252	58027	7	7	141.0	0.004342805935168111	0.004721939786651042	detected
FRMD4A	L3	Y40105L3	True	3686	3138	58027	7	7	141.0	0.05407827390697434	0.06352215348027643	detected
FSCN1	L3	Y40105L3	True	212	182	58027	7	7	141.0	0.0031364709531769694	0.0036534716597446015	detected
FTL	L3	Y40105L3	True	3040	2542	58027	7	7	141.0	0.04380719320316404	0.05238940493218674	detected
FYB	L3	Y40105L3	False	0	0	58027	7	0	141.0	0.0	0.0	unavailable
FYN	L3	Y40105L3	True	2230	1939	58027	7	7	141.0	0.03341547900115464	0.038430385854860666	detected
G0S2	L3	Y40105L3	True	61	57	58027	7	7	141.0	0.0009823013424785014	0.0010512347700208523	detected
GAB1	L3	Y40105L3	True	1983	1752	58027	7	7	141.0	0.030192841263549725	0.034173746704120496	detected
GAB2	L3	Y40105L3	True	2207	1939	58027	7	7	141.0	0.03341547900115464	0.03803401864649215	detected
GALC	L3	Y40105L3	True	385	349	58027	7	7	141.0	0.006014441553070122	0.006634842400951281	detected
GATA2	L3	Y40105L3	True	136	128	58027	7	7	141.0	0.002205869681355231	0.002343736536439933	detected
GDI2	L3	Y40105L3	True	856	760	58027	7	7	141.0	0.013097351233046685	0.01475175349406311	detected
GK	L3	Y40105L3	True	457	424	58027	7	7	141.0	0.007306943319489203	0.007875644096713598	detected
GLDN	L3	Y40105L3	True	226	201	58027	7	7	141.0	0.0034639047340031363	0.00389473865614283	detected
GLIPR2	L3	Y40105L3	True	565	514	58027	7	7	141.0	0.0088579454391921	0.009736846640357075	detected
GLUL	L3	Y40105L3	True	1046	962	58027	7	7	141.0	0.016578489323935408	0.01802609130232478	detected
GM2A	L3	Y40105L3	True	233	208	58027	7	7	141.0	0.003584538232202251	0.004015372154341944	detected
GNA13	L3	Y40105L3	True	406	346	58027	7	7	141.0	0.005962741482413359	0.006996742895548624	detected
GNA15	L3	Y40105L3	True	170	156	58027	7	7	141.0	0.002688403674151688	0.0029296706705499165	detected
GNG2	L3	Y40105L3	True	683	630	58027	7	7	141.0	0.010857014837920278	0.01177038275285643	detected
GNG7	L3	Y40105L3	True	1468	1332	58027	7	7	141.0	0.022954831371602875	0.02529856790804281	detected
GNLY	L3	Y40105L3	True	58	52	58027	7	7	141.0	0.0008961345580505627	0.000999534699364089	detected
GPNMB	L3	Y40105L3	True	574	525	58027	7	7	141.0	0.009047512364933565	0.009891946852327365	detected
GPR137B	L3	Y40105L3	True	464	407	58027	7	7	141.0	0.0070139762524342114	0.007996277594912712	detected
GPR157	L3	Y40105L3	True	238	217	58027	7	7	141.0	0.0037396384441725403	0.004101538938769883	detected
GPR183	L3	Y40105L3	True	46	43	58027	7	7	141.0	0.000741034346080273	0.0007927344167370362	detected
GPR65	L3	Y40105L3	True	62	58	58027	7	7	141.0	0.000999534699364089	0.0010684681269064402	detected
GRN	L3	Y40105L3	True	2007	1751	58027	7	7	141.0	0.03017560790666414	0.0345873472693746	detected
GSN	L3	Y40105L3	True	3514	2972	58027	7	7	141.0	0.05121753666396677	0.06055801609595533	detected
GSTO1	L3	Y40105L3	True	203	181	58027	7	7	141.0	0.0031192375962913817	0.003498371447774312	detected
GZMA	L3	Y40105L3	True	25	23	58027	7	6	141.0	0.0003963672083685181	0.0004308339221396936	detected
GZMB	L3	Y40105L3	True	16	11	58027	7	6	141.0	0.00018956692574146518	0.00027573371016940387	detected
GZMH	L3	Y40105L3	True	17	17	58027	7	5	141.0	0.00029296706705499165	0.00029296706705499165	detected
H2AFY	L3	Y40105L3	True	1861	1656	58027	7	7	141.0	0.028538439002533302	0.03207127716407879	detected
HCK	L3	Y40105L3	True	635	557	58027	7	7	141.0	0.009598979785272374	0.010943181622348218	detected
HCLS1	L3	Y40105L3	True	493	441	58027	7	7	141.0	0.007599910386544195	0.008496044944594758	detected
HDAC9	L3	Y40105L3	True	2863	2498	58027	7	7	141.0	0.04304892550019818	0.04933910076343771	detected
HDC	L3	Y40105L3	True	156	144	58027	7	7	141.0	0.002481603391524635	0.002688403674151688	detected
HERPUD1	L3	Y40105L3	True	1516	1366	58027	7	7	141.0	0.02354076550571286	0.02612576903855102	detected
HIF1A	L3	Y40105L3	True	1366	1177	58027	7	7	141.0	0.020283661054336773	0.02354076550571286	detected
HIVEP1	L3	Y40105L3	True	1142	1025	58027	7	7	141.0	0.017664190807727437	0.019680493563341204	detected
HLA-DMB	L3	Y40105L3	True	487	438	58027	7	7	141.0	0.007548210315887431	0.008392644803281231	detected
HLA-DPA1	L3	Y40105L3	True	794	701	58027	7	7	141.0	0.012080583176797008	0.013683285367156668	detected
HLA-DPB1	L3	Y40105L3	True	853	751	58027	7	7	141.0	0.012942251021076396	0.014700053423406346	detected
HLA-DQA1	L3	Y40105L3	True	294	260	58027	7	7	141.0	0.0044806727902528135	0.005066606924362797	detected
HLA-DQA2	L3	Y40105L3	True	47	46	58027	7	7	141.0	0.0007927344167370362	0.000809967773622624	detected
HLA-DQB1	L3	Y40105L3	True	1018	912	58027	7	7	141.0	0.015716821479656022	0.017543557309528324	detected
HLA-DQB2	L3	Y40105L3	True	20	20	58027	7	7	141.0	0.00034466713771175487	0.00034466713771175487	detected
HLA-DRA	L3	Y40105L3	True	3703	3117	58027	7	7	141.0	0.053716373412377	0.06381512054733142	detected
HLA-DRB1	L3	Y40105L3	True	1979	1713	58027	7	7	141.0	0.029520740345011804	0.03410481327657815	detected
HLA-DRB5	L3	Y40105L3	True	432	373	58027	7	7	141.0	0.006428042118324228	0.007444810174573905	detected
HMOX1	L3	Y40105L3	True	149	143	58027	7	7	141.0	0.0024643700346390473	0.0025677701759525737	detected
HPGD	L3	Y40105L3	True	693	617	58027	7	7	141.0	0.010632981198407637	0.011942716321712307	detected
HPGDS	L3	Y40105L3	True	114	106	58027	7	6	141.0	0.0018267358298723008	0.0019646026849570028	detected
HSP90B1	L3	Y40105L3	True	5317	4404	58027	7	7	141.0	0.07589570372412842	0.09162975856067003	detected
ICOS	L3	Y40105L3	True	132	124	58027	7	7	141.0	0.0021369362538128803	0.002274803108897582	detected
ID2	L3	Y40105L3	True	780	705	58027	7	7	141.0	0.012149516604339359	0.01344201837075844	detected
IFITM2	L3	Y40105L3	True	1072	916	58027	7	7	141.0	0.015785754907198375	0.018474158581350063	detected
IFITM3	L3	Y40105L3	True	1129	997	58027	7	7	141.0	0.01718165681493098	0.01945645992382856	detected
IGHA1	L3	Y40105L3	True	2031	1449	58027	7	7	141.0	0.02497113412721664	0.035000947834628704	detected
IGHG1	L3	Y40105L3	True	2645	1989	58027	7	7	141.0	0.03427714684543402	0.04558222896237958	detected
IGHG2	L3	Y40105L3	True	167	143	58027	7	7	141.0	0.0024643700346390473	0.002877970599893153	detected
IGHG3	L3	Y40105L3	True	1476	1313	58027	7	7	141.0	0.022627397590776706	0.02543643476312751	detected
IGHG4	L3	Y40105L3	True	1822	1541	58027	7	7	141.0	0.026556602960690713	0.031399176245540866	detected
IGHGP	L3	Y40105L3	True	5911	4123	58027	7	7	141.0	0.07105313043927827	0.10186637255070916	detected
IGHM	L3	Y40105L3	True	2222	1601	58027	7	7	141.0	0.02759060437382598	0.03829251899977597	detected
IGLC2	L3	Y40105L3	True	785	675	58027	7	7	141.0	0.011632515897771726	0.01352818515518638	detected
IGLC3	L3	Y40105L3	True	523	472	58027	7	7	141.0	0.008134144449997415	0.00901304565116239	detected
IGSF6	L3	Y40105L3	True	60	56	58027	7	7	141.0	0.0009650679855929136	0.0010340014131352646	detected
IKZF1	L3	Y40105L3	True	1129	1003	58027	7	7	141.0	0.017285056956244507	0.01945645992382856	detected
IL15	L3	Y40105L3	True	547	482	58027	7	7	141.0	0.008306478018853293	0.009426646216416496	detected
IL18R1	L3	Y40105L3	True	308	279	58027	7	7	141.0	0.0048081065710789805	0.005307873920761025	detected
IL1B	L3	Y40105L3	True	6	6	58027	7	4	141.0	0.00010340014131352647	0.00010340014131352647	detected
IL1R2	L3	Y40105L3	True	250	243	58027	7	7	141.0	0.004187705723197822	0.004308339221396936	detected
IL1RL1	L3	Y40105L3	True	295	265	58027	7	7	141.0	0.004566839574680752	0.005083840281248384	detected
IL2RA	L3	Y40105L3	True	101	91	58027	7	7	141.0	0.0015682354765884847	0.001740569045444362	detected
IL32	L3	Y40105L3	True	107	101	58027	7	7	141.0	0.001740569045444362	0.0018439691867578887	detected
IL3RA	L3	Y40105L3	True	516	473	58027	7	7	141.0	0.008151377806883003	0.008892412152963276	detected
IL7R	L3	Y40105L3	True	446	403	58027	7	7	141.0	0.006945042824891861	0.0076860771709721335	detected
INHBA	L3	Y40105L3	True	346	314	58027	7	7	141.0	0.005411274062074552	0.005962741482413359	detected
INPP4A	L3	Y40105L3	True	1327	1169	58027	7	7	141.0	0.02014579419925207	0.022868664587174937	detected
INPP4B	L3	Y40105L3	True	4130	3468	58027	7	7	141.0	0.059765281679218296	0.07117376393747737	detected
INPP5D	L3	Y40105L3	True	1503	1331	58027	7	7	141.0	0.022937598014717286	0.025901735399038377	detected
IQGAP2	L3	Y40105L3	True	1261	1120	58027	7	7	141.0	0.019301359711858274	0.021731263032726145	detected
IRAK2	L3	Y40105L3	True	421	385	58027	7	7	141.0	0.006634842400951281	0.00725524324883244	detected
IRAK3	L3	Y40105L3	True	1312	1196	58027	7	7	141.0	0.020611094835162942	0.02261016423389112	detected
IRF4	L3	Y40105L3	True	141	129	58027	7	7	141.0	0.002223103038240819	0.002429903320867872	detected
IRF7	L3	Y40105L3	True	71	65	58027	7	7	141.0	0.0011201681975632034	0.0012235683388767298	detected
IRF8	L3	Y40105L3	True	141	124	58027	7	7	141.0	0.0021369362538128803	0.002429903320867872	detected
ISG20	L3	Y40105L3	True	159	142	58027	7	7	141.0	0.0024471366777534596	0.0027401037448084513	detected
ITGAX	L3	Y40105L3	True	358	337	58027	7	7	141.0	0.0058076412704430695	0.006169541765040412	detected
ITGB2	L3	Y40105L3	True	200	185	58027	7	7	141.0	0.0031881710238337324	0.0034466713771175487	detected
ITK	L3	Y40105L3	True	403	360	58027	7	7	141.0	0.006204008478811588	0.006945042824891861	detected
ITM2C	L3	Y40105L3	True	423	396	58027	7	7	141.0	0.006824409326692747	0.007289709962603616	detected
ITSN2	L3	Y40105L3	True	3495	2925	58027	7	7	141.0	0.05040756889034415	0.060230582315129164	detected
JADE3	L3	Y40105L3	True	517	474	58027	7	7	141.0	0.00816861116376859	0.008909645509848864	detected
JAML	L3	Y40105L3	True	349	311	58027	7	7	141.0	0.005359573991417788	0.006014441553070122	detected
JARID2	L3	Y40105L3	True	1976	1750	58027	7	7	141.0	0.03015837454977855	0.03405311320592138	detected
JCHAIN	L3	Y40105L3	True	4391	3339	58027	7	7	141.0	0.05754217864097748	0.07567167008461578	detected
JMJD1C	L3	Y40105L3	True	7113	5684	58027	7	7	141.0	0.09795440053768073	0.12258086752718562	detected
KCNMA1	L3	Y40105L3	True	2697	2382	58027	7	7	141.0	0.04104985610147001	0.046478363520430145	detected
KDM2B	L3	Y40105L3	True	1150	1053	58027	7	7	141.0	0.018146724800523893	0.019818360418425905	detected
KIAA0922	L3	Y40105L3	False	0	0	58027	7	0	141.0	0.0	0.0	unavailable
KIF16B	L3	Y40105L3	True	888	806	58027	7	7	141.0	0.013890085649783722	0.015303220914401916	detected
KIT	L3	Y40105L3	True	238	224	58027	7	7	141.0	0.0038602719423716544	0.004101538938769883	detected
KLRB1	L3	Y40105L3	True	391	370	58027	7	7	141.0	0.006376342047667465	0.006738242542264808	detected
KLRC1	L3	Y40105L3	True	25	22	58027	7	6	141.0	0.00037913385148293036	0.0004308339221396936	detected
KLRC4-KLRK1	L3	Y40105L3	True	20	15	58027	7	6	141.0	0.00025850035328381615	0.00034466713771175487	detected
KLRD1	L3	Y40105L3	True	406	372	58027	7	7	141.0	0.006410808761438641	0.006996742895548624	detected
KLRF1	L3	Y40105L3	True	37	31	58027	7	6	141.0	0.0005342340634532201	0.0006376342047667465	detected
KYNU	L3	Y40105L3	True	792	699	58027	7	7	141.0	0.012046116463025832	0.013648818653385493	detected
LAMP1	L3	Y40105L3	True	729	656	58027	7	7	141.0	0.01130508211694556	0.012563117169593465	detected
LAMP3	L3	Y40105L3	True	1278	1154	58027	7	7	141.0	0.019887293845968258	0.022024230099781137	detected
LAPTM5	L3	Y40105L3	True	406	352	58027	7	7	141.0	0.006066141623726886	0.006996742895548624	detected
LCK	L3	Y40105L3	True	951	905	58027	7	7	141.0	0.015596187981456908	0.016388922398193943	detected
LCP1	L3	Y40105L3	True	517	462	58027	7	7	141.0	0.007961810881141538	0.008909645509848864	detected
LDLRAD4	L3	Y40105L3	True	3473	2924	58027	7	7	141.0	0.05039033553345856	0.059851448463646234	detected
LEPROTL1	L3	Y40105L3	True	852	771	58027	7	7	141.0	0.013286918158788151	0.014682820066520757	detected
LGALS1	L3	Y40105L3	True	414	352	58027	7	7	141.0	0.006066141623726886	0.0071346097506333256	detected
LGALS2	L3	Y40105L3	True	77	73	58027	7	5	141.0	0.0012580350526479054	0.0013269684801902562	detected
LGALS3	L3	Y40105L3	True	598	557	58027	7	7	141.0	0.009598979785272374	0.010305547417581471	detected
LGMN	L3	Y40105L3	True	1017	939	58027	7	7	141.0	0.01618212211556689	0.017526323952642735	detected
LILRA5	L3	Y40105L3	True	9	8	58027	7	4	141.0	0.00013786685508470194	0.00015510021197028968	detected
LILRB2	L3	Y40105L3	True	30	27	58027	7	6	141.0	0.0004653006359108691	0.0005170007065676323	detected
LILRB4	L3	Y40105L3	True	43	43	58027	7	6	141.0	0.000741034346080273	0.000741034346080273	detected
LIMS1	L3	Y40105L3	True	1952	1724	58027	7	7	141.0	0.02971030727075327	0.03363951264066727	detected
LINC00152	L3	Y40105L3	False	0	0	58027	7	0	141.0	0.0	0.0	unavailable
LINC00486	L3	Y40105L3	True	1085	1033	58027	7	7	141.0	0.017802057662812138	0.018698192220862702	detected
LINC00926	L3	Y40105L3	True	262	232	58027	7	7	141.0	0.003998138797456356	0.004515139504023989	detected
LIPA	L3	Y40105L3	True	699	626	58027	7	7	141.0	0.010788081410377928	0.012046116463025832	detected
LPIN1	L3	Y40105L3	True	753	667	58027	7	7	141.0	0.011494649042687025	0.01297671773484757	detected
LPL	L3	Y40105L3	True	649	599	58027	7	7	141.0	0.010322780774467058	0.011184448618746446	detected
LPP	L3	Y40105L3	True	8915	6894	58027	7	7	141.0	0.11880676236924191	0.15363537663501473	detected
LRMP	L3	Y40105L3	True	422	388	58027	7	7	141.0	0.0066865424716080445	0.007272476605718028	detected
LSAMP	L3	Y40105L3	True	8141	6335	58027	7	7	141.0	0.10917331587019835	0.14029675840556982	detected
LSP1	L3	Y40105L3	True	280	265	58027	7	7	141.0	0.004566839574680752	0.004825339927964569	detected
LST1	L3	Y40105L3	True	295	265	58027	7	7	141.0	0.004566839574680752	0.005083840281248384	detected
LTA4H	L3	Y40105L3	True	1592	1422	58027	7	7	141.0	0.02450583349130577	0.027435504161855688	detected
LTB	L3	Y40105L3	True	438	395	58027	7	7	141.0	0.006807175969807159	0.007548210315887431	detected
LTC4S	L3	Y40105L3	True	37	33	58027	7	6	141.0	0.0005687007772243955	0.0006376342047667465	detected
LY9	L3	Y40105L3	True	104	96	58027	7	7	141.0	0.0016544022610164234	0.0017922691161011254	detected
LYN	L3	Y40105L3	True	1585	1398	58027	7	7	141.0	0.024092232926051664	0.027314870663656572	detected
LYVE1	L3	Y40105L3	True	423	397	58027	7	7	141.0	0.006841642683578334	0.007289709962603616	detected
LYZ	L3	Y40105L3	True	800	727	58027	7	7	141.0	0.01252865045582229	0.013786685508470195	detected
MAFB	L3	Y40105L3	True	414	369	58027	7	7	141.0	0.0063591086907818775	0.0071346097506333256	detected
MALAT1	L3	Y40105L3	True	623153	52297	58027	7	7	141.0	0.9012528650455822	10.73901804332466	detected
MAOB	L3	Y40105L3	True	487	446	58027	7	7	141.0	0.0076860771709721335	0.008392644803281231	detected
MAP2K1	L3	Y40105L3	True	944	859	58027	7	7	141.0	0.014803453564719871	0.01626828889999483	detected
MAP3K8	L3	Y40105L3	True	736	674	58027	7	7	141.0	0.011615282540886139	0.012683750667792579	detected
MAP4K4	L3	Y40105L3	True	3225	2754	58027	7	7	141.0	0.04746066486290865	0.055577575956020475	detected
MARCKSL1	L3	Y40105L3	True	248	231	58027	7	7	141.0	0.003980905440570769	0.004273872507625761	detected
MARCO	L3	Y40105L3	True	822	728	58027	7	7	141.0	0.012545883812707877	0.014165819359953126	detected
MCEMP1	L3	Y40105L3	True	35	32	58027	7	7	141.0	0.0005514674203388077	0.0006031674909955711	detected
MCOLN2	L3	Y40105L3	True	208	195	58027	7	7	141.0	0.00336050459268961	0.003584538232202251	detected
MCTP2	L3	Y40105L3	True	2181	1874	58027	7	7	141.0	0.03229531080359143	0.03758595136746687	detected
MED13L	L3	Y40105L3	True	6492	5177	58027	7	7	141.0	0.08921708859668775	0.11187895290123563	detected
MEF2C	L3	Y40105L3	True	3500	2994	58027	7	7	141.0	0.0515966705154497	0.0603167490995571	detected
MERTK	L3	Y40105L3	True	403	365	58027	7	7	141.0	0.006290175263239527	0.006945042824891861	detected
MFSD1	L3	Y40105L3	True	743	683	58027	7	7	141.0	0.01177038275285643	0.012804384165991693	detected
MGAT5	L3	Y40105L3	True	2240	1928	58027	7	7	141.0	0.03322591207541317	0.03860271942371655	detected
MMP19	L3	Y40105L3	True	215	196	58027	7	7	141.0	0.0033777379495751976	0.003705171730401365	detected
MNDA	L3	Y40105L3	True	82	78	58027	7	7	141.0	0.001344201837075844	0.001413135264618195	detected
MOB1B	L3	Y40105L3	True	925	825	58027	7	7	141.0	0.014217519430609888	0.01594085511916866	detected
MPEG1	L3	Y40105L3	True	164	148	58027	7	7	141.0	0.002550536819066986	0.00282627052923639	detected
MPP1	L3	Y40105L3	True	204	184	58027	7	7	141.0	0.0031709376669481447	0.0035156048046598998	detected
MRC1	L3	Y40105L3	True	1025	909	58027	7	7	141.0	0.01566512140899926	0.017664190807727437	detected
MS4A1	L3	Y40105L3	True	345	291	58027	7	7	141.0	0.005014906853706033	0.005945508125527772	detected
MS4A2	L3	Y40105L3	True	44	41	58027	7	7	141.0	0.0007065676323090975	0.0007582677029658607	detected
MS4A4A	L3	Y40105L3	True	161	153	58027	7	7	141.0	0.002636703603494925	0.0027745704585796266	detected
MS4A6A	L3	Y40105L3	True	309	281	58027	7	7	141.0	0.004842573284850156	0.005325107277646613	detected
MS4A6E	L3	Y40105L3	True	339	309	58027	7	7	141.0	0.005325107277646613	0.005842107984214245	detected
MSR1	L3	Y40105L3	True	1362	1206	58027	7	7	141.0	0.020783428404018818	0.023471832078170506	detected
MT-ND4L	L3	Y40105L3	True	206	180	58027	7	7	141.0	0.003102004239405794	0.003550071518431075	detected
MT-ND6	L3	Y40105L3	True	2147	1882	58027	7	7	141.0	0.032433177658676135	0.037000017233356886	detected
MT1E	L3	Y40105L3	True	199	162	58027	7	7	141.0	0.0027918038154652143	0.003429438020231961	detected
MT1G	L3	Y40105L3	True	7	7	58027	7	5	141.0	0.0001206334981991142	0.0001206334981991142	detected
MT1X	L3	Y40105L3	True	239	223	58027	7	7	141.0	0.0038430385854860668	0.00411877229565547	detected
MT2A	L3	Y40105L3	True	754	682	58027	7	7	141.0	0.01175314939597084	0.01299395109173316	detected
MTSS1	L3	Y40105L3	True	1499	1316	58027	7	7	141.0	0.02267909766143347	0.02583280197149603	detected
MXD1	L3	Y40105L3	True	271	260	58027	7	7	141.0	0.0044806727902528135	0.004670239715994278	detected
MYH9	L3	Y40105L3	True	3578	3029	58027	7	7	141.0	0.05219983800644527	0.061660950936632944	detected
MZB1	L3	Y40105L3	True	145	131	58027	7	7	141.0	0.0022575697520119944	0.0024988367484102226	detected
NAAA	L3	Y40105L3	True	289	254	58027	7	7	141.0	0.004377272648939287	0.004980440139934858	detected
NAIP	L3	Y40105L3	True	986	881	58027	7	7	141.0	0.015182587416202802	0.016992089889189516	detected
NAMPT	L3	Y40105L3	True	641	552	58027	7	7	141.0	0.009512813000844434	0.011046581763661743	detected
NAV1	L3	Y40105L3	True	1304	1160	58027	7	7	141.0	0.01999069398728178	0.02247229737880642	detected
NCALD	L3	Y40105L3	True	2143	1855	58027	7	7	141.0	0.03196787702276527	0.03693108380581454	detected
NCOA3	L3	Y40105L3	True	2224	1937	58027	7	7	141.0	0.03338101228738346	0.03832698571354714	detected
NDRG2	L3	Y40105L3	True	407	377	58027	7	7	141.0	0.00649697554586658	0.0070139762524342114	detected
NFKB1	L3	Y40105L3	True	1419	1240	58027	7	7	141.0	0.0213693625381288	0.024454133420649008	detected
NFKBIA	L3	Y40105L3	True	663	582	58027	7	7	141.0	0.010029813707412067	0.011425715615144674	detected
NKG7	L3	Y40105L3	True	31	28	58027	7	6	141.0	0.0004825339927964568	0.0005342340634532201	detected
NLK	L3	Y40105L3	True	1413	1261	58027	7	7	141.0	0.021731263032726145	0.02435073327933548	detected
NLRP3	L3	Y40105L3	True	55	51	58027	7	6	141.0	0.0008789012011649749	0.0009478346287073259	detected
NOL4L	L3	Y40105L3	True	731	663	58027	7	7	141.0	0.011425715615144674	0.01259758388336464	detected
NPC2	L3	Y40105L3	True	2248	1953	58027	7	7	141.0	0.03365674599755286	0.038740586278801246	detected
NPL	L3	Y40105L3	True	610	555	58027	7	7	141.0	0.009564513071501198	0.010512347700208523	detected
NR4A2	L3	Y40105L3	True	352	334	58027	7	7	141.0	0.005755941199786306	0.006066141623726886	detected
NR4A3	L3	Y40105L3	True	170	161	58027	7	7	141.0	0.0027745704585796266	0.0029296706705499165	detected
NTM	L3	Y40105L3	True	17627	11838	58027	7	7	141.0	0.2040084788115877	0.30377238182225513	detected
OGFRL1	L3	Y40105L3	True	381	339	58027	7	7	141.0	0.005842107984214245	0.00656590897340893	detected
OLR1	L3	Y40105L3	True	159	144	58027	7	7	141.0	0.002481603391524635	0.0027401037448084513	detected
OXSR1	L3	Y40105L3	True	765	710	58027	7	7	141.0	0.012235683388767299	0.013183518017474624	detected
PAG1	L3	Y40105L3	True	1947	1651	58027	7	7	141.0	0.028452272218105364	0.033553345856239335	detected
PAK1	L3	Y40105L3	True	765	685	58027	7	7	141.0	0.011804849466627604	0.013183518017474624	detected
PAPSS2	L3	Y40105L3	True	1476	1313	58027	7	7	141.0	0.022627397590776706	0.02543643476312751	detected
PARP8	L3	Y40105L3	True	2176	1890	58027	7	7	141.0	0.03257104451376083	0.03749978458303893	detected
PAX5	L3	Y40105L3	True	528	482	58027	7	7	141.0	0.008306478018853293	0.009099212435590328	detected
PBX4	L3	Y40105L3	True	336	299	58027	7	7	141.0	0.0051527737087907356	0.005790407913557482	detected
PDE3B	L3	Y40105L3	True	2724	2388	58027	7	7	141.0	0.04115325624278353	0.04694366415634101	detected
PDE4B	L3	Y40105L3	True	1237	1106	58027	7	7	141.0	0.019060092715460046	0.021317662467472038	detected
PDE4C	L3	Y40105L3	True	2	2	58027	7	2	141.0	3.4466713771175484e-05	3.4466713771175484e-05	detected
PDK1	L3	Y40105L3	True	344	319	58027	7	7	141.0	0.005497440846502491	0.005928274768642184	detected
PELI1	L3	Y40105L3	True	841	770	58027	7	7	141.0	0.013269684801902562	0.014493253140779292	detected
PFKFB3	L3	Y40105L3	True	866	782	58027	7	7	141.0	0.013476485084529616	0.014924087062918987	detected
PFN1	L3	Y40105L3	True	950	806	58027	7	7	141.0	0.013890085649783722	0.016371689041308358	detected
PHF20	L3	Y40105L3	True	1544	1377	58027	7	7	141.0	0.023730332431454323	0.026608303031347477	detected
PICALM	L3	Y40105L3	True	3119	2702	58027	7	7	141.0	0.04656453030485808	0.05375084012614817	detected
PIM2	L3	Y40105L3	True	228	204	58027	7	7	141.0	0.0035156048046598998	0.0039292053699140055	detected
PIP4K2A	L3	Y40105L3	True	1756	1558	58027	7	7	141.0	0.026849570027745705	0.030261774691092078	detected
PITPNC1	L3	Y40105L3	True	2579	2237	58027	7	7	141.0	0.03855101935305978	0.04444482740793079	detected
PKIB	L3	Y40105L3	True	365	339	58027	7	7	141.0	0.005842107984214245	0.006290175263239527	detected
PLA2G7	L3	Y40105L3	True	111	108	58027	7	7	141.0	0.0018612025436434763	0.0019129026143002395	detected
PLAC8	L3	Y40105L3	True	200	180	58027	7	7	141.0	0.003102004239405794	0.0034466713771175487	detected
PLAUR	L3	Y40105L3	True	352	321	58027	7	7	141.0	0.005531907560273666	0.006066141623726886	detected
PLCG2	L3	Y40105L3	True	1349	1200	58027	7	7	141.0	0.02068002826270529	0.023247798438657867	detected
PLD3	L3	Y40105L3	True	1063	947	58027	7	7	141.0	0.016319988970651594	0.018319058369379772	detected
PLD4	L3	Y40105L3	True	6	6	58027	7	3	141.0	0.00010340014131352647	0.00010340014131352647	detected
PLEK2	L3	Y40105L3	True	35	33	58027	7	6	141.0	0.0005687007772243955	0.0006031674909955711	detected
PLEKHG1	L3	Y40105L3	True	2853	2469	58027	7	7	141.0	0.04254915815051614	0.04916676719458183	detected
PLTP	L3	Y40105L3	True	168	160	58027	7	7	141.0	0.002757337101694039	0.002895203956778741	detected
PLXDC2	L3	Y40105L3	True	10023	7588	58027	7	7	141.0	0.1307667120478398	0.17272993606424594	detected
POLB	L3	Y40105L3	True	282	259	58027	7	7	141.0	0.004463439433367225	0.004859806641735744	detected
POU2AF1	L3	Y40105L3	True	519	460	58027	7	7	141.0	0.007927344167370362	0.00894411222362004	detected
PPARG	L3	Y40105L3	True	1696	1510	58027	7	7	141.0	0.026022368897237493	0.029227773277956812	detected
PPP1R16B	L3	Y40105L3	True	897	803	58027	7	7	141.0	0.013838385579126958	0.015458321126372207	detected
PPP2R5C	L3	Y40105L3	True	1894	1663	58027	7	7	141.0	0.028659072500732418	0.03263997794130319	detected
PRDM1	L3	Y40105L3	True	184	167	58027	7	7	141.0	0.002877970599893153	0.0031709376669481447	detected
PRDM2	L3	Y40105L3	True	1533	1354	58027	7	7	141.0	0.023333965223085805	0.026418736105606012	detected
PRDX4	L3	Y40105L3	True	174	158	58027	7	7	141.0	0.0027228703879228636	0.0029986040980922676	detected
PRF1	L3	Y40105L3	True	17	14	58027	7	5	141.0	0.0002412669963982284	0.00029296706705499165	detected
PRKCA	L3	Y40105L3	True	2744	2356	58027	7	7	141.0	0.04060178882244472	0.04728833129405277	detected
PRKCB	L3	Y40105L3	True	2126	1850	58027	7	7	141.0	0.03188171023833732	0.036638116738759545	detected
PRKCH	L3	Y40105L3	True	4711	3929	58027	7	7	141.0	0.06770985920347425	0.08118634428800386	detected
PRKX	L3	Y40105L3	True	698	619	58027	7	7	141.0	0.010667447912178813	0.012028883106140245	detected
PRPSAP2	L3	Y40105L3	True	551	509	58027	7	7	141.0	0.008771778654764162	0.009495579643958847	detected
PSAP	L3	Y40105L3	True	2646	2313	58027	7	7	141.0	0.03986075447636445	0.04559946231926517	detected
PTCD1	L3	Y40105L3	True	179	165	58027	7	7	141.0	0.0028435038861219777	0.003084770882520206	detected
PTGS1	L3	Y40105L3	True	121	104	58027	7	7	141.0	0.0017922691161011254	0.002085236183156117	detected
PTPN1	L3	Y40105L3	True	1156	1039	58027	7	7	141.0	0.017905457804125665	0.019921760559739432	detected
PTPN2	L3	Y40105L3	True	938	850	58027	7	7	141.0	0.014648353352749582	0.016164888758681304	detected
PTPN22	L3	Y40105L3	True	416	383	58027	7	7	141.0	0.006600375687180106	0.007169076464404502	detected
PTPRC	L3	Y40105L3	True	1565	1329	58027	7	7	141.0	0.022903131300946112	0.026970203525944817	detected
PTPRE	L3	Y40105L3	True	1847	1612	58027	7	7	141.0	0.027780171299567443	0.03183001016768056	detected
PTPRS	L3	Y40105L3	True	1157	1046	58027	7	7	141.0	0.01802609130232478	0.01993899391662502	detected
PYHIN1	L3	Y40105L3	True	334	303	58027	7	7	141.0	0.005221707136333086	0.005755941199786306	detected
RAB31	L3	Y40105L3	True	1431	1271	58027	7	7	141.0	0.02190359660158202	0.024660933703276062	detected
RABGAP1L	L3	Y40105L3	True	7149	5665	58027	7	7	141.0	0.09762696675685457	0.12320126837506679	detected
RAC2	L3	Y40105L3	True	195	178	58027	7	7	141.0	0.0030675375256346183	0.00336050459268961	detected
RALA	L3	Y40105L3	True	1157	1011	58027	7	7	141.0	0.01742292381132921	0.01993899391662502	detected
RALGPS2	L3	Y40105L3	True	1415	1239	58027	7	7	141.0	0.021352129181243216	0.024385199993106656	detected
RAPGEF2	L3	Y40105L3	True	2596	2264	58027	7	7	141.0	0.03901631998897065	0.044737794474985784	detected
RAPGEF5	L3	Y40105L3	True	2093	1819	58027	7	7	141.0	0.031347476174884106	0.03606941596153515	detected
RBM47	L3	Y40105L3	True	3781	3166	58027	7	7	141.0	0.054560807899770795	0.06515932238440726	detected
RBM6	L3	Y40105L3	True	4828	3981	58027	7	7	141.0	0.0686059937615248	0.08320264704361763	detected
RBPJ	L3	Y40105L3	True	4675	3911	58027	7	7	141.0	0.06739965877953366	0.0805659434401227	detected
REL	L3	Y40105L3	True	735	653	58027	7	7	141.0	0.011253382046288797	0.012666517310906992	detected
RELB	L3	Y40105L3	True	423	391	58027	7	7	141.0	0.006738242542264808	0.007289709962603616	detected
RFTN1	L3	Y40105L3	True	2151	1886	58027	7	7	141.0	0.032502111086218484	0.037068950660899234	detected
RGS1	L3	Y40105L3	True	41	33	58027	7	7	141.0	0.0005687007772243955	0.0007065676323090975	detected
RGS10	L3	Y40105L3	True	220	199	58027	7	7	141.0	0.003429438020231961	0.0037913385148293038	detected
RGS13	L3	Y40105L3	True	448	416	58027	7	7	141.0	0.007169076464404502	0.007720543884743309	detected
RGS2	L3	Y40105L3	True	79	77	58027	7	7	141.0	0.0013269684801902562	0.0013614351939614318	detected
RHOH	L3	Y40105L3	True	458	410	58027	7	7	141.0	0.007065676323090975	0.007892877453599187	detected
RILPL2	L3	Y40105L3	True	468	434	58027	7	7	141.0	0.007479276888345081	0.008065211022455065	detected
RIN3	L3	Y40105L3	True	1068	948	58027	7	7	141.0	0.01633722232753718	0.01840522515380771	detected
RNASE1	L3	Y40105L3	True	912	774	58027	7	7	141.0	0.013338618229444913	0.015716821479656022	detected
RNASE2	L3	Y40105L3	False	0	0	58027	7	0	141.0	0.0	0.0	unavailable
RNASE6	L3	Y40105L3	True	17	17	58027	7	4	141.0	0.00029296706705499165	0.00029296706705499165	detected
RNF125	L3	Y40105L3	True	553	516	58027	7	7	141.0	0.008892412152963276	0.009530046357730023	detected
RNF130	L3	Y40105L3	True	1708	1499	58027	7	7	141.0	0.02583280197149603	0.029434573560583866	detected
RNF144B	L3	Y40105L3	True	1082	958	58027	7	7	141.0	0.01650955589639306	0.01864649215020594	detected
RNF149	L3	Y40105L3	True	1352	1181	58027	7	7	141.0	0.020352594481879125	0.02329949850931463	detected
RNF19A	L3	Y40105L3	True	1852	1627	58027	7	7	141.0	0.02803867165285126	0.0319161769521085	detected
RORA-AS1	L3	Y40105L3	True	278	252	58027	7	7	141.0	0.004342805935168111	0.004790873214193392	detected
RP11-138A9.2	L3	Y40105L3	False	0	0	58027	7	0	141.0	0.0	0.0	unavailable
RP11-20I23.1	L3	Y40105L3	False	0	0	58027	7	0	141.0	0.0	0.0	unavailable
RP11-277P12.6	L3	Y40105L3	False	0	0	58027	7	0	141.0	0.0	0.0	unavailable
RP11-295K3.1	L3	Y40105L3	False	0	0	58027	7	0	141.0	0.0	0.0	unavailable
RP11-354E11.2	L3	Y40105L3	False	0	0	58027	7	0	141.0	0.0	0.0	unavailable
RPL17-C18orf32	L3	Y40105L3	True	2132	1852	58027	7	7	141.0	0.0319161769521085	0.03674151688007307	detected
RPS27	L3	Y40105L3	True	4417	3633	58027	7	7	141.0	0.06260878556534027	0.07611973736364107	detected
RPS29	L3	Y40105L3	True	4876	4189	58027	7	7	141.0	0.07219053199372706	0.08402984817412584	detected
RUBCN	L3	Y40105L3	True	432	390	58027	7	7	141.0	0.00672100918537922	0.007444810174573905	detected
RUNX2	L3	Y40105L3	True	1231	1111	58027	7	7	141.0	0.019146259499887984	0.02121426232615851	detected
RUNX3	L3	Y40105L3	True	212	194	58027	7	7	141.0	0.0033432712358040222	0.0036534716597446015	detected
S100A10	L3	Y40105L3	True	1943	1726	58027	7	7	141.0	0.029744773984524447	0.033484412428696986	detected
S100A11	L3	Y40105L3	True	501	438	58027	7	7	141.0	0.007548210315887431	0.008633911799679459	detected
S100A12	L3	Y40105L3	True	11	11	58027	7	4	141.0	0.00018956692574146518	0.00018956692574146518	detected
S100A4	L3	Y40105L3	True	391	340	58027	7	7	141.0	0.005859341341099833	0.006738242542264808	detected
S100A8	L3	Y40105L3	True	50	45	58027	7	7	141.0	0.0007755010598514485	0.0008616678442793872	detected
S100A9	L3	Y40105L3	True	51	49	58027	7	7	141.0	0.0008444344873937994	0.0008789012011649749	detected
S100B	L3	Y40105L3	True	9	9	58027	7	4	141.0	0.00015510021197028968	0.00015510021197028968	detected
SAMD12	L3	Y40105L3	True	4756	3974	58027	7	7	141.0	0.06848536026332569	0.0819618453478553	detected
SAMSN1	L3	Y40105L3	True	364	324	58027	7	7	141.0	0.0055836076309304285	0.006272941906353939	detected
SARAF	L3	Y40105L3	True	884	783	58027	7	7	141.0	0.013493718441415203	0.015234287486859566	detected
SAT1	L3	Y40105L3	True	5392	4420	58027	7	7	141.0	0.07617143743429783	0.09292226032708911	detected
SCHLAP1	L3	Y40105L3	True	187	183	58027	7	7	141.0	0.003153704310062557	0.003222637737604908	detected
SDC1	L3	Y40105L3	True	615	549	58027	7	7	141.0	0.00946111293018767	0.010598514484636463	detected
SDC2	L3	Y40105L3	True	1100	1023	58027	7	7	141.0	0.017629724093956262	0.01895669257414652	detected
SDCBP	L3	Y40105L3	True	1005	918	58027	7	7	141.0	0.01582022162096955	0.01731952367001568	detected
SDF2L1	L3	Y40105L3	True	274	237	58027	7	7	141.0	0.004084305581884295	0.004721939786651042	detected
SEC11C	L3	Y40105L3	True	662	602	58027	7	7	141.0	0.010374480845123822	0.011408482258259087	detected
SEC14L1	L3	Y40105L3	True	1393	1208	58027	7	7	141.0	0.020817895117789996	0.024006066141623726	detected
SEC61B	L3	Y40105L3	True	1235	1102	58027	7	7	141.0	0.018991159287917694	0.021283195753700863	detected
SEL1L3	L3	Y40105L3	True	1753	1547	58027	7	7	141.0	0.02666000310200424	0.030210074620435314	detected
SELL	L3	Y40105L3	True	158	145	58027	7	7	141.0	0.0024988367484102226	0.0027228703879228636	detected
SEPT6	L3	Y40105L3	True	929	834	58027	7	7	141.0	0.014372619642580178	0.016009788546711014	detected
SERPINA1	L3	Y40105L3	True	860	735	58027	7	7	141.0	0.012666517310906992	0.01482068692160546	detected
SERPINB9	L3	Y40105L3	True	173	155	58027	7	7	141.0	0.0026711703172661	0.0029813707412066795	detected
SFMBT1	L3	Y40105L3	True	820	740	58027	7	7	141.0	0.01275268409533493	0.01413135264618195	detected
SGK1	L3	Y40105L3	True	813	736	58027	7	7	141.0	0.012683750667792579	0.014010719147982836	detected
SH3BGRL3	L3	Y40105L3	True	305	276	58027	7	7	141.0	0.004756406500422217	0.0052561738501042616	detected
SH3KBP1	L3	Y40105L3	True	2051	1818	58027	7	7	141.0	0.03133024281799852	0.03534561497234046	detected
SIK3	L3	Y40105L3	True	3650	3067	58027	7	7	141.0	0.05285470556809761	0.06290175263239527	detected
SIPA1L1	L3	Y40105L3	True	2668	2276	58027	7	7	141.0	0.0392231202715977	0.0459785961707481	detected
SIPA1L3	L3	Y40105L3	True	2836	2399	58027	7	7	141.0	0.041342823168525	0.04887380012752684	detected
SKAP1	L3	Y40105L3	True	2115	1838	58027	7	7	141.0	0.031674909955710276	0.03644854981301808	detected
SLA2	L3	Y40105L3	True	162	151	58027	7	7	141.0	0.0026022368897237495	0.0027918038154652143	detected
SLAMF7	L3	Y40105L3	True	186	172	58027	7	7	141.0	0.002964137384321092	0.0032054043807193205	detected
SLC11A1	L3	Y40105L3	True	451	420	58027	7	7	141.0	0.007238009891946852	0.007772243955400072	detected
SLC15A4	L3	Y40105L3	True	195	172	58027	7	7	141.0	0.002964137384321092	0.00336050459268961	detected
SLC16A10	L3	Y40105L3	True	806	725	58027	7	7	141.0	0.012494183742051114	0.013890085649783722	detected
SLC18A2	L3	Y40105L3	True	46	42	58027	7	6	141.0	0.0007238009891946853	0.0007927344167370362	detected
SLC1A3	L3	Y40105L3	True	359	334	58027	7	7	141.0	0.005755941199786306	0.006186775121926	detected
SLC22A23	L3	Y40105L3	True	1163	1026	58027	7	7	141.0	0.017681424164613026	0.020042394057938544	detected
SLC24A3	L3	Y40105L3	True	1940	1725	58027	7	7	141.0	0.029727540627638858	0.033432712358040226	detected
SLC25A37	L3	Y40105L3	True	851	760	58027	7	7	141.0	0.013097351233046685	0.01466558670963517	detected
SLC26A2	L3	Y40105L3	True	288	265	58027	7	7	141.0	0.004566839574680752	0.00496320678304927	detected
SLC2A3	L3	Y40105L3	True	158	145	58027	7	7	141.0	0.0024988367484102226	0.0027228703879228636	detected
SLC38A1	L3	Y40105L3	True	820	732	58027	7	7	141.0	0.012614817240250228	0.01413135264618195	detected
SLC41A2	L3	Y40105L3	True	685	609	58027	7	7	141.0	0.010495114343322936	0.011804849466627604	detected
SLC7A5	L3	Y40105L3	True	147	134	58027	7	7	141.0	0.002309269822668758	0.0025333034621813984	detected
SLC8A1	L3	Y40105L3	True	2821	2410	58027	7	7	141.0	0.041532390094266465	0.048615299774243025	detected
SLCO2B1	L3	Y40105L3	True	1310	1192	58027	7	7	141.0	0.02054216140762059	0.022575697520119946	detected
SLFN12L	L3	Y40105L3	True	297	269	58027	7	7	141.0	0.004635773002223103	0.00511830699501956	detected
SMAP2	L3	Y40105L3	True	786	709	58027	7	7	141.0	0.01221845003188171	0.013545418512071966	detected
SMCHD1	L3	Y40105L3	True	2093	1837	58027	7	7	141.0	0.03165767659882469	0.03606941596153515	detected
SMYD3	L3	Y40105L3	True	8048	6266	58027	7	7	141.0	0.1079842142450928	0.13869405621521017	detected
SNTB1	L3	Y40105L3	True	2276	1979	58027	7	7	141.0	0.03410481327657815	0.0392231202715977	detected
SNX10	L3	Y40105L3	True	343	317	58027	7	7	141.0	0.0054629741327313144	0.005911041411756596	detected
SNX29	L3	Y40105L3	True	2709	2379	58027	7	7	141.0	0.04099815603081324	0.0466851638030572	detected
SNX9	L3	Y40105L3	True	1055	936	58027	7	7	141.0	0.01613042204491013	0.01818119151429507	detected
SOCS1	L3	Y40105L3	True	9	9	58027	7	3	141.0	0.00015510021197028968	0.00015510021197028968	detected
SOD2	L3	Y40105L3	True	1277	1149	58027	7	7	141.0	0.019801127061540316	0.022006996742895548	detected
SPCS2	L3	Y40105L3	True	821	737	58027	7	7	141.0	0.012700984024678168	0.014148586003067537	detected
SPECC1	L3	Y40105L3	True	907	836	58027	7	7	141.0	0.014407086356351354	0.015630654695228084	detected
SPI1	L3	Y40105L3	True	236	210	58027	7	7	141.0	0.003619004945973426	0.004067072224998708	detected
SPOCK2	L3	Y40105L3	True	541	489	58027	7	7	141.0	0.008427111517052407	0.00932324607510297	detected
SPON2	L3	Y40105L3	True	344	315	58027	7	7	141.0	0.005428507418960139	0.005928274768642184	detected
SPP1	L3	Y40105L3	True	77	64	58027	7	6	141.0	0.0011029348406776155	0.0013269684801902562	detected
SRGN	L3	Y40105L3	True	457	403	58027	7	7	141.0	0.006945042824891861	0.007875644096713598	detected
SSH2	L3	Y40105L3	True	5912	4726	58027	7	7	141.0	0.08144484464128768	0.10188360590759474	detected
SSR4	L3	Y40105L3	True	302	279	58027	7	7	141.0	0.0048081065710789805	0.005204473779447499	detected
ST6GAL1	L3	Y40105L3	True	4584	3770	58027	7	7	141.0	0.06496975545866579	0.07899770796353421	detected
STAM	L3	Y40105L3	True	416	377	58027	7	7	141.0	0.00649697554586658	0.007169076464404502	detected
STAP1	L3	Y40105L3	True	223	204	58027	7	7	141.0	0.0035156048046598998	0.0038430385854860668	detected
STAT4	L3	Y40105L3	True	426	390	58027	7	7	141.0	0.00672100918537922	0.007341410033260378	detected
STK17B	L3	Y40105L3	True	856	750	58027	7	7	141.0	0.012925017664190807	0.01475175349406311	detected
STK4	L3	Y40105L3	True	1038	938	58027	7	7	141.0	0.016164888758681304	0.01788822444724008	detected
STRADA	L3	Y40105L3	True	515	470	58027	7	7	141.0	0.00809967773622624	0.008875178796077687	detected
STXBP6	L3	Y40105L3	True	984	871	58027	7	7	141.0	0.015010253847346925	0.01695762317541834	detected
SVIL	L3	Y40105L3	True	2586	2209	58027	7	7	141.0	0.038068485360263325	0.04456546090612991	detected
SYNE2	L3	Y40105L3	True	3883	3266	58027	7	7	141.0	0.05628414358832957	0.06691712478673721	detected
SYTL3	L3	Y40105L3	True	586	543	58027	7	7	141.0	0.009357712788874145	0.010098747134954417	detected
TANC2	L3	Y40105L3	True	3896	3282	58027	7	7	141.0	0.05655987729849898	0.06714115842624985	detected
TBC1D8	L3	Y40105L3	True	1215	1101	58027	7	7	141.0	0.018973925931032105	0.02093852861598911	detected
TBXAS1	L3	Y40105L3	True	1956	1702	58027	7	7	141.0	0.02933117341927034	0.03370844606820963	detected
TCF4	L3	Y40105L3	True	6335	5169	58027	7	7	141.0	0.08907922174160304	0.10917331587019835	detected
TCF7L2	L3	Y40105L3	True	3010	2589	58027	7	7	141.0	0.04461716097678667	0.05187240422561911	detected
TCL1A	L3	Y40105L3	False	0	0	58027	7	0	141.0	0.0	0.0	unavailable
TET2	L3	Y40105L3	True	1443	1267	58027	7	7	141.0	0.021834663174039672	0.024867733985903116	detected
TFRC	L3	Y40105L3	True	481	434	58027	7	7	141.0	0.007479276888345081	0.008289244661967704	detected
TGFBI	L3	Y40105L3	True	478	435	58027	7	7	141.0	0.007496510245230669	0.00823754459131094	detected
THBS1	L3	Y40105L3	True	691	601	58027	7	7	141.0	0.010357247488238235	0.01190824960794113	detected
THEMIS	L3	Y40105L3	True	1803	1659	58027	7	7	141.0	0.028590139073190066	0.0310717424647147	detected
TIGIT	L3	Y40105L3	True	176	157	58027	7	7	141.0	0.002705637031037276	0.003033070811863443	detected
TIMP1	L3	Y40105L3	True	253	227	58027	7	7	141.0	0.003911972013028417	0.004360039292053699	detected
TMEM2	L3	Y40105L3	False	0	0	58027	7	0	141.0	0.0	0.0	unavailable
TMSB4X	L3	Y40105L3	True	14776	10779	58027	7	7	141.0	0.1857583538697503	0.2546400813414445	detected
TNFAIP3	L3	Y40105L3	True	182	170	58027	7	7	141.0	0.0029296706705499165	0.0031364709531769694	detected
TNFRSF13C	L3	Y40105L3	True	72	65	58027	7	7	141.0	0.0011201681975632034	0.0012408016957623175	detected
TNFRSF18	L3	Y40105L3	True	43	40	58027	7	6	141.0	0.0006893342754235097	0.000741034346080273	detected
TNFRSF1B	L3	Y40105L3	True	511	463	58027	7	7	141.0	0.007979044238027125	0.008806245368535337	detected
TNIK	L3	Y40105L3	True	2316	2050	58027	7	7	141.0	0.035328381615454874	0.03991245454702121	detected
TNRC6B	L3	Y40105L3	True	6117	4960	58027	7	7	141.0	0.0854774501525152	0.10541644406914023	detected
TNS3	L3	Y40105L3	True	2760	2373	58027	7	7	141.0	0.040894755889499715	0.047564065004222174	detected
TOB1	L3	Y40105L3	True	779	708	58027	7	7	141.0	0.012201216674996122	0.013424785013872852	detected
TOX	L3	Y40105L3	True	2389	2084	58027	7	7	141.0	0.03591431574956486	0.04117048959966912	detected
TPD52	L3	Y40105L3	True	1144	1037	58027	7	7	141.0	0.01787099109035449	0.01971496027711238	detected
TPSAB1	L3	Y40105L3	True	4	4	58027	7	2	141.0	6.893342754235097e-05	6.893342754235097e-05	detected
TPSB2	L3	Y40105L3	True	16	12	58027	7	6	141.0	0.00020680028262705293	0.00027573371016940387	detected
TRAC	L3	Y40105L3	True	215	194	58027	7	7	141.0	0.0033432712358040222	0.003705171730401365	detected
TRAF1	L3	Y40105L3	True	339	307	58027	7	7	141.0	0.005290640563875437	0.005842107984214245	detected
TRBC1	L3	Y40105L3	True	109	100	58027	7	7	141.0	0.0017233356885587743	0.001878435900529064	detected
TRBC2	L3	Y40105L3	True	241	210	58027	7	7	141.0	0.003619004945973426	0.0041532390094266465	detected
TREM1	L3	Y40105L3	True	128	124	58027	7	7	141.0	0.0021369362538128803	0.002205869681355231	detected
TREM2	L3	Y40105L3	True	18	15	58027	7	5	141.0	0.00025850035328381615	0.00031020042394057937	detected
TRERF1	L3	Y40105L3	True	1249	1104	58027	7	7	141.0	0.019025626001688868	0.02152446275009909	detected
TSPAN13	L3	Y40105L3	True	766	677	58027	7	7	141.0	0.011666982611542902	0.013200751374360211	detected
TSPO	L3	Y40105L3	True	81	77	58027	7	7	141.0	0.0013269684801902562	0.0013959019077326071	detected
TXK	L3	Y40105L3	True	468	413	58027	7	7	141.0	0.007117376393747738	0.008065211022455065	detected
TXN	L3	Y40105L3	True	272	237	58027	7	7	141.0	0.004084305581884295	0.004687473072879866	detected
TXNDC5	L3	Y40105L3	True	773	686	58027	7	7	141.0	0.011822082823513193	0.013321384872559325	detected
TYROBP	L3	Y40105L3	True	286	258	58027	7	7	141.0	0.004446206076481638	0.004928740069278095	detected
UBE2E2	L3	Y40105L3	True	4781	3948	58027	7	7	141.0	0.06803729298430042	0.08239267926999501	detected
UBE2J1	L3	Y40105L3	True	702	636	58027	7	7	141.0	0.010960414979233805	0.012097816533682595	detected
USP34	L3	Y40105L3	True	3642	3144	58027	7	7	141.0	0.054181674048287866	0.06276388577731057	detected
USP48	L3	Y40105L3	True	1401	1225	58027	7	7	141.0	0.021110862184844988	0.024143932996708427	detected
UVRAG	L3	Y40105L3	True	2915	2498	58027	7	7	141.0	0.04304892550019818	0.05023523532148827	detected
VCAN	L3	Y40105L3	True	1485	1307	58027	7	7	141.0	0.022523997449463182	0.0255915349750978	detected
VDR	L3	Y40105L3	True	793	728	58027	7	7	141.0	0.012545883812707877	0.01366605201027108	detected
VIM	L3	Y40105L3	True	2101	1806	58027	7	7	141.0	0.031123442535371464	0.03620728281661985	detected
VIMP	L3	Y40105L3	False	0	0	58027	7	0	141.0	0.0	0.0	unavailable
VMP1	L3	Y40105L3	True	2282	1941	58027	7	7	141.0	0.03344994571492581	0.03932652041291123	detected
VOPP1	L3	Y40105L3	True	1442	1271	58027	7	7	141.0	0.02190359660158202	0.024850500629017527	detected
VPREB3	L3	Y40105L3	False	0	0	58027	7	0	141.0	0.0	0.0	unavailable
VSIG4	L3	Y40105L3	True	212	192	58027	7	7	141.0	0.003308804522032847	0.0036534716597446015	detected
VWA5A	L3	Y40105L3	True	175	151	58027	7	7	141.0	0.0026022368897237495	0.0030158374549778552	detected
WARS	L3	Y40105L3	True	507	465	58027	7	7	141.0	0.008013510951798301	0.008737311940992986	detected
WDFY4	L3	Y40105L3	True	1096	1003	58027	7	7	141.0	0.017285056956244507	0.018887759146604167	detected
XBP1	L3	Y40105L3	True	1325	1164	58027	7	7	141.0	0.020059627414824133	0.02283419787340376	detected
XCL1	L3	Y40105L3	True	4	4	58027	7	2	141.0	6.893342754235097e-05	6.893342754235097e-05	detected
XCL2	L3	Y40105L3	False	0	0	58027	7	0	141.0	0.0	0.0	unavailable
XXbac-BPG181M17.5	L3	Y40105L3	False	0	0	58027	7	0	141.0	0.0	0.0	unavailable
XYLT1	L3	Y40105L3	True	1093	995	58027	7	7	141.0	0.017147190101159806	0.018836059075947403	detected
YBX1	L3	Y40105L3	True	1906	1704	58027	7	7	141.0	0.029365640133041514	0.03284677822393024	detected
YES1	L3	Y40105L3	True	904	811	58027	7	7	141.0	0.01397625243421166	0.01557895462457132	detected
YWHAH	L3	Y40105L3	True	814	761	58027	7	7	141.0	0.013114584589932273	0.014027952504868423	detected
ZBTB46	L3	Y40105L3	True	920	848	58027	7	7	141.0	0.014613886638978406	0.015854688334740723	detected
ZC3HAV1	L3	Y40105L3	True	1291	1116	58027	7	7	141.0	0.019232426284315922	0.022248263739293776	detected
ZCCHC7	L3	Y40105L3	True	4269	3589	58027	7	7	141.0	0.06185051786237441	0.07356920054457408	detected
ZEB1	L3	Y40105L3	True	4033	3420	58027	7	7	141.0	0.05893808054871008	0.06950212831957538	detected
ZEB2	L3	Y40105L3	True	6188	4931	58027	7	7	141.0	0.08497768280283316	0.10664001240801696	detected
ZFAT	L3	Y40105L3	True	423	385	58027	7	7	141.0	0.006634842400951281	0.007289709962603616	detected
ZFP36L2	L3	Y40105L3	True	1240	1141	58027	7	7	141.0	0.019663260206455615	0.0213693625381288	detected
ZNF331	L3	Y40105L3	True	362	334	58027	7	7	141.0	0.005755941199786306	0.006238475192582763	detected
